84|Child_Cross|33: 4005 1130 471 210 97 36 13 4 1 
164|Survivor|1: 2421 874 390 177 80 43 14 4 1 
222|Survivor|1: 3192 1257 367 184 97 40 13 5 1 
233|Child_Avg|3: 2311 682 292 141 75 29 11 5 1 
359|Survivor|1: 2349 700 305 149 79 28 13 4 1 
362|Child_Avg|39: 2783 793 325 158 77 28 11 4 1 
404|Survivor|1: 2575 1084 377 139 79 32 11 4 1 
621|Survivor|1: 2296 812 331 161 89 35 12 5 1 
685|Child_Cross|53: 2678 908 324 156 89 31 14 4 1 
735|Child_Cross|38: 3565 1364 562 263 129 61 35 12 5 1 
751|Child_Cross|21: 2116 815 375 146 67 31 11 4 1 
782|Survivor|1: 1951 800 293 179 73 30 12 5 1 
825|Child_Cross|42|Mutated: 3119 1104 396 169 88 41 13 4 1 
837|Survivor|1: 3119 1186 396 193 88 41 13 4 1 
847|Survivor|1: 2857 1201 398 229 107 36 13 4 1 
882|Child_Avg|19: 2941 1049 439 218 74 28 13 4 1 
883|Survivor|1|Mutated: 2692 1049 439 218 74 28 13 4 1 
993|Child_Levy|12: 2875 935 394 181 73 30 11 5 1 
1003|Survivor|1|Mutated: 2875 789 394 181 73 30 11 5 1 
1026|Survivor|1: 2425 832 334 131 65 28 12 5 1 
1032|Survivor|1: 3098 906 421 176 90 31 11 4 1 
1090|Survivor|1: 3704 961 379 169 74 36 11 4 1 
1097|Survivor|1|Mutated: 3704 961 379 192 74 29 11 5 1 
1102|Child_Avg|43: 3108 834 335 170 72 30 11 5 1 
1121|Child_Cross|1: 2909 923 302 133 69 30 11 4 1 
1123|Child_Cross|5: 3006 916 338 146 77 35 12 5 1 
1131|Survivor|1: 2646 916 338 146 77 35 12 5 1 
1137|Child_Levy|16: 3883 1013 542 214 90 35 13 5 1 
1292|Survivor|1|Mutated: 4316 1680 533 290 125 63 27 11 4 1 
1415|Survivor|1|Mutated: 3521 1037 451 173 82 33 12 5 1 
1476|Survivor|1: 3923 1189 391 176 74 36 11 5 1 
1536|Child_Cross|61: 3114 862 302 161 78 35 11 5 1 
1610|Survivor|1: 2904 1079 305 204 74 33 12 5 1 
1691|Child_Levy|16: 2725 1155 367 161 87 28 12 5 1 
1731|Survivor|1: 3511 1093 462 210 78 35 13 6 1 
1734|Child_Levy|24: 1838 714 308 155 75 32 13 4 1 
1779|Survivor|1|Mutated: 2643 1196 411 150 98 31 14 5 1 
1819|Child_Cross|45: 3667 993 437 195 81 29 11 5 1 
1833|Child_Levy|52: 2603 728 355 153 79 29 11 5 1 
1939|Child_Cross|9: 2385 918 335 139 84 35 12 5 1 
1999|Child_Cross|34: 7188 1911 726 289 132 76 30 11 5 1 
2175|Child_Avg|63: 2284 848 356 151 77 28 11 4 1 
2288|Child_Cross|14: 3642 1155 362 143 88 40 14 5 1 
2305|Child_Avg|11: 2045 751 316 138 76 35 12 5 1 
2317|Child_Cross|14: 1839 733 302 143 69 35 11 4 1 
2431|Child_Cross|29: 2187 827 361 159 76 28 13 4 1 
2476|Child_Cross|62: 2043 726 307 128 78 30 11 5 1 
2631|Survivor|1|Mutated: 2154 820 364 158 87 35 14 5 1 
2644|Survivor|1|Mutated: 2154 820 364 158 87 35 12 5 1 
2681|Child_Cross|29: 2219 683 304 131 87 35 12 5 1 
2777|Child_Levy|52: 2321 862 339 141 61 32 11 4 1 
2783|Survivor|1: 2393 927 339 141 61 32 11 4 1 
2857|Child_Cross|45: 2929 956 401 168 87 37 14 4 1 
2879|Survivor|1: 2461 848 334 151 80 36 13 4 1 
2928|Child_Levy|64: 2697 746 279 127 62 23 12 5 1 
2942|Child_Avg|43: 4282 1152 455 187 76 31 11 4 1 
3023|Child_Cross|13: 2181 820 351 137 75 40 14 5 1 
3092|Child_Cross|22: 9819 3897 1066 425 176 87 36 14 5 1 
3094|Child_Cross|26: 2834 938 398 165 87 36 14 5 1 
3119|Survivor|1|Mutated: 2773 1003 362 142 89 35 11 5 1 
3148|Child_Levy|4|Mutated: 7399 1723 715 276 110 63 29 10 4 1 
3174|Child_Cross|46: 5531 1405 569 225 92 31 14 5 1 
3187|Child_Avg|59: 3190 852 360 170 77 28 15 4 1 
3255|Child_Levy|52|Mutated: 2097 820 314 137 68 25 11 5 1 
3276|Child_Cross|17: 4153 1137 437 184 85 45 13 5 1 
3315|Child_Avg|31|Mutated: 2405 779 390 166 79 32 11 4 1 
3325|Survivor|1: 1931 779 390 166 79 32 11 4 1 
3391|Child_Avg|51: 2151 877 312 146 76 27 10 4 1 
3485|Child_Levy|32: 2267 704 290 127 73 25 11 5 1 
3610|Child_Levy|52: 2677 852 380 193 91 35 13 5 1 
3616|Child_Levy|36: 2031 826 332 153 74 28 12 5 1 
3699|Survivor|1|Mutated: 2612 1062 374 159 89 40 11 5 1 
3818|Survivor|1: 2438 846 351 139 81 32 13 5 1 
3939|Child_Avg|43: 2906 1054 390 185 72 35 14 6 1 
4020|Child_Levy|16: 2875 972 374 149 61 28 12 5 1 
4212|Child_Cross|10: 2121 822 335 143 73 36 11 5 1 
4322|Child_Levy|44: 2591 1003 442 166 89 36 13 4 1 
4326|Survivor|1|Mutated: 2936 1003 442 196 89 36 13 4 1 
4328|Child_Levy|40: 1967 733 326 173 87 32 13 5 1 
4332|Child_Cross|54: 1967 733 326 173 85 32 13 5 1 
4377|Child_Levy|8: 3735 1373 610 225 85 31 14 5 1 
4396|Child_Avg|35: 2423 934 406 169 83 30 12 5 1 
4422|Survivor|1: 7489 1956 861 363 118 66 24 11 4 1 
4518|Child_Avg|3: 2742 847 359 157 61 31 11 4 1 
4561|Child_Levy|20|Mutated: 7023 2379 704 373 167 75 27 13 5 1 
4674|Child_Levy|52: 3109 1057 385 185 81 30 11 5 1 
4682|Survivor|1|Mutated: 3515 1057 385 185 81 30 11 5 1 
4818|Child_Avg|47: 2603 794 385 156 65 27 10 4 1 
4877|Survivor|1: 2279 998 409 156 74 36 11 6 1 
4981|Survivor|1: 2165 687 311 132 64 29 9 4 1 
5026|Survivor|1|Mutated: 8786 2286 749 314 120 71 26 14 5 1 
5090|Child_Levy|8: 2453 793 350 176 71 25 11 5 1 
5092|Survivor|1|Mutated: 2453 852 350 176 71 25 11 5 1 
5103|Child_Levy|36|Mutated: 2692 768 365 155 71 23 14 4 1 
5120|Survivor|1: 3950 1166 424 172 81 39 11 4 1 
5123|Child_Levy|40: 2841 790 356 146 69 31 10 4 1 
5174|Child_Cross|37: 2379 922 435 166 74 32 13 4 1 
5179|Survivor|1: 2334 1009 364 152 73 32 11 4 1 
5302|Child_Levy|20: 2604 934 391 155 72 28 13 4 1 
5311|Child_Levy|16: 2355 731 374 158 61 31 14 5 1 
5345|Child_Cross|62: 6155 1464 541 202 99 31 16 6 1 
5358|Survivor|1: 4488 1067 404 143 82 30 14 5 1 
5373|Child_Levy|60: 2815 826 307 126 82 29 16 5 1 
5385|Child_Cross|41: 4199 1218 449 166 93 36 13 6 1 
5386|Child_Avg|31|Mutated: 2260 806 311 133 74 28 12 5 1 
5460|Child_Avg|47: 3825 1073 346 157 75 28 11 4 1 
5644|Child_Levy|4: 2475 768 428 143 62 28 12 5 1 
5649|Child_Cross|6: 2044 717 280 119 62 28 12 5 1 
5663|Child_Cross|10: 2821 983 356 177 80 35 11 5 1 
5698|Child_Levy|40: 1964 834 372 210 77 31 14 5 1 
5867|Survivor|1|Mutated: 2059 773 340 155 86 32 13 5 1 
5875|Child_Cross|53: 2059 773 340 155 67 32 13 4 1 
5886|Survivor|1: 2619 747 335 141 58 27 10 4 1 
5946|Survivor|1: 2353 927 335 142 79 31 11 5 1 
6060|Survivor|1: 1948 873 336 132 79 29 14 4 1 
6064|Survivor|1: 2253 759 324 132 74 25 11 5 1 
6109|Survivor|1: 2720 813 451 161 93 30 14 5 1 
6193|Child_Levy|36: 2229 891 374 155 74 33 12 5 1 
6306|Child_Avg|31|Mutated: 2556 772 330 149 83 36 13 4 1 
6340|Child_Avg|63: 2028 709 317 149 67 32 11 4 1 
6462|Child_Cross|61: 1707 767 311 149 84 35 12 5 1 
6535|Child_Cross|17: 6041 1996 856 334 137 65 31 11 4 1 
6541|Survivor|1|Mutated: 6041 1801 856 334 137 65 31 11 4 1 
6683|Survivor|1: 2481 1033 369 181 91 35 12 5 1 
6714|Child_Levy|44: 1884 752 308 142 87 33 14 6 1 
6803|Child_Levy|48: 2509 787 413 164 77 27 13 5 1 
6813|Survivor|1|Mutated: 1947 741 320 125 76 28 11 4 1 
6820|Child_Cross|49: 2938 807 318 127 69 27 10 4 1 
6983|Child_Avg|27: 2896 811 365 136 66 30 11 5 1 
7013|Child_Cross|21: 2896 709 365 136 80 30 11 5 1 
7038|Child_Levy|4: 2949 822 338 194 77 33 12 5 1 
7070|Child_Cross|26: 2305 743 316 141 75 29 11 5 1 
7110|Child_Avg|43: 2442 784 318 151 72 31 11 4 1 
7138|Survivor|1: 2843 832 320 147 81 31 13 4 1 
7264|Survivor|1|Mutated: 2383 743 371 158 77 35 13 5 1 
7301|Survivor|1: 2504 743 371 158 77 35 13 6 1 
7469|Survivor|1: 2303 912 320 127 69 28 11 4 1 
7533|Survivor|1: 5691 1524 676 309 118 65 27 10 4 1 
7599|Survivor|1: 2876 1146 399 190 82 39 11 4 1 
7645|Child_Cross|49: 2525 911 368 169 88 31 14 4 1 
7647|Survivor|1|Mutated: 2865 911 368 169 88 31 14 5 1 
7694|Child_Cross|38: 2595 846 389 199 96 34 16 5 1 
7708|Survivor|1: 7440 2036 878 339 132 74 35 14 4 1 
7745|Child_Levy|20: 2287 740 320 151 77 35 12 5 1 
7899|Child_Levy|40: 3741 972 340 151 80 31 14 5 1 
7922|Child_Cross|10|Mutated: 3776 1073 409 177 71 34 11 5 1 
7930|Survivor|1: 4114 1115 464 180 91 41 14 6 1 
7947|Child_Levy|24: 2844 890 375 154 83 39 14 6 1 
7949|Child_Avg|39: 2687 1103 421 172 70 30 11 5 1 
7954|Child_Avg|15: 2696 1022 387 156 73 30 11 5 1 
8102|Child_Levy|48: 2294 885 330 138 88 32 13 5 1 
8156|Child_Cross|18: 3102 894 347 177 90 35 12 5 1 
8166|Child_Cross|57: 2998 947 377 177 91 31 14 4 1 
8250|Child_Avg|55: 6378 1432 538 227 93 35 11 5 1 
8279|Child_Avg|43: 2982 991 458 191 79 32 13 4 1 
8369|Survivor|1: 3057 802 340 132 74 31 11 4 1 
8372|Survivor|1|Mutated: 2847 802 340 132 74 31 11 4 1 
8390|Survivor|1: 2113 694 304 115 64 30 12 5 1 
8517|Survivor|1|Mutated: 6957 2089 713 389 148 58 24 11 5 1 
8539|Survivor|1|Mutated: 7477 2089 601 314 148 58 24 11 5 1 
8540|Child_Levy|16: 2294 753 372 146 74 29 10 4 1 
8727|Child_Cross|41: 2442 1032 373 140 72 27 13 5 1 
8848|Survivor|1: 3491 1029 400 185 89 35 13 5 1 
8874|Child_Avg|31: 2760 842 358 169 89 35 11 5 1 
9122|Child_Cross|45: 3102 1334 391 182 73 35 11 5 1 
9132|Child_Cross|26: 2577 977 374 167 73 35 11 5 1 
9200|Child_Levy|52: 2533 996 361 177 81 36 13 4 1 
9320|Survivor|1|Mutated: 2107 662 327 125 71 28 12 5 1 
9325|Child_Cross|10: 2036 695 309 117 71 28 12 5 1 
9390|Survivor|1: 1986 744 304 120 75 27 13 5 1 
9640|Child_Avg|23: 2721 800 313 127 78 35 12 5 1 
9642|Survivor|1|Mutated: 2759 808 299 127 78 35 12 5 1 
9703|Child_Levy|12: 3078 1260 478 181 86 35 12 5 1 
9729|Child_Cross|53: 2121 906 316 143 86 35 12 5 1 
9767|Survivor|1: 3893 1337 421 177 82 35 14 5 1 
9775|Child_Avg|15: 2823 972 362 140 75 27 13 5 1 
9895|Survivor|1: 2473 891 317 153 76 28 13 4 1 
10171|Child_Avg|59: 2575 1038 413 165 70 31 11 4 1 
10227|Child_Cross|26: 3548 1090 461 171 86 40 14 5 1 
10289|Survivor|1: 2718 944 335 143 100 30 11 5 1 
10398|Child_Levy|36: 2614 797 343 163 79 29 11 5 1 
10471|Child_Cross|13: 3510 1059 452 162 97 30 11 5 1 
10577|Survivor|1: 3120 769 304 151 71 25 11 5 1 
10592|Child_Cross|33: 2428 1074 377 186 79 32 11 4 1 
10595|Child_Levy|28: 2897 892 373 138 79 37 13 5 1 
10678|Survivor|1: 2298 778 482 159 91 35 13 5 1 
10716|Survivor|1: 2759 908 377 158 75 33 13 5 1 
10717|Survivor|1|Mutated: 2759 812 377 158 75 33 13 5 1 
10854|Child_Avg|59: 1963 913 349 150 72 32 11 4 1 
10855|Child_Cross|30: 2202 749 338 131 72 32 11 4 1 
10902|Child_Levy|40|Mutated: 5858 1627 734 301 134 58 24 9 4 1 
10961|Child_Avg|63: 2304 834 321 142 67 31 11 4 1 
11020|Survivor|1|Mutated: 7245 2217 602 360 134 79 32 13 4 1 
11117|Child_Cross|30: 4137 1278 382 177 75 35 11 4 1 
11125|Survivor|1|Mutated: 4155 1278 382 177 75 35 11 5 1 
11172|Child_Cross|61: 2319 924 346 159 82 35 13 5 1 
11303|Child_Levy|40: 2781 1018 360 203 88 43 13 5 1 
11419|Child_Cross|25: 3679 1082 455 174 73 36 13 4 1 
11462|Child_Cross|42: 5761 2010 895 332 143 65 25 11 5 1 
11500|Survivor|1: 3833 1308 512 237 101 51 23 10 4 1 
11639|Child_Levy|36: 2215 756 264 137 69 28 11 4 1 
11670|Survivor|1: 3033 961 414 149 85 35 11 5 1 
11672|Child_Avg|27: 1767 676 354 163 81 35 13 5 1 
11742|Survivor|1: 2975 792 374 147 69 27 10 4 1 
11871|Child_Levy|32: 2718 794 410 139 70 27 10 4 1 
11897|Child_Avg|59: 2882 1071 396 152 83 27 11 4 1 
11934|Child_Avg|63: 2112 815 366 187 78 32 11 4 1 
11936|Child_Levy|56: 2123 879 307 153 75 29 11 5 1 
11970|Child_Cross|41: 2004 715 294 125 76 28 11 4 1 
12003|Child_Avg|31: 3217 1164 438 193 88 32 11 4 1 
12007|Survivor|1|Mutated: 3250 1164 438 173 88 32 13 4 1 
12020|Child_Levy|52: 2892 893 358 172 83 31 14 5 1 
12043|Survivor|1: 3716 975 366 180 73 27 11 4 1 
12092|Survivor|1: 1767 873 332 135 69 30 11 5 1 
12167|Survivor|1: 2893 941 350 157 90 32 11 4 1 
12180|Child_Levy|36|Mutated: 3969 1401 572 291 156 76 29 13 6 1 
12203|Survivor|1|Mutated: 2128 722 316 165 74 27 13 5 1 
12247|Survivor|1: 8723 2242 676 284 97 65 28 11 4 1 
12294|Survivor|1|Mutated: 2601 789 338 142 68 25 11 5 1 
12402|Child_Avg|59: 3447 1022 361 165 71 29 10 4 1 
12431|Child_Avg|27: 2342 715 315 147 71 28 11 4 1 
12454|Survivor|1: 2710 962 440 155 77 33 13 4 1 
12473|Survivor|1: 2772 1057 395 159 61 33 10 6 1 
12542|Child_Cross|38: 2624 876 356 149 79 31 11 4 1 
12677|Child_Levy|24: 2653 987 390 151 77 27 13 5 1 
12699|Survivor|1: 4455 1211 474 219 119 62 28 13 4 1 
12761|Child_Levy|64: 2781 1034 468 191 94 33 12 5 1 
12801|Child_Avg|3: 2037 827 335 140 74 32 13 4 1 
12810|Child_Levy|36: 2576 764 393 143 81 35 13 5 1 
12822|Survivor|1|Mutated: 2576 813 393 143 81 35 13 5 1 
12837|Survivor|1: 2675 829 420 202 100 31 14 5 1 
12843|Survivor|1: 2554 858 354 154 97 31 14 5 1 
12858|Survivor|1|Mutated: 2554 858 354 154 97 31 14 6 1 
12877|Survivor|1: 3151 1161 427 211 97 30 14 5 1 
13124|Child_Levy|36: 2629 864 351 172 85 32 13 5 1 
13256|Child_Cross|25: 2699 926 369 142 73 35 11 4 1 
13321|Child_Cross|58: 2729 1031 369 165 72 32 15 4 1 
13336|Child_Levy|64: 2535 941 361 158 78 30 13 5 1 
13364|Child_Cross|29: 8853 1853 865 322 145 73 30 11 5 1 
13393|Survivor|1: 2760 842 306 167 75 27 13 4 1 
13642|Survivor|1: 7245 1609 501 244 120 63 27 11 4 1 
13684|Child_Cross|61: 7555 1983 771 273 151 80 28 11 4 1 
13700|Child_Cross|54: 2649 877 373 124 70 30 11 5 1 
13796|Survivor|1: 2142 873 353 184 74 35 11 4 1 
13864|Child_Avg|19: 2168 729 296 122 65 28 11 4 1 
13955|Child_Cross|13: 2951 780 323 158 71 30 13 4 1 
14008|Child_Cross|1: 4104 1231 542 223 109 40 13 5 1 
14079|Survivor|1: 4127 1612 638 232 109 54 24 11 4 1 
14091|Survivor|1: 4149 1125 584 221 105 56 24 11 4 1 
14131|Child_Cross|6: 3561 1103 379 176 82 37 13 4 1 
14324|Survivor|1: 1885 779 301 130 69 32 13 4 1 
14335|Child_Cross|21: 8091 2036 740 288 133 68 35 13 5 1 
14377|Child_Cross|18: 9610 2127 805 320 192 77 31 14 4 1 
14429|Child_Avg|43: 3970 1336 522 219 79 32 13 4 1 
14430|Child_Levy|64: 2738 895 381 165 77 28 12 5 1 
14611|Survivor|1: 6367 1751 515 277 143 66 27 10 4 1 
14663|Child_Cross|17: 2366 805 350 152 83 25 12 5 1 
14705|Child_Cross|14: 3659 1107 540 218 100 58 23 10 4 1 
14767|Child_Levy|36: 1707 705 329 132 58 24 11 5 1 
14830|Child_Avg|63: 2671 1045 378 163 82 39 11 4 1 
14840|Child_Cross|14: 4175 1502 636 247 121 56 24 11 4 1 
14908|Child_Avg|31: 2403 770 320 127 74 30 12 5 1 
14991|Child_Cross|14: 2215 763 318 121 71 31 14 5 1 
15136|Survivor|1: 3625 1210 459 205 85 31 14 4 1 
15175|Survivor|1: 1690 726 341 130 74 32 13 5 1 
15205|Child_Cross|53: 2285 857 327 158 69 28 12 5 1 
15229|Survivor|1|Mutated: 2285 857 327 183 69 28 12 5 1 
15236|Child_Avg|23: 2125 697 296 137 65 28 11 4 1 
15318|Child_Levy|16|Mutated: 2924 878 323 146 71 33 10 4 1 
15579|Child_Cross|26: 2760 995 358 178 71 30 14 5 1 
15598|Survivor|1: 3004 771 310 143 73 28 12 5 1 
15625|Child_Cross|26: 2178 792 328 173 89 27 14 4 1 
15648|Child_Cross|18: 6852 1999 785 380 148 63 28 13 4 1 
15800|Survivor|1: 9127 2330 1231 416 162 93 32 11 4 1 
15920|Survivor|1: 4136 1145 556 293 123 66 31 14 5 1 
15925|Child_Cross|14: 2897 1056 334 173 82 32 11 4 1 
15936|Child_Cross|38: 3588 1057 415 200 78 32 11 4 1 
15955|Child_Levy|52: 2790 1048 335 162 86 40 13 5 1 
16081|Child_Cross|50: 2807 980 439 195 83 40 12 5 1 
16164|Child_Levy|48: 1927 636 301 138 75 32 13 5 1 
16173|Survivor|1: 2129 777 343 147 93 28 12 5 1 
16182|Child_Cross|50: 2129 777 351 144 77 28 12 5 1 
16184|Child_Cross|30: 2888 1087 319 147 85 28 12 5 1 
16185|Survivor|1|Mutated: 2353 1087 319 147 85 28 12 5 1 
16197|Survivor|1: 3427 1219 494 211 84 37 13 4 1 
16270|Survivor|1: 2316 954 358 161 88 27 11 4 1 
16305|Child_Levy|32: 2517 921 353 163 102 31 14 5 1 
16313|Survivor|1|Mutated: 2022 921 381 163 102 31 14 5 1 
16364|Survivor|1: 2529 764 332 157 62 30 12 5 1 
16365|Child_Levy|32: 3206 932 382 153 79 30 13 5 1 
16381|Survivor|1|Mutated: 2756 717 356 157 73 32 13 4 1 
16487|Child_Levy|24: 2311 1221 341 153 72 32 13 5 1 
16535|Child_Levy|48: 2743 751 315 133 74 29 11 5 1 
16584|Child_Avg|63: 2260 725 407 168 94 32 13 4 1 
16628|Child_Avg|15: 1966 774 343 154 81 32 11 4 1 
16704|Child_Levy|28: 5245 1471 684 363 170 78 30 11 5 1 
16711|Child_Levy|52: 2085 730 322 134 71 28 12 5 1 
16722|Child_Avg|51: 2176 879 342 169 88 32 13 4 1 
16724|Survivor|1|Mutated: 2083 879 342 169 88 32 13 4 1 
16725|Child_Avg|15: 3161 1109 464 155 88 32 13 4 1 
16732|Child_Avg|11: 2862 883 295 173 76 28 11 4 1 
16799|Survivor|1: 3228 1179 468 235 111 64 24 11 5 1 
16920|Child_Levy|64: 3969 1221 410 180 84 33 14 4 1 
17024|Child_Avg|15: 6477 1834 695 299 127 69 27 10 4 1 
17046|Survivor|1: 2676 732 333 166 81 31 14 4 1 
17108|Survivor|1: 4194 1180 463 181 89 41 14 4 1 
17194|Survivor|1: 3008 985 386 164 88 33 13 5 1 
17225|Child_Levy|64: 2213 971 333 180 94 32 13 5 1 
17228|Survivor|1|Mutated: 2213 879 333 180 94 32 13 5 1 
17245|Child_Levy|44: 2861 844 351 199 90 35 13 5 1 
17371|Survivor|1: 2137 781 400 212 81 32 13 4 1 
17391|Child_Cross|42: 4159 1286 577 242 119 61 24 9 4 1 
17494|Child_Cross|50: 3107 1091 404 154 89 35 11 4 1 
17592|Child_Levy|56: 2757 716 370 166 67 30 12 5 1 
17650|Child_Cross|62: 3531 1356 479 208 86 35 11 5 1 
17654|Child_Levy|16: 2781 984 381 179 80 30 11 5 1 
17664|Child_Cross|57: 2781 984 381 179 98 35 11 5 1 
17673|Survivor|1|Mutated: 2435 1052 381 179 98 35 13 5 1 
17676|Child_Avg|59: 2099 925 341 163 94 35 13 5 1 
17681|Child_Cross|9: 3127 886 358 165 74 35 12 5 1 
17689|Survivor|1|Mutated: 3127 1014 358 165 74 35 12 5 1 
17714|Survivor|1|Mutated: 2855 1014 358 165 74 35 12 5 1 
17765|Child_Cross|33: 2748 872 471 175 91 43 17 5 1 
17774|Child_Levy|36: 2672 900 344 143 71 31 14 5 1 
17782|Child_Cross|21: 2672 900 344 143 93 28 12 5 1 
17783|Child_Cross|14: 2309 926 407 153 91 28 12 5 1 
17882|Survivor|1|Mutated: 6615 1661 619 358 136 77 40 14 5 1 
17909|Survivor|1|Mutated: 4186 1211 509 250 108 61 30 11 5 1 
17987|Survivor|1: 2130 678 296 127 65 25 9 4 1 
17997|Child_Levy|4: 2354 722 328 148 71 29 11 5 1 
18008|Survivor|1|Mutated: 2198 918 315 156 70 29 11 5 1 
18073|Survivor|1: 6760 1502 539 252 108 77 28 11 4 1 
18216|Survivor|1: 2030 841 377 162 57 28 11 4 1 
18264|Child_Levy|60: 4533 1241 524 212 99 35 12 5 1 
18303|Child_Levy|64: 2588 870 317 128 68 35 13 5 1 
18345|Survivor|1: 4111 1309 750 291 117 52 25 11 4 1 
18371|Child_Cross|9: 8135 2023 803 297 113 55 23 10 4 1 
18401|Survivor|1: 2368 834 365 174 92 31 14 4 1 
18410|Survivor|1: 7921 1666 749 313 121 89 31 11 4 1 
18461|Child_Avg|15: 2349 861 366 172 84 27 14 4 1 
18573|Child_Levy|24: 3200 1082 468 183 85 28 12 5 1 
18652|Child_Cross|50: 6202 1658 551 286 110 62 27 10 4 1 
18675|Child_Levy|16: 2173 792 308 164 73 28 12 5 1 
18747|Child_Avg|19: 2243 754 305 152 64 27 13 5 1 
18757|Child_Levy|48: 2115 723 280 132 72 27 13 5 1 
18920|Child_Levy|4: 4341 985 425 151 74 27 14 4 1 
19083|Child_Avg|31: 2181 753 294 144 68 28 13 4 1 
19129|Survivor|1: 3079 898 400 178 75 29 10 4 1 
19177|Survivor|1: 2451 922 422 144 90 37 13 4 1 
19181|Child_Levy|28: 2724 992 431 147 85 35 12 5 1 
19183|Child_Cross|58|Mutated: 2459 866 313 136 85 35 12 5 1 
19185|Survivor|1: 2591 929 372 141 85 35 12 5 1 
19211|Child_Cross|26: 5678 1504 571 271 125 61 23 12 5 1 
19220|Child_Avg|43: 3037 878 434 169 72 27 10 4 1 
19239|Survivor|1: 3037 897 434 169 72 27 10 4 1 
19285|Survivor|1: 7209 2594 785 317 113 64 28 11 4 1 
19733|Child_Levy|60: 2342 933 369 173 71 30 13 5 1 
19778|Child_Cross|54: 6728 1560 765 333 136 58 28 11 4 1 
19804|Survivor|1: 2607 832 301 136 56 25 9 5 1 
19895|Child_Cross|37: 2312 748 331 137 71 29 11 5 1 
19930|Child_Cross|41: 6211 1637 684 289 107 62 24 11 5 1 
19943|Survivor|1: 6211 1637 768 289 107 71 28 11 4 1 
20008|Child_Levy|8: 2118 673 270 119 74 27 13 5 1 
20038|Survivor|1: 3943 1301 621 274 122 70 27 10 4 1 
20056|Survivor|1: 4321 1262 530 233 102 63 27 10 4 1 
20070|Child_Levy|56: 3987 1758 744 361 147 81 31 14 5 1 
20286|Survivor|1: 4545 1758 612 247 123 69 32 13 4 1 
20292|Child_Cross|22|Mutated: 8233 2316 868 311 180 88 27 13 5 1 
20331|Child_Cross|25: 2709 860 331 155 76 27 14 4 1 
20448|Child_Avg|19: 2097 665 353 154 71 32 11 4 1 
20487|Survivor|1: 2834 811 286 141 63 27 11 4 1 
20501|Survivor|1: 9481 1964 759 304 157 69 35 11 4 1 
20510|Survivor|1: 9374 2657 968 421 135 69 35 11 4 1 
20660|Child_Avg|11: 2262 798 319 147 72 32 13 4 1 
20662|Child_Cross|34: 2262 798 319 147 69 27 13 5 1 
20666|Child_Levy|32: 2957 810 305 130 71 28 11 4 1 
20671|Survivor|1: 2957 810 361 138 71 28 11 4 1 
20720|Survivor|1|Mutated: 2819 810 361 138 71 24 11 4 1 
20750|Survivor|1: 3738 1477 565 220 101 54 23 10 4 1 
20784|Child_Cross|46: 3170 983 432 191 93 35 13 5 1 
20848|Survivor|1: 2366 903 382 158 80 30 11 4 1 
20976|Child_Levy|36: 3992 1132 427 166 67 29 11 5 1 
21002|Child_Cross|18: 2621 785 299 139 67 29 11 5 1 
21038|Child_Cross|33: 2387 1053 412 172 85 27 13 5 1 
21060|Child_Levy|32: 2421 992 355 165 79 28 12 5 1 
21064|Child_Cross|34: 2905 891 355 160 75 29 11 5 1 
21122|Child_Avg|27|Mutated: 2186 728 337 154 85 35 12 5 1 
21222|Survivor|1: 5378 1481 549 309 116 65 24 11 4 1 
21229|Child_Levy|28: 2175 718 337 139 69 28 12 5 1 
21230|Child_Cross|25: 2231 704 342 135 65 28 11 4 1 
21277|Child_Cross|34: 3224 863 434 187 89 35 12 5 1 
21332|Child_Cross|41: 2684 839 357 204 76 29 14 4 1 
21525|Child_Avg|31: 4637 1311 549 223 101 58 24 11 4 1 
21597|Child_Levy|32: 2574 922 377 143 70 30 11 5 1 
21600|Survivor|1|Mutated: 2574 972 377 143 70 30 11 6 1 
21615|Survivor|1: 2209 813 372 133 86 35 11 5 1 
21626|Survivor|1: 2209 813 447 133 86 35 11 5 1 
21712|Child_Avg|23: 2813 1051 331 168 70 33 12 5 1 
21718|Child_Cross|49: 3027 972 418 150 70 33 12 5 1 
21770|Child_Cross|37: 4040 1249 555 242 109 69 28 11 4 1 
21867|Survivor|1: 2849 807 329 122 70 27 10 4 1 
21876|Child_Avg|47: 3904 1082 453 186 94 37 14 4 1 
21964|Child_Cross|10: 2923 1021 431 168 72 27 14 4 1 
21997|Survivor|1: 3086 1077 370 168 82 33 12 5 1 
22077|Child_Avg|11: 2745 816 431 145 72 27 10 4 1 
22212|Survivor|1: 6049 1751 641 352 132 79 28 13 4 1 
22290|Child_Cross|2|Mutated: 2885 1037 448 169 80 35 11 4 1 
22297|Survivor|1|Mutated: 2885 1037 448 169 80 28 11 4 1 
22361|Survivor|1: 2141 987 379 156 70 37 13 5 1 
22390|Child_Levy|52: 1890 685 299 147 75 32 13 5 1 
22421|Survivor|1: 6637 1487 528 196 87 36 13 4 1 
22482|Survivor|1: 2464 761 313 151 76 28 11 4 1 
22535|Survivor|1|Mutated: 2516 947 382 151 67 29 11 5 1 
22553|Survivor|1|Mutated: 2516 947 382 164 67 29 11 5 1 
22585|Child_Levy|12: 2840 880 303 148 86 35 13 6 1 
22684|Survivor|1: 2912 1059 407 151 72 27 11 4 1 
22769|Child_Levy|4: 5751 1332 516 218 90 35 12 5 1 
22833|Child_Cross|41: 2884 878 426 166 87 31 11 4 1 
22917|Child_Levy|36: 2243 893 402 163 66 27 10 4 1 
23025|Survivor|1: 2075 792 313 127 53 28 13 4 1 
23168|Child_Cross|42: 3036 944 419 177 95 37 14 4 1 
23272|Child_Levy|8: 2514 730 372 159 72 26 14 5 1 
23470|Child_Avg|11: 2615 1003 366 162 79 28 13 4 1 
23532|Child_Levy|56: 2159 732 345 141 74 33 12 5 1 
23551|Child_Avg|43: 2754 857 322 186 81 32 13 5 1 
23573|Child_Cross|18: 7293 2588 885 307 163 81 32 13 5 1 
23581|Child_Cross|42: 3163 1056 412 181 93 36 11 5 1 
23645|Child_Cross|13: 2114 860 353 165 81 30 11 5 1 
23675|Child_Avg|3: 3461 1051 379 173 88 32 13 4 1 
23688|Survivor|1|Mutated: 4146 1051 379 173 88 32 13 5 1 
23785|Child_Avg|55: 2654 981 347 148 76 28 11 4 1 
23901|Survivor|1: 2589 698 268 152 78 27 13 5 1 
23973|Child_Levy|8: 2416 772 312 155 88 35 12 5 1 
24067|Child_Cross|41: 8842 2637 768 279 131 65 27 10 6 1 
24098|Child_Avg|59: 3675 1150 386 167 80 30 12 5 1 
24132|Survivor|1|Mutated: 3369 978 493 202 77 40 13 5 1 
24167|Survivor|1|Mutated: 2574 826 379 167 74 36 13 4 1 
24205|Child_Avg|35|Mutated: 2222 915 323 156 77 29 14 4 1 
24213|Child_Cross|33: 3192 887 366 152 79 33 14 6 1 
24228|Child_Cross|33: 3080 928 331 143 80 24 11 5 1 
24303|Survivor|1|Mutated: 2165 762 315 155 68 35 13 5 1 
24328|Child_Avg|47: 2546 863 359 149 76 27 13 4 1 
24348|Survivor|1: 2997 915 367 152 75 31 14 5 1 
24455|Child_Cross|10: 4412 1709 690 311 153 58 30 12 5 1 
24506|Child_Avg|15|Mutated: 2624 994 352 149 93 32 13 4 1 
24675|Survivor|1: 2122 669 358 141 71 28 11 4 1 
24783|Child_Levy|64|Mutated: 2363 815 373 158 81 30 11 5 1 
24803|Survivor|1|Mutated: 2363 737 302 158 81 30 11 5 1 
24812|Child_Cross|45: 2421 878 395 154 113 39 14 6 1 
24852|Child_Avg|11: 2130 807 390 155 74 31 14 5 1 
24853|Child_Cross|1: 2109 778 368 154 74 31 14 5 1 
24877|Survivor|1: 3031 877 301 140 86 30 11 5 1 
24940|Child_Levy|36: 3940 1135 483 166 75 35 13 5 1 
24942|Child_Levy|52: 2597 819 337 151 67 30 11 5 1 
24968|Survivor|1: 1810 698 322 136 73 35 12 5 1 
24972|Survivor|1: 2402 742 334 179 82 35 13 5 1 
24980|Child_Cross|5: 2539 942 380 156 86 41 13 4 1 
24984|Child_Cross|54: 2906 1016 439 208 91 32 15 4 1 
25016|Child_Levy|48|Mutated: 2351 1306 424 198 80 37 13 4 1 
25045|Child_Levy|36: 2792 1053 378 175 82 32 13 5 1 
25055|Child_Levy|8: 2562 827 363 155 76 30 12 5 1 
25076|Child_Cross|50: 3470 898 466 209 94 31 14 6 1 
25194|Child_Levy|4: 3905 1024 378 156 69 35 11 5 1 
25254|Child_Cross|49: 2307 857 313 160 85 35 13 5 1 
25258|Survivor|1|Mutated: 2382 857 313 160 85 35 13 5 1 
25275|Survivor|1: 2111 856 381 172 81 28 11 4 1 
25306|Child_Cross|6: 2544 973 370 179 87 36 11 4 1 
25358|Survivor|1|Mutated: 2642 1082 451 145 91 30 11 5 1 
25440|Survivor|1: 3095 937 331 118 81 32 13 5 1 
25448|Child_Cross|17: 6496 1530 557 204 79 32 13 5 1 
25501|Survivor|1: 5785 1513 588 351 133 65 28 11 4 1 
25555|Survivor|1: 2100 729 344 147 72 32 13 4 1 
25574|Survivor|1: 6299 1781 784 276 143 71 28 12 5 1 
25584|Survivor|1: 1828 697 336 141 71 28 12 5 1 
25641|Child_Levy|4: 2170 822 353 155 61 29 10 4 1 
25667|Survivor|1: 3053 975 406 148 99 35 11 5 1 
25689|Survivor|1: 9926 6782 1602 903 385 148 99 35 11 5 1 
25790|Child_Cross|34: 6851 1802 703 329 123 79 32 11 4 1 
25899|Survivor|1: 2205 774 347 134 60 34 11 5 1 
25929|Survivor|1: 2191 701 270 131 74 31 11 4 1 
25983|Child_Levy|52: 2217 879 381 148 81 31 14 5 1 
26002|Survivor|1: 2250 820 391 152 74 32 13 4 1 
26023|Child_Cross|25: 2349 923 347 165 89 35 11 5 1 
26057|Survivor|1|Mutated: 3062 1045 374 172 84 35 11 4 1 
26067|Survivor|1|Mutated: 3062 1093 374 172 84 35 11 4 1 
26106|Survivor|1: 3677 1196 427 188 87 35 12 5 1 
26121|Survivor|1|Mutated: 3677 1409 427 188 87 35 12 5 1 
26162|Child_Cross|5: 2955 1100 406 178 90 29 11 5 1 
26172|Survivor|1|Mutated: 2955 1043 406 178 90 29 11 5 1 
26203|Child_Cross|14: 2592 863 361 155 86 32 13 5 1 
26261|Child_Levy|24|Mutated: 2470 1119 400 184 79 36 15 4 1 
26270|Child_Avg|11: 2287 937 340 157 81 32 13 4 1 
26294|Child_Levy|8: 2855 931 421 174 74 31 14 4 1 
26371|Survivor|1: 4183 1370 515 250 123 63 28 11 4 1 
26384|Child_Avg|63: 2698 876 308 151 79 28 13 4 1 
26409|Child_Levy|32: 3658 1078 445 169 84 35 13 5 1 
26548|Survivor|1: 2087 710 300 137 76 31 11 4 1 
26624|Child_Cross|26: 2828 1038 394 176 90 33 17 5 1 
26633|Child_Levy|32: 2410 851 365 131 62 28 12 5 1 
26789|Child_Cross|37: 8203 1828 801 351 108 61 23 12 5 1 
26814|Child_Avg|3: 6392 1789 617 243 102 61 23 12 5 1 
26825|Survivor|1: 2130 791 333 152 68 31 11 5 1 
26874|Survivor|1: 2942 862 391 137 66 32 11 4 1 
26880|Survivor|1: 2942 862 325 137 66 32 11 4 1 
26893|Survivor|1: 2942 862 325 137 66 29 9 4 1 
26957|Child_Cross|14: 2337 823 290 122 69 28 11 4 1 
27017|Child_Levy|28: 2380 723 383 169 76 27 13 5 1 
27021|Child_Cross|18: 2199 838 317 148 76 27 13 5 1 
27165|Survivor|1: 2754 796 324 147 79 25 12 5 1 
27248|Survivor|1: 2230 742 305 138 81 31 14 5 1 
27255|Survivor|1: 2188 1058 339 159 79 32 13 4 1 
27266|Survivor|1: 2175 1022 391 179 70 29 11 5 1 
27302|Child_Levy|12|Mutated: 7430 1710 622 243 124 66 27 10 4 1 
27330|Survivor|1|Mutated: 7430 2045 622 243 124 66 27 10 4 1 
27360|Child_Cross|10: 4058 1094 502 171 75 28 11 4 1 
27394|Survivor|1: 2550 905 353 177 65 25 9 4 1 
27429|Child_Cross|37: 4082 1247 514 208 97 40 13 5 1 
27619|Survivor|1: 2886 914 375 137 76 30 13 5 1 
27658|Child_Levy|48: 2209 705 345 155 58 26 14 5 1 
27713|Survivor|1: 1956 793 290 117 67 30 11 5 1 
27718|Child_Cross|17: 3116 938 463 186 88 32 13 4 1 
27793|Child_Cross|46: 3917 1313 549 258 104 39 16 5 1 
27802|Survivor|1|Mutated: 3359 1313 549 258 104 39 16 5 1 
27807|Survivor|1|Mutated: 3359 1313 549 258 104 39 16 6 1 
27849|Survivor|1: 2456 799 374 151 90 35 12 5 1 
27860|Child_Levy|40: 2395 1014 370 145 94 35 13 5 1 
27930|Survivor|1: 6322 1485 534 243 118 75 28 11 4 1 
27937|Child_Levy|60: 8313 3001 925 425 147 68 32 13 5 1 
28050|Survivor|1: 2101 807 291 148 78 31 11 4 1 
28092|Survivor|1: 2235 997 354 139 78 35 12 5 1 
28131|Survivor|1: 3095 963 375 160 84 35 11 5 1 
28135|Child_Avg|7: 2938 842 345 179 66 28 13 4 1 
28175|Survivor|1: 3151 1224 455 147 84 37 14 6 1 
28182|Child_Cross|38: 2719 1044 349 143 84 37 14 6 1 
28240|Survivor|1: 6878 2206 719 319 138 75 35 12 5 1 
28241|Child_Levy|56: 3035 959 394 192 90 35 12 5 1 
28247|Child_Cross|14|Mutated: 6298 1961 688 301 127 68 32 13 4 1 
28278|Survivor|1: 2660 861 449 198 86 36 13 4 1 
28320|Survivor|1: 2509 825 346 144 76 31 10 4 1 
28374|Survivor|1: 2116 649 343 134 72 27 13 5 1 
28417|Child_Avg|39: 3077 917 398 177 79 31 10 4 1 
28448|Child_Cross|10: 2926 866 338 165 77 27 13 4 1 
28493|Child_Cross|61: 2772 976 397 157 79 35 14 5 1 
28592|Child_Levy|16: 1889 738 300 153 73 25 11 5 1 
28599|Child_Cross|45: 3607 1460 512 227 104 43 16 6 1 
28741|Survivor|1: 2073 844 291 136 76 28 11 4 1 
28753|Child_Cross|53: 2946 1185 479 147 85 32 13 4 1 
28791|Survivor|1: 2924 849 338 154 83 33 14 4 1 
28809|Child_Cross|53: 2411 895 365 199 79 32 13 4 1 
28954|Child_Levy|60: 2980 882 411 165 74 29 10 4 1 
28994|Child_Cross|58: 2568 832 342 147 70 32 11 4 1 
29028|Child_Cross|30: 2189 795 340 193 87 36 14 5 1 
29302|Survivor|1: 2172 834 308 115 60 29 11 5 1 
29424|Child_Cross|61: 3119 1133 386 170 84 35 11 5 1 
29433|Child_Cross|37: 2122 797 299 136 79 32 13 5 1 
29469|Child_Avg|15: 2637 963 420 161 87 28 11 4 1 
29485|Survivor|1|Mutated: 3022 963 420 161 87 28 11 4 1 
29496|Child_Cross|1|Mutated: 2382 791 302 129 73 24 11 4 1 
29555|Survivor|1: 2151 628 327 133 66 27 10 4 1 
29574|Survivor|1: 3068 837 372 159 77 40 11 5 1 
29593|Survivor|1: 3491 1088 473 198 70 30 11 5 1 
29601|Survivor|1: 2541 821 351 168 70 30 11 5 1 
29629|Survivor|1: 2546 847 337 157 79 32 13 5 1 
29690|Survivor|1: 3398 1019 427 218 73 35 11 5 1 
29746|Child_Avg|19: 2619 903 430 197 76 35 11 4 1 
29767|Survivor|1|Mutated: 2619 903 430 197 76 35 11 5 1 
29795|Survivor|1: 2756 927 404 134 78 30 11 5 1 
29825|Child_Avg|7: 2206 788 308 139 80 28 11 4 1 
29903|Child_Cross|50|Mutated: 2796 1088 470 173 92 29 14 4 1 
29923|Survivor|1: 2277 915 394 169 92 29 14 4 1 
29925|Child_Cross|37: 2744 1018 454 197 98 32 13 4 1 
29930|Child_Avg|11|Mutated: 2247 1048 341 187 89 30 11 5 1 
29956|Child_Cross|29: 2653 1109 474 182 94 30 11 5 1 
30033|Child_Levy|4: 2659 808 306 170 75 32 13 4 1 
30087|Survivor|1: 2234 797 406 167 79 31 11 4 1 
30173|Survivor|1: 3663 1032 441 180 76 35 11 4 1 
30184|Survivor|1|Mutated: 3663 1032 399 180 76 35 11 4 1 
30455|Survivor|1: 2352 819 439 134 72 28 13 4 1 
30459|Survivor|1: 2312 753 364 133 72 28 13 4 1 
30498|Child_Cross|10: 2660 813 342 172 81 37 14 4 1 
30779|Survivor|1: 6622 1928 658 356 149 86 30 12 5 1 
30787|Survivor|1|Mutated: 7475 1928 701 356 149 86 30 12 5 1 
30840|Survivor|1: 2914 907 404 192 70 31 11 6 1 
30912|Survivor|1: 3181 1009 455 172 96 36 13 4 1 
30919|Child_Avg|39: 2871 917 418 148 75 27 10 4 1 
30945|Child_Cross|57: 9391 3199 893 385 189 86 35 11 5 1 
30948|Survivor|1: 4493 1433 492 205 87 40 13 5 1 
31039|Child_Levy|56: 4038 1421 579 233 89 35 13 5 1 
31101|Survivor|1: 2317 731 335 148 90 35 13 5 1 
31112|Survivor|1: 3151 1266 530 177 85 40 13 5 1 
31115|Child_Cross|30: 2383 976 383 177 85 40 13 5 1 
31166|Survivor|1: 4601 1565 634 263 111 63 31 11 4 1 
31247|Child_Cross|2: 3816 1551 547 186 88 32 13 5 1 
31248|Child_Levy|52: 2360 1005 360 149 86 28 12 5 1 
31286|Child_Levy|24: 2129 804 342 178 91 27 13 5 1 
31311|Survivor|1: 2900 804 421 172 79 32 11 4 1 
31316|Child_Cross|18: 2900 804 421 172 73 27 14 4 1 
31328|Child_Avg|63: 2172 698 373 154 74 25 14 4 1 
31421|Survivor|1: 3182 840 360 215 79 28 12 5 1 
31445|Child_Cross|45: 4495 1812 758 324 149 79 28 12 5 1 
31464|Survivor|1: 2710 808 310 159 89 32 12 5 1 
31476|Child_Cross|34: 3846 1631 709 239 121 74 28 12 5 1 
31487|Survivor|1: 3672 1135 426 149 71 34 16 5 1 
31491|Survivor|1: 2646 850 316 127 72 32 13 4 1 
31636|Child_Avg|39: 1804 669 259 133 66 28 12 5 1 
31677|Child_Cross|2: 2969 1165 476 197 84 36 13 4 1 
31687|Child_Levy|20: 2101 804 333 155 77 29 11 5 1 
31688|Survivor|1|Mutated: 2220 804 333 155 77 29 11 5 1 
31715|Child_Cross|61: 8884 1921 817 277 107 81 28 12 5 1 
31727|Child_Avg|35: 7227 1475 625 257 119 66 28 11 4 1 
31733|Survivor|1|Mutated: 7227 1331 625 257 119 66 28 11 4 1 
31841|Survivor|1|Mutated: 2824 990 431 186 82 29 14 4 1 
31873|Survivor|1: 2325 831 278 147 74 28 12 5 1 
31887|Survivor|1: 3949 1720 624 251 134 80 30 11 5 1 
31918|Survivor|1: 2909 917 389 121 74 31 11 4 1 
32031|Survivor|1: 3244 907 411 181 79 37 11 4 1 
32099|Child_Levy|36: 2498 882 349 159 69 28 11 4 1 
32259|Survivor|1: 2419 710 288 132 71 28 11 4 1 
32366|Child_Avg|35: 2338 782 344 143 78 28 12 5 1 
32441|Survivor|1: 2728 869 361 139 85 32 13 4 1 
32461|Survivor|1: 2105 664 301 116 63 28 13 4 1 
32520|Child_Avg|47: 3611 1076 478 266 113 64 28 11 4 1 
32551|Survivor|1: 2284 814 317 154 76 31 11 5 1 
32559|Survivor|1|Mutated: 2284 814 317 154 74 31 11 5 1 
32564|Survivor|1|Mutated: 2284 814 317 154 76 31 11 4 1 
32596|Child_Cross|57: 2830 820 343 165 69 35 11 4 1 
32687|Child_Levy|56|Mutated: 2398 889 299 136 67 35 13 5 1 
32693|Child_Levy|60: 2266 772 289 154 66 35 12 5 1 
32694|Child_Cross|13: 8048 1839 865 326 123 67 35 13 5 1 
32697|Survivor|1|Mutated: 8048 1839 865 381 123 67 35 13 5 1 
32747|Survivor|1: 2635 1030 384 165 87 31 11 4 1 
32748|Child_Cross|53: 2961 1109 409 163 94 31 11 4 1 
32756|Child_Cross|42: 2441 852 373 154 94 35 13 5 1 
32757|Survivor|1|Mutated: 2820 852 373 170 94 35 13 5 1 
32812|Child_Avg|3: 1967 730 304 145 71 28 11 4 1 
32847|Child_Avg|27: 2177 795 354 155 75 24 11 4 1 
32874|Child_Cross|13: 2929 902 535 165 78 35 11 5 1 
32877|Survivor|1|Mutated: 2603 902 535 165 78 35 11 5 1 
32962|Child_Avg|35: 6742 1900 816 262 133 78 29 11 5 1 
32967|Child_Cross|13: 2169 873 392 133 78 29 11 5 1 
33026|Survivor|1: 2741 1095 475 199 72 29 10 4 1 
33120|Child_Cross|10: 8244 3068 968 408 195 87 40 12 5 1 
33151|Child_Avg|47|Mutated: 2113 831 314 149 71 36 11 4 1 
33158|Survivor|1: 2474 831 314 149 71 36 11 5 1 
33163|Child_Levy|24: 2416 824 399 166 79 32 13 4 1 
33233|Child_Cross|33: 3307 929 350 155 83 30 13 5 1 
33251|Child_Cross|26: 2792 1013 424 185 72 30 13 5 1 
33320|Survivor|1: 1942 886 328 153 83 33 14 4 1 
33341|Child_Avg|27: 2234 664 279 134 71 28 11 4 1 
33342|Child_Avg|23: 2907 1190 399 136 75 32 13 4 1 
33414|Child_Avg|39: 2595 875 320 147 73 35 11 4 1 
33427|Survivor|1: 2595 875 320 143 61 30 11 5 1 
33565|Child_Levy|12: 3651 1112 524 266 88 33 17 5 1 
33568|Child_Cross|17: 4559 1259 466 207 88 33 17 5 1 
33616|Child_Avg|23: 3423 1044 463 171 77 28 13 4 1 
33680|Child_Cross|57: 2825 978 436 202 87 36 13 4 1 
33702|Child_Levy|16: 2293 1004 348 141 80 30 11 5 1 
33784|Child_Cross|13: 2798 1007 348 193 83 30 12 5 1 
33800|Child_Avg|47: 2627 774 334 147 89 35 11 4 1 
33805|Child_Cross|54: 3767 1426 433 187 67 29 13 6 1 
33809|Child_Avg|39: 2845 991 343 149 70 30 12 5 1 
33815|Child_Avg|63|Mutated: 2828 1132 434 193 83 34 16 5 1 
33835|Child_Avg|31|Mutated: 1980 933 313 147 74 26 14 5 1 
33907|Child_Cross|54: 3135 992 386 201 111 35 13 5 1 
33974|Child_Cross|29: 2539 876 370 179 73 37 13 5 1 
33982|Survivor|1|Mutated: 2321 876 370 179 73 37 13 5 1 
34160|Child_Cross|34: 2881 1176 415 193 101 35 12 5 1 
34179|Child_Levy|64: 3492 1136 345 156 71 35 13 5 1 
34190|Child_Avg|27: 2404 779 355 148 82 29 14 4 1 
34229|Child_Cross|58: 1805 690 279 127 63 28 11 4 1 
34230|Survivor|1|Mutated: 1887 690 279 127 63 28 11 4 1 
34260|Child_Cross|58: 2168 792 313 133 78 29 14 4 1 
34278|Survivor|1: 3314 1092 411 148 72 27 10 4 1 
34341|Child_Cross|18: 2907 1018 386 163 94 31 11 4 1 
34355|Survivor|1: 2216 769 325 153 77 35 11 5 1 
34441|Child_Levy|28: 3031 849 305 140 79 32 13 4 1 
34444|Child_Avg|27: 2445 737 361 150 69 28 11 4 1 
34539|Child_Levy|48: 1935 704 382 151 73 35 12 5 1 
34575|Survivor|1|Mutated: 2161 758 337 139 61 28 12 5 1 
34749|Child_Levy|8: 2236 718 336 149 69 28 11 4 1 
34784|Child_Levy|48: 3116 864 350 239 91 30 13 5 1 
34817|Child_Avg|23: 2255 849 340 178 87 28 11 4 1 
34822|Child_Cross|21: 4300 1238 388 151 87 27 13 5 1 
34877|Survivor|1|Mutated: 7845 2160 739 292 116 68 25 11 6 1 
34893|Survivor|1: 1993 844 320 161 83 31 14 5 1 
34917|Child_Avg|39: 2146 1143 361 202 85 35 13 5 1 
34944|Child_Cross|13: 2939 972 371 177 85 27 14 4 1 
34966|Child_Cross|29: 2882 1037 418 194 93 32 13 5 1 
34989|Survivor|1|Mutated: 2882 843 360 194 93 32 13 5 1 
35010|Child_Levy|4: 2205 835 339 145 76 35 11 4 1 
35058|Child_Levy|48|Mutated: 2290 863 317 161 89 35 12 5 1 
35157|Child_Avg|47: 2358 749 312 131 72 32 11 4 1 
35235|Child_Cross|33: 2424 991 351 146 67 24 11 4 1 
35265|Survivor|1: 1961 729 376 141 67 35 11 4 1 
35300|Child_Cross|17: 2421 872 378 161 70 31 11 4 1 
35318|Survivor|1: 2046 644 286 123 74 28 12 5 1 
35370|Child_Levy|20: 7118 1840 669 227 90 38 17 5 1 
35445|Child_Levy|56: 2186 837 319 144 77 30 11 5 1 
35589|Child_Cross|50: 2148 737 326 133 69 29 14 4 1 
35598|Survivor|1|Mutated: 2364 737 326 133 69 29 14 4 1 
35625|Survivor|1: 8766 2450 949 281 156 71 23 10 4 1 
35704|Child_Levy|48|Mutated: 2807 784 353 190 69 28 12 5 1 
35727|Child_Levy|24: 2364 807 452 163 93 38 13 5 1 
35738|Child_Levy|24: 2077 761 355 141 88 30 11 5 1 
35774|Survivor|1|Mutated: 2819 931 351 199 63 32 13 5 1 
35851|Child_Avg|39|Mutated: 1759 692 301 126 58 28 11 4 1 
36017|Survivor|1: 2998 859 437 132 89 31 14 5 1 
36096|Child_Avg|27|Mutated: 2324 859 349 165 79 32 11 4 1 
36150|Survivor|1: 2251 793 372 200 96 37 12 5 1 
36172|Survivor|1: 2120 758 338 121 66 29 14 4 1 
36199|Child_Cross|38: 2455 913 373 162 95 32 13 4 1 
36253|Child_Cross|58: 2455 913 373 162 88 32 13 4 1 
36274|Child_Avg|35: 2332 961 377 161 74 25 14 4 1 
36278|Child_Cross|58|Mutated: 2057 961 377 161 86 28 12 5 1 
36363|Survivor|1: 3815 1078 456 191 88 36 11 4 1 
36414|Child_Avg|11: 2797 1025 453 163 78 31 10 4 1 
36426|Survivor|1: 2090 811 308 136 84 35 11 5 1 
36467|Child_Cross|62: 2823 962 350 157 75 28 11 4 1 
36480|Child_Cross|1: 3685 1026 468 163 77 32 12 5 1 
36550|Survivor|1: 2668 870 283 156 83 30 11 5 1 
36581|Survivor|1|Mutated: 3642 1065 556 298 132 67 30 11 5 1 
36625|Child_Cross|61: 5904 1563 854 382 143 76 36 13 4 1 
36723|Child_Avg|31|Mutated: 6130 1540 628 249 108 56 24 11 4 1 
36741|Survivor|1|Mutated: 6130 1540 628 249 108 56 24 11 5 1 
36743|Child_Cross|41: 6492 1540 628 249 108 56 24 11 5 1 
36754|Child_Cross|62: 2424 798 310 127 59 27 10 4 1 
36851|Survivor|1: 4295 1081 396 164 72 27 13 5 1 
36857|Child_Avg|43: 3095 831 323 136 72 27 13 5 1 
36968|Child_Levy|40: 2780 795 324 171 82 33 12 5 1 
37010|Child_Levy|56: 2049 831 319 149 71 24 11 4 1 
37080|Survivor|1: 2676 869 366 145 82 28 11 4 1 
37081|Survivor|1|Mutated: 3207 869 366 145 82 28 11 4 1 
37087|Child_Avg|7: 2344 729 355 141 77 28 11 4 1 
37112|Child_Cross|18: 2824 862 349 158 77 32 11 4 1 
37113|Survivor|1|Mutated: 2824 862 351 158 77 32 11 4 1 
37180|Survivor|1: 1910 833 344 176 83 30 14 5 1 
37246|Child_Cross|46: 2075 865 387 137 73 30 11 5 1 
37286|Child_Avg|3: 2656 890 368 159 72 27 10 4 1 
37421|Child_Levy|28: 2755 917 372 156 70 29 11 5 1 
37430|Child_Avg|23: 2373 1198 372 176 81 32 13 4 1 
37481|Survivor|1: 1913 809 285 137 72 28 13 4 1 
37602|Survivor|1: 3279 1164 595 192 78 31 14 4 1 
37608|Child_Levy|44: 2278 871 418 148 73 27 13 4 1 
37625|Child_Cross|2: 2392 886 411 150 71 35 11 4 1 
37713|Survivor|1: 3031 906 422 158 77 28 11 4 1 
37737|Child_Cross|49: 8091 1897 644 296 118 73 27 10 4 1 
37788|Child_Cross|1: 2716 1068 414 219 85 45 14 5 1 
37794|Child_Avg|27: 2816 978 389 190 84 37 13 4 1 
38025|Survivor|1: 2604 839 365 141 78 23 12 5 1 
38030|Child_Avg|31: 2368 776 341 130 82 28 11 4 1 
38144|Survivor|1: 2349 812 395 163 96 33 14 4 1 
38151|Child_Cross|30: 2349 812 395 163 74 29 11 5 1 
38339|Survivor|1: 2537 1005 350 185 87 30 13 6 1 
38366|Child_Cross|38: 3979 1206 488 195 91 37 14 4 1 
38461|Survivor|1: 2137 895 323 134 72 30 11 5 1 
38468|Survivor|1|Mutated: 2137 895 323 140 72 30 11 5 1 
38502|Child_Cross|33: 2822 939 418 175 84 30 13 6 1 
38509|Child_Levy|20: 2822 911 398 161 80 30 11 5 1 
38518|Child_Levy|56: 2669 802 313 156 75 29 13 6 1 
38525|Child_Levy|36: 2239 720 311 153 76 28 11 4 1 
38577|Survivor|1: 2757 726 280 141 66 23 12 5 1 
38597|Child_Cross|30: 2223 761 331 152 67 32 13 5 1 
38704|Survivor|1|Mutated: 1783 647 299 133 72 32 13 5 1 
38713|Survivor|1: 2617 699 330 174 73 30 11 5 1 
38754|Survivor|1: 2594 896 354 223 95 40 14 5 1 
38790|Child_Levy|4: 2835 775 403 213 88 33 12 5 1 
38855|Survivor|1: 9088 2527 1002 429 138 70 30 9 4 1 
38868|Child_Levy|32: 2315 792 292 135 78 30 11 5 1 
38870|Child_Cross|33: 6890 1874 761 335 123 71 29 11 5 1 
38962|Child_Cross|22: 2866 1110 338 182 83 37 13 5 1 
38967|Child_Avg|7: 3158 997 397 148 79 33 14 6 1 
38968|Child_Cross|42: 2866 1110 338 182 97 34 16 5 1 
38973|Survivor|1|Mutated: 3091 1108 338 182 97 34 16 5 1 
39038|Survivor|1: 2344 845 346 171 76 31 11 4 1 
39069|Survivor|1|Mutated: 2344 918 346 171 76 31 11 4 1 
39121|Survivor|1: 2198 804 317 111 69 30 11 5 1 
39212|Survivor|1: 2408 729 316 139 68 31 13 4 1 
39550|Child_Levy|20: 2722 805 294 148 93 35 13 5 1 
39564|Survivor|1|Mutated: 2609 805 294 148 93 35 13 5 1 
39654|Survivor|1: 2229 777 326 133 71 33 13 4 1 
39733|Child_Avg|35|Mutated: 2197 903 307 138 79 32 13 4 1 
39736|Survivor|1: 2409 903 307 138 79 32 13 4 1 
39786|Survivor|1: 3878 826 351 143 90 35 12 5 1 
39794|Child_Levy|28: 3100 1353 509 250 88 35 12 5 1 
39828|Child_Avg|7: 2711 1199 447 207 88 35 12 5 1 
39848|Survivor|1: 3120 1052 424 189 101 32 11 4 1 
39949|Survivor|1|Mutated: 2047 709 342 154 91 27 13 5 1 
40094|Child_Avg|59: 2856 945 347 162 77 28 13 4 1 
40230|Child_Cross|17: 2857 857 358 163 63 28 11 4 1 
40260|Survivor|1: 1812 693 306 135 79 29 11 5 1 
40352|Survivor|1: 2447 793 351 140 61 27 11 4 1 
40428|Survivor|1: 3521 993 353 153 79 36 13 4 1 
40433|Survivor|1: 2737 872 363 151 83 36 13 4 1 
40537|Survivor|1|Mutated: 7056 2120 706 277 149 63 27 10 4 1 
40550|Child_Cross|5: 6640 1835 678 322 145 63 27 10 4 1 
40673|Survivor|1: 2353 923 450 191 72 40 13 5 1 
40709|Survivor|1: 2030 792 313 138 72 32 11 4 1 
40717|Child_Avg|3: 3195 899 393 176 80 30 11 5 1 
40754|Survivor|1: 2915 1030 467 232 87 41 13 4 1 
40777|Survivor|1: 1974 830 310 164 67 35 11 4 1 
40798|Survivor|1: 7906 1854 617 302 119 83 31 11 4 1 
40826|Survivor|1: 7470 1990 848 350 153 61 29 9 5 1 
40836|Child_Cross|50: 6407 1531 710 304 165 72 27 10 4 1 
40840|Survivor|1|Mutated: 7003 1531 710 304 165 72 27 10 4 1 
40843|Child_Cross|62: 6705 1531 710 304 165 72 27 10 4 1 
40888|Child_Cross|18: 3773 1076 331 143 86 27 13 5 1 
40984|Survivor|1: 2635 769 400 185 76 28 11 4 1 
41022|Child_Cross|29: 3461 863 324 190 86 35 12 5 1 
41070|Survivor|1|Mutated: 2307 739 313 153 59 27 13 5 1 
41157|Child_Levy|48: 2681 818 310 135 74 31 14 5 1 
41182|Child_Cross|46: 3064 933 378 144 84 35 13 5 1 
41203|Child_Levy|32: 2238 765 330 150 73 27 13 5 1 
41252|Child_Levy|12: 2987 1144 465 177 79 31 11 4 1 
41282|Survivor|1|Mutated: 3626 1112 342 143 69 35 11 5 1 
41370|Child_Levy|60: 2118 744 337 155 77 30 11 5 1 
41553|Survivor|1|Mutated: 2867 850 361 178 90 27 13 5 1 
41586|Child_Levy|56: 2852 1300 448 162 93 32 13 5 1 
41631|Child_Avg|39: 1886 716 318 157 67 32 11 4 1 
41662|Child_Cross|14: 2942 845 397 179 93 37 13 4 1 
41848|Survivor|1: 2612 1041 391 185 85 33 10 4 1 
42103|Survivor|1: 2349 908 292 133 67 29 11 5 1 
42163|Child_Levy|48: 2044 717 319 147 74 32 13 4 1 
42178|Child_Cross|17: 2257 769 367 153 77 29 14 4 1 
42275|Child_Cross|18: 3048 1062 479 173 96 36 13 4 1 
42281|Child_Avg|19: 4070 1155 396 162 74 28 13 4 1 
42310|Survivor|1: 1934 999 365 156 89 35 13 5 1 
42316|Child_Avg|15: 2335 757 353 182 87 32 13 4 1 
42336|Child_Avg|35: 2821 775 333 161 62 28 13 4 1 
42382|Survivor|1: 4092 907 427 162 79 32 11 4 1 
42400|Survivor|1|Mutated: 3680 1205 461 177 73 32 13 4 1 
42425|Child_Levy|28: 2929 1071 330 154 85 35 13 5 1 
42560|Survivor|1: 2908 947 563 180 76 34 11 5 1 
42576|Child_Cross|34: 6322 2475 935 420 157 76 34 11 5 1 
42609|Child_Cross|45: 2127 773 346 161 79 32 11 4 1 
42618|Survivor|1: 2920 1021 401 190 94 33 12 5 1 
42672|Survivor|1: 3300 1074 404 165 89 35 11 5 1 
42678|Child_Cross|45: 2942 867 355 154 89 35 11 5 1 
42709|Child_Avg|23: 2691 734 294 153 82 28 12 5 1 
42793|Child_Cross|38: 3296 1054 462 191 91 32 13 4 1 
42858|Survivor|1: 2593 942 365 154 83 37 11 5 1 
42877|Survivor|1: 2593 942 365 154 84 33 10 4 1 
42952|Survivor|1: 3828 1014 440 181 107 32 13 4 1 
42956|Child_Avg|15: 2293 861 333 158 77 31 11 5 1 
42959|Child_Levy|40: 2288 753 323 131 81 32 13 5 1 
42967|Survivor|1: 2288 865 323 131 81 32 13 5 1 
42980|Child_Cross|37: 7793 3085 1190 387 138 76 29 13 6 1 
43139|Child_Cross|50|Mutated: 2656 1231 421 184 83 36 13 4 1 
43188|Child_Cross|61: 5633 1768 624 304 135 71 28 11 4 1 
43193|Child_Cross|33: 2992 1049 426 154 89 40 13 5 1 
43219|Child_Avg|7: 4099 1143 412 191 100 36 13 4 1 
43262|Survivor|1: 2940 895 339 129 63 31 11 4 1 
43277|Child_Avg|51: 2855 857 323 146 79 29 11 5 1 
43365|Survivor|1: 4220 1107 467 148 78 32 11 4 1 
43423|Survivor|1: 2906 1119 422 197 94 34 11 5 1 
43440|Child_Cross|46: 2850 876 349 133 66 30 13 5 1 
43451|Survivor|1: 2094 787 278 137 71 28 11 4 1 
43465|Survivor|1|Mutated: 4526 1529 580 258 103 66 28 12 5 1 
43497|Child_Cross|22: 2681 871 359 157 73 24 11 5 1 
43586|Child_Cross|21: 3918 1479 559 306 113 64 28 11 4 1 
43642|Child_Levy|36: 2173 686 307 143 74 28 12 5 1 
43656|Survivor|1: 1843 627 272 125 71 28 12 5 1 
43690|Survivor|1: 2428 722 354 132 69 29 14 4 1 
43715|Child_Avg|27: 2462 739 344 139 69 30 11 5 1 
43836|Child_Levy|44: 3581 1147 497 251 112 65 24 11 5 1 
43860|Survivor|1|Mutated: 2653 861 408 188 74 31 13 4 1 
43868|Survivor|1: 2927 952 477 197 78 29 15 4 1 
43902|Child_Avg|7: 2250 755 346 135 79 32 13 4 1 
43944|Child_Cross|21: 4028 1280 519 228 96 37 14 4 1 
43984|Survivor|1|Mutated: 4028 1280 569 228 96 37 14 4 1 
43986|Child_Levy|8: 2963 898 466 177 91 37 13 5 1 
44125|Survivor|1: 1953 764 311 126 64 24 11 5 1 
44131|Child_Avg|63: 2801 862 319 122 64 24 11 5 1 
44155|Child_Avg|35: 2886 950 360 184 79 31 11 4 1 
44298|Survivor|1: 6596 1504 671 316 137 97 30 11 5 1 
44537|Child_Levy|44: 6526 1821 706 272 132 71 32 11 4 1 
44540|Child_Cross|17: 6526 1821 706 272 132 71 29 11 4 1 
44589|Child_Avg|63: 2761 1067 369 159 78 31 14 4 1 
44590|Child_Avg|51: 3974 1229 460 190 81 31 13 4 1 
44603|Survivor|1|Mutated: 3974 1391 460 194 81 31 14 5 1 
44626|Child_Avg|31: 2158 808 332 141 63 27 14 4 1 
44647|Child_Cross|50: 4056 1224 473 172 71 37 12 5 1 
44651|Child_Cross|58: 2836 876 383 170 92 30 11 5 1 
44845|Survivor|1: 2764 796 352 131 81 32 11 4 1 
44874|Survivor|1: 1999 763 353 139 78 35 11 4 1 
44888|Survivor|1: 2260 669 335 149 80 30 11 5 1 
44922|Survivor|1|Mutated: 3070 1073 372 158 87 39 14 4 1 
45026|Survivor|1: 6456 1438 449 235 97 40 14 5 1 
45277|Survivor|1: 2894 1274 500 180 99 37 13 4 1 
45331|Survivor|1: 1865 760 314 123 65 30 11 5 1 
45338|Child_Levy|48: 2203 861 307 135 71 29 10 4 1 
45368|Child_Levy|8: 2404 956 373 148 64 29 11 5 1 
45404|Child_Avg|23: 2018 815 307 130 64 28 11 4 1 
45426|Survivor|1: 3122 1185 340 143 77 28 12 5 1 
45442|Child_Levy|44: 2291 807 280 128 69 28 11 4 1 
45571|Child_Avg|63: 3246 1065 427 174 90 35 12 5 1 
45610|Child_Cross|21: 2042 717 287 134 58 33 12 5 1 
45630|Survivor|1: 2411 744 357 122 77 26 14 5 1 
45640|Child_Cross|34: 2493 1004 361 176 78 33 14 6 1 
45642|Child_Cross|2: 2768 848 343 166 78 33 14 6 1 
45644|Child_Levy|44: 3981 1045 387 175 76 36 11 5 1 
45663|Child_Avg|31: 2376 689 272 137 76 35 12 5 1 
45664|Child_Avg|43: 3178 867 329 156 76 35 11 5 1 
45764|Child_Avg|23: 2887 921 351 138 85 33 12 5 1 
45847|Child_Cross|26: 3017 1021 421 182 90 37 12 5 1 
45950|Child_Levy|16|Mutated: 2659 1076 376 173 89 31 14 5 1 
45976|Survivor|1: 6327 1920 616 279 121 81 32 11 4 1 
45994|Survivor|1|Mutated: 7284 2066 611 293 125 63 28 11 4 1 
46045|Survivor|1: 2476 826 315 142 65 28 11 4 1 
46106|Survivor|1: 7795 1774 726 332 173 57 23 14 4 1 
46111|Survivor|1|Mutated: 7740 1774 866 332 147 57 23 14 4 1 
46141|Survivor|1: 7740 1774 866 332 129 57 23 14 4 1 
46147|Child_Levy|12: 2752 1007 424 162 78 35 12 5 1 
46157|Child_Cross|9: 3273 1103 438 181 78 35 12 5 1 
46166|Child_Avg|51: 2188 770 309 134 78 35 12 5 1 
46265|Survivor|1: 2978 772 355 177 66 32 13 4 1 
46271|Child_Cross|6: 6533 2338 776 428 161 66 32 13 4 1 
46334|Child_Levy|36: 2906 870 320 147 78 28 12 5 1 
46382|Child_Levy|16: 2327 985 425 142 86 35 11 5 1 
46394|Survivor|1: 2327 985 363 142 86 35 11 5 1 
46455|Random|5: 2456 945 410 185 79 32 13 4 1 
46468|Survivor|1|Mutated: 2733 945 410 185 79 32 13 4 1 
46474|Child_Cross|13: 9082 2034 662 389 185 79 32 13 4 1 
46496|Child_Cross|61: 6961 1639 684 325 135 57 28 13 4 1 
46499|Survivor|1|Mutated: 6961 1418 684 325 135 57 28 13 4 1 
46501|Child_Cross|46: 7510 1481 682 317 134 64 31 14 6 1 
46543|Survivor|1: 2892 861 470 223 68 35 13 6 1 
46553|Child_Cross|25|Mutated: 7989 2031 843 323 188 68 35 13 6 1 
46573|Child_Avg|31: 2119 890 345 130 59 28 11 4 1 
46576|Child_Levy|32: 2304 919 390 159 69 28 12 5 1 
46589|Survivor|1|Mutated: 2304 899 349 159 69 28 12 5 1 
46608|Survivor|1: 7362 1601 700 295 130 67 27 11 4 1 
46716|Survivor|1: 2270 852 413 210 75 28 11 4 1 
46834|Child_Avg|19: 6845 1878 788 299 153 55 23 10 4 1 
46888|Survivor|1: 3682 1087 388 191 92 30 12 5 1 
46895|Child_Cross|62: 3601 1374 409 156 67 35 12 5 1 
47053|Child_Levy|20: 2107 735 349 146 74 27 13 5 1 
47123|Survivor|1: 2164 711 354 145 68 31 13 4 1 
47164|Survivor|1: 2988 1032 333 167 70 31 11 4 1 
47285|Survivor|1: 3126 935 336 151 75 28 13 4 1 
47339|Survivor|1|Mutated: 5480 1692 684 275 139 66 29 9 4 1 
47370|Child_Cross|45: 2611 862 357 178 70 29 11 5 1 
47494|Child_Avg|19: 3013 1087 405 185 98 32 13 4 1 
47528|Child_Avg|23|Mutated: 2282 639 261 141 68 25 11 5 1 
47617|Survivor|1: 2904 935 339 143 78 31 10 4 1 
47637|Survivor|1: 2404 980 449 145 84 30 11 5 1 
47675|Child_Levy|48: 2167 864 420 162 92 29 16 5 1 
47733|Child_Cross|41: 3755 1035 511 196 103 34 16 5 1 
47772|Survivor|1: 2559 740 308 159 73 33 12 5 1 
47799|Survivor|1: 8681 2071 804 240 130 63 28 11 4 1 
47801|Survivor|1|Mutated: 8681 2202 804 240 116 63 28 11 4 1 
47841|Child_Levy|20|Mutated: 2432 875 281 142 61 30 13 5 1 
47843|Survivor|1: 2866 842 322 153 68 27 11 4 1 
47938|Child_Avg|51: 2881 1058 364 159 93 32 13 5 1 
47939|Child_Avg|51: 2093 822 292 134 88 31 14 6 1 
47993|Survivor|1|Mutated: 2479 945 313 142 82 32 13 4 1 
47994|Child_Avg|39: 2934 1158 401 150 81 29 14 4 1 
48028|Survivor|1: 2407 734 305 158 83 27 13 5 1 
48039|Survivor|1|Mutated: 2223 734 305 158 83 27 13 5 1 
48101|Child_Cross|37: 8385 1932 700 313 127 82 33 12 5 1 
48104|Survivor|1|Mutated: 8385 1932 700 313 127 82 40 12 5 1 
48179|Child_Cross|1: 1877 779 325 155 78 33 14 4 1 
48213|Survivor|1: 2681 853 364 139 80 28 11 4 1 
48319|Survivor|1: 2430 948 368 147 63 36 13 4 1 
48357|Survivor|1: 3954 1378 535 235 106 54 19 10 4 1 
48388|Child_Avg|59: 2637 875 357 139 74 32 13 5 1 
48456|Child_Cross|54: 2659 834 317 134 72 32 13 5 1 
48519|Child_Avg|31: 2225 778 300 119 74 27 13 5 1 
48559|Survivor|1: 6682 2850 831 426 153 77 41 13 4 1 
48564|Child_Cross|26: 2445 932 368 140 85 31 14 5 1 
48574|Survivor|1|Mutated: 2445 932 368 145 85 31 14 5 1 
48575|Survivor|1|Mutated: 2110 932 368 145 85 31 14 5 1 
48588|Survivor|1|Mutated: 2145 932 368 145 85 31 14 5 1 
48590|Child_Avg|39: 2028 878 327 132 75 28 13 4 1 
48631|Child_Levy|32: 2082 881 324 173 76 29 14 4 1 
48660|Survivor|1: 3692 1177 412 165 87 28 12 5 1 
48663|Child_Levy|24: 2364 735 347 171 91 35 13 6 1 
48669|Survivor|1|Mutated: 2364 735 347 171 80 35 13 6 1 
48723|Child_Avg|43: 2339 907 384 162 72 29 10 4 1 
48764|Survivor|1: 2653 967 378 183 86 31 10 4 1 
48776|Child_Levy|48: 2778 948 459 232 78 35 11 5 1 
48791|Child_Cross|10: 3791 940 513 148 76 35 12 5 1 
48911|Survivor|1: 2499 1007 374 172 96 35 12 5 1 
48917|Child_Avg|39: 2239 858 358 137 77 32 11 4 1 
48979|Child_Avg|31: 2781 857 373 154 69 28 11 4 1 
49004|Child_Cross|18: 2756 861 466 189 90 35 12 5 1 
49009|Survivor|1|Mutated: 2756 781 466 189 90 35 12 5 1 
49022|Survivor|1|Mutated: 2756 781 466 201 90 35 12 5 1 
49050|Survivor|1|Mutated: 2756 827 519 201 90 35 12 5 1 
49053|Survivor|1|Mutated: 2756 827 519 201 90 35 13 5 1 
49082|Child_Avg|11|Mutated: 2525 699 295 143 74 31 14 5 1 
49097|Survivor|1: 2525 836 295 143 74 31 14 5 1 
49206|Child_Levy|20: 3111 906 372 158 82 29 11 5 1 
49228|Survivor|1: 1919 661 287 133 70 30 11 5 1 
49280|Child_Levy|44: 2640 989 364 183 90 35 12 5 1 
49297|Child_Avg|7: 2285 869 336 154 87 35 11 5 1 
49416|Survivor|1|Mutated: 9289 1952 602 307 169 76 27 14 4 1 
49524|Survivor|1|Mutated: 2082 846 351 149 81 30 12 5 1 
49538|Survivor|1: 2084 900 405 166 87 35 12 5 1 
49573|Survivor|1: 2809 1147 487 246 86 38 13 5 1 
49602|Survivor|1: 2293 793 349 152 67 32 11 4 1 
49716|Survivor|1: 2159 812 318 146 93 35 11 5 1 
49744|Child_Levy|60: 2440 770 383 183 78 32 13 5 1 
49789|Child_Cross|30: 3214 957 358 149 81 31 11 4 1 
49832|Child_Avg|35: 6091 1910 714 339 156 65 31 11 4 1 
49980|Survivor|1: 2306 821 325 150 69 31 10 4 1 
50024|Child_Cross|22: 3112 1086 550 175 92 32 11 4 1 
50107|Survivor|1: 2909 832 320 146 77 32 11 4 1 
84|Child_Cross|33: 4005 1130 471 210 97 36 13 4 1 
164|Survivor|1: 2421 874 390 177 80 43 14 4 1 
222|Survivor|1: 3192 1257 367 184 97 40 13 5 1 
233|Child_Avg|3: 2311 682 292 141 75 29 11 5 1 
359|Survivor|1: 2349 700 305 149 79 28 13 4 1 
362|Child_Avg|39: 2783 793 325 158 77 28 11 4 1 
404|Survivor|1: 2575 1084 377 139 79 32 11 4 1 
621|Survivor|1: 2296 812 331 161 89 35 12 5 1 
685|Child_Cross|53: 2678 908 324 156 89 31 14 4 1 
735|Child_Cross|38: 3565 1364 562 263 129 61 35 12 5 1 
751|Child_Cross|21: 2116 815 375 146 67 31 11 4 1 
782|Survivor|1: 1951 800 293 179 73 30 12 5 1 
825|Child_Cross|42|Mutated: 3119 1104 396 169 88 41 13 4 1 
837|Survivor|1: 3119 1186 396 193 88 41 13 4 1 
847|Survivor|1: 2857 1201 398 229 107 36 13 4 1 
882|Child_Avg|19: 2941 1049 439 218 74 28 13 4 1 
883|Survivor|1|Mutated: 2692 1049 439 218 74 28 13 4 1 
993|Child_Levy|12: 2875 935 394 181 73 30 11 5 1 
1003|Survivor|1|Mutated: 2875 789 394 181 73 30 11 5 1 
1026|Survivor|1: 2425 832 334 131 65 28 12 5 1 
1032|Survivor|1: 3098 906 421 176 90 31 11 4 1 
1090|Survivor|1: 3704 961 379 169 74 36 11 4 1 
1097|Survivor|1|Mutated: 3704 961 379 192 74 29 11 5 1 
1102|Child_Avg|43: 3108 834 335 170 72 30 11 5 1 
1121|Child_Cross|1: 2909 923 302 133 69 30 11 4 1 
1123|Child_Cross|5: 3006 916 338 146 77 35 12 5 1 
1131|Survivor|1: 2646 916 338 146 77 35 12 5 1 
1137|Child_Levy|16: 3883 1013 542 214 90 35 13 5 1 
1292|Survivor|1|Mutated: 4316 1680 533 290 125 63 27 11 4 1 
1415|Survivor|1|Mutated: 3521 1037 451 173 82 33 12 5 1 
1476|Survivor|1: 3923 1189 391 176 74 36 11 5 1 
1536|Child_Cross|61: 3114 862 302 161 78 35 11 5 1 
1610|Survivor|1: 2904 1079 305 204 74 33 12 5 1 
1691|Child_Levy|16: 2725 1155 367 161 87 28 12 5 1 
1731|Survivor|1: 3511 1093 462 210 78 35 13 6 1 
1734|Child_Levy|24: 1838 714 308 155 75 32 13 4 1 
1779|Survivor|1|Mutated: 2643 1196 411 150 98 31 14 5 1 
1819|Child_Cross|45: 3667 993 437 195 81 29 11 5 1 
1833|Child_Levy|52: 2603 728 355 153 79 29 11 5 1 
1939|Child_Cross|9: 2385 918 335 139 84 35 12 5 1 
1999|Child_Cross|34: 7188 1911 726 289 132 76 30 11 5 1 
2175|Child_Avg|63: 2284 848 356 151 77 28 11 4 1 
2288|Child_Cross|14: 3642 1155 362 143 88 40 14 5 1 
2305|Child_Avg|11: 2045 751 316 138 76 35 12 5 1 
2317|Child_Cross|14: 1839 733 302 143 69 35 11 4 1 
2431|Child_Cross|29: 2187 827 361 159 76 28 13 4 1 
2476|Child_Cross|62: 2043 726 307 128 78 30 11 5 1 
2631|Survivor|1|Mutated: 2154 820 364 158 87 35 14 5 1 
2644|Survivor|1|Mutated: 2154 820 364 158 87 35 12 5 1 
2681|Child_Cross|29: 2219 683 304 131 87 35 12 5 1 
2777|Child_Levy|52: 2321 862 339 141 61 32 11 4 1 
2783|Survivor|1: 2393 927 339 141 61 32 11 4 1 
2857|Child_Cross|45: 2929 956 401 168 87 37 14 4 1 
2879|Survivor|1: 2461 848 334 151 80 36 13 4 1 
2928|Child_Levy|64: 2697 746 279 127 62 23 12 5 1 
2942|Child_Avg|43: 4282 1152 455 187 76 31 11 4 1 
3023|Child_Cross|13: 2181 820 351 137 75 40 14 5 1 
3092|Child_Cross|22: 9819 3897 1066 425 176 87 36 14 5 1 
3094|Child_Cross|26: 2834 938 398 165 87 36 14 5 1 
3119|Survivor|1|Mutated: 2773 1003 362 142 89 35 11 5 1 
3148|Child_Levy|4|Mutated: 7399 1723 715 276 110 63 29 10 4 1 
3174|Child_Cross|46: 5531 1405 569 225 92 31 14 5 1 
3187|Child_Avg|59: 3190 852 360 170 77 28 15 4 1 
3255|Child_Levy|52|Mutated: 2097 820 314 137 68 25 11 5 1 
3276|Child_Cross|17: 4153 1137 437 184 85 45 13 5 1 
3315|Child_Avg|31|Mutated: 2405 779 390 166 79 32 11 4 1 
3325|Survivor|1: 1931 779 390 166 79 32 11 4 1 
3391|Child_Avg|51: 2151 877 312 146 76 27 10 4 1 
3485|Child_Levy|32: 2267 704 290 127 73 25 11 5 1 
3610|Child_Levy|52: 2677 852 380 193 91 35 13 5 1 
3616|Child_Levy|36: 2031 826 332 153 74 28 12 5 1 
3699|Survivor|1|Mutated: 2612 1062 374 159 89 40 11 5 1 
3818|Survivor|1: 2438 846 351 139 81 32 13 5 1 
3939|Child_Avg|43: 2906 1054 390 185 72 35 14 6 1 
4020|Child_Levy|16: 2875 972 374 149 61 28 12 5 1 
4212|Child_Cross|10: 2121 822 335 143 73 36 11 5 1 
4322|Child_Levy|44: 2591 1003 442 166 89 36 13 4 1 
4326|Survivor|1|Mutated: 2936 1003 442 196 89 36 13 4 1 
4328|Child_Levy|40: 1967 733 326 173 87 32 13 5 1 
4332|Child_Cross|54: 1967 733 326 173 85 32 13 5 1 
4377|Child_Levy|8: 3735 1373 610 225 85 31 14 5 1 
4396|Child_Avg|35: 2423 934 406 169 83 30 12 5 1 
4422|Survivor|1: 7489 1956 861 363 118 66 24 11 4 1 
4518|Child_Avg|3: 2742 847 359 157 61 31 11 4 1 
4561|Child_Levy|20|Mutated: 7023 2379 704 373 167 75 27 13 5 1 
4674|Child_Levy|52: 3109 1057 385 185 81 30 11 5 1 
4682|Survivor|1|Mutated: 3515 1057 385 185 81 30 11 5 1 
4818|Child_Avg|47: 2603 794 385 156 65 27 10 4 1 
4877|Survivor|1: 2279 998 409 156 74 36 11 6 1 
4981|Survivor|1: 2165 687 311 132 64 29 9 4 1 
5026|Survivor|1|Mutated: 8786 2286 749 314 120 71 26 14 5 1 
5090|Child_Levy|8: 2453 793 350 176 71 25 11 5 1 
5092|Survivor|1|Mutated: 2453 852 350 176 71 25 11 5 1 
5103|Child_Levy|36|Mutated: 2692 768 365 155 71 23 14 4 1 
5120|Survivor|1: 3950 1166 424 172 81 39 11 4 1 
5123|Child_Levy|40: 2841 790 356 146 69 31 10 4 1 
5174|Child_Cross|37: 2379 922 435 166 74 32 13 4 1 
5179|Survivor|1: 2334 1009 364 152 73 32 11 4 1 
5302|Child_Levy|20: 2604 934 391 155 72 28 13 4 1 
5311|Child_Levy|16: 2355 731 374 158 61 31 14 5 1 
5345|Child_Cross|62: 6155 1464 541 202 99 31 16 6 1 
5358|Survivor|1: 4488 1067 404 143 82 30 14 5 1 
5373|Child_Levy|60: 2815 826 307 126 82 29 16 5 1 
5385|Child_Cross|41: 4199 1218 449 166 93 36 13 6 1 
5386|Child_Avg|31|Mutated: 2260 806 311 133 74 28 12 5 1 
5460|Child_Avg|47: 3825 1073 346 157 75 28 11 4 1 
5644|Child_Levy|4: 2475 768 428 143 62 28 12 5 1 
5649|Child_Cross|6: 2044 717 280 119 62 28 12 5 1 
5663|Child_Cross|10: 2821 983 356 177 80 35 11 5 1 
5698|Child_Levy|40: 1964 834 372 210 77 31 14 5 1 
5867|Survivor|1|Mutated: 2059 773 340 155 86 32 13 5 1 
5875|Child_Cross|53: 2059 773 340 155 67 32 13 4 1 
5886|Survivor|1: 2619 747 335 141 58 27 10 4 1 
5946|Survivor|1: 2353 927 335 142 79 31 11 5 1 
6060|Survivor|1: 1948 873 336 132 79 29 14 4 1 
6064|Survivor|1: 2253 759 324 132 74 25 11 5 1 
6109|Survivor|1: 2720 813 451 161 93 30 14 5 1 
6193|Child_Levy|36: 2229 891 374 155 74 33 12 5 1 
6306|Child_Avg|31|Mutated: 2556 772 330 149 83 36 13 4 1 
6340|Child_Avg|63: 2028 709 317 149 67 32 11 4 1 
6462|Child_Cross|61: 1707 767 311 149 84 35 12 5 1 
6535|Child_Cross|17: 6041 1996 856 334 137 65 31 11 4 1 
6541|Survivor|1|Mutated: 6041 1801 856 334 137 65 31 11 4 1 
6683|Survivor|1: 2481 1033 369 181 91 35 12 5 1 
6714|Child_Levy|44: 1884 752 308 142 87 33 14 6 1 
6803|Child_Levy|48: 2509 787 413 164 77 27 13 5 1 
6813|Survivor|1|Mutated: 1947 741 320 125 76 28 11 4 1 
6820|Child_Cross|49: 2938 807 318 127 69 27 10 4 1 
6983|Child_Avg|27: 2896 811 365 136 66 30 11 5 1 
7013|Child_Cross|21: 2896 709 365 136 80 30 11 5 1 
7038|Child_Levy|4: 2949 822 338 194 77 33 12 5 1 
7070|Child_Cross|26: 2305 743 316 141 75 29 11 5 1 
7110|Child_Avg|43: 2442 784 318 151 72 31 11 4 1 
7138|Survivor|1: 2843 832 320 147 81 31 13 4 1 
7264|Survivor|1|Mutated: 2383 743 371 158 77 35 13 5 1 
7301|Survivor|1: 2504 743 371 158 77 35 13 6 1 
7469|Survivor|1: 2303 912 320 127 69 28 11 4 1 
7533|Survivor|1: 5691 1524 676 309 118 65 27 10 4 1 
7599|Survivor|1: 2876 1146 399 190 82 39 11 4 1 
7645|Child_Cross|49: 2525 911 368 169 88 31 14 4 1 
7647|Survivor|1|Mutated: 2865 911 368 169 88 31 14 5 1 
7694|Child_Cross|38: 2595 846 389 199 96 34 16 5 1 
7708|Survivor|1: 7440 2036 878 339 132 74 35 14 4 1 
7745|Child_Levy|20: 2287 740 320 151 77 35 12 5 1 
7899|Child_Levy|40: 3741 972 340 151 80 31 14 5 1 
7922|Child_Cross|10|Mutated: 3776 1073 409 177 71 34 11 5 1 
7930|Survivor|1: 4114 1115 464 180 91 41 14 6 1 
7947|Child_Levy|24: 2844 890 375 154 83 39 14 6 1 
7949|Child_Avg|39: 2687 1103 421 172 70 30 11 5 1 
7954|Child_Avg|15: 2696 1022 387 156 73 30 11 5 1 
8102|Child_Levy|48: 2294 885 330 138 88 32 13 5 1 
8156|Child_Cross|18: 3102 894 347 177 90 35 12 5 1 
8166|Child_Cross|57: 2998 947 377 177 91 31 14 4 1 
8250|Child_Avg|55: 6378 1432 538 227 93 35 11 5 1 
8279|Child_Avg|43: 2982 991 458 191 79 32 13 4 1 
8369|Survivor|1: 3057 802 340 132 74 31 11 4 1 
8372|Survivor|1|Mutated: 2847 802 340 132 74 31 11 4 1 
8390|Survivor|1: 2113 694 304 115 64 30 12 5 1 
8517|Survivor|1|Mutated: 6957 2089 713 389 148 58 24 11 5 1 
8539|Survivor|1|Mutated: 7477 2089 601 314 148 58 24 11 5 1 
8540|Child_Levy|16: 2294 753 372 146 74 29 10 4 1 
8727|Child_Cross|41: 2442 1032 373 140 72 27 13 5 1 
8848|Survivor|1: 3491 1029 400 185 89 35 13 5 1 
8874|Child_Avg|31: 2760 842 358 169 89 35 11 5 1 
9122|Child_Cross|45: 3102 1334 391 182 73 35 11 5 1 
9132|Child_Cross|26: 2577 977 374 167 73 35 11 5 1 
9200|Child_Levy|52: 2533 996 361 177 81 36 13 4 1 
9320|Survivor|1|Mutated: 2107 662 327 125 71 28 12 5 1 
9325|Child_Cross|10: 2036 695 309 117 71 28 12 5 1 
9390|Survivor|1: 1986 744 304 120 75 27 13 5 1 
9640|Child_Avg|23: 2721 800 313 127 78 35 12 5 1 
9642|Survivor|1|Mutated: 2759 808 299 127 78 35 12 5 1 
9703|Child_Levy|12: 3078 1260 478 181 86 35 12 5 1 
9729|Child_Cross|53: 2121 906 316 143 86 35 12 5 1 
9767|Survivor|1: 3893 1337 421 177 82 35 14 5 1 
9775|Child_Avg|15: 2823 972 362 140 75 27 13 5 1 
9895|Survivor|1: 2473 891 317 153 76 28 13 4 1 
10171|Child_Avg|59: 2575 1038 413 165 70 31 11 4 1 
10227|Child_Cross|26: 3548 1090 461 171 86 40 14 5 1 
10289|Survivor|1: 2718 944 335 143 100 30 11 5 1 
10398|Child_Levy|36: 2614 797 343 163 79 29 11 5 1 
10471|Child_Cross|13: 3510 1059 452 162 97 30 11 5 1 
10577|Survivor|1: 3120 769 304 151 71 25 11 5 1 
10592|Child_Cross|33: 2428 1074 377 186 79 32 11 4 1 
10595|Child_Levy|28: 2897 892 373 138 79 37 13 5 1 
10678|Survivor|1: 2298 778 482 159 91 35 13 5 1 
10716|Survivor|1: 2759 908 377 158 75 33 13 5 1 
10717|Survivor|1|Mutated: 2759 812 377 158 75 33 13 5 1 
10854|Child_Avg|59: 1963 913 349 150 72 32 11 4 1 
10855|Child_Cross|30: 2202 749 338 131 72 32 11 4 1 
10902|Child_Levy|40|Mutated: 5858 1627 734 301 134 58 24 9 4 1 
10961|Child_Avg|63: 2304 834 321 142 67 31 11 4 1 
11020|Survivor|1|Mutated: 7245 2217 602 360 134 79 32 13 4 1 
11117|Child_Cross|30: 4137 1278 382 177 75 35 11 4 1 
11125|Survivor|1|Mutated: 4155 1278 382 177 75 35 11 5 1 
11172|Child_Cross|61: 2319 924 346 159 82 35 13 5 1 
11303|Child_Levy|40: 2781 1018 360 203 88 43 13 5 1 
11419|Child_Cross|25: 3679 1082 455 174 73 36 13 4 1 
11462|Child_Cross|42: 5761 2010 895 332 143 65 25 11 5 1 
11500|Survivor|1: 3833 1308 512 237 101 51 23 10 4 1 
11639|Child_Levy|36: 2215 756 264 137 69 28 11 4 1 
11670|Survivor|1: 3033 961 414 149 85 35 11 5 1 
11672|Child_Avg|27: 1767 676 354 163 81 35 13 5 1 
11742|Survivor|1: 2975 792 374 147 69 27 10 4 1 
11871|Child_Levy|32: 2718 794 410 139 70 27 10 4 1 
11897|Child_Avg|59: 2882 1071 396 152 83 27 11 4 1 
11934|Child_Avg|63: 2112 815 366 187 78 32 11 4 1 
11936|Child_Levy|56: 2123 879 307 153 75 29 11 5 1 
11970|Child_Cross|41: 2004 715 294 125 76 28 11 4 1 
12003|Child_Avg|31: 3217 1164 438 193 88 32 11 4 1 
12007|Survivor|1|Mutated: 3250 1164 438 173 88 32 13 4 1 
12020|Child_Levy|52: 2892 893 358 172 83 31 14 5 1 
12043|Survivor|1: 3716 975 366 180 73 27 11 4 1 
12092|Survivor|1: 1767 873 332 135 69 30 11 5 1 
12167|Survivor|1: 2893 941 350 157 90 32 11 4 1 
12180|Child_Levy|36|Mutated: 3969 1401 572 291 156 76 29 13 6 1 
12203|Survivor|1|Mutated: 2128 722 316 165 74 27 13 5 1 
12247|Survivor|1: 8723 2242 676 284 97 65 28 11 4 1 
12294|Survivor|1|Mutated: 2601 789 338 142 68 25 11 5 1 
12402|Child_Avg|59: 3447 1022 361 165 71 29 10 4 1 
12431|Child_Avg|27: 2342 715 315 147 71 28 11 4 1 
12454|Survivor|1: 2710 962 440 155 77 33 13 4 1 
12473|Survivor|1: 2772 1057 395 159 61 33 10 6 1 
12542|Child_Cross|38: 2624 876 356 149 79 31 11 4 1 
12677|Child_Levy|24: 2653 987 390 151 77 27 13 5 1 
12699|Survivor|1: 4455 1211 474 219 119 62 28 13 4 1 
12761|Child_Levy|64: 2781 1034 468 191 94 33 12 5 1 
12801|Child_Avg|3: 2037 827 335 140 74 32 13 4 1 
12810|Child_Levy|36: 2576 764 393 143 81 35 13 5 1 
12822|Survivor|1|Mutated: 2576 813 393 143 81 35 13 5 1 
12837|Survivor|1: 2675 829 420 202 100 31 14 5 1 
12843|Survivor|1: 2554 858 354 154 97 31 14 5 1 
12858|Survivor|1|Mutated: 2554 858 354 154 97 31 14 6 1 
12877|Survivor|1: 3151 1161 427 211 97 30 14 5 1 
13124|Child_Levy|36: 2629 864 351 172 85 32 13 5 1 
13256|Child_Cross|25: 2699 926 369 142 73 35 11 4 1 
13321|Child_Cross|58: 2729 1031 369 165 72 32 15 4 1 
13336|Child_Levy|64: 2535 941 361 158 78 30 13 5 1 
13364|Child_Cross|29: 8853 1853 865 322 145 73 30 11 5 1 
13393|Survivor|1: 2760 842 306 167 75 27 13 4 1 
13642|Survivor|1: 7245 1609 501 244 120 63 27 11 4 1 
13684|Child_Cross|61: 7555 1983 771 273 151 80 28 11 4 1 
13700|Child_Cross|54: 2649 877 373 124 70 30 11 5 1 
13796|Survivor|1: 2142 873 353 184 74 35 11 4 1 
13864|Child_Avg|19: 2168 729 296 122 65 28 11 4 1 
13955|Child_Cross|13: 2951 780 323 158 71 30 13 4 1 
14008|Child_Cross|1: 4104 1231 542 223 109 40 13 5 1 
14079|Survivor|1: 4127 1612 638 232 109 54 24 11 4 1 
14091|Survivor|1: 4149 1125 584 221 105 56 24 11 4 1 
14131|Child_Cross|6: 3561 1103 379 176 82 37 13 4 1 
14324|Survivor|1: 1885 779 301 130 69 32 13 4 1 
14335|Child_Cross|21: 8091 2036 740 288 133 68 35 13 5 1 
14377|Child_Cross|18: 9610 2127 805 320 192 77 31 14 4 1 
14429|Child_Avg|43: 3970 1336 522 219 79 32 13 4 1 
14430|Child_Levy|64: 2738 895 381 165 77 28 12 5 1 
14611|Survivor|1: 6367 1751 515 277 143 66 27 10 4 1 
14663|Child_Cross|17: 2366 805 350 152 83 25 12 5 1 
14705|Child_Cross|14: 3659 1107 540 218 100 58 23 10 4 1 
14767|Child_Levy|36: 1707 705 329 132 58 24 11 5 1 
14830|Child_Avg|63: 2671 1045 378 163 82 39 11 4 1 
14840|Child_Cross|14: 4175 1502 636 247 121 56 24 11 4 1 
14908|Child_Avg|31: 2403 770 320 127 74 30 12 5 1 
14991|Child_Cross|14: 2215 763 318 121 71 31 14 5 1 
15136|Survivor|1: 3625 1210 459 205 85 31 14 4 1 
15175|Survivor|1: 1690 726 341 130 74 32 13 5 1 
15205|Child_Cross|53: 2285 857 327 158 69 28 12 5 1 
15229|Survivor|1|Mutated: 2285 857 327 183 69 28 12 5 1 
15236|Child_Avg|23: 2125 697 296 137 65 28 11 4 1 
15318|Child_Levy|16|Mutated: 2924 878 323 146 71 33 10 4 1 
15579|Child_Cross|26: 2760 995 358 178 71 30 14 5 1 
15598|Survivor|1: 3004 771 310 143 73 28 12 5 1 
15625|Child_Cross|26: 2178 792 328 173 89 27 14 4 1 
15648|Child_Cross|18: 6852 1999 785 380 148 63 28 13 4 1 
15800|Survivor|1: 9127 2330 1231 416 162 93 32 11 4 1 
15920|Survivor|1: 4136 1145 556 293 123 66 31 14 5 1 
15925|Child_Cross|14: 2897 1056 334 173 82 32 11 4 1 
15936|Child_Cross|38: 3588 1057 415 200 78 32 11 4 1 
15955|Child_Levy|52: 2790 1048 335 162 86 40 13 5 1 
16081|Child_Cross|50: 2807 980 439 195 83 40 12 5 1 
16164|Child_Levy|48: 1927 636 301 138 75 32 13 5 1 
16173|Survivor|1: 2129 777 343 147 93 28 12 5 1 
16182|Child_Cross|50: 2129 777 351 144 77 28 12 5 1 
16184|Child_Cross|30: 2888 1087 319 147 85 28 12 5 1 
16185|Survivor|1|Mutated: 2353 1087 319 147 85 28 12 5 1 
16197|Survivor|1: 3427 1219 494 211 84 37 13 4 1 
16270|Survivor|1: 2316 954 358 161 88 27 11 4 1 
16305|Child_Levy|32: 2517 921 353 163 102 31 14 5 1 
16313|Survivor|1|Mutated: 2022 921 381 163 102 31 14 5 1 
16364|Survivor|1: 2529 764 332 157 62 30 12 5 1 
16365|Child_Levy|32: 3206 932 382 153 79 30 13 5 1 
16381|Survivor|1|Mutated: 2756 717 356 157 73 32 13 4 1 
16487|Child_Levy|24: 2311 1221 341 153 72 32 13 5 1 
16535|Child_Levy|48: 2743 751 315 133 74 29 11 5 1 
16584|Child_Avg|63: 2260 725 407 168 94 32 13 4 1 
16628|Child_Avg|15: 1966 774 343 154 81 32 11 4 1 
16704|Child_Levy|28: 5245 1471 684 363 170 78 30 11 5 1 
16711|Child_Levy|52: 2085 730 322 134 71 28 12 5 1 
16722|Child_Avg|51: 2176 879 342 169 88 32 13 4 1 
16724|Survivor|1|Mutated: 2083 879 342 169 88 32 13 4 1 
16725|Child_Avg|15: 3161 1109 464 155 88 32 13 4 1 
16732|Child_Avg|11: 2862 883 295 173 76 28 11 4 1 
16799|Survivor|1: 3228 1179 468 235 111 64 24 11 5 1 
16920|Child_Levy|64: 3969 1221 410 180 84 33 14 4 1 
17024|Child_Avg|15: 6477 1834 695 299 127 69 27 10 4 1 
17046|Survivor|1: 2676 732 333 166 81 31 14 4 1 
17108|Survivor|1: 4194 1180 463 181 89 41 14 4 1 
17194|Survivor|1: 3008 985 386 164 88 33 13 5 1 
17225|Child_Levy|64: 2213 971 333 180 94 32 13 5 1 
17228|Survivor|1|Mutated: 2213 879 333 180 94 32 13 5 1 
17245|Child_Levy|44: 2861 844 351 199 90 35 13 5 1 
17371|Survivor|1: 2137 781 400 212 81 32 13 4 1 
17391|Child_Cross|42: 4159 1286 577 242 119 61 24 9 4 1 
17494|Child_Cross|50: 3107 1091 404 154 89 35 11 4 1 
17592|Child_Levy|56: 2757 716 370 166 67 30 12 5 1 
17650|Child_Cross|62: 3531 1356 479 208 86 35 11 5 1 
17654|Child_Levy|16: 2781 984 381 179 80 30 11 5 1 
17664|Child_Cross|57: 2781 984 381 179 98 35 11 5 1 
17673|Survivor|1|Mutated: 2435 1052 381 179 98 35 13 5 1 
17676|Child_Avg|59: 2099 925 341 163 94 35 13 5 1 
17681|Child_Cross|9: 3127 886 358 165 74 35 12 5 1 
17689|Survivor|1|Mutated: 3127 1014 358 165 74 35 12 5 1 
17714|Survivor|1|Mutated: 2855 1014 358 165 74 35 12 5 1 
17765|Child_Cross|33: 2748 872 471 175 91 43 17 5 1 
17774|Child_Levy|36: 2672 900 344 143 71 31 14 5 1 
17782|Child_Cross|21: 2672 900 344 143 93 28 12 5 1 
17783|Child_Cross|14: 2309 926 407 153 91 28 12 5 1 
17882|Survivor|1|Mutated: 6615 1661 619 358 136 77 40 14 5 1 
17909|Survivor|1|Mutated: 4186 1211 509 250 108 61 30 11 5 1 
17987|Survivor|1: 2130 678 296 127 65 25 9 4 1 
17997|Child_Levy|4: 2354 722 328 148 71 29 11 5 1 
18008|Survivor|1|Mutated: 2198 918 315 156 70 29 11 5 1 
18073|Survivor|1: 6760 1502 539 252 108 77 28 11 4 1 
18216|Survivor|1: 2030 841 377 162 57 28 11 4 1 
18264|Child_Levy|60: 4533 1241 524 212 99 35 12 5 1 
18303|Child_Levy|64: 2588 870 317 128 68 35 13 5 1 
18345|Survivor|1: 4111 1309 750 291 117 52 25 11 4 1 
18371|Child_Cross|9: 8135 2023 803 297 113 55 23 10 4 1 
18401|Survivor|1: 2368 834 365 174 92 31 14 4 1 
18410|Survivor|1: 7921 1666 749 313 121 89 31 11 4 1 
18461|Child_Avg|15: 2349 861 366 172 84 27 14 4 1 
18573|Child_Levy|24: 3200 1082 468 183 85 28 12 5 1 
18652|Child_Cross|50: 6202 1658 551 286 110 62 27 10 4 1 
18675|Child_Levy|16: 2173 792 308 164 73 28 12 5 1 
18747|Child_Avg|19: 2243 754 305 152 64 27 13 5 1 
18757|Child_Levy|48: 2115 723 280 132 72 27 13 5 1 
18920|Child_Levy|4: 4341 985 425 151 74 27 14 4 1 
19083|Child_Avg|31: 2181 753 294 144 68 28 13 4 1 
19129|Survivor|1: 3079 898 400 178 75 29 10 4 1 
19177|Survivor|1: 2451 922 422 144 90 37 13 4 1 
19181|Child_Levy|28: 2724 992 431 147 85 35 12 5 1 
19183|Child_Cross|58|Mutated: 2459 866 313 136 85 35 12 5 1 
19185|Survivor|1: 2591 929 372 141 85 35 12 5 1 
19211|Child_Cross|26: 5678 1504 571 271 125 61 23 12 5 1 
19220|Child_Avg|43: 3037 878 434 169 72 27 10 4 1 
19239|Survivor|1: 3037 897 434 169 72 27 10 4 1 
19285|Survivor|1: 7209 2594 785 317 113 64 28 11 4 1 
19733|Child_Levy|60: 2342 933 369 173 71 30 13 5 1 
19778|Child_Cross|54: 6728 1560 765 333 136 58 28 11 4 1 
19804|Survivor|1: 2607 832 301 136 56 25 9 5 1 
19895|Child_Cross|37: 2312 748 331 137 71 29 11 5 1 
19930|Child_Cross|41: 6211 1637 684 289 107 62 24 11 5 1 
19943|Survivor|1: 6211 1637 768 289 107 71 28 11 4 1 
20008|Child_Levy|8: 2118 673 270 119 74 27 13 5 1 
20038|Survivor|1: 3943 1301 621 274 122 70 27 10 4 1 
20056|Survivor|1: 4321 1262 530 233 102 63 27 10 4 1 
20070|Child_Levy|56: 3987 1758 744 361 147 81 31 14 5 1 
20286|Survivor|1: 4545 1758 612 247 123 69 32 13 4 1 
20292|Child_Cross|22|Mutated: 8233 2316 868 311 180 88 27 13 5 1 
20331|Child_Cross|25: 2709 860 331 155 76 27 14 4 1 
20448|Child_Avg|19: 2097 665 353 154 71 32 11 4 1 
20487|Survivor|1: 2834 811 286 141 63 27 11 4 1 
20501|Survivor|1: 9481 1964 759 304 157 69 35 11 4 1 
20510|Survivor|1: 9374 2657 968 421 135 69 35 11 4 1 
20660|Child_Avg|11: 2262 798 319 147 72 32 13 4 1 
20662|Child_Cross|34: 2262 798 319 147 69 27 13 5 1 
20666|Child_Levy|32: 2957 810 305 130 71 28 11 4 1 
20671|Survivor|1: 2957 810 361 138 71 28 11 4 1 
20720|Survivor|1|Mutated: 2819 810 361 138 71 24 11 4 1 
20750|Survivor|1: 3738 1477 565 220 101 54 23 10 4 1 
20784|Child_Cross|46: 3170 983 432 191 93 35 13 5 1 
20848|Survivor|1: 2366 903 382 158 80 30 11 4 1 
20976|Child_Levy|36: 3992 1132 427 166 67 29 11 5 1 
21002|Child_Cross|18: 2621 785 299 139 67 29 11 5 1 
21038|Child_Cross|33: 2387 1053 412 172 85 27 13 5 1 
21060|Child_Levy|32: 2421 992 355 165 79 28 12 5 1 
21064|Child_Cross|34: 2905 891 355 160 75 29 11 5 1 
21122|Child_Avg|27|Mutated: 2186 728 337 154 85 35 12 5 1 
21222|Survivor|1: 5378 1481 549 309 116 65 24 11 4 1 
21229|Child_Levy|28: 2175 718 337 139 69 28 12 5 1 
21230|Child_Cross|25: 2231 704 342 135 65 28 11 4 1 
21277|Child_Cross|34: 3224 863 434 187 89 35 12 5 1 
21332|Child_Cross|41: 2684 839 357 204 76 29 14 4 1 
21525|Child_Avg|31: 4637 1311 549 223 101 58 24 11 4 1 
21597|Child_Levy|32: 2574 922 377 143 70 30 11 5 1 
21600|Survivor|1|Mutated: 2574 972 377 143 70 30 11 6 1 
21615|Survivor|1: 2209 813 372 133 86 35 11 5 1 
21626|Survivor|1: 2209 813 447 133 86 35 11 5 1 
21712|Child_Avg|23: 2813 1051 331 168 70 33 12 5 1 
21718|Child_Cross|49: 3027 972 418 150 70 33 12 5 1 
21770|Child_Cross|37: 4040 1249 555 242 109 69 28 11 4 1 
21867|Survivor|1: 2849 807 329 122 70 27 10 4 1 
21876|Child_Avg|47: 3904 1082 453 186 94 37 14 4 1 
21964|Child_Cross|10: 2923 1021 431 168 72 27 14 4 1 
21997|Survivor|1: 3086 1077 370 168 82 33 12 5 1 
22077|Child_Avg|11: 2745 816 431 145 72 27 10 4 1 
22212|Survivor|1: 6049 1751 641 352 132 79 28 13 4 1 
22290|Child_Cross|2|Mutated: 2885 1037 448 169 80 35 11 4 1 
22297|Survivor|1|Mutated: 2885 1037 448 169 80 28 11 4 1 
22361|Survivor|1: 2141 987 379 156 70 37 13 5 1 
22390|Child_Levy|52: 1890 685 299 147 75 32 13 5 1 
22421|Survivor|1: 6637 1487 528 196 87 36 13 4 1 
22482|Survivor|1: 2464 761 313 151 76 28 11 4 1 
22535|Survivor|1|Mutated: 2516 947 382 151 67 29 11 5 1 
22553|Survivor|1|Mutated: 2516 947 382 164 67 29 11 5 1 
22585|Child_Levy|12: 2840 880 303 148 86 35 13 6 1 
22684|Survivor|1: 2912 1059 407 151 72 27 11 4 1 
22769|Child_Levy|4: 5751 1332 516 218 90 35 12 5 1 
22833|Child_Cross|41: 2884 878 426 166 87 31 11 4 1 
22917|Child_Levy|36: 2243 893 402 163 66 27 10 4 1 
23025|Survivor|1: 2075 792 313 127 53 28 13 4 1 
23168|Child_Cross|42: 3036 944 419 177 95 37 14 4 1 
23272|Child_Levy|8: 2514 730 372 159 72 26 14 5 1 
23470|Child_Avg|11: 2615 1003 366 162 79 28 13 4 1 
23532|Child_Levy|56: 2159 732 345 141 74 33 12 5 1 
23551|Child_Avg|43: 2754 857 322 186 81 32 13 5 1 
23573|Child_Cross|18: 7293 2588 885 307 163 81 32 13 5 1 
23581|Child_Cross|42: 3163 1056 412 181 93 36 11 5 1 
23645|Child_Cross|13: 2114 860 353 165 81 30 11 5 1 
23675|Child_Avg|3: 3461 1051 379 173 88 32 13 4 1 
23688|Survivor|1|Mutated: 4146 1051 379 173 88 32 13 5 1 
23785|Child_Avg|55: 2654 981 347 148 76 28 11 4 1 
23901|Survivor|1: 2589 698 268 152 78 27 13 5 1 
23973|Child_Levy|8: 2416 772 312 155 88 35 12 5 1 
24067|Child_Cross|41: 8842 2637 768 279 131 65 27 10 6 1 
24098|Child_Avg|59: 3675 1150 386 167 80 30 12 5 1 
24132|Survivor|1|Mutated: 3369 978 493 202 77 40 13 5 1 
24167|Survivor|1|Mutated: 2574 826 379 167 74 36 13 4 1 
24205|Child_Avg|35|Mutated: 2222 915 323 156 77 29 14 4 1 
24213|Child_Cross|33: 3192 887 366 152 79 33 14 6 1 
24228|Child_Cross|33: 3080 928 331 143 80 24 11 5 1 
24303|Survivor|1|Mutated: 2165 762 315 155 68 35 13 5 1 
24328|Child_Avg|47: 2546 863 359 149 76 27 13 4 1 
24348|Survivor|1: 2997 915 367 152 75 31 14 5 1 
24455|Child_Cross|10: 4412 1709 690 311 153 58 30 12 5 1 
24506|Child_Avg|15|Mutated: 2624 994 352 149 93 32 13 4 1 
24675|Survivor|1: 2122 669 358 141 71 28 11 4 1 
24783|Child_Levy|64|Mutated: 2363 815 373 158 81 30 11 5 1 
24803|Survivor|1|Mutated: 2363 737 302 158 81 30 11 5 1 
24812|Child_Cross|45: 2421 878 395 154 113 39 14 6 1 
24852|Child_Avg|11: 2130 807 390 155 74 31 14 5 1 
24853|Child_Cross|1: 2109 778 368 154 74 31 14 5 1 
24877|Survivor|1: 3031 877 301 140 86 30 11 5 1 
24940|Child_Levy|36: 3940 1135 483 166 75 35 13 5 1 
24942|Child_Levy|52: 2597 819 337 151 67 30 11 5 1 
24968|Survivor|1: 1810 698 322 136 73 35 12 5 1 
24972|Survivor|1: 2402 742 334 179 82 35 13 5 1 
24980|Child_Cross|5: 2539 942 380 156 86 41 13 4 1 
24984|Child_Cross|54: 2906 1016 439 208 91 32 15 4 1 
25016|Child_Levy|48|Mutated: 2351 1306 424 198 80 37 13 4 1 
25045|Child_Levy|36: 2792 1053 378 175 82 32 13 5 1 
25055|Child_Levy|8: 2562 827 363 155 76 30 12 5 1 
25076|Child_Cross|50: 3470 898 466 209 94 31 14 6 1 
25194|Child_Levy|4: 3905 1024 378 156 69 35 11 5 1 
25254|Child_Cross|49: 2307 857 313 160 85 35 13 5 1 
25258|Survivor|1|Mutated: 2382 857 313 160 85 35 13 5 1 
25275|Survivor|1: 2111 856 381 172 81 28 11 4 1 
25306|Child_Cross|6: 2544 973 370 179 87 36 11 4 1 
25358|Survivor|1|Mutated: 2642 1082 451 145 91 30 11 5 1 
25440|Survivor|1: 3095 937 331 118 81 32 13 5 1 
25448|Child_Cross|17: 6496 1530 557 204 79 32 13 5 1 
25501|Survivor|1: 5785 1513 588 351 133 65 28 11 4 1 
25555|Survivor|1: 2100 729 344 147 72 32 13 4 1 
25574|Survivor|1: 6299 1781 784 276 143 71 28 12 5 1 
25584|Survivor|1: 1828 697 336 141 71 28 12 5 1 
25641|Child_Levy|4: 2170 822 353 155 61 29 10 4 1 
25667|Survivor|1: 3053 975 406 148 99 35 11 5 1 
25689|Survivor|1: 9926 6782 1602 903 385 148 99 35 11 5 1 
25790|Child_Cross|34: 6851 1802 703 329 123 79 32 11 4 1 
25899|Survivor|1: 2205 774 347 134 60 34 11 5 1 
25929|Survivor|1: 2191 701 270 131 74 31 11 4 1 
25983|Child_Levy|52: 2217 879 381 148 81 31 14 5 1 
26002|Survivor|1: 2250 820 391 152 74 32 13 4 1 
26023|Child_Cross|25: 2349 923 347 165 89 35 11 5 1 
26057|Survivor|1|Mutated: 3062 1045 374 172 84 35 11 4 1 
26067|Survivor|1|Mutated: 3062 1093 374 172 84 35 11 4 1 
26106|Survivor|1: 3677 1196 427 188 87 35 12 5 1 
26121|Survivor|1|Mutated: 3677 1409 427 188 87 35 12 5 1 
26162|Child_Cross|5: 2955 1100 406 178 90 29 11 5 1 
26172|Survivor|1|Mutated: 2955 1043 406 178 90 29 11 5 1 
26203|Child_Cross|14: 2592 863 361 155 86 32 13 5 1 
26261|Child_Levy|24|Mutated: 2470 1119 400 184 79 36 15 4 1 
26270|Child_Avg|11: 2287 937 340 157 81 32 13 4 1 
26294|Child_Levy|8: 2855 931 421 174 74 31 14 4 1 
26371|Survivor|1: 4183 1370 515 250 123 63 28 11 4 1 
26384|Child_Avg|63: 2698 876 308 151 79 28 13 4 1 
26409|Child_Levy|32: 3658 1078 445 169 84 35 13 5 1 
26548|Survivor|1: 2087 710 300 137 76 31 11 4 1 
26624|Child_Cross|26: 2828 1038 394 176 90 33 17 5 1 
26633|Child_Levy|32: 2410 851 365 131 62 28 12 5 1 
26789|Child_Cross|37: 8203 1828 801 351 108 61 23 12 5 1 
26814|Child_Avg|3: 6392 1789 617 243 102 61 23 12 5 1 
26825|Survivor|1: 2130 791 333 152 68 31 11 5 1 
26874|Survivor|1: 2942 862 391 137 66 32 11 4 1 
26880|Survivor|1: 2942 862 325 137 66 32 11 4 1 
26893|Survivor|1: 2942 862 325 137 66 29 9 4 1 
26957|Child_Cross|14: 2337 823 290 122 69 28 11 4 1 
27017|Child_Levy|28: 2380 723 383 169 76 27 13 5 1 
27021|Child_Cross|18: 2199 838 317 148 76 27 13 5 1 
27165|Survivor|1: 2754 796 324 147 79 25 12 5 1 
27248|Survivor|1: 2230 742 305 138 81 31 14 5 1 
27255|Survivor|1: 2188 1058 339 159 79 32 13 4 1 
27266|Survivor|1: 2175 1022 391 179 70 29 11 5 1 
27302|Child_Levy|12|Mutated: 7430 1710 622 243 124 66 27 10 4 1 
27330|Survivor|1|Mutated: 7430 2045 622 243 124 66 27 10 4 1 
27360|Child_Cross|10: 4058 1094 502 171 75 28 11 4 1 
27394|Survivor|1: 2550 905 353 177 65 25 9 4 1 
27429|Child_Cross|37: 4082 1247 514 208 97 40 13 5 1 
27619|Survivor|1: 2886 914 375 137 76 30 13 5 1 
27658|Child_Levy|48: 2209 705 345 155 58 26 14 5 1 
27713|Survivor|1: 1956 793 290 117 67 30 11 5 1 
27718|Child_Cross|17: 3116 938 463 186 88 32 13 4 1 
27793|Child_Cross|46: 3917 1313 549 258 104 39 16 5 1 
27802|Survivor|1|Mutated: 3359 1313 549 258 104 39 16 5 1 
27807|Survivor|1|Mutated: 3359 1313 549 258 104 39 16 6 1 
27849|Survivor|1: 2456 799 374 151 90 35 12 5 1 
27860|Child_Levy|40: 2395 1014 370 145 94 35 13 5 1 
27930|Survivor|1: 6322 1485 534 243 118 75 28 11 4 1 
27937|Child_Levy|60: 8313 3001 925 425 147 68 32 13 5 1 
28050|Survivor|1: 2101 807 291 148 78 31 11 4 1 
28092|Survivor|1: 2235 997 354 139 78 35 12 5 1 
28131|Survivor|1: 3095 963 375 160 84 35 11 5 1 
28135|Child_Avg|7: 2938 842 345 179 66 28 13 4 1 
28175|Survivor|1: 3151 1224 455 147 84 37 14 6 1 
28182|Child_Cross|38: 2719 1044 349 143 84 37 14 6 1 
28240|Survivor|1: 6878 2206 719 319 138 75 35 12 5 1 
28241|Child_Levy|56: 3035 959 394 192 90 35 12 5 1 
28247|Child_Cross|14|Mutated: 6298 1961 688 301 127 68 32 13 4 1 
28278|Survivor|1: 2660 861 449 198 86 36 13 4 1 
28320|Survivor|1: 2509 825 346 144 76 31 10 4 1 
28374|Survivor|1: 2116 649 343 134 72 27 13 5 1 
28417|Child_Avg|39: 3077 917 398 177 79 31 10 4 1 
28448|Child_Cross|10: 2926 866 338 165 77 27 13 4 1 
28493|Child_Cross|61: 2772 976 397 157 79 35 14 5 1 
28592|Child_Levy|16: 1889 738 300 153 73 25 11 5 1 
28599|Child_Cross|45: 3607 1460 512 227 104 43 16 6 1 
28741|Survivor|1: 2073 844 291 136 76 28 11 4 1 
28753|Child_Cross|53: 2946 1185 479 147 85 32 13 4 1 
28791|Survivor|1: 2924 849 338 154 83 33 14 4 1 
28809|Child_Cross|53: 2411 895 365 199 79 32 13 4 1 
28954|Child_Levy|60: 2980 882 411 165 74 29 10 4 1 
28994|Child_Cross|58: 2568 832 342 147 70 32 11 4 1 
29028|Child_Cross|30: 2189 795 340 193 87 36 14 5 1 
29302|Survivor|1: 2172 834 308 115 60 29 11 5 1 
29424|Child_Cross|61: 3119 1133 386 170 84 35 11 5 1 
29433|Child_Cross|37: 2122 797 299 136 79 32 13 5 1 
29469|Child_Avg|15: 2637 963 420 161 87 28 11 4 1 
29485|Survivor|1|Mutated: 3022 963 420 161 87 28 11 4 1 
29496|Child_Cross|1|Mutated: 2382 791 302 129 73 24 11 4 1 
29555|Survivor|1: 2151 628 327 133 66 27 10 4 1 
29574|Survivor|1: 3068 837 372 159 77 40 11 5 1 
29593|Survivor|1: 3491 1088 473 198 70 30 11 5 1 
29601|Survivor|1: 2541 821 351 168 70 30 11 5 1 
29629|Survivor|1: 2546 847 337 157 79 32 13 5 1 
29690|Survivor|1: 3398 1019 427 218 73 35 11 5 1 
29746|Child_Avg|19: 2619 903 430 197 76 35 11 4 1 
29767|Survivor|1|Mutated: 2619 903 430 197 76 35 11 5 1 
29795|Survivor|1: 2756 927 404 134 78 30 11 5 1 
29825|Child_Avg|7: 2206 788 308 139 80 28 11 4 1 
29903|Child_Cross|50|Mutated: 2796 1088 470 173 92 29 14 4 1 
29923|Survivor|1: 2277 915 394 169 92 29 14 4 1 
29925|Child_Cross|37: 2744 1018 454 197 98 32 13 4 1 
29930|Child_Avg|11|Mutated: 2247 1048 341 187 89 30 11 5 1 
29956|Child_Cross|29: 2653 1109 474 182 94 30 11 5 1 
30033|Child_Levy|4: 2659 808 306 170 75 32 13 4 1 
30087|Survivor|1: 2234 797 406 167 79 31 11 4 1 
30173|Survivor|1: 3663 1032 441 180 76 35 11 4 1 
30184|Survivor|1|Mutated: 3663 1032 399 180 76 35 11 4 1 
30455|Survivor|1: 2352 819 439 134 72 28 13 4 1 
30459|Survivor|1: 2312 753 364 133 72 28 13 4 1 
30498|Child_Cross|10: 2660 813 342 172 81 37 14 4 1 
30779|Survivor|1: 6622 1928 658 356 149 86 30 12 5 1 
30787|Survivor|1|Mutated: 7475 1928 701 356 149 86 30 12 5 1 
30840|Survivor|1: 2914 907 404 192 70 31 11 6 1 
30912|Survivor|1: 3181 1009 455 172 96 36 13 4 1 
30919|Child_Avg|39: 2871 917 418 148 75 27 10 4 1 
30945|Child_Cross|57: 9391 3199 893 385 189 86 35 11 5 1 
30948|Survivor|1: 4493 1433 492 205 87 40 13 5 1 
31039|Child_Levy|56: 4038 1421 579 233 89 35 13 5 1 
31101|Survivor|1: 2317 731 335 148 90 35 13 5 1 
31112|Survivor|1: 3151 1266 530 177 85 40 13 5 1 
31115|Child_Cross|30: 2383 976 383 177 85 40 13 5 1 
31166|Survivor|1: 4601 1565 634 263 111 63 31 11 4 1 
31247|Child_Cross|2: 3816 1551 547 186 88 32 13 5 1 
31248|Child_Levy|52: 2360 1005 360 149 86 28 12 5 1 
31286|Child_Levy|24: 2129 804 342 178 91 27 13 5 1 
31311|Survivor|1: 2900 804 421 172 79 32 11 4 1 
31316|Child_Cross|18: 2900 804 421 172 73 27 14 4 1 
31328|Child_Avg|63: 2172 698 373 154 74 25 14 4 1 
31421|Survivor|1: 3182 840 360 215 79 28 12 5 1 
31445|Child_Cross|45: 4495 1812 758 324 149 79 28 12 5 1 
31464|Survivor|1: 2710 808 310 159 89 32 12 5 1 
31476|Child_Cross|34: 3846 1631 709 239 121 74 28 12 5 1 
31487|Survivor|1: 3672 1135 426 149 71 34 16 5 1 
31491|Survivor|1: 2646 850 316 127 72 32 13 4 1 
31636|Child_Avg|39: 1804 669 259 133 66 28 12 5 1 
31677|Child_Cross|2: 2969 1165 476 197 84 36 13 4 1 
31687|Child_Levy|20: 2101 804 333 155 77 29 11 5 1 
31688|Survivor|1|Mutated: 2220 804 333 155 77 29 11 5 1 
31715|Child_Cross|61: 8884 1921 817 277 107 81 28 12 5 1 
31727|Child_Avg|35: 7227 1475 625 257 119 66 28 11 4 1 
31733|Survivor|1|Mutated: 7227 1331 625 257 119 66 28 11 4 1 
31841|Survivor|1|Mutated: 2824 990 431 186 82 29 14 4 1 
31873|Survivor|1: 2325 831 278 147 74 28 12 5 1 
31887|Survivor|1: 3949 1720 624 251 134 80 30 11 5 1 
31918|Survivor|1: 2909 917 389 121 74 31 11 4 1 
32031|Survivor|1: 3244 907 411 181 79 37 11 4 1 
32099|Child_Levy|36: 2498 882 349 159 69 28 11 4 1 
32259|Survivor|1: 2419 710 288 132 71 28 11 4 1 
32366|Child_Avg|35: 2338 782 344 143 78 28 12 5 1 
32441|Survivor|1: 2728 869 361 139 85 32 13 4 1 
32461|Survivor|1: 2105 664 301 116 63 28 13 4 1 
32520|Child_Avg|47: 3611 1076 478 266 113 64 28 11 4 1 
32551|Survivor|1: 2284 814 317 154 76 31 11 5 1 
32559|Survivor|1|Mutated: 2284 814 317 154 74 31 11 5 1 
32564|Survivor|1|Mutated: 2284 814 317 154 76 31 11 4 1 
32596|Child_Cross|57: 2830 820 343 165 69 35 11 4 1 
32687|Child_Levy|56|Mutated: 2398 889 299 136 67 35 13 5 1 
32693|Child_Levy|60: 2266 772 289 154 66 35 12 5 1 
32694|Child_Cross|13: 8048 1839 865 326 123 67 35 13 5 1 
32697|Survivor|1|Mutated: 8048 1839 865 381 123 67 35 13 5 1 
32747|Survivor|1: 2635 1030 384 165 87 31 11 4 1 
32748|Child_Cross|53: 2961 1109 409 163 94 31 11 4 1 
32756|Child_Cross|42: 2441 852 373 154 94 35 13 5 1 
32757|Survivor|1|Mutated: 2820 852 373 170 94 35 13 5 1 
32812|Child_Avg|3: 1967 730 304 145 71 28 11 4 1 
32847|Child_Avg|27: 2177 795 354 155 75 24 11 4 1 
32874|Child_Cross|13: 2929 902 535 165 78 35 11 5 1 
32877|Survivor|1|Mutated: 2603 902 535 165 78 35 11 5 1 
32962|Child_Avg|35: 6742 1900 816 262 133 78 29 11 5 1 
32967|Child_Cross|13: 2169 873 392 133 78 29 11 5 1 
33026|Survivor|1: 2741 1095 475 199 72 29 10 4 1 
33120|Child_Cross|10: 8244 3068 968 408 195 87 40 12 5 1 
33151|Child_Avg|47|Mutated: 2113 831 314 149 71 36 11 4 1 
33158|Survivor|1: 2474 831 314 149 71 36 11 5 1 
33163|Child_Levy|24: 2416 824 399 166 79 32 13 4 1 
33233|Child_Cross|33: 3307 929 350 155 83 30 13 5 1 
33251|Child_Cross|26: 2792 1013 424 185 72 30 13 5 1 
33320|Survivor|1: 1942 886 328 153 83 33 14 4 1 
33341|Child_Avg|27: 2234 664 279 134 71 28 11 4 1 
33342|Child_Avg|23: 2907 1190 399 136 75 32 13 4 1 
33414|Child_Avg|39: 2595 875 320 147 73 35 11 4 1 
33427|Survivor|1: 2595 875 320 143 61 30 11 5 1 
33565|Child_Levy|12: 3651 1112 524 266 88 33 17 5 1 
33568|Child_Cross|17: 4559 1259 466 207 88 33 17 5 1 
33616|Child_Avg|23: 3423 1044 463 171 77 28 13 4 1 
33680|Child_Cross|57: 2825 978 436 202 87 36 13 4 1 
33702|Child_Levy|16: 2293 1004 348 141 80 30 11 5 1 
33784|Child_Cross|13: 2798 1007 348 193 83 30 12 5 1 
33800|Child_Avg|47: 2627 774 334 147 89 35 11 4 1 
33805|Child_Cross|54: 3767 1426 433 187 67 29 13 6 1 
33809|Child_Avg|39: 2845 991 343 149 70 30 12 5 1 
33815|Child_Avg|63|Mutated: 2828 1132 434 193 83 34 16 5 1 
33835|Child_Avg|31|Mutated: 1980 933 313 147 74 26 14 5 1 
33907|Child_Cross|54: 3135 992 386 201 111 35 13 5 1 
33974|Child_Cross|29: 2539 876 370 179 73 37 13 5 1 
33982|Survivor|1|Mutated: 2321 876 370 179 73 37 13 5 1 
34160|Child_Cross|34: 2881 1176 415 193 101 35 12 5 1 
34179|Child_Levy|64: 3492 1136 345 156 71 35 13 5 1 
34190|Child_Avg|27: 2404 779 355 148 82 29 14 4 1 
34229|Child_Cross|58: 1805 690 279 127 63 28 11 4 1 
34230|Survivor|1|Mutated: 1887 690 279 127 63 28 11 4 1 
34260|Child_Cross|58: 2168 792 313 133 78 29 14 4 1 
34278|Survivor|1: 3314 1092 411 148 72 27 10 4 1 
34341|Child_Cross|18: 2907 1018 386 163 94 31 11 4 1 
34355|Survivor|1: 2216 769 325 153 77 35 11 5 1 
34441|Child_Levy|28: 3031 849 305 140 79 32 13 4 1 
34444|Child_Avg|27: 2445 737 361 150 69 28 11 4 1 
34539|Child_Levy|48: 1935 704 382 151 73 35 12 5 1 
34575|Survivor|1|Mutated: 2161 758 337 139 61 28 12 5 1 
34749|Child_Levy|8: 2236 718 336 149 69 28 11 4 1 
34784|Child_Levy|48: 3116 864 350 239 91 30 13 5 1 
34817|Child_Avg|23: 2255 849 340 178 87 28 11 4 1 
34822|Child_Cross|21: 4300 1238 388 151 87 27 13 5 1 
34877|Survivor|1|Mutated: 7845 2160 739 292 116 68 25 11 6 1 
34893|Survivor|1: 1993 844 320 161 83 31 14 5 1 
34917|Child_Avg|39: 2146 1143 361 202 85 35 13 5 1 
34944|Child_Cross|13: 2939 972 371 177 85 27 14 4 1 
34966|Child_Cross|29: 2882 1037 418 194 93 32 13 5 1 
34989|Survivor|1|Mutated: 2882 843 360 194 93 32 13 5 1 
35010|Child_Levy|4: 2205 835 339 145 76 35 11 4 1 
35058|Child_Levy|48|Mutated: 2290 863 317 161 89 35 12 5 1 
35157|Child_Avg|47: 2358 749 312 131 72 32 11 4 1 
35235|Child_Cross|33: 2424 991 351 146 67 24 11 4 1 
35265|Survivor|1: 1961 729 376 141 67 35 11 4 1 
35300|Child_Cross|17: 2421 872 378 161 70 31 11 4 1 
35318|Survivor|1: 2046 644 286 123 74 28 12 5 1 
35370|Child_Levy|20: 7118 1840 669 227 90 38 17 5 1 
35445|Child_Levy|56: 2186 837 319 144 77 30 11 5 1 
35589|Child_Cross|50: 2148 737 326 133 69 29 14 4 1 
35598|Survivor|1|Mutated: 2364 737 326 133 69 29 14 4 1 
35625|Survivor|1: 8766 2450 949 281 156 71 23 10 4 1 
35704|Child_Levy|48|Mutated: 2807 784 353 190 69 28 12 5 1 
35727|Child_Levy|24: 2364 807 452 163 93 38 13 5 1 
35738|Child_Levy|24: 2077 761 355 141 88 30 11 5 1 
35774|Survivor|1|Mutated: 2819 931 351 199 63 32 13 5 1 
35851|Child_Avg|39|Mutated: 1759 692 301 126 58 28 11 4 1 
36017|Survivor|1: 2998 859 437 132 89 31 14 5 1 
36096|Child_Avg|27|Mutated: 2324 859 349 165 79 32 11 4 1 
36150|Survivor|1: 2251 793 372 200 96 37 12 5 1 
36172|Survivor|1: 2120 758 338 121 66 29 14 4 1 
36199|Child_Cross|38: 2455 913 373 162 95 32 13 4 1 
36253|Child_Cross|58: 2455 913 373 162 88 32 13 4 1 
36274|Child_Avg|35: 2332 961 377 161 74 25 14 4 1 
36278|Child_Cross|58|Mutated: 2057 961 377 161 86 28 12 5 1 
36363|Survivor|1: 3815 1078 456 191 88 36 11 4 1 
36414|Child_Avg|11: 2797 1025 453 163 78 31 10 4 1 
36426|Survivor|1: 2090 811 308 136 84 35 11 5 1 
36467|Child_Cross|62: 2823 962 350 157 75 28 11 4 1 
36480|Child_Cross|1: 3685 1026 468 163 77 32 12 5 1 
36550|Survivor|1: 2668 870 283 156 83 30 11 5 1 
36581|Survivor|1|Mutated: 3642 1065 556 298 132 67 30 11 5 1 
36625|Child_Cross|61: 5904 1563 854 382 143 76 36 13 4 1 
36723|Child_Avg|31|Mutated: 6130 1540 628 249 108 56 24 11 4 1 
36741|Survivor|1|Mutated: 6130 1540 628 249 108 56 24 11 5 1 
36743|Child_Cross|41: 6492 1540 628 249 108 56 24 11 5 1 
36754|Child_Cross|62: 2424 798 310 127 59 27 10 4 1 
36851|Survivor|1: 4295 1081 396 164 72 27 13 5 1 
36857|Child_Avg|43: 3095 831 323 136 72 27 13 5 1 
36968|Child_Levy|40: 2780 795 324 171 82 33 12 5 1 
37010|Child_Levy|56: 2049 831 319 149 71 24 11 4 1 
37080|Survivor|1: 2676 869 366 145 82 28 11 4 1 
37081|Survivor|1|Mutated: 3207 869 366 145 82 28 11 4 1 
37087|Child_Avg|7: 2344 729 355 141 77 28 11 4 1 
37112|Child_Cross|18: 2824 862 349 158 77 32 11 4 1 
37113|Survivor|1|Mutated: 2824 862 351 158 77 32 11 4 1 
37180|Survivor|1: 1910 833 344 176 83 30 14 5 1 
37246|Child_Cross|46: 2075 865 387 137 73 30 11 5 1 
37286|Child_Avg|3: 2656 890 368 159 72 27 10 4 1 
37421|Child_Levy|28: 2755 917 372 156 70 29 11 5 1 
37430|Child_Avg|23: 2373 1198 372 176 81 32 13 4 1 
37481|Survivor|1: 1913 809 285 137 72 28 13 4 1 
37602|Survivor|1: 3279 1164 595 192 78 31 14 4 1 
37608|Child_Levy|44: 2278 871 418 148 73 27 13 4 1 
37625|Child_Cross|2: 2392 886 411 150 71 35 11 4 1 
37713|Survivor|1: 3031 906 422 158 77 28 11 4 1 
37737|Child_Cross|49: 8091 1897 644 296 118 73 27 10 4 1 
37788|Child_Cross|1: 2716 1068 414 219 85 45 14 5 1 
37794|Child_Avg|27: 2816 978 389 190 84 37 13 4 1 
38025|Survivor|1: 2604 839 365 141 78 23 12 5 1 
38030|Child_Avg|31: 2368 776 341 130 82 28 11 4 1 
38144|Survivor|1: 2349 812 395 163 96 33 14 4 1 
38151|Child_Cross|30: 2349 812 395 163 74 29 11 5 1 
38339|Survivor|1: 2537 1005 350 185 87 30 13 6 1 
38366|Child_Cross|38: 3979 1206 488 195 91 37 14 4 1 
38461|Survivor|1: 2137 895 323 134 72 30 11 5 1 
38468|Survivor|1|Mutated: 2137 895 323 140 72 30 11 5 1 
38502|Child_Cross|33: 2822 939 418 175 84 30 13 6 1 
38509|Child_Levy|20: 2822 911 398 161 80 30 11 5 1 
38518|Child_Levy|56: 2669 802 313 156 75 29 13 6 1 
38525|Child_Levy|36: 2239 720 311 153 76 28 11 4 1 
38577|Survivor|1: 2757 726 280 141 66 23 12 5 1 
38597|Child_Cross|30: 2223 761 331 152 67 32 13 5 1 
38704|Survivor|1|Mutated: 1783 647 299 133 72 32 13 5 1 
38713|Survivor|1: 2617 699 330 174 73 30 11 5 1 
38754|Survivor|1: 2594 896 354 223 95 40 14 5 1 
38790|Child_Levy|4: 2835 775 403 213 88 33 12 5 1 
38855|Survivor|1: 9088 2527 1002 429 138 70 30 9 4 1 
38868|Child_Levy|32: 2315 792 292 135 78 30 11 5 1 
38870|Child_Cross|33: 6890 1874 761 335 123 71 29 11 5 1 
38962|Child_Cross|22: 2866 1110 338 182 83 37 13 5 1 
38967|Child_Avg|7: 3158 997 397 148 79 33 14 6 1 
38968|Child_Cross|42: 2866 1110 338 182 97 34 16 5 1 
38973|Survivor|1|Mutated: 3091 1108 338 182 97 34 16 5 1 
39038|Survivor|1: 2344 845 346 171 76 31 11 4 1 
39069|Survivor|1|Mutated: 2344 918 346 171 76 31 11 4 1 
39121|Survivor|1: 2198 804 317 111 69 30 11 5 1 
39212|Survivor|1: 2408 729 316 139 68 31 13 4 1 
39550|Child_Levy|20: 2722 805 294 148 93 35 13 5 1 
39564|Survivor|1|Mutated: 2609 805 294 148 93 35 13 5 1 
39654|Survivor|1: 2229 777 326 133 71 33 13 4 1 
39733|Child_Avg|35|Mutated: 2197 903 307 138 79 32 13 4 1 
39736|Survivor|1: 2409 903 307 138 79 32 13 4 1 
39786|Survivor|1: 3878 826 351 143 90 35 12 5 1 
39794|Child_Levy|28: 3100 1353 509 250 88 35 12 5 1 
39828|Child_Avg|7: 2711 1199 447 207 88 35 12 5 1 
39848|Survivor|1: 3120 1052 424 189 101 32 11 4 1 
39949|Survivor|1|Mutated: 2047 709 342 154 91 27 13 5 1 
40094|Child_Avg|59: 2856 945 347 162 77 28 13 4 1 
40230|Child_Cross|17: 2857 857 358 163 63 28 11 4 1 
40260|Survivor|1: 1812 693 306 135 79 29 11 5 1 
40352|Survivor|1: 2447 793 351 140 61 27 11 4 1 
40428|Survivor|1: 3521 993 353 153 79 36 13 4 1 
40433|Survivor|1: 2737 872 363 151 83 36 13 4 1 
40537|Survivor|1|Mutated: 7056 2120 706 277 149 63 27 10 4 1 
40550|Child_Cross|5: 6640 1835 678 322 145 63 27 10 4 1 
40673|Survivor|1: 2353 923 450 191 72 40 13 5 1 
40709|Survivor|1: 2030 792 313 138 72 32 11 4 1 
40717|Child_Avg|3: 3195 899 393 176 80 30 11 5 1 
40754|Survivor|1: 2915 1030 467 232 87 41 13 4 1 
40777|Survivor|1: 1974 830 310 164 67 35 11 4 1 
40798|Survivor|1: 7906 1854 617 302 119 83 31 11 4 1 
40826|Survivor|1: 7470 1990 848 350 153 61 29 9 5 1 
40836|Child_Cross|50: 6407 1531 710 304 165 72 27 10 4 1 
40840|Survivor|1|Mutated: 7003 1531 710 304 165 72 27 10 4 1 
40843|Child_Cross|62: 6705 1531 710 304 165 72 27 10 4 1 
40888|Child_Cross|18: 3773 1076 331 143 86 27 13 5 1 
40984|Survivor|1: 2635 769 400 185 76 28 11 4 1 
41022|Child_Cross|29: 3461 863 324 190 86 35 12 5 1 
41070|Survivor|1|Mutated: 2307 739 313 153 59 27 13 5 1 
41157|Child_Levy|48: 2681 818 310 135 74 31 14 5 1 
41182|Child_Cross|46: 3064 933 378 144 84 35 13 5 1 
41203|Child_Levy|32: 2238 765 330 150 73 27 13 5 1 
41252|Child_Levy|12: 2987 1144 465 177 79 31 11 4 1 
41282|Survivor|1|Mutated: 3626 1112 342 143 69 35 11 5 1 
41370|Child_Levy|60: 2118 744 337 155 77 30 11 5 1 
41553|Survivor|1|Mutated: 2867 850 361 178 90 27 13 5 1 
41586|Child_Levy|56: 2852 1300 448 162 93 32 13 5 1 
41631|Child_Avg|39: 1886 716 318 157 67 32 11 4 1 
41662|Child_Cross|14: 2942 845 397 179 93 37 13 4 1 
41848|Survivor|1: 2612 1041 391 185 85 33 10 4 1 
42103|Survivor|1: 2349 908 292 133 67 29 11 5 1 
42163|Child_Levy|48: 2044 717 319 147 74 32 13 4 1 
42178|Child_Cross|17: 2257 769 367 153 77 29 14 4 1 
42275|Child_Cross|18: 3048 1062 479 173 96 36 13 4 1 
42281|Child_Avg|19: 4070 1155 396 162 74 28 13 4 1 
42310|Survivor|1: 1934 999 365 156 89 35 13 5 1 
42316|Child_Avg|15: 2335 757 353 182 87 32 13 4 1 
42336|Child_Avg|35: 2821 775 333 161 62 28 13 4 1 
42382|Survivor|1: 4092 907 427 162 79 32 11 4 1 
42400|Survivor|1|Mutated: 3680 1205 461 177 73 32 13 4 1 
42425|Child_Levy|28: 2929 1071 330 154 85 35 13 5 1 
42560|Survivor|1: 2908 947 563 180 76 34 11 5 1 
42576|Child_Cross|34: 6322 2475 935 420 157 76 34 11 5 1 
42609|Child_Cross|45: 2127 773 346 161 79 32 11 4 1 
42618|Survivor|1: 2920 1021 401 190 94 33 12 5 1 
42672|Survivor|1: 3300 1074 404 165 89 35 11 5 1 
42678|Child_Cross|45: 2942 867 355 154 89 35 11 5 1 
42709|Child_Avg|23: 2691 734 294 153 82 28 12 5 1 
42793|Child_Cross|38: 3296 1054 462 191 91 32 13 4 1 
42858|Survivor|1: 2593 942 365 154 83 37 11 5 1 
42877|Survivor|1: 2593 942 365 154 84 33 10 4 1 
42952|Survivor|1: 3828 1014 440 181 107 32 13 4 1 
42956|Child_Avg|15: 2293 861 333 158 77 31 11 5 1 
42959|Child_Levy|40: 2288 753 323 131 81 32 13 5 1 
42967|Survivor|1: 2288 865 323 131 81 32 13 5 1 
42980|Child_Cross|37: 7793 3085 1190 387 138 76 29 13 6 1 
43139|Child_Cross|50|Mutated: 2656 1231 421 184 83 36 13 4 1 
43188|Child_Cross|61: 5633 1768 624 304 135 71 28 11 4 1 
43193|Child_Cross|33: 2992 1049 426 154 89 40 13 5 1 
43219|Child_Avg|7: 4099 1143 412 191 100 36 13 4 1 
43262|Survivor|1: 2940 895 339 129 63 31 11 4 1 
43277|Child_Avg|51: 2855 857 323 146 79 29 11 5 1 
43365|Survivor|1: 4220 1107 467 148 78 32 11 4 1 
43423|Survivor|1: 2906 1119 422 197 94 34 11 5 1 
43440|Child_Cross|46: 2850 876 349 133 66 30 13 5 1 
43451|Survivor|1: 2094 787 278 137 71 28 11 4 1 
43465|Survivor|1|Mutated: 4526 1529 580 258 103 66 28 12 5 1 
43497|Child_Cross|22: 2681 871 359 157 73 24 11 5 1 
43586|Child_Cross|21: 3918 1479 559 306 113 64 28 11 4 1 
43642|Child_Levy|36: 2173 686 307 143 74 28 12 5 1 
43656|Survivor|1: 1843 627 272 125 71 28 12 5 1 
43690|Survivor|1: 2428 722 354 132 69 29 14 4 1 
43715|Child_Avg|27: 2462 739 344 139 69 30 11 5 1 
43836|Child_Levy|44: 3581 1147 497 251 112 65 24 11 5 1 
43860|Survivor|1|Mutated: 2653 861 408 188 74 31 13 4 1 
43868|Survivor|1: 2927 952 477 197 78 29 15 4 1 
43902|Child_Avg|7: 2250 755 346 135 79 32 13 4 1 
43944|Child_Cross|21: 4028 1280 519 228 96 37 14 4 1 
43984|Survivor|1|Mutated: 4028 1280 569 228 96 37 14 4 1 
43986|Child_Levy|8: 2963 898 466 177 91 37 13 5 1 
44125|Survivor|1: 1953 764 311 126 64 24 11 5 1 
44131|Child_Avg|63: 2801 862 319 122 64 24 11 5 1 
44155|Child_Avg|35: 2886 950 360 184 79 31 11 4 1 
44298|Survivor|1: 6596 1504 671 316 137 97 30 11 5 1 
44537|Child_Levy|44: 6526 1821 706 272 132 71 32 11 4 1 
44540|Child_Cross|17: 6526 1821 706 272 132 71 29 11 4 1 
44589|Child_Avg|63: 2761 1067 369 159 78 31 14 4 1 
44590|Child_Avg|51: 3974 1229 460 190 81 31 13 4 1 
44603|Survivor|1|Mutated: 3974 1391 460 194 81 31 14 5 1 
44626|Child_Avg|31: 2158 808 332 141 63 27 14 4 1 
44647|Child_Cross|50: 4056 1224 473 172 71 37 12 5 1 
44651|Child_Cross|58: 2836 876 383 170 92 30 11 5 1 
44845|Survivor|1: 2764 796 352 131 81 32 11 4 1 
44874|Survivor|1: 1999 763 353 139 78 35 11 4 1 
44888|Survivor|1: 2260 669 335 149 80 30 11 5 1 
44922|Survivor|1|Mutated: 3070 1073 372 158 87 39 14 4 1 
45026|Survivor|1: 6456 1438 449 235 97 40 14 5 1 
45277|Survivor|1: 2894 1274 500 180 99 37 13 4 1 
45331|Survivor|1: 1865 760 314 123 65 30 11 5 1 
45338|Child_Levy|48: 2203 861 307 135 71 29 10 4 1 
45368|Child_Levy|8: 2404 956 373 148 64 29 11 5 1 
45404|Child_Avg|23: 2018 815 307 130 64 28 11 4 1 
45426|Survivor|1: 3122 1185 340 143 77 28 12 5 1 
45442|Child_Levy|44: 2291 807 280 128 69 28 11 4 1 
45571|Child_Avg|63: 3246 1065 427 174 90 35 12 5 1 
45610|Child_Cross|21: 2042 717 287 134 58 33 12 5 1 
45630|Survivor|1: 2411 744 357 122 77 26 14 5 1 
45640|Child_Cross|34: 2493 1004 361 176 78 33 14 6 1 
45642|Child_Cross|2: 2768 848 343 166 78 33 14 6 1 
45644|Child_Levy|44: 3981 1045 387 175 76 36 11 5 1 
45663|Child_Avg|31: 2376 689 272 137 76 35 12 5 1 
45664|Child_Avg|43: 3178 867 329 156 76 35 11 5 1 
45764|Child_Avg|23: 2887 921 351 138 85 33 12 5 1 
45847|Child_Cross|26: 3017 1021 421 182 90 37 12 5 1 
45950|Child_Levy|16|Mutated: 2659 1076 376 173 89 31 14 5 1 
45976|Survivor|1: 6327 1920 616 279 121 81 32 11 4 1 
45994|Survivor|1|Mutated: 7284 2066 611 293 125 63 28 11 4 1 
46045|Survivor|1: 2476 826 315 142 65 28 11 4 1 
46106|Survivor|1: 7795 1774 726 332 173 57 23 14 4 1 
46111|Survivor|1|Mutated: 7740 1774 866 332 147 57 23 14 4 1 
46141|Survivor|1: 7740 1774 866 332 129 57 23 14 4 1 
46147|Child_Levy|12: 2752 1007 424 162 78 35 12 5 1 
46157|Child_Cross|9: 3273 1103 438 181 78 35 12 5 1 
46166|Child_Avg|51: 2188 770 309 134 78 35 12 5 1 
46265|Survivor|1: 2978 772 355 177 66 32 13 4 1 
46271|Child_Cross|6: 6533 2338 776 428 161 66 32 13 4 1 
46334|Child_Levy|36: 2906 870 320 147 78 28 12 5 1 
46382|Child_Levy|16: 2327 985 425 142 86 35 11 5 1 
46394|Survivor|1: 2327 985 363 142 86 35 11 5 1 
46455|Random|5: 2456 945 410 185 79 32 13 4 1 
46468|Survivor|1|Mutated: 2733 945 410 185 79 32 13 4 1 
46474|Child_Cross|13: 9082 2034 662 389 185 79 32 13 4 1 
46496|Child_Cross|61: 6961 1639 684 325 135 57 28 13 4 1 
46499|Survivor|1|Mutated: 6961 1418 684 325 135 57 28 13 4 1 
46501|Child_Cross|46: 7510 1481 682 317 134 64 31 14 6 1 
46543|Survivor|1: 2892 861 470 223 68 35 13 6 1 
46553|Child_Cross|25|Mutated: 7989 2031 843 323 188 68 35 13 6 1 
46573|Child_Avg|31: 2119 890 345 130 59 28 11 4 1 
46576|Child_Levy|32: 2304 919 390 159 69 28 12 5 1 
46589|Survivor|1|Mutated: 2304 899 349 159 69 28 12 5 1 
46608|Survivor|1: 7362 1601 700 295 130 67 27 11 4 1 
46716|Survivor|1: 2270 852 413 210 75 28 11 4 1 
46834|Child_Avg|19: 6845 1878 788 299 153 55 23 10 4 1 
46888|Survivor|1: 3682 1087 388 191 92 30 12 5 1 
46895|Child_Cross|62: 3601 1374 409 156 67 35 12 5 1 
47053|Child_Levy|20: 2107 735 349 146 74 27 13 5 1 
47123|Survivor|1: 2164 711 354 145 68 31 13 4 1 
47164|Survivor|1: 2988 1032 333 167 70 31 11 4 1 
47285|Survivor|1: 3126 935 336 151 75 28 13 4 1 
47339|Survivor|1|Mutated: 5480 1692 684 275 139 66 29 9 4 1 
47370|Child_Cross|45: 2611 862 357 178 70 29 11 5 1 
47494|Child_Avg|19: 3013 1087 405 185 98 32 13 4 1 
47528|Child_Avg|23|Mutated: 2282 639 261 141 68 25 11 5 1 
47617|Survivor|1: 2904 935 339 143 78 31 10 4 1 
47637|Survivor|1: 2404 980 449 145 84 30 11 5 1 
47675|Child_Levy|48: 2167 864 420 162 92 29 16 5 1 
47733|Child_Cross|41: 3755 1035 511 196 103 34 16 5 1 
47772|Survivor|1: 2559 740 308 159 73 33 12 5 1 
47799|Survivor|1: 8681 2071 804 240 130 63 28 11 4 1 
47801|Survivor|1|Mutated: 8681 2202 804 240 116 63 28 11 4 1 
47841|Child_Levy|20|Mutated: 2432 875 281 142 61 30 13 5 1 
47843|Survivor|1: 2866 842 322 153 68 27 11 4 1 
47938|Child_Avg|51: 2881 1058 364 159 93 32 13 5 1 
47939|Child_Avg|51: 2093 822 292 134 88 31 14 6 1 
47993|Survivor|1|Mutated: 2479 945 313 142 82 32 13 4 1 
47994|Child_Avg|39: 2934 1158 401 150 81 29 14 4 1 
48028|Survivor|1: 2407 734 305 158 83 27 13 5 1 
48039|Survivor|1|Mutated: 2223 734 305 158 83 27 13 5 1 
48101|Child_Cross|37: 8385 1932 700 313 127 82 33 12 5 1 
48104|Survivor|1|Mutated: 8385 1932 700 313 127 82 40 12 5 1 
48179|Child_Cross|1: 1877 779 325 155 78 33 14 4 1 
48213|Survivor|1: 2681 853 364 139 80 28 11 4 1 
48319|Survivor|1: 2430 948 368 147 63 36 13 4 1 
48357|Survivor|1: 3954 1378 535 235 106 54 19 10 4 1 
48388|Child_Avg|59: 2637 875 357 139 74 32 13 5 1 
48456|Child_Cross|54: 2659 834 317 134 72 32 13 5 1 
48519|Child_Avg|31: 2225 778 300 119 74 27 13 5 1 
48559|Survivor|1: 6682 2850 831 426 153 77 41 13 4 1 
48564|Child_Cross|26: 2445 932 368 140 85 31 14 5 1 
48574|Survivor|1|Mutated: 2445 932 368 145 85 31 14 5 1 
48575|Survivor|1|Mutated: 2110 932 368 145 85 31 14 5 1 
48588|Survivor|1|Mutated: 2145 932 368 145 85 31 14 5 1 
48590|Child_Avg|39: 2028 878 327 132 75 28 13 4 1 
48631|Child_Levy|32: 2082 881 324 173 76 29 14 4 1 
48660|Survivor|1: 3692 1177 412 165 87 28 12 5 1 
48663|Child_Levy|24: 2364 735 347 171 91 35 13 6 1 
48669|Survivor|1|Mutated: 2364 735 347 171 80 35 13 6 1 
48723|Child_Avg|43: 2339 907 384 162 72 29 10 4 1 
48764|Survivor|1: 2653 967 378 183 86 31 10 4 1 
48776|Child_Levy|48: 2778 948 459 232 78 35 11 5 1 
48791|Child_Cross|10: 3791 940 513 148 76 35 12 5 1 
48911|Survivor|1: 2499 1007 374 172 96 35 12 5 1 
48917|Child_Avg|39: 2239 858 358 137 77 32 11 4 1 
48979|Child_Avg|31: 2781 857 373 154 69 28 11 4 1 
49004|Child_Cross|18: 2756 861 466 189 90 35 12 5 1 
49009|Survivor|1|Mutated: 2756 781 466 189 90 35 12 5 1 
49022|Survivor|1|Mutated: 2756 781 466 201 90 35 12 5 1 
49050|Survivor|1|Mutated: 2756 827 519 201 90 35 12 5 1 
49053|Survivor|1|Mutated: 2756 827 519 201 90 35 13 5 1 
49082|Child_Avg|11|Mutated: 2525 699 295 143 74 31 14 5 1 
49097|Survivor|1: 2525 836 295 143 74 31 14 5 1 
49206|Child_Levy|20: 3111 906 372 158 82 29 11 5 1 
49228|Survivor|1: 1919 661 287 133 70 30 11 5 1 
49280|Child_Levy|44: 2640 989 364 183 90 35 12 5 1 
49297|Child_Avg|7: 2285 869 336 154 87 35 11 5 1 
49416|Survivor|1|Mutated: 9289 1952 602 307 169 76 27 14 4 1 
49524|Survivor|1|Mutated: 2082 846 351 149 81 30 12 5 1 
49538|Survivor|1: 2084 900 405 166 87 35 12 5 1 
49573|Survivor|1: 2809 1147 487 246 86 38 13 5 1 
49602|Survivor|1: 2293 793 349 152 67 32 11 4 1 
49716|Survivor|1: 2159 812 318 146 93 35 11 5 1 
49744|Child_Levy|60: 2440 770 383 183 78 32 13 5 1 
49789|Child_Cross|30: 3214 957 358 149 81 31 11 4 1 
49832|Child_Avg|35: 6091 1910 714 339 156 65 31 11 4 1 
49980|Survivor|1: 2306 821 325 150 69 31 10 4 1 
50024|Child_Cross|22: 3112 1086 550 175 92 32 11 4 1 
50107|Survivor|1: 2909 832 320 146 77 32 11 4 1 
7|Child_Cross21|50: 2497 1005 384 163 72 27 10 4 1 
8|Child_LevyAVG|34: 2029 772 311 152 72 30 11 5 1 
9|Child_Avg|27: 2395 1052 364 175 80 31 14 5 1 
10|Child_LevyP1|18: 2427 1060 402 172 85 32 13 4 1 
16|Child_Cross21|14: 2289 877 326 152 85 32 13 4 1 
22|Child_Cross21|26: 2361 956 327 152 85 32 13 4 1 
23|Child_Cross21|14: 2278 868 322 146 85 32 13 4 1 
24|Child_ABC2|17: 2275 877 322 146 85 32 13 4 1 
25|Child_ABC2|5: 2282 915 327 152 85 32 13 4 1 
27|Child_LevyP2|43: 2279 892 336 148 91 31 14 5 1 
28|Child_ABC2|5: 2323 901 322 133 80 33 12 5 1 
29|Child_LevyC1|56: 2275 881 332 158 86 32 13 4 1 
41|Child_LevyP2|19: 2112 854 337 156 87 30 14 5 1 
42|Child_Avg|27: 2157 950 350 139 75 35 13 5 1 
43|Child_ABC1|40: 2089 887 392 148 75 35 12 5 1 
44|Child_Avg|39: 2180 858 339 146 88 31 14 5 1 
50|Child_ABC1|16: 2263 816 389 145 76 27 13 5 1 
70|Child_LevyABC2|12: 2241 863 382 147 76 30 13 5 1 
75|Child_LevyP2|43: 2066 891 384 135 75 31 14 6 1 
76|Child_LevyP2|31: 2305 900 424 136 75 32 13 4 1 
79|Child_ABC2|41: 2269 865 391 137 68 32 13 5 1 
80|Child_Cross12|49: 2268 876 390 137 68 32 13 5 1 
98|Child_Cross12|49: 2268 876 390 137 70 33 12 5 1 
99|Child_ABC2|53: 2700 951 367 166 74 32 13 5 1 
102|Child_ABC2|5: 2689 875 369 146 74 32 13 5 1 
103|Child_Cross12|1: 2324 865 387 136 72 30 11 5 1 
126|Child_ABC2|53: 2327 873 381 136 72 30 11 5 1 
128|Child_LevyP1|6: 2132 837 373 137 71 29 10 6 1 
129|Child_ABC2|53: 2223 885 388 152 73 29 10 6 1 
139|Child_Cross21|38: 2377 886 393 149 73 29 10 6 1 
142|Child_LevyAVG|46: 2329 893 409 152 67 30 13 5 1 
148|Child_LevyABC2|24: 2255 850 387 158 70 30 11 5 1 
150|Child_Cross21|14: 2223 885 388 152 70 30 11 5 1 
152|Child_Avg|39: 2213 889 387 154 73 30 11 5 1 
162|Child_ABC2|41: 2224 881 387 153 73 30 11 5 1 
186|Child_ABC1|16: 2222 881 387 153 73 30 11 5 1 
191|Child_LevyP2|31: 2299 869 397 157 72 30 11 5 1 
193|Child_LevyABC2|60: 2310 890 391 164 73 30 11 5 1 
197|Child_ABC2|17: 2228 880 389 148 73 30 11 5 1 
207|Child_LevyC1|20: 2220 882 386 149 72 30 11 5 1 
230|Child_LevyC1|32: 2191 861 384 149 72 30 11 5 1 
235|Child_Cross21|14|Mutated: 2223 985 388 158 63 29 11 5 1 
240|Child_LevyC1|32: 2140 886 405 176 72 30 11 5 1 
247|Child_LevyAVG|10: 2225 922 383 151 67 30 11 5 1 
248|Child_LevyP1|42: 2181 876 398 163 70 30 11 5 1 
255|Child_LevyC2|33: 2153 881 392 155 77 30 11 5 1 
257|Child_Cross12|37: 2223 885 388 152 77 30 11 5 1 
271|Child_LevyABC1|23|Mutated: 2274 813 395 155 69 30 11 5 1 
272|Child_Cross12|49: 2223 885 388 152 69 30 11 5 1 
273|Child_Cross21|14|Mutated: 2223 900 324 152 69 30 11 5 1 
278|Child_Cross12|1: 2223 900 333 152 69 30 11 5 1 
279|Child_Avg|27: 2223 892 360 152 69 30 11 5 1 
326|Child_Cross12|37|Mutated: 2223 900 324 172 69 30 11 5 1 
394|Child_Cross21|26|Mutated: 2223 900 365 152 69 30 11 5 1 
395|Child_ABC2|29: 2223 900 363 152 69 30 11 5 1 
562|Child_Avg|39|Mutated: 2134 900 363 152 69 30 11 5 1 
622|Child_Cross12|49|Mutated: 2223 807 363 172 69 30 11 5 1 
632|Child_Cross12|37|Mutated: 2223 900 363 152 64 30 11 5 1 
707|Child_ABC1|52|Mutated: 2223 900 363 145 69 30 11 5 1 
721|Child_Avg|27|Mutated: 2223 841 363 152 69 30 11 5 1 
810|Child_Avg|39|Mutated: 2286 900 363 152 69 30 11 5 1 
857|Child_Avg|3|Mutated: 2316 900 363 152 69 30 11 5 1 
1076|Child_Cross21|2|Mutated: 2290 900 363 152 69 30 11 5 1 
1290|Child_Cross12|13|Mutated: 2286 880 363 152 69 30 11 5 1 
1460|Child_ABC1|40|Mutated: 2395 900 363 152 69 30 11 5 1 
1532|Child_Avg|3|Mutated: 2573 900 363 152 69 30 11 5 1 
1665|Child_Avg|51|Mutated: 2156 900 363 152 69 30 11 5 1 
1702|Child_ABC2|41|Mutated: 2083 900 363 152 69 30 11 5 1 
1703|Child_Avg|51: 2184 900 363 152 69 30 11 5 1 
1704|Child_Avg|51: 2235 900 363 152 69 30 11 5 1 
1706|Child_LevyC2|9: 2341 936 365 161 70 29 13 6 1 
1856|Child_LevyABC2|60: 2279 931 359 151 67 29 14 6 1 
2371|Child_ABC2|5|Mutated: 2286 904 363 152 69 30 11 5 1 
2375|Child_Cross12|13|Mutated: 2286 817 363 152 69 30 11 5 1 
2415|Child_ABC2|41|Mutated: 2379 900 363 152 69 30 11 5 1 
2961|Child_Cross21|2|Mutated: 2280 900 363 142 69 30 11 5 1 
3038|Child_ABC2|53|Mutated: 2286 924 363 152 69 30 11 5 1 
3233|Child_ABC2|41|Mutated: 2286 876 363 152 69 30 11 5 1 
3255|Child_Cross12|25|Mutated: 2273 900 363 152 69 30 11 5 1 
3256|Child_ABC2|5|Mutated: 2286 963 363 152 69 30 11 5 1 
3261|Child_Avg|39|Mutated: 2286 886 363 152 69 30 11 5 1 
3313|Child_Cross12|13|Mutated: 2275 900 363 152 69 30 11 5 1 
3427|Child_Cross21|14|Mutated: 2123 900 363 152 69 30 11 5 1 
3429|Child_ABC1|52: 2284 900 363 152 69 30 11 5 1 
3431|Child_ABC1|52: 2288 900 363 152 69 30 11 5 1 
3548|Child_LevyABC1|35: 2394 923 366 158 70 29 13 6 1 
4036|Child_Cross12|25|Mutated: 2606 900 363 152 69 30 11 5 1 
4176|Child_Avg|15|Mutated: 2381 900 363 152 69 30 11 5 1 
4288|Child_Avg|3|Mutated: 2306 900 363 152 69 30 11 5 1 
4291|Child_ABC1|16: 2302 900 363 152 69 30 11 5 1 
4515|Child_ABC2|17|Mutated: 2306 894 363 152 69 30 11 5 1 
4609|Child_Cross12|1|Mutated: 2372 900 363 152 69 30 11 5 1 
4641|Child_Cross21|14|Mutated: 2399 900 363 152 69 30 11 5 1 
4991|Child_ABC1|40|Mutated: 2310 900 363 152 69 30 11 5 1 
4992|Child_Avg|3: 2308 900 363 152 69 30 11 5 1 
5002|Survivor|1|Mutated: 2343 900 363 152 69 30 11 5 1 
5629|Child_ABC1|40|Mutated: 2436 900 363 152 69 30 11 5 1 
5756|Child_Cross21|2|Mutated: 2308 983 363 152 69 30 11 5 1 
6042|Child_ABC2|29|Mutated: 2308 963 363 152 69 30 11 5 1 
6669|Child_Cross21|38|Mutated: 2308 839 363 152 69 30 11 5 1 
7771|Child_ABC2|17|Mutated: 2146 900 363 152 69 30 11 5 1 
7772|Child_Avg|27: 2227 900 363 152 69 30 11 5 1 
7773|Child_ABC2|29: 2314 900 363 152 69 30 11 5 1 
8510|Child_ABC1|16|Mutated: 2231 900 363 152 69 30 11 5 1 
8661|Child_Cross21|2|Mutated: 2308 932 363 152 69 30 11 5 1 
9650|Child_ABC2|5|Mutated: 2298 900 363 175 69 30 11 5 1 
9834|Child_Avg|51|Mutated: 2373 900 363 152 69 30 11 5 1 
10012|Child_Cross21|14|Mutated: 2229 900 363 152 69 30 11 5 1 
10480|Child_LevyP2|31|Mutated: 2375 897 359 149 71 28 12 5 1 
10698|Child_Cross21|2|Mutated: 2308 845 363 152 69 30 11 5 1 
10848|Child_ABC2|41|Mutated: 2308 831 363 152 69 30 11 5 1 
11126|Child_ABC2|41|Mutated: 2243 900 363 152 69 30 11 5 1 
11650|Child_Cross21|50|Mutated: 2308 900 386 152 69 30 11 5 1 
11812|Child_ABC1|28|Mutated: 2176 900 363 152 69 30 11 5 1 
12072|Child_Avg|27|Mutated: 2308 922 363 152 69 30 11 5 1 
12173|Child_ABC1|40|Mutated: 2377 900 363 152 69 30 11 5 1 
12283|Child_Cross21|50|Mutated: 2308 817 363 152 69 30 11 5 1 
13068|Child_ABC1|16|Mutated: 2308 900 363 172 69 30 11 5 1 
13075|Child_ABC1|16: 2332 900 363 152 69 30 11 5 1 
13076|Child_ABC1|16: 2354 900 363 152 69 30 11 5 1 
13176|Child_ABC1|52|Mutated: 2308 894 363 152 69 30 11 5 1 
14542|Child_ABC2|17: 2328 900 363 152 69 30 11 5 1 
14927|Child_ABC1|52|Mutated: 2764 900 363 152 69 30 11 5 1 
14933|Child_ABC1|28|Mutated: 2369 900 363 152 69 30 11 5 1 
15223|Child_LevyABC1|35|Mutated: 2302 897 354 143 71 30 13 5 1 
15248|Child_ABC2|41|Mutated: 2614 900 363 152 69 30 11 5 1 
15369|Child_ABC1|40|Mutated: 2610 900 363 152 69 30 11 5 1 
15895|Child_ABC1|40: 2164 900 363 152 69 30 11 5 1 
15988|Child_LevyAVG|34: 2943 896 357 151 75 29 13 6 1 
16384|Survivor|1|Mutated: 2345 900 363 152 69 30 11 5 1 
16429|Child_Cross12|49|Mutated: 2165 836 363 152 69 30 11 5 1 
16431|Child_ABC2|29: 2305 867 363 152 69 30 11 5 1 
16460|Child_LevyC2|57: 2304 883 360 146 71 31 14 6 1 
16621|Child_LevyP1|30: 2310 909 339 180 71 31 14 6 1 
16990|Child_ABC2|29|Mutated: 2194 900 363 152 69 30 11 5 1 
16991|Child_Avg|15: 2251 900 363 152 69 30 11 5 1 
16992|Child_ABC2|29: 2383 900 363 152 69 30 11 5 1 
17442|Child_Cross12|25|Mutated: 2294 900 363 152 69 30 11 5 1 
17783|Child_ABC1|28|Mutated: 2297 900 363 152 69 30 11 5 1 
18286|Child_Avg|15|Mutated: 2346 900 363 152 69 30 11 5 1 
18389|Child_Cross21|2|Mutated: 2249 900 363 152 69 30 11 5 1 
18700|Child_ABC1|52|Mutated: 2308 875 363 152 69 30 11 5 1 
19266|Child_Cross21|2|Mutated: 2387 900 363 152 69 30 11 5 1 
19547|Child_Cross12|13|Mutated: 2320 900 363 152 69 30 11 5 1 
19572|Child_LevyC2|21|Mutated: 2288 867 371 173 68 32 13 4 1 
19813|Child_Cross12|25|Mutated: 2658 900 363 152 69 30 11 5 1 
21185|Child_Avg|51|Mutated: 2308 862 363 169 69 30 11 5 1 
21444|Child_Cross12|37|Mutated: 2308 900 379 152 69 30 11 5 1 
22012|Child_Cross12|1|Mutated: 2192 900 363 152 69 30 11 5 1 
22462|Child_ABC1|40|Mutated: 2308 900 363 142 69 30 11 5 1 
22688|Child_Cross21|50|Mutated: 2203 900 363 152 69 30 11 5 1 
22984|Child_ABC2|53|Mutated: 2215 900 363 152 69 30 11 5 1 
23732|Child_Cross21|14: 2336 900 363 152 69 30 11 5 1 
24047|Survivor|1|Mutated: 2671 900 363 152 69 30 11 5 1 
24260|Child_ABC2|17|Mutated: 2243 934 363 152 69 30 11 5 1 
24391|Child_Avg|3|Mutated: 2170 900 363 152 69 30 11 5 1 
24392|Child_Avg|39: 2206 900 363 152 69 30 11 5 1 
24645|Child_Avg|51|Mutated: 2243 936 363 152 69 30 11 5 1 
24787|Child_Cross21|26|Mutated: 2253 900 363 152 69 30 11 5 1 
24933|Child_Avg|39|Mutated: 2243 851 363 152 69 30 11 5 1 
25104|Child_ABC1|40|Mutated: 2243 900 372 152 69 30 11 5 1 
25250|Child_Cross12|13|Mutated: 2243 900 376 172 69 30 11 5 1 
25294|Survivor|1|Mutated: 2243 822 363 152 69 30 11 5 1 
25825|Child_ABC1|16|Mutated: 2243 811 363 152 69 30 11 5 1 
25841|Child_Cross12|49|Mutated: 2243 836 363 142 69 30 11 5 1 
26353|Child_Avg|27|Mutated: 2202 900 363 152 69 30 11 5 1 
26706|Child_Cross12|13|Mutated: 2243 946 363 152 69 30 11 5 1 
26766|Child_ABC1|40|Mutated: 2216 900 363 152 69 30 11 5 1 
27159|Child_Cross12|1|Mutated: 2243 907 363 152 69 30 11 5 1 
27463|Child_Cross21|14|Mutated: 2247 900 363 152 69 30 11 5 1 
27466|Child_ABC2|53: 2245 900 363 152 69 30 11 5 1 
27656|Child_ABC1|16|Mutated: 2243 890 363 152 69 30 11 5 1 
27800|Child_ABC1|28|Mutated: 2531 900 363 152 69 30 11 5 1 
28321|Child_ABC1|4|Mutated: 2243 831 363 152 69 30 11 5 1 
28830|Child_ABC2|41|Mutated: 2243 886 363 152 69 30 11 5 1 
29201|Child_Avg|27|Mutated: 2464 900 363 152 69 30 11 5 1 
29281|Child_Cross21|26|Mutated: 2243 875 363 152 69 30 11 5 1 
29283|Child_ABC1|28: 2243 891 363 152 69 30 11 5 1 
29343|Child_Cross21|38|Mutated: 2375 900 363 152 69 30 11 5 1 
29397|Child_Avg|15|Mutated: 2324 900 363 152 69 30 11 5 1 
29570|Child_ABC2|41|Mutated: 2243 914 363 152 69 30 11 5 1 
29808|Child_Cross21|26|Mutated: 2460 900 363 152 69 30 11 5 1 
30210|Child_Cross12|13|Mutated: 2243 948 363 152 69 30 11 5 1 
31072|Child_ABC1|52|Mutated: 2243 960 363 152 69 30 11 5 1 
31601|Child_Cross21|26|Mutated: 2401 900 363 152 69 30 11 5 1 
32969|Child_Avg|39: 2298 900 363 152 69 30 11 5 1 
33021|Child_ABC2|5|Mutated: 2590 900 363 152 69 30 11 5 1 
33029|Survivor|1|Mutated: 2243 900 387 164 69 30 11 5 1 
33213|Child_Cross21|2|Mutated: 2198 900 363 152 69 30 11 5 1 
33371|Child_Cross21|14|Mutated: 2405 900 363 152 69 30 11 5 1 
33778|Child_ABC2|17|Mutated: 2224 856 363 152 69 30 11 5 1 
34127|Child_ABC1|28|Mutated: 2277 900 363 152 69 30 11 5 1 
35046|Survivor|1|Mutated: 2243 828 363 152 69 30 11 5 1 
35560|Child_ABC2|29|Mutated: 2636 900 363 152 69 30 11 5 1 
35809|Child_Cross21|2|Mutated: 2294 891 363 152 69 30 11 5 1 
36234|Child_ABC1|16|Mutated: 2357 900 363 152 69 30 11 5 1 
36672|Child_LevyABC1|11: 2326 895 362 151 66 31 14 6 1 
36673|Child_ABC1|16: 2283 902 364 153 72 31 14 6 1 
37063|Child_Avg|39|Mutated: 2294 959 363 152 69 30 11 5 1 
37982|Child_ABC2|53|Mutated: 2294 900 363 152 64 30 11 5 1 
38783|Child_Cross21|50|Mutated: 2190 900 363 152 69 30 11 5 1 
1537|Child|2: 7064 2034 795 290 125 67 23 10 4 1 
66|Survivor|1: 1750 692 301 132 57 23 10 4 1 
241|Child|34: 2019 726 301 132 57 23 10 4 1 
248|Child|50|Mutated: 1772 701 301 132 57 23 10 4 1 
365|Survivor|1: 1863 701 301 132 57 23 10 4 1 
394|Survivor|8|Mutated: 2085 738 301 132 57 23 10 4 1 
518|Survivor|5|Mutated: 1841 701 301 132 57 23 10 4 1 
568|Child|11: 1922 786 301 132 57 23 10 4 1 
905|Survivor|1: 2085 701 301 132 57 23 10 4 1 
934|Survivor|1: 1997 701 301 132 57 23 10 4 1 
1013|Child|27|Mutated: 2087 701 301 132 57 23 10 4 1 
1017|Child|40: 2087 783 301 132 57 23 10 4 1 
1031|Survivor|7|Mutated: 2090 783 301 132 57 23 10 4 1 
1063|Child|3|Mutated: 2090 764 301 132 57 23 10 4 1 
1108|Child|24|Mutated: 2090 783 313 132 57 23 10 4 1 
1191|Survivor|4|Mutated: 1835 783 313 132 57 23 10 4 1 
1210|Child|8|Mutated: 2205 783 313 132 57 23 10 4 1 
1222|Child|26|Mutated: 2236 783 313 132 57 23 10 4 1 
1243|Child|11|Mutated: 2181 783 313 132 57 23 10 4 1 
1302|Child|9|Mutated: 2090 818 313 132 57 23 10 4 1 
1303|Child|40|Mutated: 2256 783 313 132 57 23 10 4 1 
1348|Child|25|Mutated: 2213 783 313 132 57 23 10 4 1 
1403|Child|25|Mutated: 2213 715 313 132 57 23 10 4 1 
1409|Survivor|1|Mutated: 2219 783 313 132 57 23 10 4 1 
1422|Child|33|Mutated: 2213 858 313 132 57 23 10 4 1 
1528|Child|37|Mutated: 2082 783 313 132 57 23 10 4 1 
1685|Child|33|Mutated: 2080 783 313 132 57 23 10 4 1 
2107|Child|15|Mutated: 2247 783 313 132 57 23 10 4 1 
2124|Child|21|Mutated: 2213 834 313 132 57 23 10 4 1 
2353|Child|50|Mutated: 2213 808 313 132 57 23 10 4 1 
2589|Child|9|Mutated: 2162 783 313 132 57 23 10 4 1 
2679|Child|33|Mutated: 2173 783 313 132 57 23 10 4 1 
2755|Child|40|Mutated: 2196 783 313 132 57 23 10 4 1 
2863|Child|26|Mutated: 2213 777 313 132 57 23 10 4 1 
2866|Child|24|Mutated: 2237 783 313 132 57 23 10 4 1 
2962|Survivor|6|Mutated: 2279 783 313 132 57 23 10 4 1 
2974|Child|45|Mutated: 2213 806 313 132 57 23 10 4 1 
3207|Child|34: 2171 783 313 132 57 23 10 4 1 
3224|Child|19|Mutated: 2147 783 313 132 57 23 10 4 1 
3444|Child|45: 1949 783 313 132 57 23 10 4 1 
3592|Child|21|Mutated: 2213 865 313 132 57 23 10 4 1 
3596|Child|10|Mutated: 2049 783 313 132 57 23 10 4 1 
3715|Child|2|Mutated: 2600 783 313 132 57 23 10 4 1 
3744|Child|27|Mutated: 2213 845 313 132 57 23 10 4 1 
3775|Child|35|Mutated: 2213 744 313 132 57 23 10 4 1 
4193|Child|16|Mutated: 2213 881 313 132 57 23 10 4 1 
4242|Child|41|Mutated: 2213 751 313 132 57 23 10 4 1 
4645|Child|15|Mutated: 2213 832 313 132 57 23 10 4 1 
4836|Child|50|Mutated: 2345 783 313 132 57 23 10 4 1 
5045|Child|2|Mutated: 2228 783 313 132 57 23 10 4 1 
5639|Child|31|Mutated: 2213 853 313 132 57 23 10 4 1 
5870|Child|20|Mutated: 2212 783 313 132 57 23 10 4 1 
5944|Survivor|10|Mutated: 2081 783 313 132 57 23 10 4 1 
5976|Child|47|Mutated: 2349 858 313 132 57 23 10 4 1 
6168|Child|10|Mutated: 2148 783 313 132 57 23 10 4 1 
6535|Survivor|3|Mutated: 2106 783 313 132 57 23 10 4 1 
2325|Child_Levy|28: 5645 1505 651 256 111 55 24 9 4 1 
2687|Survivor|1: 8197 1871 769 362 145 67 23 10 4 1 
2689|Survivor|1|Mutated: 8197 1871 738 362 145 67 23 10 4 1 
3761|Survivor|1|Mutated: 2178 782 297 122 67 21 10 4 1 
21|Survivor|1: 2231 706 322 122 57 23 10 4 1 
620|Child_ABC2|41|Mutated: 2249 714 308 128 57 23 10 4 1 
740|Child_ABC1|52|Mutated: 2249 754 308 121 57 23 10 4 1 
835|Child_Cross12|1: 2249 714 308 111 57 23 10 4 1 
919|Survivor|1: 1972 714 308 128 57 23 10 4 1 
928|Survivor|1: 2266 714 308 128 57 23 10 4 1 
1369|Child_Cross12|1: 2239 714 289 111 57 23 10 4 1 
1394|Child_Avg|3|Mutated: 2239 714 289 121 57 23 10 4 1 
3334|Child_Cross12|1: 2239 714 289 109 57 23 10 4 1 
4449|Survivor|1: 2266 714 289 109 57 23 10 4 1 
6329|Child_Cross12|1: 2236 714 289 109 57 23 10 4 1 
57|Survivor|1: 6318 1702 597 336 121 66 21 10 4 1 
913|Survivor|1: 2152 791 351 145 64 23 10 4 1 
942|Survivor|1: 6233 1529 540 240 98 51 23 10 4 1 
992|Child_Cross21|38: 6538 1341 537 203 97 50 21 10 4 1 
1088|Child_Cross21|34|Mutated: 6538 1466 537 203 97 50 21 10 4 1 
1117|Child_Cross21|58: 6538 1512 563 203 97 50 21 10 4 1 
1144|Child_Avg|59: 6872 1512 563 203 97 50 21 10 4 1 
1156|Child_Avg|31: 6615 1512 563 203 97 50 21 10 4 1 
1157|Child_Cross21|2: 6627 1512 563 203 97 50 21 10 4 1 
1159|Child_CrossABC1|1: 6684 1512 563 203 97 50 21 10 4 1 
1164|Child_Cross21|54: 6674 1512 563 203 97 50 21 10 4 1 
1165|Child_Cross21|54: 6689 1512 563 203 97 50 21 10 4 1 
1170|Child_Cross21|22: 6681 1512 563 203 97 50 21 10 4 1 
1173|Child_Cross21|6: 6687 1512 563 203 97 50 21 10 4 1 
1177|Child_Cross12|57: 6693 1512 563 203 97 50 21 10 4 1 
1391|Survivor|1: 6684 1512 563 240 97 50 21 10 4 1 
1414|Child_Avg|35|Mutated: 6581 1512 563 240 97 50 21 10 4 1 
1432|Child_CrossABC2|8|Mutated: 6684 1512 605 240 97 50 21 10 4 1 
1439|Child_Avg|51|Mutated: 6684 1512 605 245 97 50 21 10 4 1 
1451|Child_Avg|15|Mutated: 6684 1512 542 240 97 50 21 10 4 1 
1479|Child_Cross21|10|Mutated: 7159 1512 605 240 97 50 21 10 4 1 
1483|Child_Avg|47|Mutated: 6804 1512 605 240 97 50 21 10 4 1 
1485|Child_Avg|35: 6744 1512 605 240 97 50 21 10 4 1 
1486|Child_CrossABC1|1: 6791 1512 605 240 97 50 21 10 4 1 
1571|Child_Cross12|49|Mutated: 7945 1512 605 240 97 50 21 10 4 1 
1572|Child_Avg|3: 7314 1512 605 240 97 50 21 10 4 1 
1608|Child_Avg|39|Mutated: 7215 1512 605 240 97 50 21 10 4 1 
1696|Child_Cross21|42: 6410 1448 592 240 97 50 21 10 4 1 
1706|Child_Cross21|10: 6631 1503 604 240 97 50 21 10 4 1 
1708|Child_CrossABC1|7: 6694 1516 605 240 97 50 21 10 4 1 
1710|Child_CrossABC1|7: 6690 1512 605 240 97 50 21 10 4 1 
1712|Child_CrossABC1|1: 6660 1513 605 240 97 50 21 10 4 1 
1714|Child_Avg|31: 6650 1512 604 240 97 50 21 10 4 1 
1715|Child_Cross12|37: 6687 1509 604 240 97 50 21 10 4 1 
1718|Child_CrossABC1|7: 7073 1512 604 240 97 50 21 10 4 1 
1719|Child_CrossABC2|2: 6705 1512 604 240 97 50 21 10 4 1 
1722|Child_CrossABC1|1: 6872 1512 604 240 97 50 21 10 4 1 
1723|Child_CrossABC2|8|Mutated: 6801 1512 604 240 97 50 21 10 4 1 
1725|Child_CrossABC1|7: 6796 1512 604 240 97 50 21 10 4 1 
1726|Child_CrossABC1|7: 6876 1512 604 240 97 50 21 10 4 1 
1727|Child_CrossABC2|8: 6862 1512 604 240 97 50 21 10 4 1 
1730|Child_CrossABC2|8: 6760 1512 604 240 97 50 21 10 4 1 
1731|Child_CrossABC1|7: 6822 1512 604 240 97 50 21 10 4 1 
1732|Child_CrossABC2|2: 6803 1512 604 240 97 50 21 10 4 1 
1733|Child_CrossABC2|2: 6806 1512 604 240 97 50 21 10 4 1 
1735|Child_Avg|43: 6795 1512 604 240 97 50 21 10 4 1 
1736|Child_Cross21|58: 6777 1512 604 240 97 50 21 10 4 1 
1737|Child_Avg|27: 6786 1512 604 240 97 50 21 10 4 1 
1738|Child_CrossABC2|8: 6788 1512 604 240 97 50 21 10 4 1 
1739|Child_CrossABC1|7: 6794 1512 604 240 97 50 21 10 4 1 
1740|Child_CrossABC1|7: 6792 1512 604 240 97 50 21 10 4 1 
1743|Child_Avg|35: 6793 1512 604 240 97 50 21 10 4 1 
1745|Child_CrossABC1|1: 6755 1512 604 240 97 50 21 10 4 1 
1746|Child_Avg|7: 6817 1512 604 240 97 50 21 10 4 1 
1747|Child_Avg|39: 6757 1512 604 240 97 50 21 10 4 1 
1749|Child_Avg|15: 6765 1512 604 240 97 50 21 10 4 1 
1753|Child_Cross21|34: 6800 1512 604 240 97 50 21 10 4 1 
1755|Child_Cross12|57: 6812 1512 604 240 97 50 21 10 4 1 
1756|Child_Avg|19: 6787 1512 604 240 97 50 21 10 4 1 
1758|Child_Avg|23: 6799 1512 604 240 97 50 21 10 4 1 
1759|Child_CrossABC1|1: 6778 1512 604 240 97 50 21 10 4 1 
1763|Child_Avg|35: 6783 1512 604 240 97 50 21 10 4 1 
1766|Child_Cross21|10: 6784 1512 604 240 97 50 21 10 4 1 
1767|Child_Avg|47: 6785 1512 604 240 97 50 21 10 4 1 
1770|Child_Avg|11: 6789 1512 604 240 97 50 21 10 4 1 
1772|Child_Avg|23: 6791 1512 604 240 97 50 21 10 4 1 
1775|Child_Avg|7: 6790 1512 604 240 97 50 21 10 4 1 
1820|Child_Avg|39|Mutated: 6428 1512 604 240 97 50 21 10 4 1 
1822|Child_CrossABC2|8|Mutated: 7019 1512 604 240 97 50 21 10 4 1 
1840|Child_Cross21|26|Mutated: 6627 1512 604 240 97 50 21 10 4 1 
1842|Child_CrossABC1|7: 6775 1512 604 240 97 50 21 10 4 1 
1843|Child_CrossABC1|7: 6861 1512 604 240 97 50 21 10 4 1 
1846|Child_Cross21|54: 6782 1512 604 240 97 50 21 10 4 1 
1847|Child_Avg|27: 6741 1512 604 240 97 50 21 10 4 1 
1852|Child_Cross21|54: 6752 1512 604 240 97 50 21 10 4 1 
1853|Child_Avg|43: 6758 1512 604 240 97 50 21 10 4 1 
1854|Child_Avg|39: 6747 1512 604 240 97 50 21 10 4 1 
1856|Child_Cross12|57: 6759 1512 604 240 97 50 21 10 4 1 
1858|Child_Avg|7: 6756 1512 604 240 97 50 21 10 4 1 
1860|Child_Avg|7: 6746 1512 604 240 97 50 21 10 4 1 
1862|Child_Cross21|18: 6751 1512 604 240 97 50 21 10 4 1 
1867|Child_Cross21|22: 7139 1512 604 240 97 50 21 10 4 1 
1868|Child_CrossABC2|8: 6811 1512 604 240 97 50 21 10 4 1 
2025|Child_Cross12|21|Mutated: 6848 1512 604 240 97 50 21 10 4 1 
2026|Child_Avg|47: 6797 1512 604 240 97 50 21 10 4 1 
2027|Child_CrossABC1|7: 6774 1512 604 240 97 50 21 10 4 1 
2033|Child_Avg|59: 6761 1512 604 240 97 50 21 10 4 1 
2037|Child_CrossABC1|7: 6766 1512 604 240 97 50 21 10 4 1 
2096|Child_Avg|15|Mutated: 6746 1484 604 240 97 50 21 10 4 1 
2164|Child_Cross12|21|Mutated: 6746 1512 604 240 117 49 21 10 4 1 
2232|Child_Avg|47|Mutated: 7687 1512 604 240 97 50 21 10 4 1 
2311|Child_Cross12|1: 6753 1512 604 240 97 50 21 10 4 1 
2314|Child_Cross12|17: 6748 1512 604 240 97 50 21 10 4 1 
2315|Child_Cross21|34: 6750 1512 604 240 97 50 21 10 4 1 
2319|Child_CrossABC2|2: 6745 1512 604 240 97 50 21 10 4 1 
2871|Child_CrossABC1|1: 1823 643 277 121 61 23 10 4 1 
3176|Survivor|1: 2226 687 278 134 69 27 10 4 1 
3565|Child_CrossABC2|2: 2185 884 320 163 57 23 10 4 1 
3934|Survivor|1: 7624 1643 614 257 118 54 24 11 5 1 
3944|Survivor|1: 7624 1643 614 249 118 54 24 11 5 1 
5759|Survivor|1: 2098 715 280 126 59 24 9 4 1 
6429|Survivor|1: 2072 750 315 138 64 24 9 4 1 
6536|Child_Cross21|38: 2098 749 328 129 64 24 9 4 1 
23|Child_Levy|4: 1972 698 358 145 69 30 11 5 1 
35|Child_LevyP2|4: 2215 663 349 132 67 30 11 5 1 
38|Child_CrossABC1|1: 2104 659 316 139 67 30 11 5 1 
42|Child_CrossABC2|2: 1875 738 319 129 67 30 11 5 1 
49|Survivor|1|Mutated: 1875 738 319 129 62 30 11 5 1 
67|Survivor|1: 1971 731 321 115 62 28 12 5 1 
355|Child_LevyP2|4: 2475 854 321 142 64 30 11 5 1 
359|Child_Cross12|57: 2366 768 313 145 65 28 11 4 1 
371|Survivor|1: 2324 788 302 133 65 28 11 4 1 
379|Survivor|1: 2367 752 303 123 65 28 11 4 1 
384|Child_Cross21|42: 2187 744 322 114 65 28 11 4 1 
549|Survivor|1: 6846 1903 920 340 131 61 23 10 4 1 
601|Survivor|1: 1921 723 277 122 57 23 10 4 1 
631|Survivor|1: 1908 703 281 119 56 24 11 5 1 
657|Survivor|1: 2874 1129 410 139 78 29 11 5 1 
660|Child_LevyABC2|6: 3156 939 443 145 71 28 11 4 1 
670|Survivor|1: 2009 729 329 127 67 23 12 5 1 
699|Survivor|1: 5815 1633 553 265 127 67 24 11 5 1 
825|Survivor|1: 2104 733 295 120 63 27 13 5 1 
840|Child_Cross21|42: 2102 696 292 123 69 24 11 5 1 
922|Child_LevyP1|3: 2960 863 339 125 67 30 11 5 1 
1062|Survivor|1: 3106 810 331 149 62 28 12 5 1 
1078|Child_Levy|56: 2352 833 412 164 65 27 14 4 1 
1089|Child_Cross12|17: 2693 798 327 142 63 28 13 4 1 
1094|Survivor|1: 2693 935 327 142 63 28 13 4 1 
1106|Child_LevyABC1|11: 2412 893 311 149 62 30 11 5 1 
1174|Child_Cross12|21: 3002 875 340 141 64 28 11 4 1 
1178|Child_Cross12|21: 2797 795 307 131 64 30 12 5 1 
1209|Survivor|1: 2280 717 275 135 69 28 12 5 1 
1235|Child_Avg|55: 2204 681 310 112 65 24 11 4 1 
1273|Child_LevyP2|10: 2466 929 371 179 65 28 12 5 1 
1274|Child_LevyP2|4: 2375 895 383 175 61 29 9 4 1 
1397|Survivor|1: 6457 1436 547 253 95 58 24 9 4 1 
1551|Child_CrossABC1|7: 7420 1590 746 254 137 63 25 10 4 1 
1555|Survivor|1: 6972 1722 700 261 108 62 24 11 4 1 
1562|Survivor|1: 6972 1722 700 261 108 53 24 11 4 1 
1564|Child_Cross21|18: 6834 1655 686 259 102 64 24 11 4 1 
1592|Survivor|1: 6879 1660 672 256 108 65 23 12 5 1 
1599|Child_CrossABC1|1|Mutated: 6032 1711 671 296 130 66 23 12 5 1 
1602|Child_CrossABC1|7: 7250 1711 653 257 112 64 23 12 5 1 
1615|Survivor|1|Mutated: 7163 1711 653 257 112 64 23 12 5 1 
1623|Child_CrossABC1|7: 6499 1518 656 282 107 64 23 12 5 1 
1639|Survivor|1|Mutated: 6499 1518 566 282 107 64 24 9 4 1 
1653|Child_Avg|15: 6156 1498 573 253 98 61 23 10 4 1 
1808|Child_Cross21|6: 4181 1260 525 269 107 57 23 10 4 1 
1866|Child_Avg|7: 2498 922 356 155 68 25 11 5 1 
1882|Child_Avg|51: 2072 835 312 139 73 24 11 4 1 
1913|Survivor|1: 2694 780 344 129 69 24 11 5 1 
1919|Survivor|1: 2385 707 343 137 71 25 11 6 1 
1934|Child_CrossABC2|2: 2185 702 343 137 71 25 11 6 1 
2035|Child_Levy|56|Mutated: 2719 924 345 159 67 32 11 4 1 
2042|Child_LevyABC1|11: 2600 951 381 130 84 30 13 5 1 
2048|Child_CrossABC1|7: 2316 848 289 130 64 30 11 5 1 
2065|Survivor|1: 2119 746 294 123 64 30 11 5 1 
2069|Child_Avg|15|Mutated: 2039 840 286 141 62 23 12 5 1 
2086|Child_Cross21|58|Mutated: 2332 840 286 141 62 23 12 5 1 
2087|Child_CrossABC2|2: 2268 840 286 141 62 23 12 5 1 
2103|Child_Avg|7: 2193 764 286 122 62 23 12 5 1 
2124|Survivor|1: 2265 716 281 110 62 23 12 5 1 
2168|Survivor|1: 2592 753 406 163 77 26 14 5 1 
2171|Survivor|1: 2542 753 404 149 77 26 14 5 1 
2172|Child_CrossABC2|8: 2547 754 360 134 77 26 14 5 1 
2201|Child_Avg|3: 2336 713 304 133 72 26 14 5 1 
2203|Survivor|1: 2390 743 311 132 72 27 13 5 1 
2204|Child_CrossABC1|7: 2413 745 314 132 72 27 13 5 1 
2209|Child_CrossABC2|2: 2230 749 307 129 72 27 13 5 1 
2214|Child_CrossABC2|2: 2062 700 292 125 71 28 12 5 1 
2215|Child_Cross21|58: 2062 700 292 125 70 26 14 5 1 
2216|Child_Cross21|6: 2209 707 311 122 66 24 11 4 1 
2242|Survivor|1: 2178 759 303 113 61 23 12 5 1 
2315|Child_CrossABC2|2: 2330 753 301 163 61 23 12 5 1 
2337|Child_Levy|16: 2654 865 408 161 63 32 13 4 1 
2339|Child_LevyABC1|11: 2123 659 341 148 59 27 13 5 1 
2344|Child_Levy|40: 2066 648 305 137 64 27 13 5 1 
2350|Child_CrossABC2|8: 2052 743 275 136 64 27 13 5 1 
2366|Child_Avg|15: 2028 698 301 128 63 28 12 5 1 
2424|Survivor|1: 4323 1287 598 228 113 61 23 12 5 1 
2432|Child_CrossABC1|7: 4267 1213 567 286 109 54 24 11 5 1 
2438|Child_CrossABC2|8: 4222 1279 591 253 99 54 24 11 5 1 
2555|Child_CrossABC1|1: 2589 825 357 143 63 28 12 5 1 
2637|Survivor|1|Mutated: 2261 737 287 119 78 28 12 5 1 
2662|Child_CrossABC1|7: 2219 697 271 117 62 28 12 5 1 
2685|Child_Levy|52: 2825 942 468 208 92 31 14 5 1 
2718|Child_Avg|55: 2717 785 353 154 72 29 9 4 1 
2758|Child_Avg|27: 2158 731 373 152 82 32 11 4 1 
2766|Survivor|1: 2155 776 371 152 82 32 11 4 1 
2768|Child_Cross21|6: 2154 797 369 151 82 32 11 4 1 
2777|Child_Cross12|1: 2076 798 368 149 75 32 13 4 1 
2782|Child_Avg|23: 2203 672 384 146 77 30 12 5 1 
2787|Child_Avg|27: 2179 727 338 141 75 29 11 5 1 
2795|Child_LevyP2|10: 2279 708 360 142 69 30 11 5 1 
2979|Child_CrossABC2|2: 2852 1018 441 218 106 51 23 10 4 1 
3179|Child_Cross21|30: 2264 810 328 147 90 27 13 5 1 
3196|Child_CrossABC1|7: 2379 832 316 164 90 27 13 5 1 
3218|Child_Levy|16: 4011 1281 443 157 69 35 11 5 1 
3222|Child_Avg|31: 3058 1226 434 150 73 35 11 5 1 
3226|Child_Avg|55: 2934 1068 385 145 69 35 13 5 1 
3236|Survivor|1: 2324 842 324 123 69 35 13 5 1 
3237|Child_Avg|51: 2425 839 331 126 73 35 12 5 1 
3247|Child_CrossABC2|8: 2862 788 307 137 73 35 12 5 1 
3258|Survivor|1|Mutated: 2862 907 307 137 73 35 12 5 1 
3259|Child_CrossABC2|8: 2387 770 307 137 73 35 12 5 1 
3267|Child_Avg|19: 2393 799 307 137 73 35 12 5 1 
3269|Child_Cross12|57: 2129 792 302 136 73 35 12 5 1 
3270|Child_Cross21|46: 2394 767 307 137 73 35 12 5 1 
3275|Child_CrossABC2|2: 2254 792 300 139 73 35 12 5 1 
3279|Child_CrossABC1|7: 2235 787 299 138 73 35 12 5 1 
3280|Child_Cross12|45: 2266 771 309 126 73 35 12 5 1 
3292|Child_Avg|35: 2264 770 309 126 73 35 12 5 1 
3296|Child_CrossABC1|1: 2265 778 310 125 73 35 12 5 1 
3298|Child_CrossABC1|7: 2251 871 313 125 73 35 12 5 1 
3300|Child_Cross12|57: 2241 802 326 124 73 35 12 5 1 
3301|Child_Avg|7|Mutated: 2675 923 329 129 73 35 12 5 1 
3302|Child_Cross21|26: 2244 833 318 125 73 35 12 5 1 
3327|Child_Cross12|57: 2204 825 319 115 73 35 12 5 1 
3328|Child_CrossABC1|1: 2252 810 315 125 73 35 12 5 1 
3339|Child_Cross12|45: 2181 832 317 113 73 35 12 5 1 
3390|Survivor|1: 2297 822 304 129 67 32 13 5 1 
3399|Survivor|1: 2119 812 307 126 67 32 13 5 1 
3400|Child_Avg|23: 2084 816 291 129 68 30 12 5 1 
3429|Survivor|1: 2069 813 325 115 59 27 13 5 1 
3462|Child_Levy|44|Mutated: 2370 927 364 149 59 27 10 4 1 
3497|Child_CrossABC2|8: 2261 864 344 123 59 24 9 4 1 
3539|Child_Cross21|38|Mutated: 1812 743 340 144 62 27 13 5 1 
3546|Child_CrossABC1|7: 1814 748 341 148 62 27 13 5 1 
3584|Survivor|1: 2333 838 325 136 61 28 12 5 1 
3598|Child_Cross12|13: 2123 694 283 119 61 28 12 5 1 
3630|Child_Cross21|18: 2890 933 422 144 69 28 12 5 1 
3641|Child_Cross21|30: 2321 708 330 119 69 28 12 5 1 
3725|Survivor|1: 2190 838 334 129 81 30 11 5 1 
3729|Child_CrossABC1|1: 2082 850 336 124 81 30 11 5 1 
3730|Child_CrossABC1|7: 2242 829 332 134 81 30 11 5 1 
3737|Child_CrossABC2|2: 2265 829 334 134 81 30 11 5 1 
3759|Child_Levy|48: 2235 823 347 135 81 30 11 5 1 
3764|Survivor|1: 2105 816 299 128 60 29 11 5 1 
3777|Survivor|1: 1874 717 307 148 69 28 11 4 1 
3815|Child_CrossABC1|1: 2196 786 296 123 69 24 11 5 1 
3836|Survivor|1: 1899 740 278 121 69 24 11 4 1 
3863|Child_CrossABC1|7: 2347 828 303 125 64 30 12 5 1 
3903|Survivor|1: 2257 809 281 125 67 30 12 5 1 
3966|Survivor|1: 1804 716 283 112 63 23 12 5 1 
3971|Survivor|1: 2047 716 283 134 62 23 12 5 1 
3985|Child_Cross12|57: 5866 1340 641 243 99 62 23 12 5 1 
3991|Child_Cross12|25: 7042 1312 649 243 99 62 23 12 5 1 
3992|Child_Avg|3: 7002 1332 649 243 99 62 23 12 5 1 
3996|Child_CrossABC1|1: 6331 1361 629 243 99 62 23 12 5 1 
4001|Child_Cross12|1: 6517 1366 606 243 99 62 23 12 5 1 
4003|Child_Cross12|41: 6283 1360 611 243 99 62 23 12 5 1 
4004|Child_Cross21|22: 6559 1364 611 243 99 62 23 12 5 1 
4007|Child_Cross21|6: 6422 1381 611 243 99 62 23 12 5 1 
4012|Child_Cross12|17: 6552 1387 611 243 99 62 23 12 5 1 
4014|Child_Cross21|18: 6566 1371 611 243 99 62 23 12 5 1 
4015|Child_Avg|15: 6529 1362 611 243 99 62 23 12 5 1 
4016|Child_Avg|47: 6497 1381 611 243 99 62 23 12 5 1 
4018|Child_Cross21|22: 6542 1387 611 243 99 62 23 12 5 1 
4019|Child_Cross12|29: 6459 1381 611 243 99 62 23 12 5 1 
4020|Child_Cross12|53: 6440 1381 611 243 99 62 23 12 5 1 
4021|Child_CrossABC2|8: 6456 1381 611 243 99 62 23 12 5 1 
4022|Child_Avg|23: 6442 1381 611 243 99 62 23 12 5 1 
4024|Child_Cross21|38: 6549 1387 611 243 99 62 23 12 5 1 
4025|Child_Cross12|33: 6517 1379 611 243 99 62 23 12 5 1 
4026|Child_Cross12|5: 6540 1387 611 243 99 62 23 12 5 1 
4027|Child_Cross21|2: 6509 1370 611 243 99 62 23 12 5 1 
4030|Child_Cross12|25: 6450 1381 611 243 99 62 23 12 5 1 
4033|Child_Avg|51: 6470 1381 611 243 99 62 23 12 5 1 
4034|Child_Cross21|10: 6433 1381 611 243 99 62 23 12 5 1 
4036|Child_Avg|55: 6465 1381 611 243 99 62 23 12 5 1 
4038|Child_Avg|55: 6463 1381 611 243 99 62 23 12 5 1 
4039|Child_Avg|23: 6439 1381 611 243 99 62 23 12 5 1 
4044|Child_Cross21|46: 6454 1381 611 243 99 62 23 12 5 1 
4047|Child_Avg|35: 6478 1381 611 243 99 62 23 12 5 1 
4048|Child_Cross12|25: 6429 1381 611 243 99 62 23 12 5 1 
4050|Child_Cross12|17: 6502 1381 611 243 99 62 23 12 5 1 
4052|Child_Avg|7: 6461 1381 611 243 99 62 23 12 5 1 
4056|Child_Avg|7: 6446 1381 611 243 99 62 23 12 5 1 
4057|Child_CrossABC1|1: 6452 1381 611 243 99 62 23 12 5 1 
4059|Child_Cross12|57: 6448 1381 611 243 99 62 23 12 5 1 
4060|Child_Cross12|9: 6441 1381 611 243 99 62 23 12 5 1 
4061|Child_Avg|39: 6467 1381 611 243 99 62 23 12 5 1 
4065|Child_Cross21|54: 6480 1381 611 243 99 62 23 12 5 1 
4074|Child_Cross12|45: 6474 1381 611 243 99 62 23 12 5 1 
4079|Child_CrossABC1|7: 6472 1381 611 243 99 62 23 12 5 1 
4084|Child_Avg|59: 6457 1381 611 243 99 62 23 12 5 1 
4092|Child_Cross12|37: 6455 1381 611 243 99 62 23 12 5 1 
4093|Child_Cross12|41: 6248 1381 611 243 99 62 23 12 5 1 
4096|Child_Avg|47: 6468 1381 611 243 99 62 23 12 5 1 
4097|Child_Cross12|21: 7257 1624 611 243 99 62 23 12 5 1 
4098|Child_Cross12|57: 6435 1381 611 243 99 62 23 12 5 1 
4100|Child_Avg|27: 6444 1381 611 243 99 62 23 12 5 1 
4101|Child_Cross21|26: 6407 1381 611 243 99 62 23 12 5 1 
4108|Child_Cross21|14: 6420 1381 611 243 99 62 23 12 5 1 
4111|Child_Cross21|2: 7579 1678 611 243 99 62 23 12 5 1 
4115|Child_Cross21|38: 6437 1381 611 243 99 62 23 12 5 1 
4122|Child_Cross12|21: 7635 1381 611 243 99 62 23 12 5 1 
4127|Child_Cross12|33: 6551 1381 611 243 99 62 23 12 5 1 
4130|Child_Cross12|9: 6490 1381 611 243 99 62 23 12 5 1 
4131|Child_Cross21|10: 7295 1684 611 243 99 62 23 12 5 1 
4134|Child_Avg|23: 6893 1532 611 243 99 62 23 12 5 1 
4135|Child_Cross12|29: 6549 1381 611 243 99 62 23 12 5 1 
4136|Child_Cross21|42: 6868 1532 611 243 99 62 23 12 5 1 
4138|Child_Cross21|42: 6491 1381 611 243 99 62 23 12 5 1 
4139|Child_Cross12|21: 6867 1532 611 243 99 62 23 12 5 1 
4140|Child_Cross12|21: 6493 1381 611 243 99 62 23 12 5 1 
4141|Child_Avg|3: 6451 1381 611 243 99 62 23 12 5 1 
4142|Child_Avg|51: 6514 1381 611 243 99 62 23 12 5 1 
4143|Child_Avg|23: 6485 1381 611 243 99 62 23 12 5 1 
4144|Child_Cross12|53: 6489 1381 611 243 99 62 23 12 5 1 
4146|Child_Cross12|25: 6648 1470 611 243 99 62 23 12 5 1 
4152|Child_Cross21|10: 6486 1381 611 243 99 62 23 12 5 1 
4153|Child_Avg|15: 6488 1381 611 243 99 62 23 12 5 1 
4157|Child_Cross12|13: 6482 1381 611 243 99 62 23 12 5 1 
4164|Child_Cross12|57: 6487 1381 611 243 99 62 23 12 5 1 
4166|Child_Avg|39: 6478 1398 611 243 99 62 23 12 5 1 
4167|Child_Cross12|41: 6477 1415 611 243 99 62 23 12 5 1 
4169|Child_Cross12|17: 6480 1398 611 243 99 62 23 12 5 1 
4173|Child_Cross12|25: 6476 1381 611 243 99 62 23 12 5 1 
4196|Survivor|1: 4431 1224 537 251 112 65 24 11 4 1 
4299|Survivor|1: 6289 1546 823 253 122 53 24 11 4 1 
4325|Survivor|1: 4146 1334 513 232 91 54 23 10 4 1 
4363|Child_CrossABC2|2: 4150 1345 570 232 91 54 23 10 4 1 
4367|Child_CrossABC2|2: 4019 1304 570 232 91 54 23 10 4 1 
4409|Child_Cross21|26: 4230 1237 547 223 106 51 23 10 4 1 
4479|Child_Cross21|2: 8985 2818 714 344 149 67 29 16 5 1 
4486|Child_Cross12|5: 8507 2075 755 338 119 63 27 11 4 1 
4496|Survivor|1: 8520 1676 766 271 118 63 29 11 5 1 
4499|Child_Levy|52: 6899 1830 656 327 123 60 32 13 4 1 
4524|Child_CrossABC1|1: 6899 1571 656 327 123 60 32 13 4 1 
4539|Survivor|1: 6899 1571 656 327 123 62 32 13 4 1 
4544|Survivor|1: 6980 1686 639 361 109 59 30 12 5 1 
4547|Child_Levy|52: 7599 1682 627 349 112 62 30 11 5 1 
4647|Survivor|1: 3073 967 434 164 83 31 14 6 1 
4651|Child_LevyABC1|5: 2824 960 392 147 83 31 14 6 1 
4658|Child_Cross21|2: 2304 821 359 136 81 31 14 5 1 
4664|Child_Cross21|6: 2265 793 359 141 80 30 11 5 1 
4668|Child_Avg|27: 2245 741 340 133 80 30 11 5 1 
4672|Survivor|1: 2116 743 333 137 71 28 12 5 1 
4673|Child_Cross12|49: 2409 755 333 125 71 28 12 5 1 
4674|Child_Cross21|46: 2289 703 340 124 71 28 12 5 1 
4687|Child_Avg|47: 2276 715 336 118 71 27 13 5 1 
4700|Survivor|1: 2085 704 331 117 71 27 13 5 1 
4726|Survivor|1: 2208 743 326 118 71 27 13 5 1 
4948|Survivor|1: 2170 918 311 139 59 29 11 5 1 
4954|Child_Cross21|54: 2185 846 328 130 59 29 11 5 1 
4983|Child_Avg|3: 1936 732 303 146 65 28 11 4 1 
4987|Child_Levy|32: 2080 704 327 130 61 28 12 5 1 
5037|Child_Avg|31: 2849 855 354 186 76 27 14 4 1 
5053|Child_Cross21|10: 2272 725 312 143 73 27 14 4 1 
5058|Child_Avg|3: 2231 710 313 135 72 28 13 4 1 
5059|Child_LevyP2|10: 2249 705 311 143 70 26 14 5 1 
5082|Child_Cross21|34: 2094 770 314 119 69 29 14 4 1 
5176|Survivor|1: 2243 684 290 138 61 28 12 5 1 
5182|Survivor|1: 2243 691 290 138 61 28 12 5 1 
5192|Survivor|1: 2876 898 305 139 60 28 11 4 1 
5363|Child_Avg|35: 2380 736 305 128 71 29 11 5 1 
5382|Survivor|1: 1948 678 279 119 73 28 12 5 1 
5383|Child_Avg|15: 3211 862 343 151 77 28 12 5 1 
5397|Child_CrossABC2|2: 3574 872 358 160 77 28 12 5 1 
5402|Child_CrossABC1|1: 3030 855 324 146 67 27 11 4 1 
5407|Child_Avg|19: 2634 804 313 130 66 28 11 4 1 
5468|Child_Levy|44: 2662 855 335 155 91 35 11 5 1 
5485|Survivor|1: 2174 835 322 134 88 35 13 5 1 
5502|Survivor|1: 2198 804 323 121 85 35 13 5 1 
5538|Child_CrossABC2|2: 2171 832 375 151 84 35 11 5 1 
5541|Survivor|1: 2226 846 381 130 63 33 14 6 1 
5756|Survivor|1: 2708 851 367 144 82 32 13 5 1 
5761|Child_LevyP1|9: 2651 807 382 147 84 33 14 6 1 
5763|Child_Levy|48: 2806 787 364 147 83 31 14 5 1 
5766|Child_Cross12|37: 2375 743 341 133 79 32 13 5 1 
5771|Survivor|1: 2603 800 347 132 78 32 13 4 1 
5772|Child_Cross12|57: 2411 752 337 132 75 32 13 5 1 
5775|Survivor|1|Mutated: 2411 752 337 132 72 35 13 5 1 
5780|Child_Avg|43: 2441 744 349 126 71 30 13 5 1 
5786|Survivor|1: 1995 744 349 126 71 30 13 5 1 
5787|Child_Cross21|2: 2274 700 319 119 72 30 11 5 1 
5803|Survivor|1: 2066 708 330 119 72 30 11 5 1 
5805|Child_CrossABC2|8: 2066 738 330 119 72 30 11 5 1 
5806|Child_CrossABC2|2: 2066 731 330 119 72 30 11 5 1 
5813|Child_CrossABC1|1: 2066 763 330 119 72 30 11 5 1 
5817|Child_CrossABC1|1: 2066 765 330 119 72 30 11 5 1 
5822|Survivor|1: 2066 758 330 119 72 30 11 5 1 
5829|Child_Cross21|30: 2094 731 322 115 72 30 11 5 1 
5908|Survivor|1: 1901 784 279 117 67 30 11 5 1 
5985|Survivor|1: 3890 1174 432 205 85 31 14 5 1 
6002|Child_Cross12|25: 2235 775 304 135 83 30 12 5 1 
6007|Survivor|1: 2261 792 310 134 79 32 11 4 1 
6017|Child_Avg|43: 2218 803 300 129 78 28 12 5 1 
6023|Child_Cross12|45: 2197 771 307 127 78 28 12 5 1 
6026|Child_Cross21|50: 2208 798 301 127 77 28 12 5 1 
6039|Child_CrossABC1|7: 2207 806 301 131 77 28 12 5 1 
6045|Child_CrossABC1|1: 2254 789 301 139 77 28 12 5 1 
6066|Child_CrossABC1|1: 2156 743 304 123 72 27 13 5 1 
6096|Survivor|1: 2214 813 301 122 72 27 13 5 1 
6103|Child_CrossABC2|2: 2211 814 302 119 72 27 13 5 1 
6179|Child_Levy|60: 2737 946 342 152 77 31 14 4 1 
6181|Child_Cross12|45: 2408 768 308 131 80 30 11 5 1 
6184|Child_Avg|3: 2152 800 332 135 78 30 11 5 1 
6188|Child_Levy|36: 2191 809 324 139 80 30 13 5 1 
6196|Child_LevyP2|4: 2235 819 290 144 69 29 14 6 1 
6200|Survivor|1: 2099 710 283 121 66 28 12 5 1 
6207|Child_CrossABC2|2: 2155 786 281 129 66 28 12 5 1 
6208|Child_Cross21|58: 9959 6635 1467 629 267 121 66 28 12 5 1 
6219|Child_CrossABC2|2: 9960 6611 1474 633 266 123 63 27 14 4 1 
6224|Child_Cross21|2: 9823 6472 1491 632 234 119 65 28 12 5 1 
6225|Child_CrossABC2|8: 9868 6514 1450 651 263 123 63 27 14 4 1 
6227|Child_CrossABC2|8: 9854 6515 1449 636 247 123 63 27 14 4 1 
6228|Child_Cross21|38: 9473 6057 1380 594 254 123 63 27 14 4 1 
6229|Child_Cross21|42: 9851 6477 1499 631 238 123 63 27 14 4 1 
6235|Child_CrossABC1|1: 9786 6656 1527 570 235 125 63 27 13 5 1 
6237|Child_CrossABC1|1: 9796 6594 1526 620 235 120 63 27 13 5 1 
6240|Child_Cross12|57: 9069 6666 1461 597 235 123 63 27 13 5 1 
6244|Child_CrossABC1|1: 9371 6627 1469 597 235 123 63 27 13 5 1 
6245|Child_CrossABC1|7: 9475 6658 1468 597 235 123 63 27 13 5 1 
6246|Child_CrossABC2|2: 9354 6625 1468 597 235 123 63 27 13 5 1 
6248|Child_Cross21|46: 9456 6654 1463 599 232 123 63 27 13 5 1 
6250|Child_CrossABC2|2: 9679 6631 1451 593 236 123 63 27 13 5 1 
6253|Child_CrossABC2|8: 9688 6643 1453 593 236 123 63 27 13 5 1 
6254|Child_CrossABC1|7: 9683 6654 1451 593 236 123 63 27 13 5 1 
6258|Child_Cross21|10: 6392 1659 646 233 115 63 27 13 5 1 
6259|Child_Avg|31|Mutated: 6242 1366 518 235 119 63 27 13 5 1 
6260|Child_CrossABC2|2: 6509 1903 711 232 119 63 27 13 5 1 
6262|Child_Levy|32: 6262 1787 657 249 117 63 28 12 5 1 
6264|Child_CrossABC2|2: 6365 1600 677 259 117 62 28 12 5 1 
6270|Child_Cross12|21: 6410 1460 635 227 110 58 24 11 4 1 
6271|Child_Levy|4: 6328 1734 667 230 117 62 25 14 4 1 
6275|Child_Cross12|29: 6236 1563 646 234 111 60 26 14 5 1 
6277|Child_Cross21|18: 6444 1470 682 241 111 59 28 11 4 1 
6278|Child_Cross21|10: 6875 1724 645 242 108 59 28 11 4 1 
6286|Child_Cross12|29: 6798 1636 641 265 105 59 28 11 4 1 
6287|Child_Cross12|21: 6874 1724 645 242 108 59 28 11 4 1 
6289|Child_Cross21|22: 6865 1463 650 242 108 59 28 11 4 1 
6290|Child_Cross21|54: 6832 1609 644 253 106 58 28 11 4 1 
6292|Child_CrossABC2|2: 6860 1555 644 247 106 58 28 11 4 1 
6302|Child_Avg|51: 7280 1606 648 249 106 58 28 11 4 1 
6307|Child_CrossABC1|1: 7460 1582 647 247 104 58 28 11 4 1 
6309|Survivor|1|Mutated: 7460 1582 647 263 104 58 28 11 4 1 
6318|Survivor|1: 7460 1496 647 263 104 58 28 11 4 1 
6328|Survivor|1: 6464 1383 596 238 97 58 28 12 5 1 
6350|Survivor|1: 6520 1380 609 282 102 46 27 13 5 1 
6436|Survivor|1|Mutated: 2885 871 346 146 76 25 9 5 1 
6448|Survivor|1: 2135 664 276 134 66 25 11 5 1 
6491|Survivor|1: 3866 1127 452 230 76 29 14 4 1 
6499|Survivor|1: 2754 981 370 153 82 28 11 4 1 
6504|Child_Levy|60: 2557 1078 371 139 80 30 12 5 1 
6505|Child_Avg|55: 2199 852 333 137 77 29 11 5 1 
6511|Child_Cross21|54: 2284 871 323 129 78 30 11 5 1 
6527|Survivor|1: 2219 856 324 119 77 29 11 5 1 
6583|Child_Cross12|33: 3188 1026 443 186 83 30 11 5 1 
6584|Child_Avg|15: 3037 1091 455 193 70 30 11 5 1 
6586|Child_Cross21|14: 2584 781 366 154 70 30 11 5 1 
6589|Child_CrossABC2|8: 2342 786 368 153 69 30 11 5 1 
6590|Child_Avg|55: 2433 937 344 158 73 30 11 5 1 
6594|Child_CrossABC2|2: 2651 805 319 143 71 29 11 5 1 
6597|Child_Avg|55: 2412 759 321 139 72 30 11 5 1 
6603|Child_CrossABC2|2: 2227 811 346 137 71 29 10 4 1 
6625|Child_Cross21|2: 2246 841 375 134 78 31 14 5 1 
6629|Child_Avg|51: 2130 804 334 139 69 30 11 5 1 
6630|Child_CrossABC1|1|Mutated: 2241 778 386 136 67 30 11 5 1 
6651|Child_Cross12|41: 2241 778 386 136 59 30 11 5 1 
6664|Survivor|1: 2094 721 351 132 62 30 11 5 1 
6868|Child_CrossABC1|7: 2210 716 294 127 73 24 11 5 1 
6884|Child_CrossABC1|7: 2192 796 294 127 73 24 11 5 1 
6891|Child_Cross21|54: 2146 819 299 115 73 24 11 5 1 
6905|Child_Cross21|2: 2730 1066 326 149 78 24 11 4 1 
6926|Child_Cross21|2: 2850 1084 405 149 73 30 12 5 1 
6930|Child_CrossABC2|2: 3101 1159 422 148 73 28 12 5 1 
6931|Child_Cross21|10: 2257 782 314 137 71 28 12 5 1 
6942|Child_Cross12|25: 2281 818 321 132 71 28 12 5 1 
6948|Child_Cross12|9: 2237 812 329 131 68 30 12 5 1 
6950|Child_Cross21|58: 2257 796 323 132 71 28 12 5 1 
6953|Child_Avg|51|Mutated: 2247 817 318 131 63 27 10 4 1 
6957|Child_Cross12|57: 2166 835 314 129 63 27 10 4 1 
6958|Child_Avg|51: 2199 792 314 127 69 27 10 4 1 
6970|Child_CrossABC2|2: 2176 819 308 129 68 23 10 4 1 
6974|Child_Cross12|49: 2140 791 321 124 66 24 11 5 1 
6975|Child_Avg|7: 2140 792 314 125 67 24 11 5 1 
6977|Survivor|1|Mutated: 2140 702 314 125 67 28 12 5 1 
6979|Child_Avg|51: 2148 786 303 122 66 24 11 5 1 
6983|Child_Cross12|5: 2148 791 301 121 67 28 12 5 1 
6984|Child_CrossABC2|2: 2148 792 301 121 67 28 12 5 1 
6986|Child_CrossABC2|8: 2149 786 306 121 67 28 12 5 1 
6988|Child_Avg|43: 2151 778 306 121 67 28 12 5 1 
6994|Child_CrossABC2|2: 2144 776 306 121 67 28 12 5 1 
6999|Child_Cross21|30|Mutated: 2143 768 306 121 67 28 12 5 1 
7003|Child_CrossABC1|7: 2161 770 306 119 65 28 12 5 1 
7142|Child_CrossABC2|8: 2418 834 325 124 63 29 10 4 1 
7221|Child_Cross12|25: 2920 940 369 132 71 29 11 5 1 
7261|Child_Cross21|30: 2192 824 293 124 65 27 10 4 1 
7293|Child_Avg|31: 2234 770 292 122 63 27 10 4 1 
7407|Child_CrossABC2|8: 2152 743 295 133 65 28 11 4 1 
7408|Child_CrossABC2|8: 2168 748 299 136 65 28 11 4 1 
7410|Child_CrossABC1|1: 2127 738 301 142 65 28 11 4 1 
7417|Survivor|1|Mutated: 2265 738 301 142 65 28 11 4 1 
7418|Child_Avg|59: 2173 726 302 131 65 28 11 4 1 
7421|Child_LevyP1|3: 2278 760 300 135 62 28 12 5 1 
7434|Survivor|1: 2464 736 301 115 66 28 12 5 1 
7469|Survivor|1: 2301 851 356 130 67 31 14 5 1 
7548|Child_Avg|23: 3899 1069 467 186 76 35 11 4 1 
7604|Survivor|1: 3043 902 311 160 63 28 11 4 1 
7612|Survivor|1: 2806 852 337 153 63 28 11 4 1 
7622|Survivor|1: 2786 761 315 141 62 24 11 4 1 
7632|Child_Cross12|9: 2384 701 290 125 61 23 12 5 1 
7638|Child_CrossABC2|2: 2223 696 292 126 61 23 12 5 1 
7642|Child_CrossABC1|1: 2204 748 289 124 61 23 12 5 1 
7643|Child_Cross12|29: 2213 720 276 124 61 23 12 5 1 
7650|Child_CrossABC1|7: 2228 726 285 127 61 23 12 5 1 
7657|Survivor|1: 2168 730 286 137 62 23 12 5 1 
7659|Survivor|1: 2245 712 285 135 63 23 12 5 1 
7669|Child_CrossABC2|2: 2365 777 285 132 64 23 12 5 1 
7676|Child_Avg|59: 2364 776 289 139 65 23 12 5 1 
7704|Child_Levy|40: 1954 723 275 117 74 27 13 5 1 
7708|Child_Cross12|33: 2081 789 307 117 74 27 13 5 1 
7723|Child_Avg|55: 2995 810 361 153 81 28 11 4 1 
7792|Child_Avg|55: 2229 907 336 142 75 35 11 4 1 
7817|Survivor|1: 2439 895 331 146 75 33 10 6 1 
7850|Survivor|1: 2256 707 311 130 72 27 10 4 1 
7914|Child_Avg|39: 2217 707 328 125 64 23 12 5 1 
7948|Child_Cross12|1: 2360 851 291 122 62 23 12 5 1 
7985|Child_Cross21|10: 2215 728 310 117 61 29 10 4 1 
7995|Child_LevyP1|3: 2763 732 318 157 72 30 11 5 1 
8001|Child_Cross21|38: 2292 745 300 121 67 30 11 5 1 
8013|Survivor|1: 2927 811 364 172 92 29 14 4 1 
8014|Child_CrossABC2|8: 2387 788 326 140 75 27 13 5 1 
8022|Child_Avg|11: 2248 708 304 131 74 27 13 5 1 
8037|Survivor|1: 2235 723 280 116 73 27 13 5 1 
8058|Child_CrossABC1|1: 2221 764 283 124 73 27 13 5 1 
8063|Child_CrossABC2|8: 2226 782 281 151 73 27 13 5 1 
8115|Child_Cross12|5: 2149 670 305 118 62 24 11 4 1 
8146|Survivor|1: 2156 677 321 113 64 28 11 4 1 
8217|Child_LevyABC1|5: 2303 731 383 175 75 31 14 5 1 
8236|Child_Avg|3|Mutated: 2961 904 361 159 82 35 13 5 1 
8244|Child_Avg|35: 2257 815 334 143 75 32 13 5 1 
8248|Survivor|1: 1966 801 357 138 70 30 13 5 1 
8249|Child_Cross12|5|Mutated: 2261 841 357 160 75 31 14 6 1 
8253|Child_Cross21|58: 2199 754 313 143 72 31 14 5 1 
8261|Child_Avg|39: 2195 739 311 140 71 30 12 5 1 
8263|Child_CrossABC1|1: 2199 770 301 138 72 29 13 6 1 
8270|Child_Avg|15: 2281 722 332 131 66 28 12 5 1 
8275|Child_Cross12|21: 2231 726 318 132 67 30 11 5 1 
8278|Survivor|1|Mutated: 2172 726 318 132 67 30 11 5 1 
8282|Child_CrossABC1|7: 2149 731 309 134 70 30 11 5 1 
8284|Child_CrossABC1|7: 2171 735 299 125 69 30 11 5 1 
8291|Child_CrossABC2|2: 2184 753 296 142 69 30 11 5 1 
8296|Child_Cross12|37: 2132 729 295 125 69 30 11 5 1 
8303|Child_Cross21|38: 2308 730 300 125 69 30 11 5 1 
8305|Child_CrossABC1|7: 1939 730 300 125 69 30 11 5 1 
8308|Child_CrossABC1|1: 2101 728 299 125 69 30 11 5 1 
8310|Child_CrossABC1|1: 2523 730 300 125 69 30 11 5 1 
8312|Child_CrossABC1|7: 2252 730 300 125 69 30 11 5 1 
8313|Child_CrossABC2|8: 2518 730 300 125 69 30 11 5 1 
8314|Child_Avg|55: 2318 730 300 125 69 30 11 5 1 
8315|Child_CrossABC1|7: 2417 730 300 125 69 30 11 5 1 
8321|Survivor|1: 2353 768 298 122 69 30 11 5 1 
8346|Child_Avg|43: 2330 759 307 137 70 29 11 5 1 
8361|Child_Avg|7|Mutated: 2121 857 357 144 65 27 10 4 1 
8385|Child_Cross12|1: 1955 775 289 124 71 26 14 5 1 
8398|Survivor|1: 2019 762 293 122 71 26 14 5 1 
8464|Child_Levy|20: 1803 660 312 131 74 28 12 5 1 
8511|Child_Avg|43: 2782 866 392 214 87 28 13 4 1 
8530|Child_Avg|3|Mutated: 2292 751 316 142 77 27 13 5 1 
8535|Survivor|1: 2315 693 324 132 85 28 12 5 1 
8536|Child_LevyP2|10: 2666 755 322 137 78 28 12 5 1 
8539|Survivor|1: 2579 755 322 137 78 28 12 5 1 
8548|Child_Avg|35: 2271 730 317 124 77 27 13 5 1 
8552|Survivor|1: 2292 722 320 125 77 27 13 5 1 
8563|Survivor|1: 2237 690 337 111 77 28 12 5 1 
8726|Child_Cross21|34: 7096 1602 652 290 139 71 32 11 4 1 
8731|Survivor|1: 4108 989 529 179 71 28 11 4 1 
8733|Child_Cross12|5: 2442 837 374 136 71 29 10 4 1 
8734|Child_CrossABC2|2: 2056 697 301 139 71 28 11 4 1 
8748|Survivor|1: 2241 690 300 127 69 28 12 5 1 
8749|Child_Cross21|2: 2229 674 307 127 69 28 12 5 1 
8760|Child_CrossABC2|8: 2332 671 312 119 69 28 12 5 1 
8789|Child_Cross21|10: 2227 696 308 115 69 28 12 5 1 
8809|Child_Levy|48: 2208 791 334 153 78 29 11 5 1 
8832|Child_Levy|48: 1962 737 284 126 65 30 11 5 1 
8891|Survivor|1: 2175 817 275 151 73 29 13 6 1 
8899|Survivor|1: 1950 798 278 151 73 32 13 5 1 
8922|Survivor|1: 2143 676 282 119 70 29 11 5 1 
8963|Child_LevyABC1|5: 2726 782 322 124 65 33 14 4 1 
8988|Survivor|1: 2218 743 288 128 63 27 13 5 1 
9061|Child_Cross21|58: 1961 770 320 148 81 30 11 5 1 
9064|Child_Cross12|33: 1965 784 329 148 81 30 11 5 1 
9139|Survivor|1: 1884 707 277 121 74 28 12 5 1 
9176|Child_Avg|43: 2057 768 301 134 73 30 11 5 1 
9216|Child_CrossABC2|8: 2207 728 331 127 64 28 11 4 1 
9219|Survivor|1|Mutated: 2207 822 331 127 64 28 11 4 1 
9229|Survivor|1: 2207 700 331 127 64 28 11 4 1 
9231|Child_CrossABC2|8: 2226 698 358 141 64 28 11 4 1 
9238|Child_CrossABC2|8: 2221 698 318 144 63 28 11 4 1 
9244|Survivor|1|Mutated: 2070 698 318 144 63 28 11 4 1 
9253|Survivor|1: 2070 712 381 144 63 28 11 4 1 
9316|Child_Avg|59: 2931 872 435 155 76 35 12 5 1 
9318|Child_Cross12|53: 2790 846 413 143 77 40 12 5 1 
9319|Child_Cross21|34: 2790 846 413 143 76 35 12 5 1 
9323|Child_CrossABC2|2: 2728 789 365 138 76 35 12 5 1 
9325|Child_Cross12|13: 2782 770 369 137 76 35 12 5 1 
9329|Child_Cross12|1: 2965 801 375 131 76 35 12 5 1 
9332|Child_CrossABC2|8: 2336 801 333 126 73 35 12 5 1 
9336|Child_CrossABC1|7: 2317 801 328 139 73 35 12 5 1 
9346|Child_Levy|24: 2578 848 354 149 67 33 12 5 1 
9351|Child_Levy|16: 3064 929 342 145 86 35 13 5 1 
9357|Child_Cross21|14: 2397 790 360 139 85 32 13 5 1 
9364|Child_Cross12|45: 2600 901 358 139 85 32 13 5 1 
9366|Child_Avg|39: 2991 898 379 162 88 32 13 5 1 
9367|Child_Cross12|9|Mutated: 2622 817 363 152 85 32 13 5 1 
9374|Child_CrossABC1|7: 2629 799 364 148 85 32 13 5 1 
9379|Child_Cross21|22: 2623 822 364 141 81 32 13 5 1 
9381|Child_Cross12|53: 2667 816 362 141 81 32 13 4 1 
9384|Child_Levy|4: 2534 809 350 143 78 30 11 5 1 
9398|Child_Cross12|37: 2545 743 351 128 78 30 11 5 1 
9402|Child_CrossABC1|1: 2336 766 321 128 78 30 11 5 1 
9404|Child_CrossABC1|1: 2288 839 361 133 71 27 14 4 1 
9405|Child_CrossABC1|7: 2166 795 299 128 78 30 11 5 1 
9413|Child_CrossABC1|1: 2139 786 307 128 78 30 11 5 1 
9424|Survivor|1: 2107 758 307 113 78 30 11 5 1 
9507|Survivor|1: 2217 710 269 123 57 27 13 5 1 
9585|Survivor|1: 1900 692 287 120 67 23 13 4 1 
9613|Survivor|1: 1737 692 302 123 63 23 12 5 1 
9674|Survivor|1: 2995 825 361 170 83 28 12 5 1 
9677|Child_Avg|7: 2235 723 326 155 75 28 11 4 1 
9679|Child_Levy|24: 2784 863 333 163 81 28 11 4 1 
9680|Child_CrossABC1|1: 2705 788 332 156 71 28 11 4 1 
9692|Child_CrossABC2|2: 2697 780 340 158 71 28 11 4 1 
9697|Child_Cross12|17: 2260 699 312 135 69 28 12 5 1 
9720|Survivor|1: 2087 781 293 119 57 28 12 5 1 
9732|Survivor|1: 1844 736 283 121 58 28 11 4 1 
9739|Child_Levy|28: 1881 725 283 123 63 28 11 4 1 
9745|Child_CrossABC1|1: 1856 727 281 122 63 28 11 4 1 
9792|Survivor|1|Mutated: 2972 941 407 147 76 28 11 4 1 
9849|Child_Cross12|57|Mutated: 2083 865 319 124 61 28 12 5 1 
9855|Child_Avg|43: 2084 852 317 116 61 28 12 5 1 
9881|Child_Avg|39: 2153 847 324 124 61 28 12 5 1 
9891|Survivor|1: 2850 891 367 144 67 27 11 4 1 
9903|Child_CrossABC2|2: 2745 896 327 131 62 25 11 5 1 
9907|Survivor|1|Mutated: 2443 896 327 131 62 30 11 5 1 
9913|Child_CrossABC1|1: 2527 963 329 142 62 30 11 5 1 
10006|Child_LevyP2|10: 2302 657 318 177 70 30 11 5 1 
10011|Child_CrossABC2|8: 2141 669 307 123 70 30 11 5 1 
10028|Child_CrossABC2|2|Mutated: 2220 785 296 117 70 30 11 5 1 
10035|Child_CrossABC2|8: 2249 775 297 113 70 30 11 5 1 
10126|Child_Levy|20: 1923 779 324 124 65 28 12 5 1 
10127|Child_Levy|20: 2030 860 336 127 62 27 13 5 1 
10137|Survivor|1|Mutated: 2260 860 336 127 62 27 13 5 1 
10142|Survivor|1: 1987 913 329 132 63 27 13 5 1 
10148|Survivor|1: 1868 730 281 111 63 27 13 5 1 
10192|Survivor|1: 1868 668 281 111 63 27 13 5 1 
10211|Child_Avg|47|Mutated: 2389 769 321 157 79 28 13 4 1 
10214|Child_Avg|23: 2166 765 328 127 77 28 12 5 1 
10218|Survivor|1|Mutated: 2166 853 328 127 77 28 12 5 1 
10220|Survivor|1|Mutated: 2277 790 328 127 77 28 12 5 1 
10224|Child_Cross21|50: 2190 787 317 123 77 28 12 5 1 
10233|Survivor|1|Mutated: 2175 688 321 135 64 24 9 4 1 
10234|Child_CrossABC2|8|Mutated: 2223 787 313 142 64 24 9 4 1 
10244|Child_Cross21|22: 1889 748 319 168 83 30 11 5 1 
10259|Child_Cross21|42: 2270 970 327 141 83 30 11 5 1 
10280|Child_CrossABC1|1: 2222 848 348 141 83 30 11 5 1 
10298|Child_CrossABC2|2: 2112 834 353 138 83 30 11 5 1 
10313|Survivor|1: 2445 896 371 148 83 30 11 5 1 
10330|Child_Cross12|49: 6862 1846 794 311 131 63 31 11 4 1 
10335|Child_CrossABC2|2: 1876 687 299 142 69 30 11 5 1 
10345|Child_CrossABC2|8: 1916 707 299 133 69 30 11 5 1 
10424|Survivor|1: 2291 932 409 172 68 27 11 4 1 
10438|Survivor|1: 2026 750 367 161 67 25 12 5 1 
10447|Survivor|1: 1844 734 323 136 66 25 12 5 1 
10448|Child_LevyABC1|11: 2188 776 326 137 64 24 11 4 1 
10450|Child_Levy|4: 1811 668 317 130 66 23 12 5 1 
10464|Survivor|1: 1806 654 297 127 64 24 11 4 1 
10500|Survivor|1: 2258 793 410 152 67 25 12 5 1 
10507|Survivor|1: 2692 773 417 153 62 28 13 4 1 
10514|Survivor|1: 2267 770 346 119 64 24 11 5 1 
10519|Child_CrossABC2|2: 2252 777 346 119 64 24 11 5 1 
10535|Survivor|1: 1928 759 347 123 69 24 11 5 1 
10540|Survivor|1|Mutated: 1730 759 347 123 69 24 11 5 1 
10558|Survivor|1: 1887 762 331 118 67 24 11 5 1 
10569|Survivor|1: 2195 822 338 122 69 24 11 5 1 
10573|Child_CrossABC2|8: 2188 830 354 125 71 24 11 5 1 
10610|Survivor|1: 2022 762 303 112 69 24 11 5 1 
10645|Child_Avg|43|Mutated: 2324 842 381 137 70 29 11 5 1 
10652|Child_CrossABC1|7: 2273 715 374 130 70 29 11 5 1 
10708|Survivor|1: 2062 761 337 117 64 30 12 5 1 
10778|Child_Levy|16: 2094 821 295 127 65 28 11 4 1 
10814|Child_Avg|55: 2156 762 299 134 71 28 11 4 1 
10883|Child_CrossABC2|2: 2162 793 343 137 64 24 9 4 1 
10937|Survivor|1: 2317 661 283 119 59 28 11 4 1 
10944|Child_CrossABC1|7: 2239 686 279 119 59 28 11 4 1 
10945|Child_CrossABC1|1: 2227 690 283 119 59 28 11 4 1 
10961|Child_Avg|59: 2904 787 341 136 71 28 11 4 1 
10970|Child_CrossABC1|7: 3149 914 347 134 69 27 10 4 1 
10976|Survivor|1|Mutated: 2660 914 347 134 69 27 10 4 1 
11075|Child_Avg|51: 3925 1255 520 231 108 57 23 10 4 1 
11084|Child_Avg|55: 4087 1233 498 232 102 55 23 10 4 1 
11101|Survivor|1: 4012 1234 528 235 96 56 21 11 4 1 
11167|Child_Avg|23: 2660 721 318 144 81 32 13 4 1 
11190|Child_Levy|4: 2275 882 350 123 73 30 11 5 1 
11235|Child_CrossABC2|2: 2135 830 291 114 65 24 11 4 1 
11298|Child_Avg|27: 2987 978 424 193 81 30 14 5 1 
11305|Child_Cross21|54: 2407 825 346 149 79 30 12 5 1 
11310|Child_Levy|52: 2325 777 322 138 78 27 13 5 1 
11312|Child_Cross12|33: 2252 779 329 137 78 27 13 5 1 
11317|Survivor|1: 1987 734 315 127 76 27 14 4 1 
11386|Child_Avg|39: 2681 939 349 150 79 28 12 5 1 
11389|Child_Avg|59: 2105 816 321 139 77 33 12 5 1 
11414|Child_Avg|47: 2537 923 430 184 71 28 12 5 1 
11420|Child_Cross12|37: 2274 690 320 125 71 28 12 5 1 
11472|Survivor|1: 2999 789 312 121 82 28 12 5 1 
11488|Survivor|1: 2745 748 295 119 82 28 12 5 1 
11522|Child_Avg|35: 2303 697 331 131 93 28 12 5 1 
11536|Child_Levy|36: 2263 671 310 131 84 27 13 5 1 
11544|Child_LevyABC1|11: 2072 785 306 177 68 29 14 6 1 
11547|Child_Avg|19: 2113 717 301 147 73 28 12 5 1 
11559|Survivor|1: 2937 966 316 146 77 28 11 4 1 
11571|Child_CrossABC2|2: 1929 700 281 133 66 28 12 5 1 
11575|Child_Cross21|34: 1871 701 287 119 66 28 12 5 1 
11582|Child_Cross12|1: 1885 698 284 115 66 28 12 5 1 
11588|Survivor|1: 1871 699 287 115 66 28 12 5 1 
11589|Child_CrossABC2|2: 1889 695 288 115 66 28 12 5 1 
11646|Survivor|1: 2181 680 290 121 62 30 11 5 1 
11716|Child_Avg|15: 2105 824 306 131 68 30 12 5 1 
11741|Survivor|1: 2250 754 273 121 64 28 11 4 1 
11744|Child_CrossABC1|7: 2218 721 281 121 64 28 11 4 1 
11819|Child_Cross21|30: 2181 717 290 108 65 23 12 5 1 
11841|Survivor|1: 2207 726 289 108 65 23 12 5 1 
11932|Survivor|1: 1807 697 296 112 58 23 10 4 1 
11956|Survivor|1: 1822 665 296 112 58 23 10 4 1 
12024|Child_LevyP2|10: 3577 1095 400 169 72 32 13 5 1 
12027|Child_LevyP1|3: 3609 1097 409 171 73 33 14 4 1 
12031|Child_CrossABC1|7: 2379 728 331 158 73 28 12 5 1 
12032|Child_CrossABC1|7: 2451 723 334 157 74 30 13 5 1 
12072|Child_Cross21|46: 2328 678 258 131 69 28 12 5 1 
12079|Child_Levy|20: 2302 668 314 124 65 28 12 5 1 
12085|Child_Avg|3: 2328 687 310 119 66 28 12 5 1 
12092|Child_CrossABC2|8: 2282 687 310 119 66 28 12 5 1 
12099|Child_Cross12|57: 2201 778 314 111 66 28 12 5 1 
12181|Survivor|1: 2186 824 356 137 69 32 15 4 1 
12188|Child_Levy|56: 2095 788 329 126 67 32 13 4 1 
12198|Survivor|1: 2126 755 330 136 69 33 13 4 1 
12202|Child_Avg|47: 2207 668 306 121 67 30 11 5 1 
12276|Child_Levy|36: 3023 947 387 131 75 35 11 5 1 
12543|Survivor|1: 3580 1362 598 247 105 64 24 11 5 1 
12545|Child_Cross12|45: 3773 1391 618 237 102 64 24 11 5 1 
12551|Survivor|1: 3773 1411 618 237 102 64 24 11 5 1 
12558|Child_LevyP1|9: 4431 1336 550 230 117 62 25 9 5 1 
12587|Child_LevyABC2|6: 2637 954 365 157 68 28 13 4 1 
12593|Child_Avg|3: 2139 868 341 138 68 29 11 5 1 
12603|Child_Cross12|49: 2080 814 347 119 69 28 12 5 1 
12606|Child_Cross21|30: 1931 761 313 119 65 28 12 5 1 
12632|Survivor|1: 1952 737 318 115 65 28 12 5 1 
12700|Survivor|1: 1916 748 301 111 63 27 13 5 1 
12724|Survivor|1: 1907 725 298 121 63 27 13 5 1 
12749|Survivor|1: 1858 712 289 110 63 27 13 5 1 
12761|Child_Levy|12: 2649 824 298 183 77 33 12 5 1 
12781|Child_Cross12|25: 2815 1087 437 161 77 33 12 5 1 
12786|Child_Cross21|54: 3204 1325 467 171 77 33 12 5 1 
12790|Child_Levy|24: 2400 829 327 158 80 31 14 5 1 
12793|Child_Avg|43: 2196 831 330 157 81 31 11 4 1 
12794|Child_Levy|20: 2538 874 405 151 79 29 13 6 1 
12795|Survivor|1|Mutated: 2156 874 405 151 79 29 16 5 1 
12797|Child_Cross21|34: 2180 830 367 148 79 31 11 4 1 
12803|Child_Levy|32: 2096 799 355 144 73 29 13 6 1 
12804|Child_Cross21|18: 2119 743 363 142 73 29 13 6 1 
12808|Child_Cross21|38: 2002 725 332 137 74 28 12 5 1 
12810|Child_Cross21|6: 2192 785 351 135 74 28 12 5 1 
12825|Child_Avg|11: 2223 780 344 139 71 28 11 4 1 
12828|Child_Cross12|53: 2355 752 328 131 74 27 13 5 1 
12831|Survivor|1|Mutated: 2355 752 354 131 74 27 13 5 1 
12833|Child_CrossABC2|8: 2185 763 354 131 74 27 13 5 1 
12839|Child_CrossABC2|2: 2090 767 337 132 74 27 13 5 1 
12840|Child_Cross12|49: 2126 741 331 123 72 27 13 5 1 
12841|Child_Avg|7: 2110 803 332 125 74 27 13 5 1 
12862|Child_Avg|15: 2170 817 318 128 68 28 13 4 1 
13017|Child_Avg|19: 2223 710 343 124 78 30 11 5 1 
13073|Survivor|1: 5278 1449 617 265 109 74 28 12 5 1 
13078|Child_Cross21|10: 6136 1472 628 283 109 74 28 12 5 1 
13131|Child_CrossABC1|1: 4163 1141 614 225 131 62 28 12 5 1 
13135|Child_Cross21|2|Mutated: 4029 1286 543 245 101 62 28 12 5 1 
13143|Child_CrossABC1|1: 3981 1286 540 244 101 62 28 12 5 1 
13155|Child_CrossABC1|7: 4074 1287 540 244 101 62 28 12 5 1 
13161|Child_Avg|31: 4050 1280 539 244 99 64 28 11 4 1 
13174|Survivor|1: 4084 1286 573 251 95 63 27 10 4 1 
13203|Child_Cross21|54: 4031 1286 573 251 95 63 27 10 4 1 
13216|Child_CrossABC1|1: 4028 1284 573 251 95 63 27 10 4 1 
13263|Child_Cross21|54: 2423 882 387 157 59 30 11 5 1 
13267|Survivor|1: 2398 839 346 141 67 31 11 4 1 
13288|Child_Avg|19: 1787 722 303 134 69 24 11 4 1 
13302|Child_Avg|47|Mutated: 1821 688 292 150 69 28 11 4 1 
13382|Child_Avg|35|Mutated: 2252 854 329 128 63 27 10 4 1 
13547|Child_Levy|12: 2576 757 320 133 71 28 12 5 1 
13551|Survivor|1: 2576 757 320 133 84 31 14 5 1 
13553|Child_Avg|51: 2818 771 341 152 71 31 14 5 1 
13555|Survivor|1: 2200 832 324 133 74 28 11 4 1 
13589|Child_Levy|4: 2176 859 312 137 75 28 12 5 1 
13617|Child_Cross21|50: 2098 808 316 115 62 28 12 5 1 
13619|Child_CrossABC2|2: 2182 808 322 115 62 28 12 5 1 
13630|Survivor|1|Mutated: 2097 808 322 115 62 28 12 5 1 
13655|Survivor|1: 2119 836 307 110 63 27 13 5 1 
13711|Child_Cross21|58: 1980 758 310 121 66 28 12 5 1 
13720|Survivor|1: 1969 825 357 115 66 28 12 5 1 
13731|Child_Avg|15|Mutated: 1962 797 336 136 69 28 12 5 1 
13785|Survivor|1: 1807 743 297 110 69 24 11 5 1 
13850|Survivor|1: 1806 683 264 133 70 30 11 5 1 
13856|Child_Cross21|22: 1749 683 265 124 70 30 11 5 1 
13874|Survivor|1: 2575 942 353 166 78 35 11 4 1 
13877|Child_CrossABC2|2: 2258 761 343 146 78 31 14 5 1 
13878|Child_LevyP2|10: 2161 778 302 166 71 29 10 4 1 
13879|Child_CrossABC2|2: 2370 707 343 146 71 31 14 5 1 
13885|Child_CrossABC2|8: 2308 696 323 134 65 27 10 4 1 
13895|Child_Avg|11: 2226 693 320 131 66 27 10 4 1 
13900|Child_Cross12|29: 2228 675 308 119 66 27 10 4 1 
13912|Survivor|1: 2123 678 302 125 65 24 11 5 1 
14037|Survivor|1: 2152 875 346 133 66 23 12 5 1 
14092|Survivor|1: 2452 906 331 137 75 28 11 4 1 
14103|Child_Cross12|21: 1879 717 279 124 67 30 11 5 1 
14119|Child_CrossABC1|1: 2098 780 291 111 58 28 12 5 1 
14145|Survivor|1: 2252 1020 445 196 92 30 13 5 1 
14150|Child_Cross12|21: 2244 923 376 155 92 28 11 4 1 
14160|Child_LevyABC1|11|Mutated: 1836 801 337 144 79 29 13 6 1 
14166|Survivor|1: 1867 767 330 143 82 32 13 4 1 
14172|Survivor|1: 1843 766 341 145 85 32 13 5 1 
14183|Survivor|1: 1817 779 319 127 77 30 12 5 1 
14243|Child_Levy|24: 2537 934 403 156 67 31 14 5 1 
14251|Child_Cross21|50: 2307 832 345 133 67 31 14 5 1 
14252|Child_Cross21|10: 2307 832 345 133 67 30 14 5 1 
14253|Child_Levy|32: 2340 886 383 148 66 31 14 5 1 
14259|Child_Cross12|37: 2325 963 361 126 67 30 13 5 1 
14262|Child_Avg|47: 2144 847 348 139 65 32 13 5 1 
14264|Child_Cross21|26: 2212 901 345 127 70 30 11 5 1 
14265|Child_Cross21|34: 2159 821 342 133 69 30 11 5 1 
14266|Child_Avg|27: 2185 945 349 141 69 30 11 5 1 
14269|Child_Avg|7: 2195 902 336 133 66 28 12 5 1 
14279|Child_Avg|3: 2237 913 336 132 67 28 12 5 1 
14281|Child_Avg|35: 2290 878 338 125 66 28 12 5 1 
14283|Child_CrossABC2|2: 2233 856 337 125 62 28 12 5 1 
14284|Child_Cross12|29|Mutated: 2174 869 306 135 65 28 12 5 1 
14287|Child_CrossABC1|1: 2465 725 301 127 64 28 11 4 1 
14290|Child_Cross12|9: 2202 901 318 121 64 28 11 4 1 
14348|Survivor|1: 2048 757 301 124 58 28 11 4 1 
14357|Child_Avg|59: 1952 733 311 126 58 28 11 4 1 
14363|Child_Avg|23: 1842 687 305 126 58 28 11 4 1 
14381|Survivor|1: 1891 724 302 114 59 28 11 4 1 
14485|Survivor|1: 1906 643 271 118 54 24 11 4 1 
14532|Child_Cross12|17: 3607 975 402 167 74 30 13 5 1 
14564|Child_Levy|60: 3643 1045 377 173 69 28 12 5 1 
14568|Child_Cross12|21: 2671 797 329 133 62 30 12 5 1 
14570|Child_Cross12|41: 3039 871 356 155 69 28 12 5 1 
14616|Child_CrossABC1|1: 2282 876 369 155 70 30 12 5 1 
14618|Child_Cross12|41: 2924 818 341 146 71 33 13 4 1 
14619|Child_Levy|48: 2534 853 365 139 75 31 14 5 1 
14621|Child_CrossABC1|1: 2155 853 387 156 69 28 12 5 1 
14631|Child_Avg|47: 2219 825 375 146 70 27 13 5 1 
14632|Child_Levy|48: 2108 777 314 136 72 27 13 5 1 
14641|Child_CrossABC2|2: 2105 783 314 141 72 27 13 5 1 
14651|Child_Avg|39: 2094 762 335 129 73 27 13 5 1 
14667|Child_CrossABC1|7: 2041 743 294 115 72 27 13 5 1 
14676|Child_CrossABC2|8: 2035 775 296 123 72 27 13 5 1 
14718|Survivor|1: 2044 757 345 154 70 30 11 5 1 
14726|Child_Avg|31|Mutated: 2054 744 323 161 78 30 11 5 1 
14728|Child_Avg|3: 2054 742 353 169 73 30 11 5 1 
14758|Child_Avg|7|Mutated: 2245 838 361 139 71 30 12 5 1 
14789|Child_CrossABC2|2: 2995 1133 555 217 74 31 14 5 1 
14790|Child_Cross12|53: 4210 1208 494 181 72 32 13 4 1 
14793|Survivor|1: 3167 1086 490 184 71 30 13 5 1 
14795|Child_Avg|39: 2438 959 318 145 71 30 12 5 1 
14801|Child_Avg|23: 2337 822 295 134 72 30 11 5 1 
14811|Survivor|1: 2655 808 301 119 72 30 11 5 1 
14862|Child_CrossABC1|1: 2405 744 307 133 63 25 11 5 1 
14866|Child_Cross12|1: 2181 711 282 122 69 30 11 5 1 
14881|Survivor|1: 2234 713 294 113 66 24 11 4 1 
14891|Child_Cross21|6: 2225 703 299 111 69 30 11 5 1 
14898|Child_CrossABC1|1: 2244 703 299 111 69 30 11 5 1 
14902|Child_CrossABC1|1: 2258 703 299 111 69 30 11 5 1 
14905|Child_CrossABC2|8|Mutated: 2249 682 299 128 69 30 11 5 1 
14984|Child_Avg|51: 2931 968 369 155 73 27 10 4 1 
14987|Child_Levy|12: 2568 837 336 149 71 28 11 4 1 
14998|Survivor|1: 2116 783 314 129 79 31 11 4 1 
15176|Survivor|1: 2174 811 304 167 79 28 13 4 1 
15188|Survivor|1: 2194 646 305 167 79 28 13 4 1 
15191|Child_CrossABC1|1|Mutated: 2184 811 315 169 62 25 14 4 1 
15202|Survivor|1: 2336 782 313 170 62 25 14 4 1 
15203|Child_CrossABC2|8: 2252 811 350 141 62 25 14 4 1 
15208|Child_LevyABC2|6: 2146 775 326 145 61 27 13 5 1 
15215|Child_CrossABC1|7: 2190 791 336 135 59 28 12 5 1 
15222|Child_Avg|35|Mutated: 2120 741 313 125 58 28 12 5 1 
15260|Child_Cross21|58: 2598 764 327 123 70 30 11 5 1 
15297|Child_CrossABC2|2: 2286 725 321 120 69 28 11 4 1 
15313|Survivor|1: 2084 748 283 119 66 27 10 4 1 
15354|Survivor|1: 2311 848 311 117 60 29 11 5 1 
15491|Child_Avg|3: 2282 832 332 144 67 28 12 5 1 
15492|Child_CrossABC2|2: 2300 837 328 146 65 28 12 5 1 
15493|Child_Cross12|5: 2389 909 306 143 65 28 12 5 1 
15496|Child_Cross21|54: 2346 873 303 142 69 30 11 5 1 
15498|Child_Cross21|34: 2166 785 301 137 66 28 12 5 1 
15500|Child_Cross12|53: 2078 758 300 125 69 30 11 5 1 
15509|Child_Cross21|54|Mutated: 2096 777 309 131 69 30 11 5 1 
15519|Child_CrossABC1|1: 2066 767 325 125 69 30 11 5 1 
15526|Survivor|1: 1748 758 277 125 69 30 11 5 1 
15529|Survivor|1: 2141 771 330 112 69 30 11 5 1 
15577|Child_CrossABC1|1: 2669 772 350 160 78 31 14 5 1 
15587|Survivor|1: 1961 716 304 123 78 28 12 5 1 
15605|Survivor|1: 1961 716 304 123 78 27 13 5 1 
15637|Survivor|1: 2231 760 300 112 69 27 10 4 1 
15647|Child_CrossABC2|8: 2419 754 317 127 69 27 10 4 1 
15673|Survivor|1: 2367 754 317 127 69 27 10 4 1 
15695|Child_Avg|7: 2133 778 302 127 71 27 13 5 1 
15753|Survivor|1: 2276 680 291 149 77 30 11 5 1 
15759|Child_Avg|59: 1975 782 344 153 80 30 11 5 1 
15790|Child_Levy|20: 2712 821 313 140 78 30 11 5 1 
15792|Survivor|1|Mutated: 2313 821 313 140 67 30 11 5 1 
15805|Child_Cross12|57: 2086 849 341 121 67 30 11 5 1 
15818|Child_Cross12|57: 2217 805 318 121 67 30 11 5 1 
15832|Child_Cross21|42: 2218 828 318 121 67 30 11 5 1 
15834|Child_Cross12|5: 2217 816 318 121 67 30 11 5 1 
15835|Child_CrossABC1|1: 2217 821 318 121 67 30 11 5 1 
15847|Child_Cross12|13: 2217 819 318 121 67 30 11 5 1 
15848|Child_Avg|43: 2217 819 317 121 67 30 11 5 1 
15849|Child_Cross12|17: 2217 814 318 121 67 30 11 5 1 
15851|Child_Cross21|26: 2236 812 317 121 67 30 11 5 1 
15859|Child_Cross12|45: 2217 812 318 121 67 30 11 5 1 
15862|Child_Cross21|10: 2231 812 317 121 67 30 11 5 1 
15863|Child_Cross12|45: 2201 819 317 121 67 30 11 5 1 
15864|Child_CrossABC1|7: 2210 821 318 121 67 30 11 5 1 
15882|Survivor|1: 2243 821 322 125 65 31 11 5 1 
15889|Child_Levy|24: 2348 818 322 123 67 32 13 5 1 
15892|Survivor|1: 2348 818 322 123 60 29 11 5 1 
15897|Child_Cross12|13: 2280 774 305 117 60 29 11 5 1 
15906|Child_CrossABC1|1: 2259 762 316 119 60 28 11 4 1 
15927|Survivor|1: 2259 762 316 119 68 35 12 5 1 
15933|Child_Avg|31: 2202 757 324 123 70 30 11 5 1 
15937|Child_Levy|52: 2142 731 311 117 71 28 12 5 1 
15939|Survivor|1: 2229 762 309 118 69 28 11 4 1 
15957|Child_Cross21|38: 2576 870 377 148 76 30 13 5 1 
15958|Child_Levy|48: 3149 954 382 196 77 30 14 5 1 
15960|Child_Cross21|58: 3149 954 382 196 73 29 13 6 1 
15969|Child_Levy|20: 2266 931 318 153 73 29 13 6 1 
15971|Child_LevyP2|4: 1940 797 284 147 69 31 14 5 1 
15974|Child_Cross12|1: 2042 800 303 146 69 31 14 5 1 
15975|Child_CrossABC2|8: 2072 741 317 142 75 31 14 5 1 
16002|Survivor|1|Mutated: 2268 741 317 142 75 31 14 5 1 
16007|Child_Avg|59: 2354 736 320 145 75 31 14 5 1 
16008|Child_Avg|7: 2215 738 329 138 73 32 13 5 1 
16014|Child_CrossABC2|2: 2197 726 327 142 73 32 13 5 1 
16023|Child_Cross12|33: 2231 711 321 127 72 32 13 4 1 
16035|Child_Cross21|54: 2231 711 321 127 74 26 14 5 1 
16050|Child_Avg|31: 2110 696 329 128 69 28 12 5 1 
16072|Survivor|1: 2203 754 344 128 70 27 10 4 1 
16196|Child_CrossABC2|2: 2773 860 306 151 65 28 11 4 1 
16199|Child_CrossABC1|7: 2806 925 319 151 69 32 11 4 1 
16202|Child_Cross21|50: 2392 860 290 141 67 35 11 4 1 
16203|Child_LevyP2|10: 2156 747 295 129 63 27 13 5 1 
16226|Child_CrossABC1|1: 2227 718 279 118 61 27 13 5 1 
16227|Child_Cross12|41: 2223 716 281 118 70 27 13 5 1 
16238|Child_CrossABC1|1: 2247 712 277 116 73 27 13 5 1 
16247|Child_CrossABC1|1: 2272 712 277 116 73 27 13 5 1 
16268|Child_LevyP2|10: 2108 798 290 124 71 28 12 5 1 
16307|Child_LevyP1|9: 2248 719 333 150 83 31 11 4 1 
16342|Child_Avg|47: 2822 768 302 119 63 29 10 4 1 
16423|Child_Cross21|38: 2098 658 266 121 66 28 12 5 1 
16427|Survivor|1: 2245 647 280 125 66 28 12 5 1 
16437|Survivor|1: 2213 644 263 119 65 28 12 5 1 
16442|Survivor|1: 2116 645 265 127 65 28 12 5 1 
16584|Survivor|1: 2188 791 355 121 63 28 12 5 1 
16600|Survivor|1: 2068 839 349 116 63 28 11 4 1 
16624|Child_LevyABC1|5: 2956 1007 418 164 75 28 12 5 1 
16626|Child_LevyP1|9: 2894 1047 428 166 72 29 13 6 1 
16642|Child_Avg|43: 2559 921 369 136 73 28 12 5 1 
16643|Child_Avg|7: 2807 971 397 164 73 28 12 5 1 
16646|Child_Cross12|45: 2215 902 332 145 74 27 13 4 1 
16648|Child_Levy|12: 2281 811 326 142 69 28 12 5 1 
16649|Child_Cross21|54: 2257 920 348 146 75 27 13 5 1 
16659|Child_CrossABC1|7|Mutated: 2225 734 328 160 75 27 13 5 1 
16661|Child_Cross12|9: 2272 922 362 139 72 26 14 5 1 
16668|Child_Avg|39: 2171 893 339 133 70 27 13 5 1 
16690|Child_Avg|47: 2140 886 331 131 70 27 13 5 1 
16691|Child_Cross21|34: 2183 868 326 119 70 27 13 5 1 
16694|Child_CrossABC2|8: 2044 823 295 131 70 27 13 5 1 
16763|Child_CrossABC1|7: 2921 817 382 157 64 24 11 5 1 
16845|Child_Avg|43: 2958 1150 467 208 86 31 14 4 1 
16850|Child_Levy|36: 2206 811 358 149 79 29 13 6 1 
16871|Child_Cross12|29: 1905 689 295 125 78 28 12 5 1 
16875|Survivor|1: 1874 694 288 129 78 28 12 5 1 
16910|Survivor|1: 2376 688 291 134 65 30 11 5 1 
16917|Child_Cross12|21: 2406 736 326 134 65 30 11 5 1 
16922|Survivor|1: 2205 677 303 130 64 28 11 4 1 
16928|Child_Cross21|50: 2179 688 279 127 64 28 11 4 1 
16940|Child_Levy|56: 2233 703 298 122 63 28 11 4 1 
16942|Survivor|1: 2257 695 295 122 65 28 11 4 1 
16954|Child_Avg|39: 2222 707 290 115 64 28 11 4 1 
16955|Child_CrossABC1|7: 2199 708 292 114 65 28 11 4 1 
16957|Child_CrossABC2|2: 2323 708 292 114 65 28 11 4 1 
16958|Child_Avg|31: 2231 703 293 113 64 28 11 4 1 
16959|Child_Cross12|45: 2274 703 299 113 64 28 11 4 1 
16971|Child_Cross12|9: 2231 705 291 113 64 28 11 4 1 
16972|Child_Avg|35: 2239 700 293 113 64 28 11 4 1 
16974|Child_CrossABC2|2: 2238 700 293 113 64 28 11 4 1 
16976|Child_Cross21|50: 2235 702 292 113 64 28 11 4 1 
16983|Child_Cross12|25: 2236 698 293 113 64 28 11 4 1 
16993|Child_Cross12|5|Mutated: 2239 700 321 113 64 28 11 4 1 
17011|Child_Cross21|42: 2239 695 321 113 64 28 11 4 1 
17012|Child_Cross12|5: 2238 700 299 113 64 28 11 4 1 
17013|Child_Avg|11: 2239 697 321 113 64 28 11 4 1 
17020|Child_Cross21|34|Mutated: 2237 700 293 132 64 28 11 4 1 
17023|Child_Cross21|18: 2237 700 292 113 64 28 11 4 1 
17031|Child_Cross21|26: 2237 694 292 113 64 28 11 4 1 
17063|Child_Avg|51: 2239 698 315 113 64 28 11 4 1 
17064|Child_Cross12|37: 2237 700 293 113 64 28 11 4 1 
17067|Child_Cross12|13: 2239 713 321 113 64 28 11 4 1 
17075|Child_Cross12|25: 2251 700 321 113 64 28 11 4 1 
17077|Child_Avg|47: 2242 697 321 113 64 28 11 4 1 
17079|Child_Avg|27: 2245 697 321 113 64 28 11 4 1 
17094|Child_Cross21|26: 2236 697 321 113 64 28 11 4 1 
17108|Child_Cross21|18: 2267 697 321 113 64 28 11 4 1 
17112|Child_Cross21|14: 2249 697 321 113 64 28 11 4 1 
17114|Child_CrossABC1|7: 2251 697 321 113 64 28 11 4 1 
17123|Child_Cross12|25: 2258 697 321 113 64 28 11 4 1 
17125|Child_Cross21|22: 2239 697 315 113 64 28 11 4 1 
17132|Child_Avg|39: 2273 697 321 113 64 28 11 4 1 
17236|Survivor|1: 2252 778 289 123 61 24 9 4 1 
17294|Child_Levy|48: 1945 731 307 138 68 25 11 5 1 
17296|Child_Cross12|41: 2092 821 344 131 68 25 11 5 1 
17412|Child_Levy|24: 2809 796 311 133 64 30 12 5 1 
17423|Survivor|1: 2784 809 308 123 68 30 12 5 1 
17484|Survivor|1: 2710 757 348 141 82 27 10 4 1 
17494|Child_Avg|3: 2749 940 405 154 76 28 11 4 1 
17501|Child_Avg|11: 2291 791 343 126 73 30 11 5 1 
17511|Survivor|1: 2230 834 344 113 74 28 12 5 1 
17521|Survivor|1: 2750 880 325 168 74 30 9 5 1 
17525|Survivor|1: 2575 852 338 159 74 30 9 5 1 
17546|Child_CrossABC1|7: 2245 759 327 141 72 29 10 4 1 
17552|Child_Cross12|37: 2179 742 290 133 74 28 11 4 1 
17566|Child_Avg|55: 2190 777 302 124 71 28 11 4 1 
17591|Child_Levy|12: 2052 749 298 115 69 28 12 5 1 
17694|Child_Levy|32: 2996 902 353 159 76 28 11 4 1 
17708|Child_Cross21|18: 2910 912 361 156 76 28 11 4 1 
17745|Child_Levy|48|Mutated: 2219 845 318 132 69 35 13 5 1 
17758|Child_Avg|11: 2354 758 304 139 69 30 11 5 1 
17762|Child_CrossABC2|8: 2247 796 322 142 69 29 13 6 1 
17767|Child_Avg|47: 1926 736 289 122 69 30 11 5 1 
17777|Child_CrossABC2|2: 1895 711 284 122 69 30 11 5 1 
17804|Survivor|1: 2706 876 324 141 73 29 13 6 1 
17807|Survivor|1: 2227 783 299 131 70 30 11 5 1 
17852|Child_CrossABC2|2: 2379 822 361 146 79 30 13 5 1 
17866|Child_CrossABC1|7: 2364 831 361 161 79 32 13 5 1 
17880|Survivor|1|Mutated: 2756 831 361 161 82 32 13 5 1 
17889|Child_Cross12|53: 2219 740 305 134 76 30 13 5 1 
17896|Child_Avg|51: 2232 776 329 131 74 28 13 4 1 
17898|Survivor|1: 2227 715 281 137 74 32 13 4 1 
17901|Child_Cross21|54: 2216 793 301 128 68 28 13 4 1 
17905|Survivor|1: 2207 927 301 124 70 30 11 5 1 
17913|Child_Cross21|6: 2109 784 306 119 69 28 12 5 1 
17934|Child_Levy|60: 2175 770 352 145 71 30 13 5 1 
17936|Child_Cross12|13: 2260 802 394 143 71 30 13 5 1 
18018|Child_Avg|51: 2226 933 334 139 85 32 13 4 1 
18042|Child_Cross21|26: 3602 1133 433 238 103 36 13 4 1 
18070|Survivor|1: 2675 817 403 155 81 39 11 4 1 
18089|Survivor|1: 2184 811 295 126 65 32 13 5 1 
18092|Survivor|1: 2170 768 299 124 65 27 13 5 1 
18093|Child_Avg|19: 2171 773 304 121 64 28 13 4 1 
18094|Child_CrossABC1|7: 2170 770 305 124 65 27 13 5 1 
18102|Survivor|1: 2336 770 305 124 65 27 13 5 1 
18112|Child_Cross12|45: 2232 792 298 109 62 28 12 5 1 
18115|Survivor|1: 2358 733 308 125 65 27 13 5 1 
18123|Child_Cross21|14: 2245 694 287 121 65 23 12 5 1 
18168|Survivor|1: 1972 763 330 122 81 28 11 4 1 
18318|Child_Avg|15: 2871 804 340 161 64 29 10 4 1 
18329|Child_Levy|4: 2954 924 419 179 70 27 10 4 1 
18333|Child_Cross21|46: 2407 781 319 135 66 28 12 5 1 
18341|Child_Avg|35: 2303 825 305 123 65 28 11 4 1 
18343|Child_Cross21|34: 2303 825 305 123 65 28 12 5 1 
18350|Child_Cross21|22: 2398 825 305 123 65 28 12 5 1 
18351|Child_CrossABC1|1: 2281 825 305 123 65 28 12 5 1 
18352|Child_CrossABC1|7: 2330 829 305 123 65 28 12 5 1 
18501|Survivor|1: 2140 738 330 125 61 23 12 5 1 
18541|Survivor|1: 2391 706 300 124 65 27 13 5 1 
18554|Survivor|1: 2404 706 287 114 63 27 13 5 1 
18557|Child_CrossABC1|7: 2238 705 290 111 63 27 13 5 1 
18627|Survivor|1: 2554 1089 442 178 69 28 11 4 1 
18647|Survivor|1: 1757 740 304 129 68 28 13 4 1 
18754|Child_Levy|20: 2406 973 361 193 86 35 12 5 1 
18760|Survivor|1: 2211 897 288 146 86 35 12 5 1 
18767|Survivor|1: 2251 831 302 134 77 28 12 5 1 
18772|Child_Cross12|33: 2298 819 305 131 77 28 12 5 1 
18790|Child_Avg|15: 2261 825 296 125 75 28 12 5 1 
18823|Survivor|1: 2188 780 311 114 67 30 11 5 1 
18836|Survivor|1: 2160 807 316 119 66 29 11 5 1 
18905|Child_Avg|35: 2133 806 370 172 81 28 11 4 1 
18931|Child_Avg|39: 2118 747 308 125 76 28 11 4 1 
19008|Child_Levy|20: 3035 875 320 164 75 35 11 5 1 
19025|Child_Cross12|45: 2450 816 314 131 75 35 11 5 1 
19028|Child_CrossABC1|1: 2433 827 322 133 75 35 11 5 1 
19043|Survivor|1: 2448 810 315 124 75 35 12 5 1 
19055|Child_LevyP1|3: 2254 778 306 117 75 32 13 4 1 
19095|Survivor|1: 2136 765 283 116 68 25 11 5 1 
19098|Survivor|1|Mutated: 2138 774 344 143 70 27 13 5 1 
19147|Survivor|1: 3994 1182 513 250 101 60 23 10 4 1 
19161|Survivor|1: 3767 1163 503 238 97 58 23 10 4 1 
19238|Child_Cross21|30: 6267 1517 589 257 105 59 27 10 4 1 
19242|Survivor|1: 6170 1607 593 248 104 58 27 10 4 1 
19257|Child_Levy|20|Mutated: 6162 1653 609 244 113 66 25 12 5 1 
19267|Child_CrossABC2|8: 6206 1727 575 255 101 64 23 12 5 1 
19288|Child_Levy|24: 6120 1587 617 278 151 81 28 12 5 1 
19308|Child_CrossABC2|2: 6308 1502 611 293 125 79 29 13 6 1 
19310|Child_Avg|3: 6294 1486 605 274 124 79 28 12 5 1 
19314|Survivor|1|Mutated: 6294 1486 686 274 124 79 28 12 5 1 
19315|Child_CrossABC2|2: 6293 1492 740 276 129 78 28 12 5 1 
19320|Child_Avg|27: 6263 1477 660 279 115 78 28 12 5 1 
19322|Child_CrossABC1|1: 6250 1458 655 279 111 78 28 12 5 1 
19359|Child_Avg|27: 6462 1531 598 274 97 73 27 13 5 1 
19398|Child_Avg|3: 2700 878 341 150 72 27 11 4 1 
19404|Child_CrossABC2|2: 2760 821 332 151 72 26 14 5 1 
19419|Child_CrossABC1|7: 2495 755 310 142 72 27 13 5 1 
19425|Child_CrossABC2|8: 2443 774 323 132 72 27 13 5 1 
19428|Child_CrossABC1|1: 2351 766 325 141 72 27 13 5 1 
19430|Survivor|1|Mutated: 2133 663 274 141 72 27 13 5 1 
19431|Child_CrossABC1|1: 2250 707 302 123 72 27 13 5 1 
19433|Child_CrossABC2|8: 2244 717 300 119 72 27 13 5 1 
19440|Survivor|1: 2246 720 301 116 72 27 13 5 1 
19483|Survivor|1: 2685 1042 323 123 72 27 13 5 1 
19488|Survivor|1: 2363 710 285 120 69 28 12 5 1 
19497|Child_Cross12|21: 2374 710 285 120 69 28 12 5 1 
19501|Child_Cross12|13: 2271 695 282 115 69 28 12 5 1 
19505|Child_Cross12|37|Mutated: 2310 703 291 109 62 28 12 5 1 
19539|Child_CrossABC1|7: 2273 720 294 107 69 28 12 5 1 
19551|Survivor|1: 2263 741 316 125 63 28 11 4 1 
19557|Child_CrossABC2|8: 2274 738 315 127 65 28 11 4 1 
19562|Survivor|1: 2303 727 297 130 64 28 11 4 1 
19581|Child_CrossABC2|2: 2251 756 297 129 64 28 11 4 1 
19582|Child_CrossABC2|8: 2303 746 297 130 64 28 11 4 1 
19593|Survivor|1: 9835 2909 1103 437 168 82 37 13 4 1 
19594|Survivor|1|Mutated: 9835 2909 1103 437 194 82 37 13 4 1 
19603|Child_Cross21|14: 9835 2909 1103 437 194 87 40 14 5 1 
19612|Child_Cross12|5: 2700 963 401 168 87 40 14 5 1 
19616|Child_Cross12|25: 2398 833 422 157 85 40 14 5 1 
19624|Child_Cross12|17: 2431 856 404 156 87 40 14 5 1 
19625|Child_Avg|31: 2240 840 403 156 86 40 13 5 1 
19637|Child_Avg|15: 2245 840 403 156 86 40 13 5 1 
19639|Child_Avg|15|Mutated: 2386 875 417 151 86 40 14 5 1 
19643|Child_CrossABC1|1: 2393 890 407 143 84 40 13 5 1 
19645|Child_Avg|47: 2485 900 382 159 89 40 13 5 1 
19649|Child_Avg|23: 2294 877 398 138 87 40 13 5 1 
19651|Child_Levy|4: 2375 892 395 161 87 39 14 6 1 
19653|Child_CrossABC1|1: 2391 871 397 161 87 39 14 6 1 
19658|Child_Avg|59: 2308 917 400 141 85 40 13 5 1 
19660|Survivor|1|Mutated: 2308 917 400 161 85 40 13 5 1 
19661|Child_Cross21|34: 2440 931 385 137 86 40 13 5 1 
19664|Child_CrossABC1|1: 2340 873 398 141 85 40 13 5 1 
19678|Child_Cross12|49: 2317 887 400 136 85 35 13 5 1 
19689|Child_CrossABC2|8: 2330 886 401 136 85 35 13 5 1 
19691|Child_Cross21|54: 2325 880 399 136 85 35 13 5 1 
19693|Child_CrossABC2|2: 2326 881 399 136 85 35 13 5 1 
19695|Child_CrossABC1|7: 2323 886 399 136 85 35 13 5 1 
19697|Child_CrossABC2|2: 2317 889 399 136 85 35 13 5 1 
19700|Child_CrossABC1|1: 2323 883 400 136 85 35 13 5 1 
19701|Child_Avg|55: 2297 881 397 134 85 35 13 5 1 
19704|Child_Avg|19: 2273 866 394 132 85 35 13 5 1 
19708|Child_CrossABC1|1: 2193 715 371 163 85 35 13 5 1 
19710|Child_Avg|51: 2261 764 372 143 85 35 13 5 1 
19717|Child_CrossABC1|7: 2241 765 372 143 85 35 13 5 1 
19720|Child_Cross21|34: 2247 782 370 134 85 35 13 5 1 
19746|Survivor|1: 2291 772 343 126 85 32 13 5 1 
19753|Survivor|1: 2276 740 334 119 67 31 14 5 1 
19768|Survivor|1: 2187 735 330 115 77 28 12 5 1 
19795|Survivor|1: 2121 646 296 144 71 29 10 4 1 
19801|Child_Cross12|5: 2062 617 303 136 67 30 11 5 1 
19822|Survivor|1: 2224 693 304 130 64 29 10 4 1 
19920|Survivor|1: 2215 714 286 123 63 28 11 4 1 
19936|Child_Levy|52: 2283 771 309 133 64 27 13 5 1 
19945|Survivor|1: 2194 697 293 122 64 27 13 5 1 
19951|Survivor|1: 2371 718 298 119 65 28 12 5 1 
19974|Survivor|1: 2270 713 316 115 66 28 12 5 1 
19979|Survivor|1: 2270 713 316 115 65 28 12 5 1 
19989|Child_CrossABC2|2: 2271 700 319 117 69 28 11 4 1 
20009|Child_CrossABC2|8: 2273 685 299 117 69 28 11 4 1 
20041|Child_Cross12|49|Mutated: 2235 687 290 133 56 27 13 5 1 
20042|Child_CrossABC1|7: 2241 691 290 133 69 28 11 4 1 
20043|Child_CrossABC2|8: 2235 691 292 137 69 28 11 4 1 
20127|Child_Avg|15: 2018 854 295 135 67 29 11 5 1 
20133|Survivor|1|Mutated: 2397 854 295 135 67 29 11 5 1 
20178|Child_Avg|35|Mutated: 2107 848 337 135 72 30 11 5 1 
20196|Survivor|1: 3569 1109 344 167 73 30 14 5 1 
20202|Child_Cross12|37: 2084 790 347 125 73 30 14 5 1 
20204|Survivor|1: 2162 674 298 133 72 30 13 5 1 
20208|Child_Cross12|41: 2112 794 318 125 72 26 14 5 1 
20225|Survivor|1: 2102 760 317 122 76 29 13 6 1 
20277|Survivor|1: 1939 948 354 149 63 27 10 4 1 
20301|Survivor|1: 2086 760 282 132 61 24 9 4 1 
20378|Child_Cross21|58: 2151 940 337 125 77 30 11 5 1 
20423|Child_Levy|24: 3717 1138 486 200 91 35 11 5 1 
20433|Survivor|1: 2292 827 331 173 70 29 10 6 1 
20434|Child_Cross21|2: 1963 719 359 142 80 30 11 5 1 
20437|Child_CrossABC1|1: 1958 701 338 136 67 30 11 5 1 
20442|Child_Cross12|13: 2221 780 309 129 67 30 11 5 1 
20451|Child_LevyABC1|11: 2322 881 388 138 65 27 10 4 1 
20455|Child_Avg|3: 2214 750 322 135 66 28 11 4 1 
20469|Survivor|1: 2272 760 305 123 58 28 12 5 1 
20471|Survivor|1: 4763 1436 636 261 160 77 27 13 5 1 
20474|Child_Avg|31: 2114 757 388 137 87 35 12 5 1 
20519|Child_LevyP2|4: 3861 1040 439 168 77 33 12 5 1 
20523|Child_Cross12|41: 3595 1068 423 168 75 32 13 5 1 
20524|Child_CrossABC2|8: 4145 1067 426 168 73 32 13 5 1 
20543|Child_Cross12|9: 4410 1062 417 158 73 32 13 5 1 
20546|Child_Levy|24: 3033 827 362 163 77 31 14 5 1 
20548|Child_CrossABC1|7: 2925 847 369 158 76 30 13 5 1 
20564|Child_Cross21|34: 2504 736 309 142 70 30 11 5 1 
20566|Child_Levy|56: 2332 751 288 139 75 31 14 5 1 
20574|Child_Cross21|38: 2392 757 310 135 74 30 12 5 1 
20576|Child_CrossABC2|2|Mutated: 2371 753 297 130 72 30 13 5 1 
20578|Child_LevyABC1|11: 2384 742 304 131 71 27 13 4 1 
20580|Child_LevyP1|3: 2392 809 294 135 72 26 14 5 1 
20582|Child_Cross12|17: 2384 744 281 131 71 27 13 5 1 
20589|Survivor|1|Mutated: 2384 825 281 131 71 27 13 5 1 
20590|Child_CrossABC1|1: 2393 848 265 134 71 27 13 5 1 
20591|Child_CrossABC1|7: 2229 780 313 131 71 27 13 5 1 
20592|Child_CrossABC2|8: 2229 727 311 123 71 27 13 5 1 
20600|Survivor|1: 2215 722 302 121 69 24 11 5 1 
20606|Survivor|1: 2128 725 285 117 71 27 13 5 1 
20610|Survivor|1: 2272 739 288 118 71 27 13 5 1 
20622|Child_Avg|51: 2292 729 293 119 72 26 14 5 1 
20633|Child_Cross21|34|Mutated: 2300 828 351 131 72 26 14 5 1 
20642|Child_CrossABC1|7: 2409 980 333 145 74 27 13 5 1 
20647|Child_CrossABC1|7: 2813 969 351 148 73 28 12 5 1 
20664|Child_Levy|56: 2716 854 358 141 80 30 13 5 1 
20673|Child_LevyABC1|11|Mutated: 2871 781 332 133 77 30 11 5 1 
20698|Child_Avg|19: 2743 763 329 130 77 30 11 5 1 
20747|Child_CrossABC1|7|Mutated: 2213 676 325 125 72 30 13 5 1 
20777|Survivor|1: 8299 1930 702 393 140 66 32 9 4 1 
20809|Child_Cross12|13: 6790 1707 684 382 146 71 29 11 5 1 
20812|Child_Cross12|13: 8681 1825 750 399 146 71 29 11 5 1 
20813|Survivor|1|Mutated: 8681 1825 750 390 146 71 29 11 5 1 
20816|Child_Cross12|1: 7803 2008 680 314 137 67 28 12 5 1 
20829|Child_Avg|43: 8574 1954 682 308 128 73 28 12 5 1 
20830|Child_Cross21|38: 7676 2138 702 289 121 67 28 12 5 1 
20834|Child_LevyP1|9: 7500 1923 722 284 121 72 29 13 6 1 
20835|Child_Levy|20: 7327 1941 689 304 123 72 27 13 5 1 
20840|Child_Cross21|34: 7365 1931 659 316 120 72 27 13 5 1 
20847|Child_Levy|28: 7035 1922 665 276 116 73 27 13 5 1 
20848|Child_Avg|19: 7129 1853 667 279 118 71 27 13 5 1 
20849|Child_CrossABC2|2: 6995 1880 663 278 118 74 27 13 5 1 
20851|Child_Avg|51: 7326 1922 664 287 116 73 27 13 5 1 
20869|Child_CrossABC1|7: 7649 1442 638 314 116 73 27 13 5 1 
20879|Child_Cross12|1: 6882 1653 648 307 102 73 27 13 5 1 
20882|Child_Levy|36: 6933 1601 634 285 106 70 27 13 5 1 
20883|Child_Cross21|18: 6775 1635 662 291 103 70 27 13 5 1 
20907|Child_CrossABC1|7|Mutated: 7293 1627 710 276 103 72 27 13 5 1 
20916|Child_CrossABC2|8: 7210 1725 715 278 115 72 27 13 5 1 
20919|Child_Cross21|10: 6508 1617 685 280 101 72 27 13 5 1 
20920|Child_Cross12|1: 7132 1516 719 293 104 71 27 13 5 1 
20926|Child_Avg|47: 6862 1612 690 284 101 72 27 13 5 1 
20968|Child_CrossABC1|1: 6936 1616 689 295 101 72 27 13 5 1 
20977|Child_CrossABC2|8: 7063 1614 689 295 101 72 27 13 5 1 
20978|Child_CrossABC1|1: 7169 1616 689 295 101 72 27 13 5 1 
20982|Child_CrossABC2|2: 7122 1612 689 295 101 72 27 13 5 1 
20983|Child_CrossABC2|2: 7305 1614 689 295 101 72 27 13 5 1 
20984|Child_CrossABC1|1: 7195 1618 689 295 101 72 27 13 5 1 
20985|Child_CrossABC1|7: 7287 1616 689 295 101 72 27 13 5 1 
20986|Child_CrossABC2|2: 7294 1618 689 295 101 72 27 13 5 1 
20987|Child_CrossABC2|8: 7290 1619 692 295 101 72 27 13 5 1 
20988|Child_Avg|31: 7290 1616 689 295 101 72 27 13 5 1 
20989|Child_CrossABC2|8: 7295 1616 689 295 101 72 27 13 5 1 
20990|Child_CrossABC2|8: 7281 1625 689 295 101 72 27 13 5 1 
20991|Child_CrossABC2|8: 7275 1630 688 295 101 72 27 13 5 1 
21020|Child_CrossABC2|8: 7328 1649 687 295 102 72 27 13 5 1 
21022|Child_CrossABC2|8: 7346 1641 689 295 102 72 27 13 5 1 
21026|Child_CrossABC2|8: 7343 1641 690 295 102 72 27 13 5 1 
21027|Child_CrossABC1|1: 7363 1642 690 295 102 72 27 13 5 1 
21028|Child_CrossABC1|1: 7343 1640 690 295 102 72 27 13 5 1 
21029|Child_CrossABC1|7: 7343 1642 690 295 102 72 27 13 5 1 
21031|Child_CrossABC2|8: 7347 1639 690 295 102 72 27 13 5 1 
21032|Child_CrossABC1|7: 7350 1638 690 295 102 72 27 13 5 1 
21033|Child_CrossABC1|7: 7349 1638 690 295 102 72 27 13 5 1 
21041|Child_CrossABC2|8: 7338 1638 690 295 102 72 27 13 5 1 
21043|Child_CrossABC1|1: 7343 1638 690 295 102 72 27 13 5 1 
21044|Child_Cross12|25: 7358 1638 690 295 102 72 27 13 5 1 
21045|Child_CrossABC1|7: 7384 1638 690 295 102 72 27 13 5 1 
21046|Child_Avg|59: 7369 1638 690 295 102 72 27 13 5 1 
21047|Child_CrossABC1|1: 7319 1638 690 295 102 72 27 13 5 1 
21050|Child_CrossABC2|8: 7382 1638 690 295 102 72 27 13 5 1 
21052|Child_CrossABC1|1: 7406 1638 690 295 102 72 27 13 5 1 
21053|Child_CrossABC2|8: 7399 1638 690 295 102 72 27 13 5 1 
21054|Child_CrossABC1|7: 7371 1638 690 295 102 72 27 13 5 1 
21056|Child_CrossABC2|8: 7417 1638 690 295 102 72 27 13 5 1 
21058|Child_CrossABC2|2: 7454 1638 690 295 102 72 27 13 5 1 
21059|Child_CrossABC1|7: 7425 1638 690 295 102 72 27 13 5 1 
21060|Child_CrossABC2|2: 7381 1638 690 295 102 72 27 13 5 1 
21061|Child_CrossABC2|2: 7397 1638 690 295 102 72 27 13 5 1 
21065|Child_CrossABC1|1: 7408 1638 690 295 102 72 27 13 5 1 
21067|Child_Cross21|42: 7670 1638 690 295 102 72 27 13 5 1 
21069|Child_Avg|47: 7434 1638 690 295 102 72 27 13 5 1 
21071|Child_CrossABC1|1: 7366 1638 690 295 102 72 27 13 5 1 
21072|Child_CrossABC2|8: 7375 1638 690 295 102 72 27 13 5 1 
21076|Child_CrossABC2|2: 7447 1638 690 295 102 72 27 13 5 1 
21077|Child_CrossABC2|8: 7410 1638 690 295 102 72 27 13 5 1 
21078|Child_Avg|55: 7423 1638 690 295 102 72 27 13 5 1 
21080|Child_CrossABC1|7: 7431 1638 690 295 102 72 27 13 5 1 
21081|Child_Cross12|57: 7452 1638 690 295 102 72 27 13 5 1 
21083|Child_Cross21|42: 7412 1638 690 295 102 72 27 13 5 1 
21084|Child_Avg|27: 7404 1638 690 295 102 72 27 13 5 1 
21085|Child_Avg|31|Mutated: 7234 1638 690 295 119 72 27 13 5 1 
21091|Child_Cross12|21: 7419 1638 690 295 102 72 27 13 5 1 
21094|Child_Avg|47: 7429 1638 690 295 102 72 27 13 5 1 
21096|Child_Cross12|33: 7432 1638 690 295 102 72 27 13 5 1 
21100|Child_Avg|51: 7415 1638 690 295 102 72 27 13 5 1 
21104|Child_Avg|55: 7426 1638 690 295 102 72 27 13 5 1 
21106|Child_Avg|23: 7430 1638 690 295 102 72 27 13 5 1 
21107|Child_Avg|31: 7427 1638 690 295 102 72 27 13 5 1 
21113|Child_Cross12|13: 7421 1638 690 295 102 72 27 13 5 1 
21115|Child_Avg|11: 7413 1638 690 295 102 72 27 13 5 1 
21117|Child_Avg|59: 7420 1638 690 295 102 72 27 13 5 1 
21118|Child_Avg|19: 7422 1638 690 295 102 72 27 13 5 1 
21119|Child_CrossABC2|8: 7418 1638 690 295 102 72 27 13 5 1 
21141|Child_CrossABC2|2: 7430 1719 690 295 102 72 27 13 5 1 
21145|Child_Cross12|21: 7425 1712 690 295 102 72 27 13 5 1 
21182|Child_CrossABC2|8: 7617 1607 679 287 104 74 27 13 5 1 
21185|Child_Avg|55: 7370 1618 681 270 97 72 27 13 5 1 
21262|Child_Avg|15: 2815 982 429 170 67 35 13 5 1 
21270|Child_CrossABC2|8: 2815 976 429 170 67 35 13 5 1 
21273|Child_CrossABC2|8: 2815 973 429 170 67 35 13 5 1 
21274|Child_Cross12|5: 2624 953 403 158 67 35 13 5 1 
21276|Child_Avg|43: 2742 967 421 167 67 35 13 5 1 
21277|Child_Cross21|34: 2401 909 382 154 69 35 13 5 1 
21292|Child_Cross21|42: 2363 887 368 139 67 35 13 5 1 
21298|Child_Cross12|17: 2315 871 363 139 67 35 13 5 1 
21300|Child_CrossABC2|2: 2332 878 365 139 67 35 13 5 1 
21301|Child_CrossABC2|8: 2375 902 367 139 67 35 13 5 1 
21302|Child_Cross12|57: 2386 897 353 135 67 35 13 5 1 
21304|Child_CrossABC1|7: 2356 887 361 138 67 35 13 5 1 
21305|Child_CrossABC1|1: 2296 894 359 139 67 35 13 5 1 
21307|Child_CrossABC2|8: 2384 879 359 139 67 35 13 5 1 
21345|Child_CrossABC2|2: 2373 917 362 148 67 35 13 5 1 
21359|Survivor|1: 2327 709 324 142 65 30 11 5 1 
21369|Survivor|1: 2009 754 303 118 62 30 11 5 1 
21392|Child_CrossABC2|8: 2237 986 372 164 66 35 12 5 1 
21396|Survivor|1: 2279 974 371 163 68 37 14 6 1 
21408|Child_CrossABC1|7: 2328 1054 352 170 69 36 14 5 1 
21418|Child_Avg|3: 2250 896 325 132 69 35 13 5 1 
21441|Survivor|1: 2232 765 284 125 65 28 11 4 1 
21547|Child_Avg|3: 2423 912 322 153 66 28 12 5 1 
21552|Child_Levy|56: 2173 811 327 123 66 31 14 4 1 
21567|Survivor|1|Mutated: 2173 811 327 123 66 31 14 5 1 
21620|Child_Cross21|46: 3828 974 421 148 73 35 12 5 1 
21635|Survivor|1: 2893 813 343 133 75 35 13 5 1 
21640|Survivor|1: 2833 785 347 135 75 35 13 5 1 
21648|Survivor|1: 2414 755 332 115 72 31 14 5 1 
21651|Child_CrossABC1|1: 2281 761 334 145 69 35 13 5 1 
21656|Child_Cross21|10: 2295 760 334 145 69 35 13 5 1 
21664|Child_Cross12|33: 2364 746 334 119 69 35 13 5 1 
21669|Child_LevyP1|3: 2245 784 357 138 72 31 14 6 1 
21678|Child_Levy|60: 2196 783 324 139 70 30 12 5 1 
21679|Child_CrossABC1|1: 2289 786 336 142 75 29 13 6 1 
21698|Child_LevyP1|3: 2200 744 327 131 77 28 12 5 1 
21722|Child_Cross12|13: 2280 745 318 123 74 28 12 5 1 
21727|Child_Cross21|22: 2136 751 312 116 73 27 14 4 1 
21735|Child_Cross12|29: 2157 766 315 115 74 28 12 5 1 
21748|Child_Avg|35: 2156 777 321 115 74 28 12 5 1 
21756|Child_Cross21|22: 2138 770 316 113 74 28 12 5 1 
21759|Child_Cross12|5|Mutated: 2033 770 315 123 74 28 12 5 1 
21801|Child_Cross12|37: 2837 1118 450 200 78 35 12 5 1 
21806|Child_Avg|59: 2157 840 350 172 75 35 12 5 1 
21809|Child_CrossABC2|2: 2165 876 353 174 77 35 12 5 1 
21811|Child_CrossABC2|2: 2170 851 358 173 78 35 11 5 1 
21852|Child_CrossABC1|1: 2183 887 360 160 74 35 11 5 1 
21860|Child_Cross12|41: 2015 812 330 134 74 35 11 5 1 
21886|Survivor|1: 2091 792 328 125 73 35 12 5 1 
21916|Child_Cross12|25: 2208 755 296 118 68 31 11 4 1 
21927|Survivor|1: 2095 796 325 131 70 28 12 5 1 
21935|Child_CrossABC1|7: 2134 803 290 115 69 28 12 5 1 
21975|Survivor|1: 2093 739 287 111 77 28 12 5 1 
22074|Child_Avg|51: 2233 838 333 122 67 27 11 4 1 
22086|Child_LevyP1|9: 2157 774 304 141 63 29 11 5 1 
22106|Child_Levy|4: 2310 839 380 151 64 30 12 5 1 
22111|Child_Avg|19: 1782 757 284 137 64 30 11 5 1 
22114|Child_Levy|60: 1862 822 328 135 62 28 12 5 1 
22115|Child_Cross21|42: 1899 784 310 141 63 27 10 4 1 
22128|Survivor|1: 1800 741 305 129 63 28 11 4 1 
22232|Child_Avg|51: 3797 1189 573 223 105 56 24 11 5 1 
22245|Child_Avg|51: 3933 1332 580 243 104 49 24 11 5 1 
22247|Survivor|1: 4021 1216 529 233 101 58 24 11 5 1 
22250|Survivor|1: 4158 1214 539 234 101 58 24 11 5 1 
22255|Child_Cross21|2|Mutated: 4034 1120 553 231 100 58 24 11 5 1 
22329|Child_Avg|3: 3722 999 372 156 74 29 11 5 1 
22337|Child_Avg|23: 2998 916 337 143 78 30 11 5 1 
22349|Survivor|1|Mutated: 2998 916 373 143 78 30 11 5 1 
22369|Child_Avg|51: 2776 752 335 128 74 30 13 5 1 
22392|Child_CrossABC1|1: 2844 809 331 137 72 30 11 5 1 
22397|Child_CrossABC1|1: 2817 800 331 128 72 30 11 5 1 
22413|Child_CrossABC1|1: 2705 742 317 130 72 30 11 5 1 
22414|Child_Cross21|46: 2615 737 306 119 72 30 11 5 1 
22504|Child_Cross21|46: 7380 1784 601 260 139 68 24 9 4 1 
22679|Survivor|1: 2806 851 349 138 75 31 14 6 1 
22694|Survivor|1: 2294 707 318 119 75 28 13 4 1 
22754|Survivor|1: 2902 969 406 189 78 27 14 4 1 
22762|Child_CrossABC2|8: 2966 924 419 196 78 31 14 4 1 
22763|Child_Levy|28: 2313 828 352 172 75 28 12 5 1 
22764|Child_Cross21|6: 2313 828 352 172 79 28 13 4 1 
22766|Child_CrossABC2|8: 2317 794 347 169 79 28 13 4 1 
22815|Child_Cross21|26: 2264 776 333 152 79 26 14 5 1 
22816|Child_Avg|47: 2321 772 321 161 77 27 13 5 1 
22817|Child_Avg|31: 2088 785 321 144 75 28 12 5 1 
22826|Survivor|1: 2060 722 301 133 74 28 12 5 1 
22827|Child_Cross12|37: 2047 709 308 131 74 27 13 5 1 
22863|Survivor|1: 1918 705 316 125 78 27 13 5 1 
22880|Child_CrossABC2|8: 1920 691 304 134 77 27 13 5 1 
22964|Child_Cross21|46|Mutated: 2517 941 391 143 71 29 11 5 1 
22969|Child_Avg|35: 2239 950 349 149 78 28 12 5 1 
22974|Child_Cross21|2: 2230 876 358 135 78 28 12 5 1 
22977|Child_Cross21|22: 2096 855 322 131 78 28 12 5 1 
22978|Child_CrossABC1|7: 2360 921 336 133 78 28 12 5 1 
22981|Child_Cross12|29: 2360 921 336 133 74 25 11 5 1 
22982|Child_Cross21|14: 2360 921 336 133 67 28 12 5 1 
22983|Child_Cross21|26: 2076 834 305 131 74 28 12 5 1 
22987|Child_Cross12|33: 2242 869 328 127 69 28 12 5 1 
22992|Child_Cross21|22: 2080 774 309 115 65 28 12 5 1 
22993|Child_Avg|23: 1793 779 325 125 66 28 12 5 1 
23002|Survivor|1: 1952 747 318 119 66 28 12 5 1 
23007|Child_CrossABC2|8: 1953 749 325 119 66 28 12 5 1 
23013|Survivor|1: 1890 736 309 115 65 28 12 5 1 
23089|Survivor|1: 2151 838 293 117 62 28 12 5 1 
23096|Child_CrossABC1|7: 1888 716 292 131 62 28 12 5 1 
23103|Child_Avg|39: 1885 710 295 129 62 28 12 5 1 
23115|Child_LevyP2|4: 2355 658 295 129 63 28 12 5 1 
23158|Survivor|1: 2943 906 440 141 86 35 13 5 1 
23161|Child_Levy|60: 2320 769 363 146 76 30 13 5 1 
23176|Child_CrossABC2|8|Mutated: 2162 781 316 137 77 29 14 6 1 
23184|Survivor|1: 2312 799 314 135 76 28 13 4 1 
23187|Child_LevyABC2|12|Mutated: 2268 716 305 136 80 29 16 5 1 
23248|Child_Avg|7: 2357 741 287 146 72 32 13 4 1 
23252|Child_Cross21|54: 2213 842 311 138 71 33 12 5 1 
23257|Child_CrossABC2|2: 2027 765 295 146 62 32 13 4 1 
23267|Child_Avg|3: 2266 675 310 129 64 30 12 5 1 
23271|Child_Cross21|2: 2210 703 296 123 65 28 12 5 1 
23291|Survivor|1: 2067 870 341 129 63 27 10 4 1 
23308|Child_CrossABC2|2: 2065 862 337 131 63 27 10 4 1 
23332|Child_Avg|31: 2192 803 289 148 68 27 11 4 1 
23383|Child_LevyABC2|12: 2026 732 289 123 58 28 12 5 1 
23433|Child_Levy|20: 2275 824 374 136 71 29 10 4 1 
23456|Survivor|1: 2643 808 357 128 72 30 11 5 1 
23464|Child_CrossABC2|2: 2887 820 337 127 72 30 11 5 1 
23468|Child_CrossABC1|1: 2391 732 301 119 72 30 11 5 1 
23586|Child_Cross12|33: 2148 793 324 143 58 23 10 4 1 
23596|Child_Avg|51: 2144 756 303 136 58 23 10 4 1 
23633|Survivor|1: 2246 815 302 130 63 29 11 5 1 
23648|Child_Avg|23: 2366 853 287 126 69 28 11 4 1 
23651|Child_Cross12|17: 2238 810 281 123 66 28 12 5 1 
23654|Survivor|1: 2084 825 280 123 66 28 12 5 1 
23659|Child_Cross12|17: 2112 822 272 123 66 28 12 5 1 
23662|Child_CrossABC2|2: 2121 814 273 121 66 28 12 5 1 
23669|Survivor|1: 2059 734 274 120 64 27 13 5 1 
23676|Child_Cross12|37|Mutated: 2087 741 280 137 64 27 13 4 1 
23708|Survivor|1: 4433 1741 702 282 119 66 28 12 5 1 
23742|Child_Cross21|54: 1883 866 376 153 68 30 12 5 1 
23765|Child_Levy|8: 1840 814 313 154 73 32 13 5 1 
23768|Survivor|1|Mutated: 1894 807 321 154 70 30 11 5 1 
23770|Child_Cross12|5: 2126 782 308 141 72 30 11 5 1 
23774|Child_Cross21|54: 2111 769 313 136 70 30 11 5 1 
23879|Child_CrossABC1|1: 2063 738 263 127 81 28 12 5 1 
23907|Survivor|1: 2114 735 286 113 79 28 12 5 1 
23919|Child_Levy|24: 2358 773 345 133 78 29 11 5 1 
23949|Child_LevyP1|3: 2191 778 341 135 86 33 14 6 1 
23960|Survivor|1: 2212 777 338 153 72 33 14 6 1 
23961|Child_Avg|7: 2191 771 335 152 75 32 13 5 1 
23962|Child_Cross21|2: 2178 767 334 151 80 31 14 6 1 
23964|Child_Cross21|46: 2170 766 333 152 74 31 14 6 1 
23966|Child_Levy|20|Mutated: 2074 741 343 171 81 29 11 5 1 
23972|Child_Avg|35: 2126 756 330 155 74 28 12 5 1 
23986|Child_Avg|55: 2141 726 327 139 75 27 13 5 1 
23997|Survivor|1: 2377 691 335 128 75 29 14 4 1 
24052|Survivor|1: 2179 762 308 110 75 28 11 4 1 
24166|Child_Levy|12: 2418 809 425 141 79 28 12 5 1 
24177|Child_CrossABC2|2: 1783 776 305 133 79 28 12 5 1 
24198|Survivor|1: 1979 775 307 113 79 28 12 5 1 
24320|Child_CrossABC1|7: 1899 775 316 162 75 28 11 4 1 
24321|Child_LevyP2|10: 2238 767 407 164 84 30 11 5 1 
24322|Survivor|1|Mutated: 2350 767 407 164 84 30 11 5 1 
24356|Child_CrossABC2|8: 2041 729 360 149 83 30 11 5 1 
24360|Child_Cross12|41: 2423 877 316 130 83 30 11 5 1 
24367|Child_Cross12|41: 1908 691 306 127 81 28 12 5 1 
24375|Survivor|1: 1905 688 304 121 78 30 11 5 1 
24403|Child_Avg|11: 1837 689 296 112 75 27 13 5 1 
24414|Survivor|1: 2341 1045 410 176 73 27 13 5 1 
24415|Child_Cross21|34: 2046 859 358 137 73 27 13 5 1 
24422|Survivor|1: 2140 826 340 141 72 27 14 6 1 
24437|Survivor|1: 1938 752 335 130 71 27 13 5 1 
24447|Child_CrossABC1|7: 2051 709 323 136 71 27 13 5 1 
24462|Child_Cross21|14: 1920 662 290 111 64 24 11 5 1 
24471|Child_Cross12|25: 1924 662 290 111 64 24 11 5 1 
24472|Child_Cross21|54: 2206 662 290 111 64 24 11 5 1 
24474|Child_CrossABC2|2: 2135 662 290 111 64 24 11 5 1 
24475|Child_CrossABC2|2: 2188 662 290 111 64 24 11 5 1 
24480|Child_Avg|47: 2185 662 290 111 64 24 11 5 1 
24482|Child_Cross12|9: 2146 662 290 111 64 24 11 5 1 
24483|Child_Cross12|17: 2192 662 290 111 64 24 11 5 1 
24484|Child_Cross12|53: 2120 662 290 111 64 24 11 5 1 
24488|Child_Avg|27: 2163 662 290 111 64 24 11 5 1 
24490|Child_Cross12|1: 2202 662 290 111 64 24 11 5 1 
24496|Child_Cross21|50: 2205 662 290 111 64 24 11 5 1 
24497|Child_Cross12|45: 2188 748 290 111 64 24 11 5 1 
24498|Child_Cross21|22: 2188 705 290 111 64 24 11 5 1 
24501|Child_Avg|31: 2190 705 290 111 64 24 11 5 1 
24502|Child_Cross12|41: 2189 705 290 111 64 24 11 5 1 
24506|Child_Cross21|38: 2184 662 290 111 64 24 11 5 1 
24512|Child_Cross12|41: 2188 694 290 111 64 24 11 5 1 
24522|Child_Cross21|30: 2188 749 290 111 64 24 11 5 1 
24523|Child_Cross21|22: 2187 677 290 111 64 24 11 5 1 
24526|Child_Avg|11: 2214 705 290 111 64 24 11 5 1 
24533|Child_Avg|31: 2204 705 290 111 64 24 11 5 1 
24536|Child_Cross12|25: 2207 705 290 111 64 24 11 5 1 
24538|Child_Cross21|2: 2202 705 290 111 64 24 11 5 1 
24541|Child_Cross12|37: 2203 701 290 111 64 24 11 5 1 
24547|Child_Cross12|53: 2196 705 290 111 64 24 11 5 1 
24551|Child_Cross12|33: 2202 701 290 111 64 24 11 5 1 
24552|Child_Cross21|2: 2221 705 290 111 64 24 11 5 1 
24554|Child_Cross21|22: 2217 705 290 111 64 24 11 5 1 
24555|Child_Avg|59: 2203 705 290 111 64 24 11 5 1 
24556|Child_Cross21|6: 2218 709 290 111 64 24 11 5 1 
24563|Child_Cross21|58: 2218 705 290 111 64 24 11 5 1 
24571|Child_Cross21|30: 2205 702 290 111 64 24 11 5 1 
24577|Child_Avg|59: 2242 705 290 111 64 24 11 5 1 
24580|Child_Cross12|53|Mutated: 2238 705 290 111 64 24 11 5 1 
24584|Child_Avg|31: 2224 705 290 111 64 24 11 5 1 
24585|Child_Avg|59: 2232 705 290 111 64 24 11 5 1 
24587|Child_Cross12|5: 2231 705 290 111 64 24 11 5 1 
24589|Child_Cross12|37|Mutated: 2228 705 290 111 64 24 11 5 1 
24596|Child_Avg|39: 2227 705 290 111 64 24 11 5 1 
24607|Child_Cross21|26: 2235 705 290 111 64 24 11 5 1 
24609|Child_Avg|19: 2236 705 290 111 64 24 11 5 1 
24612|Child_Cross12|25: 2234 705 290 111 64 24 11 5 1 
24630|Child_Cross12|29: 2239 705 290 111 64 24 11 5 1 
24719|Survivor|1: 2385 871 379 145 75 27 10 4 1 
24721|Child_Cross12|37: 2389 843 351 148 76 27 10 6 1 
24781|Child_CrossABC2|2: 6383 1493 652 270 109 67 24 11 5 1 
24784|Child_Cross21|54: 7595 1493 652 270 109 67 24 11 5 1 
24785|Child_Cross12|33: 6537 1493 652 270 109 67 24 11 5 1 
24786|Child_CrossABC2|8: 6315 1493 652 270 109 67 24 11 5 1 
24787|Child_Cross21|58|Mutated: 6467 1493 652 270 109 67 24 11 5 1 
24788|Child_CrossABC1|1: 6417 1493 652 270 109 67 24 11 5 1 
24789|Child_Cross12|21: 6533 1493 652 270 109 67 24 11 5 1 
24790|Child_CrossABC1|1: 6416 1493 652 270 109 67 24 11 5 1 
24792|Child_Cross21|22: 6373 1493 652 270 109 67 24 11 5 1 
24793|Child_Avg|51: 6430 1493 652 270 109 67 24 11 5 1 
24794|Child_Cross21|10: 6444 1493 652 270 109 67 24 11 5 1 
24795|Child_Cross12|1: 6468 1493 652 270 109 67 24 11 5 1 
24796|Child_Cross21|26: 6479 1493 652 270 109 67 24 11 5 1 
24797|Child_Cross12|45: 6443 1493 652 270 109 67 24 11 5 1 
24798|Child_Avg|43: 6412 1493 652 270 109 67 24 11 5 1 
24799|Child_Cross21|34: 6475 1493 652 270 109 67 24 11 5 1 
24800|Child_Cross21|14: 6423 1493 652 270 109 67 24 11 5 1 
24801|Child_Cross12|1: 6448 1493 652 270 109 67 24 11 5 1 
24802|Child_Avg|39: 6421 1493 652 270 109 67 24 11 5 1 
24803|Child_Cross21|26: 6394 1493 652 270 109 67 24 11 5 1 
24804|Child_Cross12|33: 6429 1493 652 270 109 67 24 11 5 1 
24805|Child_Cross21|26: 6433 1493 652 270 109 67 24 11 5 1 
24807|Child_Cross21|42: 6422 1493 652 270 109 67 24 11 5 1 
24809|Child_Avg|15: 6438 1493 652 270 109 67 24 11 5 1 
24810|Child_Cross21|18: 6418 1493 652 270 109 67 24 11 5 1 
24811|Child_CrossABC2|2: 6426 1493 652 270 109 67 24 11 5 1 
24812|Child_Avg|59: 6420 1493 652 270 109 67 24 11 5 1 
24814|Child_Cross21|50: 6419 1493 652 270 109 67 24 11 5 1 
24815|Child_Cross21|26: 6421 1493 652 294 109 67 24 11 5 1 
24819|Child_Cross21|6: 6437 1493 652 270 109 67 24 11 5 1 
24836|Child_Cross21|6: 6485 1356 646 284 108 67 24 11 5 1 
24838|Child_CrossABC1|1: 6412 1626 653 256 108 67 24 11 5 1 
24868|Child_Avg|43: 6532 1539 628 263 99 69 24 11 4 1 
24878|Child_LevyP1|3: 2682 863 354 151 58 28 12 5 1 
24894|Survivor|1: 2499 767 313 139 60 23 12 5 1 
24998|Child_LevyP1|9: 6771 2033 803 343 125 71 35 13 5 1 
25003|Child_CrossABC2|2: 6775 1782 797 324 131 71 35 13 5 1 
25006|Child_Cross21|46|Mutated: 5745 1588 620 338 135 74 35 12 5 1 
25019|Child_CrossABC2|8: 6611 1792 701 313 114 72 35 12 5 1 
25034|Survivor|1|Mutated: 7296 1889 701 313 114 72 35 12 5 1 
25050|Survivor|1: 7440 1779 747 311 110 71 33 10 4 1 
25051|Child_Avg|7: 7468 1739 735 308 112 71 35 11 5 1 
25053|Child_Cross12|1: 7451 1706 718 309 111 71 35 11 5 1 
25054|Child_Cross12|33: 6599 1737 743 305 111 71 35 11 5 1 
25063|Survivor|1: 7547 1698 730 290 105 57 30 13 5 1 
25069|Child_Levy|24: 6833 1625 635 276 104 71 29 10 4 1 
25081|Survivor|1: 6676 1521 558 280 101 71 29 11 5 1 
25112|Child_CrossABC1|1: 7257 1665 585 298 128 63 27 10 4 1 
25125|Child_Avg|55: 6851 1695 615 275 109 66 27 10 4 1 
25131|Child_CrossABC1|1: 7140 1707 616 276 116 66 27 10 4 1 
25134|Child_Avg|11: 7139 1658 595 258 107 65 27 10 4 1 
25140|Child_Avg|23: 7821 1634 578 259 110 56 21 10 4 1 
25141|Child_Levy|44: 7100 1583 608 256 118 61 23 10 4 1 
25155|Survivor|1: 7471 1648 605 256 140 61 23 10 4 1 
25161|Child_Cross12|37: 7354 1644 600 260 116 61 23 10 4 1 
25165|Child_CrossABC2|8: 7469 1580 595 256 125 62 24 11 4 1 
25182|Child_Avg|35: 7018 1554 607 258 101 61 23 12 5 1 
25193|Survivor|1: 6519 1455 588 241 101 64 24 9 4 1 
25212|Child_CrossABC1|1: 6470 1309 628 249 122 46 24 9 4 1 
25214|Child_Levy|4: 6588 1488 557 238 101 54 23 10 4 1 
25223|Survivor|1: 6274 1366 546 258 103 54 24 11 4 1 
25235|Survivor|1: 6940 1360 564 241 129 49 24 11 5 1 
25237|Child_CrossABC2|2: 6742 1375 563 236 107 45 24 11 4 1 
25240|Survivor|1: 6716 1397 536 233 100 47 24 11 5 1 
25241|Child_Avg|3: 6562 1378 573 238 106 51 23 10 4 1 
25283|Survivor|1: 5799 1339 531 252 146 51 23 12 5 1 
25313|Child_Levy|60|Mutated: 6577 1319 604 247 103 51 24 11 4 1 
25450|Survivor|1: 8113 3460 1089 337 177 73 27 14 4 1 
25455|Child_Cross21|46: 7319 1740 750 289 156 73 27 14 4 1 
25488|Child_CrossABC2|8: 4073 1220 577 236 111 63 23 12 5 1 
25569|Child_CrossABC1|7: 2192 851 352 171 85 31 14 6 1 
25571|Child_Levy|56: 2239 822 354 175 84 31 14 5 1 
25579|Child_CrossABC2|8: 2396 856 317 143 82 32 13 5 1 
25582|Child_CrossABC2|2: 2374 861 324 147 84 26 14 5 1 
25583|Child_CrossABC1|7: 2367 838 349 146 74 30 13 5 1 
25587|Child_Cross21|34: 2365 863 332 142 72 31 14 6 1 
25591|Child_Cross21|34: 2179 837 323 139 77 27 13 5 1 
25595|Child_Levy|20: 2201 726 313 137 72 27 14 4 1 
25596|Child_Cross12|21: 2183 784 327 139 75 27 13 5 1 
25597|Child_CrossABC1|1: 2179 837 323 140 77 27 13 5 1 
25598|Child_Cross12|57: 2179 837 323 139 75 27 13 5 1 
25599|Child_CrossABC2|8: 2179 837 323 140 76 27 13 5 1 
25601|Child_Cross12|17: 2221 782 310 137 78 27 13 5 1 
25614|Child_Cross12|29: 2177 786 332 124 77 27 13 5 1 
25615|Child_CrossABC1|7: 2197 762 324 124 78 27 13 5 1 
25617|Child_CrossABC2|8: 2180 804 327 124 78 27 13 5 1 
25635|Child_LevyABC1|5: 2171 842 331 131 77 28 12 5 1 
25660|Survivor|1|Mutated: 2391 842 331 131 77 28 12 5 1 
25674|Child_Cross21|2: 2106 781 297 123 77 28 12 5 1 
25677|Child_Cross21|38: 2231 775 304 123 77 28 12 5 1 
25690|Child_Cross12|57: 2229 767 293 123 77 28 12 5 1 
25699|Child_CrossABC2|8: 2235 802 292 127 77 28 12 5 1 
25701|Child_Avg|19: 2206 722 291 115 77 28 12 5 1 
25794|Survivor|1: 2528 920 314 145 68 32 11 4 1 
25798|Child_CrossABC2|8: 2527 888 314 145 68 32 11 4 1 
25809|Child_Cross21|42: 2402 896 323 137 68 32 11 4 1 
25818|Child_Levy|60: 2327 831 301 136 70 30 11 5 1 
25831|Child_Cross21|42: 2207 837 296 129 67 30 11 5 1 
25839|Child_CrossABC2|8: 2216 797 305 135 67 30 11 5 1 
25841|Child_CrossABC1|7: 2208 750 318 121 67 30 11 5 1 
25843|Child_Avg|51: 2201 765 294 114 67 30 11 5 1 
25868|Survivor|1: 2191 793 283 107 65 30 11 5 1 
25948|Child_Cross21|18: 3031 907 366 149 86 35 12 5 1 
25959|Child_CrossABC2|2: 2193 851 322 157 77 35 12 5 1 
25962|Child_Avg|11: 2374 854 324 146 77 35 12 5 1 
25975|Child_Cross12|5: 2691 1026 361 147 86 30 11 5 1 
25976|Child_Avg|3: 2347 882 325 137 84 30 11 5 1 
25980|Child_Avg|59: 2651 904 311 128 78 30 11 5 1 
25984|Child_LevyP2|10: 2828 803 321 118 84 30 11 5 1 
25992|Child_Avg|47: 2682 795 314 139 82 28 12 5 1 
26007|Child_CrossABC2|8: 2742 797 307 159 82 28 12 5 1 
26008|Child_CrossABC2|8: 2637 751 375 144 81 28 11 4 1 
26010|Child_Cross12|37: 2560 793 353 129 82 28 12 5 1 
26027|Child_Cross12|21: 2249 726 307 120 77 28 12 5 1 
26036|Child_Avg|27: 2285 736 315 118 75 27 13 5 1 
26038|Child_Cross21|30: 2278 726 309 118 75 27 13 5 1 
26039|Child_Levy|44: 2337 725 312 121 75 28 12 5 1 
26042|Survivor|1: 2255 695 308 118 75 27 13 5 1 
26043|Child_CrossABC2|8: 2253 690 308 118 75 27 13 5 1 
26054|Child_Avg|31: 2444 729 309 113 75 27 13 5 1 
26056|Child_CrossABC2|2: 2200 730 310 113 75 27 13 5 1 
26061|Survivor|1: 2272 745 310 113 75 27 13 5 1 
26072|Child_CrossABC1|7: 2196 775 308 110 73 27 13 5 1 
26107|Survivor|1: 2282 805 351 169 76 25 14 4 1 
26111|Child_Cross21|26: 2316 921 349 130 66 24 11 5 1 
26115|Survivor|1: 2170 843 323 134 68 25 11 5 1 
26139|Survivor|1: 2036 818 295 122 64 24 11 5 1 
26141|Child_CrossABC1|1: 2316 813 291 122 64 24 11 5 1 
26148|Child_CrossABC2|8: 2199 850 285 129 64 24 11 5 1 
26152|Child_CrossABC1|1: 2181 767 291 133 64 24 11 5 1 
26154|Child_CrossABC1|1: 2196 758 293 131 64 24 11 5 1 
26161|Child_CrossABC1|1: 2188 772 307 122 64 24 11 5 1 
26180|Child_Avg|35: 2720 842 351 143 67 24 11 4 1 
26183|Child_LevyABC2|6: 2216 847 311 173 67 25 12 5 1 
26184|Child_LevyP2|4: 2751 813 333 140 66 23 12 5 1 
26190|Child_Avg|11: 2304 770 314 131 67 24 11 4 1 
26258|Child_Avg|31: 3819 912 478 168 86 35 11 5 1 
26292|Survivor|1: 2104 718 301 114 65 28 11 4 1 
26310|Child_Avg|31: 2348 830 357 168 66 28 13 4 1 
26329|Child_Cross12|57: 2071 734 317 120 64 27 13 5 1 
26524|Child_CrossABC1|1|Mutated: 2364 723 355 140 66 24 11 5 1 
26537|Child_CrossABC2|8: 2344 705 297 142 66 24 11 5 1 
26539|Child_CrossABC1|1: 2306 707 313 135 66 24 11 5 1 
26541|Child_Cross21|46: 2151 674 303 128 66 24 11 5 1 
26542|Child_CrossABC1|7: 2154 671 307 131 66 24 11 5 1 
26554|Child_CrossABC1|7: 2039 737 319 128 66 24 11 5 1 
26557|Child_Cross12|33: 2239 671 331 122 66 24 11 5 1 
26565|Child_CrossABC1|1: 2248 715 317 122 64 24 11 5 1 
26600|Child_CrossABC1|7: 2088 747 286 112 65 24 11 4 1 
26605|Survivor|1: 2067 751 281 114 65 24 11 4 1 
26802|Child_LevyABC2|12: 2459 886 362 170 73 28 12 5 1 
26806|Child_CrossABC1|1: 2098 764 343 142 73 28 12 5 1 
26808|Child_Cross21|34: 2171 851 351 144 73 28 12 5 1 
26814|Child_CrossABC1|7: 2134 858 367 149 72 29 13 6 1 
26820|Child_Avg|51: 1978 770 326 137 73 29 13 6 1 
26828|Child_LevyP2|4: 2267 853 327 139 74 28 13 4 1 
26835|Child_Levy|48: 2013 746 311 123 73 28 12 5 1 
26843|Survivor|1: 1942 731 311 123 69 24 11 4 1 
26895|Child_Avg|51: 2203 822 400 170 81 31 13 4 1 
26897|Child_LevyP2|10: 2129 797 355 166 82 33 14 6 1 
26900|Child_LevyP2|10: 2148 800 346 171 87 32 15 4 1 
26901|Child_Avg|31: 2264 790 357 162 92 29 14 4 1 
26914|Survivor|1: 1826 725 335 142 74 28 13 6 1 
26915|Child_Cross21|26: 1923 737 336 139 89 28 12 5 1 
26918|Child_Cross21|2|Mutated: 1923 737 336 139 78 28 12 5 1 
26925|Survivor|1: 1895 696 329 133 75 28 12 5 1 
26931|Child_Avg|39|Mutated: 2176 679 326 145 75 28 13 4 1 
26936|Child_CrossABC1|7: 1896 727 331 128 72 27 13 5 1 
26962|Survivor|1: 1887 701 322 118 71 27 13 5 1 
26968|Child_Cross12|45: 1840 707 321 117 71 27 13 5 1 
26969|Child_Cross21|50|Mutated: 2208 757 321 117 71 27 13 5 1 
27033|Survivor|1: 1809 727 298 127 69 27 10 4 1 
27057|Child_Cross21|6: 1828 698 293 115 69 28 12 5 1 
27118|Child_LevyP1|9: 2329 727 302 119 54 28 12 5 1 
27212|Child_Cross12|25: 2196 819 336 125 90 28 12 5 1 
27218|Survivor|1: 2852 851 356 124 75 28 12 5 1 
27222|Survivor|1: 2321 862 357 124 75 28 11 4 1 
27241|Child_Cross12|1: 2375 820 329 115 74 28 12 5 1 
27296|Child_CrossABC2|2: 1859 851 341 139 70 27 10 4 1 
27337|Child_Levy|56: 2900 784 375 163 71 27 13 5 1 
27353|Child_CrossABC2|8: 2239 694 430 148 71 27 13 5 1 
27377|Survivor|1: 3333 954 373 149 87 30 13 5 1 
27381|Child_Avg|11: 2599 881 335 159 77 27 13 5 1 
27386|Child_Levy|16: 2882 849 337 148 83 29 14 4 1 
27387|Child_Levy|52: 2707 857 329 137 78 28 12 5 1 
27392|Child_CrossABC1|7: 2781 817 317 133 75 27 13 5 1 
27393|Child_Cross21|34: 2854 819 327 131 75 27 13 5 1 
27403|Child_Avg|35: 2835 809 326 129 74 28 12 5 1 
27411|Child_Cross21|6: 3778 1035 442 183 72 27 13 5 1 
27417|Child_Cross12|57: 2731 893 373 132 72 27 13 5 1 
27420|Child_CrossABC1|1: 3060 863 369 128 72 27 13 5 1 
27424|Child_CrossABC2|8: 2737 886 349 128 72 27 13 5 1 
27427|Child_CrossABC1|7: 2877 919 334 128 72 27 13 5 1 
27428|Child_Avg|11: 2304 802 319 125 72 27 13 5 1 
27432|Child_Avg|35: 2172 752 269 124 73 27 13 5 1 
27438|Child_CrossABC2|2: 2171 761 326 130 73 27 13 5 1 
27446|Survivor|1|Mutated: 2171 761 364 130 73 27 13 5 1 
27452|Child_CrossABC1|7: 2173 783 358 153 75 27 13 5 1 
27454|Child_CrossABC1|7: 2149 768 342 166 77 27 13 5 1 
27469|Child_Cross12|17: 2236 799 376 153 77 27 13 5 1 
27481|Child_Avg|19: 2172 783 365 151 77 27 13 5 1 
27490|Child_CrossABC1|7: 2382 833 340 147 77 27 13 5 1 
27494|Child_Cross12|33: 1875 666 337 132 76 27 13 5 1 
27496|Child_CrossABC1|1: 1875 739 337 132 76 27 13 5 1 
27497|Child_Cross12|29: 1906 696 360 133 76 27 13 5 1 
27498|Child_Cross21|58: 1874 713 334 133 74 28 12 5 1 
27500|Child_CrossABC2|2: 1875 705 337 132 75 27 13 5 1 
27503|Child_Avg|15: 1875 716 337 132 75 27 13 5 1 
27504|Child_CrossABC2|8: 1875 763 337 132 76 27 13 5 1 
27508|Child_Avg|59: 1867 692 334 132 75 27 13 5 1 
27509|Child_Avg|19: 1875 743 337 132 75 27 13 5 1 
27517|Child_CrossABC2|8: 1861 686 327 124 74 27 13 5 1 
27547|Child_Levy|52: 2434 895 320 181 75 28 12 5 1 
27550|Child_Cross12|45: 2688 937 357 156 75 28 12 5 1 
27556|Child_CrossABC2|2: 2700 923 366 148 75 28 12 5 1 
27557|Survivor|1|Mutated: 2700 923 366 168 75 28 12 5 1 
27558|Child_Avg|23: 2870 913 365 155 74 28 13 4 1 
27559|Child_Avg|43: 2256 807 320 149 75 28 12 5 1 
27578|Child_CrossABC2|2: 1773 725 304 139 77 28 12 5 1 
27720|Child_CrossABC1|7: 2179 817 322 121 62 30 11 5 1 
27762|Survivor|1: 2031 804 362 172 64 29 11 5 1 
27772|Survivor|1: 2377 742 311 138 65 28 12 5 1 
27778|Survivor|1: 2212 677 283 128 63 28 12 5 1 
27782|Child_Levy|4: 2213 678 284 127 65 28 12 5 1 
27838|Child_Avg|43: 2254 709 289 132 73 30 11 5 1 
27851|Child_Cross21|46: 2197 698 285 121 62 30 11 5 1 
27878|Child_Cross12|9: 2551 766 332 129 64 30 12 5 1 
27889|Child_CrossABC1|1: 2593 746 319 129 63 27 10 4 1 
27892|Child_Cross21|42: 2101 678 286 128 63 27 10 4 1 
27981|Survivor|1: 6083 2182 695 293 113 58 28 11 4 1 
28112|Child_Avg|59: 3191 912 359 161 82 28 11 4 1 
28185|Child_LevyP1|3: 2210 760 317 146 66 29 13 6 1 
28192|Survivor|1: 1893 667 293 119 69 28 12 5 1 
28368|Child_Levy|12: 2337 819 287 129 66 28 12 5 1 
28373|Child_CrossABC1|1: 2626 861 303 161 74 28 12 5 1 
28376|Survivor|1: 2160 861 303 161 74 28 12 5 1 
28380|Survivor|1: 2175 833 311 139 70 29 13 6 1 
28385|Child_LevyABC2|6: 2176 760 307 128 71 30 12 5 1 
28455|Child_CrossABC1|7: 2124 661 292 107 69 28 12 5 1 
28504|Child_LevyP2|10: 8019 2215 856 360 193 70 25 12 5 1 
28521|Child_Avg|11: 2197 764 333 138 71 24 11 5 1 
28606|Child_LevyP2|10: 2395 701 342 127 59 27 10 4 1 
28614|Survivor|1: 2395 717 342 127 59 27 10 4 1 
28669|Child_CrossABC1|7: 9084 2248 690 271 106 62 23 12 5 1 
28680|Child_Cross21|42: 8084 1885 689 266 107 58 24 11 5 1 
28681|Child_Cross12|25: 6902 1930 677 273 104 55 24 11 5 1 
28686|Child_CrossABC2|8: 6902 1930 688 273 104 55 24 11 5 1 
28688|Child_Cross12|41: 6809 1867 676 270 102 55 24 11 5 1 
28691|Child_Cross12|17: 6912 1904 679 267 102 60 23 12 5 1 
28695|Survivor|1: 6721 1894 695 273 99 60 23 12 5 1 
28696|Child_Avg|31: 6849 1921 697 275 99 60 23 12 5 1 
28712|Child_Cross12|53: 6972 1884 669 275 95 63 23 12 5 1 
28724|Child_CrossABC2|8: 6675 1838 672 275 95 63 23 12 5 1 
28848|Survivor|1: 1908 770 341 138 59 29 11 5 1 
28870|Child_CrossABC2|2: 2316 802 323 136 64 29 11 5 1 
28884|Survivor|1|Mutated: 2282 769 338 144 64 29 11 5 1 
28892|Survivor|1|Mutated: 1899 769 338 144 64 29 11 5 1 
28894|Child_Avg|19: 1975 748 321 127 64 28 11 4 1 
28902|Child_CrossABC2|2: 1975 748 321 127 63 28 11 4 1 
28950|Survivor|1: 1913 678 316 118 62 27 10 4 1 
29022|Child_Cross12|45: 2168 769 309 134 63 26 14 5 1 
29055|Child_CrossABC1|1: 2092 851 312 127 65 28 12 5 1 
29062|Child_Cross12|21: 2134 843 309 125 63 28 12 5 1 
29069|Survivor|1: 2054 787 291 117 63 28 12 5 1 
29076|Survivor|1: 2092 772 263 117 63 28 12 5 1 
29143|Survivor|1: 1874 803 332 141 72 29 10 4 1 
29181|Child_CrossABC1|7: 1774 733 316 124 74 27 13 5 1 
29204|Survivor|1|Mutated: 1862 715 290 111 73 28 12 5 1 
29292|Survivor|1: 2540 877 374 148 73 29 13 6 1 
29371|Child_Avg|3: 2205 835 314 141 71 28 11 4 1 
29372|Child_LevyP1|9: 2103 728 304 135 61 28 12 5 1 
29376|Child_Avg|15: 2138 847 333 126 77 29 11 5 1 
29380|Survivor|1: 2138 847 333 126 75 28 11 4 1 
29421|Survivor|1: 2117 788 315 106 67 30 11 5 1 
29461|Survivor|1: 2278 788 352 159 70 31 11 4 1 
29464|Child_Avg|27: 2348 784 346 154 67 30 11 5 1 
29474|Child_CrossABC1|7: 2354 836 343 147 67 30 11 5 1 
29511|Survivor|1: 2106 792 287 137 65 30 11 5 1 
29528|Survivor|1: 2609 808 360 129 65 30 11 5 1 
29535|Child_Levy|8: 2374 743 332 127 65 28 12 5 1 
29540|Child_Cross21|18: 1959 708 317 119 70 27 13 5 1 
29552|Survivor|1: 2204 696 321 119 66 27 10 4 1 
29604|Child_LevyP1|9: 2218 898 338 149 66 28 12 5 1 
29611|Child_CrossABC1|1: 2214 912 336 133 66 28 12 5 1 
29617|Survivor|1|Mutated: 2214 912 336 133 75 28 12 5 1 
29622|Survivor|1: 2101 849 318 123 74 28 12 5 1 
29640|Survivor|1: 2180 808 315 119 74 27 14 4 1 
29644|Survivor|1: 2186 803 292 121 65 30 11 5 1 
29650|Child_CrossABC2|2: 2178 800 293 121 67 30 11 5 1 
29656|Child_Avg|27: 2128 856 313 130 66 29 11 5 1 
29657|Child_Cross21|46: 2055 732 292 117 67 30 11 5 1 
29682|Child_Avg|51: 2784 934 427 195 73 27 13 5 1 
29704|Survivor|1: 2087 713 358 155 72 29 13 6 1 
29708|Child_CrossABC1|7|Mutated: 1940 783 363 145 74 27 14 4 1 
29709|Child_Cross21|10: 2069 662 334 131 73 28 12 5 1 
29714|Child_Cross12|13: 2203 724 328 131 73 28 12 5 1 
29722|Child_Cross21|26: 1953 752 339 127 73 28 12 5 1 
29729|Child_Avg|23: 1926 723 319 121 74 28 12 5 1 
29751|Child_CrossABC2|2: 1972 769 331 120 72 27 13 5 1 
29754|Child_CrossABC1|1: 1959 774 327 119 72 27 13 5 1 
29773|Child_Cross12|9: 1954 783 324 127 73 29 13 6 1 
29779|Child_CrossABC2|8: 1914 833 279 131 77 28 12 5 1 
29805|Survivor|1: 1830 770 299 114 63 27 13 5 1 
29881|Survivor|1: 2249 790 313 114 63 27 13 5 1 
29882|Child_Avg|51: 2215 797 313 111 63 27 13 5 1 
29883|Child_Avg|55: 2207 801 313 110 63 27 13 5 1 
29884|Child_CrossABC2|8: 2216 794 313 110 63 27 13 5 1 
29892|Child_Cross21|14|Mutated: 2184 805 313 131 63 27 10 4 1 
29978|Survivor|1|Mutated: 2193 876 321 131 62 25 11 5 1 
30004|Survivor|1|Mutated: 2137 827 306 137 62 28 12 5 1 
30009|Survivor|1|Mutated: 2137 752 306 137 62 28 12 5 1 
30016|Child_Avg|23: 2407 724 372 139 77 28 12 5 1 
30019|Child_Cross21|34: 2401 730 301 139 77 28 12 5 1 
30042|Survivor|1: 2244 760 293 131 70 29 11 5 1 
30096|Child_Avg|47: 2301 865 351 132 82 35 13 5 1 
30112|Survivor|1: 2160 787 336 124 85 35 12 5 1 
30132|Child_Avg|55: 1860 733 281 119 74 28 12 5 1 
30151|Child_Avg|35|Mutated: 2226 857 308 142 78 31 14 5 1 
30169|Child_LevyP2|10: 2316 833 324 138 74 35 12 5 1 
30175|Child_Cross12|37: 2179 832 346 127 72 32 13 5 1 
30187|Child_Avg|39|Mutated: 2200 813 341 134 72 30 13 5 1 
30201|Survivor|1: 2145 791 316 121 72 30 13 5 1 
30252|Child_LevyABC2|12: 2313 722 317 122 69 30 11 5 1 
30258|Child_CrossABC1|1: 2700 751 316 134 69 30 11 5 1 
30273|Child_CrossABC1|7: 2260 725 296 134 69 30 11 5 1 
30274|Child_CrossABC1|7: 2211 723 296 135 69 30 11 5 1 
30277|Child_Levy|32: 2073 708 287 127 72 30 11 5 1 
30318|Child_Levy|4: 2168 887 356 155 85 32 12 5 1 
30321|Survivor|1: 1820 720 313 141 77 28 11 4 1 
30325|Survivor|1: 1937 777 332 133 80 28 11 4 1 
30343|Survivor|1: 1968 777 332 133 80 28 11 4 1 
30372|Survivor|1: 2045 719 319 113 67 30 11 5 1 
30380|Survivor|1: 1957 742 342 159 64 29 10 4 1 
30442|Child_Levy|16: 2141 824 329 126 72 25 12 5 1 
30444|Survivor|1: 2352 952 388 128 79 29 13 6 1 
30461|Child_Avg|11: 2402 939 369 153 73 27 11 4 1 
30470|Child_LevyP2|4: 2364 933 368 151 74 28 12 5 1 
30473|Child_Cross12|57: 2259 895 390 147 74 28 12 5 1 
30478|Survivor|1|Mutated: 2259 763 390 147 74 28 12 5 1 
30479|Child_Avg|27: 2169 806 348 141 74 28 12 5 1 
30483|Child_Cross12|13: 2265 801 340 127 74 28 12 5 1 
30494|Survivor|1|Mutated: 2265 730 340 127 74 28 12 5 1 
30504|Child_Cross12|9: 2243 764 336 123 74 28 12 5 1 
30507|Child_CrossABC1|7: 2151 761 321 123 74 28 12 5 1 
30511|Child_Cross21|54: 2215 759 335 112 71 25 11 5 1 
30521|Child_Cross21|30: 2217 755 335 112 71 25 11 5 1 
30533|Child_Avg|23: 2216 755 335 112 71 25 11 5 1 
30553|Child_Cross12|21: 2202 755 335 112 71 25 11 5 1 
30560|Child_Avg|15: 2201 755 335 112 71 25 11 5 1 
30578|Child_Cross12|25: 2203 755 335 112 71 25 11 5 1 
30595|Survivor|1: 2201 755 293 112 71 24 11 5 1 
30655|Child_Avg|47: 2873 936 413 171 80 29 14 4 1 
30664|Child_Avg|51: 2847 876 416 166 81 29 14 6 1 
30676|Child_LevyP1|3: 2596 713 426 192 81 31 14 5 1 
30680|Child_Avg|23: 2331 727 327 128 81 30 12 5 1 
30686|Child_Cross21|26: 2331 727 327 128 81 30 11 5 1 
30699|Child_Levy|28: 2231 702 333 115 66 28 12 5 1 
30740|Survivor|1|Mutated: 2356 883 361 142 88 32 13 5 1 
30800|Survivor|1: 2278 836 269 133 75 28 12 5 1 
30801|Survivor|1|Mutated: 2278 836 308 133 75 28 12 5 1 
30832|Child_Avg|43|Mutated: 2243 764 329 148 69 30 11 5 1 
30838|Child_LevyABC2|6: 2130 802 293 151 67 30 11 5 1 
30843|Child_CrossABC2|2: 2150 807 293 151 67 30 11 5 1 
30845|Child_CrossABC2|8: 2096 806 293 151 67 30 11 5 1 
30847|Child_CrossABC1|1: 2109 806 293 151 67 30 11 5 1 
30849|Child_CrossABC1|1: 2113 806 293 151 67 30 11 5 1 
30853|Child_Cross12|37: 2144 806 293 151 67 30 11 5 1 
30857|Child_CrossABC2|2: 2170 806 293 151 67 30 11 5 1 
30858|Child_CrossABC1|7: 2177 806 293 151 67 30 11 5 1 
30859|Child_CrossABC1|1: 2188 806 293 151 67 30 11 5 1 
30862|Child_CrossABC2|2: 2150 806 293 151 67 30 11 5 1 
30863|Child_CrossABC2|2: 2145 806 293 151 67 30 11 5 1 
30865|Child_Avg|55: 2131 792 289 143 67 30 11 5 1 
30866|Child_Cross12|49: 2132 774 283 136 67 30 11 5 1 
30873|Child_Cross21|14: 2181 766 282 136 67 30 11 5 1 
30884|Survivor|1: 2160 757 284 122 69 30 11 5 1 
30888|Survivor|1: 2169 749 281 129 64 30 12 5 1 
30917|Survivor|1: 2169 749 281 129 65 30 11 5 1 
30919|Child_Cross12|45: 2169 749 281 129 62 25 11 5 1 
30921|Child_Avg|11: 2237 776 305 145 67 24 11 5 1 
30930|Survivor|1: 2101 710 271 126 64 24 11 5 1 
30945|Survivor|1: 2236 727 281 138 62 32 13 5 1 
31026|Survivor|1: 2444 906 308 123 69 24 11 4 1 
31030|Child_Levy|28: 2357 842 322 127 67 31 14 5 1 
31045|Child_Levy|16: 2182 802 290 119 64 24 11 5 1 
31056|Survivor|1: 2199 786 298 123 65 23 12 5 1 
31077|Survivor|1: 2368 852 299 116 65 23 12 5 1 
31079|Child_CrossABC1|1: 2199 820 300 116 65 23 12 5 1 
31080|Child_Cross12|1: 2426 859 299 116 65 23 12 5 1 
31091|Survivor|1: 2164 804 275 118 64 24 11 5 1 
31173|Child_Levy|36: 2655 732 363 152 74 32 13 5 1 
31178|Child_Avg|27: 2393 777 354 150 74 35 12 5 1 
31189|Child_Avg|35: 2312 770 343 138 76 35 12 5 1 
31201|Child_Cross21|50: 2384 744 339 125 76 35 12 5 1 
31206|Child_Cross21|10: 2338 799 343 124 75 35 12 5 1 
31207|Child_Avg|11: 2244 785 335 125 76 35 12 5 1 
31209|Child_Cross21|30: 2337 815 343 125 76 35 12 5 1 
31211|Child_Avg|59: 2272 805 340 124 75 35 12 5 1 
31212|Child_CrossABC2|8: 2389 764 338 124 75 35 12 5 1 
31243|Child_LevyP1|3|Mutated: 2552 843 380 138 79 29 13 6 1 
31251|Child_Avg|35: 2273 903 394 178 71 25 12 5 1 
31254|Child_Levy|36: 2212 781 342 145 74 28 11 4 1 
31293|Survivor|1: 2150 798 347 135 71 30 9 5 1 
31296|Child_Levy|40: 2252 966 350 129 78 28 12 5 1 
31299|Child_Cross12|13: 2174 787 321 124 78 30 11 5 1 
31304|Child_Cross21|26: 2142 891 318 121 78 30 11 5 1 
31327|Child_Cross12|9: 2075 833 330 121 78 30 11 5 1 
31334|Child_CrossABC1|1: 2075 833 310 121 78 30 11 5 1 
31336|Child_CrossABC1|1: 2124 857 334 121 78 30 11 5 1 
31364|Survivor|1: 2140 849 331 124 77 29 14 6 1 
31374|Survivor|1: 2121 809 295 130 72 30 11 5 1 
31449|Child_Levy|52: 2419 749 378 177 76 35 13 5 1 
31488|Survivor|1: 2067 702 309 115 66 28 12 5 1 
31542|Child_Avg|35: 2269 767 281 115 73 27 13 5 1 
31544|Child_Avg|3: 2219 776 275 123 72 26 14 5 1 
31600|Survivor|1: 2317 864 299 131 81 32 13 4 1 
31621|Survivor|1: 2790 878 341 138 93 36 13 6 1 
31663|Survivor|1: 1766 730 319 136 72 31 14 5 1 
31667|Child_Cross12|57: 1975 772 353 136 72 31 14 5 1 
31672|Child_Cross12|5: 2042 802 345 132 68 31 14 5 1 
31674|Child_Cross12|17: 2041 815 344 130 71 30 13 5 1 
31675|Child_CrossABC2|2: 2048 804 339 133 72 32 13 5 1 
31687|Child_Cross21|26: 2306 818 313 135 72 32 13 5 1 
31690|Child_Cross12|13: 2279 843 303 134 72 32 13 5 1 
31697|Survivor|1: 2108 770 303 124 74 32 13 4 1 
31710|Child_Cross21|34: 2216 778 299 122 71 30 12 5 1 
31718|Survivor|1: 2129 784 308 118 69 28 12 5 1 
31732|Child_Avg|47: 2177 828 304 117 71 28 11 4 1 
31760|Child_LevyABC2|12: 2178 823 325 146 62 25 11 5 1 
31765|Survivor|1|Mutated: 2178 892 325 146 62 25 11 5 1 
31768|Survivor|1: 2146 791 300 130 68 25 11 5 1 
31816|Child_Cross12|9: 2096 932 394 145 74 28 11 4 1 
31819|Child_LevyP2|4: 3003 941 491 213 73 30 11 5 1 
31837|Child_Avg|7: 2270 745 307 119 71 29 11 5 1 
31838|Child_Avg|35: 2239 793 316 146 71 29 11 5 1 
31842|Child_Cross21|50: 1960 765 309 143 71 29 11 5 1 
31845|Child_Levy|4: 2046 736 289 128 71 29 11 5 1 
31878|Child_Levy|4: 2312 860 315 124 70 30 11 5 1 
31886|Child_Cross12|33: 2251 822 299 121 70 30 11 5 1 
31910|Child_Levy|28: 2470 760 293 145 64 30 11 5 1 
31923|Survivor|1: 2210 717 319 114 64 30 11 5 1 
32020|Survivor|1: 2661 864 343 152 77 29 11 5 1 
32047|Survivor|1: 2433 828 328 149 79 26 14 5 1 
32048|Child_Cross21|6: 2414 856 409 147 82 28 12 5 1 
32052|Child_Cross12|41: 2221 784 341 149 83 28 12 5 1 
32056|Survivor|1|Mutated: 2322 784 341 149 83 28 12 5 1 
32059|Child_Cross21|54: 2248 822 344 143 81 28 13 4 1 
32063|Child_Cross21|6: 2276 821 344 142 81 28 13 4 1 
32070|Child_CrossABC2|8: 2099 821 343 145 77 28 13 4 1 
32087|Child_CrossABC2|2: 2223 854 344 137 79 26 14 5 1 
32112|Survivor|1|Mutated: 2223 854 344 138 79 26 14 5 1 
32114|Child_CrossABC1|1: 1910 721 305 127 74 28 12 5 1 
32142|Child_Cross21|26: 1947 708 301 123 74 28 12 5 1 
32162|Child_CrossABC1|1: 1858 717 303 115 65 28 12 5 1 
32178|Survivor|1: 1902 712 294 109 74 28 12 5 1 
32196|Child_Levy|52: 2749 841 336 160 81 29 11 5 1 
32224|Child_CrossABC1|7: 2647 898 344 138 73 29 10 4 1 
32225|Child_Cross21|2: 2554 737 338 145 77 35 12 5 1 
32237|Child_LevyP1|9: 2808 875 349 142 72 29 10 4 1 
32291|Survivor|1: 2801 877 354 136 72 29 10 4 1 
32374|Child_CrossABC1|7: 2757 806 381 137 80 31 14 4 1 
32381|Survivor|1: 2233 813 406 172 83 33 14 6 1 
32385|Child_Levy|12: 2157 775 383 153 83 31 14 6 1 
32388|Child_Cross12|57: 2148 792 384 151 79 35 12 5 1 
32389|Child_LevyABC2|6: 2158 804 346 151 81 36 13 4 1 
32394|Child_Avg|39: 2089 774 328 138 76 35 13 5 1 
32401|Child_Levy|60: 2363 803 328 130 75 32 13 5 1 
32402|Child_Levy|32: 2141 768 335 132 72 31 14 5 1 
32408|Child_Avg|19: 2115 774 336 131 76 35 12 5 1 
32409|Child_LevyP2|4: 2252 798 303 171 69 31 14 5 1 
32412|Child_Avg|35: 2114 774 332 126 73 35 12 5 1 
32429|Survivor|1: 2114 774 332 126 73 35 11 5 1 
32516|Child_Cross21|14: 2237 786 352 132 71 29 11 5 1 
32521|Child_CrossABC1|7: 2239 789 360 132 71 29 11 5 1 
32533|Survivor|1: 2232 775 348 129 74 28 13 4 1 
32543|Child_Cross21|22: 2246 781 327 117 71 26 14 5 1 
32550|Child_CrossABC2|2: 2224 676 309 119 70 26 14 5 1 
32608|Child_CrossABC2|8: 2241 695 306 119 65 28 12 5 1 
32611|Child_Cross12|5: 2283 703 303 115 65 28 12 5 1 
32629|Survivor|1: 2283 703 303 115 62 28 12 5 1 
32633|Child_CrossABC2|2: 2332 705 302 119 62 28 12 5 1 
32656|Survivor|1: 2558 682 319 122 56 24 11 5 1 
32680|Child_CrossABC1|1: 2332 717 304 137 64 24 11 4 1 
32719|Survivor|1: 2198 657 291 119 63 27 13 5 1 
32742|Child_LevyP2|10: 2771 783 301 158 63 29 14 6 1 
32754|Child_CrossABC1|1: 2803 815 336 153 63 29 14 6 1 
32757|Child_Levy|40: 2767 815 335 141 64 28 11 4 1 
32762|Child_Cross12|29: 2849 791 311 123 63 28 11 4 1 
32777|Child_CrossABC1|1: 2569 760 312 129 63 28 12 5 1 
32787|Child_CrossABC1|1: 2327 697 318 137 63 28 12 5 1 
32815|Child_Cross21|14: 2297 665 314 119 62 28 12 5 1 
32825|Survivor|1: 2174 687 296 115 63 27 13 5 1 
32834|Survivor|1|Mutated: 2297 816 309 124 64 29 11 5 1 
32838|Child_CrossABC1|1: 2343 854 311 121 66 28 12 5 1 
32924|Child_LevyP2|4: 2155 733 307 127 62 27 13 4 1 
33020|Child_Cross12|1: 2709 879 361 167 71 30 13 5 1 
33023|Child_Cross21|2: 2818 765 316 142 76 28 11 4 1 
33024|Child_Cross12|17: 2160 741 368 140 73 30 11 5 1 
33027|Child_Cross12|33: 2200 780 339 137 74 30 12 5 1 
33031|Child_Cross12|5|Mutated: 2273 777 391 137 75 28 12 5 1 
33032|Child_Cross21|30: 2200 780 339 137 75 28 12 5 1 
33037|Child_CrossABC1|1: 2224 773 342 137 74 28 12 5 1 
33038|Child_CrossABC1|1: 2224 794 341 141 72 27 13 5 1 
33039|Child_CrossABC2|8: 2224 774 343 133 76 27 13 5 1 
33041|Child_Levy|4: 2190 758 339 132 74 27 14 6 1 
33042|Child_Avg|3: 2262 751 349 143 74 28 12 5 1 
33043|Child_Cross12|57: 2205 737 339 127 77 28 12 5 1 
33045|Child_CrossABC1|7: 2202 732 331 131 74 28 12 5 1 
33053|Child_Avg|11: 2146 821 304 123 73 28 12 5 1 
33057|Child_Cross21|42: 2196 749 326 123 74 28 12 5 1 
33058|Child_CrossABC1|7: 2201 747 332 135 74 28 12 5 1 
33063|Child_Cross21|46: 2190 746 326 123 74 28 12 5 1 
33090|Survivor|1: 2190 746 342 123 74 28 12 5 1 
33095|Child_CrossABC2|8: 2352 909 351 134 54 23 12 5 1 
33101|Child_CrossABC2|8: 2060 753 337 118 57 23 10 4 1 
33157|Child_Cross21|58: 2243 776 314 117 73 27 13 5 1 
33189|Child_CrossABC2|8: 2167 802 300 123 72 26 14 5 1 
33251|Survivor|1: 2243 700 305 110 62 27 10 4 1 
33368|Child_Avg|3: 1978 757 280 129 65 28 11 4 1 
33535|Child_LevyP1|3: 2983 896 376 155 82 30 12 5 1 
33543|Child_Cross12|1: 2304 852 360 127 79 30 13 5 1 
33548|Survivor|1: 2374 850 351 133 77 30 11 5 1 
33552|Child_Cross21|38: 2264 812 341 131 72 30 11 5 1 
33554|Child_Avg|23: 2201 809 339 130 71 29 11 5 1 
33556|Child_CrossABC1|1: 2078 809 319 125 71 29 11 5 1 
33557|Child_Avg|23|Mutated: 2224 883 343 129 69 28 11 4 1 
33559|Child_Levy|44: 2322 870 341 121 73 30 11 5 1 
33578|Survivor|1: 2283 922 342 133 72 27 13 4 1 
33583|Survivor|1: 2261 858 336 126 71 25 14 4 1 
33589|Survivor|1: 2151 819 321 122 71 30 12 5 1 
33592|Child_LevyP1|3: 2360 852 338 139 72 32 13 4 1 
33627|Child_LevyP2|10: 3091 1057 417 163 81 28 11 4 1 
33629|Survivor|1|Mutated: 3091 930 417 163 81 28 11 4 1 
33705|Survivor|1: 2044 773 309 118 66 23 12 5 1 
33801|Child_Avg|15: 3046 1129 368 137 74 30 12 5 1 
33808|Child_Avg|31: 3093 1109 367 143 80 30 11 5 1 
33809|Child_CrossABC2|2: 2898 1092 368 144 81 28 11 4 1 
33818|Child_Cross21|2: 2829 1021 355 124 81 28 11 4 1 
33837|Child_Avg|51: 1984 826 309 149 71 28 12 5 1 
33843|Child_Avg|35: 2223 897 309 127 74 28 11 4 1 
33865|Survivor|1: 2369 834 342 124 71 29 10 4 1 
33918|Survivor|1: 2831 761 297 135 69 25 12 5 1 
33956|Child_Avg|7: 2204 713 294 127 68 25 11 5 1 
33973|Child_Avg|47|Mutated: 2105 763 288 115 67 26 14 5 1 
34074|Child_CrossABC1|7: 1989 780 356 151 71 24 11 5 1 
34079|Child_Avg|27: 2025 782 337 142 69 24 11 5 1 
34083|Child_CrossABC2|2: 1742 821 329 136 71 24 11 5 1 
34090|Survivor|1: 1741 658 306 127 56 24 11 5 1 
34101|Survivor|1: 2132 693 283 124 66 24 11 4 1 
34103|Child_Cross12|13: 2132 693 283 124 66 24 11 5 1 
34125|Survivor|1|Mutated: 2169 751 286 113 64 24 11 4 1 
34198|Survivor|1: 3306 1052 330 167 76 28 11 4 1 
34263|Child_LevyP1|3: 3703 867 433 226 77 31 14 5 1 
34267|Child_Avg|11: 2677 730 363 177 77 31 14 5 1 
34270|Child_Cross12|45: 2367 932 404 175 77 31 14 5 1 
34274|Child_Levy|8: 2600 819 378 170 81 31 14 5 1 
34277|Child_CrossABC1|7: 2208 828 358 165 80 31 14 5 1 
34278|Child_Avg|7: 2427 806 385 159 80 30 14 5 1 
34279|Child_Avg|55: 2190 752 350 157 79 32 13 4 1 
34291|Survivor|1|Mutated: 2190 752 350 157 79 32 13 5 1 
34295|Survivor|1|Mutated: 2190 752 402 157 79 32 13 4 1 
34299|Child_LevyP1|3: 2068 759 382 147 77 29 14 6 1 
34320|Child_Cross12|53: 2154 747 351 127 74 28 12 5 1 
34322|Child_Levy|28: 2027 746 357 136 77 28 12 5 1 
34329|Child_Cross21|18: 2098 730 343 126 73 26 14 5 1 
34333|Child_CrossABC2|2: 2098 730 343 128 73 28 12 5 1 
34335|Child_Cross12|57: 2296 727 344 124 73 27 13 5 1 
34337|Child_Cross21|26: 2086 745 339 124 73 27 13 5 1 
34439|Child_Avg|15: 2600 897 295 145 85 27 13 5 1 
34558|Survivor|1: 6625 2020 646 332 119 66 24 11 5 1 
34566|Child_CrossABC1|7: 6569 1833 751 307 128 67 24 11 5 1 
34704|Survivor|1: 2808 1025 360 169 70 31 11 5 1 
34711|Child_CrossABC2|2: 2194 769 338 158 73 32 13 5 1 
34717|Survivor|1|Mutated: 2082 863 333 147 72 26 14 5 1 
34720|Child_Cross12|33: 2136 897 324 137 71 28 12 5 1 
34725|Child_Avg|35: 2140 869 303 137 71 28 12 5 1 
34730|Survivor|1|Mutated: 2266 869 303 137 71 28 12 5 1 
34748|Survivor|1: 2277 857 308 130 75 29 11 5 1 
34749|Child_Avg|51: 2262 868 301 134 73 30 11 5 1 
34756|Child_Cross21|50|Mutated: 2236 880 296 141 70 30 13 5 1 
34764|Child_CrossABC2|8: 2189 875 299 133 68 28 11 4 1 
34770|Survivor|1: 2255 790 299 121 69 28 11 4 1 
34780|Survivor|1: 2165 800 301 119 62 25 11 5 1 
34784|Child_Cross12|41: 2198 807 301 113 62 28 12 5 1 
34789|Child_Cross12|5: 2242 823 301 111 62 28 12 5 1 
34870|Survivor|1: 3037 1247 435 231 97 56 24 11 4 1 
34999|Survivor|1: 4359 1446 588 263 109 58 28 12 5 1 
35026|Child_Avg|7: 2351 835 330 123 63 25 11 5 1 
35028|Child_LevyP2|4: 2418 1018 374 167 73 30 14 5 1 
35049|Child_Levy|8: 2137 880 304 153 72 29 16 5 1 
35057|Child_CrossABC2|8: 2398 836 313 154 73 29 16 6 1 
35061|Survivor|1: 2281 837 317 153 83 28 17 5 1 
35076|Child_Avg|35: 2399 720 322 128 75 29 13 6 1 
35079|Survivor|1: 2362 819 327 133 76 28 13 4 1 
35082|Child_Avg|31: 2256 731 326 137 75 28 12 5 1 
35087|Child_CrossABC2|8: 2207 664 274 127 74 28 12 5 1 
35094|Child_Levy|52|Mutated: 2374 735 300 121 74 28 12 5 1 
35250|Child_Cross12|21: 2224 713 318 113 68 25 11 5 1 
35277|Child_Avg|35: 2158 810 312 147 67 32 11 4 1 
35292|Survivor|1: 3656 1295 494 224 105 57 28 11 4 1 
35300|Survivor|1: 3707 1304 521 224 102 59 28 11 4 1 
35366|Child_LevyABC2|12: 2178 673 309 177 69 28 12 5 1 
35369|Child_LevyP2|10: 2305 782 314 127 65 28 12 5 1 
35398|Child_Avg|31: 2215 809 308 112 71 24 11 5 1 
35412|Survivor|1: 2302 795 315 134 68 25 11 5 1 
35605|Survivor|1: 3404 965 413 183 80 29 10 4 1 
35608|Child_Avg|47|Mutated: 2663 840 317 162 78 29 11 5 1 
35621|Survivor|1|Mutated: 2663 840 359 157 78 29 11 5 1 
35624|Child_Levy|32: 2371 817 337 135 77 28 12 5 1 
35627|Child_LevyP2|10: 2365 860 343 136 73 29 13 6 1 
35628|Survivor|1|Mutated: 2455 860 343 136 73 29 13 6 1 
35629|Child_Cross21|34: 2104 777 336 127 73 29 13 6 1 
35640|Survivor|1: 2139 789 320 127 73 29 13 6 1 
35644|Child_Avg|35: 2163 738 325 126 70 30 11 5 1 
35729|Survivor|1: 3473 975 361 135 73 35 13 5 1 
35733|Survivor|1: 2420 752 359 128 73 35 13 5 1 
35746|Survivor|1: 2402 722 327 119 72 35 13 5 1 
35855|Child_CrossABC1|7: 2223 717 315 140 66 24 11 5 1 
35865|Survivor|1|Mutated: 2223 799 315 140 66 24 11 5 1 
35885|Survivor|1: 2171 713 318 127 69 26 14 5 1 
35886|Child_CrossABC2|2: 2162 709 306 128 73 28 12 5 1 
35887|Child_Avg|51: 2182 694 301 129 64 24 11 5 1 
35891|Child_CrossABC1|1: 2239 719 305 137 66 24 11 5 1 
35893|Child_CrossABC1|1: 2248 708 309 153 64 24 11 5 1 
35895|Child_CrossABC1|1: 2247 729 309 153 64 24 11 5 1 
35964|Survivor|1: 4076 1242 453 202 107 54 23 10 4 1 
36026|Child_Cross21|10: 4186 1287 485 218 101 61 23 12 5 1 
36041|Child_CrossABC2|8: 4061 1124 482 271 102 61 23 12 5 1 
36051|Survivor|1: 4014 1330 477 235 98 58 24 11 4 1 
36104|Child_LevyP2|10: 2782 998 441 195 95 29 14 6 1 
36106|Child_Cross21|22: 7392 2162 701 373 146 77 29 14 4 1 
36110|Child_LevyP2|4: 7287 2208 677 365 129 72 27 14 4 1 
36131|Child_Levy|24|Mutated: 2022 788 341 141 72 26 14 5 1 
36172|Survivor|1|Mutated: 2695 964 393 144 74 28 13 4 1 
36244|Survivor|1: 2516 842 313 127 64 28 11 4 1 
36271|Survivor|1: 2067 758 286 133 69 30 11 5 1 
36289|Survivor|1: 2191 716 288 135 64 28 11 4 1 
36351|Survivor|1: 1703 653 267 124 63 27 13 5 1 
36356|Survivor|1: 2940 935 431 153 65 32 13 4 1 
36357|Child_Levy|32|Mutated: 2481 926 398 144 69 30 11 5 1 
36358|Child_CrossABC2|2: 2688 812 426 163 68 31 11 4 1 
36359|Child_CrossABC2|8: 2232 1041 401 143 70 30 11 5 1 
36371|Child_Avg|35: 2144 905 374 139 70 30 11 5 1 
36387|Survivor|1: 1991 693 310 122 69 30 11 5 1 
36390|Child_CrossABC1|1: 1982 799 310 122 69 30 11 5 1 
36391|Child_CrossABC2|8: 1984 849 310 122 69 30 11 5 1 
36397|Child_CrossABC1|1: 1809 680 317 125 69 30 11 5 1 
36418|Child_CrossABC1|7: 1807 717 304 121 67 30 11 5 1 
36431|Child_CrossABC2|8: 1796 739 304 121 67 30 11 5 1 
36432|Child_CrossABC1|1: 1791 744 304 121 67 30 11 5 1 
36522|Child_Levy|36: 2164 801 358 137 64 27 13 5 1 
36570|Child_Levy|32: 2690 921 351 153 86 29 13 6 1 
36587|Child_Avg|7: 2460 890 346 155 80 30 11 5 1 
36590|Child_Cross12|25|Mutated: 2113 821 366 149 78 28 12 5 1 
36594|Child_CrossABC1|1: 2049 768 340 142 81 31 14 5 1 
36595|Child_Cross12|5: 2126 834 319 135 79 29 11 5 1 
36605|Child_Cross12|17: 2241 779 320 130 71 29 11 5 1 
36610|Child_CrossABC2|8: 1968 789 310 137 70 29 11 5 1 
36611|Child_CrossABC1|7: 2073 780 307 132 71 29 11 5 1 
36614|Child_Cross12|49: 2065 780 303 128 71 29 11 5 1 
36615|Child_CrossABC1|7: 2045 709 302 141 71 29 11 5 1 
36616|Child_CrossABC2|2: 2047 740 311 139 71 29 11 5 1 
36653|Child_LevyABC2|12: 1960 799 312 142 69 30 11 5 1 
36680|Child_Cross21|14: 2054 746 315 119 69 28 12 5 1 
36696|Survivor|1: 1852 670 284 115 66 28 12 5 1 
36748|Child_Levy|52: 2884 869 379 167 85 33 12 5 1 
36761|Child_LevyP1|9: 2987 1013 410 176 95 35 13 6 1 
36769|Survivor|1: 2041 853 299 147 81 29 11 5 1 
36771|Survivor|1: 2112 794 310 137 81 29 11 5 1 
36789|Survivor|1|Mutated: 2112 794 310 153 81 29 11 5 1 
36844|Child_CrossABC1|7: 3054 861 319 156 70 29 11 5 1 
36915|Child_CrossABC1|1: 2639 940 325 125 67 30 11 5 1 
37025|Child_Avg|39: 7313 1777 766 309 128 63 28 11 4 1 
37076|Child_Cross12|33: 4020 1148 429 180 77 31 14 5 1 
37093|Child_Cross12|29: 2412 835 323 127 70 30 12 5 1 
37144|Child_CrossABC1|7: 1756 722 294 115 62 28 12 5 1 
37151|Child_Levy|8: 2482 948 354 182 73 28 12 5 1 
37152|Child_Cross12|13: 2831 877 446 156 73 28 12 5 1 
37155|Child_Cross12|37: 2780 969 433 143 73 28 12 5 1 
37158|Child_Levy|40: 2314 828 378 141 68 30 12 5 1 
37161|Survivor|1|Mutated: 2314 828 373 141 68 30 12 5 1 
37164|Child_LevyABC1|11: 2420 791 396 144 68 33 14 6 1 
37249|Child_CrossABC1|1: 1921 719 287 124 58 24 11 4 1 
37284|Child_Levy|48|Mutated: 2896 1142 447 192 93 28 12 5 1 
37324|Child_Avg|59: 1895 817 361 146 90 27 13 5 1 
37347|Survivor|1: 2126 776 323 122 77 29 11 5 1 
37356|Child_CrossABC2|8: 2110 798 324 121 77 30 12 5 1 
37358|Child_Avg|19: 2155 796 322 121 78 30 11 5 1 
37359|Child_Levy|44: 2194 814 323 118 77 28 12 5 1 
37368|Survivor|1: 2296 806 313 115 73 27 13 5 1 
37373|Child_CrossABC2|8: 2052 804 318 119 74 27 13 5 1 
37380|Survivor|1: 1884 804 318 119 74 27 13 5 1 
37421|Child_LevyP1|9: 2213 803 358 149 72 29 13 6 1 
37424|Survivor|1|Mutated: 2237 803 422 149 72 29 13 6 1 
37429|Child_CrossABC2|8: 2313 859 411 136 67 28 12 5 1 
37453|Survivor|1: 1844 690 313 121 63 28 12 5 1 
37460|Child_Cross21|10: 1890 686 306 117 62 28 12 5 1 
37464|Survivor|1: 2209 713 318 115 62 28 12 5 1 
37472|Child_Cross12|25|Mutated: 2253 724 317 111 62 28 12 5 1 
37479|Child_Cross21|22: 2249 731 317 111 62 28 12 5 1 
37524|Child_Cross12|53|Mutated: 2270 683 312 125 58 28 12 5 1 
37538|Child_Cross21|50: 2260 705 312 105 58 28 12 5 1 
37545|Survivor|1: 2272 705 312 123 58 28 12 5 1 
37549|Child_Avg|11: 2248 705 312 105 58 28 12 5 1 
37558|Child_Cross12|25: 2263 705 312 105 58 28 12 5 1 
37563|Child_Avg|19: 2258 705 312 105 58 28 12 5 1 
37568|Child_Cross21|14|Mutated: 2258 705 312 119 58 28 12 5 1 
37587|Child_Avg|39: 2110 904 331 119 73 28 12 5 1 
37595|Child_CrossABC1|7: 2121 850 326 119 73 28 12 5 1 
37599|Child_CrossABC2|2: 2135 850 326 119 73 28 12 5 1 
37602|Child_CrossABC1|7: 2156 850 326 119 73 28 12 5 1 
37606|Child_CrossABC2|8: 2164 850 326 119 73 28 12 5 1 
37607|Child_CrossABC1|7: 2159 850 326 119 73 28 12 5 1 
37614|Child_CrossABC1|1: 2161 850 326 119 73 28 12 5 1 
37636|Child_CrossABC1|7: 2257 861 318 115 73 28 12 5 1 
37641|Survivor|1: 2382 869 331 111 73 28 12 5 1 
37645|Child_CrossABC2|8: 2340 870 331 111 77 28 12 5 1 
37656|Survivor|1: 2312 853 329 110 75 28 11 4 1 
37699|Child_Levy|52: 2882 1129 416 204 81 32 13 5 1 
37710|Child_CrossABC2|8|Mutated: 2711 793 346 164 70 30 11 5 1 
37716|Child_Avg|35: 2232 727 312 142 69 30 11 5 1 
37718|Child_Avg|7: 2422 727 330 142 69 30 11 5 1 
37728|Child_CrossABC2|2: 2272 707 338 133 69 30 11 5 1 
37730|Child_Cross21|10: 2261 717 321 131 69 30 11 5 1 
37732|Child_Cross21|26: 2235 748 325 131 69 30 11 5 1 
37740|Child_CrossABC1|7: 2291 751 318 131 69 30 11 5 1 
37770|Survivor|1: 2178 775 315 135 66 28 12 5 1 
37775|Survivor|1: 2101 746 303 132 69 28 11 4 1 
37780|Child_Avg|27: 2070 732 307 125 71 28 12 5 1 
37787|Survivor|1: 2044 789 305 119 71 28 11 4 1 
37825|Child_CrossABC2|8: 2123 790 303 125 71 28 11 4 1 
37945|Survivor|1: 2737 863 295 128 71 29 11 5 1 
37960|Child_Cross21|26: 2928 919 309 132 67 32 13 4 1 
38042|Survivor|1: 2233 792 291 115 65 28 12 5 1 
38046|Child_CrossABC2|2: 2234 780 293 114 67 30 11 5 1 
38146|Survivor|1: 1944 719 287 119 60 28 11 4 1 
38156|Child_CrossABC2|2: 1939 709 285 119 60 28 11 4 1 
38259|Child_Cross12|41: 2398 755 316 137 73 29 13 6 1 
38267|Survivor|1: 2235 716 327 130 70 29 11 5 1 
38293|Survivor|1: 1856 791 368 147 59 28 11 4 1 
38297|Survivor|1: 1575 701 331 152 63 28 12 5 1 
38329|Child_CrossABC2|2: 2284 791 387 173 63 28 12 5 1 
38330|Child_Avg|59: 2536 814 376 147 66 28 12 5 1 
38334|Child_Avg|23: 2352 765 356 139 63 27 11 4 1 
38335|Child_Levy|4: 2669 836 367 120 65 23 12 5 1 
38364|Survivor|1: 2668 829 368 120 65 23 12 5 1 
38378|Survivor|1: 2616 843 329 127 67 23 10 4 1 
38389|Child_Levy|52: 2279 814 383 133 68 25 12 5 1 
38403|Child_Levy|4|Mutated: 2619 958 380 181 67 31 11 5 1 
38408|Survivor|1: 1932 767 290 137 70 29 11 5 1 
38420|Survivor|1: 1916 714 277 143 71 29 11 5 1 
38424|Child_CrossABC1|1|Mutated: 2223 699 265 132 71 29 11 5 1 
38440|Child_Avg|35: 1936 687 308 113 64 28 11 4 1 
38453|Survivor|1: 1943 687 308 113 64 28 11 4 1 
38497|Child_Avg|31: 6060 1415 541 301 113 65 30 11 5 1 
38503|Survivor|1: 6378 1506 574 315 122 70 29 13 6 1 
38509|Child_Cross12|21: 6378 1527 574 315 122 69 31 14 5 1 
38512|Child_Cross12|29: 2096 765 348 123 61 28 12 5 1 
38514|Survivor|1: 1859 771 344 136 60 27 13 5 1 
38516|Child_Avg|7: 6127 1512 577 319 121 64 30 12 5 1 
38517|Child_LevyP2|4: 6670 1507 704 312 129 63 31 11 4 1 
38608|Child_Levy|12|Mutated: 2259 841 339 143 56 24 11 5 1 
38624|Survivor|1: 1849 691 272 135 55 24 11 5 1 
38639|Survivor|1: 1796 666 271 126 56 24 11 5 1 
38673|Child_CrossABC1|1: 5589 1242 520 258 111 58 24 11 5 1 
38681|Child_Cross12|13: 4134 1111 479 239 100 58 24 11 5 1 
38685|Child_Levy|32|Mutated: 2833 888 379 161 82 32 13 4 1 
38711|Child_LevyABC2|6: 2238 903 352 163 86 31 14 6 1 
38712|Child_Avg|43: 2291 895 330 145 84 30 13 5 1 
38714|Child_Levy|48: 2207 840 310 164 83 31 14 6 1 
38743|Child_Cross21|18: 2207 840 310 164 81 31 14 5 1 
38745|Survivor|1|Mutated: 2207 840 310 164 81 31 11 6 1 
38747|Child_Avg|15: 2153 819 322 153 80 30 12 5 1 
38748|Child_Avg|19: 2190 826 323 146 83 30 12 5 1 
38750|Child_Levy|28: 2156 888 326 147 82 30 12 5 1 
38755|Child_Avg|11: 2247 851 335 133 76 30 12 5 1 
38758|Child_Levy|24: 2167 848 325 136 77 30 11 5 1 
38761|Child_Levy|24: 2182 839 328 131 77 28 12 5 1 
38767|Child_Cross12|17: 2165 834 294 127 77 28 12 5 1 
38768|Child_Cross12|5: 2234 828 315 127 77 28 12 5 1 
38769|Child_Avg|51: 2224 814 313 128 77 28 12 5 1 
38773|Child_CrossABC2|2: 2229 810 314 127 77 28 12 5 1 
38781|Child_CrossABC2|8: 2208 821 313 128 77 28 12 5 1 
38785|Child_CrossABC2|8: 2203 810 315 127 77 28 12 5 1 
38790|Child_Cross12|21: 2206 801 310 123 77 28 12 5 1 
38791|Child_Avg|51: 2208 802 315 131 74 27 13 5 1 
38792|Child_Avg|31: 2246 801 343 123 77 28 12 5 1 
38793|Child_Cross21|30: 2228 814 316 115 78 28 12 5 1 
38841|Child_Cross21|54: 2181 728 309 129 68 28 13 4 1 
38844|Child_Cross12|45: 2229 778 305 127 68 28 13 4 1 
38850|Child_Levy|56: 2250 818 299 116 60 27 13 5 1 
38858|Child_CrossABC2|2: 2236 830 317 117 60 27 13 5 1 
38864|Child_CrossABC2|2: 2208 873 323 129 60 27 13 5 1 
38933|Child_Avg|55: 2147 771 343 143 65 25 11 5 1 
38958|Survivor|1: 2039 820 360 129 74 30 12 5 1 
38971|Child_Levy|60: 1864 847 343 144 74 30 13 5 1 
38975|Child_Cross21|58: 1809 827 360 145 76 28 11 4 1 
38984|Survivor|1: 1959 827 360 145 76 28 11 4 1 
39003|Child_Avg|19: 1968 799 321 133 74 28 11 4 1 
39022|Survivor|1: 1968 755 321 133 74 28 11 4 1 
39074|Random|21: 7436 2068 977 328 147 71 28 9 4 1 
39120|Survivor|1: 1884 823 321 128 72 27 13 5 1 
39132|Survivor|1: 1843 746 332 123 72 27 13 5 1 
39143|Child_Cross21|58: 1897 722 313 123 72 27 13 5 1 
39145|Child_CrossABC1|1: 2062 741 320 123 72 27 13 5 1 
39162|Survivor|1: 2032 744 310 115 72 27 13 5 1 
39169|Survivor|1: 2207 765 310 115 72 27 13 5 1 
39202|Survivor|1: 3890 927 440 180 77 28 12 5 1 
39208|Child_CrossABC2|2: 3954 911 443 188 77 28 12 5 1 
39210|Child_Avg|7: 3487 908 415 179 77 28 12 5 1 
39214|Child_Avg|47: 2957 868 380 151 77 28 12 5 1 
39218|Child_CrossABC2|8: 2551 855 380 151 85 28 12 5 1 
39219|Child_Levy|48: 2598 833 360 149 78 27 13 5 1 
39220|Child_Levy|56: 2440 770 364 141 77 28 11 4 1 
39250|Child_Levy|16: 2206 775 321 124 76 29 13 6 1 
39260|Child_Avg|59: 2155 766 312 121 75 28 12 5 1 
39282|Survivor|1: 2215 756 308 113 79 26 14 5 1 
39320|Child_Levy|44: 2409 992 376 208 83 30 11 5 1 
39322|Child_CrossABC1|7: 2874 900 454 160 83 30 11 5 1 
39333|Survivor|1: 2384 796 407 141 77 28 11 4 1 
39335|Child_Levy|12: 2344 744 389 136 79 28 12 5 1 
39336|Child_Avg|3: 2049 727 313 129 81 30 11 5 1 
39339|Survivor|1: 1969 749 346 146 79 28 12 5 1 
39342|Child_Cross21|22: 2249 800 340 123 78 28 12 5 1 
39371|Child_LevyP2|10: 2720 1019 400 135 78 28 12 5 1 
39379|Child_Cross21|42: 1901 697 305 119 66 28 12 5 1 
39396|Survivor|1: 1871 699 306 119 66 28 12 5 1 
39397|Child_CrossABC1|1: 2038 775 333 121 66 28 12 5 1 
39430|Survivor|1: 2103 916 345 137 81 30 11 5 1 
39446|Survivor|1|Mutated: 2134 916 345 137 81 30 11 5 1 
39458|Child_CrossABC2|2: 2409 1119 332 148 81 30 11 5 1 
39467|Child_CrossABC1|7: 2240 828 307 131 81 30 11 5 1 
39515|Child_Levy|32: 2393 832 303 156 64 31 14 5 1 
39517|Child_Cross21|2: 2350 834 315 135 74 35 12 5 1 
39522|Survivor|1|Mutated: 2350 834 299 135 74 35 12 5 1 
39544|Survivor|1: 2293 839 316 157 68 31 11 4 1 
39555|Survivor|1: 2090 818 343 171 68 30 14 5 1 
39557|Child_Cross21|14: 2079 797 305 135 68 30 14 5 1 
39622|Child_Avg|39|Mutated: 2246 765 353 139 81 31 14 4 1 
39630|Survivor|1: 2173 796 333 129 79 31 11 4 1 
39632|Child_Levy|20: 2200 810 322 127 80 30 11 5 1 
39633|Child_Levy|52: 2201 814 335 122 77 29 11 5 1 
39643|Child_Avg|11: 2208 829 333 119 77 29 11 5 1 
39649|Child_CrossABC1|7: 2214 852 323 126 77 29 11 5 1 
39662|Child_Cross21|26: 2197 801 323 113 64 28 11 4 1 
39699|Child_Cross12|57: 2286 769 345 130 63 32 13 4 1 
39752|Survivor|1: 9651 2168 1228 356 145 86 28 12 5 1 
39757|Survivor|1: 6545 1794 800 311 128 62 25 11 5 1 
39762|Child_Avg|47: 7561 1824 788 337 120 73 27 10 6 1 
39786|Survivor|1: 1810 754 285 110 58 24 11 4 1 
39841|Survivor|1: 2816 1029 468 149 96 36 13 4 1 
39851|Survivor|1: 1779 744 326 126 77 29 11 5 1 
39871|Child_LevyP2|4: 2222 845 321 182 79 33 12 5 1 
39877|Child_Avg|43: 2493 990 373 156 73 28 12 5 1 
39882|Child_Levy|36: 2129 827 349 141 76 30 12 5 1 
39884|Child_Cross12|33: 2293 981 367 155 73 28 12 5 1 
39892|Child_Cross21|26: 2135 876 343 144 73 28 12 5 1 
39899|Child_CrossABC2|2: 2138 825 323 138 73 28 12 5 1 
39900|Child_Levy|60: 2125 834 321 137 71 28 11 4 1 
39901|Child_CrossABC1|7: 2123 850 329 136 73 28 12 5 1 
39904|Child_CrossABC2|8: 2126 842 346 136 73 28 12 5 1 
39905|Child_CrossABC2|2: 2121 851 343 136 73 28 12 5 1 
39910|Child_LevyP1|9: 2098 805 313 135 62 28 12 5 1 
39923|Child_LevyP2|4: 2117 906 394 136 64 27 13 4 1 
39930|Child_Avg|27: 2123 818 324 128 63 27 13 5 1 
40009|Child_CrossABC1|7: 7484 1744 759 313 158 64 29 9 4 1 
40012|Survivor|1|Mutated: 8019 1744 759 313 158 64 29 10 4 1 
40022|Child_Cross12|25: 6723 1548 652 293 120 64 29 10 4 1 
40054|Child_CrossABC1|7: 6740 1548 652 293 120 64 29 10 4 1 
40057|Child_Avg|19: 6611 1548 652 293 120 64 29 10 4 1 
40058|Child_Cross21|10: 7117 1548 652 293 120 64 29 10 4 1 
40063|Child_Cross12|13: 6806 1548 652 293 120 64 29 10 4 1 
40064|Child_Cross21|10: 6877 1548 652 293 120 64 29 10 4 1 
40067|Child_Cross12|17: 6871 1548 652 293 120 64 29 10 4 1 
40068|Child_Cross12|49: 6807 1548 652 293 120 64 29 10 4 1 
40070|Child_Cross12|17: 6878 1548 652 293 120 64 29 10 4 1 
40071|Child_Cross12|41: 6933 1548 652 293 120 64 29 10 4 1 
40073|Child_Cross21|14: 6891 1548 652 293 120 64 29 10 4 1 
40074|Child_CrossABC1|7|Mutated: 7092 1680 657 293 120 64 29 10 4 1 
40075|Child_Cross12|41: 6934 1548 652 293 120 64 29 10 4 1 
40076|Child_Cross12|29: 6864 1548 652 293 120 64 29 10 4 1 
40077|Child_Cross12|21: 6989 1548 652 293 120 64 29 10 4 1 
40079|Child_Avg|19: 7036 1548 652 293 120 64 29 10 4 1 
40081|Child_Cross12|45: 7058 1548 652 293 120 64 29 10 4 1 
40083|Child_Cross12|29: 7130 1548 652 293 120 64 29 10 4 1 
40084|Child_Cross21|18: 7049 1548 652 293 120 64 29 10 4 1 
40085|Child_Cross12|49: 7041 1807 652 293 120 64 29 10 4 1 
40086|Child_Cross12|37: 7041 1548 652 293 120 64 29 10 4 1 
40087|Child_Cross12|1: 7036 1867 652 293 120 64 29 10 4 1 
40088|Child_Cross21|34: 7100 1673 652 293 120 64 29 10 4 1 
40089|Child_CrossABC2|2: 7025 1806 652 293 120 64 29 10 4 1 
40091|Child_Cross12|9: 7051 1747 652 293 120 64 29 10 4 1 
40092|Child_Cross21|30: 7066 1627 652 293 120 64 29 10 4 1 
40093|Child_Cross21|22: 7084 1689 652 293 120 64 29 10 4 1 
40094|Child_Cross12|21: 7060 1631 652 293 120 64 29 10 4 1 
40095|Child_Avg|7: 7060 1682 652 293 120 64 29 10 4 1 
40096|Child_Cross21|10: 7054 1694 652 293 120 64 29 10 4 1 
40097|Child_Avg|55: 7079 1627 652 293 120 64 29 10 4 1 
40099|Child_Cross12|29: 7040 1747 652 293 120 64 29 10 4 1 
40102|Child_Cross12|53: 7055 1680 652 293 120 64 29 10 4 1 
40104|Child_Cross12|33: 7051 1687 652 293 120 64 29 10 4 1 
40105|Child_Cross21|34: 7046 1681 652 293 120 64 29 10 4 1 
40112|Child_CrossABC1|1: 6374 1681 606 293 120 64 29 10 4 1 
40113|Child_CrossABC1|1: 6459 1681 718 293 120 64 29 10 4 1 
40123|Child_LevyP1|3: 6798 1710 676 304 119 63 27 10 4 1 
40136|Child_Cross12|1: 6798 1710 676 304 119 62 27 10 4 1 
40137|Child_Avg|43: 6771 1645 696 285 130 62 27 10 4 1 
40138|Child_CrossABC2|2: 6785 1660 678 270 129 62 27 10 4 1 
40139|Child_Cross12|29: 6847 1682 690 278 123 62 27 10 4 1 
40141|Child_Levy|12: 7106 1644 726 275 125 64 24 11 5 1 
40143|Child_Cross12|53: 7008 1634 676 289 116 60 25 9 4 1 
40152|Child_Avg|11: 6285 1533 606 256 102 71 24 11 5 1 
40171|Child_Avg|15: 6268 1555 607 253 100 69 24 11 4 1 
40175|Child_CrossABC2|2: 6268 1555 607 253 121 69 24 11 4 1 
40187|Child_CrossABC1|7: 6304 1575 576 251 127 64 24 11 4 1 
40194|Survivor|1: 6165 1605 575 235 131 67 23 10 4 1 
40197|Child_Levy|32: 6429 1529 582 238 105 65 24 11 5 1 
40211|Child_Levy|12|Mutated: 6991 1567 705 234 113 53 24 9 4 1 
40231|Survivor|1|Mutated: 6991 1567 705 234 113 53 24 11 4 1 
40239|Child_Cross12|13: 6957 1520 641 232 109 53 24 11 4 1 
40240|Child_CrossABC1|1: 6959 1535 645 232 109 53 24 11 4 1 
40248|Survivor|1: 7348 1603 643 237 116 51 24 11 4 1 
40267|Child_Cross21|46: 7272 1561 609 228 108 67 23 12 5 1 
40272|Child_CrossABC1|1: 6906 1559 601 233 108 53 25 12 5 1 
40278|Survivor|1: 7045 1565 603 232 102 50 23 12 5 1 
40283|Child_Avg|3: 7167 1536 584 228 99 51 23 12 5 1 
40320|Child_LevyP2|4: 7215 1842 628 252 129 74 28 12 5 1 
40323|Child_CrossABC1|7: 7501 1833 631 247 131 74 28 12 5 1 
40326|Child_CrossABC1|1: 7660 1835 674 247 129 74 28 12 5 1 
40329|Child_CrossABC2|8: 7691 1833 744 255 149 74 28 12 5 1 
40331|Child_CrossABC1|7: 7569 1838 663 267 145 74 28 12 5 1 
40335|Child_Avg|23: 7598 1830 667 270 137 75 28 12 5 1 
40337|Child_Cross21|58: 7598 1830 667 270 137 74 28 12 5 1 
40338|Child_Avg|15: 7616 1848 708 260 125 71 28 12 5 1 
40339|Child_Cross21|6: 7556 1815 650 245 121 74 28 12 5 1 
40344|Child_CrossABC1|1: 7637 1815 650 245 121 74 28 12 5 1 
40345|Child_CrossABC1|1: 7594 1815 650 245 121 74 28 12 5 1 
40346|Child_CrossABC2|8: 7661 1815 650 245 121 74 28 12 5 1 
40355|Child_Cross12|45: 7531 1812 638 252 113 74 28 12 5 1 
40357|Child_Cross12|1: 7552 1822 653 249 113 74 28 12 5 1 
40358|Child_Avg|55: 7499 1791 636 244 111 73 28 12 5 1 
40365|Child_Levy|44: 7484 1805 642 248 109 71 28 12 5 1 
40366|Child_Avg|7: 7083 1787 633 245 109 74 28 12 5 1 
40371|Child_Cross21|18: 7442 1792 633 242 109 75 28 12 5 1 
40372|Survivor|1|Mutated: 8005 1630 633 242 129 75 28 12 5 1 
40373|Child_Cross21|2: 7529 1746 677 242 103 70 28 12 5 1 
40388|Child_Cross21|2: 7294 1750 718 244 103 69 28 12 5 1 
40395|Child_Cross12|5: 7324 1811 673 255 99 69 28 12 5 1 
40398|Child_Cross12|53: 7192 1770 695 247 99 69 28 12 5 1 
40406|Child_CrossABC1|1: 7284 1770 695 249 99 69 28 12 5 1 
40407|Child_CrossABC2|2: 7117 1770 695 249 99 69 28 12 5 1 
40410|Child_Cross21|58: 7253 1772 687 247 99 69 28 12 5 1 
40415|Child_Cross21|30: 7103 1770 695 249 99 69 28 12 5 1 
40416|Child_CrossABC2|2: 7228 1770 695 249 99 69 28 12 5 1 
40417|Child_Avg|31|Mutated: 7100 1770 694 281 99 69 28 12 5 1 
40419|Child_Cross12|57: 7204 1771 689 249 99 69 28 12 5 1 
40420|Child_Cross21|54: 7181 1770 695 249 99 69 28 12 5 1 
40423|Child_Avg|19: 7175 1770 695 249 99 69 28 12 5 1 
40425|Child_CrossABC1|1: 7282 1770 695 249 99 69 28 12 5 1 
40426|Child_Cross21|34|Mutated: 7568 1770 695 249 99 69 28 12 5 1 
40428|Child_Cross12|53|Mutated: 7220 1770 695 249 99 69 28 12 5 1 
40429|Child_Avg|43: 7221 1770 695 249 99 69 28 12 5 1 
40430|Child_Cross12|45: 7346 1770 695 249 99 69 28 12 5 1 
40431|Child_Cross21|30: 7188 1770 695 249 99 69 28 12 5 1 
40432|Child_Cross12|5: 7370 1770 695 249 99 69 28 12 5 1 
40433|Child_Cross21|18: 7418 1770 695 249 99 69 28 12 5 1 
40434|Child_CrossABC2|2: 7416 1770 695 249 99 69 28 12 5 1 
40435|Child_Avg|7: 7452 1770 695 249 99 69 28 12 5 1 
40436|Child_CrossABC1|7: 7349 1770 695 249 99 69 28 12 5 1 
40438|Child_Cross12|17: 7425 1770 695 249 99 69 28 12 5 1 
40439|Child_Avg|15: 7350 1770 695 249 99 69 28 12 5 1 
40441|Child_Cross12|5: 7390 1770 695 249 99 69 28 12 5 1 
40442|Child_Cross21|22: 7384 1770 695 249 99 69 28 12 5 1 
40443|Child_Cross21|58: 7404 1770 695 249 99 69 28 12 5 1 
40444|Child_Avg|31: 7359 1770 695 249 99 69 28 12 5 1 
40445|Child_Cross12|13: 7321 1770 695 249 99 69 28 12 5 1 
40448|Child_Avg|7: 7411 1770 695 249 99 69 28 12 5 1 
40450|Child_Avg|7: 7337 1770 695 249 99 69 28 12 5 1 
40451|Child_CrossABC1|1: 7385 1770 695 249 99 69 28 12 5 1 
40452|Child_Cross21|58: 7373 1770 695 249 99 69 28 12 5 1 
40453|Child_Cross21|30: 7388 1770 695 249 99 69 28 12 5 1 
40454|Child_Avg|11: 7366 1770 695 249 99 69 28 12 5 1 
40456|Child_Avg|11: 7382 1770 695 249 99 69 28 12 5 1 
40457|Child_Avg|23: 7371 1770 695 249 99 69 28 12 5 1 
40459|Child_Avg|59: 7369 1770 695 249 99 69 28 12 5 1 
40460|Child_Cross12|33: 7386 1770 695 249 99 69 28 12 5 1 
40461|Child_Cross12|37: 7383 1770 695 249 99 69 28 12 5 1 
40465|Child_Cross12|57: 7374 1770 695 249 99 69 28 12 5 1 
40469|Child_Cross12|37: 7372 1770 695 249 99 69 28 12 5 1 
40489|Child_Avg|51: 7371 1770 638 265 103 69 28 12 5 1 
40491|Child_Cross12|13: 7372 1770 695 266 99 69 28 12 5 1 
40493|Child_Cross21|22: 7306 1770 695 249 99 69 28 12 5 1 
40495|Child_Avg|35: 7355 1770 695 249 99 69 28 12 5 1 
40497|Child_Avg|43: 7333 1770 695 249 99 69 28 12 5 1 
40501|Child_Avg|43: 7332 1770 695 249 99 69 28 12 5 1 
40502|Child_Cross21|26: 7352 1770 695 249 99 69 28 12 5 1 
40505|Child_Cross21|10: 7358 1770 695 249 99 69 28 12 5 1 
40507|Child_Cross12|57: 7341 1770 695 249 99 69 28 12 5 1 
40508|Child_Avg|7: 7339 1770 695 249 99 69 28 12 5 1 
40510|Child_Cross12|13: 7357 1770 695 249 99 69 28 12 5 1 
40511|Child_Cross21|34: 7353 1770 695 249 99 69 28 12 5 1 
40512|Child_Cross12|25: 7351 1770 695 249 99 69 28 12 5 1 
40522|Child_Avg|7: 7360 1770 695 249 99 69 28 12 5 1 
40523|Child_Avg|47: 7392 1770 695 249 99 69 28 12 5 1 
40525|Child_Cross12|25: 7354 1770 695 249 99 69 28 12 5 1 
40528|Child_CrossABC1|1: 7353 1770 695 249 101 62 28 12 5 1 
40532|Child_Cross21|42: 7354 1770 695 249 99 58 28 12 5 1 
40534|Child_Cross12|1: 7352 1770 695 249 99 58 28 12 5 1 
40537|Child_Cross21|50: 7386 1770 695 249 99 58 28 12 5 1 
40538|Child_Cross21|50: 7354 1770 695 249 99 62 28 12 5 1 
40540|Child_CrossABC1|1: 7377 1770 695 249 99 58 28 12 5 1 
40541|Child_CrossABC1|1: 7335 1770 695 249 99 58 28 12 5 1 
40542|Child_Cross12|21: 7390 1770 695 249 99 58 28 12 5 1 
40543|Child_Avg|39: 7396 1770 695 249 99 58 28 12 5 1 
40544|Child_Cross21|30: 7367 1770 695 249 99 58 28 12 5 1 
40545|Child_Avg|15: 7372 1770 695 249 99 58 28 12 5 1 
40546|Child_Cross12|33: 7402 1770 695 249 99 58 28 12 5 1 
40548|Child_Cross12|37: 7398 1770 695 249 99 58 28 12 5 1 
40549|Child_CrossABC1|1|Mutated: 7400 1770 695 249 99 58 28 12 5 1 
40550|Child_Cross21|22: 7401 1770 695 249 99 58 28 12 5 1 
40551|Child_Avg|31: 7454 1770 695 249 99 58 28 12 5 1 
40553|Child_Cross21|30: 7403 1770 695 249 99 58 28 12 5 1 
40555|Child_CrossABC2|2: 7404 1770 695 249 99 58 28 12 5 1 
40556|Child_Avg|59: 7407 1770 695 249 99 58 28 12 5 1 
40558|Child_Cross21|58: 7406 1770 695 249 99 58 28 12 5 1 
40559|Child_Avg|3: 7502 1770 695 249 99 58 28 12 5 1 
40561|Child_Cross21|50: 7452 1770 695 249 99 58 28 12 5 1 
40566|Child_Cross21|26: 7355 1706 695 249 99 58 28 12 5 1 
40568|Child_CrossABC2|2: 7436 1770 695 249 99 58 28 12 5 1 
40569|Child_Cross21|54: 7425 1770 695 249 99 58 28 12 5 1 
40571|Child_Avg|35: 7392 1770 695 249 99 58 28 12 5 1 
40572|Child_Avg|47: 7389 1770 695 249 99 58 28 12 5 1 
40573|Child_Avg|31: 7391 1770 695 249 99 58 28 12 5 1 
40574|Child_Avg|7: 7411 1770 695 249 99 58 28 12 5 1 
40575|Child_Cross21|38: 7421 1770 695 249 99 58 28 12 5 1 
40576|Child_Avg|11: 7399 1770 695 249 99 58 28 12 5 1 
40577|Child_Cross21|14: 7383 1770 695 249 99 58 28 12 5 1 
40579|Child_Avg|19: 7388 1770 695 249 99 58 28 12 5 1 
40581|Child_Cross12|53: 7415 1770 695 249 99 58 28 12 5 1 
40582|Child_Avg|31|Mutated: 7407 1770 695 275 109 58 28 12 5 1 
40586|Child_CrossABC2|8: 7404 1770 695 282 109 58 28 12 5 1 
40610|Survivor|1|Mutated: 7404 1770 653 282 109 58 28 12 5 1 
40611|Child_CrossABC1|7: 7404 1770 665 282 109 59 28 12 5 1 
40636|Child_Cross21|2: 6411 1575 620 250 104 57 28 12 5 1 
40637|Child_CrossABC2|2: 6920 1572 625 260 107 57 28 12 5 1 
40672|Child_CrossABC1|1: 7284 1564 668 254 95 58 28 12 5 1 
40675|Child_Cross21|58|Mutated: 6405 1461 574 251 95 58 28 12 5 1 
40676|Child_Cross21|6|Mutated: 6664 1505 593 240 104 58 27 10 4 1 
40690|Survivor|1: 6989 1497 581 247 107 58 27 10 4 1 
40706|Child_LevyABC1|11: 7400 1788 580 257 109 51 24 11 5 1 
40708|Child_Avg|15: 7067 1624 591 254 101 54 24 11 4 1 
40718|Survivor|1|Mutated: 7067 1624 680 254 101 54 24 11 4 1 
40720|Child_LevyABC1|11: 7051 1752 681 268 113 53 24 11 4 1 
40739|Child_Cross21|38: 7082 1692 662 277 118 69 24 11 4 1 
40741|Child_Avg|7: 6998 1651 631 269 108 60 23 10 4 1 
40742|Child_CrossABC2|2: 7116 1687 716 286 129 69 24 11 4 1 
40743|Child_CrossABC2|2: 6998 1651 631 269 108 59 24 9 4 1 
40744|Child_Cross21|18: 7001 1640 633 268 112 69 24 11 4 1 
40756|Child_CrossABC2|8: 6690 1556 627 260 110 69 24 11 4 1 
40758|Child_LevyABC2|6|Mutated: 7520 1715 749 280 122 69 25 12 5 1 
40759|Child_Cross12|17: 7230 1653 642 275 117 69 25 12 5 1 
40762|Child_LevyABC1|11: 7164 1574 612 312 127 66 24 11 4 1 
40765|Child_Cross21|42: 7174 1601 615 287 124 66 24 11 4 1 
40769|Survivor|1|Mutated: 7174 1282 615 313 124 66 24 11 5 1 
40771|Child_CrossABC1|7: 6353 1519 535 243 124 66 24 11 5 1 
40785|Child_Avg|15: 6579 1523 574 281 104 64 23 10 4 1 
40790|Survivor|1|Mutated: 6579 1523 574 281 114 64 23 10 4 1 
40795|Child_LevyABC1|11: 7500 1491 649 290 121 65 25 11 5 1 
40801|Child_CrossABC1|7: 6805 1530 698 298 139 65 25 11 5 1 
40804|Child_CrossABC2|2: 6346 1544 659 268 117 65 25 11 5 1 
40812|Survivor|1: 6467 1489 630 269 126 64 24 11 5 1 
40815|Child_Cross21|6: 6661 1482 611 268 101 63 24 11 5 1 
40819|Child_Cross21|34: 6661 1482 611 268 101 64 23 12 5 1 
40826|Child_Cross12|33: 6592 1474 610 269 101 64 23 12 5 1 
40862|Survivor|1: 6276 1437 596 266 91 53 24 11 5 1 
40865|Child_LevyP2|10: 6845 1405 593 269 93 52 25 10 4 1 
40889|Survivor|1: 6463 2313 703 332 145 63 27 10 4 1 
40896|Child_Cross12|1: 6568 1397 592 285 121 63 27 10 4 1 
40898|Child_Cross21|38: 6201 1516 613 295 120 63 27 10 4 1 
40899|Child_Avg|39: 6569 1400 592 285 121 63 27 10 4 1 
40901|Child_CrossABC2|2: 6571 1400 592 285 121 63 27 10 4 1 
40902|Child_LevyABC1|5: 6460 1383 558 277 116 62 24 11 5 1 
40911|Survivor|1: 6294 1411 570 269 117 66 24 11 5 1 
40912|Child_Avg|15: 6215 1402 566 277 113 64 24 11 5 1 
40913|Child_Cross21|2: 6416 1419 560 271 113 64 24 11 5 1 
40915|Child_Avg|55|Mutated: 4217 1284 562 266 109 64 23 10 4 1 
40921|Child_Cross21|46: 6502 1393 563 268 105 64 24 11 4 1 
40962|Child_CrossABC1|1|Mutated: 8449 1346 575 273 116 56 24 11 5 1 
40969|Child_Avg|11: 6280 1354 580 265 101 54 24 11 5 1 
40977|Child_CrossABC2|2: 6592 1353 580 265 101 54 24 11 5 1 
41049|Survivor|1: 2216 897 348 176 65 30 11 5 1 
41052|Child_Avg|27: 1826 831 306 171 68 30 12 5 1 
41204|Child_Avg|39|Mutated: 1830 708 297 143 71 26 14 5 1 
41213|Child_CrossABC2|8: 1868 707 300 139 70 26 14 5 1 
41228|Survivor|1: 1883 706 304 120 70 27 13 5 1 
41233|Survivor|1: 1827 711 299 117 70 27 13 5 1 
41319|Child_Avg|15|Mutated: 2568 1005 404 178 73 29 10 4 1 
41330|Child_Levy|20: 2116 815 333 158 72 30 11 5 1 
41381|Child_Levy|36: 2141 759 295 135 74 30 12 5 1 
41382|Child_Levy|40: 2184 917 373 152 77 31 14 5 1 
41383|Child_LevyP1|9: 2239 845 341 145 78 32 13 5 1 
41399|Child_LevyP1|3: 2246 847 355 149 82 33 14 6 1 
41408|Survivor|1: 1903 714 278 127 78 32 13 5 1 
41411|Child_Cross21|42: 2459 797 324 125 70 26 14 5 1 
41453|Survivor|1: 2291 670 314 122 63 25 11 4 1 
41495|Child_LevyABC2|6: 1777 849 338 145 73 30 11 5 1 
41497|Child_CrossABC1|7: 2030 830 309 137 73 30 11 5 1 
41627|Child_Avg|35: 5874 1615 733 276 115 62 24 11 4 1 
41631|Child_Cross21|30|Mutated: 5451 1615 657 276 115 62 24 11 5 1 
41655|Child_LevyP2|4: 4345 1164 685 248 110 57 23 10 4 1 
41704|Child_Cross21|30: 3990 1186 654 273 98 51 23 10 4 1 
41781|Child_LevyP2|10: 2203 742 308 141 83 30 11 5 1 
41818|Child_Levy|24: 2251 866 311 132 63 27 13 5 1 
41823|Child_Cross21|46: 2101 762 325 125 66 28 12 5 1 
41826|Child_CrossABC2|2: 2277 815 324 125 66 28 12 5 1 
41827|Child_CrossABC2|8: 2274 823 324 125 66 28 12 5 1 
41835|Child_CrossABC1|7: 2272 827 324 125 66 28 12 5 1 
41848|Child_Avg|47: 2154 784 316 127 66 28 12 5 1 
41851|Survivor|1: 2234 810 320 119 66 28 12 5 1 
41858|Child_Cross21|34: 2430 779 315 119 66 28 12 5 1 
41859|Child_CrossABC1|7: 2286 799 353 145 66 28 12 5 1 
41879|Survivor|1: 2190 740 319 129 69 27 10 4 1 
41906|Child_CrossABC2|2: 9386 6540 1548 673 253 124 59 25 11 5 1 
41916|Child_CrossABC2|2: 9966 6423 1626 715 240 124 59 25 11 5 1 
41922|Child_Levy|32: 9179 6432 1877 618 288 113 59 25 11 5 1 
41953|Survivor|1: 8477 4079 1209 489 233 109 57 23 10 4 1 
41962|Child_Cross12|41: 9348 4326 1267 490 227 109 57 23 10 4 1 
41967|Child_Cross21|18: 9348 3340 1267 490 227 109 57 23 10 4 1 
41971|Child_CrossABC2|8: 4425 1294 490 227 109 57 23 10 4 1 
41972|Child_CrossABC2|2: 3617 1281 490 227 109 57 23 10 4 1 
42092|Child_Cross21|22: 2499 980 412 155 99 35 13 6 1 
42094|Child_Avg|55|Mutated: 2386 872 357 148 81 32 13 5 1 
42101|Survivor|1: 2323 807 334 146 89 31 14 5 1 
42103|Child_CrossABC2|8: 2364 795 334 146 89 27 13 5 1 
42104|Child_Avg|59: 2336 881 346 143 88 32 13 5 1 
42108|Child_Avg|27: 2327 876 353 136 88 30 13 5 1 
42109|Child_Cross12|9: 2328 823 343 132 86 32 13 4 1 
42111|Child_Cross12|17: 2380 844 343 134 81 30 11 5 1 
42114|Child_Levy|20: 2325 861 363 130 82 28 11 4 1 
42119|Child_CrossABC2|2: 2362 869 371 130 82 28 11 4 1 
42122|Child_Cross12|1: 2271 855 369 128 78 29 11 5 1 
42124|Survivor|1|Mutated: 2271 855 348 128 78 29 11 5 1 
42150|Child_Levy|24: 2093 753 316 122 59 28 11 4 1 
42152|Survivor|1: 2316 841 339 117 60 28 11 4 1 
42229|Child_Cross12|49: 2682 797 318 118 60 27 13 5 1 
42231|Child_Levy|4: 2932 819 320 122 59 28 13 4 1 
42285|Survivor|1: 2258 708 284 123 63 29 11 5 1 
42300|Child_CrossABC2|2: 2270 713 286 123 64 30 11 5 1 
42309|Survivor|1: 2147 718 318 121 58 28 11 4 1 
42334|Child_CrossABC1|7: 2362 768 362 156 63 27 14 4 1 
42344|Child_Avg|15: 2371 715 334 147 64 27 13 4 1 
42348|Survivor|1|Mutated: 2654 715 334 147 64 27 13 5 1 
42363|Child_Cross12|49: 2553 708 316 135 64 27 13 5 1 
42367|Child_CrossABC1|1: 1969 702 305 136 63 27 13 5 1 
42377|Child_Cross21|38: 2237 650 299 124 63 27 13 5 1 
42382|Child_CrossABC2|8: 2237 706 299 124 60 27 13 5 1 
42384|Child_Cross21|26: 2252 673 284 121 59 27 13 5 1 
42385|Child_Cross21|54: 2237 767 299 124 63 27 13 5 1 
42394|Child_CrossABC2|8: 2293 792 292 123 63 27 13 5 1 
42402|Child_CrossABC1|1: 2278 871 292 124 63 27 13 5 1 
42403|Child_CrossABC2|2: 2304 892 293 132 63 27 13 5 1 
42408|Child_Cross12|37: 2277 656 286 110 63 27 13 5 1 
42409|Survivor|1|Mutated: 2277 722 286 110 63 27 13 5 1 
42443|Child_CrossABC2|8: 2256 696 284 111 63 27 13 5 1 
42518|Child_LevyABC1|5: 2831 832 360 151 71 30 12 5 1 
42529|Child_CrossABC1|1: 2733 830 359 137 70 30 11 5 1 
42533|Child_Avg|59: 3174 905 370 137 70 30 11 5 1 
42535|Child_Avg|59: 2798 835 359 134 70 30 11 5 1 
42540|Child_Cross21|34: 2722 823 391 131 67 30 12 5 1 
42546|Child_Cross12|33: 2814 849 368 131 67 29 11 5 1 
42552|Child_Avg|27: 2436 742 354 131 67 29 11 5 1 
42573|Survivor|1: 2437 742 331 118 67 24 11 5 1 
42577|Child_CrossABC1|1: 2437 742 331 118 62 24 11 5 1 
42580|Child_Cross12|45: 2437 736 339 118 62 24 11 5 1 
42624|Child_Avg|55: 5340 1713 670 304 119 67 23 10 4 1 
42649|Child_Cross12|5: 4052 1246 535 250 114 73 24 11 5 1 
42701|Survivor|1: 4052 1215 606 242 113 59 28 12 5 1 
42765|Survivor|1: 3656 1132 559 239 103 58 28 12 5 1 
42798|Child_Cross21|54: 3748 1133 537 246 89 29 16 5 1 
42801|Survivor|1: 2467 872 391 165 86 29 16 5 1 
42803|Child_CrossABC2|2: 2425 958 418 163 86 29 16 5 1 
42811|Survivor|1|Mutated: 2425 890 418 163 86 29 16 5 1 
42819|Child_LevyABC2|6: 2427 900 414 155 82 29 16 5 1 
42828|Child_Cross12|5: 2837 1045 483 147 82 29 16 5 1 
42832|Child_Cross21|2: 2307 793 345 135 77 27 13 5 1 
42837|Child_Avg|27|Mutated: 2440 734 353 163 72 31 14 5 1 
42838|Child_CrossABC2|8: 2135 807 315 137 79 26 14 5 1 
42839|Child_LevyP1|9: 2369 758 363 156 66 28 13 4 1 
42843|Child_LevyP2|10|Mutated: 2452 759 380 165 71 28 12 5 1 
42862|Child_Levy|4: 2304 717 356 155 73 29 13 6 1 
42872|Child_LevyP1|3: 2315 743 366 153 74 28 12 5 1 
42876|Child_CrossABC2|2: 2225 635 303 133 70 27 13 5 1 
42878|Child_Avg|7|Mutated: 1930 674 330 117 70 27 13 5 1 
42894|Child_CrossABC2|8: 2393 1009 318 157 81 32 13 5 1 
42924|Child_Cross21|14: 2657 1110 387 154 74 33 12 5 1 
42929|Child_Avg|55: 2347 865 349 148 73 30 12 5 1 
42930|Child_Cross21|2: 2287 823 341 144 74 31 14 5 1 
42933|Child_Levy|28: 2233 847 365 144 75 32 13 5 1 
42944|Child_CrossABC1|7: 2312 845 342 142 75 31 14 5 1 
42975|Child_Levy|24: 2429 809 310 127 72 30 11 5 1 
42982|Child_Avg|19: 2139 834 337 119 72 30 11 5 1 
42983|Child_Cross21|46: 2139 834 337 119 74 28 12 5 1 
42994|Child_CrossABC1|7: 2229 802 321 121 70 27 13 5 1 
42998|Child_CrossABC2|8: 2227 738 326 129 72 27 13 5 1 
43006|Child_CrossABC1|1: 2167 876 311 123 64 27 13 5 1 
43011|Child_Cross12|5: 2212 779 296 110 64 27 13 5 1 
43050|Survivor|1: 4147 1103 484 159 75 32 13 4 1 
43059|Child_Levy|36: 3848 964 431 160 72 31 14 5 1 
43076|Child_Avg|51: 2809 764 336 137 70 30 12 5 1 
43077|Child_Avg|43: 2760 811 325 141 70 30 12 5 1 
43091|Child_Cross12|33: 2703 815 325 132 70 30 13 5 1 
43092|Child_Avg|39: 2638 792 321 125 69 30 11 5 1 
43100|Child_Avg|39: 2648 795 320 124 70 30 11 5 1 
43101|Child_Cross12|33: 2717 788 317 123 70 30 11 5 1 
43145|Survivor|1: 2217 677 285 110 67 30 11 5 1 
43156|Survivor|1: 2283 673 278 121 66 28 12 5 1 
43170|Survivor|1: 2246 676 270 139 66 28 12 5 1 
43178|Child_Cross21|2: 2115 687 287 119 66 28 12 5 1 
43180|Survivor|1: 2141 678 279 125 66 28 12 5 1 
43205|Child_Levy|60: 2878 853 386 135 78 29 11 5 1 
43208|Survivor|1|Mutated: 2835 853 386 135 78 29 11 5 1 
43301|Child_Avg|23: 2418 965 400 197 79 29 14 4 1 
43417|Survivor|1: 2159 684 301 115 72 27 13 5 1 
43473|Survivor|1: 2128 695 319 121 79 28 12 5 1 
43480|Child_Avg|27: 2300 776 323 115 82 28 12 5 1 
43491|Survivor|1: 2231 722 295 113 87 28 12 5 1 
43494|Child_LevyABC2|12: 2414 806 297 139 86 28 12 5 1 
43502|Child_CrossABC2|2: 2162 771 318 169 86 28 12 5 1 
43504|Child_Avg|43: 2286 808 307 147 86 28 12 5 1 
43558|Child_CrossABC2|2: 2073 728 287 136 85 28 12 5 1 
43571|Child_CrossABC2|8: 2298 737 304 148 84 27 13 5 1 
43597|Child_LevyP1|3: 1922 845 308 149 61 30 12 5 1 
43605|Survivor|1: 1976 815 308 149 61 30 12 5 1 
43608|Child_Levy|12: 2077 787 299 135 64 30 12 5 1 
43609|Child_Cross12|33: 2185 743 333 133 62 30 12 5 1 
43612|Survivor|1: 2175 729 343 131 65 28 11 4 1 
43614|Child_CrossABC1|7: 2177 739 283 129 62 28 12 5 1 
43640|Child_Avg|3: 2686 1069 376 199 72 32 13 4 1 
43656|Child_LevyP1|3: 2701 1073 380 197 70 33 12 5 1 
43674|Child_Cross12|5: 3086 1076 450 187 67 32 13 4 1 
43678|Child_Levy|36: 3421 966 382 170 73 35 13 5 1 
43681|Child_CrossABC1|7: 2244 850 382 154 67 31 14 5 1 
43684|Child_Avg|23: 2770 857 369 145 67 32 13 5 1 
43686|Child_Cross12|53: 2955 895 371 133 67 31 14 5 1 
43691|Child_Cross21|42: 2745 836 355 133 65 30 12 5 1 
43693|Child_Cross12|45: 2594 893 368 132 58 27 13 5 1 
43694|Child_Cross12|13: 2392 845 355 133 65 29 14 4 1 
43699|Child_Avg|47: 2365 828 341 127 63 30 12 5 1 
43701|Child_Levy|20: 2455 830 352 131 65 28 12 5 1 
43707|Child_Avg|39: 2376 797 338 126 62 27 13 5 1 
43710|Child_Cross12|25: 2270 793 325 121 63 27 13 5 1 
43733|Child_Cross12|13: 2368 818 315 114 65 28 11 4 1 
43740|Survivor|1: 2368 818 331 114 65 28 11 4 1 
43811|Child_Levy|8: 2880 869 340 166 82 33 12 5 1 
43815|Child_Cross12|21: 2809 857 343 161 82 33 12 5 1 
43826|Child_Cross12|9: 2807 1022 323 149 77 33 12 5 1 
43834|Child_Levy|60: 2296 856 297 137 78 29 11 5 1 
43845|Child_CrossABC2|8: 2241 802 317 131 77 30 11 5 1 
43851|Child_CrossABC1|1: 2131 786 270 128 61 30 11 5 1 
43855|Child_Cross21|34: 2221 872 284 118 61 30 11 5 1 
43870|Child_LevyP2|4: 2037 770 297 122 66 30 11 5 1 
43947|Child_LevyABC1|5|Mutated: 1887 695 292 137 70 30 11 5 1 
43957|Survivor|1: 1874 737 289 131 70 29 11 5 1 
43962|Survivor|1: 1862 737 289 131 70 29 11 5 1 
43971|Child_CrossABC2|2: 1863 737 289 131 70 29 11 5 1 
43979|Child_Avg|27: 1900 737 290 131 70 29 11 5 1 
43980|Child_Cross12|5|Mutated: 1900 766 290 131 70 29 11 5 1 
43993|Survivor|1: 1849 732 280 119 69 28 12 5 1 
43998|Survivor|1: 1851 738 280 119 69 28 12 5 1 
44088|Survivor|1|Mutated: 2145 812 349 150 76 34 11 5 1 
44098|Survivor|1: 2642 792 330 121 67 30 11 5 1 
44167|Child_Levy|4: 3083 958 356 157 78 28 13 4 1 
44194|Survivor|1: 2183 725 280 137 64 24 11 5 1 
44200|Survivor|1: 2150 745 319 122 71 30 12 5 1 
44233|Child_Avg|19: 2880 984 379 172 92 31 14 5 1 
44237|Survivor|1|Mutated: 2880 949 399 172 92 31 14 6 1 
44245|Child_CrossABC2|8: 2543 875 341 167 84 31 14 5 1 
44265|Survivor|1: 1865 799 331 155 83 30 13 5 1 
44266|Child_Cross21|26: 2071 874 319 135 78 31 14 5 1 
44273|Child_LevyABC1|5: 1975 743 297 144 73 27 13 5 1 
44287|Child_CrossABC2|2: 2094 712 301 121 75 28 11 4 1 
44323|Child_Avg|43: 2542 905 372 159 68 32 11 4 1 
44334|Survivor|1: 2107 833 355 150 69 32 11 4 1 
44342|Child_Avg|39: 2057 812 355 145 68 32 11 4 1 
44344|Child_CrossABC2|2: 2069 801 355 145 68 32 11 4 1 
44423|Child_CrossABC2|8: 3508 1306 570 267 106 62 24 11 5 1 
44426|Child_LevyP2|4|Mutated: 3752 1348 610 257 116 51 24 11 4 1 
44443|Child_Cross21|18: 3888 1264 569 243 103 51 24 11 4 1 
44467|Child_Avg|15: 2074 714 311 131 70 27 13 5 1 
44469|Child_Cross21|38: 2100 755 313 131 70 27 13 5 1 
44481|Survivor|1|Mutated: 1879 744 309 138 79 30 13 5 1 
44485|Child_Levy|40: 2087 700 313 133 78 28 12 5 1 
44509|Child_CrossABC1|7: 2194 689 327 155 79 28 12 5 1 
44534|Child_CrossABC1|7: 1946 727 304 109 75 28 12 5 1 
44540|Survivor|1: 2252 727 304 109 75 28 12 5 1 
44547|Child_Cross12|29: 2374 727 304 109 75 28 12 5 1 
44548|Child_Cross21|54: 2261 727 304 109 75 28 12 5 1 
44549|Child_Avg|15: 2317 727 304 109 75 28 12 5 1 
44551|Child_Avg|43: 2251 727 304 109 75 28 12 5 1 
44554|Child_Cross21|58: 2253 727 304 109 75 28 12 5 1 
44555|Child_Cross12|37: 2271 727 304 109 75 28 12 5 1 
44557|Child_CrossABC1|7: 2384 727 304 109 75 28 12 5 1 
44558|Child_Cross21|30: 2329 727 304 109 75 28 12 5 1 
44562|Child_Cross21|18: 2339 727 304 109 75 28 12 5 1 
44566|Child_Avg|15: 2306 727 304 109 75 28 12 5 1 
44572|Child_Cross12|37: 2263 727 304 109 75 28 12 5 1 
44573|Child_Avg|19: 2265 727 304 109 75 28 12 5 1 
44577|Child_Cross12|49: 2230 727 304 109 75 28 12 5 1 
44579|Child_Cross21|34: 2286 727 304 109 75 28 12 5 1 
44582|Child_Cross12|37: 2284 727 304 109 75 28 12 5 1 
44587|Child_Avg|7: 2241 727 304 109 75 28 12 5 1 
44599|Child_Cross21|34: 2208 727 304 109 75 28 12 5 1 
44611|Child_Cross21|26: 2240 727 304 109 75 28 12 5 1 
44620|Child_Cross12|17: 2231 727 304 109 75 28 12 5 1 
44625|Child_Cross12|53: 2232 727 304 109 75 28 12 5 1 
44630|Child_Avg|55: 2226 795 304 109 75 28 12 5 1 
44646|Child_Cross21|46: 2240 727 307 109 75 28 12 5 1 
44649|Child_Cross12|25: 2275 727 304 109 75 28 12 5 1 
44707|Child_CrossABC1|7: 2679 993 402 147 68 30 12 5 1 
44710|Child_Levy|16: 2749 803 343 140 67 30 11 5 1 
44720|Child_CrossABC2|2: 2295 694 275 132 67 30 11 5 1 
44726|Survivor|1: 2130 690 277 121 67 30 11 5 1 
44741|Child_Cross21|30: 2121 774 290 119 65 28 12 5 1 
44825|Child_Levy|20: 2203 853 299 128 69 30 11 5 1 
44842|Child_Avg|35: 2288 935 312 137 72 30 11 5 1 
44845|Child_Avg|19: 2088 853 316 142 69 30 11 4 1 
44846|Child_Avg|43: 2030 849 297 133 69 30 11 5 1 
44861|Survivor|1: 1907 828 339 131 69 30 11 5 1 
44863|Child_CrossABC2|8: 1852 814 337 144 69 30 11 5 1 
44865|Child_Avg|3: 1949 838 341 128 69 30 11 5 1 
44874|Survivor|1: 1933 827 347 122 69 30 11 5 1 
44883|Survivor|1: 1936 839 353 122 69 30 11 5 1 
44913|Survivor|1: 2303 827 340 129 75 30 11 5 1 
44984|Survivor|1: 2762 759 322 149 85 35 12 5 1 
44986|Child_Cross12|17: 2820 913 403 139 85 35 12 5 1 
44994|Child_Levy|24: 2845 910 409 140 80 33 12 5 1 
45021|Child_Avg|11: 2941 856 365 142 82 32 13 5 1 
45046|Survivor|1: 2240 958 306 131 81 32 13 4 1 
45051|Child_LevyP1|3: 2233 816 310 132 81 28 12 5 1 
45110|Child_Cross21|26: 2395 711 324 113 79 28 12 5 1 
45133|Child_CrossABC1|7: 1851 780 310 137 69 28 11 4 1 
45134|Child_CrossABC2|8: 2385 832 308 150 69 28 11 4 1 
45145|Survivor|1: 2212 797 269 154 69 28 11 4 1 
45150|Child_Cross12|9: 2214 792 282 143 69 28 11 4 1 
45164|Survivor|1: 2155 665 279 158 69 28 11 4 1 
45199|Survivor|1: 2102 687 278 117 65 23 12 5 1 
45234|Child_Cross12|1: 2302 783 286 128 69 28 11 4 1 
45236|Child_Cross21|38: 2410 806 293 137 71 28 11 4 1 
45242|Child_Cross21|42: 2116 753 311 127 73 28 12 5 1 
45244|Child_Cross21|54: 2253 775 318 122 69 28 11 4 1 
45249|Child_Levy|24: 2213 752 312 119 66 28 11 4 1 
45250|Child_CrossABC2|2: 2271 766 314 123 65 28 11 4 1 
45253|Child_Levy|16: 2690 897 369 134 72 27 13 5 1 
45260|Survivor|1|Mutated: 2585 897 369 134 72 27 13 5 1 
45272|Child_Levy|28: 2222 829 319 132 71 28 12 5 1 
45274|Child_Levy|44: 2248 854 321 131 74 28 12 5 1 
45275|Survivor|1|Mutated: 2248 854 306 131 74 28 12 5 1 
45361|Child_Avg|31: 2649 833 354 138 71 33 12 5 1 
45372|Survivor|1|Mutated: 2843 833 354 138 71 33 12 5 1 
45374|Survivor|1: 2822 985 400 158 71 33 12 5 1 
45464|Survivor|1: 2046 748 297 113 59 28 12 5 1 
45501|Child_LevyP2|4: 1947 733 313 127 67 24 11 4 1 
45510|Child_CrossABC1|7: 1917 732 307 131 66 28 12 5 1 
45538|Child_Avg|11: 2042 751 284 123 65 28 11 4 1 
45630|Survivor|1: 2183 746 284 121 62 29 9 4 1 
45647|Child_Cross12|37: 2199 723 317 123 63 28 11 4 1 
45680|Child_Levy|40: 2051 747 306 128 77 30 11 5 1 
45737|Child_CrossABC2|2: 6020 1746 591 251 128 63 25 11 5 1 
45748|Child_LevyP2|10: 7809 1730 599 249 126 61 23 10 6 1 
45775|Child_Avg|31: 7201 2044 625 270 109 59 21 10 4 1 
45867|Child_LevyP2|10: 3061 722 299 136 59 28 12 5 1 
45871|Child_Avg|27|Mutated: 2264 783 314 139 59 28 11 4 1 
45915|Child_LevyP1|9: 2410 925 292 135 74 28 12 5 1 
45929|Child_CrossABC2|8: 2167 745 277 130 73 27 13 5 1 
45932|Child_Avg|39: 2159 745 272 129 73 27 13 5 1 
45981|Child_Avg|3: 2170 770 333 128 71 29 10 4 1 
46020|Child_Levy|40: 2741 959 353 183 72 30 11 5 1 
46022|Child_CrossABC2|2: 2200 1013 374 164 69 30 11 5 1 
46023|Child_Cross12|29: 2132 759 326 122 69 30 11 5 1 
46053|Child_Cross21|22: 2801 964 393 140 79 33 12 5 1 
46069|Survivor|1: 2328 908 346 129 80 35 13 5 1 
46079|Child_LevyP1|9|Mutated: 2293 875 356 130 76 35 12 5 1 
46152|Survivor|1: 2175 731 352 137 85 35 12 5 1 
46159|Child_CrossABC1|7: 2428 805 343 143 85 35 13 5 1 
46176|Child_CrossABC1|1: 2447 804 351 138 85 35 12 5 1 
46186|Child_CrossABC2|8: 2468 824 365 137 85 35 12 5 1 
46187|Child_Avg|43: 2449 804 354 137 85 35 12 5 1 
46201|Child_CrossABC1|7: 2820 803 347 148 85 35 12 5 1 
46202|Child_CrossABC1|1: 2625 804 346 152 85 35 12 5 1 
46209|Child_Avg|3: 2345 816 349 139 78 35 12 5 1 
46210|Child_Avg|27: 2345 816 349 139 75 35 13 5 1 
46213|Child_CrossABC1|7: 2711 806 351 127 78 35 12 5 1 
46214|Child_CrossABC2|2: 2603 803 349 138 76 35 13 5 1 
46244|Survivor|1: 1957 767 335 121 72 32 13 4 1 
46247|Child_CrossABC2|8: 2189 779 317 114 72 32 13 4 1 
46285|Child_Levy|40: 3195 914 377 161 73 27 14 4 1 
46289|Child_Cross12|33: 2708 878 387 160 77 28 13 4 1 
46291|Child_LevyP2|4: 2681 870 360 161 77 30 14 5 1 
46294|Child_Levy|56: 2378 826 349 147 80 30 11 5 1 
46308|Survivor|1|Mutated: 2202 826 352 147 80 30 12 5 1 
46309|Child_LevyP1|3: 2206 835 369 138 79 29 13 6 1 
46343|Child_Levy|44: 2100 801 342 125 73 30 12 5 1 
46345|Survivor|1: 2244 818 343 139 86 30 12 5 1 
46372|Survivor|1: 2077 751 385 125 69 30 11 5 1 
46376|Child_CrossABC1|7: 2080 759 367 131 69 30 11 5 1 
46382|Child_Cross21|38: 1852 710 337 122 69 30 11 5 1 
46459|Child_Cross12|13: 1870 792 326 121 69 29 13 6 1 
46465|Child_Cross21|42: 2190 750 306 117 67 30 11 5 1 
46469|Child_Cross12|25: 2101 813 310 115 66 29 11 5 1 
46474|Child_Avg|19: 2128 849 327 113 64 28 11 4 1 
46521|Survivor|1: 4120 1347 543 266 124 70 30 11 5 1 
46594|Child_Cross21|30: 4071 1574 643 257 114 65 28 11 4 1 
46610|Child_Avg|23|Mutated: 2602 848 377 163 74 29 11 5 1 
46628|Child_CrossABC1|7: 2755 851 379 158 74 29 11 5 1 
46631|Child_CrossABC2|2: 2715 851 378 157 74 29 11 5 1 
46633|Child_Cross21|42: 2737 851 378 157 74 29 11 5 1 
46643|Child_CrossABC2|8: 2793 815 387 167 74 29 11 5 1 
46647|Survivor|1: 3148 897 341 151 72 28 13 4 1 
46649|Child_LevyP2|10: 2253 708 318 151 73 30 11 5 1 
46656|Survivor|1: 2208 726 313 139 73 30 11 5 1 
46657|Child_Levy|52: 2024 733 320 137 71 29 10 6 1 
46663|Survivor|1: 1908 705 289 133 66 27 10 4 1 
46664|Child_Cross21|18: 2026 719 305 128 66 27 10 4 1 
46684|Survivor|1: 2099 703 300 119 66 27 10 4 1 
46691|Child_LevyP1|3|Mutated: 2105 692 297 129 74 28 12 5 1 
46746|Survivor|1: 2272 671 344 113 64 24 11 5 1 
46870|Child_Avg|7: 2623 937 342 138 85 28 11 4 1 
46882|Child_Levy|48: 2208 859 293 142 68 25 11 5 1 
46891|Child_Cross21|54: 2220 780 292 123 68 25 11 5 1 
46898|Child_Cross12|21: 2257 809 296 120 68 25 11 5 1 
46908|Survivor|1: 2108 758 282 115 66 24 11 5 1 
46981|Child_Levy|4: 2944 1100 412 168 81 36 14 5 1 
46985|Child_Avg|19: 2877 934 378 176 81 35 13 5 1 
47007|Child_Avg|19: 2203 848 308 133 79 35 12 5 1 
47014|Survivor|1: 2174 833 331 139 77 35 13 5 1 
47017|Child_LevyP2|4: 2191 859 340 135 58 30 12 5 1 
47024|Child_Avg|35: 1974 757 322 133 62 30 11 5 1 
47054|Survivor|1: 1867 774 292 123 61 29 10 4 1 
47059|Survivor|1: 1868 775 292 123 61 29 10 4 1 
47070|Child_LevyP1|3: 1845 765 296 125 69 30 11 5 1 
47238|Child_LevyP1|9|Mutated: 2508 915 506 207 81 33 14 6 1 
47239|Child_LevyP2|4|Mutated: 2325 883 372 143 89 30 11 5 1 
47298|Survivor|1: 4141 1815 603 294 134 60 28 11 4 1 
47301|Survivor|1: 2138 747 360 149 79 28 13 4 1 
47302|Child_LevyABC2|6: 2065 799 342 134 77 28 11 4 1 
47303|Child_Cross12|9: 2065 799 342 134 75 28 13 4 1 
47307|Child_Cross21|58|Mutated: 2065 799 342 134 77 28 12 5 1 
47309|Child_CrossABC2|8: 2120 856 344 135 78 28 12 5 1 
47320|Child_Avg|7: 2143 864 349 131 77 28 12 5 1 
47325|Child_Cross12|57: 1884 689 311 121 75 28 12 5 1 
47326|Child_Cross12|9: 1899 690 332 121 75 28 12 5 1 
47351|Child_Cross12|5: 1917 721 310 113 75 27 13 5 1 
47367|Survivor|1: 2167 716 308 112 75 27 13 5 1 
47368|Child_CrossABC1|7: 2109 715 308 125 74 27 13 5 1 
47371|Survivor|1: 2288 715 308 112 75 27 13 5 1 
47499|Child_Avg|23: 2118 903 446 158 74 31 14 4 1 
47505|Child_Cross21|50: 2167 838 390 145 76 35 13 5 1 
47518|Child_LevyP2|4: 2862 1039 361 161 77 33 12 5 1 
47521|Child_Levy|24: 2905 907 410 149 73 29 13 6 1 
47525|Child_Avg|11: 2250 775 356 134 69 30 11 5 1 
47526|Child_Avg|51|Mutated: 2324 845 337 139 71 30 13 5 1 
47545|Child_Avg|39: 2203 779 318 128 71 30 13 5 1 
47546|Child_Cross12|49: 2171 808 367 130 71 29 11 5 1 
47654|Survivor|1|Mutated: 6382 2073 735 388 182 71 30 14 5 1 
47656|Child_Cross21|42: 6381 2074 734 324 181 71 30 14 5 1 
47657|Survivor|1|Mutated: 6381 2074 734 320 181 71 30 14 5 1 
47668|Child_CrossABC1|1: 1739 685 338 135 69 28 12 5 1 
47670|Child_Cross21|18: 1813 665 340 135 69 28 12 5 1 
47673|Child_Cross12|25|Mutated: 1836 643 342 131 69 28 12 5 1 
47675|Child_CrossABC2|2: 1836 632 340 135 69 28 12 5 1 
47703|Child_Avg|23: 2562 1087 493 209 90 40 12 5 1 
47712|Child_Levy|16: 2377 842 364 144 77 35 11 5 1 
47723|Child_CrossABC2|2: 2325 831 342 142 76 35 11 5 1 
47762|Survivor|1: 2238 750 338 131 80 24 11 5 1 
47778|Survivor|1: 1995 749 316 137 77 27 13 5 1 
47871|Child_CrossABC2|8: 1806 667 284 119 59 28 11 4 1 
47875|Child_Avg|19: 1803 695 284 119 59 28 11 4 1 
47879|Child_Avg|15: 1807 667 284 119 59 28 11 4 1 
47882|Child_Cross12|21|Mutated: 1845 667 284 119 59 28 11 4 1 
47883|Child_Cross12|49: 2163 667 284 119 59 28 11 4 1 
47884|Child_Cross21|38: 1820 667 284 119 59 28 11 4 1 
47886|Child_Avg|35: 1819 667 284 119 59 28 11 4 1 
47888|Child_Cross21|18: 1847 667 284 119 59 28 11 4 1 
47889|Child_Avg|51: 1832 667 284 119 59 28 11 4 1 
47899|Child_Cross21|42: 1839 667 284 119 59 28 11 4 1 
47901|Child_Cross12|45: 2177 667 284 119 59 28 11 4 1 
47904|Child_Cross21|54|Mutated: 1813 667 284 119 59 28 11 4 1 
47906|Child_Cross12|57: 1845 667 284 119 60 28 11 4 1 
47908|Child_CrossABC2|8: 1799 667 284 119 59 28 11 4 1 
47910|Child_Cross21|2: 1865 667 284 119 60 28 11 4 1 
47913|Child_Cross21|14: 1812 667 284 119 59 28 11 4 1 
47917|Child_Cross12|37: 1865 667 284 119 59 28 11 4 1 
47922|Child_Cross12|41: 1840 667 284 119 59 28 11 4 1 
47926|Child_Avg|27: 1852 667 284 119 59 28 11 4 1 
47941|Child_Cross21|6: 1794 667 284 119 59 28 11 4 1 
47943|Child_Cross21|18: 2183 667 284 119 59 28 11 4 1 
47950|Child_Cross21|50: 1825 667 284 119 59 28 11 4 1 
47958|Child_CrossABC2|2: 2170 667 284 119 59 28 11 4 1 
47959|Child_Cross12|45: 2131 667 284 119 59 28 11 4 1 
47961|Child_Avg|43: 2150 667 284 119 59 28 11 4 1 
47969|Child_Avg|11: 1853 667 284 119 59 28 11 4 1 
47970|Child_Cross12|41: 2188 667 284 119 59 28 11 4 1 
47971|Child_Cross12|1: 2157 667 284 119 59 28 11 4 1 
47979|Child_Cross12|45: 2162 667 284 119 59 28 11 4 1 
47982|Child_Cross21|22: 2182 667 284 119 59 28 11 4 1 
47984|Child_Cross21|46: 2149 667 284 119 59 28 11 4 1 
47992|Child_Cross21|14: 2136 667 284 119 59 28 11 4 1 
47993|Child_Cross21|54: 2137 667 284 119 59 28 11 4 1 
48010|Child_Avg|11: 2236 667 284 119 59 28 11 4 1 
48011|Child_Avg|11: 2202 667 284 119 59 28 11 4 1 
48012|Child_Cross12|13: 2248 667 284 119 59 28 11 4 1 
48016|Child_CrossABC2|8: 2230 667 284 119 59 28 11 4 1 
48018|Child_Cross12|45: 2222 667 284 119 59 28 11 4 1 
48021|Child_Avg|19: 2228 667 284 119 59 28 11 4 1 
48022|Child_Cross12|45: 2269 667 284 119 59 28 11 4 1 
48027|Child_Avg|51: 2223 667 284 119 59 28 11 4 1 
48029|Child_Cross12|37|Mutated: 2249 667 284 119 59 28 11 4 1 
48030|Child_Cross21|30: 2195 667 284 119 59 28 11 4 1 
48034|Child_Cross12|9: 2203 667 284 119 59 28 11 4 1 
48037|Child_Avg|47: 2235 667 284 119 59 28 11 4 1 
48047|Child_Cross21|30: 2216 667 284 119 59 28 11 4 1 
48049|Child_CrossABC2|2: 2215 667 284 119 59 28 11 4 1 
48057|Child_Avg|43: 2224 667 284 119 59 28 11 4 1 
48058|Child_Cross12|41: 2208 667 284 119 59 28 11 4 1 
48059|Child_Avg|51: 2229 667 284 119 59 28 11 4 1 
48086|Child_Avg|19: 2190 667 284 119 59 28 11 4 1 
48130|Child_Avg|19: 2219 679 293 119 71 28 11 4 1 
48132|Child_CrossABC1|1: 2221 680 305 119 71 28 11 4 1 
48236|Child_Cross12|53|Mutated: 2131 776 343 134 58 24 11 5 1 
48254|Child_Avg|35: 2051 713 291 122 57 23 10 4 1 
48305|Child_Cross21|22: 2300 734 309 117 71 28 11 4 1 
48319|Survivor|1: 2234 728 302 112 63 27 10 4 1 
48370|Child_CrossABC1|7: 2110 838 355 157 77 27 13 5 1 
48383|Child_Avg|3|Mutated: 1947 726 295 139 77 27 13 5 1 
48392|Survivor|1|Mutated: 1977 726 295 139 77 27 13 5 1 
48394|Survivor|1|Mutated: 1977 745 295 139 77 27 13 5 1 
48419|Child_Cross12|41: 2131 755 334 125 77 27 13 5 1 
48433|Child_CrossABC2|2: 2131 806 334 125 77 27 13 5 1 
48438|Child_Cross12|9: 2125 790 334 124 77 27 13 5 1 
48442|Child_Avg|43: 2256 807 323 116 73 27 13 5 1 
48446|Child_CrossABC2|8: 2175 813 328 119 70 27 13 5 1 
48462|Child_Cross21|58: 2202 842 320 107 69 28 12 5 1 
48471|Child_Cross21|50: 2186 831 320 107 69 28 12 5 1 
48484|Survivor|1: 2184 837 320 112 68 25 11 5 1 
48513|Child_CrossABC2|2: 4874 1534 580 275 111 62 23 12 5 1 
48517|Child_Cross12|45: 4543 1450 561 259 106 62 23 12 5 1 
48524|Survivor|1: 4369 1410 547 258 105 62 23 12 5 1 
48566|Survivor|1|Mutated: 4035 1272 546 250 89 61 23 12 5 1 
48592|Survivor|1: 2583 880 373 167 93 43 13 5 1 
48601|Survivor|1: 2251 776 340 150 88 35 12 5 1 
48606|Child_Cross21|58: 2212 781 329 142 87 35 12 5 1 
48612|Child_Avg|47|Mutated: 2243 802 336 132 86 35 13 5 1 
48614|Child_Avg|55: 2199 784 331 143 86 30 11 5 1 
48616|Child_Cross21|22: 2150 783 332 137 86 30 11 5 1 
48623|Child_Cross12|57: 2210 818 328 131 86 28 12 5 1 
48653|Survivor|1: 2100 797 308 119 67 23 10 4 1 
48679|Survivor|1: 2155 777 289 114 64 24 9 4 1 
48738|Survivor|1: 2364 735 336 134 59 29 9 4 1 
48812|Child_LevyABC1|11: 2616 1085 384 165 79 28 12 5 1 
48830|Child_Avg|7: 2196 877 321 150 74 28 11 4 1 
48838|Child_Cross12|13: 2152 799 301 129 83 28 12 5 1 
48840|Child_CrossABC2|2: 2202 815 323 127 75 28 11 4 1 
48857|Child_Levy|36: 2126 794 320 121 74 28 12 5 1 
48870|Survivor|1: 2362 766 309 117 72 26 14 5 1 
48970|Child_Levy|40: 2828 834 367 151 77 35 11 5 1 
48982|Child_Avg|15: 2471 784 306 126 74 35 12 5 1 
48986|Child_Cross12|13: 2428 791 303 125 76 35 12 5 1 
48991|Child_CrossABC2|2: 2179 826 326 156 75 32 13 5 1 
48992|Child_CrossABC2|2: 2161 798 344 165 75 32 13 5 1 
49001|Child_Cross21|50: 2270 810 334 143 75 32 13 4 1 
49011|Child_CrossABC2|2: 2191 836 341 162 75 32 13 4 1 
49021|Survivor|1|Mutated: 2191 985 341 162 75 32 13 4 1 
49026|Child_Levy|44: 2311 952 342 155 76 33 12 5 1 
49043|Child_LevyABC1|5: 2364 933 348 154 73 34 11 4 1 
49047|Child_Avg|3: 2142 818 323 142 75 32 13 4 1 
49052|Survivor|1|Mutated: 2142 818 323 143 75 32 13 4 1 
49063|Child_Avg|31: 2158 797 314 130 74 32 13 4 1 
49068|Child_Cross21|42: 2161 812 310 126 74 31 14 5 1 
49073|Survivor|1: 2172 802 308 125 72 31 14 4 1 
49076|Child_Cross12|13: 2132 807 286 127 72 30 11 5 1 
49078|Child_Cross12|37: 2238 859 309 121 71 30 12 5 1 
49083|Child_CrossABC1|7: 2202 892 309 121 71 30 12 5 1 
49087|Child_Avg|39: 2202 815 319 121 70 30 12 5 1 
49089|Child_Cross21|34: 2188 799 318 121 70 30 11 5 1 
49090|Child_Cross12|29: 2203 837 309 121 71 30 12 5 1 
49093|Child_Cross21|34: 2200 835 318 121 71 30 12 5 1 
49097|Child_Cross12|5: 2194 853 309 121 71 30 12 5 1 
49101|Child_Cross21|14: 2202 821 309 121 71 30 12 5 1 
49102|Child_Cross21|58: 2188 799 318 121 70 30 12 5 1 
49116|Child_Cross12|25: 2202 839 316 121 71 30 12 5 1 
49123|Child_Cross21|30|Mutated: 2199 828 316 121 71 30 12 5 1 
49124|Child_Cross21|34|Mutated: 2219 835 318 121 71 30 12 5 1 
49127|Child_Avg|59: 2193 835 318 121 71 30 12 5 1 
49128|Child_Cross12|45: 2205 835 318 121 71 30 12 5 1 
49134|Child_Cross21|54: 2198 835 318 121 71 30 12 5 1 
49139|Child_Cross21|10: 2207 835 318 121 71 30 12 5 1 
49142|Child_Avg|59: 2203 835 318 121 71 30 12 5 1 
49143|Child_Cross21|42: 2243 835 318 121 71 30 12 5 1 
49144|Child_Cross21|58: 2217 835 318 121 71 30 12 5 1 
49145|Child_Cross12|17: 2245 835 318 121 71 30 12 5 1 
49154|Child_Cross12|29: 2215 835 318 121 71 30 12 5 1 
49158|Child_Avg|31: 2231 835 318 121 71 30 12 5 1 
49160|Child_Cross21|38: 2217 835 318 121 71 28 12 5 1 
49164|Child_Cross21|2: 2203 835 318 121 71 28 12 5 1 
49165|Child_Cross12|37: 2205 835 318 121 71 28 12 5 1 
49166|Child_Cross21|10: 2210 835 318 121 71 28 12 5 1 
49167|Child_Cross12|5: 2227 835 318 121 71 28 12 5 1 
49168|Child_Cross21|6: 2274 835 318 121 71 28 12 5 1 
49174|Child_Cross21|58: 2243 835 318 121 71 28 12 5 1 
49175|Child_Cross12|29: 2212 835 318 121 71 28 12 5 1 
49178|Child_Cross12|37: 2231 835 318 121 71 28 12 5 1 
49179|Child_Avg|59|Mutated: 2219 835 375 137 71 28 12 5 1 
49184|Child_Cross12|29: 2219 835 318 121 71 28 12 5 1 
49194|Child_Cross12|21: 2238 835 318 121 71 28 12 5 1 
49210|Child_Avg|43: 2208 835 318 121 71 28 12 5 1 
49216|Child_Cross21|6: 2200 835 318 121 71 28 12 5 1 
49217|Child_Avg|31: 2208 834 318 121 71 28 12 5 1 
49219|Child_Avg|31: 2203 834 318 121 71 28 12 5 1 
49223|Child_Cross21|30: 2251 834 318 121 71 28 12 5 1 
49224|Child_CrossABC2|2: 2285 834 318 121 71 28 12 5 1 
49225|Child_Cross12|37: 2252 834 318 121 71 28 12 5 1 
49226|Child_Cross21|46: 2219 834 318 121 71 28 12 5 1 
49227|Child_Avg|19: 2235 834 318 121 71 28 12 5 1 
49228|Child_CrossABC1|7: 2219 887 318 121 71 28 12 5 1 
49230|Child_Avg|11: 2225 834 318 121 71 28 12 5 1 
49231|Child_Avg|55: 2247 834 318 121 71 28 12 5 1 
49232|Child_Cross12|37: 2246 834 318 121 71 28 12 5 1 
49233|Child_Cross21|50: 2245 834 318 121 71 28 12 5 1 
49234|Child_Cross12|13: 2240 834 318 121 71 28 12 5 1 
49236|Child_Cross12|37: 2231 834 318 121 71 28 12 5 1 
49237|Child_Avg|19: 2236 834 318 121 71 28 12 5 1 
49239|Child_Cross12|13: 2224 834 318 121 71 28 12 5 1 
49241|Child_Cross21|58: 2237 834 318 121 71 28 12 5 1 
49243|Child_Cross12|53: 2241 834 318 121 71 28 12 5 1 
49263|Child_Cross12|13: 2237 830 318 121 71 28 12 5 1 
49280|Child_Cross12|33: 2256 834 315 118 70 27 13 5 1 
49293|Survivor|1: 2142 797 294 119 70 27 13 5 1 
49297|Child_Avg|31: 2078 767 294 117 70 27 13 5 1 
49313|Child_CrossABC1|7: 2003 824 299 117 70 27 13 5 1 
49335|Survivor|1: 2189 883 285 121 72 27 13 5 1 
49368|Child_Avg|43: 2137 832 306 117 60 28 11 4 1 
49372|Child_Cross21|34: 1865 760 323 118 64 24 11 4 1 
49384|Survivor|1|Mutated: 1865 760 309 118 64 24 11 4 1 
49520|Child_Levy|32: 2061 732 369 142 72 30 11 5 1 
49533|Child_Avg|39: 2059 732 383 155 70 30 11 5 1 
49542|Survivor|1: 1990 703 302 132 67 28 12 5 1 
49570|Survivor|1: 1893 711 326 116 68 25 11 5 1 
49578|Child_Levy|36|Mutated: 2137 833 323 124 70 30 11 5 1 
49737|Child_Avg|23|Mutated: 2287 766 370 156 79 33 12 5 1 
49751|Child_Levy|16: 1932 745 319 126 69 28 11 4 1 
49768|Child_Levy|52|Mutated: 2089 775 327 137 71 24 11 5 1 
49775|Child_CrossABC2|8: 2092 768 333 146 71 24 11 5 1 
49783|Survivor|1: 2334 754 311 114 71 24 11 5 1 
49811|Survivor|1: 1804 689 289 118 64 24 11 5 1 
49829|Child_Avg|59: 2662 865 350 142 69 25 9 5 1 
49845|Child_Avg|19: 2456 808 361 178 69 25 9 5 1 
49918|Child_Cross12|45: 2754 818 435 167 82 29 14 6 1 
49921|Child_Levy|60: 2214 764 326 138 79 26 14 5 1 
49945|Child_CrossABC1|1: 2262 785 342 152 79 26 14 5 1 
49946|Child_CrossABC1|7: 2062 860 335 139 79 26 14 5 1 
49948|Child_Avg|35: 2115 690 346 149 79 26 14 5 1 
49976|Child_CrossABC1|1: 2111 816 317 153 79 26 14 5 1 
49988|Child_Avg|55: 2037 780 313 143 83 26 14 5 1 
50067|Child_Avg|43: 2117 851 363 161 74 31 14 5 1 
50075|Child_CrossABC2|2: 2119 903 362 149 74 31 14 5 1 
50076|Child_CrossABC2|2: 2119 869 364 152 74 31 14 5 1 
50077|Child_CrossABC1|7: 2119 896 363 149 74 31 14 5 1 
50078|Survivor|1|Mutated: 2119 896 363 169 74 31 14 5 1 
50091|Survivor|1|Mutated: 2119 1034 363 169 74 31 14 5 1 
50096|Child_CrossABC1|1: 2194 842 383 198 75 32 13 5 1 
50102|Child_Avg|7: 2533 869 347 131 75 31 14 5 1 
50104|Child_LevyP2|4: 2152 828 379 154 72 29 13 6 1 
50105|Child_LevyP2|4: 2050 869 375 123 74 28 12 5 1 
50117|Child_Cross21|38: 2326 905 402 121 71 28 12 5 1 
50119|Child_Cross21|54: 2106 855 361 121 71 28 12 5 1 
50124|Child_CrossABC2|8: 2281 830 314 120 71 28 12 5 1 
50132|Child_Cross21|22: 2136 850 350 120 71 28 12 5 1 
50135|Child_Cross21|58: 2266 865 334 117 71 28 12 5 1 
50141|Child_Cross21|50: 2292 878 332 117 71 28 12 5 1 
50143|Child_Cross12|45: 2264 828 340 117 71 28 12 5 1 
50147|Child_CrossABC2|2: 2286 863 334 117 71 28 12 5 1 
50149|Child_CrossABC1|7: 2292 884 332 117 71 28 12 5 1 
50173|Survivor|1: 2285 929 334 123 75 29 11 5 1 
50240|Child_Cross21|42: 2782 853 354 171 77 28 13 4 1 
50244|Child_Cross21|6: 2625 866 312 133 71 30 12 5 1 
50335|Child_Levy|20: 2851 999 431 176 76 37 14 4 1 
50351|Child_Avg|35: 2275 886 348 149 72 35 12 5 1 
50367|Child_LevyABC1|11: 2263 817 333 141 79 29 13 6 1 
50383|Child_Avg|31: 2262 829 324 131 77 28 12 5 1 
50390|Child_CrossABC2|8: 2277 820 370 137 79 28 12 5 1 
50400|Child_CrossABC1|7: 2198 778 300 121 83 28 12 5 1 
50424|Survivor|1: 2220 800 303 115 82 28 12 5 1 
50433|Child_LevyP1|9: 2213 704 335 160 72 30 11 6 1 
50445|Child_CrossABC2|8: 2311 745 307 119 71 29 11 5 1 
50450|Child_CrossABC2|8: 2180 730 307 119 71 29 11 5 1 
50468|Survivor|1: 1830 738 307 119 71 29 11 5 1 
50471|Child_Cross12|33: 1836 734 307 119 71 29 11 5 1 
50474|Child_CrossABC2|8: 1862 734 307 119 71 29 11 5 1 
50477|Survivor|1: 1838 734 307 119 71 29 11 5 1 
50524|Survivor|1: 2171 735 317 123 68 32 11 4 1 
50595|Survivor|1: 2992 1216 395 154 81 32 11 4 1 
50613|Child_Levy|24: 2172 859 309 121 71 30 12 5 1 
50670|Child_LevyABC2|6: 2152 879 302 143 72 26 14 5 1 
50691|Child_Avg|43: 2233 782 322 133 75 27 13 5 1 
50702|Survivor|1: 2242 807 326 130 75 27 13 5 1 
50709|Child_CrossABC2|8: 2272 860 302 134 75 27 13 5 1 
50712|Survivor|1: 2201 821 299 128 73 27 13 5 1 
50713|Child_CrossABC1|1: 2240 873 299 137 76 27 13 5 1 
50718|Child_Cross12|41: 2240 873 299 137 77 27 13 5 1 
50720|Survivor|1: 2196 928 299 146 76 27 13 5 1 
50728|Survivor|1: 2123 769 306 132 75 28 12 5 1 
50732|Survivor|1: 2074 786 292 129 75 28 12 5 1 
50739|Survivor|1: 2027 740 284 115 77 28 12 5 1 
50760|Child_Cross12|5|Mutated: 2418 920 319 137 70 29 11 5 1 
50810|Survivor|1: 2314 691 282 120 61 29 11 5 1 
50831|Child_Cross12|41: 2318 689 270 114 55 27 10 4 1 
50848|Survivor|1: 2306 690 271 114 55 27 10 4 1 
50864|Child_Levy|36: 3792 973 385 181 86 30 12 5 1 
50876|Child_LevyABC1|5: 2755 845 373 162 73 23 12 5 1 
50878|Child_CrossABC1|7: 2748 814 430 162 73 23 12 5 1 
50885|Child_Cross12|1: 2250 728 347 123 72 26 14 5 1 
50886|Child_Cross12|49: 2691 803 340 128 73 23 12 5 1 
50912|Child_Cross12|13: 2603 799 306 123 74 23 12 5 1 
50926|Survivor|1: 2982 799 306 123 74 23 12 5 1 
50928|Child_CrossABC1|7: 2401 811 307 129 75 23 12 5 1 
50938|Survivor|1: 2307 694 295 119 73 28 12 5 1 
50958|Child_LevyP1|3: 2243 709 331 124 63 28 12 5 1 
50960|Child_CrossABC2|2: 2193 718 341 120 63 28 12 5 1 
51000|Survivor|1: 2131 699 311 116 63 28 11 4 1 
51055|Survivor|1: 2169 789 327 134 85 28 13 4 1 
51073|Child_Cross21|42: 2542 835 353 139 82 28 12 5 1 
51075|Child_Levy|16: 2376 840 332 147 82 28 12 5 1 
51089|Child_Cross21|38: 2119 755 325 125 82 28 12 5 1 
51096|Child_Avg|19: 2162 769 331 125 76 28 11 4 1 
51207|Child_CrossABC2|2: 2356 895 360 121 77 26 14 5 1 
51211|Child_Cross12|53: 2356 895 360 121 75 28 12 5 1 
51228|Survivor|1: 2265 837 347 121 74 28 11 4 1 
51239|Survivor|1: 2277 839 336 118 75 28 11 4 1 
51263|Child_CrossABC2|8: 2280 844 333 135 75 28 11 4 1 
51265|Child_Avg|35: 2219 794 329 121 75 28 11 4 1 
51309|Child_Levy|44|Mutated: 2566 993 403 185 71 29 11 5 1 
51320|Child_Cross12|37: 2184 826 335 149 70 29 11 5 1 
51321|Child_Cross21|30: 2074 793 332 137 69 28 11 4 1 
51323|Child_LevyP2|4: 2225 780 376 149 75 28 12 5 1 
51329|Survivor|1|Mutated: 2225 780 349 149 75 28 12 5 1 
51335|Child_Avg|47: 2123 746 341 136 73 28 12 5 1 
51339|Child_Levy|44: 2122 725 341 141 58 27 13 5 1 
51341|Child_Cross21|22: 2124 747 342 131 73 28 12 5 1 
51396|Child_Cross21|10: 2286 690 326 119 73 28 12 5 1 
51399|Child_Cross21|14: 2248 707 335 120 73 28 12 5 1 
51468|Child_CrossABC2|2: 2883 767 309 127 74 28 11 4 1 
51470|Child_CrossABC2|2: 2860 818 311 127 74 28 11 4 1 
51473|Survivor|1: 2185 827 322 125 73 27 10 4 1 
51538|Child_CrossABC1|7: 2143 800 350 153 66 27 10 4 1 
51553|Child_CrossABC1|7: 2165 780 314 125 65 24 11 5 1 
51557|Child_CrossABC2|8: 2165 791 314 125 65 24 11 5 1 
51559|Child_CrossABC2|8: 2241 715 318 129 65 24 11 5 1 
51562|Survivor|1|Mutated: 2241 794 318 129 65 24 11 4 1 
51568|Survivor|1: 2149 713 304 117 67 23 12 5 1 
51600|Child_CrossABC2|2: 1850 665 296 118 67 24 11 5 1 
51609|Survivor|1: 1914 694 307 113 66 24 11 5 1 
51697|Child_Avg|51: 2166 859 282 121 75 28 11 4 1 
51709|Survivor|1: 2207 829 288 115 68 28 13 4 1 