10|Survivor|1: 954 309 121 51 23 10 4 1
17|Child_Cross21|34: 794 283 117 44 23 10 4 1
63|Survivor|1: 783 294 121 59 24 9 4 1
72|Survivor|1: 1059 286 123 55 24 9 4 1
98|Survivor|1: 775 272 108 43 24 9 4 1
155|Survivor|1: 800 261 117 52 24 9 4 1
160|Survivor|1: 805 265 113 48 23 10 4 1
172|Child_Cross21|18: 807 281 112 47 23 10 4 1
488|Child_Avg|35: 807 310 115 52 27 10 4 1
495|Survivor|1: 807 286 110 48 21 10 4 1
528|Child_Cross21|54: 786 297 113 43 24 9 4 1
551|Child_Avg|55: 790 304 112 43 24 9 4 1
573|Child_Cross21|6: 813 304 112 43 24 9 4 1
608|Child_Avg|3: 810 304 112 43 24 9 4 1
610|Child_Cross21|26: 764 304 112 43 24 9 4 1
618|Child_Cross21|22: 799 304 112 43 24 9 4 1
625|Survivor|1: 796 304 112 43 24 9 4 1
636|Child_Cross21|34: 812 304 112 43 24 9 4 1
680|Survivor|1: 862 313 108 46 24 9 4 1
703|Child_Cross21|18: 887 293 118 45 21 10 4 1
719|Child_Levy|12: 806 289 108 46 20 9 4 1
731|Child_CrossABC2|8: 770 289 106 54 19 10 4 1
1108|Survivor|1: 786 280 110 49 21 10 4 1
1113|Survivor|1: 877 276 118 45 21 10 4 1
1123|Child_Cross12|37: 797 298 121 43 20 9 4 1
1149|Child_CrossABC2|8: 801 286 121 43 20 9 4 1
1156|Survivor|1: 791 286 121 43 20 9 4 1
1172|Child_Cross21|34: 783 286 121 43 20 9 4 1
1175|Child_Avg|51: 790 286 121 43 20 9 4 1
1177|Child_Cross12|53: 784 286 121 43 20 9 4 1
1181|Child_Cross21|46: 793 286 121 43 20 9 4 1
1192|Child_Avg|59: 792 286 121 43 20 9 4 1
1224|Child_Cross12|13: 809 286 121 43 20 9 4 1
1257|Child_Cross12|25: 785 286 121 43 20 9 4 1
1276|Child_Cross21|58: 799 286 121 43 20 9 4 1
1326|Child_Avg|39: 794 286 121 43 20 9 4 1
1616|Survivor|1: 815 290 117 44 23 10 4 1
1672|Survivor|1: 1015 395 150 67 24 9 4 1
1680|Child_Cross12|17: 813 303 122 52 24 9 4 1
1697|Child_Cross12|29: 747 272 111 47 24 9 4 1
1700|Survivor|1: 703 277 111 44 24 9 4 1
1845|Child_Cross12|33: 852 256 109 53 24 9 4 1
1903|Child_Cross12|53: 793 244 101 48 20 9 4 1
1971|Survivor|1: 818 241 101 43 20 9 4 1
2178|Survivor|1: 1196 318 137 60 21 10 4 1
2476|Survivor|1: 773 298 114 43 20 9 4 1
2487|Survivor|1: 773 295 110 43 20 9 4 1
2505|Survivor|1: 779 292 118 43 20 9 4 1
2512|Survivor|1: 835 297 133 49 24 9 4 1
2523|Survivor|1: 883 307 122 47 23 10 4 1
2528|Survivor|1: 775 300 127 45 21 10 4 1
2531|Child_CrossABC1|1: 873 292 127 44 23 10 4 1
2635|Child_Levy|36: 1220 337 134 61 24 9 4 1
2649|Survivor|1: 1079 293 118 49 24 9 4 1
2662|Survivor|1: 1132 313 111 47 24 9 4 1
2745|Survivor|1: 904 279 138 49 21 10 4 1
2806|Survivor|1: 770 269 108 43 20 9 4 1
2896|Survivor|1: 819 263 100 46 24 9 4 1
3248|Child_Levy|56: 1363 351 135 52 24 9 4 1
3267|Survivor|1: 994 317 126 49 24 9 4 1
3290|Child_Cross21|34: 939 291 128 49 24 9 4 1
3293|Survivor|1: 932 295 122 52 24 9 4 1
3438|Survivor|1: 793 249 102 39 20 9 4 1
3531|Survivor|1: 803 259 118 43 24 9 4 1
3557|Child_Cross12|41: 900 259 118 43 24 9 4 1
3571|Child_Cross21|46: 835 259 118 43 24 9 4 1
3677|Child_LevyABC1|5|Mutated: 823 257 131 46 21 10 4 1
4396|Survivor|1: 799 263 108 46 24 9 4 1
4404|Child_CrossABC1|1: 816 264 107 46 20 9 4 1
4439|Survivor|1: 845 255 110 43 20 9 4 1
4720|Survivor|1|Mutated: 939 277 109 47 23 10 4 1
4856|Child_CrossABC1|1: 766 289 108 46 24 9 4 1
4859|Survivor|1: 803 289 108 46 24 9 4 1
4862|Child_Cross21|38: 796 289 108 46 24 9 4 1
4863|Child_Avg|35: 779 289 108 46 24 9 4 1
4871|Child_Cross21|18: 785 289 108 46 24 9 4 1
4874|Child_Cross21|22: 771 289 108 46 24 9 4 1
4878|Child_Cross12|41: 768 289 108 46 24 9 4 1
4879|Child_Cross12|21: 777 289 108 46 24 9 4 1
4881|Child_Cross21|18: 795 289 108 46 24 9 4 1
4883|Child_CrossABC1|7: 769 289 108 46 24 9 4 1
4888|Child_Cross12|37: 787 289 108 46 24 9 4 1
4893|Child_Cross21|58: 774 289 108 46 24 9 4 1
4894|Child_Cross21|58: 782 289 108 46 24 9 4 1
4896|Child_Cross12|9: 793 289 108 46 24 9 4 1
4923|Child_Cross21|34: 776 289 108 46 24 9 4 1
4927|Child_CrossABC2|2: 828 289 108 46 24 9 4 1
4939|Child_Avg|51: 798 289 108 46 24 9 4 1
4941|Child_Avg|7: 809 289 108 46 24 9 4 1
4947|Child_Cross21|26: 804 289 108 46 24 9 4 1
4951|Child_CrossABC2|2: 812 289 108 46 24 9 4 1
4953|Survivor|1: 801 289 108 46 24 9 4 1
4955|Child_Cross21|42: 806 289 108 46 24 9 4 1
4978|Child_Cross21|22: 814 289 108 46 24 9 4 1
4979|Child_Cross12|49: 755 289 108 46 24 9 4 1
4992|Child_Cross12|45: 790 289 108 46 24 9 4 1
5005|Child_Avg|43: 788 289 108 46 24 9 4 1
5038|Child_Avg|55: 752 289 108 46 24 9 4 1
5070|Child_Cross12|13: 787 291 108 46 24 9 4 1
5078|Survivor|1: 779 291 108 46 24 9 4 1
5252|Survivor|1: 956 276 107 49 21 10 4 1
5259|Survivor|1: 855 271 108 47 21 10 4 1
5362|Child_CrossABC1|1: 804 273 109 49 24 9 4 1
5442|Child_Cross12|53: 837 249 111 43 20 9 4 1
5518|Survivor|1: 800 286 109 47 23 10 4 1
5644|Survivor|1: 905 282 105 43 20 9 4 1
5806|Child_Cross12|53: 906 312 130 49 24 9 4 1
5814|Child_Cross21|14: 893 341 108 46 24 9 4 1
5824|Child_CrossABC1|1: 918 304 123 46 24 9 4 1
6134|Survivor|1: 805 295 134 50 24 9 4 1
6260|Survivor|1: 861 301 138 59 24 9 4 1
6267|Child_CrossABC2|2: 868 303 130 55 24 9 4 1
6273|Child_Levy|32|Mutated: 815 294 125 47 23 10 4 1
6311|Child_CrossABC1|7: 814 259 110 46 20 9 4 1
6317|Survivor|1: 773 279 113 47 21 10 4 1
6323|Survivor|1: 808 263 115 45 21 10 4 1
6338|Survivor|1: 873 294 116 46 21 10 4 1
6345|Survivor|1: 824 290 117 43 24 9 4 1
6359|Child_Cross12|5: 797 283 115 41 19 10 4 1
6404|Child_Cross12|53|Mutated: 777 283 115 45 21 10 4 1
6414|Survivor|1: 777 283 115 41 19 10 4 1
6434|Child_Cross21|34: 794 283 115 41 19 10 4 1
6463|Survivor|1: 834 255 122 46 20 9 4 1
6543|Survivor|1: 788 250 115 49 24 9 4 1
6548|Survivor|1: 899 285 121 45 21 10 4 1
6632|Survivor|1: 895 366 126 55 24 9 4 1
6658|Survivor|1: 858 336 111 47 24 9 4 1
6661|Survivor|1: 820 319 108 46 24 9 4 1
6676|Survivor|1: 826 311 100 46 24 9 4 1
6765|Survivor|1: 893 293 116 50 24 9 4 1
6889|Survivor|1: 796 245 114 43 24 9 4 1
6959|Survivor|1: 882 275 112 43 24 9 4 1
6990|Child_Cross21|26: 956 273 111 52 24 9 4 1
7033|Child_Cross12|29: 940 357 114 53 24 9 4 1
7035|Child_Cross21|34: 923 345 125 52 24 9 4 1
7036|Child_CrossABC1|1: 957 329 121 50 24 9 4 1
7040|Child_Avg|31: 950 333 114 53 24 9 4 1
7066|Survivor|1: 934 296 123 44 23 10 4 1
7145|Survivor|1: 820 257 111 55 24 9 4 1
7295|Child_Avg|27: 797 283 118 43 24 9 4 1
7395|Child_Avg|59: 957 332 115 49 24 9 4 1
7407|Survivor|1: 910 287 110 50 24 9 4 1
7416|Child_Cross21|22: 842 300 117 49 24 9 4 1
7439|Survivor|1: 756 294 113 43 20 9 4 1
7567|Survivor|1: 803 302 122 43 20 9 4 1
7881|Child_Avg|15: 765 266 118 43 20 9 4 1
8167|Survivor|1: 698 243 108 46 24 9 4 1
8590|Survivor|1: 942 327 143 53 29 9 4 1
8727|Child_CrossABC1|1|Mutated: 922 361 137 59 24 9 4 1
8731|Survivor|1: 888 339 125 56 24 9 4 1
8864|Survivor|1: 948 292 133 43 24 9 4 1
8901|Survivor|1: 1207 346 132 54 19 10 4 1
8934|Survivor|1: 1210 352 116 49 24 9 4 1
9232|Child_Levy|24: 820 307 118 43 24 9 4 1
9239|Survivor|1: 800 310 123 43 24 9 4 1
9265|Child_CrossABC1|7: 788 299 135 52 24 9 4 1
9305|Survivor|1: 790 295 135 58 23 10 4 1
9325|Survivor|1: 835 294 134 51 23 10 4 1
9363|Survivor|1: 852 353 124 46 24 9 4 1
9586|Survivor|1: 1058 340 156 61 24 9 4 1
9587|Child_Cross12|57: 1137 389 138 61 24 9 4 1
9596|Child_CrossABC1|7|Mutated: 1131 360 154 61 24 9 4 1
9597|Child_Avg|27: 1145 349 148 58 24 9 4 1
9606|Child_Cross12|53: 1113 352 147 55 24 9 4 1
9607|Child_Cross21|18: 1131 350 150 55 24 9 4 1
9614|Child_CrossABC1|7: 1141 351 150 52 24 9 4 1
9621|Survivor|1: 1132 322 139 49 24 9 4 1
9624|Child_CrossABC1|7: 1152 325 142 49 24 9 4 1
9626|Child_CrossABC2|2: 1166 322 142 49 24 9 4 1
9630|Child_CrossABC1|7: 1182 322 141 49 24 9 4 1
9631|Child_Avg|27: 1187 322 143 49 24 9 4 1
9633|Child_Cross12|33: 1173 324 143 49 24 9 4 1
9636|Child_Avg|15: 1172 322 142 49 24 9 4 1
9644|Child_Cross12|53: 1181 322 142 49 24 9 4 1
9646|Child_Cross12|21: 1178 322 142 49 24 9 4 1
9649|Child_Avg|19: 1177 321 142 49 24 9 4 1
9650|Child_Cross21|46: 1203 322 142 49 24 9 4 1
9651|Child_Cross21|14: 1155 322 142 49 24 9 4 1
9656|Child_CrossABC1|1: 1189 321 142 49 24 9 4 1
9657|Child_Cross12|5: 1193 322 142 49 24 9 4 1
9658|Child_Avg|23: 1182 322 142 49 24 9 4 1
9659|Child_Cross21|58: 1181 321 142 49 24 9 4 1
9660|Child_Cross12|33: 1182 321 142 49 24 9 4 1
9664|Child_Cross21|10: 1185 320 142 49 24 9 4 1
9667|Child_Cross21|38: 1176 321 142 49 24 9 4 1
9671|Child_Avg|31: 1184 320 135 52 24 9 4 1
9683|Child_Cross21|38: 1191 320 142 49 24 9 4 1
9686|Child_Cross21|42: 1209 321 142 49 24 9 4 1
9687|Child_Cross12|45: 1175 321 142 49 24 9 4 1
9688|Child_Cross21|54: 1198 320 142 49 24 9 4 1
9690|Child_Cross21|2: 1178 320 142 49 24 9 4 1
9693|Child_Cross21|14: 1193 320 142 49 24 9 4 1
9694|Child_Avg|35: 1190 320 142 49 24 9 4 1
9695|Child_CrossABC2|2: 1180 320 142 49 24 9 4 1
9697|Survivor|1: 1186 320 142 49 24 9 4 1
9699|Child_CrossABC2|2: 1206 320 142 49 24 9 4 1
9703|Child_Avg|59: 1188 320 142 49 24 9 4 1
9705|Child_Cross12|57: 1189 320 142 49 24 9 4 1
9710|Child_Avg|51: 1197 320 142 49 24 9 4 1
9715|Child_Cross21|58: 1209 320 142 49 24 9 4 1
9719|Child_Cross12|49: 1140 320 142 49 24 9 4 1
9720|Child_CrossABC2|2|Mutated: 1190 309 138 56 24 9 4 1
9725|Child_Cross12|5: 1199 320 142 49 24 9 4 1
9731|Child_Cross12|17: 1184 320 142 49 24 9 4 1
9739|Child_CrossABC2|8: 1204 320 142 49 24 9 4 1
9747|Child_CrossABC1|1: 1253 320 142 49 24 9 4 1
9751|Child_Avg|43|Mutated: 1190 320 142 57 23 10 4 1
9762|Child_Cross21|58: 1194 320 142 49 24 9 4 1
9768|Child_Avg|31|Mutated: 1171 320 142 49 24 9 4 1
9769|Child_Cross12|17|Mutated: 1215 320 142 49 24 9 4 1
9770|Child_Cross12|17: 1196 320 142 49 24 9 4 1
9776|Child_Cross21|10: 1201 320 142 49 24 9 4 1
9782|Child_Cross12|33: 1193 345 142 49 24 9 4 1
9786|Child_Cross12|29: 1192 320 142 49 24 9 4 1
9800|Child_Cross21|50: 1202 320 142 49 24 9 4 1
9810|Child_Cross21|26: 1230 345 142 49 24 9 4 1
9813|Child_Cross12|13: 1220 345 142 49 24 9 4 1
9814|Child_Cross21|2: 1225 345 142 49 24 9 4 1
9816|Child_Cross12|25: 1210 345 142 49 24 9 4 1
9817|Child_Cross12|5: 1247 345 142 49 24 9 4 1
9818|Child_Cross12|13: 1216 345 142 49 24 9 4 1
9820|Child_Cross12|41: 1200 345 142 49 24 9 4 1
9821|Child_CrossABC1|7: 1208 345 142 49 24 9 4 1
9826|Child_Cross12|13: 1217 345 142 49 24 9 4 1
9827|Child_Cross21|6: 1205 345 142 49 24 9 4 1
9829|Child_Avg|15: 1212 345 142 49 24 9 4 1
9830|Child_Cross12|57: 1203 345 142 49 24 9 4 1
9832|Child_Avg|11: 1211 345 142 49 24 9 4 1
9833|Child_Avg|51: 1188 345 142 49 24 9 4 1
9834|Child_Avg|51|Mutated: 1087 345 142 49 24 9 4 1
9835|Child_Cross21|14: 1207 345 142 49 24 9 4 1
9836|Child_Avg|35: 1227 345 142 49 24 9 4 1
9839|Child_Avg|15: 1196 345 142 49 24 9 4 1
9844|Child_Avg|7: 1218 345 142 49 24 9 4 1
9845|Child_Cross12|45: 1215 345 142 49 24 9 4 1
9853|Child_Avg|59: 1213 345 142 49 24 9 4 1
9861|Child_Avg|51: 1220 342 142 49 24 9 4 1
9862|Child_Cross21|30: 1223 345 142 49 24 9 4 1
9887|Child_Cross21|46: 1127 333 140 49 24 9 4 1
10273|Child_CrossABC2|2: 916 281 122 46 24 9 4 1
10456|Child_Cross21|38: 817 296 110 49 21 10 4 1
10643|Child_Cross21|30: 787 283 109 49 24 9 4 1
10662|Child_CrossABC1|1: 955 288 123 62 24 9 4 1
10719|Child_Cross12|5: 812 256 112 43 24 9 4 1
10800|Survivor|1: 840 355 129 57 23 10 4 1
11011|Survivor|1: 863 279 123 50 19 10 4 1
11017|Child_Avg|51: 817 310 122 43 19 10 4 1
11055|Survivor|1: 774 263 116 43 20 9 4 1
11278|Survivor|1: 797 255 108 43 24 9 4 1
11287|Child_Cross21|58: 820 255 108 43 24 9 4 1
11360|Survivor|1: 893 287 104 49 21 10 4 1
11361|Child_Cross12|45|Mutated: 878 266 114 49 21 10 4 1
11368|Survivor|1: 814 257 108 47 21 10 4 1
11375|Child_CrossABC2|2: 824 260 103 45 21 10 4 1
11378|Child_Avg|39: 822 260 103 45 21 10 4 1
11382|Child_Cross21|54: 827 260 103 45 21 10 4 1
11386|Child_Cross12|53: 818 260 103 45 21 10 4 1
11387|Child_Avg|39: 831 263 103 45 21 10 4 1
11392|Survivor|1: 849 260 103 45 21 10 4 1
11398|Child_Cross12|45: 823 260 103 45 21 10 4 1
11404|Child_Cross12|57: 831 260 103 45 21 10 4 1
11408|Survivor|1: 837 260 103 45 21 10 4 1
11434|Survivor|1: 771 269 101 43 20 9 4 1
11486|Survivor|1: 724 268 107 46 20 9 4 1
11647|Survivor|1: 788 275 117 49 24 9 4 1
11666|Survivor|1: 713 257 111 46 24 9 4 1
11678|Survivor|1: 724 257 111 46 24 9 4 1
11811|Survivor|1: 904 289 116 50 24 9 4 1
11890|Survivor|1: 1228 333 138 58 24 9 4 1
11999|Child_Avg|51: 744 271 103 45 21 10 4 1
12023|Child_Cross21|18: 814 269 101 43 20 9 4 1
12028|Child_Cross21|26: 843 266 107 43 20 9 4 1
12042|Child_Cross12|29: 834 269 107 43 20 9 4 1
12046|Child_Cross12|21: 835 265 107 43 20 9 4 1
12047|Child_Avg|43: 836 266 107 43 20 9 4 1
12051|Child_Cross21|6: 863 265 107 43 20 9 4 1
12060|Child_Cross12|37: 857 266 107 43 20 9 4 1
12066|Survivor|1: 814 266 107 43 20 9 4 1
12067|Child_CrossABC1|1: 825 266 107 43 20 9 4 1
12069|Child_Avg|3: 820 265 107 43 20 9 4 1
12319|Child_CrossABC2|2: 1174 363 136 49 24 9 4 1
12322|Child_CrossABC2|2: 1157 365 142 49 24 9 4 1
12339|Child_CrossABC1|7: 1144 361 142 50 24 9 4 1
12357|Child_CrossABC2|2: 1161 366 142 49 24 9 4 1
12365|Child_CrossABC2|2: 1129 349 140 49 24 9 4 1
12446|Survivor|1: 815 289 106 46 24 9 4 1
12473|Child_Cross12|53: 900 294 118 43 24 9 4 1
12538|Survivor|1: 758 257 116 46 20 9 4 1
12557|Survivor|1: 741 265 107 43 20 9 4 1
12652|Survivor|1: 833 288 111 49 24 9 4 1
12817|Survivor|1: 930 309 129 56 24 9 4 1
12840|Child_CrossABC2|8: 740 273 112 43 24 9 4 1
13025|Survivor|1: 1163 383 142 49 21 10 4 1
13030|Child_CrossABC1|7: 1214 383 142 49 21 10 4 1
13036|Child_Cross12|49: 1273 383 142 49 21 10 4 1
13043|Child_CrossABC2|8: 1268 383 142 49 21 10 4 1
13045|Child_CrossABC2|8: 1267 383 142 49 21 10 4 1
13051|Survivor|1: 1270 383 142 49 21 10 4 1
13063|Child_Cross21|14: 1136 341 133 45 21 10 4 1
13065|Child_Cross21|30: 1129 334 128 45 21 10 4 1
13067|Child_Cross12|53: 1119 335 127 45 21 10 4 1
13085|Child_Cross12|45: 1120 335 127 45 21 10 4 1
13087|Child_Avg|35|Mutated: 1137 324 127 45 21 10 4 1
13104|Child_CrossABC2|8: 1117 335 127 45 21 10 4 1
13106|Child_Cross12|1: 1118 335 127 45 21 10 4 1
13111|Child_Cross12|37: 1145 335 127 45 21 10 4 1
13112|Child_Cross12|33: 1208 335 127 45 21 10 4 1
13118|Child_Cross12|45: 1171 335 127 45 21 10 4 1
13122|Child_Avg|23: 1188 335 127 45 21 10 4 1
13126|Child_Cross12|33: 1137 335 127 45 21 10 4 1
13128|Child_Cross21|30: 1174 335 127 45 21 10 4 1
13131|Child_Avg|3: 1181 335 127 45 21 10 4 1
13145|Child_CrossABC2|2: 1191 335 127 45 21 10 4 1
13148|Child_Avg|51: 1166 335 127 45 21 10 4 1
13151|Child_Avg|39: 1187 335 127 45 21 10 4 1
13153|Child_Avg|23: 1172 335 127 45 21 10 4 1
13154|Child_Cross12|57: 1154 335 127 45 21 10 4 1
13158|Child_Cross12|29: 1183 335 127 45 21 10 4 1
13163|Child_Avg|7: 1199 335 127 45 21 10 4 1
13175|Child_Avg|3: 1189 335 127 45 21 10 4 1
13193|Child_Cross12|45: 1155 335 127 45 21 10 4 1
13197|Child_Avg|31: 1216 335 127 45 21 10 4 1
13198|Child_Cross21|34|Mutated: 1209 335 127 45 21 10 4 1
13203|Child_CrossABC2|8: 1202 335 127 45 21 10 4 1
13208|Child_Cross12|53: 1192 335 127 45 21 10 4 1
13214|Child_Cross21|10: 1200 335 127 45 21 10 4 1
13217|Child_Avg|11: 1234 335 127 49 21 10 4 1
13229|Child_Cross12|29: 1217 335 127 45 21 10 4 1
13244|Child_CrossABC2|2: 1184 335 127 57 21 10 4 1
13266|Child_CrossABC2|2: 1291 335 127 56 21 10 4 1
13268|Child_Cross21|2: 1198 335 127 45 21 10 4 1
13282|Child_Cross12|21: 1195 335 127 45 21 10 4 1
13296|Child_Cross21|22: 1190 335 127 45 21 10 4 1
13297|Child_Cross21|14: 1201 335 127 45 21 10 4 1
13312|Child_Avg|19: 1193 335 127 45 21 10 4 1
13331|Child_Avg|35: 1191 335 127 49 21 10 4 1
13337|Survivor|1: 1159 327 127 45 21 10 4 1
13338|Child_CrossABC2|2: 1159 327 127 57 21 10 4 1
13343|Child_Cross12|25: 1227 335 127 45 21 10 4 1
13351|Child_Cross12|5: 1210 335 127 45 21 10 4 1
13371|Child_Avg|55: 1182 335 127 45 21 10 4 1
13375|Child_Cross21|38: 1136 335 127 45 21 10 4 1
13383|Child_Avg|3: 1156 335 127 45 21 10 4 1
13402|Survivor|1: 1173 335 127 45 21 10 4 1
13447|Survivor|1: 877 286 119 51 19 10 4 1
13546|Survivor|1: 804 275 108 46 24 9 4 1
13550|Child_CrossABC1|7: 805 291 108 46 24 9 4 1
13555|Survivor|1: 786 287 108 46 24 9 4 1
13559|Survivor|1: 778 303 108 46 24 9 4 1
13564|Child_Cross21|42: 779 297 108 46 24 9 4 1
13566|Survivor|1: 778 295 108 46 24 9 4 1
13584|Survivor|1: 784 289 108 43 24 9 4 1
13686|Survivor|1: 923 331 121 50 24 9 4 1
13689|Child_Avg|15: 948 337 126 49 24 9 4 1
13698|Survivor|1: 959 340 125 47 24 9 4 1
13710|Survivor|1: 958 331 124 46 24 9 4 1
13750|Survivor|1: 785 266 112 43 24 9 4 1
13911|Child_CrossABC1|7: 795 310 117 46 24 9 4 1
13918|Survivor|1: 795 307 117 50 24 9 4 1
13962|Survivor|1: 822 268 117 46 24 9 4 1
14032|Survivor|1: 836 261 112 43 24 9 4 1
14036|Child_Cross12|17: 819 261 112 43 24 9 4 1
14043|Child_Cross21|42: 822 261 112 43 24 9 4 1
14070|Child_Cross21|22: 816 261 112 43 24 9 4 1
14094|Child_Avg|51: 793 261 112 43 24 9 4 1
14136|Child_Cross12|49: 805 261 112 43 24 9 4 1
14146|Child_Avg|31: 811 261 112 43 24 9 4 1
14162|Child_Cross12|9: 801 261 112 43 24 9 4 1
14170|Child_Cross21|46: 813 261 112 43 24 9 4 1
14181|Child_Cross12|57: 810 261 112 43 24 9 4 1
14196|Child_Avg|31: 844 261 112 43 24 9 4 1
14214|Child_Avg|43: 812 261 112 43 24 9 4 1
14230|Child_Avg|19: 834 261 112 43 24 9 4 1
14231|Child_Cross21|10: 827 261 112 43 24 9 4 1
14242|Child_Cross21|42|Mutated: 830 261 112 43 24 9 4 1
14277|Child_Cross21|42: 763 225 102 47 23 10 4 1
14371|Child_Avg|35: 902 349 134 52 24 9 4 1
14374|Child_Cross21|50: 704 275 117 49 24 9 4 1
14421|Child_Cross12|21: 759 310 112 47 23 10 4 1
14424|Child_Avg|23: 786 280 102 47 23 10 4 1
14448|Survivor|1: 789 274 112 47 23 10 4 1
14450|Child_CrossABC2|8: 773 274 105 44 19 10 4 1
14451|Child_Cross21|46: 770 274 105 44 19 10 4 1
14454|Child_CrossABC2|8: 787 274 105 44 19 10 4 1
14457|Child_Cross21|38: 786 274 105 44 19 10 4 1
14468|Child_Cross21|42: 777 274 105 44 19 10 4 1
14474|Child_Cross21|42: 776 274 105 44 19 10 4 1
14477|Child_Cross21|14: 760 274 105 44 19 10 4 1
14479|Child_Cross12|53: 780 274 105 44 19 10 4 1
14489|Child_Avg|59: 779 274 105 44 19 10 4 1
14493|Child_CrossABC1|1: 784 274 105 44 19 10 4 1
14498|Child_Avg|19: 793 274 105 44 19 10 4 1
14524|Child_Cross21|22: 797 274 105 44 19 10 4 1
14527|Child_Cross21|54: 794 274 105 44 19 10 4 1
14538|Child_Cross21|50: 790 274 105 44 19 10 4 1
14549|Child_Cross12|53: 783 274 105 44 19 10 4 1
14550|Child_Cross12|13: 785 272 105 44 19 10 4 1
14566|Child_Cross12|41: 786 272 105 44 19 10 4 1
14594|Child_Cross21|10: 753 274 105 44 19 10 4 1
14737|Survivor|1: 918 320 111 46 24 9 4 1
14761|Child_CrossABC2|8: 835 265 108 43 24 9 4 1
14945|Survivor|1: 743 275 112 47 23 10 4 1
14983|Survivor|1: 772 265 108 46 24 9 4 1
14993|Child_Cross21|14: 773 274 111 44 24 9 4 1
14997|Child_Avg|15: 770 287 108 43 24 9 4 1
15097|Survivor|1: 738 270 107 43 20 9 4 1
15101|Survivor|1: 717 269 107 43 20 9 4 1
15103|Child_Avg|23: 784 297 113 43 20 9 4 1
15109|Child_Cross12|41: 725 269 107 43 20 9 4 1
15123|Child_Cross21|34: 712 267 107 43 20 9 4 1
15124|Child_Cross21|18: 766 269 107 43 20 9 4 1
15125|Child_Cross21|50: 746 269 107 43 20 9 4 1
15127|Child_Cross12|9: 769 269 107 43 20 9 4 1
15142|Child_Avg|39: 779 258 108 51 23 10 4 1
15148|Child_CrossABC2|8: 1172 339 125 58 23 10 4 1
15244|Survivor|1: 835 319 137 54 24 11 4 1
15252|Child_Avg|15: 808 309 132 51 23 10 4 1
15257|Child_Cross21|14: 811 311 129 51 23 10 4 1
15263|Child_Avg|27: 809 311 126 51 23 10 4 1
15264|Child_Cross12|49: 801 311 126 51 23 10 4 1
15272|Child_Avg|59: 806 310 126 51 23 10 4 1
15274|Child_Cross21|58: 806 311 126 51 23 10 4 1
15277|Child_Cross21|14: 814 311 126 51 23 10 4 1
15279|Child_Cross21|50: 796 314 126 51 23 10 4 1
15282|Child_Avg|47: 799 312 126 51 23 10 4 1
15283|Child_Cross21|14: 856 310 126 51 23 10 4 1
15284|Child_CrossABC1|7: 834 310 126 51 23 10 4 1
15285|Child_Cross21|26: 801 319 126 51 23 10 4 1
15288|Child_Cross12|25: 805 310 126 51 23 10 4 1
15291|Child_Cross12|37: 822 310 126 51 23 10 4 1
15292|Child_Cross21|26|Mutated: 794 312 126 51 23 10 4 1
15293|Child_Cross12|21: 799 310 126 51 23 10 4 1
15297|Child_Cross21|26: 812 310 126 51 23 10 4 1
15306|Child_Cross12|33: 802 310 126 51 23 10 4 1
15309|Child_Cross12|25: 805 323 126 51 23 10 4 1
15311|Child_Cross12|5: 803 310 126 51 23 10 4 1
15312|Child_Cross12|37: 805 311 126 51 23 10 4 1
15315|Child_CrossABC2|8|Mutated: 793 310 126 51 23 10 4 1
15320|Survivor|1: 797 311 126 51 23 10 4 1
15327|Child_Cross21|38: 823 310 126 51 23 10 4 1
15329|Child_Avg|19: 813 310 126 51 23 10 4 1
15336|Child_Avg|31: 806 310 121 51 23 10 4 1
15341|Child_Cross12|21: 816 310 126 51 23 10 4 1
15345|Child_Cross12|53: 845 319 126 51 23 10 4 1
15350|Child_Cross12|33: 830 310 126 51 23 10 4 1
15352|Child_Cross12|33: 829 310 126 51 23 10 4 1
15356|Child_CrossABC2|2: 822 319 126 51 23 10 4 1
15361|Child_Cross12|53: 820 310 126 51 23 10 4 1
15362|Child_Cross12|29: 822 305 126 51 23 10 4 1
15363|Child_Avg|3: 820 314 126 51 23 10 4 1
15371|Child_Cross21|42: 817 311 126 51 23 10 4 1
15383|Child_Avg|27: 821 311 126 51 23 10 4 1
15388|Child_Cross21|22: 814 314 126 51 23 10 4 1
15394|Child_Avg|27: 815 310 126 51 23 10 4 1
15399|Child_Avg|47: 836 310 126 51 23 10 4 1
15403|Child_Avg|7: 827 310 126 51 23 10 4 1
15404|Child_Cross21|50: 820 310 131 51 23 10 4 1
15418|Survivor|1: 819 298 129 50 24 9 4 1
15447|Survivor|1: 1309 354 131 50 24 9 4 1
15501|Child_Cross21|18: 917 324 119 49 24 9 4 1
15539|Child_Avg|59: 887 316 113 43 24 9 4 1
15546|Child_Avg|55: 906 292 112 43 24 9 4 1
15557|Child_Cross21|10: 894 304 112 43 24 9 4 1
15562|Child_Avg|23: 909 292 112 43 24 9 4 1
15592|Child_Cross12|57: 906 292 112 43 19 10 4 1
15769|Child_Cross12|9: 1245 333 134 53 24 9 4 1
15776|Survivor|1: 1227 315 128 49 24 9 4 1
15881|Child_Cross21|42: 863 279 124 51 23 10 4 1
15884|Child_Cross21|46: 980 286 124 49 21 10 4 1
15889|Survivor|1: 956 303 125 49 21 10 4 1
15896|Child_Avg|43: 797 283 116 46 20 9 4 1
15897|Child_Cross21|14: 799 283 116 46 20 9 4 1
15903|Survivor|1: 808 281 114 46 20 9 4 1
15907|Child_CrossABC1|1: 806 291 114 46 20 9 4 1
15908|Child_Cross21|30: 808 283 114 46 20 9 4 1
15914|Child_Cross12|13: 790 299 114 46 20 9 4 1
15916|Child_Avg|15: 799 291 114 46 20 9 4 1
15921|Survivor|1: 788 287 114 46 20 9 4 1
15962|Child_Cross21|22: 776 284 103 43 19 10 4 1
15966|Survivor|1: 803 316 112 43 19 10 4 1
15968|Child_Cross12|33: 791 290 107 43 20 9 4 1
16141|Survivor|1: 1170 331 124 46 24 9 4 1
16161|Survivor|1: 1107 321 116 46 20 9 4 1
16252|Child_CrossABC2|8: 792 277 109 52 24 9 4 1
16420|Survivor|1: 889 311 154 64 24 9 4 1
16426|Child_Cross21|2: 880 317 154 61 24 9 4 1
16447|Child_Levy|20: 776 296 138 53 24 9 4 1
16452|Child_Avg|7: 776 296 137 55 24 9 4 1
16455|Child_Avg|55: 756 290 134 53 24 9 4 1
16459|Child_Avg|19: 743 286 133 49 24 9 4 1
16470|Child_Cross12|53: 735 289 130 49 24 9 4 1
16472|Child_CrossABC1|1: 756 286 133 49 24 9 4 1
16473|Child_CrossABC2|8: 770 286 133 49 24 9 4 1
16474|Child_Cross12|9: 757 286 133 49 24 9 4 1
16481|Child_Cross12|13: 776 286 133 49 24 9 4 1
16487|Child_Avg|59: 777 284 133 49 24 9 4 1
16490|Child_Cross21|54: 780 284 133 49 24 9 4 1
16491|Child_Cross21|42: 776 284 133 49 24 9 4 1
16499|Child_Cross21|38: 908 285 133 49 24 9 4 1
16502|Survivor|1: 801 284 133 49 24 9 4 1
16504|Child_Cross12|21: 775 285 133 49 24 9 4 1
16506|Child_Cross12|21: 783 284 133 49 24 9 4 1
16507|Child_Cross21|10: 792 284 133 49 24 9 4 1
16509|Child_CrossABC2|8: 770 284 133 49 24 9 4 1
16511|Child_Cross12|33: 784 284 133 49 24 9 4 1
16516|Child_CrossABC2|2: 811 284 133 49 24 9 4 1
16517|Child_Avg|3: 791 283 133 49 24 9 4 1
16518|Child_Cross12|5: 805 283 133 49 24 9 4 1
16519|Child_Avg|59: 792 283 133 49 24 9 4 1
16521|Child_Cross21|30: 794 283 133 49 24 9 4 1
16522|Child_Avg|47: 796 284 133 49 24 9 4 1
16523|Child_Cross21|34: 788 283 133 49 24 9 4 1
16526|Child_Cross21|54: 795 283 133 49 24 9 4 1
16528|Child_Cross21|46: 789 283 133 49 24 9 4 1
16535|Child_Avg|59: 802 283 133 49 24 9 4 1
16542|Child_Cross12|5: 746 283 133 49 24 9 4 1
16545|Child_CrossABC1|7: 903 283 133 49 24 9 4 1
16548|Child_Cross12|49: 808 283 133 49 24 9 4 1
16549|Child_Cross21|14: 790 283 133 49 24 9 4 1
16552|Child_Cross12|13: 806 283 133 49 24 9 4 1
16559|Child_Cross21|58: 809 283 133 49 24 9 4 1
16563|Child_Cross21|38: 819 283 133 49 24 9 4 1
16564|Child_Avg|51: 810 283 133 49 24 9 4 1
16573|Child_Cross21|2: 793 283 133 49 24 9 4 1
16574|Child_Cross21|30: 804 283 133 49 24 9 4 1
16589|Child_Cross12|29: 808 289 130 49 24 9 4 1
16598|Child_Cross21|26: 892 283 133 49 24 9 4 1
16599|Child_Avg|23: 807 289 130 49 24 9 4 1
16617|Child_Cross12|53: 787 283 133 49 24 9 4 1
16619|Child_Cross12|49: 903 334 133 49 24 9 4 1
16654|Child_CrossABC2|8: 1217 317 127 50 24 9 4 1
16673|Survivor|1: 1185 296 123 52 24 9 4 1
16813|Survivor|1: 929 323 118 50 24 9 4 1
16849|Child_CrossABC2|2: 791 303 112 47 23 10 4 1
16881|Child_CrossABC1|7: 820 248 102 47 23 10 4 1
16892|Survivor|1: 802 251 102 43 24 9 4 1
16912|Child_Avg|55: 837 251 102 43 24 9 4 1
16913|Child_Avg|31: 829 251 102 43 24 9 4 1
16917|Child_Cross21|50: 822 251 102 43 24 9 4 1
17039|Child_Cross12|21: 800 266 109 45 20 9 4 1
17084|Child_CrossABC1|7: 832 338 117 54 23 10 4 1
17088|Survivor|1: 925 342 126 51 23 10 4 1
17162|Survivor|1: 842 281 108 46 24 9 4 1
17174|Survivor|1: 879 289 108 46 24 9 4 1
17184|Survivor|1: 876 289 108 46 24 9 4 1
17189|Child_Cross21|26: 822 289 108 46 24 9 4 1
17196|Survivor|1: 833 289 108 46 24 9 4 1
17209|Child_Avg|23: 788 285 107 43 24 9 4 1
17216|Child_Cross21|18: 803 285 107 43 24 9 4 1
17236|Child_Cross12|33: 801 285 107 43 24 9 4 1
17257|Child_Cross21|34: 803 285 107 43 20 9 4 1
17265|Child_Cross12|17: 808 285 107 43 20 9 4 1
17272|Survivor|1: 805 288 107 43 20 9 4 1
17281|Survivor|1: 793 285 107 43 24 9 4 1
17297|Survivor|1: 1116 443 154 55 24 9 4 1
17338|Child_Cross12|45: 811 297 114 49 24 9 4 1
17378|Survivor|1: 906 281 128 46 24 9 4 1
17639|Survivor|1: 793 288 102 43 20 9 4 1
17643|Survivor|1: 929 321 112 57 23 10 4 1
17766|Survivor|1: 959 340 129 51 23 10 4 1
17777|Survivor|1: 1192 345 134 61 24 9 4 1
17783|Survivor|1: 926 318 117 46 24 9 4 1
17987|Survivor|1: 804 283 112 58 23 10 4 1
18005|Child_CrossABC2|8: 789 277 124 46 24 9 4 1
18080|Survivor|1: 957 305 131 51 23 10 4 1
18249|Survivor|1: 884 291 111 49 24 9 4 1
18300|Survivor|1: 951 277 118 49 24 9 4 1
18330|Survivor|1: 879 300 121 43 24 9 4 1
18410|Child_Cross12|29: 1121 327 135 46 24 9 4 1
18420|Survivor|1: 1085 329 135 46 24 9 4 1
18443|Child_Cross12|13: 1201 322 132 43 24 9 4 1
18504|Child_Cross21|22: 1194 298 141 49 24 9 4 1
18510|Child_Avg|15: 1154 310 133 49 24 9 4 1
18517|Child_Cross21|30: 1159 312 134 49 24 9 4 1
18522|Child_Cross21|18: 1141 316 132 49 24 9 4 1
18528|Child_Avg|7: 1184 309 133 49 24 9 4 1
18532|Child_Cross12|53: 1186 355 139 49 24 9 4 1
18533|Child_Avg|15: 1194 340 141 49 24 9 4 1
18544|Child_CrossABC2|2: 1186 355 150 59 24 9 4 1
18551|Child_Cross21|46: 1196 342 143 49 24 9 4 1
18559|Child_Avg|23: 1195 341 142 49 24 9 4 1
18561|Child_Cross12|17: 1166 322 139 49 24 9 4 1
18562|Child_Cross21|30: 1188 322 139 49 24 9 4 1
18569|Child_Cross21|18: 1193 340 141 49 24 9 4 1
18573|Child_Cross12|9: 1192 341 141 49 24 9 4 1
18577|Child_Cross21|58: 1193 338 141 46 24 9 4 1
18581|Child_Avg|23: 1191 340 141 49 24 9 4 1
18586|Child_Cross12|29: 1181 340 141 49 24 9 4 1
18595|Child_Cross12|57: 1187 340 141 49 24 9 4 1
18598|Child_Cross21|38: 1184 340 141 49 24 9 4 1
18601|Child_Avg|23: 1139 340 141 49 24 9 4 1
18602|Child_Avg|59: 1188 340 141 49 24 9 4 1
18603|Child_Cross21|26: 1123 340 141 49 24 9 4 1
18608|Child_Cross21|18: 1148 340 141 49 24 9 4 1
18609|Child_Cross21|30: 1182 340 141 49 24 9 4 1
18612|Child_CrossABC2|8: 1169 340 141 49 24 9 4 1
18615|Child_Cross21|6: 1215 340 141 49 24 9 4 1
18616|Child_Cross21|22: 1190 340 141 49 24 9 4 1
18617|Child_Cross21|30: 1199 340 141 49 24 9 4 1
18627|Child_Avg|3: 1221 340 141 49 24 9 4 1
18628|Child_Cross12|13: 1246 340 141 49 24 9 4 1
18629|Child_Cross12|53: 1212 340 141 49 24 9 4 1
18630|Child_Cross21|2: 1205 340 141 49 24 9 4 1
18631|Child_Cross12|13: 1200 340 141 49 24 9 4 1
18634|Child_Cross21|18: 1208 340 141 49 24 9 4 1
18637|Child_Cross21|34: 1202 340 141 49 24 9 4 1
18643|Child_Cross12|57: 1217 340 141 49 24 9 4 1
18645|Child_Cross21|10|Mutated: 1209 340 141 49 24 9 4 1
18647|Survivor|1: 1211 340 141 49 24 9 4 1
18648|Child_Cross21|22: 1206 340 141 49 24 9 4 1
18670|Child_Avg|47: 1196 340 141 49 24 9 4 1
18673|Child_Cross12|49: 1197 340 141 49 24 9 4 1
18703|Child_Cross21|42: 1203 340 141 49 24 9 4 1
18836|Survivor|1: 791 309 118 43 20 9 4 1
18856|Survivor|1: 796 296 116 43 20 9 4 1
18858|Child_Avg|19: 797 294 113 43 20 9 4 1
18873|Child_Cross21|34: 793 294 113 43 20 9 4 1
18878|Child_Cross21|6: 795 294 113 43 20 9 4 1
18879|Child_Cross12|29: 802 294 113 43 20 9 4 1
18906|Child_Avg|43: 792 295 110 43 20 9 4 1
18909|Child_Cross21|14|Mutated: 785 287 113 43 20 9 4 1
18918|Child_Avg|43: 790 290 107 43 20 9 4 1
18923|Child_Avg|7: 790 291 113 43 20 9 4 1
18927|Child_Avg|15: 783 288 107 43 20 9 4 1
18930|Child_Avg|35: 784 288 107 43 20 9 4 1
18941|Child_Cross21|54: 788 290 107 43 20 9 4 1
18942|Child_Cross12|13: 785 288 107 43 20 9 4 1
18949|Child_Cross21|42: 783 287 107 43 20 9 4 1
18952|Child_Cross21|42: 743 288 107 43 20 9 4 1
18954|Child_Cross12|49: 787 290 107 43 20 9 4 1
18963|Child_Cross21|22: 775 288 107 43 20 9 4 1
18966|Child_Avg|27: 790 291 107 43 20 9 4 1
18967|Child_Cross12|33: 786 288 107 43 20 9 4 1
18972|Child_Cross21|18: 782 287 107 43 20 9 4 1
18976|Child_Cross21|14: 782 288 107 43 20 9 4 1
18993|Child_CrossABC2|2: 786 287 107 43 20 9 4 1
18998|Child_Cross21|6: 804 287 107 43 20 9 4 1
19002|Child_Cross21|14: 773 287 107 43 20 9 4 1
19006|Child_Cross12|25: 791 287 107 43 20 9 4 1
19007|Child_Cross21|50: 799 287 107 43 20 9 4 1
19010|Child_Cross21|2: 807 287 107 43 20 9 4 1
19015|Child_Cross21|22: 794 287 107 43 20 9 4 1
19018|Survivor|1: 781 287 107 43 20 9 4 1
19020|Child_Cross12|53: 777 287 107 43 20 9 4 1
19022|Child_Avg|55: 784 286 107 43 20 9 4 1
19038|Child_Cross12|53: 796 288 107 43 20 9 4 1
19040|Child_Cross21|14: 795 288 107 43 20 9 4 1
19054|Child_Cross21|10|Mutated: 803 287 107 43 20 9 4 1
19055|Child_Cross21|14: 795 287 107 43 20 9 4 1
19058|Survivor|1: 794 288 107 43 20 9 4 1
19078|Child_Cross21|14: 805 286 107 43 20 9 4 1
19100|Child_Cross21|6: 796 286 107 43 20 9 4 1
19120|Child_Cross21|38: 785 287 107 43 20 9 4 1
19131|Child_Cross12|41: 789 290 107 43 20 9 4 1
19141|Child_Avg|15: 787 288 107 43 20 9 4 1
19144|Child_Cross21|18: 789 248 107 43 20 9 4 1
19165|Survivor|1: 779 290 107 43 20 9 4 1
19166|Child_Avg|31: 780 290 107 43 20 9 4 1
19167|Child_Avg|39: 779 269 107 43 20 9 4 1
19173|Child_CrossABC1|1: 769 290 107 43 20 9 4 1
19184|Child_Avg|51: 811 290 107 43 20 9 4 1
19189|Child_Avg|55: 800 290 107 43 20 9 4 1
19204|Child_Cross21|22: 799 290 107 43 20 9 4 1
19210|Child_Cross21|34: 786 290 107 43 20 9 4 1
19551|Survivor|1: 713 267 122 48 20 9 4 1
19633|Survivor|1: 1086 295 121 51 23 10 4 1
19670|Child_Avg|51|Mutated: 849 248 106 45 21 10 4 1
19689|Survivor|1: 849 247 106 51 23 10 4 1
19822|Survivor|1: 804 254 102 39 20 9 4 1
19867|Survivor|1: 792 242 102 49 24 9 4 1
20006|Survivor|1: 859 320 117 52 24 9 4 1
20016|Survivor|1: 845 317 125 52 24 9 4 1
20029|Survivor|1: 914 299 126 59 24 9 4 1
20036|Survivor|1: 794 277 115 56 24 9 4 1
20067|Child_Cross21|14: 743 268 109 47 23 10 4 1
20079|Child_Cross21|6: 783 269 109 47 23 10 4 1
20080|Child_Cross12|57: 785 269 109 47 23 10 4 1
20082|Survivor|1: 782 268 109 47 23 10 4 1
20086|Child_Avg|35: 849 269 109 47 23 10 4 1
20092|Child_Cross12|9|Mutated: 767 268 109 47 23 10 4 1
20094|Child_Avg|19: 797 268 109 47 23 10 4 1
20096|Child_Cross12|17: 783 268 109 47 23 10 4 1
20097|Child_Cross12|57: 823 268 109 47 23 10 4 1
20098|Child_Cross12|53: 826 268 109 47 23 10 4 1
20099|Child_Cross12|13: 812 268 109 47 23 10 4 1
20103|Child_Cross21|14: 794 268 109 47 23 10 4 1
20105|Child_Cross21|54: 820 268 109 47 23 10 4 1
20107|Child_Cross12|13: 859 268 109 47 23 10 4 1
20109|Child_Cross12|13: 808 268 109 47 23 10 4 1
20114|Child_Avg|7: 800 268 109 47 23 10 4 1
20119|Child_Cross12|17: 799 268 109 47 23 10 4 1
20120|Child_Avg|31: 807 284 109 47 23 10 4 1
20123|Child_Cross12|37: 814 268 109 47 23 10 4 1
20130|Child_Cross12|53: 803 276 109 47 23 10 4 1
20135|Child_Cross21|42: 818 268 109 47 23 10 4 1
20140|Child_Cross12|17: 809 268 109 47 23 10 4 1
20166|Survivor|1: 811 268 109 47 23 10 4 1
20168|Child_Cross21|10: 817 268 109 47 23 10 4 1
20179|Child_Avg|7: 815 268 109 47 23 10 4 1
20201|Child_Cross12|9: 805 268 109 47 23 10 4 1
20208|Child_Cross12|57: 811 292 109 47 23 10 4 1
20210|Child_Cross21|42: 808 299 109 47 23 10 4 1
20213|Child_Avg|55: 798 277 109 47 23 10 4 1
20214|Child_Cross21|14: 812 261 109 47 23 10 4 1
20219|Child_Cross21|46: 808 292 109 47 23 10 4 1
20224|Child_Cross12|5: 793 276 109 47 23 10 4 1
20235|Child_Cross12|49: 806 268 109 47 23 10 4 1
20293|Survivor|1: 801 287 115 45 21 10 4 1
20297|Child_CrossABC2|2: 821 274 113 43 20 9 4 1
20301|Survivor|1: 806 278 113 43 20 9 4 1
20709|Survivor|1: 1228 306 141 56 25 9 4 1
20716|Child_Avg|7: 927 307 125 56 24 9 4 1
20724|Survivor|1: 891 302 129 53 25 9 4 1
20726|Child_Avg|39: 931 289 126 49 24 9 4 1
20730|Child_CrossABC1|1: 899 298 133 49 24 9 4 1
20783|Survivor|1: 797 304 118 43 24 9 4 1
20895|Child_CrossABC1|1: 1046 356 133 49 24 9 4 1
20937|Child_Cross21|46: 946 291 118 43 24 9 4 1
20990|Child_Avg|59: 805 246 108 43 24 9 4 1
21014|Child_Cross21|58: 788 246 108 43 24 9 4 1
21020|Child_Cross12|41: 809 246 108 43 24 9 4 1
21024|Child_Cross12|49: 801 246 108 43 24 9 4 1
21029|Child_Cross12|25: 810 246 108 43 24 9 4 1
21038|Child_Avg|23: 804 246 108 43 24 9 4 1
21101|Survivor|1: 800 246 108 43 24 9 4 1
21439|Child_CrossABC2|2: 801 287 114 50 24 9 4 1
21578|Child_Cross12|45: 896 283 114 50 24 9 4 1
21605|Survivor|1: 879 281 111 46 24 9 4 1
21623|Child_CrossABC2|8: 811 299 117 49 24 9 4 1
21721|Child_Avg|7: 964 363 139 55 24 9 4 1
21880|Survivor|1: 787 283 105 50 24 9 4 1
21895|Survivor|1: 918 289 110 49 24 9 4 1
21912|Survivor|1: 877 275 106 46 24 9 4 1
21929|Survivor|1: 933 273 106 46 24 9 4 1
22007|Survivor|1: 921 277 102 47 23 10 4 1
22094|Child_CrossABC1|1: 806 263 113 46 24 9 4 1
22117|Child_Cross12|21: 797 275 112 43 24 9 4 1
22119|Child_Cross12|45: 794 273 112 43 24 9 4 1
22123|Child_Cross12|13: 788 275 112 43 24 9 4 1
22126|Child_Cross21|42: 792 273 112 43 24 9 4 1
22150|Child_Cross21|38: 798 273 112 43 24 9 4 1
22164|Child_Avg|35: 788 273 112 43 24 9 4 1
22173|Child_Cross21|42: 786 273 112 43 24 9 4 1
22177|Child_Cross12|45|Mutated: 818 273 112 43 24 9 4 1
22194|Survivor|1: 797 273 118 49 24 9 4 1
22240|Child_Avg|43: 748 273 112 43 24 9 4 1
22257|Child_Cross21|50: 778 273 112 43 24 9 4 1
22270|Child_Avg|43: 800 273 112 43 24 9 4 1
22276|Child_Cross21|30: 803 273 112 43 24 9 4 1
22296|Child_CrossABC2|8: 925 342 129 61 24 9 4 1
22312|Survivor|1: 812 293 123 46 24 9 4 1
22335|Child_Cross21|50: 897 291 118 43 24 9 4 1
22387|Child_Avg|55: 892 305 108 46 24 9 4 1
22407|Survivor|1: 912 289 111 47 24 9 4 1
22508|Survivor|1: 757 302 118 60 23 10 4 1
22514|Child_CrossABC1|1: 812 302 118 60 23 10 4 1
22527|Survivor|1: 828 273 103 51 23 10 4 1
22542|Survivor|1: 828 288 103 51 23 10 4 1
22633|Survivor|1: 1070 428 155 56 27 10 4 1
22676|Survivor|1: 914 297 103 45 21 10 4 1
22763|Child_Cross21|50: 1318 355 125 47 23 10 4 1
22965|Child_Cross21|6: 792 275 116 41 19 10 4 1
22983|Survivor|1: 761 293 125 47 23 10 4 1
22987|Survivor|1: 761 270 125 47 23 10 4 1
23016|Survivor|1: 724 300 125 47 23 10 4 1
23091|Survivor|1: 950 392 130 55 24 9 4 1
23094|Child_Avg|23: 1136 345 125 52 24 9 4 1
23270|Survivor|1: 805 244 117 49 21 10 4 1
23595|Child_CrossABC1|7: 1115 364 159 55 27 10 4 1
23608|Child_CrossABC2|8: 1242 364 157 55 27 10 4 1
23616|Child_Cross21|22: 1159 364 152 55 27 10 4 1
23619|Child_CrossABC2|2: 1268 364 159 55 27 10 4 1
23623|Child_Cross12|57: 1217 364 159 55 27 10 4 1
23627|Child_CrossABC1|1: 1222 364 159 55 27 10 4 1
23654|Survivor|1: 1203 347 134 49 24 9 4 1
23793|Child_CrossABC1|1: 1481 356 150 54 23 10 4 1
23822|Child_Cross21|58|Mutated: 910 324 119 52 20 9 4 1
23833|Survivor|1: 913 324 111 48 20 9 4 1
23893|Survivor|1: 868 335 123 46 24 9 4 1
23912|Survivor|1: 858 352 105 50 24 9 4 1
23935|Child_CrossABC2|8: 810 313 111 47 24 9 4 1
23947|Child_Cross12|49: 813 313 111 47 24 9 4 1
23954|Child_Cross12|25: 811 315 108 46 24 9 4 1
23955|Child_Cross21|54: 810 319 108 46 24 9 4 1
23980|Child_Avg|27: 817 315 108 46 24 9 4 1
23982|Child_Cross21|30: 804 315 108 46 24 9 4 1
23983|Child_Cross12|13: 813 311 108 46 24 9 4 1
23987|Child_Avg|39: 816 313 108 46 24 9 4 1
23988|Child_CrossABC2|8: 788 311 108 46 24 9 4 1
23991|Child_Avg|51: 803 313 108 46 24 9 4 1
24002|Child_Cross12|57: 811 313 108 46 24 9 4 1
24005|Child_Cross21|10: 814 313 108 46 24 9 4 1
24007|Child_Cross12|57: 808 313 108 46 24 9 4 1
24011|Child_Cross21|22: 797 311 108 46 24 9 4 1
24021|Child_Cross21|2: 791 311 108 46 24 9 4 1
24038|Child_Cross12|1: 797 313 108 46 24 9 4 1
24042|Child_Avg|59: 805 313 108 46 24 9 4 1
24059|Child_Cross21|14: 795 313 108 46 24 9 4 1
24062|Child_Cross12|5: 819 313 108 46 24 9 4 1
24069|Child_Cross12|29: 806 313 108 46 24 9 4 1
24083|Survivor|1: 800 287 108 46 24 9 4 1
24086|Survivor|1|Mutated: 784 287 108 46 24 9 4 1
24104|Survivor|1: 795 272 111 52 24 9 4 1
24109|Child_Avg|43: 770 287 108 46 24 9 4 1
24244|Survivor|1: 816 306 108 43 24 9 4 1
24254|Survivor|1: 795 301 115 56 24 9 4 1
24295|Child_Avg|15: 810 279 111 52 24 9 4 1
24312|Survivor|1: 909 286 117 49 24 9 4 1
24346|Survivor|1: 811 285 128 45 21 10 4 1
24462|Child_Levy|16: 975 386 153 54 23 10 4 1
24636|Survivor|1: 788 254 110 46 21 10 4 1
24739|Survivor|1: 788 266 117 49 24 9 4 1
25032|Survivor|1: 807 286 111 52 24 9 4 1
25083|Survivor|1: 877 319 126 56 24 9 4 1
25201|Survivor|1: 861 308 108 43 24 9 4 1
25264|Survivor|1: 791 271 103 48 23 10 4 1
25342|Survivor|1: 758 229 96 41 19 10 4 1
25561|Survivor|1: 1188 358 161 55 27 10 4 1
25609|Child_Levy|20: 1212 317 125 52 24 9 4 1
25611|Survivor|1: 942 271 114 46 20 9 4 1
25627|Survivor|1: 757 279 116 46 20 9 4 1
25778|Survivor|1: 929 277 109 47 23 10 4 1
25970|Survivor|1: 770 278 102 43 20 9 4 1
26256|Child_Cross21|50: 920 287 129 49 24 9 4 1
26262|Child_Cross21|34|Mutated: 913 342 126 49 24 9 4 1
26270|Child_Cross21|58: 914 342 126 47 23 10 4 1
26297|Child_Avg|47: 857 295 110 43 20 9 4 1
26343|Child_Cross21|22: 794 269 111 46 21 10 4 1
26347|Survivor|1: 757 274 106 45 21 10 4 1
26365|Survivor|1: 805 269 107 43 20 9 4 1
26534|Survivor|1: 729 283 108 49 24 9 4 1
26557|Survivor|1: 782 279 118 45 21 10 4 1
26563|Child_Avg|47: 811 264 107 43 20 9 4 1
26585|Survivor|1: 804 261 105 43 20 9 4 1
26596|Child_CrossABC1|7: 800 263 105 43 20 9 4 1
26600|Child_Avg|51: 802 262 105 43 20 9 4 1
26618|Survivor|1: 803 262 105 43 20 9 4 1
26667|Child_Cross21|46: 811 261 98 43 20 9 4 1
26693|Child_CrossABC1|1: 810 261 98 43 20 9 4 1
26709|Child_CrossABC1|1: 791 282 105 43 20 9 4 1
26713|Child_Cross12|41: 795 282 105 43 20 9 4 1
26714|Child_Cross12|33: 809 282 105 43 20 9 4 1
26736|Survivor|1: 803 281 104 43 20 9 4 1
26755|Child_Cross12|21: 831 266 105 43 20 9 4 1
26773|Child_Avg|23: 825 264 105 43 20 9 4 1
26796|Child_Cross21|30: 824 263 105 43 20 9 4 1
26802|Survivor|1: 826 264 105 43 20 9 4 1
26808|Child_Cross12|57: 835 263 105 43 20 9 4 1
26810|Child_Cross21|38: 825 263 105 43 20 9 4 1
26812|Child_Cross12|53: 830 263 105 43 20 9 4 1
26816|Child_Avg|59: 845 262 105 43 20 9 4 1
26826|Child_Cross21|26: 827 262 105 43 20 9 4 1
26830|Child_Cross12|13: 846 262 105 43 20 9 4 1
26854|Child_Cross21|10: 836 262 105 43 20 9 4 1
26857|Child_Cross21|10: 807 262 105 43 20 9 4 1
26858|Child_Cross21|10: 826 262 105 43 20 9 4 1
26873|Survivor|1: 816 262 105 43 20 9 4 1
26878|Child_Cross21|6: 821 262 105 43 20 9 4 1
26884|Child_Cross12|13: 818 262 105 43 20 9 4 1
26888|Child_Cross12|17: 808 262 105 43 20 9 4 1
26901|Child_Cross12|17: 817 262 105 43 20 9 4 1
26916|Child_Avg|11: 841 262 105 43 20 9 4 1
26918|Child_Cross21|42: 798 262 105 43 20 9 4 1
26942|Child_CrossABC1|7: 818 264 105 43 20 9 4 1
26948|Child_Cross21|22: 822 262 105 43 20 9 4 1
26956|Child_Cross21|18: 813 262 105 43 20 9 4 1
27162|Child_Cross12|41|Mutated: 809 263 117 52 24 9 4 1
27199|Survivor|1: 836 263 107 43 19 10 4 1
27203|Child_Cross12|5: 857 263 107 43 19 10 4 1
27208|Child_Cross21|50: 824 263 107 43 19 10 4 1
27209|Child_Avg|7: 806 263 107 43 19 10 4 1
27216|Child_Cross21|2: 830 263 107 43 19 10 4 1
27241|Child_Cross12|5: 814 263 107 43 19 10 4 1
27461|Survivor|1: 1201 349 164 55 24 9 4 1
27475|Survivor|1: 808 287 123 52 24 9 4 1
27483|Survivor|1: 827 308 127 45 21 10 4 1
27526|Survivor|1: 905 313 121 52 24 9 4 1
27529|Survivor|1: 842 309 126 52 24 9 4 1
27773|Survivor|1: 749 282 108 49 24 9 4 1
27818|Survivor|1: 739 272 109 49 24 9 4 1
27945|Survivor|1: 787 273 110 50 24 9 4 1
28277|Survivor|1: 796 258 103 48 21 10 4 1
28314|Child_Avg|43: 928 276 111 51 23 10 4 1
28374|Survivor|1: 900 327 121 47 23 10 4 1
28382|Child_Avg|55: 943 304 122 47 23 10 4 1
28392|Child_Avg|47: 912 331 122 47 23 10 4 1
28397|Child_Cross21|42: 1011 300 125 47 23 10 4 1
28398|Child_Cross21|2: 920 327 122 47 23 10 4 1
28400|Survivor|1: 933 322 122 47 23 10 4 1
28401|Child_Cross12|57: 925 326 122 47 23 10 4 1
28402|Child_Cross21|34: 949 302 122 47 23 10 4 1
28406|Child_Cross21|54: 893 327 122 47 23 10 4 1
28408|Child_Cross12|13: 930 326 122 47 23 10 4 1
28409|Child_Cross12|5: 945 304 122 47 23 10 4 1
28410|Child_Cross21|50: 905 327 122 47 23 10 4 1
28411|Child_Cross12|17: 909 326 122 47 23 10 4 1
28414|Child_Cross21|38: 885 327 122 47 23 10 4 1
28415|Child_Avg|11: 871 326 122 47 23 10 4 1
28416|Child_Cross12|17: 896 327 122 47 23 10 4 1
28422|Child_Cross21|10: 895 326 122 47 23 10 4 1
28423|Child_Cross21|58: 902 326 122 47 23 10 4 1
28425|Child_Cross12|53: 911 326 122 47 23 10 4 1
28431|Child_Cross12|13: 913 326 122 47 23 10 4 1
28432|Child_Cross21|58: 906 326 122 47 23 10 4 1
28434|Child_Cross12|29: 923 326 122 47 23 10 4 1
28437|Child_Cross12|21: 916 326 122 47 23 10 4 1
28438|Child_Cross21|2: 894 326 122 47 23 10 4 1
28454|Child_Cross21|22: 905 326 122 47 23 10 4 1
28456|Child_Cross21|26|Mutated: 906 326 122 57 23 10 4 1
28482|Child_Cross12|33: 906 330 122 47 23 10 4 1
28492|Child_Cross12|41: 921 326 122 47 23 10 4 1
28496|Child_Cross12|9: 910 326 122 47 23 10 4 1
28505|Child_Avg|15: 914 326 122 47 23 10 4 1
28513|Child_Avg|19: 918 326 122 47 23 10 4 1
28527|Child_CrossABC1|1: 866 326 122 47 23 10 4 1
28542|Child_Cross12|45: 888 326 122 47 23 10 4 1
28543|Child_CrossABC1|7: 893 326 122 47 23 10 4 1
28546|Child_Avg|19: 904 326 122 47 23 10 4 1
28566|Child_Avg|43: 899 326 122 47 23 10 4 1
28587|Child_Cross12|49: 883 326 122 47 23 10 4 1
28606|Child_Avg|59: 920 326 122 47 23 10 4 1
28617|Child_Avg|27: 874 326 122 47 23 10 4 1
28636|Child_Cross12|25: 907 326 122 47 23 10 4 1
28665|Child_Cross21|10: 813 326 122 47 23 10 4 1
28668|Child_Cross21|2: 864 326 122 47 23 10 4 1
28671|Child_Cross12|17: 847 326 122 47 23 10 4 1
28675|Child_Avg|47: 876 326 122 47 23 10 4 1
28694|Child_Avg|47: 881 326 122 47 23 10 4 1
28697|Child_Avg|15: 873 326 122 47 23 10 4 1
28700|Child_Cross12|37: 848 326 122 47 23 10 4 1
28734|Child_Avg|43: 902 338 126 49 24 9 4 1
29080|Survivor|1: 795 253 107 46 20 9 4 1
29108|Child_Cross12|45: 793 301 122 47 23 10 4 1
29288|Survivor|1: 837 260 117 44 23 10 4 1
29323|Survivor|1: 1084 327 158 58 24 9 4 1
29345|Child_CrossABC2|2: 925 342 126 49 24 9 4 1
29347|Child_CrossABC1|7: 898 342 126 49 24 9 4 1
29352|Child_CrossABC2|8: 894 342 126 49 24 9 4 1
29353|Child_CrossABC1|7: 896 339 126 49 24 9 4 1
29354|Child_CrossABC2|8: 895 339 126 49 24 9 4 1
29362|Child_CrossABC2|2: 897 339 126 49 24 9 4 1
29365|Child_Cross21|42: 894 339 126 49 24 9 4 1
29371|Survivor|1: 893 339 126 49 24 9 4 1
29380|Child_CrossABC1|1: 898 339 126 49 24 9 4 1
29391|Child_Cross12|49: 889 341 124 46 24 9 4 1
29399|Child_Cross12|17: 884 339 124 46 24 9 4 1
29407|Child_Cross21|18: 890 339 124 46 24 9 4 1
29415|Child_Cross21|26: 889 339 124 46 24 9 4 1
29416|Child_Cross12|49: 883 339 124 46 24 9 4 1
29425|Child_Avg|51: 904 339 124 46 24 9 4 1
29428|Child_Cross21|50|Mutated: 888 339 124 46 24 9 4 1
29442|Child_Cross21|2: 910 339 124 46 24 9 4 1
29450|Child_Cross12|45: 891 339 124 46 24 9 4 1
29461|Child_Cross21|30: 903 339 124 46 24 9 4 1
29472|Child_Cross21|26: 901 339 124 46 24 9 4 1
29473|Child_Cross21|6: 871 339 124 46 24 9 4 1
29476|Child_Cross21|22: 887 339 124 46 24 9 4 1
29508|Survivor|1: 885 339 124 46 24 9 4 1
29623|Child_Cross12|17: 780 290 106 41 19 10 4 1
29657|Child_Cross21|50: 787 290 106 41 19 10 4 1
29731|Survivor|1: 769 290 106 41 19 10 4 1
29817|Child_CrossABC1|1: 919 288 127 52 20 9 4 1
29908|Survivor|1: 935 294 131 50 24 9 4 1
29930|Child_Avg|3: 951 289 121 46 24 9 4 1
29939|Child_Cross12|53: 932 306 121 46 24 9 4 1
29955|Survivor|1: 932 285 130 46 24 9 4 1
29960|Child_Cross21|6: 948 304 121 46 24 9 4 1
29973|Child_Cross12|9: 931 304 121 46 24 9 4 1
29975|Child_Cross21|6: 949 304 121 46 24 9 4 1
29980|Child_Cross12|5: 952 304 121 46 24 9 4 1
29981|Child_Avg|23: 950 304 121 46 24 9 4 1
29984|Child_Cross21|22: 951 304 121 46 24 9 4 1
29995|Child_Cross21|42: 905 304 121 46 24 9 4 1
30007|Survivor|1: 902 304 121 46 24 9 4 1
30008|Child_CrossABC1|7: 889 304 121 46 24 9 4 1
30012|Child_Cross21|10: 933 304 121 46 24 9 4 1
30015|Child_Avg|7: 922 304 121 46 24 9 4 1
30019|Child_Cross21|26: 903 304 121 46 24 9 4 1
30031|Child_Cross21|14: 935 304 121 46 24 9 4 1
30041|Child_Avg|11: 888 304 121 46 24 9 4 1
30048|Child_CrossABC2|2: 919 304 121 46 24 9 4 1
30057|Child_Cross12|49: 829 304 121 46 24 9 4 1
30067|Child_Cross12|29: 828 304 121 46 24 9 4 1
30077|Child_Cross12|17: 827 304 121 46 24 9 4 1
30079|Child_Avg|31: 811 304 121 46 24 9 4 1
30086|Survivor|1: 826 304 121 46 24 9 4 1
30093|Child_Avg|27: 818 304 121 46 24 9 4 1
30099|Child_Cross21|14: 810 304 121 46 24 9 4 1
30100|Child_Cross12|21: 814 304 121 46 24 9 4 1
30102|Child_Cross21|14: 806 304 121 46 24 9 4 1
30112|Child_Cross12|29: 812 304 121 46 24 9 4 1
30116|Child_Cross12|37: 802 304 121 46 24 9 4 1
30135|Child_Cross12|29: 816 304 121 46 24 9 4 1
30168|Child_CrossABC1|7: 809 304 121 46 24 9 4 1
30183|Child_CrossABC2|2: 765 304 121 46 24 9 4 1
30186|Child_Cross21|22: 822 304 121 46 24 9 4 1
30198|Child_Cross21|18: 815 304 121 46 24 9 4 1
30204|Survivor|1: 813 304 121 46 24 9 4 1
30218|Survivor|1: 811 289 121 46 24 9 4 1
30231|Child_Cross12|29: 813 282 121 46 24 9 4 1
30241|Survivor|1: 812 289 121 52 24 9 4 1
30250|Child_Cross12|13: 811 289 108 46 24 9 4 1
30251|Child_CrossABC1|7: 811 289 130 46 24 9 4 1
30256|Child_Cross21|14: 765 289 130 46 24 9 4 1
30257|Child_Cross21|10|Mutated: 798 292 121 46 20 9 4 1
30268|Child_Cross12|37: 800 301 121 46 24 9 4 1
30271|Child_Cross21|58: 809 280 121 46 24 9 4 1
30272|Child_Cross12|37: 809 301 121 46 24 9 4 1
30287|Child_Cross21|18: 802 307 113 46 24 9 4 1
30307|Survivor|1: 1093 358 129 49 24 9 4 1
30334|Survivor|1: 763 259 114 46 20 9 4 1
30683|Child_CrossABC2|8: 836 263 116 43 20 9 4 1
30687|Survivor|1: 893 273 116 43 20 9 4 1
30731|Survivor|1: 788 231 110 43 20 9 4 1
30789|Child_Cross21|2: 1081 335 148 54 19 10 4 1
30808|Child_LevyABC2|12|Mutated: 785 297 103 45 21 10 4 1
30839|Child_Cross12|1: 775 282 109 41 19 10 4 1
30857|Survivor|1: 856 322 111 48 20 9 4 1
30959|Child_Cross12|57: 807 291 108 46 24 9 4 1
31045|Survivor|1: 864 253 118 49 24 9 4 1
31073|Survivor|1: 843 244 109 47 23 10 4 1
31084|Survivor|1: 1101 301 114 64 24 9 4 1
31149|Child_Avg|39: 796 250 98 41 20 9 4 1
31276|Survivor|1: 804 275 118 43 20 9 4 1
31337|Survivor|1: 1386 358 128 55 24 9 4 1
31341|Survivor|1: 966 404 166 57 23 10 4 1
31351|Survivor|1: 832 363 147 59 24 9 4 1
31359|Survivor|1: 799 334 135 50 24 9 4 1
31408|Child_Cross12|41: 1462 392 162 65 24 9 4 1
31473|Survivor|1: 751 280 113 46 24 9 4 1
31596|Survivor|1: 776 291 111 49 24 9 4 1
31629|Child_CrossABC1|7: 908 256 115 59 21 10 4 1
31697|Survivor|1: 940 279 111 52 24 9 4 1
31706|Survivor|1: 790 311 109 49 24 9 4 1
31721|Child_CrossABC1|1|Mutated: 915 354 135 56 25 9 4 1
31723|Child_Cross12|49: 1124 321 108 46 24 9 4 1
31738|Survivor|1: 1140 381 152 55 27 10 4 1
31756|Survivor|1: 931 287 108 43 24 9 4 1
32247|Survivor|1: 1412 405 146 60 21 10 4 1
32259|Survivor|1: 912 322 115 49 21 10 4 1
32263|Survivor|1: 813 262 122 46 21 10 4 1
32278|Child_Cross12|9: 788 307 105 43 20 9 4 1
32283|Child_Avg|47: 804 309 107 43 20 9 4 1
32285|Child_Avg|23: 806 309 107 43 20 9 4 1
32289|Child_Cross12|33: 791 286 107 43 20 9 4 1
32296|Child_Cross21|18: 806 288 107 43 20 9 4 1
32304|Child_Cross12|25: 797 288 107 43 20 9 4 1
32332|Survivor|1: 773 288 107 43 20 9 4 1
32338|Child_Cross21|34: 774 288 107 43 20 9 4 1
32340|Child_Avg|15: 772 288 107 43 20 9 4 1
32346|Child_Avg|23: 776 288 107 43 20 9 4 1
32362|Survivor|1: 762 288 107 43 20 9 4 1
32423|Survivor|1: 748 270 107 43 20 9 4 1
32529|Survivor|1: 862 261 117 50 24 9 4 1
32659|Child_Avg|47: 765 274 104 48 21 10 4 1
32779|Survivor|1: 1121 362 150 56 21 10 4 1
32801|Survivor|1: 825 302 116 45 21 10 4 1
32820|Survivor|1: 725 252 110 43 20 9 4 1
32929|Child_Cross12|53: 779 279 103 41 19 10 4 1
32937|Survivor|1: 812 284 105 41 19 10 4 1
33031|Survivor|1: 1137 345 134 56 27 10 4 1
33032|Child_Cross12|1|Mutated: 1395 378 169 55 27 10 4 1
33049|Child_CrossABC2|2: 1395 377 169 55 27 10 4 1
33051|Child_CrossABC2|2: 1395 379 169 55 27 10 4 1
33061|Child_CrossABC1|1: 1286 378 169 55 27 10 4 1
33082|Survivor|1: 905 269 117 46 24 9 4 1
33134|Child_Cross12|57: 937 287 108 43 24 9 4 1
33135|Child_Cross12|17: 902 287 108 43 24 9 4 1
33143|Child_Cross12|5: 924 287 108 43 24 9 4 1
33152|Child_Cross12|13: 922 287 108 43 24 9 4 1
33160|Survivor|1: 901 287 108 46 24 9 4 1
33166|Child_Avg|15: 907 287 108 43 24 9 4 1
33179|Survivor|1: 915 287 108 46 24 9 4 1
33216|Survivor|1: 779 287 108 43 24 9 4 1
33218|Child_CrossABC2|8: 901 287 108 43 24 9 4 1
33221|Child_CrossABC2|2: 764 287 108 43 24 9 4 1
33259|Child_CrossABC2|2: 932 316 115 49 21 10 4 1
33350|Survivor|1: 1157 344 133 49 24 9 4 1
33366|Survivor|1: 1204 326 119 49 24 9 4 1
33376|Survivor|1: 1173 325 124 46 24 9 4 1
33381|Survivor|1: 1203 325 124 46 24 9 4 1
33398|Child_CrossABC2|2|Mutated: 1223 327 127 43 20 9 4 1
33415|Survivor|1: 1150 327 127 43 24 9 4 1
33438|Survivor|1: 1081 303 130 46 24 9 4 1
33823|Child_Levy|44: 1087 309 130 59 21 10 4 1
33912|Survivor|1: 778 269 107 43 20 9 4 1
34057|Survivor|1: 769 304 121 46 24 9 4 1
34074|Child_Avg|19: 773 300 113 43 24 9 4 1
34089|Survivor|1: 771 289 113 43 24 9 4 1
34098|Survivor|1: 771 297 113 43 24 9 4 1
34112|Child_Cross21|50: 791 297 112 43 24 9 4 1
34139|Child_Cross21|58: 773 285 112 43 24 9 4 1
34152|Child_Cross12|21: 794 292 112 43 24 9 4 1
34158|Survivor|1: 780 285 112 43 24 9 4 1
34200|Child_CrossABC2|8: 793 292 112 43 24 9 4 1
34317|Survivor|1: 824 269 117 46 24 9 4 1
34338|Child_Avg|51: 1121 389 147 67 24 9 4 1
34343|Survivor|1: 816 267 118 43 24 9 4 1
34356|Survivor|1: 810 264 118 43 24 9 4 1
34401|Survivor|1: 1373 373 155 50 24 9 4 1
34507|Child_Cross12|57: 1227 349 127 43 20 9 4 1
34529|Survivor|1: 1212 349 127 43 20 9 4 1
34686|Child_Cross21|26|Mutated: 876 308 109 47 23 10 4 1
34690|Child_Cross21|2: 832 293 109 45 21 10 4 1
34723|Child_CrossABC1|7: 881 278 107 49 21 10 4 1
34724|Child_Cross21|22: 790 288 113 47 21 10 4 1
34734|Survivor|1: 795 281 113 45 21 10 4 1
34745|Child_Avg|39|Mutated: 796 285 127 53 19 10 4 1
34777|Child_Cross12|33: 871 334 114 47 23 10 4 1
34819|Survivor|1: 1160 467 155 58 23 10 4 1
34840|Survivor|1: 859 315 108 46 24 9 4 1
34856|Child_CrossABC1|7: 889 279 108 46 24 9 4 1
34857|Child_Cross12|53|Mutated: 879 299 108 46 24 9 4 1
34858|Child_Cross12|37: 841 295 108 46 24 9 4 1
34860|Child_Cross12|25: 884 289 108 46 24 9 4 1
34863|Child_Cross12|37: 879 315 108 46 24 9 4 1
34877|Child_Avg|35: 811 297 108 46 24 9 4 1
34879|Child_CrossABC2|2: 820 297 108 46 24 9 4 1
34882|Child_Cross12|1: 828 297 108 46 24 9 4 1
34886|Child_Cross12|41: 771 299 108 46 24 9 4 1
34888|Child_Cross21|18: 774 297 108 46 24 9 4 1
34890|Child_Avg|23: 803 297 108 46 24 9 4 1
34895|Child_Cross21|54: 809 297 108 46 24 9 4 1
34896|Child_Cross21|14: 817 297 108 46 24 9 4 1
34902|Child_Avg|31: 782 297 108 46 24 9 4 1
34906|Child_Cross21|22: 806 297 108 46 24 9 4 1
34907|Child_Cross12|29: 790 297 108 46 24 9 4 1
34911|Child_Cross21|30: 798 297 108 46 24 9 4 1
34917|Child_Avg|59: 793 297 108 46 24 9 4 1
34919|Child_Cross12|33: 795 297 108 46 24 9 4 1
34928|Child_Cross21|14: 801 297 108 46 24 9 4 1
34940|Child_Cross12|37: 801 281 108 46 24 9 4 1
34943|Child_Cross21|14: 800 297 108 46 24 9 4 1
34967|Child_CrossABC1|1: 782 295 108 46 24 9 4 1
34968|Child_Avg|11: 792 297 108 46 24 9 4 1
34974|Child_Cross21|10: 784 297 108 46 24 9 4 1
34994|Child_Cross12|49: 800 283 108 46 24 9 4 1
34999|Child_Cross21|42: 814 297 108 46 24 9 4 1
35005|Child_Avg|15: 798 287 108 46 24 9 4 1
35007|Child_Avg|31: 793 287 108 46 24 9 4 1
35011|Child_Avg|55: 765 297 108 46 24 9 4 1
35025|Child_Cross21|18: 787 297 108 46 24 9 4 1
35034|Child_Cross12|33: 779 305 108 46 24 9 4 1
35035|Child_Cross12|29: 776 297 108 46 24 9 4 1
35050|Child_Cross21|30: 785 297 108 46 24 9 4 1
35073|Child_Cross12|49: 788 303 108 46 24 9 4 1
35420|Child_CrossABC2|2: 925 295 109 49 24 9 4 1
35428|Survivor|1: 940 295 108 46 24 9 4 1
35434|Survivor|1: 925 295 108 46 24 9 4 1
35567|Survivor|1: 787 321 115 55 27 10 4 1
35587|Survivor|1: 829 308 109 47 23 10 4 1
35692|Survivor|1: 852 272 103 43 19 10 4 1
35881|Survivor|1: 1245 363 143 56 24 9 4 1
35892|Survivor|1: 785 286 114 47 23 10 4 1
35900|Survivor|1: 785 286 102 47 23 10 4 1
36073|Survivor|1: 1044 373 150 56 27 10 4 1
36077|Survivor|1: 882 310 137 54 23 10 4 1
36283|Child_CrossABC1|7: 854 308 108 49 24 9 4 1
36289|Survivor|1: 1142 413 126 55 24 9 4 1
36414|Child_Avg|3: 1092 328 122 53 24 9 4 1
36421|Child_CrossABC1|7: 1057 299 121 52 24 9 4 1
36564|Survivor|1: 812 255 108 41 19 10 4 1
36594|Child_Cross21|34: 818 255 108 41 19 10 4 1
36610|Child_Cross21|2: 783 236 108 41 19 10 4 1
36633|Child_Cross21|42: 822 255 109 41 19 10 4 1
36668|Child_Cross12|53: 824 255 108 41 19 10 4 1
36680|Child_Cross21|22: 824 303 108 41 19 10 4 1
36738|Survivor|1: 839 271 122 46 24 9 4 1
36779|Child_Avg|51: 917 297 114 49 21 10 4 1
36789|Survivor|1: 919 297 114 49 21 10 4 1
36809|Survivor|1: 840 295 111 49 21 10 4 1
36817|Survivor|1: 797 251 109 45 21 10 4 1
36962|Survivor|1: 923 331 107 43 20 9 4 1
37214|Survivor|1: 1421 391 157 61 30 11 5 1
37278|Survivor|1: 834 261 114 47 24 9 4 1
37535|Survivor|1: 798 242 117 46 24 9 4 1
37547|Survivor|1: 805 239 136 45 21 10 4 1
37691|Child_CrossABC2|2: 785 283 117 52 20 9 4 1
37809|Child_Cross12|17: 979 386 138 53 24 9 4 1
37821|Child_CrossABC1|1: 880 359 138 53 24 9 4 1
37831|Child_Cross21|18: 855 295 128 46 24 9 4 1
37889|Survivor|1: 804 302 118 43 24 9 4 1
37956|Child_Levy|48: 777 251 116 50 24 9 4 1
38032|Child_Cross12|37: 915 294 118 43 24 9 4 1
38060|Child_Cross12|41: 922 291 118 43 24 9 4 1
38197|Child_Avg|11: 933 323 121 46 24 9 4 1
38214|Survivor|1: 923 341 138 58 24 9 4 1
38271|Child_CrossABC1|7: 919 333 133 47 23 10 4 1
38281|Child_Avg|35: 887 351 135 47 23 10 4 1
38282|Child_Cross21|54: 924 340 133 47 23 10 4 1
38284|Child_Cross21|18: 923 349 135 47 23 10 4 1
38286|Child_Cross21|18: 922 353 136 47 23 10 4 1
38293|Child_Cross21|18: 924 340 125 47 23 10 4 1
38296|Child_Cross12|53: 909 340 133 47 23 10 4 1
38304|Child_CrossABC1|1: 912 340 125 47 23 10 4 1
38305|Child_Cross12|37: 857 340 125 47 23 10 4 1
38311|Survivor|1: 914 339 125 47 23 10 4 1
38314|Child_Cross12|33: 911 339 125 47 23 10 4 1
38315|Child_CrossABC1|7|Mutated: 878 339 125 47 23 10 4 1
38316|Child_CrossABC1|7: 924 341 125 47 23 10 4 1
38317|Child_Cross12|29: 901 340 125 47 23 10 4 1
38318|Child_Cross12|9: 905 340 125 47 23 10 4 1
38319|Child_Cross21|30: 890 339 125 47 23 10 4 1
38326|Child_Cross12|21: 915 339 125 47 23 10 4 1
38327|Child_Avg|23: 897 340 125 47 23 10 4 1
38328|Child_Avg|47: 909 340 125 47 23 10 4 1
38330|Child_Cross21|18: 892 324 125 47 23 10 4 1
38331|Child_CrossABC2|8: 885 331 125 47 23 10 4 1
38334|Child_Avg|51: 896 332 125 47 23 10 4 1
38337|Child_Cross21|18: 920 340 125 47 23 10 4 1
38338|Child_Cross12|17: 900 339 125 47 23 10 4 1
38340|Child_Cross21|50: 900 332 125 47 23 10 4 1
38357|Child_CrossABC1|1: 900 292 125 47 23 10 4 1
38368|Child_Cross21|30: 834 296 126 47 23 10 4 1
38370|Child_CrossABC1|7: 807 292 125 47 23 10 4 1
38373|Survivor|1: 814 294 125 47 23 10 4 1
38375|Child_CrossABC2|2|Mutated: 818 293 125 47 23 10 4 1
38378|Survivor|1: 817 292 125 47 23 10 4 1
38380|Child_CrossABC1|1: 815 292 125 47 23 10 4 1
38383|Child_CrossABC2|2: 817 294 125 47 23 10 4 1
38387|Child_Cross21|42: 821 292 125 47 23 10 4 1
38513|Child_Cross12|41: 1225 330 138 49 24 9 4 1
38531|Child_Cross21|54: 1239 336 151 49 24 9 4 1
38568|Child_CrossABC1|7: 810 310 122 43 24 9 4 1
38635|Survivor|1: 754 292 121 52 24 9 4 1
38721|Survivor|1: 873 323 117 54 23 10 4 1
38741|Survivor|1: 966 323 117 54 23 10 4 1
38828|Survivor|1: 877 274 127 45 21 10 4 1
38845|Child_Avg|15: 813 267 114 46 20 9 4 1
38855|Child_Cross12|33: 786 274 110 43 20 9 4 1
38889|Child_Cross21|42: 748 269 107 43 20 9 4 1
38893|Child_Cross21|46: 781 269 107 43 20 9 4 1
38899|Child_Cross21|6: 771 269 107 43 20 9 4 1
38903|Child_Avg|11: 780 269 107 43 20 9 4 1
38918|Child_Cross21|22: 789 269 107 43 20 9 4 1
38922|Child_Avg|7: 768 269 107 43 20 9 4 1
38976|Survivor|1: 869 298 119 57 23 10 4 1
38988|Child_Cross12|41: 824 280 118 57 23 10 4 1
39009|Child_Cross21|46: 844 307 122 47 23 10 4 1
39017|Child_CrossABC1|7: 845 307 122 47 23 10 4 1
39020|Child_Avg|23: 846 326 122 47 23 10 4 1
39023|Child_CrossABC1|7: 846 298 122 47 23 10 4 1
39045|Child_Cross12|37: 840 304 117 44 23 10 4 1
39052|Child_Cross12|37: 805 302 117 44 23 10 4 1
39059|Child_Cross21|18: 825 302 117 44 23 10 4 1
39061|Child_Cross21|18: 807 302 117 44 23 10 4 1
39067|Child_Cross12|5: 806 302 117 44 23 10 4 1
39085|Child_Cross21|58: 821 302 117 44 23 10 4 1
39092|Child_Cross21|18: 801 302 117 44 23 10 4 1
39095|Child_Avg|19: 796 302 117 44 23 10 4 1
39104|Child_Avg|7: 802 302 117 44 23 10 4 1
39107|Child_CrossABC2|8: 797 302 117 44 23 10 4 1
39110|Child_Avg|11: 800 302 117 44 23 10 4 1
39132|Child_Cross12|49: 782 302 117 44 23 10 4 1
39152|Child_Cross12|37: 816 302 117 44 23 10 4 1
39167|Child_Cross12|45: 812 302 117 44 23 10 4 1
39190|Child_Cross21|26: 826 302 117 44 23 10 4 1
39193|Child_Cross21|26: 822 302 117 44 23 10 4 1
39221|Child_CrossABC2|8: 841 302 117 44 23 10 4 1
39384|Survivor|1: 809 289 114 49 24 9 4 1
39469|Survivor|1: 931 300 129 55 24 9 4 1
39471|Child_Avg|31: 820 295 122 52 24 9 4 1
39477|Child_Cross12|29: 947 285 118 50 24 9 4 1
39522|Child_Cross12|13: 825 282 119 45 21 10 4 1
39646|Survivor|1: 817 248 109 45 21 10 4 1
39653|Survivor|1: 867 248 107 43 20 9 4 1
39669|Child_Cross12|41: 858 248 107 43 20 9 4 1
39672|Survivor|1: 865 248 107 43 20 9 4 1
39676|Child_Avg|3: 814 248 107 43 20 9 4 1
39682|Child_Cross12|5: 824 248 107 43 20 9 4 1
39684|Child_Cross21|26: 801 248 107 43 20 9 4 1
39685|Child_Cross12|49: 844 248 107 43 20 9 4 1
39688|Child_Cross21|58: 815 248 107 43 20 9 4 1
39691|Child_Cross12|37: 802 248 107 43 20 9 4 1
39695|Survivor|1: 813 248 107 43 20 9 4 1
39697|Child_Cross21|54: 827 248 107 43 20 9 4 1
39703|Child_Cross21|54: 811 248 107 43 20 9 4 1
39706|Child_Cross21|18: 803 248 107 43 20 9 4 1
39748|Survivor|1: 792 244 106 41 19 10 4 1
40026|Survivor|1: 762 235 104 46 21 10 4 1
40066|Child_CrossABC2|2: 807 244 108 43 24 9 4 1
40073|Child_Avg|35: 820 244 108 43 24 9 4 1
40111|Survivor|1: 844 253 108 46 24 9 4 1
40315|Survivor|1: 752 314 106 45 21 10 4 1
40377|Survivor|1: 802 255 98 43 20 9 4 1
40406|Survivor|1: 754 272 103 43 19 10 4 1
40482|Survivor|1: 832 288 114 59 24 9 4 1
40538|Child_Cross21|26: 817 298 110 43 20 9 4 1
40542|Child_Cross21|58: 822 297 110 43 20 9 4 1
40547|Survivor|1: 811 295 110 43 20 9 4 1
40558|Child_Cross21|26: 808 295 110 43 20 9 4 1
40562|Child_Cross12|49: 796 295 110 43 20 9 4 1
40581|Survivor|1: 784 295 110 43 20 9 4 1
40588|Child_Cross21|22: 793 295 110 43 20 9 4 1
40597|Child_Cross12|21: 788 295 110 43 20 9 4 1
40609|Child_Cross21|38: 787 295 110 43 20 9 4 1
40614|Child_Avg|15: 795 295 110 43 20 9 4 1
40620|Child_Cross21|34: 790 295 110 43 20 9 4 1
40621|Child_Cross21|38: 785 295 110 43 20 9 4 1
40631|Child_Cross12|45: 776 295 110 43 20 9 4 1
40644|Child_CrossABC1|7: 800 295 110 43 20 9 4 1
40659|Child_Cross12|49: 809 295 110 43 20 9 4 1
40661|Child_Cross21|34: 782 295 110 43 20 9 4 1
40752|Child_Avg|7: 731 254 99 47 23 10 4 1
40817|Child_CrossABC1|7: 785 292 115 50 21 10 4 1
40920|Child_Cross12|41: 818 246 105 43 20 9 4 1
40931|Survivor|1: 813 246 111 46 20 9 4 1
40954|Child_Cross12|25: 816 244 105 43 20 9 4 1
40970|Child_CrossABC2|2: 754 287 105 43 20 9 4 1
40972|Child_CrossABC2|2: 801 287 105 43 20 9 4 1
40977|Child_CrossABC2|2: 808 288 107 43 20 9 4 1
40987|Child_CrossABC1|1: 777 288 107 43 20 9 4 1
40992|Child_Cross21|34: 751 288 107 43 20 9 4 1
41103|Survivor|1: 761 293 116 43 20 9 4 1
41127|Child_CrossABC1|1: 810 285 125 47 23 10 4 1
41187|Child_CrossABC1|1: 824 313 114 47 23 10 4 1
41199|Survivor|1: 793 307 111 46 21 10 4 1
41205|Survivor|1: 796 307 116 45 21 10 4 1
41225|Child_Cross12|37: 790 287 117 43 20 9 4 1
41577|Survivor|1: 961 287 106 46 24 9 4 1
41583|Survivor|1: 961 287 108 46 24 9 4 1
41820|Survivor|1: 812 269 109 47 23 10 4 1
41958|Survivor|1: 812 261 105 43 20 9 4 1
41979|Child_Cross12|5: 810 264 105 43 20 9 4 1
41983|Child_Cross21|10: 811 261 105 43 20 9 4 1
41998|Survivor|1: 1152 320 158 59 24 9 4 1
41999|Child_CrossABC2|2: 880 272 114 53 24 9 4 1
42046|Child_CrossABC2|8: 888 274 114 53 24 9 4 1
42056|Survivor|1: 906 293 108 49 24 9 4 1
42068|Child_Avg|15: 892 292 108 49 24 9 4 1
42074|Child_Cross21|42: 898 293 108 49 24 9 4 1
42075|Child_CrossABC2|8: 901 293 108 49 24 9 4 1
42078|Child_Avg|23: 919 293 108 49 24 9 4 1
42081|Child_Avg|7: 903 293 108 49 24 9 4 1
42083|Child_Cross12|53: 814 293 117 49 24 9 4 1
42090|Child_Cross12|33: 914 293 108 49 24 9 4 1
42093|Child_Cross21|58: 750 293 126 49 24 9 4 1
42094|Child_Cross21|6: 824 293 108 49 24 9 4 1
42099|Child_Cross12|29: 828 293 117 49 24 9 4 1
42101|Child_Avg|39: 916 293 108 49 24 9 4 1
42104|Child_Cross21|26: 912 293 108 49 24 9 4 1
42108|Child_Cross12|49: 926 293 108 49 24 9 4 1
42113|Child_Avg|23: 929 293 108 49 24 9 4 1
42141|Child_Cross12|21: 922 293 108 49 24 9 4 1
42152|Child_Cross12|53: 923 293 108 49 24 9 4 1
42166|Child_Cross12|5: 924 293 108 49 24 9 4 1
42168|Child_Cross12|9: 937 293 108 49 24 9 4 1
42173|Child_Avg|23: 913 293 108 49 24 9 4 1
42200|Child_Cross21|34: 913 283 108 49 24 9 4 1
42201|Child_Cross12|25: 849 293 126 49 24 9 4 1
42271|Survivor|1: 920 332 132 61 24 9 4 1
42282|Survivor|1: 894 300 132 53 19 10 4 1
42288|Survivor|1: 894 285 132 53 19 10 4 1
42290|Survivor|1: 941 292 129 51 19 10 4 1
42294|Survivor|1: 922 286 131 51 19 10 4 1
42302|Child_Avg|39: 923 286 131 51 19 10 4 1
42303|Child_Cross12|41: 910 286 131 51 19 10 4 1
42305|Child_CrossABC1|7: 924 286 131 51 19 10 4 1
42393|Child_Cross21|14: 778 296 108 43 24 9 4 1
42408|Child_Avg|19: 772 291 108 43 24 9 4 1
42425|Child_Cross21|14: 774 285 112 43 24 9 4 1
42436|Child_Avg|19: 771 289 108 43 24 9 4 1
42437|Child_Cross21|54: 776 287 108 43 24 9 4 1
42682|Survivor|1: 697 271 107 43 20 9 4 1
42808|Survivor|1: 752 284 107 45 23 10 4 1
42865|Child_Cross12|25: 746 284 105 41 19 10 4 1
42983|Child_CrossABC2|2: 769 273 108 46 24 9 4 1
42996|Child_CrossABC1|1: 770 275 112 43 24 9 4 1
43016|Survivor|1: 769 277 111 44 24 9 4 1
43160|Child_Avg|59: 1213 341 124 51 23 10 4 1
43183|Survivor|1: 1232 348 117 44 23 10 4 1
43196|Survivor|1: 1234 348 118 44 23 10 4 1
43432|Child_Cross12|49|Mutated: 927 344 128 47 24 9 4 1
43435|Survivor|1|Mutated: 953 329 124 46 24 9 4 1
43589|Child_Cross21|22: 820 268 108 43 24 9 4 1
43599|Child_Avg|7: 789 268 108 43 24 9 4 1
43604|Child_Avg|51: 806 268 108 43 24 9 4 1
43616|Child_Cross12|9: 755 287 108 43 24 9 4 1
43638|Child_Cross12|57: 797 268 108 43 24 9 4 1
43660|Child_CrossABC1|1: 807 268 108 43 24 9 4 1
43672|Survivor|1: 788 268 108 43 24 9 4 1
43697|Survivor|1: 780 266 105 44 24 9 4 1
43774|Child_Cross21|42: 804 319 126 47 23 10 4 1
43776|Child_Cross21|22: 784 316 125 47 23 10 4 1
43779|Child_Cross12|33: 783 318 126 47 23 10 4 1
43781|Child_Cross21|22: 789 318 125 47 23 10 4 1
43782|Child_Cross21|22: 802 318 126 47 23 10 4 1
43786|Child_Cross12|41: 782 316 125 47 23 10 4 1
43788|Child_Avg|43: 793 317 125 47 23 10 4 1
43789|Child_Avg|23: 796 318 125 47 23 10 4 1
43792|Child_Avg|27: 796 317 125 47 23 10 4 1
43794|Child_Cross21|26: 899 292 125 47 23 10 4 1
43796|Child_Cross21|38: 789 317 125 47 23 10 4 1
43798|Child_Cross12|17: 794 316 125 47 23 10 4 1
43799|Child_Cross12|37: 792 317 125 47 23 10 4 1
43801|Child_Cross12|57: 804 317 125 47 23 10 4 1
43802|Child_Avg|43: 798 316 125 47 23 10 4 1
43804|Child_Avg|15: 799 316 125 47 23 10 4 1
43811|Child_Cross12|49: 786 316 125 47 23 10 4 1
43814|Child_Cross21|58: 837 316 125 47 23 10 4 1
43819|Child_Cross12|57: 802 316 125 47 23 10 4 1
43822|Child_CrossABC2|8: 798 308 125 47 23 10 4 1
43823|Child_Cross12|13: 815 316 125 47 23 10 4 1
43824|Child_Cross12|21: 806 316 125 47 23 10 4 1
43833|Child_Cross12|53: 802 293 125 47 23 10 4 1
43834|Child_Cross21|26: 793 316 125 47 23 10 4 1
43844|Child_Cross21|42: 796 316 125 47 23 10 4 1
43846|Child_Avg|7: 829 316 125 47 23 10 4 1
43851|Child_Avg|35: 805 316 125 47 23 10 4 1
43853|Child_Cross21|14: 814 316 125 47 23 10 4 1
43855|Child_Avg|3: 834 316 125 47 23 10 4 1
43857|Child_Cross21|2: 779 316 125 47 23 10 4 1
43858|Child_Cross21|6: 849 316 125 47 23 10 4 1
43862|Child_Avg|19: 809 316 125 47 23 10 4 1
43865|Child_Cross12|1: 818 316 125 47 23 10 4 1
43872|Child_Avg|39: 803 316 125 47 23 10 4 1
43888|Survivor|1: 802 308 125 47 23 10 4 1
43889|Child_Cross12|21: 806 324 125 47 23 10 4 1
43893|Child_Cross21|50: 817 316 125 47 23 10 4 1
43900|Child_Cross12|57: 813 316 125 47 23 10 4 1
43910|Child_Cross21|58: 822 316 125 47 23 10 4 1
43912|Child_Cross21|42: 821 316 125 47 23 10 4 1
43914|Child_Cross12|33: 790 324 125 47 23 10 4 1
43918|Child_Cross21|46: 810 316 125 47 23 10 4 1
43931|Child_Cross21|22: 825 316 125 47 23 10 4 1
43934|Child_Cross12|33: 833 316 125 47 23 10 4 1
43936|Child_Cross12|37: 845 316 125 47 23 10 4 1
43938|Child_Cross12|17: 818 324 125 47 23 10 4 1
43945|Child_Cross21|6: 841 316 125 47 23 10 4 1
43948|Child_Cross21|30: 865 316 125 47 23 10 4 1
43949|Child_Cross21|10: 840 316 125 47 23 10 4 1
43964|Child_Cross21|18: 852 316 125 47 23 10 4 1
43965|Child_Avg|51: 844 316 125 47 23 10 4 1
43966|Child_Cross12|37: 896 316 125 47 23 10 4 1
43968|Child_Cross21|38: 857 316 125 47 23 10 4 1
43971|Child_Avg|19: 832 308 125 47 23 10 4 1
43972|Child_Avg|27: 843 316 125 47 23 10 4 1
43973|Child_CrossABC1|7: 803 301 125 47 23 10 4 1
43978|Child_Cross21|38: 787 316 125 47 23 10 4 1
43990|Child_Avg|27: 846 316 125 47 23 10 4 1
43999|Child_Avg|55: 864 316 125 47 23 10 4 1
44010|Child_CrossABC1|1: 872 316 125 47 23 10 4 1
44019|Child_Avg|7: 858 316 125 47 23 10 4 1
44020|Child_Cross21|50: 853 316 125 47 23 10 4 1
44022|Child_Cross21|6: 902 316 125 47 23 10 4 1
44031|Child_Cross12|37: 861 316 125 47 23 10 4 1
44035|Child_Cross21|46: 860 316 125 47 23 10 4 1
44042|Child_Cross12|5: 871 316 125 47 23 10 4 1
44046|Child_Cross12|9: 856 316 125 47 23 10 4 1
44049|Child_Avg|55: 876 316 125 47 23 10 4 1
44054|Child_Cross21|2: 890 316 125 47 23 10 4 1
44055|Child_CrossABC1|1: 823 301 125 47 23 10 4 1
44056|Child_Cross21|54: 868 316 125 47 23 10 4 1
44057|Child_Cross21|10: 837 308 125 47 23 10 4 1
44058|Child_Cross12|37: 880 316 125 47 23 10 4 1
44061|Child_Avg|11: 836 308 125 47 23 10 4 1
44063|Child_Cross12|29: 877 316 125 47 23 10 4 1
44069|Child_Cross12|25: 838 308 125 47 23 10 4 1
44077|Child_Cross21|26: 809 308 125 47 23 10 4 1
44078|Child_Cross12|49: 816 308 125 47 23 10 4 1
44080|Child_CrossABC1|7: 856 308 125 47 23 10 4 1
44083|Child_Cross12|17: 829 308 125 47 23 10 4 1
44086|Child_Avg|3: 900 308 125 47 23 10 4 1
44088|Child_Cross21|42: 825 308 125 47 23 10 4 1
44089|Child_Cross12|41: 858 308 125 47 23 10 4 1
44092|Child_CrossABC1|1: 842 308 125 47 23 10 4 1
44093|Child_CrossABC1|7: 847 308 125 47 23 10 4 1
44103|Child_CrossABC2|2: 833 308 125 47 23 10 4 1
44112|Child_Cross12|25: 898 308 125 47 23 10 4 1
44113|Child_Cross21|10: 849 308 125 47 23 10 4 1
44115|Child_Avg|39: 832 323 125 47 23 10 4 1
44118|Child_Cross12|41: 818 308 125 47 23 10 4 1
44122|Child_Avg|27: 826 308 125 47 23 10 4 1
44123|Child_Avg|19: 827 308 125 47 23 10 4 1
44131|Child_Cross21|38: 821 308 125 47 23 10 4 1
44135|Child_Avg|39: 831 308 125 47 23 10 4 1
44136|Child_Avg|35: 828 308 125 47 23 10 4 1
44139|Child_Cross21|38: 807 308 125 47 23 10 4 1
44147|Child_Cross12|53: 830 293 125 47 23 10 4 1
44158|Child_Cross21|2: 805 308 125 47 23 10 4 1
44161|Child_Cross12|41: 813 308 125 47 23 10 4 1
44163|Child_CrossABC2|8: 822 308 125 47 23 10 4 1
44164|Child_CrossABC2|8: 817 308 125 47 23 10 4 1
44190|Child_Cross21|14: 771 308 125 47 23 10 4 1
44193|Child_Avg|39: 801 308 125 47 23 10 4 1
44223|Child_Cross12|33: 811 308 125 47 23 10 4 1
44266|Child_Cross21|46: 813 298 117 44 23 10 4 1
44276|Survivor|1: 911 298 117 44 23 10 4 1
44290|Survivor|1: 831 268 117 52 24 9 4 1
44458|Survivor|1: 789 293 114 58 24 9 4 1
44631|Survivor|1: 804 319 137 52 24 9 4 1
44667|Child_Cross21|2: 760 287 107 43 24 9 4 1
44743|Survivor|1: 784 272 106 50 21 10 4 1
44764|Child_Cross12|53: 814 255 98 43 20 9 4 1
44776|Child_Avg|23: 822 255 98 43 20 9 4 1
44782|Survivor|1: 818 255 98 43 20 9 4 1
44796|Survivor|1: 751 278 112 45 21 10 4 1
44923|Survivor|1: 907 337 123 46 24 9 4 1
44927|Survivor|1: 929 336 125 52 24 9 4 1
45195|Child_Cross12|9: 931 285 125 47 23 10 4 1
45202|Child_Cross21|54: 937 286 125 47 23 10 4 1
45207|Child_Cross21|14: 939 285 125 47 23 10 4 1
45210|Child_Avg|59: 936 285 125 47 23 10 4 1
45211|Child_Avg|19: 919 285 125 47 23 10 4 1
45214|Child_Avg|47: 923 285 125 47 23 10 4 1
45215|Child_Cross21|18: 919 286 125 47 23 10 4 1
45220|Child_Cross12|25: 928 285 125 47 23 10 4 1
45222|Child_Cross12|17: 927 285 125 47 23 10 4 1
45223|Child_Cross12|25: 920 285 125 47 23 10 4 1
45225|Child_Cross12|5: 935 285 125 47 23 10 4 1
45232|Child_Cross12|25: 907 285 125 47 23 10 4 1
45234|Child_Cross21|38: 904 285 125 47 23 10 4 1
45238|Child_Cross21|34: 916 285 125 47 23 10 4 1
45364|Child_CrossABC2|2: 786 249 98 43 20 9 4 1
45371|Child_CrossABC1|1: 791 249 98 43 20 9 4 1
45491|Survivor|1: 786 281 148 58 24 9 4 1
45546|Child_CrossABC1|1: 816 332 133 49 24 9 4 1
45887|Survivor|1: 864 269 107 43 20 9 4 1
45904|Survivor|1: 814 269 107 43 20 9 4 1
46131|Child_Cross12|1: 918 362 125 47 23 10 4 1
46144|Survivor|1: 955 345 127 49 24 9 4 1
46316|Child_Avg|3: 792 308 119 46 20 9 4 1
46374|Survivor|1: 904 337 124 46 24 9 4 1
46402|Survivor|1: 1179 357 134 53 24 9 4 1
46413|Child_CrossABC2|8|Mutated: 876 323 119 49 24 9 4 1
46423|Survivor|1: 863 325 114 50 24 9 4 1
46600|Survivor|1: 828 314 111 49 24 9 4 1
46604|Survivor|1|Mutated: 828 314 126 49 24 9 4 1
46687|Survivor|1: 1035 368 128 47 24 9 4 1
46782|Survivor|1: 914 293 116 50 24 9 4 1
46976|Survivor|1: 816 327 127 43 20 9 4 1
46992|Child_Cross12|21: 782 280 118 43 20 9 4 1
47036|Child_Cross21|14: 794 273 116 43 20 9 4 1
47037|Child_CrossABC1|1: 792 273 116 43 20 9 4 1
47040|Child_CrossABC1|1: 798 273 116 46 20 9 4 1
47060|Child_Cross12|1: 814 273 116 43 20 9 4 1
47075|Child_Cross21|42: 804 276 116 43 20 9 4 1
47093|Child_Avg|31: 784 273 116 43 20 9 4 1
47097|Child_Avg|19|Mutated: 779 273 116 43 20 9 4 1
47111|Survivor|1: 781 273 116 46 20 9 4 1
47213|Survivor|1: 738 298 109 49 24 9 4 1
47223|Survivor|1: 764 292 111 49 24 9 4 1
47262|Child_CrossABC1|1: 739 282 105 43 20 9 4 1
47303|Child_Cross12|9: 743 281 113 43 20 9 4 1
47417|Survivor|1: 797 321 128 47 23 10 4 1
47495|Child_CrossABC1|1: 781 254 124 49 21 10 4 1
47731|Child_Cross21|46: 818 296 108 43 24 9 4 1
47984|Survivor|1: 854 261 108 46 20 9 4 1
48160|Survivor|1: 1082 376 131 52 24 9 4 1
48185|Child_CrossABC2|2: 803 244 107 43 20 9 4 1
48186|Child_CrossABC1|1: 805 245 107 43 20 9 4 1
48196|Child_CrossABC1|7: 807 245 107 43 20 9 4 1
48198|Child_CrossABC1|1|Mutated: 794 245 107 43 20 9 4 1
48202|Child_CrossABC2|8: 795 245 107 43 20 9 4 1
48216|Survivor|1: 803 241 108 46 20 9 4 1
48371|Survivor|1: 803 256 111 44 24 9 4 1
48510|Child_CrossABC1|7: 806 249 121 51 23 10 4 1
48622|Child_Cross12|33: 800 238 106 41 19 10 4 1
48640|Child_Cross12|21: 806 238 106 41 19 10 4 1
48649|Child_Cross21|30: 847 238 106 41 19 10 4 1
48656|Survivor|1: 815 238 106 41 19 10 4 1
48675|Child_Cross21|22: 789 238 106 41 19 10 4 1
48752|Child_CrossABC2|8: 912 285 118 50 21 10 4 1
48760|Survivor|1: 835 296 113 46 20 9 4 1
48938|Child_Avg|43: 915 327 132 50 24 9 4 1
48943|Child_Cross12|41: 906 357 146 52 24 9 4 1
49031|Child_Cross12|9: 759 243 106 51 19 10 4 1
49038|Survivor|1: 775 247 104 51 19 10 4 1
49058|Survivor|1: 831 283 105 43 20 9 4 1
49060|Child_CrossABC2|8: 826 285 105 43 20 9 4 1
49081|Child_CrossABC2|2: 791 285 122 43 20 9 4 1
49084|Child_Cross21|54: 788 285 122 43 20 9 4 1
49106|Child_Cross12|37: 795 282 122 43 20 9 4 1
49107|Child_Cross12|25: 792 282 122 43 20 9 4 1
49124|Child_CrossABC2|2: 776 282 122 43 20 9 4 1
49130|Child_Avg|59: 790 282 122 43 20 9 4 1
49135|Child_Cross12|45: 778 282 122 43 20 9 4 1
49151|Child_Cross21|26: 787 282 122 43 20 9 4 1
49181|Survivor|1: 788 282 122 43 20 9 4 1
49383|Child_CrossABC1|1: 837 323 117 53 24 9 4 1
49401|Child_Cross12|21: 786 280 114 49 24 9 4 1
49405|Child_Avg|23: 792 281 114 49 24 9 4 1
49406|Child_Cross12|37: 814 288 111 49 24 9 4 1
49409|Child_Cross12|45: 811 288 114 49 24 9 4 1
49414|Child_Cross21|10: 792 280 114 49 24 9 4 1
49420|Child_Cross21|14: 809 281 114 49 24 9 4 1
49421|Child_Cross12|45: 804 281 114 49 24 9 4 1
49425|Child_Avg|7: 795 280 114 49 24 9 4 1
49426|Child_Cross21|34: 800 281 114 49 24 9 4 1
49434|Child_Cross21|2: 805 281 114 49 24 9 4 1
49436|Child_Cross21|34: 796 281 114 49 24 9 4 1
49448|Child_Cross12|33: 776 281 114 49 24 9 4 1
49453|Child_Cross21|22: 800 280 114 49 24 9 4 1
49457|Child_Cross12|17: 799 280 114 49 24 9 4 1
49462|Child_Cross21|6: 802 280 114 49 24 9 4 1
49464|Child_Cross12|1: 797 272 114 49 24 9 4 1
49477|Child_Cross12|21: 796 280 114 49 24 9 4 1
49478|Child_Cross12|9: 874 280 114 49 24 9 4 1
49483|Child_Avg|11: 793 280 114 49 24 9 4 1
49485|Child_Cross12|37: 806 280 114 49 24 9 4 1
49494|Child_Cross12|57: 803 280 114 49 24 9 4 1
49667|Child_CrossABC1|7: 1066 373 118 50 24 9 4 1
49697|Survivor|1: 787 291 123 46 24 9 4 1
49719|Survivor|1: 811 292 112 43 24 9 4 1
49911|Survivor|1: 867 274 122 43 24 9 4 1
49945|Survivor|1: 794 311 122 46 24 9 4 1
49974|Survivor|1: 830 297 117 46 24 9 4 1
50009|Survivor|1: 786 289 113 43 24 9 4 1
50088|Survivor|1: 773 299 105 50 24 9 4 1
50100|Survivor|1: 749 299 105 50 24 9 4 1
50162|Survivor|1: 847 303 116 50 24 9 4 1
50176|Child_Cross21|2: 899 321 119 49 24 9 4 1
50180|Child_Cross12|49: 819 301 116 49 24 9 4 1
50181|Child_Cross21|6: 847 310 117 49 24 9 4 1
50186|Child_Cross21|58: 808 296 114 49 24 9 4 1
50190|Child_Cross12|1: 791 283 108 49 24 9 4 1
50197|Child_Avg|23: 796 295 119 49 24 9 4 1
50199|Survivor|1: 796 283 108 49 24 9 4 1
50204|Child_Cross12|13: 786 283 108 49 24 9 4 1
50209|Child_Cross12|45: 795 283 108 49 24 9 4 1
50213|Child_CrossABC1|1: 794 283 108 49 24 9 4 1
50216|Child_CrossABC2|2: 793 283 108 49 24 9 4 1
50220|Child_Cross21|38: 791 282 108 49 24 9 4 1
50223|Child_CrossABC1|7: 797 283 108 49 24 9 4 1
50226|Child_Cross12|57: 793 282 108 49 24 9 4 1
50243|Survivor|1: 789 282 108 49 24 9 4 1
50247|Child_Cross21|42: 786 282 108 49 24 9 4 1
50255|Child_Cross12|45: 788 282 108 49 24 9 4 1
50259|Child_Cross21|14: 782 282 108 49 24 9 4 1
50267|Survivor|1: 784 296 108 49 24 9 4 1
50282|Child_Avg|59: 793 296 108 49 24 9 4 1
50285|Survivor|1: 796 296 108 49 24 9 4 1
50286|Child_Cross12|53: 794 296 108 49 24 9 4 1
50295|Survivor|1: 830 296 108 49 24 9 4 1
50297|Child_CrossABC1|1: 820 296 108 49 24 9 4 1
50301|Child_CrossABC2|8: 835 296 108 49 24 9 4 1
50302|Child_CrossABC1|7: 781 296 108 49 24 9 4 1
50305|Child_CrossABC2|2: 804 296 108 49 24 9 4 1
50308|Child_Cross12|49: 813 296 108 49 24 9 4 1
50351|Survivor|1: 776 296 108 49 24 9 4 1
50409|Survivor|1: 803 267 107 46 20 9 4 1
50523|Survivor|1: 895 272 111 52 24 9 4 1
50608|Survivor|1: 806 282 122 43 20 9 4 1
50647|Child_CrossABC1|7: 880 325 123 59 24 9 4 1
50653|Child_Cross21|34: 877 307 122 52 24 9 4 1
50732|Child_Cross12|53: 1125 345 132 50 24 9 4 1
50735|Child_Cross21|58: 1124 346 133 49 24 9 4 1
50750|Survivor|1: 1310 407 147 50 24 9 4 1
50955|Survivor|1: 734 269 107 43 20 9 4 1
51075|Child_Cross21|22: 901 316 125 54 23 10 4 1
51168|Child_Avg|7: 835 287 105 43 20 9 4 1
51182|Child_Cross21|26: 757 287 105 43 20 9 4 1
51192|Child_Cross21|14: 789 285 105 43 20 9 4 1
51204|Child_Cross12|33: 794 285 105 43 20 9 4 1
51208|Child_Cross12|25: 800 285 105 43 20 9 4 1
51210|Child_Avg|7: 787 285 105 43 20 9 4 1
51215|Survivor|1: 784 285 105 43 20 9 4 1
51466|Child_Cross21|50: 857 335 132 53 24 9 4 1
51474|Survivor|1: 785 290 117 46 24 9 4 1
51487|Survivor|1: 783 292 109 44 24 9 4 1
51626|Child_Cross21|22: 1155 348 130 53 25 9 4 1
51634|Survivor|1: 1219 339 142 50 24 9 4 1
51640|Child_Avg|59: 1170 325 135 47 23 10 4 1
51644|Child_Cross21|30: 1236 363 125 47 23 10 4 1
51659|Child_Cross21|22: 1209 325 135 47 23 10 4 1
51665|Child_Cross12|41: 1201 325 135 47 23 10 4 1
51666|Child_Cross21|18: 1203 325 135 47 23 10 4 1
51667|Child_Cross12|33: 1230 325 135 47 23 10 4 1
51668|Child_Cross12|25: 1216 325 135 47 23 10 4 1
51669|Child_Cross21|50: 1208 325 135 47 23 10 4 1
51671|Child_Avg|19: 1211 325 135 47 23 10 4 1
51674|Child_Cross12|5: 1178 325 135 47 23 10 4 1
51680|Child_Cross21|54: 1191 325 135 47 23 10 4 1
51686|Child_Cross12|57: 1197 325 135 47 23 10 4 1
51687|Child_Cross12|57: 1199 325 135 47 23 10 4 1
51692|Child_Cross21|14: 1193 325 135 47 23 10 4 1
51694|Child_CrossABC1|1: 1213 325 135 47 23 10 4 1
51700|Child_Cross21|18: 1203 326 135 47 23 10 4 1
51705|Child_Cross21|38: 1215 326 135 47 23 10 4 1
51708|Child_Cross12|13: 1217 326 135 47 23 10 4 1
51711|Child_Avg|43: 1206 326 135 47 23 10 4 1
51713|Child_Cross21|58: 1208 326 135 47 23 10 4 1
51715|Child_Cross21|22: 1205 326 135 47 23 10 4 1
51718|Child_Cross21|10: 1211 326 135 47 23 10 4 1
51721|Child_Cross21|42: 1214 326 135 47 23 10 4 1
51723|Child_Cross12|21: 1207 325 135 47 23 10 4 1
51729|Child_CrossABC1|1: 1209 327 135 47 23 10 4 1
51734|Child_CrossABC2|2: 1145 343 135 47 23 10 4 1
51746|Child_Cross12|17: 1211 327 135 47 23 10 4 1
51749|Survivor|1: 1182 326 135 47 23 10 4 1
51752|Child_Cross21|46: 1185 326 135 47 23 10 4 1
51759|Child_Cross21|50: 1188 326 135 47 23 10 4 1
51760|Child_Avg|47: 1194 326 135 47 23 10 4 1
51763|Child_Avg|35: 1202 326 135 47 23 10 4 1
51767|Child_Avg|31: 1197 326 135 47 23 10 4 1
51768|Child_Cross12|37: 1223 326 135 47 23 10 4 1
51775|Child_Cross12|49: 1199 326 135 47 23 10 4 1
51777|Child_Cross21|18: 1199 326 125 47 23 10 4 1
51778|Child_Cross12|25: 1112 326 135 47 23 10 4 1
51789|Child_Cross12|41: 1164 326 135 47 23 10 4 1
51791|Child_Avg|31|Mutated: 1191 326 135 47 23 10 4 1
51797|Child_Cross12|41: 1135 326 135 47 23 10 4 1
51804|Child_Cross21|58: 1189 326 135 47 23 10 4 1
51808|Child_Cross12|21: 1173 326 135 47 23 10 4 1
51816|Child_CrossABC1|7: 1194 326 135 48 23 10 4 1
51817|Child_Cross12|45: 1196 326 135 47 23 10 4 1
51821|Child_Avg|43: 1237 326 135 47 23 10 4 1
51833|Child_Cross21|6: 1149 326 135 47 23 10 4 1
51834|Child_Cross21|18: 1177 332 125 47 23 10 4 1
51837|Child_Cross12|17: 1141 326 135 47 23 10 4 1
51842|Child_Avg|11: 1179 326 135 47 23 10 4 1
51846|Child_Avg|55: 1144 326 135 47 23 10 4 1
51853|Child_Cross12|45: 1180 326 135 47 23 10 4 1
51854|Child_Cross12|29: 1190 326 135 47 23 10 4 1
51856|Child_Cross21|50: 1176 326 135 47 23 10 4 1
51867|Child_CrossABC2|2: 800 326 135 47 23 10 4 1
51868|Child_CrossABC2|2: 1279 326 135 47 23 10 4 1
51870|Child_CrossABC1|1: 1152 326 135 47 23 10 4 1
51874|Child_CrossABC2|2|Mutated: 1129 326 135 47 23 10 4 1
51878|Child_Cross12|1: 1147 326 135 47 23 10 4 1
51880|Child_Cross21|14: 1126 326 135 47 23 10 4 1
51888|Child_Cross21|38: 1167 326 135 47 23 10 4 1
51889|Child_Avg|11: 1133 326 135 47 23 10 4 1
51893|Child_CrossABC1|1: 1138 326 135 47 23 10 4 1
51900|Child_CrossABC2|2: 1140 326 135 47 23 10 4 1
51903|Child_Cross12|45: 1273 326 135 47 23 10 4 1
51906|Child_Cross21|58: 1106 326 135 47 23 10 4 1
51907|Child_CrossABC2|2: 1168 326 135 47 23 10 4 1
51922|Child_Avg|35: 1153 326 135 47 23 10 4 1
51929|Child_Cross21|46: 1161 326 135 47 23 10 4 1
51930|Child_CrossABC1|1: 1132 326 135 47 23 10 4 1
51931|Child_Cross21|22: 1120 326 135 47 23 10 4 1
51936|Child_Cross12|5: 1141 350 135 47 23 10 4 1
51942|Child_Cross21|6: 1123 326 135 47 23 10 4 1
51943|Child_Cross21|6: 1118 326 135 47 23 10 4 1
51951|Child_Avg|47: 1150 332 135 47 23 10 4 1
51953|Child_Cross21|26: 1127 326 135 47 23 10 4 1
51958|Child_Cross12|13: 1153 332 135 47 23 10 4 1
51962|Child_Cross12|53: 1127 332 135 47 23 10 4 1
51965|Child_Cross21|30: 1143 326 135 47 23 10 4 1
51966|Child_Cross21|26: 1134 326 135 47 23 10 4 1
51971|Child_Cross21|18: 1148 332 135 47 23 10 4 1
51981|Child_Cross12|29: 1155 326 135 47 23 10 4 1
52013|Child_Cross12|49: 1267 326 135 47 23 10 4 1
52016|Child_Cross12|41: 1130 326 135 47 23 10 4 1
52024|Child_Avg|59: 1150 326 135 47 23 10 4 1
52026|Child_Avg|59: 1142 326 135 47 23 10 4 1
52039|Child_CrossABC1|7: 1186 326 135 47 23 10 4 1
52044|Child_Cross21|6: 1159 326 135 47 23 10 4 1
52058|Child_Avg|43: 1178 326 135 47 23 10 4 1
52060|Child_Cross21|42: 1177 326 135 47 23 10 4 1
52064|Child_Cross21|30: 1174 326 135 47 23 10 4 1
52066|Child_Avg|47: 1165 326 135 47 23 10 4 1
52068|Child_CrossABC2|2: 1158 326 135 47 23 10 4 1
52096|Survivor|1: 1234 326 135 47 23 10 4 1
52162|Survivor|1|Mutated: 798 254 113 43 24 9 4 1
52169|Child_Cross21|34: 787 254 113 43 24 9 4 1
52303|Survivor|1: 1170 318 119 50 24 9 4 1
52305|Child_Levy|48: 1162 318 117 49 24 9 4 1
52307|Child_Cross12|9: 1141 323 119 49 24 9 4 1
52313|Child_Cross12|25: 1100 318 117 49 24 9 4 1
52322|Child_Cross21|30: 1113 300 119 49 24 9 4 1
52326|Child_Cross12|13: 901 318 117 49 24 9 4 1
52329|Child_Cross12|5: 1113 318 117 49 24 9 4 1
52339|Child_Avg|23: 1112 318 117 49 24 9 4 1
52346|Child_Cross12|17: 923 318 117 49 24 9 4 1
52348|Child_Avg|23: 1127 318 117 49 24 9 4 1
52350|Child_Cross21|10: 1107 316 117 49 24 9 4 1
52351|Child_Cross12|25: 1143 318 117 49 24 9 4 1
52357|Child_Cross21|22: 1107 318 117 49 24 9 4 1
52358|Child_Cross12|33: 1124 318 117 49 24 9 4 1
52364|Child_Cross21|30: 1126 318 117 49 24 9 4 1
52372|Child_Avg|43: 1130 318 117 49 24 9 4 1
52374|Child_Cross12|37: 1128 318 117 49 24 9 4 1
52376|Child_Avg|23: 1132 318 117 49 24 9 4 1
52380|Child_Cross21|10: 814 318 117 49 24 9 4 1
52381|Child_Avg|43: 1135 318 117 49 24 9 4 1
52391|Child_Cross21|34: 1108 318 117 49 24 9 4 1
52397|Child_CrossABC1|7: 1116 318 117 49 24 9 4 1
52402|Child_Cross21|58: 1119 318 117 49 24 9 4 1
52406|Child_Cross12|49: 1149 318 117 49 24 9 4 1
52411|Child_Cross12|37: 1151 318 117 49 24 9 4 1
52417|Child_CrossABC2|2: 1146 318 117 49 24 9 4 1
52421|Child_Cross21|54: 1170 318 117 49 24 9 4 1
52425|Survivor|1: 1148 318 117 49 24 9 4 1
52434|Child_Cross21|30: 1138 318 117 49 24 9 4 1
52437|Child_Cross12|9: 1140 318 117 49 24 9 4 1
52456|Child_Cross12|57: 1129 318 117 49 24 9 4 1
52462|Child_Cross12|41: 1128 318 126 49 24 9 4 1
52480|Child_Cross21|42: 915 318 117 49 24 9 4 1
52492|Child_Cross21|54: 1133 318 117 49 24 9 4 1
52505|Child_Avg|55: 1145 318 117 49 24 9 4 1
52506|Child_Avg|15: 1225 318 117 49 24 9 4 1
52512|Child_Avg|19: 1166 318 117 49 24 9 4 1
52515|Child_Avg|23: 1161 318 117 49 24 9 4 1
52517|Child_Cross12|17: 1178 318 117 49 24 9 4 1
52519|Child_Cross12|5: 1157 318 117 49 24 9 4 1
52530|Child_Cross12|37: 1176 318 117 49 24 9 4 1
52531|Child_Avg|59: 1159 318 117 49 24 9 4 1
52532|Child_Cross21|38: 1180 318 117 49 24 9 4 1
52535|Child_Cross12|45: 1189 318 117 49 24 9 4 1
52541|Child_Cross12|57: 1168 318 117 49 24 9 4 1
52547|Child_Cross12|25: 1165 318 117 49 24 9 4 1
52560|Child_Cross12|1: 1186 318 117 49 24 9 4 1
52566|Child_Cross12|57: 1177 318 117 49 24 9 4 1
52568|Child_Avg|7: 1167 318 117 49 24 9 4 1
52570|Child_Avg|11: 1195 318 117 49 24 9 4 1
52572|Child_CrossABC1|1: 1181 318 117 49 24 9 4 1
52575|Child_Cross12|9: 1182 318 117 49 24 9 4 1
52590|Child_Avg|3: 1181 319 117 49 24 9 4 1
52593|Child_Cross21|26: 1250 318 117 49 24 9 4 1
52595|Child_Avg|19: 1215 318 117 49 24 9 4 1
52597|Child_Cross12|9: 1214 318 117 49 24 9 4 1
52607|Child_Cross12|49: 1196 318 117 49 24 9 4 1
52615|Survivor|1: 1187 318 117 49 24 9 4 1
52617|Child_Avg|59: 1197 318 117 49 24 9 4 1
52627|Child_Avg|7: 1192 318 117 49 24 9 4 1
52629|Child_Cross21|14: 1191 335 126 49 24 9 4 1
52636|Child_Avg|47: 1211 318 117 49 24 9 4 1
52641|Child_Cross21|18: 1205 318 117 49 24 9 4 1
52643|Child_Avg|43: 1200 318 117 49 24 9 4 1
52648|Child_Cross21|54: 1198 318 117 49 24 9 4 1
52650|Child_Avg|11: 1195 300 117 49 24 9 4 1
52676|Survivor|1: 983 318 117 49 24 9 4 1
52684|Child_CrossABC2|2: 893 281 108 46 24 9 4 1
52692|Child_Cross21|30: 906 287 108 43 24 9 4 1
52754|Child_Cross21|50: 814 287 108 43 24 9 4 1
52769|Child_Cross12|17: 780 287 108 43 24 9 4 1
52770|Child_Cross21|30: 799 287 108 43 24 9 4 1
52783|Child_Cross12|33|Mutated: 794 279 108 46 24 9 4 1
52807|Child_Avg|39: 777 287 108 43 24 9 4 1
52812|Child_Cross12|57: 778 287 108 43 24 9 4 1
52841|Survivor|1: 785 287 108 43 24 9 4 1
52845|Child_Avg|27: 795 287 108 43 24 9 4 1
52855|Child_Cross21|42: 798 287 108 43 24 9 4 1
52884|Child_Avg|43: 788 287 108 43 24 9 4 1
52885|Child_Cross12|17: 772 287 108 43 24 9 4 1
52918|Survivor|1: 782 287 108 43 24 9 4 1
52924|Survivor|1: 789 282 107 43 24 9 4 1
52935|Survivor|1: 797 288 118 43 24 9 4 1
52942|Child_Cross21|54: 792 283 118 43 24 9 4 1
52959|Survivor|1: 1106 315 139 53 24 9 4 1
52985|Child_Avg|7: 824 261 113 45 21 10 4 1
52988|Child_Avg|27: 820 257 112 47 21 10 4 1
52992|Survivor|1: 820 257 112 47 23 10 4 1
53129|Child_CrossABC2|8: 805 261 104 43 20 9 4 1
53157|Child_Avg|11: 808 261 105 43 20 9 4 1
53175|Child_Cross21|10: 816 261 105 43 20 9 4 1
53194|Child_Cross12|33: 817 261 105 43 20 9 4 1
53196|Survivor|1: 819 261 105 43 20 9 4 1
53255|Survivor|1: 784 288 118 43 24 9 4 1
53288|Survivor|1: 1288 297 118 49 24 9 4 1
53298|Child_CrossABC2|2: 1169 300 119 49 24 9 4 1
53482|Survivor|1: 737 253 105 44 19 10 4 1
53573|Survivor|1: 801 261 113 46 24 9 4 1
53696|Survivor|1: 777 286 125 47 24 9 4 1
53802|Survivor|1: 1080 307 118 43 24 9 4 1
54034|Survivor|1: 919 303 116 49 24 9 4 1
54135|Child_Avg|27: 783 281 113 43 24 9 4 1
54368|Survivor|1: 694 253 108 46 24 9 4 1
54418|Child_CrossABC1|7: 800 308 119 53 24 9 4 1
54421|Survivor|1: 796 302 113 44 24 9 4 1
54430|Survivor|1: 783 302 113 46 24 9 4 1
54514|Child_CrossABC1|7: 1365 380 123 70 24 9 4 1
54519|Child_CrossABC1|7: 1225 346 123 55 24 9 4 1
54523|Survivor|1|Mutated: 1309 346 123 55 24 9 4 1
54526|Survivor|1: 1301 346 123 55 24 9 4 1
54531|Child_Avg|11: 1216 328 117 52 24 9 4 1
54536|Child_Cross12|9: 1220 324 119 49 24 9 4 1
54562|Survivor|1: 1201 314 111 47 24 9 4 1
54633|Survivor|1: 817 291 125 44 23 10 4 1
54652|Survivor|1: 847 277 111 44 24 9 4 1
54685|Survivor|1: 845 253 102 46 24 9 4 1
54875|Survivor|1: 919 341 153 56 27 10 4 1
54943|Child_Cross21|18: 773 283 118 43 24 9 4 1
55014|Survivor|1: 1248 332 125 55 24 9 4 1
55158|Survivor|1: 803 306 99 43 24 9 4 1
55251|Child_CrossABC1|7|Mutated: 827 327 114 49 21 10 4 1
55533|Survivor|1: 798 275 118 43 24 9 4 1
55617|Survivor|1: 805 307 138 52 20 9 4 1
55640|Child_Avg|7: 741 292 121 46 24 9 4 1
55678|Survivor|1: 1091 361 137 52 24 9 4 1
55679|Survivor|1|Mutated: 1250 361 137 52 24 9 4 1
55713|Survivor|1: 1282 357 138 53 24 9 4 1
55724|Survivor|1: 1285 359 138 53 24 9 4 1
55726|Child_CrossABC2|8: 1263 385 143 59 24 9 4 1
55832|Survivor|1: 765 254 109 47 23 10 4 1
55963|Child_Cross21|46: 1179 304 121 49 21 10 4 1
55971|Survivor|1: 783 310 123 47 21 10 4 1
56157|Survivor|1: 784 246 99 44 19 10 4 1
56232|Survivor|1: 1099 330 136 49 21 10 4 1
56240|Survivor|1: 900 287 119 48 21 10 4 1
56284|Child_CrossABC1|1: 1008 309 125 56 21 10 4 1
56383|Survivor|1: 823 240 105 41 19 10 4 1
56387|Child_CrossABC2|2: 778 240 105 41 19 10 4 1
56527|Survivor|1: 1110 359 146 52 29 9 4 1
56539|Survivor|1: 1179 357 141 52 24 9 4 1
56562|Survivor|1: 809 288 111 47 24 9 4 1
56569|Survivor|1: 819 282 113 46 24 9 4 1
56590|Survivor|1: 809 285 112 43 24 9 4 1
56701|Child_Cross12|41: 777 263 108 43 24 9 4 1
56722|Child_Cross12|21: 779 263 108 43 24 9 4 1
56729|Child_Cross12|53: 795 263 108 43 24 9 4 1
56735|Child_Cross12|37: 775 265 108 43 24 9 4 1
56772|Survivor|1: 757 287 108 43 24 9 4 1
56787|Survivor|1: 787 278 114 43 24 9 4 1
57011|Child_CrossABC2|2: 889 366 142 55 24 9 4 1
57189|Survivor|1: 792 250 102 39 20 9 4 1
57378|Child_CrossABC1|1: 822 319 126 47 23 10 4 1
57422|Survivor|1: 817 304 117 44 23 10 4 1
57454|Child_CrossABC2|8: 771 292 118 47 21 10 4 1
57470|Survivor|1: 738 286 109 44 19 10 4 1
57500|Survivor|1: 765 297 112 47 23 10 4 1
57512|Child_CrossABC1|7: 777 303 112 47 23 10 4 1
57513|Child_Cross21|22: 774 299 109 47 23 10 4 1
57517|Child_Avg|51: 788 297 112 47 23 10 4 1
57521|Child_Cross12|57: 780 304 112 47 23 10 4 1
57540|Child_Cross21|18: 806 297 112 47 23 10 4 1
57542|Child_Cross12|13: 785 297 112 47 23 10 4 1
57544|Child_Avg|11: 791 297 112 47 23 10 4 1
57553|Child_CrossABC1|1: 777 287 112 47 23 10 4 1
57558|Child_Avg|7: 786 297 112 47 23 10 4 1
57581|Child_Cross21|14: 827 297 112 47 23 10 4 1
57586|Child_Cross12|5: 812 297 112 47 23 10 4 1
57591|Child_Avg|19: 793 297 112 47 23 10 4 1
57600|Child_Cross12|21: 809 297 112 47 23 10 4 1
57607|Child_Avg|3: 801 297 112 47 23 10 4 1
57611|Child_Cross12|1: 783 297 112 47 23 10 4 1
57617|Child_Cross21|18: 790 297 112 47 23 10 4 1
57639|Survivor|1: 779 287 120 49 21 10 4 1
57643|Survivor|1: 808 291 109 45 21 10 4 1
57744|Survivor|1: 985 288 126 47 24 9 4 1
57795|Survivor|1: 823 289 117 46 24 9 4 1
57807|Child_Levy|60: 816 278 112 43 24 9 4 1
57857|Survivor|1: 920 275 105 53 24 9 4 1
57876|Survivor|1: 901 272 108 49 24 9 4 1
57895|Survivor|1: 762 288 128 49 24 9 4 1
57938|Child_Avg|47: 786 283 118 43 24 9 4 1
57940|Child_CrossABC1|1: 818 283 118 43 24 9 4 1
57949|Child_Cross21|42: 807 283 118 43 24 9 4 1
57957|Child_Cross12|5: 800 283 118 43 24 9 4 1
57979|Child_Cross12|21: 811 283 118 43 24 9 4 1
57982|Child_Cross21|38|Mutated: 796 283 118 43 24 9 4 1
57988|Child_Avg|43: 804 283 118 43 24 9 4 1
58029|Child_Avg|23: 805 283 118 43 24 9 4 1
58043|Child_Cross21|22: 794 283 118 43 24 9 4 1
58074|Child_Cross21|58: 793 283 118 43 24 9 4 1
58168|Survivor|1: 1062 333 131 56 21 10 4 1
58186|Survivor|1: 758 291 103 43 19 10 4 1
58219|Child_Avg|59: 805 281 108 41 19 10 4 1
58413|Child_CrossABC2|2: 883 320 118 47 25 9 4 1
58420|Child_CrossABC2|8: 881 320 118 47 25 9 4 1
58438|Child_Avg|43: 890 319 118 47 25 9 4 1
58444|Survivor|1: 891 319 118 47 25 9 4 1
58476|Child_Cross21|6: 874 315 117 44 24 9 4 1
58842|Child_Levy|32: 892 310 112 47 23 10 4 1
58872|Survivor|1: 914 310 112 47 23 10 4 1
58887|Survivor|1: 928 323 117 44 23 10 4 1
58928|Survivor|1: 814 245 99 43 24 9 4 1
59104|Survivor|1: 827 287 109 49 24 9 4 1
59202|Child_Cross12|53: 1132 340 129 51 19 10 4 1
59322|Survivor|1: 745 290 107 43 20 9 4 1
59550|Survivor|1: 828 265 111 47 24 9 4 1
59816|Survivor|1: 1077 362 125 54 23 10 4 1
59904|Survivor|1: 766 265 111 47 24 9 4 1
59909|Child_CrossABC2|8: 801 277 118 49 24 9 4 1
59918|Survivor|1: 760 283 114 47 24 9 4 1
60365|Survivor|1: 1250 336 141 61 24 9 4 1
60377|Child_CrossABC1|1: 1235 336 141 61 24 9 4 1
60379|Survivor|1: 1219 336 141 61 24 9 4 1
60380|Child_CrossABC1|7: 1244 336 141 61 24 9 4 1
60381|Child_Avg|43: 1226 357 138 56 24 9 4 1
60385|Survivor|1: 1235 367 139 58 24 9 4 1
60386|Child_Avg|51: 1110 332 129 53 24 9 4 1
60387|Child_Avg|51: 1187 348 137 55 24 9 4 1
60649|Child_Avg|59: 1175 346 135 55 24 9 4 1
60665|Child_Avg|23: 801 340 126 49 24 9 4 1
60667|Child_Cross12|53: 916 335 129 49 24 9 4 1
60668|Child_Cross12|17: 936 340 126 49 24 9 4 1
60669|Child_Cross12|37: 908 339 126 49 24 9 4 1
60670|Child_Cross12|45: 849 340 126 49 24 9 4 1
60672|Child_Avg|11: 883 339 126 49 24 9 4 1
60673|Child_Avg|55: 867 340 126 49 24 9 4 1
60675|Child_Cross21|6: 847 339 126 49 24 9 4 1
60676|Child_Cross21|34: 843 340 126 49 24 9 4 1
60681|Child_Cross21|38: 858 339 126 49 24 9 4 1
60683|Child_Cross21|14: 925 339 126 49 24 9 4 1
60684|Child_Avg|35: 907 339 126 49 24 9 4 1
60686|Child_CrossABC2|8: 918 339 126 49 24 9 4 1
60691|Child_Cross12|53: 865 339 126 49 24 9 4 1
60697|Child_Cross12|25: 914 339 126 49 24 9 4 1
60698|Child_Cross21|30: 876 339 126 49 24 9 4 1
60700|Child_Cross21|50: 900 339 126 49 24 9 4 1
60703|Child_Cross21|22: 904 339 126 49 24 9 4 1
60704|Child_Cross12|33: 915 339 126 49 24 9 4 1
60707|Child_Cross21|30: 911 339 126 49 24 9 4 1
60708|Child_Avg|39: 911 314 126 49 24 9 4 1
60709|Child_Avg|31: 905 339 126 49 24 9 4 1
60714|Child_CrossABC2|2: 917 339 126 49 24 9 4 1
60727|Child_CrossABC1|7: 928 339 126 49 24 9 4 1
60732|Child_Cross21|38: 910 339 126 49 24 9 4 1
60737|Child_Avg|51: 889 339 126 49 24 9 4 1
60743|Child_Avg|23: 851 339 126 49 24 9 4 1
60745|Child_Avg|15: 879 339 126 49 24 9 4 1
60750|Child_Avg|19: 886 339 126 49 24 9 4 1
60751|Child_CrossABC2|2: 921 339 126 49 24 9 4 1
60766|Child_Cross21|22: 942 339 126 49 24 9 4 1
60783|Child_Cross21|22: 924 339 126 49 24 9 4 1
60786|Child_Avg|35: 1179 339 126 49 24 9 4 1
60788|Child_Cross21|26: 1207 339 126 49 24 9 4 1
60790|Child_Cross12|13: 1127 339 126 49 24 9 4 1
60791|Child_Avg|3: 1124 339 126 49 24 9 4 1
60793|Child_Cross21|30: 1183 339 126 49 24 9 4 1
60794|Child_Cross21|58: 1163 339 126 49 24 9 4 1
60795|Child_Cross21|54: 1129 339 126 49 24 9 4 1
60797|Child_Cross21|18: 1187 339 126 49 24 9 4 1
60799|Child_Cross21|10: 1254 339 126 49 24 9 4 1
60802|Child_Cross12|33: 1180 339 126 49 24 9 4 1
60804|Child_Avg|31: 1185 339 126 49 24 9 4 1
60805|Child_Avg|27: 1215 339 126 49 24 9 4 1
60808|Child_Avg|31: 1205 339 126 49 24 9 4 1
60811|Child_Avg|23: 1190 339 126 49 24 9 4 1
60812|Child_Avg|55: 1198 339 126 49 24 9 4 1
60813|Child_Avg|47: 1196 339 126 49 24 9 4 1
60815|Child_Cross12|33: 1208 339 126 49 24 9 4 1
60816|Child_Avg|39: 1194 339 126 49 24 9 4 1
60823|Child_Avg|23: 1197 339 126 49 24 9 4 1
60825|Child_Cross21|38: 1206 339 126 49 24 9 4 1
60834|Child_Avg|59: 1204 339 126 49 24 9 4 1
60835|Child_Cross12|17: 1199 339 126 49 24 9 4 1
60837|Child_Avg|11: 1222 339 126 49 24 9 4 1
60838|Child_CrossABC1|1: 1228 339 126 49 24 9 4 1
60840|Child_Avg|39: 1216 339 126 49 24 9 4 1
60843|Child_Avg|51: 1212 339 126 49 24 9 4 1
60865|Child_Cross21|22: 1176 339 126 49 24 9 4 1
60869|Child_Cross21|22: 1227 339 126 49 24 9 4 1
60870|Child_Avg|59: 1201 339 126 49 24 9 4 1
60874|Child_Cross12|21: 1167 339 126 49 24 9 4 1
60889|Child_Cross12|1: 1226 339 126 49 24 9 4 1
60893|Child_Cross12|33: 1140 339 126 49 24 9 4 1
60896|Child_Cross21|18: 1177 339 126 49 24 9 4 1
60906|Child_Cross12|41: 1186 339 126 49 24 9 4 1
60910|Child_Avg|59: 1195 339 126 49 24 9 4 1
60914|Child_Cross21|30: 1168 339 126 49 24 9 4 1
60916|Child_Cross21|22: 1193 339 126 49 24 9 4 1
60917|Child_Cross12|17: 1169 339 126 49 24 9 4 1
60918|Child_Cross12|29: 1184 339 126 49 24 9 4 1
60920|Child_Cross21|22: 1159 339 126 49 24 9 4 1
60922|Child_Avg|19: 1192 337 126 49 24 9 4 1
60925|Child_Cross21|54: 1218 339 126 49 24 9 4 1
60927|Child_CrossABC1|1: 1215 340 126 49 24 9 4 1
60931|Child_Avg|55: 1207 338 126 49 24 9 4 1
61032|Child_CrossABC2|2: 737 285 131 56 24 9 4 1
61116|Survivor|1: 929 284 113 43 19 10 4 1
61254|Child_CrossABC1|7: 861 358 128 59 24 9 4 1
61263|Survivor|1: 894 341 123 55 24 9 4 1
61268|Child_CrossABC2|8: 855 335 114 53 24 9 4 1
61274|Survivor|1: 855 298 114 53 24 9 4 1
61277|Child_Cross12|33: 810 315 118 50 24 9 4 1
61279|Child_Cross12|17: 810 323 119 49 24 9 4 1
61294|Child_Cross21|30: 809 318 117 49 24 9 4 1
61295|Child_Cross21|26: 818 324 117 49 24 9 4 1
61304|Child_Cross21|18: 814 323 118 49 24 9 4 1
61307|Child_Cross21|50: 813 319 117 49 24 9 4 1
61315|Child_Cross12|1: 806 318 117 49 24 9 4 1
61316|Child_Cross21|26: 811 318 117 49 24 9 4 1
61333|Child_Avg|31: 864 318 117 49 24 9 4 1
61334|Child_Cross12|57: 917 318 117 49 24 9 4 1
61343|Child_Cross12|21: 833 318 117 49 24 9 4 1
61344|Child_Cross21|42: 897 318 117 49 24 9 4 1
61348|Child_Cross12|17: 912 318 117 49 24 9 4 1
61349|Child_Cross12|29|Mutated: 882 318 117 49 24 9 4 1
61350|Child_Cross21|14: 829 318 117 49 24 9 4 1
61352|Child_Cross21|26: 819 318 117 49 24 9 4 1
61354|Child_Cross21|54: 858 318 117 49 24 9 4 1
61363|Child_Cross21|14: 844 318 117 49 24 9 4 1
61366|Child_CrossABC1|1: 855 318 117 49 24 9 4 1
61367|Child_Cross21|14: 863 318 117 49 24 9 4 1
61368|Child_Avg|7: 857 318 117 49 24 9 4 1
61376|Survivor|1: 861 318 117 49 24 9 4 1
61498|Child_Cross21|50: 1109 347 118 49 24 9 4 1
61500|Child_Cross21|50|Mutated: 943 307 139 49 24 9 4 1
61502|Survivor|1: 899 283 108 49 24 9 4 1
61512|Survivor|1: 909 283 108 49 24 9 4 1
61708|Survivor|1: 804 293 117 46 24 9 4 1
61891|Survivor|1: 817 261 101 51 23 10 4 1
61964|Survivor|1: 775 268 108 43 24 9 4 1
62128|Survivor|1: 817 286 114 47 24 9 4 1
62180|Survivor|1: 830 286 127 49 24 9 4 1
62184|Child_Avg|23: 819 276 119 49 24 9 4 1
62190|Child_Avg|35: 808 293 123 46 24 9 4 1
62253|Survivor|1: 763 293 125 47 24 9 4 1
62260|Survivor|1: 770 280 121 46 24 9 4 1
62273|Survivor|1: 756 279 124 46 24 9 4 1
62309|Survivor|1: 756 295 124 46 24 9 4 1
62335|Child_Cross21|6: 886 259 108 46 24 9 4 1
62404|Survivor|1: 822 256 113 55 21 10 4 1
62413|Survivor|1: 776 263 107 45 19 10 4 1
62422|Child_Avg|39: 797 282 107 43 19 10 4 1
62444|Survivor|1: 861 260 106 46 21 10 4 1
62674|Child_CrossABC1|1: 942 365 147 55 24 9 4 1
62679|Child_Cross12|57: 1204 367 125 52 24 9 4 1
62683|Child_Avg|55: 1162 350 129 52 24 9 4 1
62693|Survivor|1: 1100 325 140 49 24 9 4 1
62697|Survivor|1: 1082 323 117 49 24 9 4 1
62702|Child_Cross21|2: 1118 334 133 49 24 9 4 1
62706|Child_Cross12|37: 911 338 130 49 24 9 4 1
62711|Child_CrossABC2|2: 923 335 126 49 24 9 4 1
62713|Child_Cross12|21: 912 286 126 49 24 9 4 1
62717|Child_Cross21|30: 920 338 126 49 24 9 4 1
62721|Child_Cross21|58: 915 337 126 49 24 9 4 1
62722|Child_CrossABC1|1: 899 339 126 49 24 9 4 1
62723|Child_Cross21|2: 912 337 126 49 24 9 4 1
62725|Child_Cross21|2: 913 312 126 49 24 9 4 1
62726|Child_Cross21|2: 915 338 126 49 24 9 4 1
62727|Child_Cross21|54: 914 338 126 49 24 9 4 1
62729|Child_Avg|35: 911 338 126 49 24 9 4 1
62730|Child_Cross12|21: 905 314 126 49 24 9 4 1
62732|Child_Avg|11: 913 338 126 49 24 9 4 1
62733|Child_Cross21|34: 908 337 126 49 24 9 4 1
62738|Child_Cross12|33: 903 339 126 49 24 9 4 1
62739|Child_Cross21|18: 916 337 126 49 24 9 4 1
62741|Child_Avg|59: 910 338 126 49 24 9 4 1
62742|Child_Avg|3: 909 337 126 49 24 9 4 1
62743|Child_Cross21|58: 906 338 126 49 24 9 4 1
62748|Child_Avg|27: 907 337 126 49 24 9 4 1
62752|Child_Cross21|42: 905 338 126 49 24 9 4 1
62757|Child_CrossABC1|7: 906 339 126 49 24 9 4 1
62770|Child_Cross21|2: 904 337 126 49 24 9 4 1
62773|Child_Cross12|45: 906 312 126 49 24 9 4 1
62792|Child_Cross12|53: 899 338 126 49 24 9 4 1
62793|Child_Cross21|42: 917 337 126 49 24 9 4 1
62804|Child_Cross21|26: 908 338 126 49 24 9 4 1
62816|Survivor|1: 911 290 126 49 24 9 4 1
62864|Child_Avg|7: 879 352 133 54 23 10 4 1
62904|Survivor|1: 985 346 121 56 21 10 4 1
62914|Child_Avg|35: 829 299 109 45 21 10 4 1
62961|Survivor|1: 764 295 115 49 21 10 4 1
62963|Child_Cross12|41: 803 290 118 47 21 10 4 1
62998|Child_Avg|39: 785 287 116 43 20 9 4 1
63005|Child_Cross12|21|Mutated: 784 281 116 46 20 9 4 1
63008|Survivor|1: 790 287 116 46 20 9 4 1
63012|Child_Cross12|33: 809 287 116 43 20 9 4 1
63018|Child_Cross12|21: 797 287 116 43 20 9 4 1
63019|Child_Cross21|50: 790 287 116 43 20 9 4 1
63038|Child_Cross12|33: 790 287 107 43 20 9 4 1
63046|Child_CrossABC1|1: 802 287 107 43 20 9 4 1
63062|Survivor|1: 816 287 107 43 20 9 4 1
63063|Child_Cross21|34: 804 286 107 43 20 9 4 1
63066|Child_Cross12|17: 803 286 107 43 20 9 4 1
63067|Child_Avg|59: 815 287 107 43 20 9 4 1
63071|Child_Cross21|30: 810 286 107 43 20 9 4 1
63092|Child_CrossABC1|7: 793 288 107 43 20 9 4 1
63094|Child_Cross12|13: 798 286 107 43 20 9 4 1
63111|Child_Cross12|33: 792 290 107 43 20 9 4 1
63112|Child_Cross21|38: 777 290 107 43 20 9 4 1
63117|Child_Avg|43: 789 286 107 43 20 9 4 1
63587|Survivor|1: 826 237 108 46 24 9 4 1
63634|Survivor|1: 825 237 108 46 24 9 4 1
63708|Child_Levy|20: 891 266 111 52 24 9 4 1
63738|Child_CrossABC2|2: 1084 288 126 49 24 9 4 1
63747|Survivor|1: 806 285 130 46 24 9 4 1
63787|Child_Avg|39: 797 284 127 43 24 9 4 1
63805|Child_Avg|59: 784 284 127 43 24 9 4 1
63818|Child_Cross21|18: 791 284 127 43 24 9 4 1
63824|Child_Avg|23: 789 284 127 43 24 9 4 1
63827|Child_Cross12|21: 808 284 127 43 24 9 4 1
63842|Child_Cross21|2: 799 284 127 43 24 9 4 1
63860|Child_Cross21|58: 786 284 127 43 24 9 4 1
63885|Child_Cross12|49: 812 284 127 43 24 9 4 1
63911|Child_Cross12|57: 795 284 127 43 24 9 4 1
63922|Child_Cross12|5: 806 284 127 43 24 9 4 1
63923|Child_CrossABC1|1: 802 284 127 43 24 9 4 1
63932|Child_Avg|15|Mutated: 793 284 127 43 24 9 4 1
63961|Survivor|1: 822 315 141 46 24 9 4 1
64021|Survivor|1|Mutated: 1287 367 147 61 29 9 4 1
64030|Survivor|1: 1213 343 138 57 29 9 4 1
64054|Child_CrossABC1|1: 1090 323 129 52 24 9 4 1
64259|Survivor|1: 894 270 107 43 20 9 4 1
64321|Survivor|1: 801 302 118 43 24 9 4 1
64449|Survivor|1: 776 291 123 43 24 9 4 1
64703|Child_CrossABC2|2: 920 286 111 52 24 9 4 1
64712|Survivor|1: 907 281 108 59 24 9 4 1
64865|Survivor|1: 793 299 112 43 24 9 4 1
64888|Survivor|1: 776 292 113 43 24 9 4 1
64978|Survivor|1: 897 267 127 49 24 9 4 1
65260|Survivor|1: 783 289 112 48 23 10 4 1
65458|Child_Cross12|45: 813 250 99 43 24 9 4 1
65654|Child_Levy|60: 864 272 118 43 24 9 4 1
65822|Child_CrossABC1|7: 929 293 113 49 21 10 4 1
66074|Survivor|1: 806 297 108 49 24 9 4 1
66086|Child_Cross12|9|Mutated: 824 292 113 43 24 9 4 1
66160|Child_Cross12|45: 798 282 109 41 19 10 4 1
66173|Child_Avg|23: 793 282 109 41 19 10 4 1
66346|Child_CrossABC1|1: 1174 337 130 49 24 9 4 1
66349|Child_Avg|47: 1175 333 133 49 24 9 4 1
66352|Child_Cross21|14: 1168 332 133 49 24 9 4 1
66356|Child_Cross21|26|Mutated: 1171 334 133 49 24 9 4 1
66357|Child_Cross21|6|Mutated: 1172 335 132 58 24 9 4 1
66360|Child_Cross12|37: 1172 333 133 49 24 9 4 1
66362|Child_Cross21|22: 1151 338 130 49 24 9 4 1
66363|Child_CrossABC1|7: 1159 332 133 49 24 9 4 1
66370|Child_Avg|7: 1171 332 133 49 24 9 4 1
66373|Child_Cross21|54: 1236 333 133 49 24 9 4 1
66374|Child_Cross12|53: 1172 332 133 49 24 9 4 1
66375|Child_Cross21|34: 1169 332 133 49 24 9 4 1
66376|Child_Cross12|21: 1186 332 133 49 24 9 4 1
66377|Child_Cross21|14: 1170 332 133 49 24 9 4 1
66378|Child_Avg|11|Mutated: 1169 334 133 49 24 9 4 1
66380|Child_Cross21|14: 1173 332 133 49 24 9 4 1
66384|Child_Cross12|57: 1184 332 133 49 24 9 4 1
66389|Child_Cross12|17: 1187 332 133 49 24 9 4 1
66391|Child_Cross21|6: 1180 332 133 49 24 9 4 1
66392|Child_CrossABC2|2: 1183 332 133 49 24 9 4 1
66397|Child_Cross21|14: 1176 332 133 49 24 9 4 1
66407|Child_Cross21|22: 1172 344 133 49 24 9 4 1
66413|Child_CrossABC2|2: 1193 332 133 49 24 9 4 1
66416|Child_Cross21|6: 1174 332 133 49 24 9 4 1
66418|Child_Cross12|37|Mutated: 1140 332 133 49 24 9 4 1
66421|Child_Cross21|34: 1188 332 133 49 24 9 4 1
66422|Child_Cross21|18: 1153 332 133 49 24 9 4 1
66423|Child_Cross21|54: 1177 332 133 49 24 9 4 1
66426|Child_Cross21|2: 1156 332 133 49 24 9 4 1
66427|Child_Cross21|30: 1155 332 133 49 24 9 4 1
66456|Child_Cross12|57: 1204 332 133 49 24 9 4 1
66460|Child_Avg|59: 1175 332 133 49 24 9 4 1
66463|Child_Cross21|58: 1174 333 133 49 24 9 4 1
66467|Child_Cross12|17: 1190 332 133 49 24 9 4 1
66498|Child_CrossABC2|2: 1170 344 133 49 24 9 4 1
66506|Child_Avg|27: 1121 332 133 49 24 9 4 1
66515|Child_Cross21|10: 1154 332 133 49 24 9 4 1
66522|Child_Avg|3: 1155 333 133 49 24 9 4 1
66523|Child_Cross12|33: 1166 332 133 49 24 9 4 1
66526|Child_Cross12|45: 1162 334 133 49 24 9 4 1
66527|Child_Cross12|21|Mutated: 1218 332 133 49 24 9 4 1
66529|Child_Cross21|10: 1179 333 133 49 24 9 4 1
66530|Child_CrossABC2|2: 1155 334 133 49 24 9 4 1
66535|Child_CrossABC1|7: 1136 332 133 49 24 9 4 1
66536|Child_Avg|59: 1167 332 133 49 24 9 4 1
66541|Child_Cross21|10: 1151 332 133 49 24 9 4 1
66542|Child_Avg|59: 1162 332 133 49 24 9 4 1
66543|Child_Cross21|58: 1131 332 133 49 24 9 4 1
66548|Child_Avg|43: 1158 332 133 49 24 9 4 1
66555|Child_Cross21|58: 1225 332 133 49 24 9 4 1
66569|Child_Cross12|53: 1124 332 133 49 24 9 4 1
66572|Child_CrossABC1|1|Mutated: 1184 358 133 49 24 9 4 1
66576|Child_Avg|19: 1148 332 133 49 24 9 4 1
66581|Child_Avg|43: 1163 332 133 49 24 9 4 1
66589|Child_Avg|19: 1157 332 133 49 24 9 4 1
66623|Child_Cross12|13: 1169 309 133 49 24 9 4 1
66634|Child_CrossABC1|1: 1145 332 133 49 24 9 4 1
66635|Child_Avg|43: 1165 332 133 49 24 9 4 1
66638|Child_Cross21|30: 1205 332 133 49 24 9 4 1
66655|Child_Cross21|38: 1179 332 133 49 24 9 4 1
66670|Child_Cross21|38: 1211 332 133 49 24 9 4 1
66675|Child_Avg|11: 1202 332 133 49 24 9 4 1
66679|Child_Avg|55: 1215 332 133 49 24 9 4 1
66680|Child_Cross12|5: 1250 332 133 49 24 9 4 1
66682|Child_Cross12|37: 1219 332 133 49 24 9 4 1
66683|Child_Cross12|49: 1222 332 133 49 24 9 4 1
66687|Child_Avg|15: 1221 332 133 49 24 9 4 1
66693|Child_Cross12|25: 1207 332 133 49 24 9 4 1
66694|Child_Avg|31: 1217 332 133 49 24 9 4 1
66695|Child_Cross21|34: 1223 332 133 49 24 9 4 1
66703|Child_Cross12|25: 1191 332 133 49 24 9 4 1
66713|Child_CrossABC2|2: 1211 333 133 49 24 9 4 1
66714|Child_Cross12|53: 1219 333 133 49 24 9 4 1
66715|Child_Cross21|6: 1208 332 133 49 24 9 4 1
66718|Child_Avg|15: 1223 333 133 49 24 9 4 1
66735|Child_CrossABC2|2: 1217 331 133 49 24 9 4 1
66736|Child_Avg|59: 1236 332 133 49 24 9 4 1
66745|Child_Cross21|34: 1271 332 133 49 24 9 4 1
66750|Child_Cross12|45: 1235 332 133 49 24 9 4 1
66751|Child_CrossABC2|2: 1220 332 133 49 24 9 4 1
66774|Child_Cross21|34: 1243 332 133 49 24 9 4 1
66803|Survivor|1: 1206 332 133 49 24 9 4 1
66822|Survivor|1: 1131 317 127 43 24 9 4 1
66845|Child_Cross12|9: 1190 322 127 43 24 9 4 1
67063|Survivor|1: 802 287 128 46 24 9 4 1
67170|Survivor|1: 758 299 112 45 21 10 4 1
67247|Survivor|1|Mutated: 1197 357 131 53 24 11 5 1
67250|Child_Levy|44: 1308 404 135 52 24 9 4 1
67271|Survivor|1|Mutated: 1439 410 146 53 24 9 4 1
67293|Survivor|1: 824 285 113 46 24 9 4 1
67372|Child_Cross12|9: 765 282 132 49 24 9 4 1
67378|Survivor|1: 906 277 116 49 24 9 4 1
67385|Child_Cross12|25: 738 296 111 47 24 9 4 1
67387|Survivor|1: 742 296 111 47 24 9 4 1
67452|Survivor|1: 788 284 113 43 24 9 4 1
67529|Child_Levy|28: 768 262 111 52 24 9 4 1
67530|Child_Levy|12: 774 272 112 47 21 10 4 1
67548|Child_CrossABC1|1: 784 269 116 46 21 10 4 1
67577|Survivor|1: 825 278 110 48 23 10 4 1
67583|Survivor|1: 844 319 122 46 24 9 4 1
67841|Survivor|1: 809 303 121 47 24 9 4 1
67854|Survivor|1: 810 303 121 47 24 9 4 1
67861|Survivor|1: 836 303 126 47 24 9 4 1
67862|Child_CrossABC2|8: 804 299 124 46 24 9 4 1
67865|Child_CrossABC2|8: 808 307 124 46 24 9 4 1
67943|Survivor|1: 1131 334 135 58 23 10 4 1
67944|Child_CrossABC1|1: 1132 338 132 54 23 10 4 1
67955|Survivor|1: 1175 333 136 47 23 10 4 1
68003|Child_CrossABC1|1: 939 295 108 46 24 9 4 1
68109|Child_Avg|51: 807 287 110 47 24 9 4 1
68127|Survivor|1: 756 303 111 52 24 9 4 1
68135|Survivor|1: 780 262 113 43 24 9 4 1
68141|Survivor|1: 794 273 113 43 24 9 4 1
68154|Child_CrossABC1|7: 798 273 113 43 24 9 4 1
68229|Survivor|1: 866 341 121 59 24 9 4 1
68235|Survivor|1: 820 322 115 59 24 9 4 1
68246|Survivor|1: 928 372 125 49 21 10 4 1
68251|Survivor|1: 796 317 115 49 24 9 4 1
68274|Child_Levy|28|Mutated: 741 301 121 47 23 10 4 1
68288|Survivor|1: 847 265 131 50 24 9 4 1
68300|Survivor|1: 797 290 127 49 24 9 4 1
68773|Survivor|1: 802 244 106 41 19 10 4 1
68813|Child_CrossABC1|1: 768 262 115 48 21 10 4 1
68828|Survivor|1: 816 260 119 46 21 10 4 1
68955|Survivor|1: 902 302 118 43 24 9 4 1
69154|Child_CrossABC1|7: 791 246 105 49 24 9 4 1
69184|Survivor|1: 914 323 119 50 24 9 4 1
69192|Child_CrossABC2|8: 904 339 117 52 24 9 4 1
69331|Child_Cross21|34: 822 258 115 49 24 9 4 1
69339|Survivor|1: 935 295 122 46 24 9 4 1
69488|Child_Avg|31|Mutated: 939 297 135 55 24 9 4 1
69553|Survivor|1: 1128 317 126 49 24 9 4 1
69582|Survivor|1: 958 281 130 46 24 9 4 1
69598|Child_Cross21|26: 958 285 130 46 24 9 4 1
69602|Survivor|1: 958 289 130 46 24 9 4 1
69611|Child_CrossABC2|2: 964 291 135 55 24 9 4 1
69613|Survivor|1: 1155 347 137 52 24 9 4 1
69650|Survivor|1: 976 294 117 46 24 9 4 1
69925|Survivor|1: 1341 382 144 61 23 10 4 1
69938|Child_Cross21|58: 1196 337 130 57 23 10 4 1
69968|Child_Avg|19|Mutated: 805 241 104 45 21 10 4 1
69978|Survivor|1: 822 267 106 56 24 9 4 1
70152|Survivor|1: 820 247 109 52 20 9 4 1
70164|Child_Cross12|45: 825 286 107 43 20 9 4 1
70219|Survivor|1: 804 257 106 52 20 9 4 1
70227|Survivor|1: 839 267 114 46 20 9 4 1
70682|Survivor|1: 948 373 154 59 27 10 4 1
70746|Survivor|1: 1081 364 123 55 24 9 4 1
70768|Child_Cross21|2: 884 295 116 46 20 9 4 1
70769|Child_CrossABC2|2: 875 279 114 46 20 9 4 1
70820|Child_Avg|59: 891 270 111 46 20 9 4 1
70843|Survivor|1: 924 304 112 47 23 10 4 1
70913|Survivor|1: 886 265 114 46 20 9 4 1
70925|Survivor|1|Mutated: 888 261 116 46 20 9 4 1
70987|Survivor|1: 881 279 127 56 21 10 4 1
71008|Child_Avg|55: 807 241 116 46 20 9 4 1
71014|Survivor|1: 825 245 117 43 19 10 4 1
71117|Survivor|1: 767 280 114 49 24 9 4 1
71233|Survivor|1: 769 270 107 43 20 9 4 1
71235|Child_Avg|15: 769 278 110 43 20 9 4 1
71239|Child_Avg|27: 766 281 113 43 20 9 4 1
71243|Child_Avg|43: 765 270 107 43 20 9 4 1
71250|Child_Cross21|50: 773 270 107 43 20 9 4 1
71253|Child_Cross21|22: 786 270 107 43 20 9 4 1
71255|Child_Cross12|25: 779 270 107 43 20 9 4 1
71259|Survivor|1|Mutated: 772 270 107 43 20 9 4 1
71261|Child_CrossABC2|2: 778 270 107 43 20 9 4 1
71262|Child_Cross21|34: 799 270 107 43 20 9 4 1
71268|Child_Cross12|13: 792 270 107 43 20 9 4 1
71273|Child_Cross12|21: 795 270 107 43 20 9 4 1
71284|Child_Avg|55: 785 270 107 43 20 9 4 1
71285|Child_Cross21|10: 787 270 107 43 20 9 4 1
71287|Child_Cross21|10: 791 270 107 43 20 9 4 1
71290|Child_Cross12|37: 774 270 107 43 20 9 4 1
71296|Child_Cross21|10: 782 270 107 43 20 9 4 1
71343|Child_Avg|35: 781 270 107 43 20 9 4 1
71525|Survivor|1: 778 307 110 50 24 9 4 1
71657|Survivor|1: 810 291 110 48 21 10 4 1
71670|Child_Avg|15: 799 278 110 43 20 9 4 1
71683|Child_Cross12|45: 810 264 107 43 20 9 4 1
71688|Child_Cross12|29: 805 266 107 43 20 9 4 1
71694|Survivor|1: 790 269 107 43 20 9 4 1
71701|Child_Cross12|33: 791 269 107 43 20 9 4 1
71723|Child_CrossABC1|7: 796 267 107 43 20 9 4 1
71725|Child_Cross21|6: 793 269 107 43 20 9 4 1
71726|Child_Avg|11: 791 266 107 43 20 9 4 1
71729|Child_Avg|19: 823 269 107 43 20 9 4 1
71738|Child_Cross12|57: 802 269 107 43 20 9 4 1
71761|Child_Cross12|49: 790 247 107 43 20 9 4 1
71780|Child_Avg|31: 792 269 107 43 20 9 4 1
71789|Child_Cross12|13: 866 269 107 43 20 9 4 1
71809|Survivor|1: 856 273 105 48 23 10 4 1
71817|Child_Avg|7: 948 294 127 50 24 9 4 1
71939|Survivor|1: 1034 344 130 55 24 9 4 1
71948|Survivor|1: 943 339 126 59 24 9 4 1
71951|Child_Avg|47: 910 334 129 49 24 9 4 1
72108|Child_CrossABC1|1: 799 287 116 50 24 9 4 1
72120|Survivor|1: 797 314 115 56 24 9 4 1
72127|Survivor|1: 802 316 114 59 24 9 4 1
72128|Child_CrossABC2|2: 796 314 114 61 24 9 4 1
72217|Survivor|1: 898 320 102 49 24 9 4 1
72235|Survivor|1: 930 348 119 49 24 9 4 1
72255|Survivor|1: 837 330 130 49 24 9 4 1
72264|Survivor|1: 848 334 126 47 24 9 4 1
72275|Survivor|1: 842 334 126 47 24 9 4 1
72321|Child_Cross12|57: 841 323 126 43 24 9 4 1
72721|Survivor|1: 1075 361 134 53 24 9 4 1
72725|Survivor|1: 798 301 116 50 24 9 4 1
72826|Child_Cross12|17: 814 297 121 43 24 9 4 1
72829|Child_Cross21|58: 801 300 121 43 24 9 4 1
72853|Child_Cross12|5: 791 297 121 43 24 9 4 1
72866|Child_Avg|55: 799 297 121 43 24 9 4 1
72870|Survivor|1: 811 297 134 49 24 9 4 1
72873|Child_CrossABC2|8: 811 297 119 55 24 9 4 1
72874|Child_CrossABC2|2: 802 297 117 59 24 9 4 1
72901|Survivor|1: 811 297 121 43 24 9 4 1
72914|Survivor|1: 815 297 121 43 24 9 4 1
72943|Child_Cross21|58: 803 297 121 43 24 9 4 1
72948|Child_Cross12|13: 810 297 121 43 24 9 4 1
72987|Child_Avg|15: 787 297 121 43 24 9 4 1
73155|Survivor|1: 846 265 113 55 24 11 5 1
73167|Child_Cross12|17: 796 272 109 49 24 9 4 1
73186|Survivor|1: 810 291 116 45 21 10 4 1
73205|Survivor|1: 774 285 107 43 20 9 4 1
73208|Child_Avg|15: 735 269 107 43 20 9 4 1
73210|Child_Cross12|25: 747 270 107 43 20 9 4 1
73219|Survivor|1|Mutated: 766 277 110 43 20 9 4 1
73227|Child_Cross12|1: 737 269 107 43 20 9 4 1
73228|Child_Avg|23: 747 269 107 43 20 9 4 1
73233|Child_Cross12|21: 736 269 107 43 20 9 4 1
73234|Child_Cross12|13: 759 269 107 43 20 9 4 1
73236|Child_Cross12|41: 757 269 107 43 20 9 4 1
73255|Child_CrossABC2|8: 757 270 107 43 20 9 4 1
73299|Survivor|1: 795 285 108 47 21 10 4 1
73390|Child_Cross21|14: 738 249 107 43 20 9 4 1
73394|Child_CrossABC1|1: 814 249 107 43 20 9 4 1
73398|Child_Cross12|45: 810 250 107 43 20 9 4 1
73403|Child_Cross12|57: 809 249 107 43 20 9 4 1
73405|Child_Avg|19: 801 249 107 43 20 9 4 1
73406|Child_Cross21|10: 794 249 107 43 20 9 4 1
73412|Child_Cross21|54: 808 249 107 43 20 9 4 1
73418|Child_Cross12|49: 793 248 107 43 20 9 4 1
73420|Survivor|1: 800 249 107 43 20 9 4 1
73444|Child_Cross12|41: 800 247 107 43 20 9 4 1
73463|Child_Avg|3: 798 248 107 43 20 9 4 1
73465|Child_Avg|43: 799 249 107 43 20 9 4 1
73478|Child_CrossABC2|2: 801 251 108 43 20 9 4 1
73590|Child_CrossABC1|7: 789 288 111 47 24 9 4 1
73613|Child_Cross12|57: 888 268 118 41 19 10 4 1
73678|Survivor|1: 831 259 125 55 21 10 4 1
73781|Survivor|1: 816 263 116 45 21 10 4 1
73785|Child_LevyP2|4: 912 271 111 46 20 9 4 1
73893|Child_Cross12|9: 740 307 116 45 21 10 4 1
73897|Survivor|1: 762 282 106 45 21 10 4 1
73909|Child_Cross12|25: 762 290 106 45 21 10 4 1
73913|Child_Cross21|34: 751 291 116 45 21 10 4 1
73919|Child_Cross21|54: 757 292 103 45 21 10 4 1
73923|Child_Cross12|49: 763 285 113 45 21 10 4 1
74019|Survivor|1: 873 354 135 47 23 10 4 1
74033|Child_Cross21|30: 806 319 123 44 23 10 4 1
74175|Child_CrossABC1|1: 867 328 121 46 24 9 4 1
74243|Survivor|1: 1091 330 115 56 21 10 4 1
74354|Survivor|1: 874 336 120 52 27 10 4 1
74361|Survivor|1: 853 336 120 52 27 10 4 1
74460|Child_Cross21|30: 798 281 105 43 20 9 4 1
74618|Survivor|1: 877 325 112 51 19 10 4 1
74648|Child_Cross21|50: 816 264 105 41 19 10 4 1
74659|Child_Cross21|18: 823 261 105 41 19 10 4 1
74668|Child_Avg|43: 820 261 105 41 19 10 4 1
74697|Child_Cross12|17: 792 281 105 41 19 10 4 1
74721|Child_Cross21|46: 807 261 105 41 19 10 4 1
74724|Child_Cross21|26: 792 284 105 41 19 10 4 1
74733|Child_CrossABC1|1: 808 261 105 41 19 10 4 1
74857|Survivor|1: 747 283 106 46 24 9 4 1
75163|Survivor|1: 771 287 107 43 20 9 4 1
75168|Child_CrossABC1|7: 747 290 107 43 20 9 4 1
75174|Child_Cross21|14: 757 285 107 43 20 9 4 1
75177|Survivor|1: 738 285 107 43 20 9 4 1
75228|Child_CrossABC2|2: 843 340 132 55 24 9 4 1
75234|Survivor|1: 764 281 108 50 24 9 4 1
75283|Survivor|1: 751 289 130 55 24 9 4 1
75290|Child_CrossABC1|7: 795 283 133 52 24 9 4 1
75318|Survivor|1: 770 278 121 47 24 9 4 1
75335|Child_Avg|39: 860 264 118 43 24 9 4 1
75552|Survivor|1: 795 294 118 43 24 9 4 1
75568|Survivor|1: 797 296 118 43 24 9 4 1
75687|Child_Cross12|9: 790 304 109 47 25 9 4 1
75734|Survivor|1: 727 284 115 56 21 10 4 1
75752|Survivor|1: 730 284 115 56 21 10 4 1
75770|Child_Cross21|14|Mutated: 785 284 115 49 21 10 4 1
75817|Survivor|1: 810 263 109 41 19 10 4 1
75857|Child_Cross12|1: 817 255 109 41 19 10 4 1
75862|Survivor|1: 808 255 109 41 19 10 4 1
75868|Child_Cross21|2: 807 255 109 41 19 10 4 1
75900|Child_Cross12|41: 812 255 109 41 19 10 4 1
75975|Survivor|1: 774 277 106 46 21 10 4 1
76485|Survivor|1: 930 362 126 49 24 9 4 1
76490|Survivor|1: 916 362 126 49 24 9 4 1
76492|Survivor|1: 918 362 126 49 24 9 4 1
76495|Child_CrossABC2|8: 917 362 126 49 24 9 4 1
76553|Child_CrossABC2|2: 807 307 122 46 24 9 4 1
76702|Child_Levy|36: 828 308 116 55 24 9 4 1
76719|Child_CrossABC1|1: 941 293 129 55 24 9 4 1
76822|Child_CrossABC1|1: 846 253 119 49 24 9 4 1
76831|Child_Cross12|29: 824 249 118 49 24 9 4 1
76834|Child_Cross12|41: 835 251 117 49 24 9 4 1
76843|Child_Cross12|21: 828 250 117 49 24 9 4 1
76845|Child_Cross21|58: 824 250 117 49 24 9 4 1
76846|Child_Avg|11: 833 250 117 49 24 9 4 1
76847|Child_Cross12|53: 825 250 117 49 24 9 4 1
76848|Child_Cross21|22: 830 250 117 49 24 9 4 1
76851|Child_Cross12|1: 822 250 117 49 24 9 4 1
76861|Child_Avg|55: 826 250 117 49 24 9 4 1
76865|Child_Cross12|17: 827 299 117 49 24 9 4 1
76872|Child_Avg|51: 811 250 117 49 24 9 4 1
76877|Child_Cross21|30: 817 250 117 49 24 9 4 1
76880|Child_Avg|55: 820 250 117 49 24 9 4 1
76881|Child_Avg|59: 814 250 117 49 24 9 4 1
76890|Child_Cross21|54: 812 250 117 49 24 9 4 1
76900|Child_Cross12|49|Mutated: 803 250 117 49 24 9 4 1
76904|Child_CrossABC1|7: 823 250 117 49 24 9 4 1
76905|Child_Cross12|29: 806 250 117 49 24 9 4 1
76912|Child_Cross12|53: 809 250 117 49 24 9 4 1
76938|Child_Avg|47: 810 250 117 49 24 9 4 1
76940|Child_Avg|39: 808 250 117 49 24 9 4 1
76968|Survivor|1: 819 250 117 49 24 9 4 1
77017|Survivor|1: 750 270 106 51 23 10 4 1
77024|Child_Cross12|49: 761 270 109 47 23 10 4 1
77032|Survivor|1: 774 269 109 47 23 10 4 1
77039|Child_Avg|47: 904 269 109 47 23 10 4 1
77042|Child_CrossABC1|1: 892 269 109 47 23 10 4 1
77050|Child_Cross12|21: 825 269 109 47 23 10 4 1
77051|Child_Cross12|17: 840 269 109 47 23 10 4 1
77056|Child_Cross21|26: 844 269 109 47 23 10 4 1
77063|Child_Cross21|14: 794 269 109 47 23 10 4 1
77067|Child_Cross12|13: 819 269 109 47 23 10 4 1
77071|Child_CrossABC2|8: 802 269 109 47 23 10 4 1
77072|Child_CrossABC1|1: 798 269 109 47 23 10 4 1
77073|Child_Cross21|58: 821 269 109 47 23 10 4 1
77083|Child_Avg|31: 816 269 109 47 23 10 4 1
77085|Survivor|1: 802 285 109 47 23 10 4 1
77096|Child_Cross21|6: 804 284 109 47 23 10 4 1
77100|Child_Avg|59: 810 276 109 47 23 10 4 1
77103|Child_Avg|43: 808 284 109 47 23 10 4 1
77115|Child_Cross12|9: 811 284 109 47 23 10 4 1
77120|Child_Cross21|42: 812 276 109 47 23 10 4 1
77135|Child_Cross12|41: 807 285 109 47 23 10 4 1
77139|Child_Cross21|14: 806 284 109 47 23 10 4 1
77148|Child_Cross12|5: 807 283 109 47 23 10 4 1
77152|Child_Cross12|9: 809 283 109 47 23 10 4 1
77168|Child_Cross12|33: 774 283 109 47 23 10 4 1
77169|Child_Cross21|10: 807 246 109 47 23 10 4 1
77183|Child_Cross21|10: 794 283 109 47 23 10 4 1
77193|Child_Cross21|18: 800 283 109 47 23 10 4 1
77194|Child_Cross12|21: 789 283 109 47 23 10 4 1
77200|Child_Cross21|38: 797 285 109 47 23 10 4 1
77203|Child_Cross21|18: 796 284 109 47 23 10 4 1
77204|Child_Cross12|13: 814 285 109 47 23 10 4 1
77208|Child_Cross21|34: 799 285 109 47 23 10 4 1
77214|Survivor|1: 802 284 109 47 23 10 4 1
77215|Child_Cross12|37: 800 284 109 47 23 10 4 1
77216|Child_Cross21|46: 789 284 109 47 23 10 4 1
77237|Child_Cross12|17: 795 283 109 47 23 10 4 1
77239|Child_Cross21|26: 795 284 109 47 23 10 4 1
77244|Child_Cross21|14: 793 284 109 47 23 10 4 1
77245|Child_Cross12|29: 797 283 109 47 23 10 4 1
77248|Child_Cross21|34: 794 285 109 47 23 10 4 1
77278|Child_Cross21|26: 792 284 109 47 23 10 4 1
77282|Child_Cross21|34: 792 283 109 47 23 10 4 1
77283|Child_Cross12|49: 791 284 109 47 23 10 4 1
77308|Survivor|1: 799 277 102 47 23 10 4 1
77417|Child_CrossABC2|8: 961 291 107 43 20 9 4 1
77531|Survivor|1: 837 347 114 59 24 9 4 1
77532|Child_Avg|19: 809 319 116 50 24 9 4 1
77539|Survivor|1|Mutated: 811 251 115 49 24 9 4 1
77564|Survivor|1: 798 285 112 43 24 9 4 1
77617|Child_CrossABC1|1: 872 264 126 61 24 9 4 1
77626|Child_Cross12|5: 775 255 106 46 24 9 4 1
77721|Survivor|1: 915 273 119 46 24 9 4 1
77775|Survivor|1: 980 350 133 66 27 10 4 1
77818|Survivor|1: 805 259 118 43 24 9 4 1
77892|Survivor|1: 1018 307 130 55 24 9 4 1
77988|Survivor|1: 923 293 108 48 23 10 4 1
78026|Survivor|1: 884 296 133 52 24 9 4 1
78036|Survivor|1: 872 328 123 61 24 9 4 1
78047|Survivor|1: 822 306 114 49 24 9 4 1
78079|Survivor|1: 822 298 114 49 24 9 4 1
78085|Child_Cross21|22: 811 282 114 49 24 9 4 1
78087|Child_CrossABC2|8: 812 289 114 49 24 9 4 1
78090|Child_CrossABC2|2|Mutated: 813 281 114 49 24 9 4 1
78095|Child_CrossABC1|7: 818 306 114 49 24 9 4 1
78222|Survivor|1: 787 289 108 43 24 9 4 1
78279|Survivor|1: 1262 394 141 63 27 10 4 1
78281|Survivor|1: 883 329 132 70 24 9 4 1
78299|Survivor|1: 798 291 106 46 24 9 4 1
78378|Survivor|1: 1123 411 152 59 29 9 4 1
78499|Survivor|1: 818 309 121 43 20 9 4 1
78527|Child_Cross21|46|Mutated: 814 309 118 43 20 9 4 1
78539|Child_Cross21|10: 801 306 121 43 20 9 4 1
78547|Child_Cross21|58: 808 306 121 43 20 9 4 1
78554|Child_Cross12|29: 814 306 121 43 20 9 4 1
78566|Child_Avg|47: 823 306 121 43 20 9 4 1
78570|Child_Cross12|21|Mutated: 816 306 121 48 20 9 4 1
78578|Child_Cross12|25: 815 306 121 43 20 9 4 1
78593|Child_Cross12|13|Mutated: 821 306 121 43 20 9 4 1
78657|Child_Avg|43: 828 306 121 43 20 9 4 1
78692|Survivor|1: 819 305 125 43 20 9 4 1
78777|Survivor|1: 858 316 109 47 23 10 4 1
78823|Survivor|1: 777 264 105 43 20 9 4 1
78835|Survivor|1: 774 264 105 43 20 9 4 1
78838|Child_CrossABC2|2: 778 264 105 43 20 9 4 1
79160|Survivor|1|Mutated: 782 276 111 48 20 9 4 1
79177|Survivor|1: 886 322 117 47 21 10 4 1
79193|Child_Avg|35: 827 294 113 43 20 9 4 1
79305|Child_Cross21|22: 1080 323 137 52 27 10 4 1
79327|Survivor|1: 1278 323 137 52 27 10 4 1
79560|Survivor|1: 910 311 123 43 24 9 4 1
79602|Child_Avg|19|Mutated: 911 356 129 52 20 9 4 1
79857|Survivor|1: 877 334 118 43 24 9 4 1
79887|Child_Cross21|46: 836 315 118 43 24 9 4 1
79910|Child_Cross12|9: 911 315 118 43 24 9 4 1
79940|Child_Cross21|42: 893 315 118 43 24 9 4 1
79953|Child_Cross12|37: 813 275 118 43 24 9 4 1
79974|Child_Avg|19: 833 315 118 43 24 9 4 1
79976|Child_Cross21|2: 797 315 118 43 24 9 4 1
79979|Child_Cross21|30: 817 315 118 43 24 9 4 1
79983|Survivor|1: 807 315 118 43 24 9 4 1
79986|Child_Cross21|6: 814 315 118 43 24 9 4 1
79997|Child_Cross21|34: 811 315 118 43 24 9 4 1
80077|Survivor|1: 852 329 108 46 24 9 4 1
80155|Survivor|1: 819 307 118 43 24 9 4 1
80174|Survivor|1: 871 323 129 50 24 9 4 1
80337|Child_Levy|32: 822 303 113 47 23 10 4 1
80340|Child_Avg|39: 796 303 114 46 20 9 4 1
80355|Child_Cross12|17: 827 298 113 43 20 9 4 1
80364|Survivor|1: 808 300 113 43 20 9 4 1
80468|Survivor|1|Mutated: 959 338 129 53 24 9 4 1
80469|Child_CrossABC2|2: 845 282 132 61 24 9 4 1
80476|Survivor|1: 805 247 129 50 24 9 4 1
80488|Survivor|1: 829 303 121 47 24 9 4 1
80492|Survivor|1|Mutated: 907 283 124 46 24 9 4 1
80646|Survivor|1: 1216 298 117 49 21 10 4 1
80824|Survivor|1: 1270 352 129 50 24 9 4 1
80826|Survivor|1: 1258 372 135 47 23 10 4 1
80830|Child_Avg|11: 1158 348 125 47 23 10 4 1
80856|Survivor|1: 1178 329 126 51 23 10 4 1
80874|Child_Cross12|45: 1214 337 125 44 23 10 4 1
80886|Child_Cross21|30: 1176 337 125 44 23 10 4 1
80900|Child_Cross12|37: 1198 337 125 44 23 10 4 1
80912|Child_Cross12|9: 1197 337 125 44 23 10 4 1
81025|Child_Avg|3: 808 242 105 43 20 9 4 1
81034|Child_Avg|31: 790 240 105 43 20 9 4 1
81040|Child_Cross21|2: 795 242 105 43 20 9 4 1
81056|Child_Avg|47: 805 242 105 43 20 9 4 1
81061|Child_Avg|31: 798 242 105 43 20 9 4 1
81063|Child_Cross21|46: 803 242 105 43 20 9 4 1
81065|Child_Cross21|58: 797 242 105 43 20 9 4 1
81076|Child_Cross12|45: 813 242 105 43 20 9 4 1
81086|Child_Avg|51: 804 242 105 43 20 9 4 1
81087|Child_Cross12|1: 819 242 105 43 20 9 4 1
81097|Child_Cross21|22: 811 242 105 43 20 9 4 1
81104|Child_Avg|11: 806 242 105 43 20 9 4 1
81108|Child_Cross12|21: 802 242 105 43 20 9 4 1
81112|Child_Avg|27: 779 242 105 43 20 9 4 1
81115|Survivor|1: 779 242 107 43 20 9 4 1
81231|Survivor|1: 761 287 117 44 23 10 4 1
81252|Survivor|1: 797 293 119 45 23 10 4 1
81261|Child_CrossABC1|7: 783 293 114 54 23 10 4 1
81409|Survivor|1: 818 290 118 49 21 10 4 1
81425|Survivor|1: 809 287 116 46 21 10 4 1
81478|Survivor|1: 821 253 107 49 21 10 4 1
81638|Child_CrossABC2|2: 767 271 113 43 20 9 4 1
81642|Child_CrossABC2|2: 780 271 113 43 20 9 4 1
81737|Survivor|1: 1206 354 132 47 23 10 4 1
81747|Survivor|1: 1208 343 128 47 23 10 4 1
81994|Survivor|1: 765 283 118 43 24 9 4 1
82060|Child_Cross21|50: 795 278 121 47 24 9 4 1
82061|Child_Cross12|13: 803 281 112 47 23 10 4 1
82071|Survivor|1: 822 279 112 47 23 10 4 1
82072|Child_Avg|59: 795 279 112 47 23 10 4 1
82077|Child_Cross12|57: 794 279 112 47 23 10 4 1
82080|Child_Cross12|45: 805 279 112 47 23 10 4 1
82081|Child_Cross12|29: 814 279 112 47 23 10 4 1
82082|Child_Cross21|58: 796 279 112 47 23 10 4 1
82083|Child_Cross12|25: 804 279 112 47 23 10 4 1
82087|Child_Cross12|33: 799 279 112 47 23 10 4 1
82088|Child_Cross21|38: 789 279 112 47 23 10 4 1
82090|Child_Avg|31: 786 279 112 47 23 10 4 1
82094|Child_Cross12|21: 797 279 112 47 23 10 4 1
82098|Child_Cross21|34: 924 279 112 47 23 10 4 1
82099|Child_Cross21|2: 787 279 112 47 23 10 4 1
82131|Child_Cross12|45: 788 279 112 47 23 10 4 1
82134|Child_Avg|27: 791 279 112 47 23 10 4 1
82154|Child_Avg|51: 766 279 112 47 23 10 4 1
82160|Child_Cross21|2: 765 279 112 47 23 10 4 1
82161|Child_CrossABC2|8: 776 279 112 47 23 10 4 1
82169|Child_Cross21|46: 757 279 112 47 23 10 4 1
82171|Survivor|1: 747 279 112 47 23 10 4 1
82174|Child_Cross12|37: 770 279 112 47 23 10 4 1
82182|Child_Cross12|17: 768 279 112 47 23 10 4 1
82192|Child_CrossABC1|7: 752 279 112 47 23 10 4 1
82197|Child_Avg|59: 773 279 112 47 23 10 4 1
82199|Child_CrossABC1|7: 760 279 112 47 23 10 4 1
82208|Child_Cross12|29: 758 279 125 47 23 10 4 1
82221|Child_Cross21|26: 777 286 112 47 23 10 4 1
82229|Child_Cross21|54: 786 286 112 47 23 10 4 1
82239|Child_Cross12|29: 783 286 112 47 23 10 4 1
82245|Child_Cross12|41: 776 286 112 47 23 10 4 1
82250|Child_Avg|27: 806 286 112 47 23 10 4 1
82253|Child_Cross21|2: 789 286 112 47 23 10 4 1
82254|Child_CrossABC1|1: 798 286 112 47 23 10 4 1
82256|Child_CrossABC1|1: 788 286 112 47 23 10 4 1
82257|Child_Cross12|49: 892 286 112 47 23 10 4 1
82260|Child_Cross21|54: 791 286 112 47 23 10 4 1
82263|Child_Cross12|45: 756 286 112 47 23 10 4 1
82293|Survivor|1: 785 280 111 49 21 10 4 1
82416|Child_Levy|24: 759 239 103 45 21 10 4 1
82667|Survivor|1: 917 260 106 46 21 10 4 1
82808|Survivor|1: 1156 366 173 59 27 10 4 1
82829|Survivor|1: 1150 341 159 63 27 10 4 1
82851|Child_Cross12|29: 1093 323 130 46 24 9 4 1
82859|Child_Cross12|37: 1117 323 130 46 24 9 4 1
82861|Child_Cross21|22: 1134 323 130 46 24 9 4 1
82867|Child_Avg|11: 1115 323 130 46 24 9 4 1
82868|Child_Cross21|2: 1110 323 130 46 24 9 4 1
82875|Child_Cross12|41: 1139 323 130 46 24 9 4 1
82878|Child_CrossABC1|7: 1198 323 130 46 24 9 4 1
82879|Child_Cross21|30: 1126 323 130 46 24 9 4 1
82880|Child_Cross21|58: 1143 323 130 46 24 9 4 1
82882|Child_Cross12|33: 1186 323 130 46 24 9 4 1
82886|Child_Cross12|13: 1164 323 130 46 24 9 4 1
82890|Child_Avg|51: 1118 323 130 46 24 9 4 1
82891|Child_Cross21|22: 1181 323 130 46 24 9 4 1
82892|Child_Cross21|26: 1135 323 130 46 24 9 4 1
82894|Child_Cross21|58: 1132 323 130 46 24 9 4 1
82896|Child_Avg|3: 1142 323 130 46 24 9 4 1
82900|Child_Cross12|17: 1127 323 130 46 24 9 4 1
82902|Child_Cross21|22: 1131 323 130 46 24 9 4 1
82919|Survivor|1: 1138 323 130 46 24 9 4 1
82928|Survivor|1: 1168 323 130 46 24 9 4 1
82946|Survivor|1: 690 271 113 48 23 10 4 1
82947|Survivor|1|Mutated: 756 271 113 48 23 10 4 1
82955|Child_Avg|47: 757 275 111 51 23 10 4 1
83021|Survivor|1: 1245 359 133 52 24 9 4 1
83113|Child_CrossABC1|7: 900 284 122 47 23 10 4 1
83117|Child_CrossABC2|2: 898 283 122 47 23 10 4 1
83122|Survivor|1: 900 283 122 47 23 10 4 1
83232|Survivor|1: 905 272 122 43 20 9 4 1
83293|Survivor|1: 744 272 111 46 20 9 4 1
83373|Survivor|1: 905 351 113 58 21 10 4 1
83394|Child_Avg|19: 749 297 108 46 24 9 4 1
83430|Survivor|1: 814 311 113 43 24 9 4 1
83445|Survivor|1: 810 307 108 46 24 9 4 1
83578|Child_Cross12|53: 1320 366 143 58 24 9 4 1
83587|Child_Cross12|17: 1205 339 133 53 24 9 4 1
83601|Survivor|1: 1090 311 116 50 24 9 4 1
83613|Child_CrossABC1|1: 1039 335 122 53 24 9 4 1
83617|Survivor|1: 733 292 109 45 23 10 4 1
83756|Survivor|1: 816 284 117 59 21 10 4 1
83762|Child_Cross12|53: 868 329 125 49 21 10 4 1
83770|Child_Avg|11: 797 284 111 46 20 9 4 1
83776|Child_Cross12|5: 838 304 113 45 21 10 4 1
83792|Child_Cross12|33: 802 303 114 46 20 9 4 1
83911|Survivor|1: 771 288 111 55 24 9 4 1
83962|Survivor|1: 802 316 113 43 24 9 4 1
84135|Survivor|1: 773 289 110 56 21 10 4 1
84181|Survivor|1: 1082 274 115 49 21 10 4 1
84189|Child_CrossABC2|8: 1082 288 118 49 21 10 4 1
84192|Child_Cross21|30: 924 281 116 46 20 9 4 1
84200|Survivor|1: 924 281 114 46 20 9 4 1
84229|Child_Avg|19: 912 286 121 43 20 9 4 1
84258|Child_Avg|31: 905 286 121 43 20 9 4 1
84277|Child_Cross21|34: 907 286 121 43 20 9 4 1
84285|Child_Cross21|50: 914 286 121 43 20 9 4 1
84322|Child_Avg|47: 931 286 121 43 20 9 4 1
84342|Child_Cross21|2: 890 286 121 43 20 9 4 1
84379|Child_Cross12|25: 913 286 121 43 20 9 4 1
84392|Survivor|1: 906 286 121 43 20 9 4 1
84395|Child_Avg|3: 904 286 121 43 20 9 4 1
84455|Survivor|1: 796 241 109 45 20 9 4 1
84764|Survivor|1: 964 290 107 57 21 10 4 1
84894|Child_Avg|3: 918 284 105 41 19 10 4 1
85066|Survivor|1: 904 279 108 46 24 9 4 1
85082|Child_CrossABC1|7: 909 279 108 46 24 9 4 1
85150|Survivor|1: 807 285 130 46 24 9 4 1
85333|Survivor|1|Mutated: 1096 318 117 49 24 9 4 1
85459|Survivor|1: 746 311 126 51 23 10 4 1
85478|Child_Avg|23: 1055 316 125 47 23 10 4 1
85481|Child_Avg|19: 1032 308 125 47 23 10 4 1
85489|Child_Cross21|18: 1204 308 125 47 23 10 4 1
85490|Child_Cross12|53: 1043 308 125 47 23 10 4 1
85491|Child_Avg|47: 1129 316 125 47 23 10 4 1
85493|Child_Avg|55: 1195 308 125 47 23 10 4 1
85494|Child_Cross21|26: 1075 316 125 47 23 10 4 1
85497|Child_Avg|7: 1135 308 125 47 23 10 4 1
85498|Child_Cross12|17: 1144 309 125 47 23 10 4 1
85499|Child_Avg|27: 1137 308 125 47 23 10 4 1
85500|Child_Avg|7: 1141 316 125 47 23 10 4 1
85502|Child_Cross12|33: 1171 308 125 47 23 10 4 1
85503|Child_Cross21|58: 1100 316 125 47 23 10 4 1
85504|Child_CrossABC2|8: 1156 308 125 47 23 10 4 1
85506|Child_Cross12|41: 1167 308 125 47 23 10 4 1
85507|Child_Avg|7: 1168 308 125 47 23 10 4 1
85508|Child_CrossABC1|1: 1168 333 125 47 23 10 4 1
85509|Child_Avg|7: 1193 308 125 47 23 10 4 1
85511|Child_Cross12|9: 1180 308 125 47 23 10 4 1
85513|Child_Avg|7: 1169 316 125 47 23 10 4 1
85514|Child_Cross12|9: 1151 308 125 47 23 10 4 1
85516|Child_Avg|15: 1177 308 125 47 23 10 4 1
85517|Child_Avg|27: 1213 308 125 47 23 10 4 1
85518|Child_Cross12|33: 1202 308 125 47 23 10 4 1
85521|Child_Cross21|10: 1192 308 125 47 23 10 4 1
85523|Child_Cross12|41: 1211 308 125 47 23 10 4 1
85524|Child_Avg|43: 1199 308 125 47 23 10 4 1
85529|Child_Cross12|45: 1218 308 125 47 23 10 4 1
85531|Child_Cross12|37: 1124 308 125 47 23 10 4 1
85532|Child_Avg|35: 1172 308 125 47 23 10 4 1
85536|Child_Cross21|22|Mutated: 1224 308 125 47 23 10 4 1
85538|Child_Cross21|10: 1184 308 125 47 23 10 4 1
85541|Child_Avg|55: 1208 308 125 47 23 10 4 1
85543|Child_Avg|51: 1197 308 125 47 23 10 4 1
85546|Child_Avg|31: 1207 308 125 47 23 10 4 1
85552|Child_Avg|15|Mutated: 1203 308 125 47 23 10 4 1
85558|Child_Cross12|29: 1198 308 125 47 23 10 4 1
85562|Child_Avg|47: 1129 308 125 47 23 10 4 1
85564|Child_Avg|51: 1103 308 125 47 23 10 4 1
85570|Child_Cross12|41: 1175 308 125 47 23 10 4 1
85571|Child_Avg|15: 1186 308 125 47 23 10 4 1
85572|Child_Cross21|58: 1166 308 125 47 23 10 4 1
85576|Child_Cross12|29: 1176 308 125 47 23 10 4 1
85577|Child_Cross21|46: 1191 308 125 47 23 10 4 1
85584|Child_Cross21|30|Mutated: 1186 325 125 47 23 10 4 1
85587|Child_Avg|23: 1188 308 125 47 23 10 4 1
85589|Child_Cross12|21: 1187 316 125 47 23 10 4 1
85594|Child_Cross21|22: 1187 308 125 47 23 10 4 1
85596|Child_Cross21|42: 1188 316 125 47 23 10 4 1
85599|Child_Cross12|57: 1187 317 125 47 23 10 4 1
85606|Child_Avg|51: 1159 316 125 47 23 10 4 1
85614|Child_Cross21|6: 1168 316 125 47 23 10 4 1
85615|Child_Cross12|37: 1242 308 125 47 23 10 4 1
85616|Child_Cross21|42: 1172 316 125 47 23 10 4 1
85617|Child_Cross21|26: 1280 308 125 47 23 10 4 1
85620|Child_Avg|7: 1146 316 125 47 23 10 4 1
85622|Survivor|1: 1180 316 125 47 23 10 4 1
85624|Child_Avg|11: 1165 316 125 47 23 10 4 1
85625|Child_Avg|27: 1162 316 125 47 23 10 4 1
85626|Child_Avg|39: 1153 316 125 47 23 10 4 1
85630|Child_Avg|35: 1177 316 125 47 23 10 4 1
85638|Child_Cross21|58: 1149 316 125 47 23 10 4 1
85642|Child_Cross12|53: 1161 316 125 47 23 10 4 1
85649|Child_Cross12|21|Mutated: 1176 316 125 47 23 10 4 1
85654|Child_Cross12|5: 1166 316 125 47 23 10 4 1
85657|Child_Cross12|5: 1147 316 125 47 23 10 4 1
85662|Child_Avg|7: 1150 316 125 47 23 10 4 1
85666|Child_Cross21|14: 1200 316 125 47 23 10 4 1
85670|Child_Cross12|33: 1181 316 125 47 23 10 4 1
85673|Child_Cross21|54: 1192 316 125 47 23 10 4 1
85675|Child_Cross21|14: 1230 316 125 47 23 10 4 1
85676|Child_Cross21|6: 1203 316 125 47 23 10 4 1
85682|Child_Cross12|33: 1178 316 125 47 23 10 4 1
85696|Child_Cross12|5: 1184 316 125 47 23 10 4 1
85710|Child_Cross12|25: 1173 316 125 47 23 10 4 1
85713|Child_Cross21|58: 1115 316 125 47 23 10 4 1
85714|Child_Avg|3: 1215 316 125 47 23 10 4 1
85718|Child_Cross12|41: 1128 316 125 47 23 10 4 1
85731|Child_Cross21|54: 1209 316 125 47 23 10 4 1
85734|Child_Avg|59: 1156 316 125 47 23 10 4 1
85735|Child_Avg|43: 1197 316 125 47 23 10 4 1
85738|Child_Cross21|10: 1204 316 125 47 23 10 4 1
85748|Child_Cross21|34: 1157 316 125 47 23 10 4 1
85760|Child_Cross12|17: 1175 316 125 47 23 10 4 1
85771|Child_Cross21|14: 1185 316 125 47 23 10 4 1
85794|Child_Cross21|14: 1199 316 125 47 23 10 4 1
85813|Child_Cross12|5: 1093 316 125 47 23 10 4 1
85815|Child_Cross21|34: 1130 316 125 47 23 10 4 1
85817|Child_Cross12|29: 1137 316 125 47 23 10 4 1
85818|Child_Avg|35: 1190 316 125 47 23 10 4 1
85841|Child_Cross12|5: 1102 316 125 47 23 10 4 1
85845|Child_CrossABC1|1: 1160 316 125 47 23 10 4 1
85857|Child_Avg|47: 1171 316 125 47 23 10 4 1
85868|Child_Cross12|9: 1152 316 125 47 23 10 4 1
85876|Child_CrossABC2|2: 1158 316 125 47 23 10 4 1
85889|Child_Cross21|46: 1219 316 125 47 23 10 4 1
85893|Child_Avg|43: 1164 316 125 47 23 10 4 1
85894|Child_Cross12|41: 1208 316 125 47 23 10 4 1
85901|Child_Cross12|21: 1212 316 125 47 23 10 4 1
85905|Child_Avg|3: 1193 316 125 47 23 10 4 1
85907|Child_Cross12|1: 1231 316 125 47 23 10 4 1
85908|Child_Cross12|5: 1225 316 125 47 23 10 4 1
85916|Child_Avg|35: 1216 316 125 47 23 10 4 1
85925|Child_Avg|27: 1171 339 125 47 23 10 4 1
85938|Child_Avg|47: 1196 316 125 47 23 10 4 1
85948|Child_Avg|7: 1207 316 125 47 23 10 4 1
85950|Child_Cross12|13: 1206 316 125 47 23 10 4 1
85980|Child_Cross21|54: 1235 316 125 47 23 10 4 1
85988|Child_Avg|3: 1213 316 125 47 23 10 4 1
85996|Child_Cross12|45: 1228 316 125 47 23 10 4 1
86004|Child_Cross12|49: 1218 316 125 47 23 10 4 1
86007|Child_Avg|35: 1211 316 125 47 23 10 4 1
86062|Child_Cross12|25: 1203 347 125 47 23 10 4 1
86069|Child_Cross12|21: 1227 316 125 47 23 10 4 1
86101|Child_CrossABC2|2: 1122 316 125 47 23 10 4 1
86105|Child_CrossABC1|7: 1091 316 125 47 23 10 4 1
86106|Survivor|1|Mutated: 908 316 125 47 23 10 4 1
86132|Child_CrossABC1|7: 1145 316 125 47 23 10 4 1
86135|Child_CrossABC1|1: 1247 316 125 47 23 10 4 1
86147|Child_CrossABC2|2: 1179 316 125 47 23 10 4 1
86202|Child_Avg|35: 1163 314 125 44 23 10 4 1
86270|Child_LevyABC2|6: 923 268 109 47 23 10 4 1
86421|Survivor|1: 786 321 118 49 24 9 4 1
86487|Child_Avg|27|Mutated: 897 281 117 52 24 9 4 1
86492|Child_Avg|11: 898 293 118 49 24 9 4 1
86497|Child_Avg|31: 952 303 121 47 24 9 4 1
86499|Survivor|1: 891 289 117 46 24 9 4 1
86503|Child_Cross12|13: 930 293 114 43 24 9 4 1
86539|Child_CrossABC1|7: 779 285 107 43 20 9 4 1
86916|Survivor|1: 1121 329 129 61 24 9 4 1
86931|Child_Cross12|33: 1183 329 121 50 24 9 4 1
86942|Child_Cross12|45: 1145 316 117 49 24 9 4 1
86943|Child_Avg|59: 1146 316 117 49 24 9 4 1
86950|Child_Cross12|25: 1141 316 117 49 24 9 4 1
86954|Child_Cross12|5: 1162 316 117 49 24 9 4 1
86955|Child_CrossABC1|1: 1139 319 117 49 24 9 4 1
86956|Child_Cross12|25: 1162 335 117 49 24 9 4 1
86958|Child_Cross21|30: 1155 316 117 49 24 9 4 1
86961|Child_Cross12|25: 1143 316 117 49 24 9 4 1
86962|Child_Cross21|6: 1143 319 117 49 24 9 4 1
86976|Child_Cross21|38: 1147 318 117 49 24 9 4 1
86996|Child_Cross12|53: 1203 318 117 49 24 9 4 1
87012|Child_Cross12|17: 1219 318 117 49 24 9 4 1
87014|Child_Cross12|41: 1152 318 117 49 24 9 4 1
87029|Child_Cross21|58: 1098 318 117 49 24 9 4 1
87040|Child_Cross12|25: 1191 318 117 49 24 9 4 1
87041|Child_Avg|15: 1216 318 117 49 24 9 4 1
87044|Child_Avg|3: 1201 318 117 49 24 9 4 1
87060|Child_Cross12|13: 1197 318 126 49 24 9 4 1
87084|Child_Cross21|42: 1179 318 117 49 24 9 4 1
87089|Child_Cross21|2: 1215 318 126 49 24 9 4 1
87090|Child_Cross21|22: 1130 318 126 49 24 9 4 1
87098|Child_Avg|15: 1138 318 126 49 24 9 4 1
87100|Child_Cross21|26: 1154 318 126 49 24 9 4 1
87101|Child_Cross12|57: 1106 318 126 49 24 9 4 1
87103|Child_CrossABC2|8: 1148 318 126 49 24 9 4 1
87106|Child_Cross12|53: 1143 318 126 49 24 9 4 1
87119|Child_Cross21|30: 1193 318 126 49 24 9 4 1
87120|Child_Cross21|18: 1145 318 126 49 24 9 4 1
87121|Child_Cross12|1: 1144 318 126 49 24 9 4 1
87123|Survivor|1: 1231 337 126 49 24 9 4 1
87125|Child_Avg|55|Mutated: 1149 318 126 49 24 9 4 1
87127|Child_Cross12|5: 1205 318 126 49 24 9 4 1
87128|Child_Cross21|14: 1156 318 126 49 24 9 4 1
87131|Child_Avg|23: 1176 318 126 49 24 9 4 1
87132|Child_Cross21|14: 1183 318 126 49 24 9 4 1
87133|Child_Cross21|30: 1247 337 126 49 24 9 4 1
87134|Child_CrossABC1|1: 1246 316 126 49 24 9 4 1
87145|Child_Cross21|2: 1211 316 126 49 24 9 4 1
87148|Child_Cross21|18: 1184 317 126 49 24 9 4 1
87150|Child_Cross21|50|Mutated: 1194 318 126 49 24 9 4 1
87153|Child_Avg|59: 1175 316 126 49 24 9 4 1
87155|Child_Cross21|26: 1185 317 126 49 24 9 4 1
87158|Child_Cross21|22: 1181 316 126 49 24 9 4 1
87159|Child_Cross12|37: 1180 316 126 49 24 9 4 1
87161|Child_Cross21|34|Mutated: 1186 316 126 49 24 9 4 1
87162|Child_Avg|51: 1182 316 126 49 24 9 4 1
87163|Child_Cross21|14: 1184 316 126 49 24 9 4 1
87164|Child_Cross12|21: 1152 316 126 49 24 9 4 1
87165|Child_Avg|55: 1173 316 126 49 24 9 4 1
87168|Child_Cross12|57: 1201 316 126 49 24 9 4 1
87170|Child_Avg|19: 1192 316 126 49 24 9 4 1
87175|Child_Cross12|57: 1176 316 126 49 24 9 4 1
87186|Child_Avg|43: 1171 316 126 49 24 9 4 1
87194|Child_Cross12|9: 1169 316 126 49 24 9 4 1
87195|Child_CrossABC1|1: 1168 316 126 49 24 9 4 1
87200|Survivor|1: 1124 316 126 49 24 9 4 1
87270|Survivor|1: 832 283 135 49 21 10 4 1
87432|Survivor|1: 823 256 102 43 24 9 4 1
87619|Survivor|1: 817 290 110 48 23 10 4 1
87719|Survivor|1: 875 345 122 46 24 9 4 1
87838|Survivor|1: 965 405 142 55 24 9 4 1
87846|Child_Cross12|21: 880 342 131 53 24 9 4 1
87848|Survivor|1: 865 343 127 53 24 9 4 1
87850|Child_Cross12|37: 825 338 134 53 24 9 4 1
87851|Child_Avg|27: 857 321 129 50 24 9 4 1
87887|Survivor|1: 971 304 112 43 24 9 4 1
87909|Child_Cross12|37: 885 304 112 43 24 9 4 1
87910|Child_Cross21|38: 948 304 112 43 24 9 4 1
87912|Child_Cross21|2: 898 304 112 43 24 9 4 1
87930|Child_Cross21|26: 893 304 112 43 24 9 4 1
87946|Child_Avg|7: 814 304 112 43 24 9 4 1
87955|Child_Cross21|18: 773 304 112 43 24 9 4 1
87992|Child_Cross12|37: 759 304 112 43 24 9 4 1
88002|Child_Cross21|18: 829 304 112 43 24 9 4 1
88176|Child_CrossABC2|8: 949 313 114 50 24 9 4 1
88196|Child_Avg|27: 930 280 113 46 24 9 4 1
88203|Child_Cross21|18: 931 280 113 46 24 9 4 1
88217|Child_CrossABC1|1: 937 286 113 46 24 9 4 1
88222|Child_CrossABC1|1: 939 282 113 46 24 9 4 1
88263|Child_Cross21|22: 899 281 113 43 20 9 4 1
88295|Survivor|1: 893 292 113 43 24 9 4 1
88334|Survivor|1: 798 289 113 43 24 9 4 1
88418|Child_Levy|8: 910 287 126 55 24 9 4 1
88434|Child_Cross21|10: 893 307 109 47 23 10 4 1
88437|Child_Cross21|38: 885 307 109 47 23 10 4 1
88441|Child_Cross21|58: 895 308 109 47 23 10 4 1
88464|Child_Avg|27: 917 307 109 47 23 10 4 1
88466|Child_Avg|31: 908 307 109 47 23 10 4 1
88468|Child_Cross21|46: 890 307 109 47 23 10 4 1
88470|Child_Cross21|2: 873 307 109 47 23 10 4 1
88479|Child_Cross12|9: 828 307 109 47 23 10 4 1
88481|Child_Cross12|45: 892 307 109 47 23 10 4 1
88483|Child_Avg|35: 900 307 109 47 23 10 4 1
88486|Child_Cross21|26: 793 307 109 47 23 10 4 1
88488|Child_Cross12|29: 813 307 109 47 23 10 4 1
88492|Child_Cross21|58: 860 307 109 47 23 10 4 1
88495|Child_Cross21|30: 818 307 109 47 23 10 4 1
88501|Child_Avg|3: 833 307 109 47 23 10 4 1
88512|Child_Cross12|41: 826 307 109 47 23 10 4 1
88513|Child_Cross12|37: 821 307 109 47 23 10 4 1
88518|Child_Cross12|21: 814 307 109 47 23 10 4 1
88522|Child_Cross21|50: 784 307 109 47 23 10 4 1
88524|Survivor|1: 801 307 109 47 23 10 4 1
88526|Child_Avg|3: 811 307 109 47 23 10 4 1
88528|Child_Cross21|58: 808 307 109 47 23 10 4 1
88530|Child_CrossABC1|7: 779 307 109 47 23 10 4 1
88536|Child_Cross12|41: 806 307 109 47 23 10 4 1
88537|Child_Cross12|17: 799 307 109 47 23 10 4 1
88538|Child_Cross21|50: 796 307 109 47 23 10 4 1
88548|Child_Cross12|5: 809 307 109 47 23 10 4 1
88560|Child_Cross12|1: 804 307 109 47 23 10 4 1
88564|Child_Avg|15: 803 307 109 47 23 10 4 1
88587|Child_Cross12|53: 798 307 109 47 23 10 4 1
88593|Child_Cross12|45: 804 292 109 47 23 10 4 1
88612|Child_Avg|39: 808 315 109 47 23 10 4 1
88615|Child_Cross21|6: 791 307 109 47 23 10 4 1
88616|Child_Cross21|46: 809 307 111 47 23 10 4 1
88634|Survivor|1: 810 307 109 47 23 10 4 1
88805|Child_Avg|3: 882 337 132 55 24 9 4 1
88813|Child_Levy|44: 876 341 134 58 24 11 4 1
88820|Child_Avg|27: 873 331 141 52 24 9 4 1
88827|Child_Cross12|49: 850 333 133 49 24 9 4 1
88849|Survivor|1: 817 297 119 46 24 9 4 1
88868|Survivor|1: 843 319 118 49 24 9 4 1
89003|Survivor|1: 752 272 108 49 24 9 4 1
89049|Survivor|1: 777 269 122 53 24 9 4 1
89050|Child_CrossABC1|1: 810 272 123 59 24 9 4 1
89084|Survivor|1: 841 257 121 50 24 9 4 1
89195|Survivor|1: 795 299 110 50 24 9 4 1
89208|Survivor|1: 813 298 109 49 24 9 4 1
89224|Child_Cross21|38: 812 296 108 49 24 9 4 1
89228|Child_Avg|43: 761 296 108 49 24 9 4 1
89242|Child_Cross12|13: 817 296 108 49 24 9 4 1
89246|Child_Cross12|53: 786 296 117 49 24 9 4 1
89247|Child_Cross21|26: 802 296 108 49 24 9 4 1
89254|Child_Cross21|22: 806 296 108 49 24 9 4 1
89255|Child_Cross12|33: 932 296 108 49 24 9 4 1
89256|Child_CrossABC1|7: 809 292 108 49 24 9 4 1
89259|Child_Avg|31: 775 296 108 49 24 9 4 1
89261|Child_CrossABC1|7: 765 296 108 49 24 9 4 1
89265|Child_Avg|15: 785 296 108 49 24 9 4 1
89267|Child_Cross12|33: 805 296 108 49 24 9 4 1
89276|Child_CrossABC1|1: 792 296 108 49 24 9 4 1
89278|Child_Avg|43: 791 296 108 49 24 9 4 1
89279|Child_Cross21|30: 793 258 108 49 24 9 4 1
89296|Child_CrossABC2|8: 771 296 108 49 24 9 4 1
89308|Child_Cross12|9: 814 296 108 49 24 9 4 1
89328|Child_Cross21|18: 827 296 108 49 24 9 4 1
89329|Child_Cross21|54: 786 296 108 49 24 9 4 1
89331|Child_Cross12|1: 774 296 108 49 24 9 4 1
89334|Child_Avg|59: 803 296 108 49 24 9 4 1
89342|Child_Cross21|22: 789 296 108 49 24 9 4 1
89347|Child_Avg|3: 732 296 114 53 24 9 4 1
89350|Child_Cross12|33: 910 296 108 49 24 9 4 1
89351|Child_Cross21|2: 799 296 108 49 24 9 4 1
89361|Child_Cross21|50: 810 296 108 49 24 9 4 1
89374|Child_Cross12|45: 795 296 108 49 24 9 4 1
89399|Survivor|1: 771 296 109 49 24 9 4 1
89418|Survivor|1: 840 320 118 49 24 9 4 1
89569|Survivor|1: 909 290 118 45 23 10 4 1
89580|Child_CrossABC2|8: 913 289 118 45 23 10 4 1
89600|Child_Cross12|21: 793 289 118 45 23 10 4 1
89606|Child_Cross12|53: 933 289 118 45 23 10 4 1
89615|Child_Cross12|21: 917 289 118 45 23 10 4 1
89619|Child_Cross21|38: 919 289 118 45 23 10 4 1
89654|Survivor|1: 918 289 118 45 23 10 4 1
89685|Survivor|1: 885 284 113 43 20 9 4 1
89735|Child_Cross21|42: 746 262 112 45 21 10 4 1
89748|Survivor|1: 824 284 115 49 21 10 4 1
89753|Child_CrossABC1|1: 780 284 115 49 21 10 4 1
89758|Child_CrossABC1|1: 828 284 115 49 21 10 4 1
89764|Child_CrossABC1|1: 839 284 115 49 21 10 4 1
89769|Child_Avg|35: 830 281 116 46 20 9 4 1
89772|Child_Levy|28: 810 285 106 41 19 10 4 1
89883|Child_CrossABC2|2: 809 307 108 46 24 9 4 1
89895|Survivor|1: 792 299 108 46 24 9 4 1
89914|Survivor|1: 799 273 108 46 24 9 4 1
89919|Child_Cross21|26: 800 254 107 47 24 9 4 1
89920|Child_Avg|3: 904 325 124 46 24 9 4 1
89953|Survivor|1: 789 298 134 58 21 10 4 1
90210|Survivor|1: 839 256 114 49 24 9 4 1
90277|Survivor|1: 925 295 121 46 20 9 4 1
90283|Survivor|1: 917 324 140 49 24 9 4 1
90291|Survivor|1: 949 363 141 46 24 9 4 1
90295|Child_Cross12|21: 853 307 118 43 24 9 4 1
90302|Survivor|1: 835 311 123 43 24 9 4 1
90310|Survivor|1: 895 307 118 50 24 9 4 1
90477|Survivor|1: 891 273 111 46 21 10 4 1
90501|Survivor|1: 907 293 112 47 21 10 4 1
90548|Child_Cross12|45: 793 291 118 43 24 9 4 1
90553|Child_CrossABC1|1: 786 296 118 43 24 9 4 1
90563|Child_Cross21|54: 790 296 118 43 24 9 4 1
90566|Child_Cross12|25: 795 299 118 43 24 9 4 1
90583|Child_Cross21|10: 788 296 118 43 24 9 4 1
90597|Child_Cross12|29: 784 296 118 43 24 9 4 1
90604|Survivor|1: 795 296 118 43 24 9 4 1
90658|Child_Cross12|53: 773 301 129 56 24 9 4 1
90675|Survivor|1: 826 281 108 51 23 10 4 1
90710|Survivor|1: 801 288 126 47 24 9 4 1
90743|Survivor|1: 787 278 114 43 20 9 4 1
90748|Survivor|1|Mutated: 793 271 114 46 20 9 4 1
90841|Survivor|1: 1028 379 145 61 24 9 4 1
90847|Child_Cross12|57: 1032 367 132 61 24 9 4 1
90849|Survivor|1: 955 367 132 61 24 9 4 1
90856|Survivor|1: 869 323 114 55 24 9 4 1
90870|Survivor|1: 973 341 118 49 24 9 4 1
91019|Survivor|1: 860 267 113 51 19 10 4 1
91021|Child_CrossABC1|7: 825 268 120 51 19 10 4 1
91025|Survivor|1: 770 284 103 45 21 10 4 1
91118|Child_Avg|47: 879 249 107 43 20 9 4 1
91120|Child_Cross21|2: 836 244 107 43 20 9 4 1
91124|Survivor|1: 833 244 107 43 20 9 4 1
91129|Child_CrossABC2|8: 846 244 107 43 20 9 4 1
91131|Survivor|1: 820 244 107 43 20 9 4 1
91133|Child_Cross21|22: 850 244 107 43 20 9 4 1
91136|Child_Cross21|10: 855 244 107 43 20 9 4 1
91141|Child_Cross12|1: 849 244 107 43 20 9 4 1
91142|Child_CrossABC2|2: 845 244 107 43 20 9 4 1
91144|Survivor|1: 841 244 107 43 20 9 4 1
91245|Child_Cross21|58: 817 262 106 41 19 10 4 1
91277|Child_Cross12|25: 841 261 105 41 19 10 4 1
91373|Child_Cross12|25: 1380 344 143 49 24 9 4 1
91379|Survivor|1: 845 292 108 49 24 9 4 1
91384|Child_Cross12|29: 891 311 117 49 24 9 4 1
91385|Child_CrossABC1|7: 898 310 117 49 24 9 4 1
91393|Child_CrossABC2|2: 884 321 119 49 24 9 4 1
91441|Survivor|1: 768 268 108 43 24 9 4 1
91504|Survivor|1: 811 260 103 43 24 9 4 1
91553|Survivor|1: 780 264 107 43 20 9 4 1
91647|Survivor|1: 1222 352 125 59 24 9 4 1
91692|Child_LevyP1|9: 776 316 127 49 24 9 4 1
91695|Child_Avg|39|Mutated: 813 328 131 56 24 9 4 1
91705|Child_Cross21|26: 796 302 126 47 24 9 4 1
91715|Child_Avg|15: 780 301 125 47 24 9 4 1
91719|Child_Cross21|10: 787 302 126 47 24 9 4 1
91733|Child_Cross21|50: 777 297 124 46 24 9 4 1
91735|Child_Cross21|10: 777 301 122 46 24 9 4 1
91739|Child_Avg|51: 779 295 123 46 24 9 4 1
91741|Child_Cross12|13: 779 299 124 46 24 9 4 1
91743|Child_Cross12|49: 802 295 124 46 24 9 4 1
91747|Child_Cross21|38: 790 297 124 46 24 9 4 1
91752|Child_Cross12|29|Mutated: 774 297 124 46 24 9 4 1
91756|Child_Cross12|21: 787 297 124 46 24 9 4 1
91758|Child_Cross21|6: 775 299 124 46 24 9 4 1
91767|Child_Cross21|34: 795 297 124 46 24 9 4 1
91771|Survivor|1: 806 297 124 46 24 9 4 1
91774|Child_Avg|31: 809 297 124 46 24 9 4 1
91781|Child_Cross12|5: 803 297 124 46 24 9 4 1
91783|Child_Avg|51: 792 297 124 46 24 9 4 1
91788|Child_Cross12|13: 797 297 124 46 24 9 4 1
91789|Child_Cross12|33|Mutated: 801 297 124 46 24 9 4 1
91790|Child_Cross12|45: 800 297 124 46 24 9 4 1
91800|Child_Avg|59: 792 293 124 46 24 9 4 1
91804|Child_Cross21|14: 798 297 124 46 24 9 4 1
91811|Child_Cross21|26: 822 297 124 46 24 9 4 1
91848|Child_Cross21|26: 789 297 124 46 24 9 4 1
91852|Child_Cross12|53: 794 297 124 46 24 9 4 1
92014|Child_Avg|47: 1267 335 126 49 24 9 4 1
92020|Child_Cross12|9: 1184 345 130 46 24 9 4 1
92273|Survivor|1: 731 286 115 45 21 10 4 1
92280|Child_CrossABC1|7: 781 292 116 45 21 10 4 1
92408|Survivor|1: 842 255 104 45 21 10 4 1
92699|Survivor|1: 808 241 108 46 24 9 4 1
93075|Survivor|1: 861 370 129 58 24 9 4 1
93079|Child_Cross21|22: 913 329 135 46 24 9 4 1
93292|Child_Cross21|22: 756 284 105 41 19 10 4 1
93434|Survivor|1: 908 272 118 43 20 9 4 1
93445|Child_Avg|55: 852 263 112 47 23 10 4 1
93449|Survivor|1: 908 272 118 43 24 9 4 1
93530|Survivor|1: 1135 299 122 56 24 9 4 1
93553|Survivor|1: 838 269 116 50 24 9 4 1
93568|Survivor|1: 815 252 112 47 21 10 4 1
93651|Survivor|1: 807 317 117 49 21 10 4 1
93664|Child_Cross21|46: 774 277 113 47 21 10 4 1
93668|Child_CrossABC1|7: 777 277 113 47 21 10 4 1
93673|Survivor|1: 788 275 111 46 21 10 4 1
93676|Child_CrossABC1|1: 788 280 113 45 21 10 4 1
93684|Child_Cross21|26: 796 279 113 45 21 10 4 1
93688|Child_Cross21|34: 806 281 113 45 21 10 4 1
93689|Child_Avg|47: 801 280 113 45 21 10 4 1
93694|Child_Avg|55: 811 280 113 45 21 10 4 1
93696|Child_Cross12|45: 781 281 113 45 21 10 4 1
93697|Child_Cross21|50: 816 281 113 45 21 10 4 1
93700|Survivor|1: 760 283 114 49 21 10 4 1
93704|Child_Cross21|30: 797 280 113 45 21 10 4 1
93731|Child_Cross21|58: 759 279 113 45 21 10 4 1
93733|Child_Cross21|2: 797 279 113 45 21 10 4 1
93737|Child_Cross12|13: 811 279 113 45 21 10 4 1
93742|Child_Cross21|38: 793 280 113 45 21 10 4 1
93746|Child_Avg|23: 806 280 113 45 21 10 4 1
93755|Child_CrossABC1|7: 780 280 113 45 21 10 4 1
93757|Child_Avg|35: 792 280 113 45 21 10 4 1
93765|Child_Cross21|10: 780 279 113 45 21 10 4 1
93767|Child_Avg|15: 801 278 113 45 21 10 4 1
93774|Child_Cross21|54: 798 280 113 45 21 10 4 1
93782|Child_Cross21|50: 793 278 113 45 21 10 4 1
93799|Child_Avg|31: 772 279 113 45 21 10 4 1
93806|Child_Cross12|5: 820 264 113 45 21 10 4 1
93816|Child_Cross12|21: 788 279 113 45 21 10 4 1
93822|Child_Avg|27: 795 279 113 45 21 10 4 1
93844|Child_CrossABC1|1: 794 281 113 45 21 10 4 1
93846|Child_Cross21|6: 794 278 113 45 21 10 4 1
93859|Child_Cross21|38: 786 279 113 45 21 10 4 1
93887|Survivor|1: 793 285 113 45 21 10 4 1
93888|Child_CrossABC2|2: 798 285 113 45 21 10 4 1
93900|Child_Cross12|5: 779 284 113 45 21 10 4 1
93902|Child_Cross12|9: 778 286 113 45 21 10 4 1
93907|Child_Cross21|30: 780 285 113 45 21 10 4 1
93916|Child_Cross12|33: 777 285 113 45 21 10 4 1
93917|Child_Cross12|57: 777 284 113 45 21 10 4 1
93934|Child_Cross21|38: 777 283 113 45 21 10 4 1
93943|Child_Cross12|5: 776 284 113 45 21 10 4 1
93949|Child_Cross12|9: 778 284 113 45 21 10 4 1
93968|Child_Avg|7: 776 283 113 45 21 10 4 1
93976|Child_Cross12|5: 776 284 103 45 21 10 4 1
93978|Child_Cross21|18: 824 284 113 45 21 10 4 1
93981|Child_Cross21|58: 801 284 113 45 21 10 4 1
93985|Child_Cross12|41: 810 283 113 45 21 10 4 1
93988|Child_Cross12|9: 813 285 113 45 21 10 4 1
93991|Child_Avg|47: 808 285 113 45 21 10 4 1
94004|Child_Cross21|22|Mutated: 807 285 113 45 21 10 4 1
94006|Child_Cross21|2: 789 285 113 45 21 10 4 1
94009|Child_CrossABC1|7|Mutated: 821 285 113 45 21 10 4 1
94010|Child_CrossABC2|2: 814 285 113 45 21 10 4 1
94013|Child_Cross12|17: 785 285 113 45 21 10 4 1
94016|Child_Cross12|57: 790 285 113 45 21 10 4 1
94020|Survivor|1: 812 285 113 45 21 10 4 1
94032|Child_Avg|35|Mutated: 799 285 113 45 21 10 4 1
94035|Child_Cross21|30|Mutated: 794 285 113 45 21 10 4 1
94041|Child_Cross21|50: 771 285 113 45 21 10 4 1
94049|Child_Cross12|5: 784 285 113 45 21 10 4 1
94065|Child_Cross12|53: 771 286 113 45 21 10 4 1
94105|Child_Avg|55: 778 285 113 45 21 10 4 1
94108|Child_Avg|35: 767 285 113 45 21 10 4 1
94113|Child_Cross12|45: 912 285 113 45 21 10 4 1
94115|Child_Avg|55: 792 285 113 45 21 10 4 1
94120|Child_Cross12|5: 776 285 113 45 21 10 4 1
94136|Child_Cross12|25: 902 285 113 45 21 10 4 1
94150|Child_Cross12|41: 781 286 113 45 21 10 4 1
94152|Child_Avg|11: 781 285 113 45 21 10 4 1
94158|Child_Avg|39: 786 285 113 45 21 10 4 1
94176|Child_Cross21|10: 775 285 113 45 21 10 4 1
94179|Child_CrossABC1|7: 758 285 113 45 21 10 4 1
94211|Survivor|1: 781 286 116 45 21 10 4 1
94213|Child_CrossABC2|2: 782 283 114 49 21 10 4 1
94229|Child_Avg|47: 798 281 113 43 20 9 4 1
94244|Child_Cross21|26: 792 274 113 43 20 9 4 1
94246|Child_Cross12|5: 788 284 113 43 20 9 4 1
94248|Child_Cross12|49: 788 274 113 43 20 9 4 1
94279|Survivor|1: 794 274 113 43 20 9 4 1
94449|Child_Cross21|10: 772 285 107 43 20 9 4 1
94486|Survivor|1: 909 372 123 46 24 9 4 1
94660|Child_Avg|55: 1313 401 139 61 23 10 4 1
94684|Survivor|1: 974 379 125 58 23 10 4 1
94700|Survivor|1: 1121 358 139 51 23 10 4 1
94744|Child_Cross12|33|Mutated: 823 242 107 43 24 9 4 1
94830|Survivor|1: 894 281 113 45 21 10 4 1
94855|Child_Cross21|34: 804 250 107 43 20 9 4 1
94856|Child_Cross21|34: 804 288 107 43 20 9 4 1
94883|Child_Avg|15: 811 287 107 43 20 9 4 1
94897|Child_Cross21|14: 820 287 107 43 20 9 4 1
94903|Child_Cross12|45: 769 287 107 43 20 9 4 1
94968|Child_Cross21|30: 752 287 107 43 20 9 4 1
94975|Child_Cross21|26: 764 287 107 43 20 9 4 1
94984|Child_Cross21|10: 772 287 107 43 20 9 4 1
94993|Child_Cross12|33: 782 291 107 43 20 9 4 1
95016|Survivor|1: 726 287 107 43 20 9 4 1
95017|Child_Cross21|22: 744 287 107 43 20 9 4 1
95026|Child_CrossABC1|1: 761 286 107 43 20 9 4 1
95120|Survivor|1: 801 269 113 48 23 10 4 1
95151|Survivor|1: 847 257 113 47 23 10 4 1
95310|Child_Levy|24: 868 324 117 47 21 10 4 1
95377|Child_Cross12|21: 811 331 125 47 23 10 4 1
95379|Child_Cross12|13: 800 330 123 47 23 10 4 1
95386|Survivor|1: 810 333 125 47 23 10 4 1
95388|Child_Avg|27: 829 333 125 47 23 10 4 1
95389|Child_CrossABC1|1: 814 331 125 47 23 10 4 1
95390|Child_Cross21|34: 825 332 125 47 23 10 4 1
95391|Child_Cross12|29: 808 294 125 47 23 10 4 1
95392|Child_Cross12|53: 824 333 125 47 23 10 4 1
95395|Child_Cross21|34: 812 325 125 47 23 10 4 1
95397|Child_Cross12|25: 814 332 125 47 23 10 4 1
95400|Child_Cross12|53: 815 332 125 47 23 10 4 1
95403|Child_Cross21|50: 806 323 125 47 23 10 4 1
95405|Child_Cross12|25: 818 332 125 47 23 10 4 1
95410|Child_Cross21|14: 810 332 125 47 23 10 4 1
95415|Survivor|1: 854 331 125 47 23 10 4 1
95416|Child_Cross21|14: 857 332 125 47 23 10 4 1
95421|Child_Avg|31: 869 332 125 47 23 10 4 1
95423|Child_Cross12|21: 876 332 125 47 23 10 4 1
95426|Child_Cross12|33: 888 332 125 47 23 10 4 1
95427|Child_Cross12|57: 861 332 125 47 23 10 4 1
95431|Child_CrossABC2|2: 850 332 125 47 23 10 4 1
95433|Child_Avg|23: 858 332 125 47 23 10 4 1
95434|Child_Avg|11: 877 332 125 47 23 10 4 1
95435|Child_Cross21|14: 892 332 125 47 23 10 4 1
95438|Child_Cross21|6: 853 332 125 47 23 10 4 1
95439|Child_Cross21|34: 880 332 125 47 23 10 4 1
95441|Child_Cross12|41: 865 332 125 47 23 10 4 1
95443|Child_Avg|55: 873 332 125 47 23 10 4 1
95447|Child_Cross12|37: 885 332 125 47 23 10 4 1
95448|Child_Cross21|50: 866 332 125 47 23 10 4 1
95456|Child_Avg|51: 862 332 125 47 23 10 4 1
95459|Child_Cross21|2: 869 340 125 47 23 10 4 1
95460|Child_Avg|15: 878 332 125 47 23 10 4 1
95461|Child_Cross12|37: 881 332 125 47 23 10 4 1
95471|Child_Cross21|26: 897 332 125 47 23 10 4 1
95477|Child_Cross21|50: 889 332 125 47 23 10 4 1
95481|Child_Cross12|45: 920 332 125 47 23 10 4 1
95486|Child_Cross12|21: 893 332 125 47 23 10 4 1
95487|Child_Cross21|30: 908 332 125 47 23 10 4 1
95493|Child_Cross12|29: 901 332 125 47 23 10 4 1
95494|Child_Cross12|57: 916 332 125 47 23 10 4 1
95498|Child_Cross21|2: 912 332 125 47 23 10 4 1
95504|Child_Cross12|25: 904 332 125 47 23 10 4 1
95512|Child_Cross21|34: 768 332 125 47 23 10 4 1
95518|Child_Cross21|54: 874 332 125 47 23 10 4 1
95523|Child_CrossABC1|7: 826 332 125 47 23 10 4 1
95543|Child_Cross12|53: 905 332 125 47 23 10 4 1
95550|Child_Cross12|1: 936 332 125 47 23 10 4 1
95570|Survivor|1: 928 332 125 47 23 10 4 1
95593|Child_Cross12|37: 904 324 125 47 23 10 4 1
95632|Child_Cross21|30: 842 332 125 47 23 10 4 1
95637|Child_Avg|23: 884 332 125 47 23 10 4 1
95640|Child_Cross12|49: 1212 332 125 47 23 10 4 1
95654|Child_Cross12|37: 913 332 125 47 23 10 4 1
95658|Child_Cross21|6: 924 332 125 47 23 10 4 1
95673|Child_Avg|39: 923 332 125 47 23 10 4 1
95674|Child_Cross12|29: 932 332 125 47 23 10 4 1
95693|Child_Avg|35: 909 332 125 47 23 10 4 1
95718|Child_Avg|31: 919 332 125 47 23 10 4 1
95725|Child_Cross12|9: 872 332 125 47 23 10 4 1
95729|Child_Avg|23: 908 331 125 47 23 10 4 1
95730|Child_Avg|47: 901 331 125 47 23 10 4 1
95735|Child_Cross21|54: 910 331 125 47 23 10 4 1
95747|Child_Avg|43: 907 332 125 47 23 10 4 1
95800|Child_Cross21|50|Mutated: 927 285 108 53 24 9 4 1
95807|Child_Avg|43|Mutated: 755 311 108 46 24 9 4 1
95878|Survivor|1: 837 242 103 45 21 10 4 1
95892|Child_CrossABC2|8: 859 260 112 45 21 10 4 1
95893|Child_Cross21|2: 853 260 112 45 21 10 4 1
95905|Survivor|1: 845 260 112 45 21 10 4 1
95990|Survivor|1: 1415 457 144 59 27 10 4 1
96007|Survivor|1: 945 309 113 47 23 10 4 1
96097|Child_Cross12|13: 1135 407 145 62 27 10 4 1
96273|Survivor|1|Mutated: 1067 332 135 57 23 10 4 1
96357|Survivor|1: 812 259 126 52 24 9 4 1
96378|Survivor|1: 801 317 122 46 24 9 4 1
96384|Child_Levy|60: 779 292 112 43 24 9 4 1
96407|Survivor|1: 746 285 107 46 20 9 4 1
96479|Child_Cross12|29: 840 262 114 49 21 10 4 1
96491|Child_CrossABC1|1: 845 262 114 49 21 10 4 1
96494|Child_CrossABC1|1: 846 262 114 49 21 10 4 1
96497|Child_CrossABC1|1: 847 262 114 49 21 10 4 1
96525|Survivor|1: 798 292 117 47 21 10 4 1
96531|Child_Cross12|9: 782 287 103 45 21 10 4 1
96543|Survivor|1: 804 294 113 43 20 9 4 1
96588|Survivor|1: 803 281 108 41 19 10 4 1
96591|Child_Cross21|38: 791 284 108 41 19 10 4 1
96692|Child_Cross12|21|Mutated: 771 259 112 43 19 10 4 1
96725|Survivor|1: 813 255 109 41 19 10 4 1
96741|Child_Cross21|10: 826 255 109 41 19 10 4 1
96844|Child_Avg|27: 941 281 108 46 24 9 4 1
96872|Child_Avg|27: 801 261 109 47 23 10 4 1
96892|Child_CrossABC2|2: 793 261 109 47 23 10 4 1
96901|Child_Cross21|10: 779 262 109 47 23 10 4 1
96904|Child_Avg|55: 832 254 109 47 23 10 4 1
96907|Child_Cross12|49: 813 245 109 47 23 10 4 1
96914|Survivor|1: 819 253 109 47 23 10 4 1
96917|Child_Cross21|22: 804 253 109 47 23 10 4 1
96920|Child_Cross21|30: 835 246 109 47 23 10 4 1
96921|Child_Cross21|10: 820 253 109 47 23 10 4 1
96933|Child_Avg|23: 805 253 109 47 23 10 4 1
96934|Child_Cross12|1: 806 252 109 47 23 10 4 1
96939|Child_Avg|31: 809 252 109 47 23 10 4 1
96951|Child_Cross12|41: 811 253 109 47 23 10 4 1
96952|Child_CrossABC1|1: 815 254 109 47 23 10 4 1
96953|Child_Cross12|29: 823 253 109 47 23 10 4 1
96955|Child_Cross21|14: 828 252 109 47 23 10 4 1
96957|Child_Cross12|25: 814 253 109 47 23 10 4 1
96958|Child_Cross21|22: 816 253 109 47 23 10 4 1
96960|Child_Cross12|1: 821 252 109 47 23 10 4 1
96962|Child_Cross12|57: 817 253 109 47 23 10 4 1
96965|Child_Avg|59: 817 252 109 47 23 10 4 1
96967|Child_Cross12|13: 813 252 109 47 23 10 4 1
97216|Child_Cross12|1: 917 337 129 53 24 9 4 1
97224|Child_Avg|15: 931 344 127 52 24 9 4 1
97229|Child_CrossABC1|1: 954 347 127 52 24 9 4 1
97239|Child_CrossABC1|1: 796 315 130 46 24 9 4 1
97297|Child_Avg|23: 824 316 121 46 24 9 4 1
97500|Survivor|1: 910 305 108 50 24 9 4 1
97548|Survivor|1: 735 317 131 56 24 9 4 1
97568|Child_CrossABC2|2: 891 267 101 49 24 9 4 1
97658|Survivor|1: 828 317 127 56 25 9 4 1
97670|Survivor|1: 802 283 116 50 24 9 4 1
97715|Child_Cross12|9: 808 256 112 43 24 9 4 1
97727|Survivor|1: 801 256 112 43 24 9 4 1
98127|Survivor|1: 823 241 101 46 20 9 4 1
98245|Child_Avg|19: 847 298 131 56 21 10 4 1
98246|Child_CrossABC2|2: 935 298 129 56 21 10 4 1
98247|Child_CrossABC1|7: 896 298 129 56 21 10 4 1
98249|Child_CrossABC1|1: 902 298 129 56 21 10 4 1
98252|Child_CrossABC2|2|Mutated: 871 331 131 56 21 10 4 1
98254|Child_Avg|39: 915 299 135 56 21 10 4 1
98255|Child_Cross12|45: 903 298 131 56 21 10 4 1
98259|Child_Cross12|21: 898 298 129 56 21 10 4 1
98261|Child_CrossABC1|7: 808 298 131 56 21 10 4 1
98263|Child_CrossABC2|8: 845 298 131 56 21 10 4 1
98264|Child_CrossABC2|2: 809 298 131 56 21 10 4 1
98268|Child_Cross21|46: 883 296 125 55 21 10 4 1
98270|Child_Cross12|17: 929 294 125 55 21 10 4 1
98272|Child_Avg|51: 888 294 125 55 21 10 4 1
98277|Child_Avg|39: 898 294 125 55 21 10 4 1
98280|Child_Cross21|58: 903 294 125 55 21 10 4 1
98281|Child_Cross12|25: 906 294 125 55 21 10 4 1
98283|Child_Cross21|42|Mutated: 909 294 125 55 21 10 4 1
98286|Child_Cross21|26: 917 294 125 55 21 10 4 1
98289|Child_Avg|31: 913 294 125 55 21 10 4 1
98291|Child_Cross21|42: 920 294 125 55 21 10 4 1
98304|Child_Cross12|53: 924 294 125 55 21 10 4 1
98305|Child_Cross21|18: 928 294 125 55 21 10 4 1
98308|Child_Avg|47|Mutated: 918 342 125 55 21 10 4 1
98314|Child_Cross21|14: 921 294 125 55 21 10 4 1
98316|Child_Cross12|25: 920 302 125 55 21 10 4 1
98317|Child_Cross12|57: 919 321 125 55 21 10 4 1
98323|Child_Cross21|26: 914 294 125 55 21 10 4 1
98328|Child_Cross12|45: 919 336 125 55 21 10 4 1
98333|Child_Cross12|13: 916 315 125 55 21 10 4 1
98344|Child_Cross21|34: 918 336 125 55 21 10 4 1
98345|Child_Cross21|10: 918 323 125 55 21 10 4 1
98349|Child_Cross21|38: 897 323 125 55 21 10 4 1
98352|Child_Avg|47: 908 308 125 55 21 10 4 1
98354|Child_Cross12|45: 904 323 125 55 21 10 4 1
98355|Child_Cross12|41: 915 323 125 55 21 10 4 1
98356|Child_Avg|15: 902 315 125 55 21 10 4 1
98357|Child_Cross21|6: 919 323 125 55 21 10 4 1
98358|Child_CrossABC1|1: 886 323 125 55 21 10 4 1
98359|Child_Cross21|42: 900 323 125 55 21 10 4 1
98366|Child_Cross12|25: 890 323 125 55 21 10 4 1
98367|Child_Cross12|41: 907 323 125 55 21 10 4 1
98368|Child_Cross12|25: 912 323 125 55 21 10 4 1
98376|Child_CrossABC2|2: 903 323 125 55 21 10 4 1
98380|Child_Cross21|58: 905 323 125 55 21 10 4 1
98382|Child_Cross12|17: 895 323 125 55 21 10 4 1
98383|Child_Cross12|37: 904 329 125 55 21 10 4 1
98384|Child_Avg|59: 898 323 125 55 21 10 4 1
98389|Child_Cross21|50: 904 323 125 49 21 10 4 1
98391|Child_CrossABC2|8|Mutated: 902 323 125 56 21 10 4 1
98395|Child_Cross21|30: 905 323 125 49 21 10 4 1
98396|Child_Cross12|37: 906 323 125 49 21 10 4 1
98397|Child_Cross12|13: 901 323 125 55 21 10 4 1
98409|Child_Cross12|57: 903 323 125 49 21 10 4 1
98411|Child_Cross12|41: 930 323 125 49 21 10 4 1
98412|Child_Cross12|49: 902 323 125 49 21 10 4 1
98413|Child_Cross21|14: 912 323 125 49 21 10 4 1
98418|Child_Avg|23: 907 323 125 49 21 10 4 1
98421|Child_Avg|55: 911 323 125 49 21 10 4 1
98423|Child_Avg|39: 908 323 125 49 21 10 4 1
98425|Child_CrossABC2|2: 876 323 125 49 21 10 4 1
98426|Child_Avg|47: 910 323 125 49 21 10 4 1
98428|Child_Cross21|54: 909 323 125 49 21 10 4 1
98436|Child_Cross21|50: 884 323 125 49 21 10 4 1
98438|Child_Cross12|33|Mutated: 807 323 125 56 21 10 4 1
98443|Child_CrossABC1|1: 805 323 125 49 21 10 4 1
98445|Child_Avg|7: 856 323 125 49 21 10 4 1
98448|Child_Avg|55: 872 328 125 48 21 10 4 1
98449|Child_Cross21|46: 927 330 125 48 21 10 4 1
98451|Child_Avg|43: 865 324 125 48 21 10 4 1
98452|Child_Cross12|5: 922 330 125 48 21 10 4 1
98453|Child_Cross21|54: 940 328 125 48 21 10 4 1
98459|Child_Cross21|22: 894 328 125 48 21 10 4 1
98460|Child_Avg|31: 911 328 125 48 21 10 4 1
98461|Child_Cross12|1: 935 324 125 48 21 10 4 1
98462|Child_Cross12|1: 880 328 125 48 21 10 4 1
98463|Child_CrossABC2|8: 900 328 125 48 21 10 4 1
98464|Child_Avg|59: 901 328 125 48 21 10 4 1
98466|Child_Cross21|34: 910 328 125 48 21 10 4 1
98467|Child_Cross12|45: 914 328 125 48 21 10 4 1
98469|Child_Avg|43: 903 328 125 48 21 10 4 1
98472|Child_Cross21|58: 920 328 125 48 21 10 4 1
98473|Child_CrossABC2|8: 931 328 125 48 21 10 4 1
98474|Child_Cross21|54: 902 328 125 48 21 10 4 1
98477|Survivor|1: 881 328 125 48 21 10 4 1
98490|Child_Cross21|6: 884 328 125 48 21 10 4 1
98499|Child_Cross12|33: 893 328 125 48 21 10 4 1
98503|Child_Cross12|1: 882 328 125 48 21 10 4 1
98526|Child_Avg|7: 883 328 125 48 21 10 4 1
98528|Child_Cross12|17: 912 328 125 48 21 10 4 1
98645|Child_Avg|35: 730 306 108 43 24 9 4 1
98705|Survivor|1: 904 286 114 47 24 9 4 1
98757|Survivor|1: 934 283 118 43 24 9 4 1
98797|Child_CrossABC2|2: 1074 329 122 56 21 10 4 1
98807|Child_Cross12|33: 709 244 101 48 20 9 4 1
98826|Child_Cross21|46: 791 243 107 43 20 9 4 1
98835|Child_Cross12|21: 792 244 105 43 20 9 4 1
98839|Child_Cross12|17: 791 245 107 43 20 9 4 1
98840|Child_Cross12|37: 791 244 107 43 20 9 4 1
98844|Survivor|1: 790 244 107 43 20 9 4 1
98853|Child_Cross12|33: 799 244 107 43 20 9 4 1
98860|Child_Cross12|57: 798 244 107 43 20 9 4 1
98866|Child_Cross12|41: 793 244 107 43 20 9 4 1
98873|Child_Cross21|54: 798 243 107 43 20 9 4 1
98875|Child_Cross12|41: 802 244 107 43 20 9 4 1
98877|Child_Avg|55: 794 244 107 43 20 9 4 1
98924|Child_CrossABC2|2: 807 244 107 43 20 9 4 1
98936|Child_Avg|11: 821 244 107 43 20 9 4 1
98941|Child_Avg|3: 806 244 107 43 20 9 4 1
99019|Child_CrossABC1|1: 821 251 102 39 20 9 4 1
99090|Child_Cross12|45: 922 274 113 43 20 9 4 1
99190|Child_CrossABC2|8: 826 323 154 57 23 10 4 1
99198|Child_CrossABC1|1: 786 308 108 49 24 9 4 1
99205|Survivor|1: 785 308 108 49 24 9 4 1
99216|Child_Avg|19: 783 295 108 46 24 9 4 1
99235|Child_Avg|55: 782 289 108 43 24 9 4 1
99269|Survivor|1: 779 289 108 43 24 9 4 1
99397|Survivor|1: 808 283 117 53 24 9 4 1
99401|Survivor|1: 829 323 118 49 24 9 4 1
99407|Child_Cross12|45: 874 331 125 47 24 9 4 1
99632|Child_Cross21|6: 801 272 108 43 24 9 4 1
99637|Child_Cross12|45: 901 272 108 43 24 9 4 1
99640|Child_Cross21|22: 806 272 108 43 24 9 4 1
99655|Child_Cross12|25: 793 272 108 43 24 9 4 1
99675|Child_Avg|55: 796 272 108 43 24 9 4 1
99692|Survivor|1: 783 272 108 43 24 9 4 1
99783|Survivor|1: 1160 323 125 47 23 10 4 1
99800|Child_CrossABC1|7: 1134 316 125 47 23 10 4 1
99801|Child_CrossABC1|1: 1180 315 125 47 23 10 4 1
99804|Child_Cross12|25: 1177 317 125 47 23 10 4 1
99812|Child_Cross21|14: 1168 317 125 47 23 10 4 1
99831|Child_CrossABC2|2: 952 316 125 47 23 10 4 1
100046|Survivor|1: 740 279 114 53 24 9 4 1
100058|Survivor|1: 773 305 121 51 23 10 4 1
100172|Survivor|1: 801 283 124 46 24 9 4 1
100211|Survivor|1: 737 292 126 49 24 9 4 1
100714|Survivor|1|Mutated: 763 271 108 46 24 9 4 1
100728|Child_Avg|7: 749 279 108 46 24 9 4 1
100742|Survivor|1: 770 277 111 44 24 9 4 1
100817|Child_Cross21|34: 775 291 126 43 24 9 4 1
100830|Child_Cross21|46|Mutated: 926 286 127 49 24 9 4 1
100839|Survivor|1: 830 289 127 52 24 9 4 1
100877|Child_Cross12|13: 806 288 126 43 24 9 4 1
100891|Survivor|1: 811 289 127 43 24 9 4 1
100908|Survivor|1|Mutated: 718 315 127 49 24 9 4 1
101018|Child_Cross21|38: 865 301 122 53 24 9 4 1
101066|Survivor|1: 738 307 122 47 23 10 4 1
101136|Child_Avg|11: 1295 341 131 60 23 10 4 1
101190|Survivor|1: 818 288 114 43 24 9 4 1
101255|Survivor|1: 782 267 114 46 20 9 4 1
101414|Child_Cross21|14: 892 318 118 43 20 9 4 1
101513|Child_Cross21|22: 815 256 115 41 19 10 4 1
101538|Survivor|1: 806 253 115 41 19 10 4 1
101584|Survivor|1: 822 256 115 41 19 10 4 1
101599|Survivor|1: 813 251 107 43 19 10 4 1
101763|Survivor|1: 796 299 117 49 24 9 4 1
101774|Child_Cross12|25: 819 299 119 49 24 9 4 1
101778|Child_Cross21|22: 821 299 119 49 24 9 4 1
101779|Child_Cross12|1: 810 299 119 49 24 9 4 1
101784|Child_Cross21|14: 812 276 119 49 24 9 4 1
101785|Child_Cross12|13: 807 299 119 49 24 9 4 1
101788|Child_Avg|47: 816 299 119 49 24 9 4 1
101792|Child_Cross12|37: 809 299 119 49 24 9 4 1
101798|Child_Cross12|37: 815 298 119 49 24 9 4 1
101804|Child_Cross21|38: 804 299 119 49 24 9 4 1
101805|Child_Cross21|30: 809 297 119 49 24 9 4 1
101807|Child_Cross12|21: 811 298 119 49 24 9 4 1
101809|Child_Cross21|30: 804 298 119 49 24 9 4 1
101810|Child_Cross12|37: 799 297 119 49 24 9 4 1
101811|Child_Avg|31: 805 297 119 49 24 9 4 1
101814|Child_Cross12|53|Mutated: 801 298 119 49 24 9 4 1
101819|Child_Cross21|18: 806 297 119 49 24 9 4 1
101821|Child_Avg|39|Mutated: 803 296 119 49 24 9 4 1
101823|Child_Avg|11: 803 297 119 49 24 9 4 1
101826|Child_Avg|35: 802 297 119 49 24 9 4 1
101831|Child_Cross12|9: 816 297 119 49 24 9 4 1
101832|Child_Cross21|2: 817 297 119 49 24 9 4 1
101845|Child_Avg|15: 808 297 119 49 24 9 4 1
101850|Child_CrossABC2|2: 932 297 119 49 24 9 4 1
101855|Child_Avg|19: 795 297 119 49 24 9 4 1
101859|Child_Cross21|22: 778 297 119 49 24 9 4 1
101860|Child_Cross21|30: 792 297 119 49 24 9 4 1
101866|Child_Cross21|18: 788 297 119 49 24 9 4 1
101867|Child_Avg|31: 791 297 119 49 24 9 4 1
101870|Child_Avg|55: 790 297 119 49 24 9 4 1
101875|Child_Cross12|21: 789 297 119 49 24 9 4 1
101896|Child_Cross12|25: 807 297 119 49 24 9 4 1
101899|Child_Cross21|22: 798 297 119 49 24 9 4 1
101913|Child_Cross12|5: 813 297 119 49 24 9 4 1
101924|Child_Cross12|1: 805 298 119 49 24 9 4 1
101925|Child_Cross12|37: 806 321 119 49 24 9 4 1
101946|Survivor|1|Mutated: 872 297 119 49 24 9 4 1
101952|Child_Avg|3: 823 297 119 49 24 9 4 1
101955|Child_Cross12|45: 827 297 119 49 24 9 4 1
101971|Child_Cross21|10: 777 297 119 49 24 9 4 1
101975|Child_Avg|15: 781 297 119 49 24 9 4 1
102008|Child_Cross12|53: 796 297 119 49 24 9 4 1
102026|Child_Avg|7: 797 297 119 49 24 9 4 1
102032|Child_Cross12|13: 757 297 119 49 24 9 4 1
102046|Child_Avg|7: 787 297 119 49 24 9 4 1
102105|Survivor|1: 795 292 118 49 24 9 4 1
102106|Child_Avg|51: 788 297 118 49 24 9 4 1
102109|Child_CrossABC2|8: 788 292 118 49 24 9 4 1
102110|Child_Levy|56: 787 296 117 49 24 9 4 1
102114|Survivor|1: 786 292 118 49 24 9 4 1
102118|Child_Cross12|1: 786 292 117 49 24 9 4 1
102121|Child_Avg|27: 791 292 117 49 24 9 4 1
102122|Child_Cross12|29: 820 292 117 49 24 9 4 1
102124|Child_Cross21|22: 782 292 117 49 24 9 4 1
102130|Child_Cross12|17: 792 293 118 49 24 9 4 1
102146|Child_Avg|11: 792 292 117 49 24 9 4 1
102147|Child_Cross21|38: 781 292 117 49 24 9 4 1
102152|Child_Avg|11: 801 292 117 49 24 9 4 1
102224|Survivor|1: 824 301 112 47 21 10 4 1
102231|Child_CrossABC1|7: 823 301 112 47 21 10 4 1
102277|Survivor|1: 847 333 134 61 29 9 4 1
102288|Child_Avg|3: 824 289 114 49 24 9 4 1
102299|Child_CrossABC1|1: 848 321 119 49 24 9 4 1
102303|Child_CrossABC1|7: 898 321 119 49 24 9 4 1
102307|Survivor|1: 909 352 121 46 24 9 4 1
102317|Child_CrossABC1|7: 903 347 119 49 24 9 4 1
102355|Survivor|1: 853 339 128 55 24 9 4 1
102378|Survivor|1: 789 296 111 47 24 9 4 1
102507|Child_CrossABC2|8: 779 287 108 46 24 9 4 1
102559|Child_Cross21|22|Mutated: 965 333 139 62 24 11 5 1
102634|Survivor|1: 810 253 99 47 23 10 4 1
102714|Survivor|1: 772 280 113 46 24 9 4 1
102752|Child_Cross21|42: 706 287 108 43 24 9 4 1
102807|Survivor|1: 1257 367 140 49 24 9 4 1
102809|Child_CrossABC1|7: 1290 367 133 49 24 9 4 1
102811|Child_Avg|19: 1165 367 126 49 24 9 4 1
102812|Child_Cross12|21: 1253 366 143 49 24 9 4 1
103065|Survivor|1: 811 287 108 53 24 9 4 1
103070|Child_LevyABC1|11: 1273 416 158 66 27 10 4 1
103084|Child_Cross21|14: 897 276 105 50 24 9 4 1
103092|Child_Avg|19: 849 251 108 46 24 9 4 1
103097|Survivor|1: 841 253 108 46 24 9 4 1
103100|Child_CrossABC2|2: 841 253 108 43 24 9 4 1
103127|Survivor|1: 821 257 108 46 24 9 4 1
103304|Survivor|1: 795 275 102 43 20 9 4 1
103516|Survivor|1: 923 314 119 48 21 10 4 1
103549|Child_Levy|48: 856 278 107 46 20 9 4 1
103647|Child_CrossABC2|2: 771 246 125 49 21 10 4 1
103831|Child_CrossABC1|1: 798 308 119 45 21 10 4 1
103834|Child_CrossABC2|2: 792 288 115 45 21 10 4 1
103844|Survivor|1: 787 274 113 43 20 9 4 1
104094|Survivor|1: 1060 358 125 56 21 10 4 1
104102|Survivor|1: 773 273 106 50 21 10 4 1
104111|Survivor|1|Mutated: 809 267 104 49 21 10 4 1
104120|Child_Cross12|37: 792 274 103 45 21 10 4 1
104130|Survivor|1: 830 267 103 43 19 10 4 1
104133|Child_Avg|3: 821 264 101 42 19 10 4 1
104138|Child_CrossABC2|8: 823 267 103 43 19 10 4 1
104149|Child_Cross21|46: 772 267 103 43 19 10 4 1
104154|Child_Cross21|14: 813 267 103 43 19 10 4 1
104155|Child_Cross21|38: 821 267 103 43 19 10 4 1
104158|Child_Cross12|33: 770 267 103 43 19 10 4 1
104161|Child_Avg|7: 787 267 103 43 19 10 4 1
104187|Child_Cross12|41: 795 267 103 43 19 10 4 1
104193|Child_Cross12|41: 831 267 103 43 19 10 4 1
104194|Child_Avg|59: 804 267 103 43 19 10 4 1
104203|Child_Cross12|17: 812 267 103 43 19 10 4 1
104205|Child_Avg|31: 829 267 103 43 19 10 4 1
104217|Child_Cross21|26: 814 267 103 43 19 10 4 1
104220|Child_Cross21|26: 805 267 103 43 19 10 4 1
104274|Survivor|1: 830 268 105 44 19 10 4 1
104434|Survivor|1: 899 275 112 43 24 9 4 1
104485|Survivor|1: 918 279 102 47 23 10 4 1
104506|Child_Levy|28: 930 291 108 46 24 9 4 1
104572|Child_Avg|59: 860 328 136 59 24 9 4 1
104574|Survivor|1: 772 276 125 54 23 10 4 1
104577|Child_Avg|47|Mutated: 768 287 127 54 23 10 4 1
104578|Child_CrossABC2|2: 778 276 125 54 23 10 4 1
104581|Child_CrossABC1|7: 763 290 129 53 24 9 4 1
104590|Survivor|1: 778 284 125 47 23 10 4 1
104597|Child_CrossABC2|2: 764 293 125 47 23 10 4 1
104600|Child_CrossABC2|8: 768 293 125 47 23 10 4 1
104602|Child_CrossABC2|2: 745 293 125 47 23 10 4 1
104617|Survivor|1: 784 289 117 44 23 10 4 1
104659|Child_Cross12|49: 795 286 118 44 23 10 4 1
104666|Child_Cross21|38: 789 286 118 44 23 10 4 1
104672|Child_Cross12|25: 780 287 117 44 23 10 4 1
104677|Child_Cross12|41: 783 286 118 44 23 10 4 1
104680|Survivor|1: 781 286 118 44 23 10 4 1
104698|Child_Cross21|38: 773 286 118 44 23 10 4 1
104709|Child_Cross21|26: 779 286 118 44 23 10 4 1
104714|Child_Cross21|54: 775 286 118 44 23 10 4 1
104760|Child_Cross12|13: 805 286 118 44 23 10 4 1
104761|Child_Avg|43: 785 286 118 44 23 10 4 1
104762|Child_Cross21|58: 787 286 118 44 23 10 4 1
104784|Child_CrossABC2|8: 787 292 112 58 23 10 4 1
104788|Child_Cross12|5: 767 286 118 44 23 10 4 1
104793|Child_Cross12|9: 777 286 118 44 23 10 4 1
105010|Child_Levy|8: 958 382 121 57 23 10 4 1
105027|Survivor|1: 978 373 130 46 24 9 4 1
105116|Survivor|1: 776 283 122 59 27 10 4 1
105122|Survivor|1: 815 271 121 52 24 9 4 1
105212|Survivor|1: 799 276 111 44 24 9 4 1
105258|Survivor|1: 766 300 119 48 21 10 4 1
105267|Child_Cross12|49: 763 284 120 46 21 10 4 1
105273|Survivor|1: 739 293 114 46 20 9 4 1
105293|Child_Avg|3: 1254 356 124 59 20 9 4 1
105304|Child_CrossABC2|2: 768 267 108 43 20 9 4 1
105320|Child_Avg|15: 733 293 107 43 20 9 4 1
105321|Child_CrossABC2|2: 756 291 107 43 20 9 4 1
105322|Child_CrossABC2|8: 736 292 107 43 20 9 4 1
105323|Child_CrossABC2|2: 758 290 107 43 20 9 4 1
105409|Survivor|1: 771 258 113 47 21 10 4 1
105422|Child_CrossABC2|8: 843 259 110 46 20 9 4 1
105430|Survivor|1: 834 258 111 46 20 9 4 1
105567|Child_Avg|3: 801 304 112 47 23 10 4 1
105568|Survivor|1|Mutated: 801 286 112 47 23 10 4 1
105607|Survivor|1: 825 288 118 43 24 9 4 1
105745|Survivor|1: 899 304 111 46 20 9 4 1
105865|Survivor|1: 1189 441 167 61 24 9 4 1
105921|Child_CrossABC1|7|Mutated: 879 312 111 50 23 10 4 1
105922|Child_Avg|39: 883 306 114 53 24 9 4 1
105964|Survivor|1: 942 306 128 61 20 9 4 1
105967|Survivor|1: 923 293 128 61 20 9 4 1
105979|Child_Cross21|46: 787 280 104 43 20 9 4 1
106054|Survivor|1: 937 278 121 50 24 9 4 1
106236|Child_CrossABC2|8: 930 371 126 59 24 9 4 1
106246|Child_CrossABC2|8: 931 354 123 55 24 9 4 1
106249|Survivor|1|Mutated: 931 354 138 55 24 9 4 1
106250|Child_Avg|3: 896 319 114 55 24 9 4 1
106257|Child_CrossABC2|2: 905 318 125 52 24 9 4 1
106258|Child_CrossABC2|2: 890 320 129 52 24 9 4 1
106264|Survivor|1: 787 315 117 49 24 9 4 1
106272|Child_Cross21|50: 843 316 117 49 24 9 4 1
106273|Child_CrossABC1|1: 831 318 117 49 24 9 4 1
106274|Child_CrossABC1|7: 831 315 117 49 24 9 4 1
106277|Child_Cross21|14: 855 318 126 49 24 9 4 1
106290|Child_Avg|15: 818 315 117 49 24 9 4 1
106291|Child_Cross12|25: 801 315 117 49 24 9 4 1
106293|Child_Cross12|17: 794 316 117 49 24 9 4 1
106295|Child_Avg|59: 793 315 117 49 24 9 4 1
106303|Child_CrossABC2|2: 806 315 117 49 24 9 4 1
106309|Child_Cross12|13: 816 315 117 49 24 9 4 1
106313|Child_Cross12|49: 805 315 117 49 24 9 4 1
106319|Child_Cross21|22: 812 315 117 49 24 9 4 1
106327|Child_Avg|35: 829 315 117 49 24 9 4 1
106329|Child_Cross21|30: 848 315 117 49 24 9 4 1
106344|Child_Cross21|54: 825 315 117 49 24 9 4 1
106350|Child_Cross12|21: 823 315 117 49 24 9 4 1
106351|Child_Avg|7: 814 315 117 49 24 9 4 1
106368|Child_Cross12|29: 799 315 117 49 24 9 4 1
106377|Child_Cross21|42: 805 300 117 49 24 9 4 1
106379|Child_Avg|47: 788 315 117 49 24 9 4 1
106381|Child_Avg|3: 804 315 117 49 24 9 4 1
106386|Child_Cross12|33: 807 315 117 49 24 9 4 1
106389|Child_Cross12|57: 805 316 117 49 24 9 4 1
106403|Child_Avg|47: 795 310 117 49 24 9 4 1
106423|Survivor|1: 811 316 117 49 24 9 4 1
106557|Survivor|1: 719 295 108 46 24 9 4 1
106581|Survivor|1: 799 269 101 43 20 9 4 1
106710|Child_Cross12|25: 784 284 115 45 21 10 4 1
106714|Survivor|1: 789 283 116 45 21 10 4 1
106715|Child_CrossABC1|1: 778 292 116 45 21 10 4 1
106716|Child_Avg|47: 780 286 116 45 21 10 4 1
106721|Survivor|1: 782 286 116 45 21 10 4 1
106725|Child_CrossABC1|7: 789 286 116 45 21 10 4 1
106726|Child_CrossABC2|8: 763 286 116 45 21 10 4 1
106733|Survivor|1: 758 286 116 45 21 10 4 1
106734|Child_Cross12|25: 765 286 116 45 21 10 4 1
106736|Child_Cross21|26: 762 286 116 45 21 10 4 1
106743|Survivor|1: 764 286 116 45 21 10 4 1
106750|Child_Cross21|14: 770 278 113 43 20 9 4 1
106778|Child_Cross12|49: 774 281 113 43 20 9 4 1
106781|Child_Cross21|42: 775 281 113 43 20 9 4 1
106782|Child_Cross12|57: 772 284 113 43 20 9 4 1
106783|Child_Cross12|25: 773 284 113 43 20 9 4 1
106794|Child_Cross12|29: 776 284 113 43 20 9 4 1
106797|Survivor|1: 777 284 113 43 20 9 4 1
106800|Child_Cross12|13: 778 281 113 43 20 9 4 1
106888|Survivor|1: 796 282 113 46 24 9 4 1
106939|Survivor|1: 1054 380 153 63 29 10 4 1
106982|Child_CrossABC2|8: 1211 318 121 46 24 9 4 1
106983|Child_CrossABC2|8: 1177 318 121 46 24 9 4 1
107005|Child_Cross21|38: 1115 315 118 43 24 9 4 1
107252|Survivor|1: 773 289 113 43 24 9 4 1
107358|Child_Avg|19: 1051 366 129 53 24 9 4 1
107392|Survivor|1: 858 310 146 57 23 10 4 1
107481|Child_Cross12|49: 836 307 118 43 24 9 4 1
107522|Child_Cross21|50: 815 302 118 43 24 9 4 1
107525|Child_Avg|39: 824 302 118 43 24 9 4 1
107551|Child_Avg|51: 823 302 118 43 24 9 4 1
107553|Child_Cross21|10: 812 302 118 43 24 9 4 1
107567|Child_Avg|51: 813 302 118 43 24 9 4 1
107615|Survivor|1: 825 302 118 43 24 9 4 1
107644|Survivor|1: 829 272 111 47 24 9 4 1
107700|Child_CrossABC2|8: 882 300 119 46 20 9 4 1
107849|Survivor|1: 902 287 128 47 24 9 4 1
107966|Survivor|1: 807 294 108 55 24 9 4 1
108030|Survivor|1: 796 289 118 45 23 10 4 1
108208|Survivor|1: 842 262 102 43 19 10 4 1
108255|Child_Avg|23: 815 261 105 41 19 10 4 1
108257|Child_Cross12|33: 810 261 105 41 19 10 4 1
108426|Survivor|1: 953 282 112 45 21 10 4 1
108434|Child_Cross21|46: 951 269 107 43 20 9 4 1
108436|Child_Cross12|25: 898 269 107 43 20 9 4 1
108441|Child_CrossABC1|1: 900 269 107 43 20 9 4 1
108442|Child_CrossABC2|2|Mutated: 899 269 107 43 20 9 4 1
108446|Child_CrossABC1|7: 803 269 107 43 20 9 4 1
108450|Child_Cross21|26: 879 269 107 43 20 9 4 1
108457|Child_Avg|43: 887 269 107 43 20 9 4 1
108469|Child_Cross12|17: 842 269 107 43 20 9 4 1
108477|Child_Cross21|42: 907 269 107 43 20 9 4 1
108481|Child_Cross12|33: 909 269 107 43 20 9 4 1
108486|Child_Cross12|21: 877 269 107 43 20 9 4 1
108490|Survivor|1: 811 269 107 43 20 9 4 1
108597|Survivor|1: 856 298 119 45 21 10 4 1
108714|Child_Avg|35: 810 257 111 46 20 9 4 1
108716|Survivor|1: 815 255 114 46 20 9 4 1
108721|Child_CrossABC2|2: 829 255 114 46 20 9 4 1
108722|Child_Avg|19: 822 255 114 46 20 9 4 1
108725|Child_Cross12|57: 801 257 114 46 20 9 4 1
108730|Child_Avg|39: 818 255 114 46 20 9 4 1
108741|Child_Cross12|37: 821 255 114 46 20 9 4 1
108743|Child_Avg|7: 821 255 113 46 20 9 4 1
108745|Child_Cross12|45: 818 255 113 46 20 9 4 1
108747|Child_Cross21|46: 823 255 114 46 20 9 4 1
108753|Child_Cross21|10: 824 255 114 46 20 9 4 1
108756|Child_Avg|43: 822 255 113 46 20 9 4 1
108762|Child_Cross12|37: 796 255 113 46 20 9 4 1
108765|Child_Avg|3: 810 255 113 46 20 9 4 1
108777|Child_Cross12|21: 817 255 113 46 20 9 4 1
108788|Child_Cross21|58: 825 296 113 46 20 9 4 1
108791|Child_Cross12|45: 831 255 113 46 20 9 4 1
108799|Child_Cross12|33: 814 255 113 46 20 9 4 1
108801|Child_Avg|11: 825 255 113 46 20 9 4 1
108807|Child_Cross21|18: 830 255 113 46 20 9 4 1
108809|Child_Avg|3: 804 255 113 46 20 9 4 1
108827|Child_Avg|51: 801 255 113 46 20 9 4 1
108828|Child_Avg|55: 826 255 113 46 20 9 4 1
108829|Child_Avg|15: 809 255 113 46 20 9 4 1
108832|Child_Avg|23: 813 255 113 46 20 9 4 1
108857|Child_Cross12|25: 832 263 109 48 21 10 4 1
108873|Survivor|1: 899 275 115 44 19 10 4 1
108897|Survivor|1: 818 272 108 49 24 9 4 1
108899|Child_Avg|7: 819 259 108 46 24 9 4 1
109026|Survivor|1: 811 311 121 48 20 9 4 1
109039|Survivor|1: 806 298 125 46 21 10 4 1
109046|Child_CrossABC1|7: 819 299 123 47 21 10 4 1
109050|Survivor|1: 773 300 115 48 21 10 4 1
109128|Child_Cross21|30: 817 262 108 49 24 9 4 1
109301|Survivor|1: 890 307 116 45 21 10 4 1
109314|Survivor|1: 857 265 102 47 21 10 4 1
109366|Child_CrossABC2|2: 1169 362 151 67 23 10 4 1
109419|Survivor|1: 1159 343 113 58 23 10 4 1
109423|Child_Cross12|33: 876 275 122 47 23 10 4 1
109426|Survivor|1: 861 274 118 49 24 9 4 1
109427|Child_Cross21|46: 897 278 122 47 23 10 4 1
109823|Survivor|1: 727 278 105 50 24 9 4 1
109895|Survivor|1|Mutated: 1205 328 132 47 23 10 4 1
109907|Survivor|1: 837 239 102 47 23 10 4 1
109908|Child_CrossABC2|2: 1260 285 125 47 23 10 4 1
109953|Child_Avg|11: 1142 325 117 44 23 10 4 1
109961|Child_Cross12|13: 1158 325 117 44 23 10 4 1
109964|Child_Avg|31: 1145 325 117 44 23 10 4 1
109967|Child_Cross21|38: 1178 325 117 44 23 10 4 1
109977|Child_CrossABC1|1: 1190 325 117 44 23 10 4 1
109991|Child_Avg|31: 1167 325 117 44 23 10 4 1
110003|Child_Avg|39: 1184 325 117 44 23 10 4 1
110011|Child_Avg|43: 1185 325 117 44 23 10 4 1
110051|Child_Avg|11: 1174 325 117 44 23 10 4 1
110053|Survivor|1: 1170 325 117 44 23 10 4 1
110058|Child_Cross12|49: 1204 325 117 44 23 10 4 1
110097|Survivor|1: 765 289 117 46 24 9 4 1
110141|Survivor|1|Mutated: 819 267 117 49 24 9 4 1
110203|Child_Levy|24: 735 263 112 47 23 10 4 1
110402|Child_Cross12|57: 806 326 122 47 23 10 4 1
110409|Child_Avg|47: 809 325 122 47 23 10 4 1
110412|Child_Avg|27: 808 326 122 47 23 10 4 1
110414|Survivor|1: 808 327 122 47 23 10 4 1
110417|Child_CrossABC1|1: 811 327 122 47 23 10 4 1
110418|Child_CrossABC1|7: 810 327 122 47 23 10 4 1
110483|Survivor|1: 895 325 122 46 24 9 4 1
110506|Survivor|1: 815 311 113 43 24 9 4 1
110512|Child_Cross12|5: 823 316 112 43 24 9 4 1
110520|Child_Cross21|2: 792 316 112 43 24 9 4 1
110521|Child_Cross21|46: 810 311 113 43 24 9 4 1
110541|Child_Cross21|38: 798 311 113 43 24 9 4 1
110551|Child_Avg|43: 812 311 113 43 24 9 4 1
110575|Child_Cross21|10: 811 311 113 43 24 9 4 1
110595|Child_Avg|39: 811 303 113 43 24 9 4 1
110596|Child_Cross12|37: 812 299 112 43 24 9 4 1
110602|Child_Cross21|50: 818 304 112 43 24 9 4 1
110614|Child_Cross12|45: 825 304 112 43 24 9 4 1
110637|Survivor|1: 807 304 112 43 24 9 4 1
110654|Child_Cross12|41: 808 304 112 43 24 9 4 1
110720|Survivor|1: 797 311 108 43 24 9 4 1
110807|Survivor|1: 818 301 115 49 24 9 4 1
110823|Child_Avg|27: 841 259 108 46 24 9 4 1
110854|Survivor|1: 931 283 140 49 24 9 4 1
110856|Child_Avg|47: 932 333 132 58 24 9 4 1
110864|Child_Cross12|1: 812 271 126 47 23 10 4 1
110882|Survivor|1: 795 295 122 46 24 9 4 1
110890|Child_Cross21|30: 808 297 124 46 24 9 4 1
110897|Child_Cross21|46: 801 295 124 46 24 9 4 1
110903|Child_Cross12|13: 796 295 122 46 24 9 4 1
110907|Child_Cross21|22: 805 297 124 46 24 9 4 1
110912|Child_Cross21|58: 798 295 123 46 24 9 4 1
110915|Child_Cross12|53: 801 295 123 46 24 9 4 1
110922|Child_Cross12|49: 797 285 122 46 24 9 4 1
110924|Child_Avg|31: 801 289 124 46 24 9 4 1
110925|Child_Cross12|37: 814 297 124 46 24 9 4 1
110960|Child_Cross21|18: 804 297 124 46 24 9 4 1
111182|Child_Avg|35|Mutated: 901 281 115 50 24 9 4 1
111297|Child_Avg|59: 788 275 102 43 24 9 4 1
111309|Child_Cross12|9: 791 275 102 43 20 9 4 1
111354|Child_Cross21|30: 792 275 102 43 20 9 4 1
111462|Survivor|1: 821 264 105 41 19 10 4 1
111475|Survivor|1: 834 264 105 43 20 9 4 1
111639|Survivor|1: 909 297 111 46 20 9 4 1
111659|Child_Avg|55: 921 292 107 43 20 9 4 1
111916|Survivor|1: 769 262 105 43 20 9 4 1
111980|Survivor|1: 736 272 108 43 20 9 4 1
112059|Child_CrossABC1|1: 893 305 115 49 21 10 4 1
112071|Survivor|1|Mutated: 783 296 130 45 21 10 4 1
112087|Survivor|1: 772 274 127 45 21 10 4 1
112342|Survivor|1: 794 229 96 41 19 10 4 1
112451|Survivor|1: 1367 364 141 56 25 9 4 1
112539|Child_LevyP2|4: 931 289 113 55 24 9 4 1
112756|Child_CrossABC2|2: 773 242 101 46 21 10 4 1
112829|Survivor|1: 798 237 98 43 20 9 4 1
112855|Child_Avg|59: 797 243 107 43 20 9 4 1
112860|Child_Avg|27: 798 245 107 43 20 9 4 1
112877|Child_Cross12|57: 801 247 107 43 20 9 4 1
112881|Child_Cross21|26: 814 245 107 43 20 9 4 1
112883|Child_Cross12|1: 816 244 107 43 20 9 4 1
112885|Child_Cross12|25: 816 245 107 43 20 9 4 1
112893|Child_Cross21|54: 803 245 107 43 20 9 4 1
112910|Child_Cross12|41: 815 244 107 43 20 9 4 1
112917|Child_Avg|39: 811 244 107 43 20 9 4 1
112925|Child_Avg|27: 805 243 107 43 20 9 4 1
112935|Child_CrossABC1|1: 802 243 107 43 20 9 4 1
112942|Child_Avg|59: 810 243 107 43 20 9 4 1
112953|Survivor|1: 826 243 107 43 20 9 4 1
112969|Survivor|1: 826 245 107 43 20 9 4 1
113374|Child_Cross12|53: 901 309 116 49 24 9 4 1
113393|Child_Cross12|29: 944 267 102 49 24 9 4 1
113404|Survivor|1: 804 269 108 46 24 9 4 1
113494|Child_CrossABC2|2: 913 291 108 46 24 9 4 1
113497|Child_CrossABC1|7: 895 291 108 46 24 9 4 1
113793|Survivor|1: 797 296 108 43 24 9 4 1
113841|Child_Cross21|42: 815 269 109 48 21 10 4 1
113994|Survivor|1: 821 263 108 43 24 9 4 1
114161|Child_Cross12|13: 807 258 108 49 24 9 4 1
114431|Survivor|1: 780 319 117 44 23 10 4 1
114442|Child_Cross12|1: 777 275 117 44 23 10 4 1
114465|Survivor|1: 887 313 133 54 23 10 4 1
114467|Child_Cross12|29: 896 306 133 57 23 10 4 1
114471|Survivor|1: 776 284 117 54 23 10 4 1
114479|Child_CrossABC1|7: 797 303 119 51 23 10 4 1
114485|Survivor|1: 767 279 112 47 23 10 4 1
114493|Child_Avg|31: 782 285 112 47 23 10 4 1
114497|Child_Cross12|57: 779 284 113 47 23 10 4 1
114500|Child_Cross21|6: 780 286 112 47 23 10 4 1
114516|Child_Cross21|14: 779 305 112 47 23 10 4 1
114526|Child_Cross12|13: 778 285 112 47 23 10 4 1
114557|Child_Cross21|30: 787 286 112 47 23 10 4 1
114569|Child_Avg|47: 785 286 112 47 23 10 4 1
114576|Child_Cross21|2: 794 286 112 47 23 10 4 1
114621|Survivor|1|Mutated: 780 283 114 47 23 10 4 1
114869|Survivor|1: 738 278 110 43 20 9 4 1
114902|Survivor|1: 738 277 110 43 20 9 4 1
114950|Survivor|1: 781 284 109 47 23 10 4 1
114955|Survivor|1: 756 269 106 45 21 10 4 1
114980|Child_CrossABC2|8: 802 255 105 44 19 10 4 1
114989|Child_Cross12|41: 803 255 105 44 19 10 4 1
114992|Child_Cross12|21: 808 253 105 44 19 10 4 1
114998|Child_Cross12|5: 805 255 105 44 19 10 4 1
115000|Child_Avg|47: 787 255 105 44 19 10 4 1
115290|Survivor|1: 900 303 111 52 24 9 4 1
115322|Child_CrossABC2|8: 837 297 110 48 23 10 4 1
115443|Child_Cross21|58: 782 267 114 53 24 9 4 1
115446|Survivor|1: 821 314 111 52 24 9 4 1
115464|Survivor|1: 784 282 113 46 24 9 4 1
115515|Survivor|1: 792 284 113 43 24 9 4 1
115568|Child_CrossABC2|8: 942 303 111 52 24 9 4 1
115570|Survivor|1: 992 307 114 58 24 9 4 1
115621|Survivor|1: 886 313 108 46 24 9 4 1
115690|Survivor|1: 863 249 108 46 24 9 4 1
115712|Survivor|1: 816 250 103 43 24 9 4 1
115716|Child_CrossABC2|2: 815 250 103 43 24 9 4 1
116014|Survivor|1: 990 285 112 47 21 10 4 1
116037|Survivor|1: 920 273 108 46 24 9 4 1
116082|Survivor|1: 915 278 114 43 24 9 4 1
116119|Child_Cross21|46: 904 305 127 43 20 9 4 1
116249|Child_Avg|23: 1068 341 129 56 24 9 4 1
116267|Child_CrossABC1|7: 1094 337 132 55 24 9 4 1
116269|Child_Cross21|14: 940 325 125 52 24 9 4 1
116270|Child_CrossABC2|2: 1177 341 135 52 24 9 4 1
116271|Child_CrossABC2|2: 1170 357 139 52 24 9 4 1
116286|Child_CrossABC1|1: 939 332 125 47 23 10 4 1
116313|Child_Cross12|41: 895 339 125 47 23 10 4 1
116719|Survivor|1: 797 241 108 43 24 9 4 1
116756|Child_CrossABC1|7: 831 273 117 44 23 10 4 1
116768|Survivor|1: 840 305 123 50 24 9 4 1
116778|Child_CrossABC2|2: 845 303 130 46 24 9 4 1
116860|Child_Avg|39|Mutated: 860 260 135 46 24 9 4 1
116992|Survivor|1: 811 285 106 46 24 9 4 1
117031|Child_Cross21|22: 766 274 113 43 20 9 4 1
117037|Survivor|1: 778 274 113 43 20 9 4 1
117053|Child_Cross12|37: 783 274 113 43 20 9 4 1
117054|Child_Cross12|13: 760 274 113 43 20 9 4 1
117066|Survivor|1: 781 274 113 43 20 9 4 1
117145|Survivor|1: 633 276 118 57 23 10 4 1
117162|Survivor|1: 847 309 130 46 24 9 4 1
117257|Survivor|1: 785 273 105 50 24 9 4 1
117353|Child_Avg|59: 838 330 131 56 24 9 4 1
117364|Child_CrossABC1|1: 823 303 126 52 24 9 4 1
117370|Survivor|1: 811 304 121 50 24 9 4 1
117509|Child_Cross12|1: 916 278 111 44 24 9 4 1
117721|Survivor|1: 962 292 132 55 24 9 4 1
117725|Survivor|1: 814 303 139 55 24 9 4 1
117738|Survivor|1: 926 274 118 49 24 9 4 1
117742|Child_Levy|56: 910 283 124 46 24 9 4 1
117743|Child_Avg|47: 904 292 125 47 23 10 4 1
117755|Child_Levy|56: 955 287 135 56 21 10 4 1
117758|Child_Avg|51: 891 295 125 49 21 10 4 1
117818|Survivor|1: 1315 361 135 52 19 10 4 1
117850|Child_CrossABC2|2: 811 297 115 41 19 10 4 1
117905|Survivor|1: 828 288 101 46 21 10 4 1
117956|Child_Cross12|13: 855 263 103 45 21 10 4 1
117960|Survivor|1: 890 260 103 45 21 10 4 1
117975|Survivor|1: 809 260 103 45 21 10 4 1
117977|Child_Cross21|10: 865 260 103 45 21 10 4 1
117987|Child_Cross12|45: 858 260 103 45 21 10 4 1
117992|Child_Cross12|1|Mutated: 813 260 103 45 21 10 4 1
117996|Child_Cross21|2: 805 260 103 45 21 10 4 1
118022|Child_Avg|15: 817 260 103 45 21 10 4 1
118028|Child_Avg|15: 800 260 103 45 21 10 4 1
118038|Survivor|1: 814 260 103 45 21 10 4 1
118045|Survivor|1: 914 266 106 45 21 10 4 1
118071|Survivor|1: 848 265 107 43 20 9 4 1
118236|Child_CrossABC1|7: 809 283 117 53 24 9 4 1
118256|Child_CrossABC1|1: 806 283 117 56 24 9 4 1
118272|Child_Cross21|14: 826 292 108 49 24 9 4 1
118286|Survivor|1: 803 282 108 49 24 9 4 1
118291|Child_Cross21|10: 809 287 106 46 24 9 4 1
118304|Survivor|1: 823 275 108 46 24 9 4 1
118333|Survivor|1: 782 296 118 43 24 9 4 1
118366|Survivor|1: 822 321 134 51 23 10 4 1
118414|Survivor|1: 886 260 109 49 24 9 4 1
118423|Survivor|1: 820 303 113 47 21 10 4 1
118440|Survivor|1: 812 292 119 45 21 10 4 1
118460|Child_Cross12|25|Mutated: 874 269 116 46 20 9 4 1
118523|Survivor|1: 919 321 134 46 20 9 4 1
118545|Child_Avg|11: 927 274 98 48 21 10 4 1
118580|Survivor|1: 875 252 106 51 23 10 4 1
118681|Child_Cross21|30: 684 256 111 48 20 9 4 1
118691|Child_CrossABC1|7: 791 291 111 48 20 9 4 1
118844|Survivor|1|Mutated: 1200 338 122 53 24 9 4 1
118864|Survivor|1: 1289 347 135 55 24 9 4 1
118881|Survivor|1: 1070 313 130 49 24 9 4 1
118956|Child_Avg|11: 797 269 111 48 20 9 4 1
118958|Survivor|1: 791 302 123 46 24 9 4 1
118988|Child_CrossABC2|8: 801 291 118 43 24 9 4 1
119340|Survivor|1: 793 243 104 43 20 9 4 1
119368|Child_CrossABC2|8: 815 271 119 49 24 9 4 1
119549|Survivor|1: 799 251 96 51 23 10 4 1
119576|Child_Cross21|42: 815 253 99 47 23 10 4 1
119613|Child_CrossABC1|1: 810 265 102 44 23 10 4 1
119679|Survivor|1: 949 330 131 53 24 11 5 1
119692|Survivor|1: 844 329 121 50 24 9 4 1
119693|Child_Levy|32: 807 264 114 49 21 10 4 1
119703|Survivor|1: 785 265 113 43 24 9 4 1
119715|Child_Cross12|29: 798 268 113 43 24 9 4 1
119719|Survivor|1: 848 265 113 43 24 9 4 1
119739|Child_Cross21|42: 794 259 118 43 24 9 4 1
119762|Survivor|1: 835 281 115 48 21 10 4 1
119775|Survivor|1: 928 284 113 43 20 9 4 1
119787|Child_Cross12|21: 824 266 107 43 20 9 4 1
119793|Survivor|1: 826 265 107 43 20 9 4 1
119854|Survivor|1: 885 278 112 43 19 10 4 1
119908|Survivor|1: 792 283 114 49 21 10 4 1
119916|Survivor|1|Mutated: 933 283 114 49 21 10 4 1
120021|Child_Cross12|21: 806 284 128 49 24 9 4 1
120049|Child_Cross21|42: 797 272 118 43 24 9 4 1
120058|Child_Avg|7: 805 273 113 43 24 9 4 1
120065|Survivor|1: 797 272 108 43 24 9 4 1
120073|Child_Avg|27: 793 272 118 43 24 9 4 1
120083|Child_Avg|19: 786 272 118 43 24 9 4 1
120088|Child_Cross21|50: 796 272 118 43 24 9 4 1
120101|Child_Cross12|33: 791 291 118 43 24 9 4 1
120105|Child_CrossABC1|7: 791 297 118 49 24 9 4 1
120152|Survivor|1: 794 291 117 50 21 10 4 1
120154|Child_Cross21|22: 795 288 116 46 21 10 4 1
120160|Survivor|1: 795 283 116 49 21 10 4 1
120180|Survivor|1: 757 283 116 49 21 10 4 1
120183|Survivor|1: 782 282 112 45 21 10 4 1
120193|Survivor|1: 810 278 112 45 21 10 4 1
120225|Survivor|1: 825 248 110 43 20 9 4 1
120243|Survivor|1: 781 248 107 43 20 9 4 1
120370|Child_CrossABC1|1: 785 238 107 46 20 9 4 1
120374|Survivor|1: 947 278 107 46 20 9 4 1
120393|Survivor|1: 891 288 107 43 20 9 4 1
120403|Survivor|1: 921 288 107 43 20 9 4 1
120407|Survivor|1: 760 286 107 43 20 9 4 1
120450|Child_CrossABC1|7: 1015 392 147 59 24 9 4 1
120452|Child_Cross21|42: 969 393 161 59 24 9 4 1
120454|Child_Avg|19: 908 321 130 49 24 9 4 1
120466|Survivor|1: 874 321 130 49 24 9 4 1
120662|Child_Avg|7: 885 354 121 50 24 9 4 1
120666|Child_CrossABC1|7: 880 269 129 50 24 9 4 1
120901|Child_Cross21|6: 784 291 127 49 24 9 4 1
120913|Survivor|1: 815 294 119 46 24 9 4 1
120934|Child_Avg|19: 803 291 118 43 24 9 4 1
120935|Child_Cross12|5: 803 283 118 43 24 9 4 1
120942|Child_Cross12|33: 804 288 118 43 24 9 4 1
120965|Survivor|1: 802 291 118 43 24 9 4 1
121164|Survivor|1: 914 244 106 49 21 10 4 1
121171|Child_Cross12|49: 895 277 101 42 19 10 4 1
121189|Survivor|1: 847 271 97 47 21 10 4 1
121208|Child_CrossABC1|7: 829 257 113 45 21 10 4 1
121209|Child_CrossABC2|8: 827 257 113 45 21 10 4 1
121213|Child_CrossABC2|2: 797 257 113 45 21 10 4 1
121215|Child_CrossABC2|2: 814 257 113 45 21 10 4 1
121219|Survivor|1: 815 257 113 45 21 10 4 1
121231|Survivor|1: 803 256 113 45 21 10 4 1
121236|Survivor|1: 813 254 113 43 20 9 4 1
121248|Child_Avg|19: 841 252 110 43 20 9 4 1
121255|Child_Cross21|18: 827 254 113 43 20 9 4 1
121258|Child_Cross12|37: 826 254 113 43 20 9 4 1
121259|Child_Cross12|5: 807 254 113 43 20 9 4 1
121261|Child_Cross21|6: 811 254 113 43 20 9 4 1
121268|Survivor|1: 810 254 113 43 20 9 4 1
121272|Child_Avg|35: 798 254 113 43 20 9 4 1
121320|Child_Levy|44: 859 318 119 50 24 9 4 1
121323|Child_Cross21|14: 772 291 108 46 24 9 4 1
121335|Child_Cross21|34: 916 297 108 46 24 9 4 1
121344|Child_Cross12|25: 903 295 108 46 24 9 4 1
121348|Child_CrossABC2|8: 904 295 108 46 24 9 4 1
121365|Survivor|1: 812 289 108 43 24 9 4 1
121402|Child_CrossABC2|8: 766 292 131 47 24 9 4 1
121628|Survivor|1: 928 325 115 56 24 9 4 1
121642|Survivor|1: 806 259 102 43 20 9 4 1
121649|Child_Cross12|9: 814 259 102 43 20 9 4 1
121656|Survivor|1: 810 259 102 43 20 9 4 1
121682|Child_Cross12|45: 806 259 105 43 20 9 4 1
121687|Child_Cross12|29: 807 259 102 43 20 9 4 1
121690|Child_Cross21|42: 802 259 102 43 20 9 4 1
121696|Child_Cross21|26: 818 259 102 43 20 9 4 1
121709|Child_Cross12|49: 810 259 102 43 24 9 4 1
121745|Survivor|1: 811 259 102 43 19 10 4 1
121853|Survivor|1: 822 301 148 58 24 9 4 1
121859|Survivor|1: 897 344 138 53 24 9 4 1
121863|Survivor|1: 806 304 117 52 24 9 4 1
121871|Survivor|1: 806 244 117 52 24 9 4 1
121876|Survivor|1: 797 250 117 52 24 9 4 1
121912|Survivor|1: 744 275 112 43 24 9 4 1
121991|Survivor|1: 804 284 112 45 21 10 4 1
122282|Child_Cross12|49: 800 285 112 43 24 9 4 1
122293|Child_Cross21|18: 785 287 112 43 24 9 4 1
122312|Child_Avg|59: 789 285 112 43 24 9 4 1
122358|Survivor|1: 808 306 113 45 21 10 4 1
122386|Child_Avg|23: 966 329 131 52 24 9 4 1
122418|Child_Cross12|33: 885 305 118 53 24 9 4 1
122425|Child_Cross21|58: 935 284 106 51 23 10 4 1
122483|Child_CrossABC2|2: 871 274 106 51 23 10 4 1
122495|Survivor|1: 815 291 116 45 21 10 4 1
122833|Survivor|1: 774 308 127 45 21 10 4 1
122934|Child_Avg|35: 866 275 108 46 24 9 4 1
122942|Child_Cross21|38: 891 281 111 46 24 9 4 1
122945|Survivor|1: 853 275 108 46 24 9 4 1
122978|Child_Avg|51: 816 275 108 46 24 9 4 1
122979|Child_Cross21|2: 788 275 108 46 24 9 4 1
122982|Child_Avg|51: 806 275 108 46 24 9 4 1
122983|Child_Cross12|1: 813 275 108 46 24 9 4 1
122988|Child_Cross12|13: 807 275 108 46 24 9 4 1
122990|Child_Cross21|26: 797 275 108 46 24 9 4 1
122993|Child_Cross12|57|Mutated: 800 275 108 46 24 9 4 1
122994|Child_Cross12|5: 790 275 108 46 24 9 4 1
122997|Child_Avg|23: 794 275 108 46 24 9 4 1
123001|Child_Cross21|46: 791 275 108 46 24 9 4 1
123011|Child_Cross21|34: 801 275 108 46 24 9 4 1
123031|Child_Cross12|9: 798 281 108 46 24 9 4 1
123033|Child_Avg|3: 803 275 108 46 24 9 4 1
123036|Child_Cross21|50: 902 275 108 46 24 9 4 1
123039|Child_Cross12|41: 798 279 108 46 24 9 4 1
123053|Child_Cross21|50: 791 273 108 46 24 9 4 1
123062|Child_Cross21|26: 795 279 108 46 24 9 4 1
123068|Child_Cross12|41: 796 273 108 46 24 9 4 1
123092|Child_Cross12|53: 800 267 108 46 24 9 4 1
123094|Child_Avg|59: 800 279 108 46 24 9 4 1
123099|Child_Cross21|6: 799 281 108 46 24 9 4 1
123119|Child_Cross12|45: 796 265 108 46 24 9 4 1
123127|Child_Avg|11: 804 273 108 46 24 9 4 1
123145|Child_CrossABC2|8: 801 273 108 46 24 9 4 1
123149|Child_Cross21|18: 801 279 108 46 24 9 4 1
123174|Child_Cross12|49: 816 279 108 46 24 9 4 1
123181|Child_Cross21|22: 754 279 108 46 24 9 4 1
123183|Child_Cross21|50: 753 279 108 46 24 9 4 1
123185|Child_Cross12|41: 785 279 108 46 24 9 4 1
123186|Child_Cross12|37: 781 279 108 46 24 9 4 1
123194|Child_Cross12|13: 812 279 108 46 24 9 4 1
123197|Child_Cross21|14: 788 281 108 46 24 9 4 1
123200|Child_Cross21|6: 786 279 108 46 24 9 4 1
123209|Child_Cross12|37: 799 279 108 46 24 9 4 1
123218|Child_Cross21|10: 796 279 108 46 24 9 4 1
123219|Child_Avg|59: 797 279 108 46 24 9 4 1
123223|Child_CrossABC2|2: 790 291 108 46 24 9 4 1
123229|Child_Cross21|46: 797 283 108 46 24 9 4 1
123240|Child_Avg|35: 772 279 108 46 24 9 4 1
123242|Child_Cross21|38: 782 279 108 46 24 9 4 1
123262|Child_Cross12|37: 793 279 108 46 24 9 4 1
123434|Survivor|1: 1435 356 137 54 23 10 4 1
123529|Survivor|1: 761 295 122 46 24 9 4 1
123538|Survivor|1: 771 295 122 46 24 9 4 1
123548|Survivor|1: 751 299 118 43 24 9 4 1
123563|Child_Cross21|22: 785 299 118 43 24 9 4 1
123577|Child_Cross12|37: 796 299 118 43 24 9 4 1
123584|Child_Cross12|57: 786 299 118 43 24 9 4 1
123590|Survivor|1: 788 283 118 43 24 9 4 1
123602|Survivor|1: 753 282 113 46 24 9 4 1
123771|Child_Cross21|34: 836 310 127 43 24 9 4 1
123777|Child_Cross12|29: 834 310 127 43 24 9 4 1
123808|Child_Cross12|21: 828 304 126 43 24 9 4 1
123829|Survivor|1: 863 326 126 43 24 9 4 1
123919|Child_Cross12|41: 806 297 112 43 24 9 4 1
123923|Child_Cross12|21: 808 297 112 43 24 9 4 1
123947|Child_Cross21|34: 795 299 112 43 24 9 4 1
124044|Survivor|1: 798 279 119 45 21 10 4 1
124054|Survivor|1: 791 277 111 46 21 10 4 1
124084|Child_Cross21|18: 780 271 106 41 19 10 4 1
124088|Child_Cross12|57: 764 271 106 41 19 10 4 1
124104|Child_Cross12|25: 803 264 105 41 19 10 4 1
124250|Survivor|1: 878 315 145 52 24 9 4 1
124252|Child_CrossABC2|8: 872 332 133 49 24 9 4 1
124310|Child_Levy|48: 894 268 124 51 23 10 4 1
124377|Child_Avg|43: 790 244 109 41 19 10 4 1
124380|Child_Cross21|38: 794 244 109 41 19 10 4 1
124411|Child_Cross12|25: 805 244 109 41 19 10 4 1
124455|Survivor|1: 973 271 127 49 21 10 4 1
124459|Child_Cross21|18|Mutated: 1063 347 131 49 21 10 4 1
124483|Child_Cross21|10: 879 271 127 45 21 10 4 1
124494|Survivor|1: 879 282 127 45 21 10 4 1
124509|Child_Avg|15: 873 274 127 45 21 10 4 1
124527|Child_Cross21|14: 878 274 127 45 21 10 4 1
124567|Survivor|1: 846 287 105 47 24 9 4 1
124604|Child_Cross21|30: 942 303 127 53 24 9 4 1
124656|Survivor|1: 774 289 108 43 24 9 4 1
124716|Survivor|1: 906 249 108 46 24 9 4 1
124740|Survivor|1: 836 245 107 43 20 9 4 1
124764|Child_Cross21|6: 808 244 108 43 24 9 4 1
124775|Child_Cross21|18: 793 244 108 43 24 9 4 1
124800|Child_Cross12|37: 814 246 108 43 24 9 4 1
125033|Child_CrossABC2|2: 774 235 108 46 24 9 4 1
125073|Survivor|1: 815 297 105 44 19 10 4 1
125086|Survivor|1: 798 272 107 43 19 10 4 1
125157|Survivor|1: 797 252 111 49 24 9 4 1
125350|Survivor|1: 891 283 117 44 23 10 4 1
125365|Survivor|1: 896 304 117 44 23 10 4 1
125387|Child_CrossABC1|7: 925 304 117 44 23 10 4 1
125393|Child_Cross21|30: 800 304 117 44 23 10 4 1
125411|Child_Avg|23: 820 304 117 44 23 10 4 1
125425|Child_Cross12|1: 814 304 117 44 23 10 4 1
125428|Child_Cross12|53: 811 304 117 44 23 10 4 1
125434|Child_Cross21|46: 803 304 117 44 23 10 4 1
125438|Child_Cross21|10: 808 304 117 44 23 10 4 1
125473|Survivor|1: 740 287 107 43 20 9 4 1
125476|Child_CrossABC2|2: 794 281 113 43 20 9 4 1
125508|Survivor|1: 754 284 107 46 20 9 4 1
125523|Survivor|1: 762 271 111 46 20 9 4 1
125585|Survivor|1: 825 266 118 43 20 9 4 1
125793|Survivor|1: 950 287 119 58 24 9 4 1
125934|Survivor|1|Mutated: 804 271 105 50 24 9 4 1
126059|Survivor|1: 897 266 112 43 24 9 4 1
126116|Survivor|1: 816 300 111 49 24 9 4 1
126118|Survivor|1: 789 296 109 49 24 9 4 1
126196|Survivor|1: 814 279 103 45 21 10 4 1
126205|Survivor|1: 800 269 106 45 21 10 4 1
126214|Child_CrossABC1|7: 784 258 107 46 20 9 4 1
126275|Survivor|1: 799 257 108 46 24 9 4 1
126397|Child_Avg|39: 836 313 130 46 24 9 4 1
126404|Survivor|1: 859 319 128 47 24 9 4 1
126444|Child_Avg|51: 838 307 118 43 24 9 4 1
126461|Survivor|1: 850 301 108 50 24 9 4 1
126495|Survivor|1: 788 298 129 55 24 9 4 1
126633|Survivor|1: 817 266 107 43 20 9 4 1
126635|Child_CrossABC1|7: 833 266 107 43 20 9 4 1
126642|Child_CrossABC2|2: 821 269 107 43 20 9 4 1
126646|Child_CrossABC1|7: 825 264 107 43 20 9 4 1
126652|Child_CrossABC1|1: 809 266 107 43 20 9 4 1
126655|Child_Avg|31: 819 267 107 43 20 9 4 1
126658|Child_CrossABC2|2: 810 265 107 43 20 9 4 1
126662|Child_Cross21|42: 816 267 107 43 20 9 4 1
126672|Child_Cross21|6: 806 265 107 43 20 9 4 1
126678|Child_Avg|47: 814 265 107 43 20 9 4 1
126713|Child_CrossABC1|7: 815 266 107 43 20 9 4 1
126716|Child_Cross21|54: 818 264 107 43 20 9 4 1
126718|Child_Cross12|1: 818 266 107 43 20 9 4 1
126726|Child_Cross21|22: 813 265 107 43 20 9 4 1
126727|Child_Avg|51: 818 265 107 43 20 9 4 1
126731|Survivor|1: 819 265 107 43 20 9 4 1
126754|Child_Cross21|58: 820 267 107 43 20 9 4 1
126765|Child_Cross21|2: 815 265 107 43 20 9 4 1
126782|Child_Cross12|13: 827 266 107 43 20 9 4 1
126811|Child_Cross12|25: 771 266 107 43 20 9 4 1
126817|Child_Avg|47: 798 265 107 43 20 9 4 1
126841|Child_Cross12|13: 828 265 107 43 20 9 4 1
126852|Child_Cross21|54: 769 265 107 43 20 9 4 1
126876|Child_Cross12|37: 849 265 107 43 20 9 4 1
126883|Child_Cross12|17: 857 265 107 43 20 9 4 1
126913|Child_Cross12|1: 803 291 107 43 20 9 4 1
126941|Child_Cross21|26: 802 292 107 43 20 9 4 1
126965|Child_Cross21|50: 824 244 107 43 20 9 4 1
126966|Child_Cross12|13: 802 291 107 43 20 9 4 1
126970|Child_Cross12|33: 807 288 107 43 20 9 4 1
126971|Child_Cross21|2: 816 288 107 43 20 9 4 1
126972|Child_Cross21|6: 817 288 107 43 20 9 4 1
127003|Child_Avg|3: 792 287 107 43 20 9 4 1
127051|Child_Cross21|58: 795 286 107 43 20 9 4 1
127052|Child_Cross12|57: 761 287 107 43 20 9 4 1
127059|Child_Cross21|54: 812 287 107 43 20 9 4 1
127063|Child_Cross12|9: 777 286 107 43 20 9 4 1
127079|Child_Cross12|45: 808 287 107 43 20 9 4 1
127083|Child_CrossABC1|7: 812 286 107 43 20 9 4 1
127101|Child_Avg|51: 797 286 107 43 20 9 4 1
127110|Child_Cross12|53: 796 249 107 43 20 9 4 1
127129|Child_Cross21|58: 741 286 107 43 20 9 4 1
127143|Child_Cross12|21: 811 286 107 43 20 9 4 1
127148|Child_Avg|23: 782 286 107 43 20 9 4 1
127191|Survivor|1: 793 287 107 43 20 9 4 1
127253|Survivor|1: 790 240 98 43 20 9 4 1
127325|Survivor|1: 763 293 113 47 21 10 4 1
127339|Child_Cross21|14: 790 281 103 45 21 10 4 1
127349|Child_Avg|19: 827 270 107 43 20 9 4 1
127362|Survivor|1: 826 265 102 43 20 9 4 1
127499|Child_Avg|31: 926 299 107 46 20 9 4 1
127593|Child_CrossABC1|7: 813 286 118 44 23 10 4 1
127743|Survivor|1: 816 341 117 49 24 9 4 1
127757|Survivor|1: 834 305 118 50 24 9 4 1
127778|Child_Avg|15: 895 296 138 53 24 9 4 1
127779|Child_CrossABC2|2: 781 247 126 55 24 9 4 1
127790|Survivor|1: 791 267 117 49 24 9 4 1
127901|Child_CrossABC2|8: 846 258 121 46 24 9 4 1
127951|Child_Levy|12: 1191 342 129 53 24 9 4 1
127959|Survivor|1: 1224 346 125 52 24 9 4 1
127967|Child_CrossABC2|8: 1222 345 125 52 24 9 4 1
128051|Survivor|1: 817 318 108 47 21 10 4 1
128220|Child_Avg|11: 879 331 144 59 20 9 4 1
128224|Child_Avg|31: 800 288 129 54 20 9 4 1
128226|Child_Cross21|38: 739 287 125 52 20 9 4 1
128236|Child_CrossABC2|8: 772 297 122 52 20 9 4 1
128246|Child_Cross12|33: 796 289 122 52 20 9 4 1
128248|Child_Cross21|10: 779 296 119 52 20 9 4 1
128256|Child_Cross12|53: 782 296 119 52 20 9 4 1
128260|Child_Cross12|21: 785 301 114 46 20 9 4 1
128264|Child_Cross12|9: 786 299 119 52 20 9 4 1
128270|Child_Cross12|49: 780 296 119 52 20 9 4 1
128271|Child_Cross12|41: 780 294 119 52 20 9 4 1
128275|Child_Cross21|10: 781 284 119 52 20 9 4 1
128278|Child_Cross21|10: 783 284 119 52 20 9 4 1
128284|Child_Cross21|38: 774 296 119 52 20 9 4 1
128289|Child_Cross21|6: 787 301 119 52 20 9 4 1
128296|Child_Cross12|57: 777 296 119 52 20 9 4 1
128300|Child_CrossABC1|7: 773 296 119 52 20 9 4 1
128306|Child_Cross12|21: 776 296 119 52 20 9 4 1
128339|Child_Cross12|41: 773 285 118 52 20 9 4 1
128341|Child_CrossABC1|1: 776 291 119 52 20 9 4 1
128353|Survivor|1: 788 290 119 48 20 9 4 1
128364|Survivor|1|Mutated: 808 292 107 43 20 9 4 1
128392|Survivor|1: 802 286 121 43 20 9 4 1
128425|Child_Cross21|46: 800 286 121 43 20 9 4 1
128475|Survivor|1: 872 262 113 45 21 10 4 1
128544|Child_Cross21|58: 815 249 101 43 20 9 4 1
128656|Child_Cross12|1: 840 268 114 43 24 9 4 1
128663|Survivor|1: 855 265 113 43 24 9 4 1
128708|Child_Avg|51: 791 296 117 44 23 10 4 1
128801|Survivor|1|Mutated: 908 303 149 61 23 10 4 1
128832|Survivor|1: 727 264 114 55 24 9 4 1
128874|Survivor|1: 816 264 102 49 24 9 4 1
128955|Child_CrossABC2|8: 866 263 108 43 24 9 4 1
129142|Survivor|1: 975 284 110 49 21 10 4 1
129248|Child_CrossABC2|8: 760 285 112 47 21 10 4 1
129266|Survivor|1: 804 279 107 46 20 9 4 1
129324|Survivor|1: 816 255 105 56 24 9 4 1
129364|Survivor|1: 834 252 114 49 21 10 4 1
129375|Child_Cross12|9: 784 261 117 49 21 10 4 1
129384|Survivor|1: 840 251 113 47 21 10 4 1
129540|Survivor|1: 842 279 108 46 24 9 4 1
129548|Child_Avg|35: 780 272 108 43 24 9 4 1
129581|Child_Avg|3: 772 268 108 43 24 9 4 1
129589|Child_Cross12|5: 776 268 108 43 24 9 4 1
129596|Child_Cross21|14: 777 268 108 43 24 9 4 1
129622|Child_Cross21|18: 792 289 108 43 24 9 4 1
129660|Child_Cross21|18: 776 289 108 43 24 9 4 1
129665|Child_Avg|51: 777 289 108 43 24 9 4 1
129780|Survivor|1: 949 357 131 49 24 9 4 1
129786|Survivor|1: 914 353 129 49 24 9 4 1
129789|Survivor|1: 914 353 129 53 24 9 4 1
129797|Survivor|1: 763 273 118 49 24 9 4 1
129844|Child_Avg|51: 810 307 117 56 24 9 4 1
129966|Child_CrossABC2|2: 919 321 129 52 24 9 4 1
129974|Survivor|1: 913 321 129 52 24 9 4 1
129983|Survivor|1: 846 347 129 52 24 9 4 1
130108|Survivor|1: 1208 341 143 57 21 10 4 1
130116|Child_CrossABC1|7: 1218 357 137 60 21 10 4 1
130164|Child_Avg|23: 1098 345 132 56 21 10 4 1
130218|Child_Levy|60|Mutated: 1218 299 128 49 21 10 4 1
130222|Survivor|1: 830 293 112 47 21 10 4 1
130256|Child_Cross12|41: 809 277 101 42 19 10 4 1
130281|Child_Cross21|54: 809 266 101 42 19 10 4 1
130305|Child_Cross21|26: 790 245 101 42 19 10 4 1
130312|Child_Cross21|2: 787 266 101 42 19 10 4 1
130324|Child_Avg|15: 792 260 101 42 19 10 4 1
130374|Child_Cross21|34: 789 245 101 42 19 10 4 1
130422|Child_Cross21|50: 810 260 101 42 19 10 4 1
130447|Survivor|1: 793 260 101 42 19 10 4 1
130525|Survivor|1: 784 292 103 52 24 9 4 1
130572|Child_Avg|27: 799 286 105 43 20 9 4 1
130738|Survivor|1: 884 247 105 44 19 10 4 1
130745|Survivor|1: 833 247 105 51 19 10 4 1
130763|Survivor|1: 804 273 104 51 19 10 4 1
130799|Survivor|1: 792 254 104 51 19 10 4 1
130889|Survivor|1: 933 242 109 44 19 10 4 1
130903|Survivor|1: 921 369 135 52 24 9 4 1
130934|Survivor|1: 873 297 132 56 21 10 4 1
130938|Survivor|1: 869 254 122 57 21 10 4 1
131306|Survivor|1: 1128 308 114 54 23 10 4 1
131410|Survivor|1: 848 253 110 48 23 10 4 1
131444|Survivor|1: 887 266 105 44 19 10 4 1
131457|Child_Cross21|26: 829 262 105 41 19 10 4 1
131657|Survivor|1: 809 311 126 47 24 9 4 1
131661|Child_Avg|51: 935 295 124 46 24 9 4 1
131668|Child_Cross12|41: 927 297 124 46 24 9 4 1
131691|Child_Cross12|37: 890 315 124 46 24 9 4 1
131697|Child_Cross21|18: 900 307 124 46 24 9 4 1
131698|Child_Cross21|50: 893 315 124 46 24 9 4 1
131709|Child_Cross12|45: 897 311 124 46 24 9 4 1
131715|Child_Cross12|25: 896 311 124 46 24 9 4 1
131717|Child_Cross12|21: 895 311 124 46 24 9 4 1
131718|Child_Cross21|10: 894 311 130 46 24 9 4 1
131720|Child_CrossABC2|2: 893 311 124 46 24 9 4 1
131721|Child_Cross21|14: 813 311 124 46 24 9 4 1
131725|Child_Avg|39: 891 315 124 46 24 9 4 1
131741|Child_Cross21|6: 892 311 124 46 24 9 4 1
131743|Child_Cross12|25: 895 313 124 46 24 9 4 1
131748|Child_Cross21|50: 891 311 124 46 24 9 4 1
131755|Child_Cross21|38: 866 311 124 46 24 9 4 1
131850|Child_Avg|11: 866 310 129 49 24 9 4 1
131866|Survivor|1: 781 264 105 48 23 10 4 1
131948|Survivor|1: 1052 324 128 53 27 10 4 1
132007|Survivor|1: 949 271 102 47 23 10 4 1
132036|Survivor|1: 823 298 110 43 20 9 4 1
132209|Survivor|1: 848 243 96 41 19 10 4 1
132319|Child_Cross21|26: 864 334 111 48 20 9 4 1
132532|Survivor|1: 748 275 102 43 24 9 4 1
132614|Survivor|1: 766 263 112 43 19 10 4 1
132633|Child_Avg|59: 815 249 106 41 19 10 4 1
132652|Survivor|1: 810 252 106 41 19 10 4 1
132669|Survivor|1: 842 223 114 46 20 9 4 1
132685|Child_CrossABC2|8: 788 272 113 48 20 9 4 1
132687|Survivor|1: 888 272 113 48 20 9 4 1
132695|Survivor|1: 804 245 107 43 20 9 4 1
132873|Child_Cross21|26: 831 309 134 57 23 10 4 1
132904|Survivor|1: 794 308 124 56 21 10 4 1
132926|Child_Avg|11: 816 323 116 46 20 9 4 1
132939|Child_Avg|7: 816 319 110 43 20 9 4 1
133034|Survivor|1: 868 302 125 47 23 10 4 1
133036|Child_Cross12|29: 1047 338 132 47 23 10 4 1
133043|Child_Cross21|34: 868 300 125 47 23 10 4 1
133044|Child_Cross21|18: 948 373 135 47 23 10 4 1
133051|Child_Cross12|29: 868 332 125 47 23 10 4 1
133058|Child_Cross12|13: 841 300 125 47 23 10 4 1
133059|Child_Cross12|41: 874 316 125 47 23 10 4 1
133070|Child_Cross12|29: 868 324 125 47 23 10 4 1
133072|Child_Cross21|14: 867 317 125 47 23 10 4 1
133079|Child_Cross21|10: 867 325 125 47 23 10 4 1
133088|Child_Avg|23: 831 316 125 47 23 10 4 1
133100|Child_Avg|11: 862 316 125 47 23 10 4 1
133211|Survivor|1: 789 275 113 48 23 10 4 1
133315|Survivor|1: 776 274 115 49 24 9 4 1
133414|Survivor|1: 750 294 107 43 20 9 4 1
133415|Child_CrossABC2|8: 759 293 107 43 20 9 4 1
133497|Survivor|1: 932 331 109 47 23 10 4 1
133508|Child_Cross12|45: 940 300 123 53 24 9 4 1
133522|Survivor|1: 892 271 126 65 24 9 4 1
133530|Survivor|1: 895 280 121 47 24 9 4 1
133531|Child_Cross21|54: 893 278 118 49 24 9 4 1
133672|Child_Avg|27: 791 297 121 47 24 9 4 1
133683|Survivor|1: 827 266 111 47 24 9 4 1
133795|Child_Cross21|34: 838 267 118 43 24 9 4 1
133822|Survivor|1: 825 261 112 43 24 9 4 1
133911|Survivor|1: 815 291 116 49 24 9 4 1
133925|Survivor|1: 824 301 117 53 24 9 4 1
134012|Survivor|1|Mutated: 868 287 107 43 20 9 4 1
134034|Survivor|1: 770 285 106 41 19 10 4 1
134057|Survivor|1: 845 254 110 43 20 9 4 1
134069|Survivor|1: 846 254 110 43 20 9 4 1
134074|Survivor|1: 831 254 110 43 20 9 4 1
134168|Survivor|1: 782 263 103 45 21 10 4 1
134180|Survivor|1: 818 263 103 45 21 10 4 1
134199|Child_Cross21|22: 812 266 107 43 20 9 4 1
134202|Child_Cross12|21: 812 265 107 43 20 9 4 1
134203|Child_Avg|31: 813 266 107 43 20 9 4 1
134216|Child_Cross21|58: 794 270 107 43 20 9 4 1
134217|Child_Cross21|18: 812 270 107 43 20 9 4 1
134218|Child_Cross21|46: 795 271 107 43 20 9 4 1
134224|Child_Avg|35: 826 266 107 43 20 9 4 1
134228|Child_Cross21|2|Mutated: 800 269 107 43 20 9 4 1
134251|Child_Cross12|49: 804 266 107 43 20 9 4 1
134254|Child_Cross21|34: 805 265 107 43 20 9 4 1
134290|Child_Cross12|29: 830 254 109 45 21 10 4 1
134595|Child_CrossABC1|1: 876 321 122 52 24 9 4 1
134597|Child_CrossABC1|7: 880 321 122 52 24 9 4 1
134598|Child_CrossABC2|2: 874 321 122 52 24 9 4 1
134599|Child_CrossABC1|1: 881 321 122 52 24 9 4 1
134603|Child_Avg|15: 875 323 121 52 24 9 4 1
134609|Child_Cross21|42: 876 321 118 49 24 9 4 1
134611|Child_Cross21|30: 885 319 119 49 24 9 4 1
134613|Child_Cross21|54: 928 323 118 49 24 9 4 1
134614|Child_Cross12|13: 898 323 117 49 24 9 4 1
134616|Child_Avg|7: 893 318 117 49 24 9 4 1
134618|Child_Avg|51: 911 322 118 49 24 9 4 1
134620|Child_Cross21|38: 890 318 117 49 24 9 4 1
134628|Child_Avg|31: 899 319 117 49 24 9 4 1
134629|Child_Cross21|26: 907 320 117 49 24 9 4 1
134634|Child_Cross12|45: 910 322 118 49 24 9 4 1
134635|Child_Cross12|41: 894 319 117 49 24 9 4 1
134641|Child_Cross21|2: 907 318 117 49 24 9 4 1
134643|Child_Avg|27: 908 321 118 49 24 9 4 1
134644|Child_Avg|47: 907 319 117 49 24 9 4 1
134652|Child_Cross12|21: 909 318 117 49 24 9 4 1
134654|Child_Cross21|54: 906 318 117 49 24 9 4 1
134657|Child_Cross12|57: 909 321 118 49 24 9 4 1
134663|Child_Cross12|5: 908 316 117 49 24 9 4 1
134665|Child_Cross12|21: 908 320 118 49 24 9 4 1
134674|Child_Cross12|33: 909 318 119 49 24 9 4 1
134675|Child_Cross21|50: 854 316 117 49 24 9 4 1
134685|Child_Cross21|30: 880 315 117 49 24 9 4 1
134687|Child_Avg|11: 898 316 117 49 24 9 4 1
134692|Child_CrossABC2|8: 914 316 117 49 24 9 4 1
134694|Child_Avg|59: 906 316 117 49 24 9 4 1
134695|Child_Avg|39: 893 315 117 49 24 9 4 1
134697|Child_Avg|43: 911 316 117 49 24 9 4 1
134702|Child_Avg|11: 908 315 117 49 24 9 4 1
134708|Child_Cross12|29: 903 316 117 49 24 9 4 1
134713|Child_Avg|59: 904 315 117 49 24 9 4 1
134715|Child_Cross21|58: 909 316 117 49 24 9 4 1
134722|Child_Cross21|30: 905 315 117 49 24 9 4 1
134723|Child_Cross12|37: 904 329 117 49 24 9 4 1
134725|Child_CrossABC2|8: 910 315 117 49 24 9 4 1
134735|Child_Cross12|9: 899 315 117 49 24 9 4 1
134744|Child_Cross12|1: 854 315 117 49 24 9 4 1
134745|Child_Avg|11: 886 315 117 49 24 9 4 1
134750|Child_Avg|55: 891 315 117 49 24 9 4 1
134753|Child_Cross12|37: 897 315 117 49 24 9 4 1
134756|Child_Cross21|30: 893 315 117 49 21 10 4 1
134764|Child_Cross21|18: 892 319 117 49 24 9 4 1
134769|Child_Cross21|42: 880 315 117 49 21 10 4 1
134770|Child_Cross21|14: 898 315 117 49 24 9 4 1
134774|Survivor|1: 899 315 117 49 21 10 4 1
134776|Child_CrossABC1|1: 912 315 117 49 21 10 4 1
134780|Child_Cross12|13: 895 315 117 49 21 10 4 1
134790|Child_Avg|55: 897 315 117 49 21 10 4 1
134794|Child_Cross21|22: 891 315 117 49 21 10 4 1
134799|Child_Cross21|54: 869 315 117 49 21 10 4 1
134801|Child_Cross21|38: 886 315 117 49 21 10 4 1
134806|Survivor|1: 904 315 117 49 21 10 4 1
134815|Child_Cross12|9: 893 284 117 49 21 10 4 1
134821|Child_CrossABC1|1: 893 315 114 49 21 10 4 1
134832|Child_Cross12|21: 867 315 117 49 21 10 4 1
134838|Child_Cross12|37: 891 271 114 49 21 10 4 1
134845|Child_CrossABC1|7: 874 315 117 49 21 10 4 1
134849|Child_Cross12|13: 878 315 117 49 21 10 4 1
134875|Child_Cross21|34: 882 315 117 49 21 10 4 1
134878|Child_Cross12|21: 827 271 114 49 21 10 4 1
134879|Child_CrossABC2|8: 902 271 114 49 21 10 4 1
134882|Child_Cross21|6: 804 271 114 49 21 10 4 1
134886|Child_Cross12|29: 886 271 114 49 21 10 4 1
134887|Child_Avg|55: 880 271 114 49 21 10 4 1
134888|Child_Cross21|50: 828 271 114 49 21 10 4 1
134890|Child_Cross21|38: 842 271 114 49 21 10 4 1
134891|Child_Cross21|18|Mutated: 854 271 114 49 21 10 4 1
134892|Child_Avg|3: 837 271 114 49 21 10 4 1
134893|Child_Cross12|49: 859 271 114 49 21 10 4 1
134894|Child_Cross12|37: 892 271 114 49 21 10 4 1
134895|Child_Avg|31: 864 271 114 49 21 10 4 1
134899|Child_CrossABC1|7: 897 271 114 49 21 10 4 1
134900|Child_Cross21|26: 876 271 114 49 21 10 4 1
134901|Child_Cross21|54: 903 271 114 49 21 10 4 1
134902|Child_Cross12|13: 875 271 114 49 21 10 4 1
134903|Child_Cross12|17: 881 271 114 49 21 10 4 1
134906|Child_Avg|23: 816 271 114 49 21 10 4 1
134909|Child_Avg|15: 918 271 114 49 21 10 4 1
134916|Child_Avg|43: 893 271 114 49 21 10 4 1
134922|Child_CrossABC2|2: 908 271 114 49 21 10 4 1
134924|Child_Cross12|29: 898 271 114 49 21 10 4 1
134925|Child_Cross21|18: 887 271 114 49 21 10 4 1
134943|Child_Cross21|2: 909 271 114 49 21 10 4 1
134952|Child_Cross12|57: 789 271 114 49 21 10 4 1
134953|Child_CrossABC1|7: 800 271 114 49 21 10 4 1
134961|Child_Cross21|26: 832 271 114 49 21 10 4 1
134963|Child_Cross21|38: 843 271 114 49 21 10 4 1
134970|Child_Cross12|53: 877 271 114 49 21 10 4 1
134977|Child_Cross12|45: 788 271 114 49 21 10 4 1
134983|Child_Avg|43: 795 271 114 49 21 10 4 1
134989|Child_Cross12|25: 805 271 114 49 21 10 4 1
134993|Child_Cross12|57: 853 271 114 49 21 10 4 1
135004|Child_Cross12|37: 799 271 114 49 21 10 4 1
135007|Child_Cross21|58: 778 271 114 49 21 10 4 1
135011|Child_Avg|55: 810 271 114 49 21 10 4 1
135014|Child_Avg|51: 783 271 114 49 21 10 4 1
135015|Child_Cross12|49: 821 271 114 49 21 10 4 1
135018|Child_Cross12|41: 768 271 114 49 21 10 4 1
135019|Child_Cross21|26: 806 271 114 49 21 10 4 1
135020|Child_Cross21|38: 790 271 114 49 21 10 4 1
135023|Child_Cross21|26: 794 271 114 49 21 10 4 1
135029|Child_Cross12|1: 773 271 114 49 21 10 4 1
135033|Child_Cross12|41: 811 287 114 49 21 10 4 1
135065|Child_Cross12|17: 775 283 115 48 21 10 4 1
135071|Child_Cross12|17: 719 267 107 46 20 9 4 1
135087|Survivor|1: 796 276 111 48 20 9 4 1
135093|Child_Cross21|54: 783 266 107 43 20 9 4 1
135102|Child_Cross21|34: 796 266 107 43 20 9 4 1
135123|Child_CrossABC1|7: 803 266 107 43 20 9 4 1
135184|Survivor|1: 815 262 106 41 19 10 4 1
135219|Child_Avg|43: 806 262 106 41 19 10 4 1
135244|Child_Cross12|13: 807 262 106 41 19 10 4 1
135263|Child_CrossABC2|2: 822 262 106 41 19 10 4 1
135318|Child_Cross21|14: 812 261 105 41 19 10 4 1
135371|Survivor|1: 780 250 114 43 24 9 4 1
135387|Survivor|1: 734 228 111 48 20 9 4 1
135432|Survivor|1: 745 300 116 43 20 9 4 1
135506|Survivor|1: 779 283 105 50 24 9 4 1
135616|Child_Cross12|17: 819 260 101 42 19 10 4 1
135823|Survivor|1: 861 308 131 55 27 10 4 1
135830|Survivor|1|Mutated: 737 308 131 55 27 10 4 1
135846|Child_Cross12|49: 760 291 123 46 24 9 4 1
135852|Child_Cross21|18: 862 295 121 52 24 9 4 1
135924|Survivor|1: 960 350 137 53 24 9 4 1
136126|Child_CrossABC1|1: 773 245 107 43 20 9 4 1
136198|Survivor|1: 729 282 107 43 19 10 4 1
136376|Child_Cross12|5: 778 301 108 50 24 9 4 1
136410|Child_Cross12|41: 797 247 105 50 24 9 4 1
136581|Survivor|1: 742 323 126 59 24 9 4 1
136599|Child_Cross12|13: 798 252 103 48 20 9 4 1
136726|Child_CrossABC2|8|Mutated: 793 261 107 43 24 9 4 1
136760|Survivor|1: 801 263 109 49 24 9 4 1
136807|Survivor|1: 779 299 124 47 24 9 4 1
136822|Child_Cross21|10: 831 305 121 43 24 9 4 1
136876|Child_Cross21|34: 815 305 121 43 24 9 4 1
136886|Child_Avg|39: 811 305 121 43 24 9 4 1
136933|Survivor|1: 791 305 121 43 24 9 4 1
136956|Child_CrossABC2|2: 776 305 121 43 24 9 4 1
137158|Survivor|1: 785 271 106 41 19 10 4 1
137210|Survivor|1: 829 313 130 46 24 9 4 1
137264|Survivor|1: 738 295 108 48 23 10 4 1
137297|Survivor|1: 813 263 100 46 24 9 4 1
137431|Survivor|1: 842 282 107 46 20 9 4 1
137742|Survivor|1: 802 304 124 43 20 9 4 1
137851|Survivor|1: 859 331 124 63 29 10 4 1
137912|Survivor|1: 800 263 113 46 24 9 4 1
137933|Survivor|1: 801 254 109 47 23 10 4 1
138137|Survivor|1: 988 387 151 65 27 10 4 1
138150|Survivor|1: 1055 377 131 63 27 10 4 1
138178|Survivor|1: 796 306 130 55 24 9 4 1
138194|Child_Cross12|37: 1091 422 153 50 24 9 4 1
138202|Survivor|1: 823 256 114 49 24 9 4 1
138211|Child_Cross12|29: 864 277 119 49 24 9 4 1
138212|Child_Cross21|46: 873 275 117 49 24 9 4 1
138218|Child_Cross21|58: 909 313 126 49 24 9 4 1
138219|Child_Cross12|17: 933 275 117 49 24 9 4 1
138225|Child_Cross21|18: 897 275 117 49 24 9 4 1
138228|Child_Cross12|13: 899 272 118 49 24 9 4 1
138229|Child_Cross21|26: 894 275 117 49 24 9 4 1
138231|Child_Cross12|53: 882 273 118 49 24 9 4 1
138233|Child_Cross21|18: 905 275 117 49 24 9 4 1
138236|Child_Cross21|42: 888 275 117 49 24 9 4 1
138238|Child_Cross12|41: 913 275 117 49 24 9 4 1
138239|Child_Cross12|45: 910 275 117 49 24 9 4 1
138242|Child_Cross21|22: 903 275 117 49 24 9 4 1
138244|Child_Cross21|10: 911 275 117 49 24 9 4 1
138245|Child_Cross21|22: 900 275 117 49 24 9 4 1
138250|Child_Avg|47: 909 275 117 49 24 9 4 1
138253|Child_Avg|59: 908 275 117 49 24 9 4 1
138254|Child_Cross21|54: 906 275 117 49 24 9 4 1
138257|Child_Avg|39: 878 275 117 49 24 9 4 1
138260|Survivor|1: 889 275 117 49 24 9 4 1
138263|Child_Cross12|13: 902 275 117 49 24 9 4 1
138271|Child_Cross12|45: 895 275 117 49 24 9 4 1
138298|Child_Cross12|9: 899 275 117 49 24 9 4 1
138330|Child_Avg|55: 929 275 117 49 24 9 4 1
138348|Child_Cross12|41: 880 275 117 49 24 9 4 1
138350|Child_Cross12|57: 881 275 117 49 24 9 4 1
138355|Child_Cross21|22: 891 275 117 49 24 9 4 1
138382|Child_Cross21|26: 914 275 117 49 24 9 4 1
138391|Child_Avg|39: 919 275 117 49 24 9 4 1
138401|Child_Avg|39: 892 275 117 49 24 9 4 1
138405|Child_Cross12|9: 887 275 117 49 24 9 4 1
138721|Child_Cross12|29: 713 274 105 52 24 9 4 1
138722|Child_Avg|39: 751 275 105 52 24 9 4 1
138727|Survivor|1: 751 274 105 52 24 9 4 1
138738|Child_Cross21|50: 745 283 108 49 24 9 4 1
138762|Child_Cross21|18: 746 283 108 49 24 9 4 1
138764|Child_CrossABC2|8: 924 283 108 49 24 9 4 1
138768|Child_Cross12|17: 775 283 108 49 24 9 4 1
138773|Child_Cross12|1: 778 283 108 49 24 9 4 1
138774|Child_Cross12|37: 763 283 108 49 24 9 4 1
138777|Child_Cross21|6: 765 283 108 49 24 9 4 1
138786|Child_Avg|27|Mutated: 783 283 108 49 24 9 4 1
138787|Child_CrossABC1|1: 804 283 108 49 24 9 4 1
138788|Child_Avg|31: 787 283 108 49 24 9 4 1
138789|Child_Cross21|26: 809 283 108 49 24 9 4 1
138790|Child_Avg|47: 789 283 108 49 24 9 4 1
138791|Child_Cross21|14: 785 283 108 49 24 9 4 1
138794|Child_Cross21|38: 806 283 108 49 24 9 4 1
138805|Child_Cross21|46: 801 283 108 49 24 9 4 1
138808|Child_CrossABC1|1: 788 283 108 49 24 9 4 1
139111|Child_Cross21|18: 1105 302 119 49 24 9 4 1
139113|Child_Cross12|37: 1109 302 119 49 24 9 4 1
139120|Child_Avg|23|Mutated: 920 297 119 49 24 9 4 1
139123|Child_Cross12|53: 1072 300 119 49 24 9 4 1
139130|Child_Cross12|21: 915 297 119 49 24 9 4 1
139132|Child_Avg|23: 928 297 119 49 24 9 4 1
139134|Child_Cross12|49: 910 297 119 49 24 9 4 1
139138|Child_Cross12|33: 931 297 119 49 24 9 4 1
139140|Child_CrossABC1|1: 921 297 119 49 24 9 4 1
139145|Child_Cross21|30: 935 297 119 49 24 9 4 1
139148|Child_CrossABC1|7: 942 297 119 49 24 9 4 1
139151|Child_Cross21|58: 925 297 119 49 24 9 4 1
139155|Child_Cross12|21: 907 297 119 49 24 9 4 1
139166|Child_Cross12|45: 924 297 119 49 24 9 4 1
139171|Child_Cross12|17: 918 297 119 49 24 9 4 1
139184|Child_Cross21|22|Mutated: 914 276 119 49 24 9 4 1
139188|Child_Cross12|5: 914 325 119 49 24 9 4 1
139195|Child_Cross12|21: 900 297 119 49 24 9 4 1
139202|Child_Cross21|14: 911 297 119 49 24 9 4 1
139211|Child_Cross12|25: 908 297 119 49 24 9 4 1
139216|Child_Avg|15: 914 297 119 49 24 9 4 1
139224|Child_Cross21|34: 926 297 119 49 24 9 4 1
139503|Survivor|1: 1201 324 119 46 24 9 4 1
139646|Child_Avg|39: 819 243 107 43 20 9 4 1
139662|Survivor|1: 830 244 105 43 20 9 4 1
139685|Survivor|1: 818 254 102 43 19 10 4 1
139727|Child_CrossABC1|1: 798 248 103 39 20 9 4 1
140014|Survivor|1: 945 352 127 62 24 9 4 1
140040|Child_Cross12|33: 798 253 108 43 24 9 4 1
140042|Survivor|1: 798 251 108 46 24 9 4 1
140065|Child_Cross21|10: 817 267 118 43 24 9 4 1
140073|Child_Avg|23: 804 253 108 43 24 9 4 1
140083|Child_Cross12|49|Mutated: 796 284 108 43 24 9 4 1
140189|Child_Avg|59: 859 264 118 53 19 10 4 1
140271|Child_Cross12|1: 772 274 109 41 19 10 4 1
140277|Child_Cross12|9: 787 274 109 41 19 10 4 1
140312|Child_CrossABC2|2: 786 274 109 41 19 10 4 1
140316|Child_Avg|47: 815 273 123 47 21 10 4 1
140497|Survivor|1: 787 275 112 43 24 9 4 1
140514|Survivor|1: 839 272 108 43 24 9 4 1
140538|Child_Cross12|53: 823 272 108 43 24 9 4 1
140569|Child_CrossABC1|7: 815 272 108 43 24 9 4 1
140590|Child_Avg|11: 810 272 108 43 24 9 4 1
140933|Child_CrossABC2|8: 881 254 102 43 24 9 4 1
140941|Survivor|1: 858 254 102 43 24 9 4 1
141009|Child_CrossABC1|1: 798 275 112 47 21 10 4 1
141026|Child_Cross21|22: 803 271 107 43 20 9 4 1
141033|Child_Cross12|49: 803 274 113 43 20 9 4 1
141094|Survivor|1: 795 309 105 43 20 9 4 1
141149|Survivor|1: 793 268 112 43 19 10 4 1
141156|Child_CrossABC2|8: 790 268 112 43 19 10 4 1
141160|Child_CrossABC1|7: 800 268 112 43 19 10 4 1
141161|Child_Cross12|49: 791 268 112 43 19 10 4 1
141266|Survivor|1: 814 273 121 41 19 10 4 1
141540|Child_Cross12|41: 875 358 127 43 24 9 4 1
141575|Survivor|1: 845 346 127 43 24 9 4 1
141602|Survivor|1: 768 310 127 43 24 9 4 1
141685|Survivor|1: 792 290 111 47 24 9 4 1
141695|Child_Cross21|58: 880 308 112 47 23 10 4 1
141845|Child_Levy|60: 1146 325 125 54 24 11 4 1
142008|Survivor|1: 1050 342 129 49 24 9 4 1
142027|Child_Cross12|37: 979 366 134 47 24 9 4 1
142046|Survivor|1: 819 310 122 43 24 9 4 1
142183|Child_Cross12|57: 1036 296 103 49 21 10 4 1
142215|Survivor|1: 914 291 107 43 20 9 4 1
142229|Child_Cross12|33: 918 291 107 43 20 9 4 1
142230|Child_Cross12|13: 828 288 107 43 20 9 4 1
142232|Child_CrossABC1|1: 908 292 107 43 20 9 4 1
142278|Survivor|1: 903 296 96 49 21 10 4 1
142463|Survivor|1: 1110 351 145 55 24 9 4 1
142473|Survivor|1|Mutated: 1110 399 145 55 24 9 4 1
142478|Child_Cross21|18: 812 298 119 49 24 9 4 1
142487|Child_Avg|59: 899 337 123 46 24 9 4 1
142961|Child_CrossABC2|2: 911 344 128 53 24 9 4 1
142970|Survivor|1: 781 285 127 49 21 10 4 1
142972|Child_CrossABC2|8: 784 289 125 55 21 10 4 1
143037|Survivor|1: 872 329 121 50 24 9 4 1
143073|Child_CrossABC2|2: 810 289 130 46 24 9 4 1
143170|Survivor|1: 1170 323 109 54 23 10 4 1
143249|Survivor|1: 908 297 108 46 24 9 4 1
143277|Survivor|1: 943 307 125 47 23 10 4 1
143667|Child_Levy|24: 1209 353 127 54 23 10 4 1
143670|Child_Avg|27: 1243 350 131 51 23 10 4 1
143678|Survivor|1: 1192 327 134 47 23 10 4 1
143692|Survivor|1: 1179 332 127 45 21 10 4 1
143697|Child_CrossABC1|1: 1141 329 127 45 21 10 4 1
143705|Child_Cross12|53: 1148 329 127 45 21 10 4 1
143722|Child_Cross12|37: 1153 325 125 44 23 10 4 1
143724|Child_CrossABC1|1|Mutated: 1131 311 125 44 23 10 4 1
143742|Child_Cross12|49: 1133 325 125 44 23 10 4 1
143744|Child_Cross12|17: 1166 325 125 44 23 10 4 1
143756|Child_Cross21|14: 1135 325 125 44 23 10 4 1
143777|Child_Avg|7: 1160 325 125 44 23 10 4 1
143779|Child_Avg|39: 1184 325 125 44 23 10 4 1
143783|Child_Cross21|58|Mutated: 1160 325 125 47 23 10 4 1
143785|Child_CrossABC1|7: 1165 325 125 47 23 10 4 1
143798|Child_Avg|43: 1158 325 125 44 23 10 4 1
143818|Child_CrossABC2|2: 1165 325 125 44 23 10 4 1
143823|Child_Cross21|26: 1179 325 125 44 23 10 4 1
143840|Survivor|1: 1170 325 125 44 23 10 4 1
143848|Survivor|1: 1140 325 125 47 23 10 4 1
143874|Survivor|1|Mutated: 1154 325 125 44 23 10 4 1
143878|Child_Avg|23: 1147 325 125 44 23 10 4 1
143899|Child_Avg|11: 1148 325 125 47 23 10 4 1
143912|Child_Cross21|46: 1142 325 125 44 23 10 4 1
143921|Child_CrossABC2|8: 1258 325 125 44 23 10 4 1
143947|Child_Cross12|49|Mutated: 1158 325 125 47 23 10 4 1
143948|Child_CrossABC2|2: 1149 325 125 47 23 10 4 1
143953|Child_Avg|39: 1161 325 125 44 23 10 4 1
143956|Child_Cross21|58: 1141 325 125 44 23 10 4 1
144007|Child_CrossABC1|1: 886 274 99 43 24 9 4 1
144172|Survivor|1: 761 269 108 43 20 9 4 1
144189|Survivor|1: 781 272 107 43 20 9 4 1
144222|Survivor|1: 784 274 107 46 20 9 4 1
144389|Survivor|1: 1067 304 121 46 24 9 4 1
144421|Survivor|1: 883 315 122 55 20 9 4 1
144450|Survivor|1: 827 278 110 43 20 9 4 1
144516|Child_Cross12|17: 826 274 113 43 20 9 4 1
144531|Survivor|1: 799 294 113 43 20 9 4 1
144562|Survivor|1: 839 297 113 43 20 9 4 1
144594|Child_CrossABC2|8: 785 297 113 43 20 9 4 1
144599|Child_CrossABC1|7: 842 297 113 43 20 9 4 1
144606|Child_CrossABC1|1: 773 297 113 43 20 9 4 1
144607|Child_Cross21|38: 771 297 113 43 20 9 4 1
144612|Child_CrossABC1|1: 786 297 113 43 20 9 4 1
144692|Survivor|1: 755 308 114 47 24 9 4 1
144700|Child_Avg|55: 814 300 111 46 24 9 4 1
145038|Survivor|1: 777 311 119 50 24 9 4 1
145233|Child_Avg|11: 882 321 129 52 24 9 4 1
145241|Child_Cross12|49: 887 314 126 49 24 9 4 1
145317|Child_Cross12|33: 806 299 125 47 23 10 4 1
145336|Child_CrossABC2|2: 801 302 119 45 23 10 4 1
145339|Child_Cross12|45: 781 298 121 45 23 10 4 1
145356|Child_Avg|47: 801 294 117 44 23 10 4 1
145363|Child_CrossABC2|2: 802 296 117 44 23 10 4 1
145367|Child_Cross21|30: 801 296 117 44 23 10 4 1
145368|Child_Cross21|10: 800 294 117 44 23 10 4 1
145376|Child_CrossABC2|8: 799 296 117 44 23 10 4 1
145382|Child_Cross21|22: 806 296 117 44 23 10 4 1
145385|Child_Avg|31|Mutated: 839 296 117 44 23 10 4 1
145388|Survivor|1: 798 296 117 44 23 10 4 1
145392|Child_Cross12|25: 816 296 117 44 23 10 4 1
145397|Child_Cross12|33: 809 296 117 44 23 10 4 1
145416|Child_CrossABC2|2: 806 306 117 44 23 10 4 1
145449|Child_Cross21|30: 787 296 117 44 23 10 4 1
145454|Survivor|1: 784 296 117 44 23 10 4 1
145471|Child_Avg|47: 780 296 117 44 23 10 4 1
145478|Child_CrossABC1|7: 781 296 117 44 23 10 4 1
145502|Child_Avg|19: 788 296 117 44 23 10 4 1
145534|Child_Avg|27: 760 283 114 43 24 9 4 1
145552|Survivor|1: 763 286 118 43 24 9 4 1
145557|Survivor|1: 762 288 118 43 24 9 4 1
145561|Child_CrossABC1|7: 820 288 118 43 24 9 4 1
145567|Child_Cross21|46: 788 288 118 43 24 9 4 1
145766|Survivor|1: 901 338 127 59 27 10 4 1
145779|Child_Cross21|34: 1060 345 150 52 24 9 4 1
145803|Survivor|1: 822 283 117 44 23 10 4 1
145868|Survivor|1: 844 268 108 49 24 9 4 1
145885|Survivor|1: 852 253 107 52 24 9 4 1
146055|Survivor|1: 1067 337 124 58 24 9 4 1
146103|Child_Avg|47: 1139 474 163 58 24 9 4 1
146124|Survivor|1: 788 300 142 49 24 9 4 1
146131|Survivor|1: 789 291 141 49 24 9 4 1
146149|Survivor|1: 806 295 130 46 24 9 4 1
146154|Survivor|1: 803 295 130 46 24 9 4 1
146251|Survivor|1: 937 377 120 52 27 10 4 1
146303|Survivor|1: 799 265 103 43 24 9 4 1
146401|Survivor|1: 915 287 113 49 21 10 4 1
146605|Survivor|1: 756 299 115 50 21 10 4 1
146669|Survivor|1: 840 308 109 52 20 9 4 1
146698|Survivor|1: 757 285 111 46 20 9 4 1
146770|Survivor|1: 727 279 106 56 21 10 4 1
146843|Child_Cross21|30: 829 277 125 47 23 10 4 1
146920|Survivor|1: 814 251 112 43 19 10 4 1
146949|Child_CrossABC2|2: 894 376 150 55 24 9 4 1
146962|Child_Levy|12: 779 330 129 51 23 10 4 1
146989|Survivor|1: 829 313 120 44 23 10 4 1
147119|Survivor|1: 813 282 104 49 21 10 4 1
147230|Survivor|1: 831 250 102 39 20 9 4 1
147343|Child_Cross21|58: 784 261 105 43 20 9 4 1
147472|Child_CrossABC1|7: 722 284 107 46 20 9 4 1
147564|Survivor|1: 906 313 113 48 23 10 4 1
147582|Child_LevyP2|4: 941 297 108 46 24 9 4 1
147616|Child_Avg|23: 802 284 105 41 19 10 4 1
147629|Child_Cross12|37: 805 284 105 41 19 10 4 1
147643|Child_Cross12|17: 797 284 105 41 19 10 4 1
147676|Child_Cross21|26: 795 284 105 41 19 10 4 1
147682|Child_CrossABC1|1: 789 284 105 41 19 10 4 1
147705|Child_Cross12|57: 779 284 105 41 19 10 4 1
147727|Survivor|1: 787 284 105 41 19 10 4 1
147736|Child_Cross21|6: 784 284 105 41 19 10 4 1
147744|Child_Cross21|30: 794 284 105 41 19 10 4 1
147753|Child_Avg|43: 782 284 105 41 19 10 4 1
148176|Survivor|1: 1215 350 126 47 24 9 4 1
148182|Child_CrossABC1|1: 1179 325 123 56 24 9 4 1
148215|Survivor|1: 1183 342 128 48 23 10 4 1
148547|Child_Cross21|46: 1195 356 125 47 23 10 4 1
148554|Survivor|1: 1171 347 125 47 23 10 4 1
148557|Child_CrossABC1|7: 1254 339 125 47 23 10 4 1
148559|Child_CrossABC2|8: 1166 339 125 47 23 10 4 1
148560|Child_Avg|15: 1239 339 125 47 23 10 4 1
148562|Child_CrossABC2|2: 1223 339 125 47 23 10 4 1
148564|Child_CrossABC1|1: 1218 339 125 47 23 10 4 1
148566|Child_CrossABC2|2: 1221 339 125 47 23 10 4 1
148570|Child_CrossABC1|7: 1247 341 125 47 23 10 4 1
148594|Survivor|1: 1116 317 122 48 20 9 4 1
148874|Survivor|1: 790 298 112 47 23 10 4 1
148891|Survivor|1: 790 298 112 47 21 10 4 1
148920|Survivor|1: 864 312 118 43 20 9 4 1
149036|Survivor|1: 801 260 109 47 23 10 4 1
149050|Child_Cross12|41: 769 263 112 47 23 10 4 1
149053|Child_Cross12|33: 792 263 112 47 23 10 4 1
149056|Child_Cross12|37: 798 260 109 47 23 10 4 1
149061|Child_Cross12|53|Mutated: 800 260 111 47 23 10 4 1
149062|Child_Cross12|21: 777 263 112 47 23 10 4 1
149064|Child_Cross12|9: 762 263 112 47 23 10 4 1
149070|Survivor|1: 770 263 112 47 23 10 4 1
149071|Child_Avg|39: 772 263 112 47 23 10 4 1
149072|Child_Cross21|46: 800 263 112 47 23 10 4 1
149074|Child_Avg|47: 808 263 112 47 23 10 4 1
149079|Child_Cross12|53: 801 263 112 47 23 10 4 1
149080|Child_Cross12|21: 804 263 112 47 23 10 4 1
149081|Child_Cross21|2: 827 263 112 47 23 10 4 1
149083|Child_Cross12|37: 814 263 112 47 23 10 4 1
149084|Child_Cross21|10: 848 263 112 47 23 10 4 1
149087|Child_Cross21|6: 811 263 112 47 23 10 4 1
149089|Child_Cross21|50: 806 263 112 47 23 10 4 1
149095|Child_Cross21|30: 819 263 112 47 23 10 4 1
149101|Child_Cross12|17: 824 263 112 47 23 10 4 1
149102|Child_Avg|19: 816 263 112 47 23 10 4 1
149112|Child_Cross21|46: 822 263 112 47 23 10 4 1
149117|Child_Cross21|50: 843 263 112 47 23 10 4 1
149118|Child_Cross12|25: 839 263 112 47 23 10 4 1
149120|Child_Cross12|29: 830 263 112 47 23 10 4 1
149121|Child_Cross12|53: 793 263 112 47 23 10 4 1
149123|Child_Cross12|25: 821 263 112 47 23 10 4 1
149132|Child_Cross12|21: 809 263 112 47 23 10 4 1
149143|Child_Cross21|54: 813 263 112 47 23 10 4 1
149171|Child_Avg|15: 803 263 112 47 23 10 4 1
149284|Survivor|1: 820 284 107 50 24 9 4 1
149330|Survivor|1: 828 295 123 47 23 10 4 1
149370|Child_Cross21|6|Mutated: 919 323 117 44 23 10 4 1
149372|Child_Avg|43: 910 298 117 44 23 10 4 1
149376|Child_Cross12|37: 902 298 117 44 23 10 4 1
149377|Child_Cross21|26|Mutated: 809 298 117 44 23 10 4 1
149383|Child_Cross21|46: 785 298 117 44 23 10 4 1
149387|Child_Cross21|14: 827 298 117 44 23 10 4 1
149396|Survivor|1: 814 298 117 44 23 10 4 1
149461|Child_CrossABC1|7: 821 303 114 46 20 9 4 1
149513|Survivor|1: 861 264 110 46 21 10 4 1
149519|Survivor|1: 891 270 112 47 21 10 4 1
149681|Child_CrossABC2|2: 913 376 135 56 21 10 4 1
149985|Child_Levy|56|Mutated: 799 280 104 49 21 10 4 1
150000|Survivor|1: 900 307 138 58 24 9 4 1
150038|Survivor|1: 891 328 121 50 24 9 4 1
150050|Survivor|1: 789 313 121 45 23 10 4 1
150154|Child_Cross12|41: 810 248 102 43 24 9 4 1
150306|Survivor|1: 729 321 127 62 24 9 4 1
150311|Child_Cross21|18: 896 396 137 55 24 9 4 1
150316|Child_Avg|59: 873 396 137 55 24 9 4 1
150331|Child_CrossABC2|2: 952 396 137 55 24 9 4 1
150336|Survivor|1: 966 396 137 55 24 9 4 1
150349|Child_Cross21|50: 961 396 137 55 24 9 4 1
150350|Child_Cross21|2: 962 396 137 55 24 9 4 1
150352|Child_Avg|3: 963 396 137 55 24 9 4 1
150355|Child_CrossABC2|8: 967 396 137 55 24 9 4 1
150358|Child_Cross21|22: 958 396 137 55 24 9 4 1
150359|Child_Avg|51: 964 396 137 55 24 9 4 1
150363|Child_Cross21|26: 974 396 137 55 24 9 4 1
150368|Child_Avg|55: 955 396 137 55 24 9 4 1
150369|Child_Cross21|50: 961 389 137 55 24 9 4 1
150373|Child_Avg|31: 962 392 137 55 24 9 4 1
150382|Child_Cross12|57: 963 392 137 55 24 9 4 1
150388|Child_Cross12|17: 962 389 137 55 24 9 4 1
150392|Child_Cross12|21: 949 396 137 55 24 9 4 1
150393|Child_Cross12|45: 962 379 137 55 24 9 4 1
150428|Survivor|1: 909 355 133 53 24 9 4 1
150476|Survivor|1: 915 338 113 48 23 10 4 1
150487|Survivor|1: 958 347 121 48 20 9 4 1
150549|Survivor|1: 904 323 121 46 24 9 4 1
150552|Child_CrossABC2|2: 903 323 121 46 24 9 4 1
150577|Child_Avg|15: 913 310 118 43 24 9 4 1
150586|Child_Cross21|58: 921 310 118 43 24 9 4 1
150607|Child_Cross21|58|Mutated: 815 310 118 43 24 9 4 1
150615|Child_Cross12|29: 809 299 118 43 24 9 4 1
150636|Child_Cross21|14: 821 307 118 43 24 9 4 1
150646|Child_Cross12|53: 817 307 118 43 24 9 4 1
150656|Child_Avg|31: 795 307 118 43 24 9 4 1
150664|Child_Cross21|30: 810 307 118 43 24 9 4 1
150670|Child_CrossABC2|8: 776 307 118 43 24 9 4 1
150679|Child_Cross21|42: 793 307 118 43 24 9 4 1
150687|Child_Cross12|57: 812 307 118 43 24 9 4 1
150720|Child_Cross21|38: 808 307 118 43 24 9 4 1
150752|Child_CrossABC1|1: 823 307 118 43 24 9 4 1
150773|Child_Cross21|10: 791 307 118 43 24 9 4 1
150785|Child_CrossABC2|8: 901 320 113 55 24 9 4 1
150790|Child_Cross21|58: 787 307 118 43 24 9 4 1
150793|Child_Cross21|26: 806 307 118 43 24 9 4 1
150811|Child_Cross21|58: 797 307 118 43 24 9 4 1
150815|Survivor|1: 804 307 118 43 24 9 4 1
150866|Child_Avg|35: 815 307 118 43 24 9 4 1
150905|Child_Avg|27: 800 307 118 43 24 9 4 1
150917|Child_Cross21|30: 802 307 118 43 24 9 4 1
150941|Child_Cross21|22: 805 307 118 43 24 9 4 1
150985|Child_Cross12|37: 809 307 118 43 24 9 4 1
151019|Child_Cross21|10: 789 307 118 43 24 9 4 1
151049|Child_Cross12|45: 830 307 118 43 24 9 4 1
151103|Survivor|1: 869 333 121 50 24 9 4 1
151379|Child_Levy|48: 834 260 101 42 19 10 4 1
151497|Survivor|1: 811 269 130 46 24 9 4 1
151936|Child_Avg|59: 835 259 126 59 24 9 4 1
151962|Survivor|1: 820 289 108 43 24 9 4 1
152206|Survivor|1: 1199 329 124 46 24 9 4 1
152287|Survivor|1: 1208 327 127 43 24 9 4 1
152288|Child_Cross12|21: 1152 327 127 43 24 9 4 1
152296|Child_CrossABC1|7: 1184 327 127 43 24 9 4 1
152297|Child_Cross12|41: 1180 327 127 43 24 9 4 1
152336|Child_Cross12|25: 1178 327 127 43 24 9 4 1
152360|Child_CrossABC2|2: 1178 327 127 53 24 9 4 1
152382|Child_Cross12|13: 1202 327 127 43 24 9 4 1
152387|Child_Cross12|29: 1182 327 127 43 24 9 4 1
152403|Child_CrossABC1|7: 1141 327 127 43 24 9 4 1
152404|Child_Cross21|30: 1167 327 127 43 24 9 4 1
152416|Child_Cross21|54: 1165 327 127 43 24 9 4 1
152461|Child_Cross21|14: 1124 327 127 43 24 9 4 1
152503|Child_Cross21|42: 1145 327 127 43 24 9 4 1
152525|Child_Cross12|57: 1198 327 127 43 24 9 4 1
152556|Child_Cross12|37: 1165 327 127 43 20 9 4 1
152790|Child_Levy|16: 896 293 135 58 24 9 4 1
152816|Survivor|1: 747 284 103 45 21 10 4 1
152848|Survivor|1: 780 323 123 51 19 10 4 1
152849|Child_Cross12|13: 903 326 119 51 23 10 4 1
152877|Survivor|1: 818 297 116 46 20 9 4 1
152886|Child_Avg|23: 781 278 107 46 20 9 4 1
152924|Survivor|1: 819 263 111 46 21 10 4 1
152946|Child_Cross21|46|Mutated: 806 262 96 41 19 10 4 1
153083|Survivor|1: 786 237 92 52 19 10 4 1
153199|Child_CrossABC2|2: 1154 334 124 51 23 10 4 1
153210|Survivor|1: 825 328 135 55 23 10 4 1
153274|Survivor|1: 810 279 108 46 24 9 4 1
153278|Survivor|1: 819 251 108 46 24 9 4 1
153323|Survivor|1: 969 353 117 52 20 9 4 1
153335|Child_Cross21|6: 946 353 119 52 20 9 4 1
153342|Child_CrossABC1|1: 955 350 117 52 24 9 4 1
153346|Child_CrossABC2|8: 956 350 117 52 24 9 4 1
153352|Survivor|1: 952 335 117 49 24 9 4 1
153365|Child_Cross12|49: 961 344 117 49 24 9 4 1
153368|Child_Avg|55: 926 319 117 49 24 9 4 1
153372|Child_Cross12|9: 927 318 117 49 24 9 4 1
153374|Child_Cross12|9: 812 296 117 49 24 9 4 1
153377|Child_Cross12|37: 848 335 117 49 24 9 4 1
153378|Child_Cross12|53: 849 335 117 49 24 9 4 1
153384|Child_Cross21|54: 910 324 117 49 24 9 4 1
153386|Child_Cross12|45: 889 324 117 49 24 9 4 1
153387|Child_Cross21|50: 878 324 117 49 24 9 4 1
153390|Child_Cross12|17: 897 335 117 49 24 9 4 1
153392|Child_Cross12|1: 914 323 117 49 24 9 4 1
153397|Child_Cross21|58: 886 324 117 49 24 9 4 1
153398|Child_Cross12|5: 903 323 117 49 24 9 4 1
153400|Child_Avg|15: 887 323 117 49 24 9 4 1
153401|Child_Avg|7: 870 324 117 49 24 9 4 1
153405|Child_Cross12|9: 906 323 117 49 24 9 4 1
153411|Child_CrossABC1|1: 902 323 117 49 24 9 4 1
153412|Child_Avg|27: 898 318 117 49 24 9 4 1
153421|Child_Avg|23: 894 323 117 49 24 9 4 1
153423|Child_Cross12|41: 865 323 117 49 24 9 4 1
153427|Child_Avg|31: 874 323 117 49 24 9 4 1
153428|Child_CrossABC2|2: 893 323 117 49 24 9 4 1
153430|Child_Cross21|6: 884 323 117 49 24 9 4 1
153436|Child_CrossABC1|1: 904 323 119 49 24 9 4 1
153437|Child_Cross12|29: 870 323 118 49 24 9 4 1
153438|Child_Avg|39: 886 323 118 49 24 9 4 1
153444|Child_Cross12|9: 867 323 117 49 24 9 4 1
153447|Child_Cross12|5: 853 323 119 49 24 9 4 1
153455|Survivor|1: 890 323 118 49 24 9 4 1
153489|Child_Cross21|6: 875 279 122 43 24 9 4 1
153539|Survivor|1: 827 305 121 43 24 9 4 1
153574|Child_Cross21|42: 900 289 113 43 24 9 4 1
153579|Child_Cross21|30: 897 292 113 43 24 9 4 1
153616|Child_Cross12|21: 778 292 112 43 24 9 4 1
153652|Child_Cross12|5: 776 292 112 43 24 9 4 1
153669|Survivor|1: 778 292 105 50 24 9 4 1
153685|Child_Avg|35: 795 292 112 43 24 9 4 1
153692|Survivor|1: 797 292 112 43 24 9 4 1
153800|Survivor|1: 797 285 109 41 19 10 4 1
153809|Child_Avg|43: 799 281 108 41 19 10 4 1
153895|Child_CrossABC2|2: 805 261 102 43 20 9 4 1
153948|Survivor|1: 910 347 122 58 24 9 4 1
153954|Survivor|1: 918 353 129 52 24 9 4 1
153963|Survivor|1: 879 323 119 49 24 9 4 1
154017|Survivor|1: 861 317 122 46 24 9 4 1
154024|Child_Avg|39: 874 285 117 52 24 9 4 1
154042|Survivor|1: 811 286 113 46 24 9 4 1
154173|Survivor|1: 786 249 117 46 24 9 4 1
154199|Survivor|1: 812 320 127 49 24 9 4 1
154366|Survivor|1: 773 288 123 53 24 9 4 1
154377|Child_Avg|39: 793 310 129 49 24 9 4 1
154587|Survivor|1: 959 381 129 52 20 9 4 1
154595|Survivor|1: 793 296 111 46 20 9 4 1
154741|Child_Cross12|33: 825 298 110 43 20 9 4 1
154743|Child_CrossABC1|1: 800 296 110 43 20 9 4 1
154755|Child_Cross12|21: 774 295 110 43 20 9 4 1
154764|Child_Cross21|46: 781 295 110 43 20 9 4 1
154814|Child_Cross21|54: 798 295 110 43 20 9 4 1
154822|Child_Cross12|45: 752 295 110 43 20 9 4 1
154879|Child_CrossABC2|2: 801 295 110 43 20 9 4 1
155111|Survivor|1: 855 259 117 57 21 10 4 1
155153|Survivor|1|Mutated: 789 293 107 43 20 9 4 1
155607|Child_Avg|7: 882 315 127 49 21 10 4 1
155696|Survivor|1: 789 313 113 43 24 9 4 1
155852|Child_Avg|31: 1222 297 133 48 23 10 4 1
155955|Survivor|1: 917 286 117 49 24 9 4 1
155964|Survivor|1: 917 299 117 49 24 9 4 1
155985|Survivor|1: 860 275 119 50 24 9 4 1
156045|Survivor|1: 804 291 118 43 24 9 4 1
156151|Child_Cross21|50: 883 321 129 51 23 10 4 1
156161|Survivor|1: 799 290 114 47 23 10 4 1
156167|Child_CrossABC2|2: 821 308 113 47 23 10 4 1
156330|Child_Avg|23: 835 275 115 49 24 9 4 1
156354|Child_Cross21|18: 800 270 113 43 24 9 4 1
156385|Child_Cross12|53: 783 263 112 43 24 9 4 1
156406|Child_Cross21|58: 794 275 112 43 24 9 4 1
156424|Child_CrossABC2|8: 819 256 112 43 24 9 4 1
156437|Child_Cross12|57: 818 261 112 43 24 9 4 1
156454|Child_Cross12|45: 799 261 112 43 24 9 4 1
156466|Child_Cross12|33: 807 261 112 43 24 9 4 1
156627|Survivor|1: 831 313 107 52 24 9 4 1
156659|Child_CrossABC1|1: 819 313 115 50 21 10 4 1
156665|Child_Levy|20: 814 310 109 48 20 9 4 1
156667|Child_CrossABC2|8: 835 254 117 49 21 10 4 1
156684|Child_Avg|19: 806 294 113 46 20 9 4 1
156705|Survivor|1: 1110 275 113 46 20 9 4 1
156740|Survivor|1: 945 294 111 46 21 10 4 1
156795|Survivor|1: 798 254 110 43 20 9 4 1
156984|Survivor|1: 818 303 111 49 24 9 4 1
156985|Child_CrossABC1|7|Mutated: 808 300 119 49 24 9 4 1
157012|Survivor|1: 808 299 118 43 24 9 4 1
157034|Child_Cross12|41: 808 291 118 43 24 9 4 1
157039|Child_CrossABC2|8: 812 291 118 43 24 9 4 1
157096|Survivor|1: 800 296 117 49 24 9 4 1
157135|Child_CrossABC1|7: 813 284 125 47 23 10 4 1
157136|Child_Avg|47: 813 285 125 47 23 10 4 1
157141|Child_CrossABC2|8: 808 284 125 47 23 10 4 1
157142|Child_CrossABC2|2: 811 284 125 47 23 10 4 1
157146|Child_CrossABC2|2: 803 284 125 47 23 10 4 1
157155|Survivor|1: 787 284 127 43 20 9 4 1
157168|Child_Cross21|22: 786 285 127 43 20 9 4 1
157342|Survivor|1: 1118 339 134 50 19 10 4 1
157343|Child_Cross12|37: 789 271 112 43 19 10 4 1
157356|Survivor|1: 799 246 107 45 19 10 4 1
157469|Child_Cross12|45: 913 285 127 47 23 10 4 1
157474|Survivor|1: 902 314 123 47 23 10 4 1
157527|Survivor|1: 782 248 103 39 20 9 4 1
157980|Child_Avg|11: 1290 401 142 65 23 10 4 1
157986|Survivor|1: 1126 341 125 52 24 9 4 1
157997|Survivor|1: 767 265 130 49 24 9 4 1
158013|Survivor|1: 794 277 121 47 24 9 4 1
158219|Survivor|1: 804 294 115 48 23 10 4 1
158228|Survivor|1: 788 287 108 46 24 9 4 1
158281|Survivor|1: 777 271 103 45 21 10 4 1
158325|Survivor|1: 797 269 101 43 20 9 4 1
158378|Child_CrossABC1|1: 896 281 108 46 24 9 4 1
158381|Survivor|1: 790 269 108 46 24 9 4 1
158764|Child_Cross12|5: 802 251 105 47 24 9 4 1
158769|Child_CrossABC1|1: 779 251 105 47 24 9 4 1
158779|Child_Cross12|37: 814 251 105 47 24 9 4 1
158791|Child_Avg|15: 780 280 113 46 24 9 4 1
158795|Child_Avg|31: 781 265 108 46 24 9 4 1
158810|Child_Cross12|21: 783 288 117 46 24 9 4 1
158815|Child_Cross12|17: 799 299 124 46 24 9 4 1
158817|Child_Cross12|29: 783 283 108 46 24 9 4 1
158821|Child_Cross12|53: 781 283 108 46 24 9 4 1
158825|Child_Cross21|54: 780 279 108 46 24 9 4 1
158826|Child_Cross12|33: 780 287 108 46 24 9 4 1
158829|Child_Cross21|10: 792 295 119 46 24 9 4 1
158832|Child_Cross12|45: 780 273 108 46 24 9 4 1
158837|Child_Cross21|54: 785 281 108 46 24 9 4 1
158838|Child_CrossABC2|8: 787 279 108 46 24 9 4 1
158849|Child_Avg|39: 782 281 108 46 24 9 4 1
158850|Child_Cross21|34: 784 279 108 46 24 9 4 1
158855|Child_Cross21|6: 782 287 108 46 24 9 4 1
158858|Child_Cross21|54: 924 279 108 46 24 9 4 1
158888|Child_Avg|51: 793 281 111 46 24 9 4 1
158959|Survivor|1: 1004 348 135 49 21 10 4 1
158966|Child_Cross21|38: 894 317 124 49 21 10 4 1
158968|Child_Cross21|38: 935 315 123 47 21 10 4 1
158989|Survivor|1: 961 340 119 45 21 10 4 1
159040|Child_Cross12|33: 861 316 124 44 19 10 4 1
159055|Child_Cross12|29: 907 316 124 44 19 10 4 1
159079|Child_Cross12|5|Mutated: 854 316 124 44 19 10 4 1
159087|Child_Cross21|22: 869 335 124 44 19 10 4 1
159098|Child_Cross21|50: 870 327 124 44 19 10 4 1
159162|Child_Cross12|17: 773 274 103 43 19 10 4 1
159164|Survivor|1: 774 274 103 43 19 10 4 1
159177|Survivor|1: 784 281 106 41 19 10 4 1
159258|Child_CrossABC1|1: 921 306 139 49 24 9 4 1
159265|Survivor|1: 847 261 113 45 21 10 4 1
159369|Child_CrossABC2|8: 820 281 115 44 19 10 4 1
159382|Survivor|1: 834 286 121 43 20 9 4 1
159544|Survivor|1: 942 279 114 46 20 9 4 1
159646|Child_Avg|35: 903 262 107 60 21 10 4 1
159657|Survivor|1|Mutated: 1097 330 122 47 23 10 4 1
159687|Survivor|1: 889 273 113 54 20 9 4 1
159769|Child_Avg|47: 924 339 114 58 24 9 4 1
159776|Child_LevyP1|3|Mutated: 861 333 118 57 23 10 4 1
159777|Child_Cross12|49: 791 310 122 54 23 10 4 1
159783|Survivor|1: 879 321 129 52 24 9 4 1
159788|Survivor|1: 911 324 129 55 24 9 4 1
159790|Child_Avg|11: 917 324 129 53 24 9 4 1
159804|Child_Avg|55: 867 323 124 46 24 9 4 1
159821|Child_CrossABC1|7: 916 329 124 46 24 9 4 1
159826|Survivor|1: 856 314 123 59 24 9 4 1
159839|Survivor|1: 855 313 123 55 24 9 4 1
159931|Survivor|1: 1226 319 105 58 24 9 4 1
159989|Survivor|1: 901 288 105 49 24 9 4 1
160125|Survivor|1: 787 288 106 50 21 10 4 1
160402|Survivor|1: 789 296 108 43 19 10 4 1
160522|Survivor|1: 780 273 109 44 24 9 4 1
160546|Child_Avg|47: 790 293 123 46 24 9 4 1
160622|Survivor|1: 1081 315 123 47 21 10 4 1
160657|Survivor|1: 881 261 111 43 20 9 4 1
160716|Child_Cross21|2: 834 285 112 43 19 10 4 1
160746|Child_Cross21|18: 834 244 106 41 19 10 4 1
160843|Survivor|1: 761 271 117 49 24 9 4 1
160851|Child_CrossABC2|2: 841 274 118 49 24 9 4 1
160853|Child_CrossABC2|2: 732 273 118 49 24 9 4 1
160854|Child_CrossABC2|8: 774 274 118 49 24 9 4 1
160859|Survivor|1: 772 274 118 49 24 9 4 1
160935|Survivor|1: 892 309 107 43 20 9 4 1
160998|Child_CrossABC1|1: 729 270 107 43 20 9 4 1
161035|Survivor|1: 693 272 103 48 20 9 4 1
161407|Child_Levy|4: 909 318 123 47 21 10 4 1
161415|Survivor|1: 894 316 133 47 23 10 4 1
161444|Survivor|1: 808 278 118 43 24 9 4 1
161737|Survivor|1: 800 311 128 43 20 9 4 1
161745|Child_Cross21|50: 771 280 122 47 23 10 4 1
161781|Survivor|1: 803 286 116 43 20 9 4 1
161789|Child_Cross21|58: 795 286 116 43 20 9 4 1
161807|Survivor|1: 737 295 110 43 20 9 4 1
161816|Child_CrossABC2|8: 764 278 110 43 20 9 4 1
161826|Child_CrossABC2|2: 778 278 110 43 20 9 4 1
161937|Survivor|1: 743 277 103 48 20 9 4 1
162007|Survivor|1: 835 241 108 51 23 10 4 1
162011|Survivor|1: 824 242 108 51 23 10 4 1
162027|Survivor|1: 871 300 113 48 23 10 4 1
162031|Survivor|1: 908 284 112 45 21 10 4 1
162051|Survivor|1: 907 285 113 45 21 10 4 1
162287|Survivor|1: 798 235 112 43 24 9 4 1
162304|Survivor|1: 814 249 99 43 20 9 4 1
162314|Survivor|1: 818 249 98 43 20 9 4 1
162405|Survivor|1: 803 247 105 50 24 9 4 1
162416|Survivor|1: 788 249 105 50 24 9 4 1
162713|Survivor|1: 812 305 110 48 21 10 4 1
162725|Survivor|1: 783 282 107 46 20 9 4 1
162737|Survivor|1: 871 262 107 46 20 9 4 1
162746|Survivor|1: 797 263 105 43 20 9 4 1
162981|Survivor|1: 969 394 138 53 24 9 4 1
163002|Child_Cross21|34: 896 300 123 47 21 10 4 1
163019|Child_Cross21|14: 800 291 114 46 20 9 4 1
163026|Survivor|1|Mutated: 731 278 110 43 20 9 4 1
163053|Survivor|1: 787 266 107 43 20 9 4 1
163110|Survivor|1: 916 349 135 58 24 9 4 1
163119|Survivor|1: 888 327 116 55 24 9 4 1
163121|Child_CrossABC1|1: 887 343 114 53 24 9 4 1
163137|Survivor|1: 886 285 113 46 24 9 4 1
163245|Child_Avg|43: 859 334 126 43 24 9 4 1
163301|Survivor|1: 869 323 126 43 24 9 4 1
163328|Child_Cross21|26: 815 265 127 43 24 9 4 1
163405|Survivor|1: 901 278 111 61 23 10 4 1
163430|Survivor|1: 824 262 113 46 24 9 4 1
163440|Child_Cross12|49: 817 260 118 44 23 10 4 1
163513|Child_Cross21|54: 877 307 122 46 24 9 4 1
163548|Child_Avg|27: 914 275 117 44 23 10 4 1
163564|Child_Cross12|37: 911 275 117 44 23 10 4 1
163565|Child_Cross21|18: 920 275 117 44 23 10 4 1
163582|Child_Cross12|49: 794 275 117 44 23 10 4 1
163588|Survivor|1: 788 275 117 44 23 10 4 1
163591|Child_Avg|55: 815 275 117 44 23 10 4 1
163605|Child_Cross12|53: 809 275 117 44 23 10 4 1
163608|Survivor|1: 791 275 117 44 23 10 4 1
163619|Child_Cross12|29: 894 275 117 44 23 10 4 1
163626|Child_CrossABC1|7: 792 275 117 44 23 10 4 1
163638|Child_Cross12|53: 771 275 117 44 23 10 4 1
163667|Child_Cross21|18: 780 275 117 44 23 10 4 1
163687|Child_Avg|43: 786 275 117 44 23 10 4 1
163691|Child_Cross12|33: 768 275 117 44 23 10 4 1
163704|Child_Cross21|54: 774 275 117 44 23 10 4 1
163708|Child_Cross12|9: 783 275 117 44 23 10 4 1
163721|Child_Cross21|14: 789 275 117 44 23 10 4 1
163727|Child_Cross12|21: 765 275 117 44 23 10 4 1
163986|Survivor|1: 749 309 123 50 19 10 4 1
164003|Child_Cross21|22: 793 286 123 50 19 10 4 1
164012|Survivor|1: 815 284 119 51 19 10 4 1
164060|Child_Avg|27: 773 281 118 41 19 10 4 1
164080|Child_Cross12|57: 774 284 118 41 19 10 4 1
164137|Survivor|1: 791 281 118 41 19 10 4 1
164181|Survivor|1: 788 305 114 58 24 9 4 1
164214|Survivor|1: 843 261 113 47 23 10 4 1
164257|Child_Cross21|58: 813 242 107 43 24 9 4 1
164322|Survivor|1|Mutated: 1120 333 147 50 24 9 4 1
164325|Survivor|1: 941 339 139 49 24 9 4 1
164346|Survivor|1: 1131 310 129 49 24 9 4 1
164357|Survivor|1: 1053 312 126 49 24 9 4 1
164427|Survivor|1: 813 281 113 43 20 9 4 1
164439|Survivor|1: 804 282 105 43 20 9 4 1
164653|Survivor|1: 801 273 114 49 24 9 4 1
164831|Child_CrossABC1|7: 763 272 118 43 24 9 4 1
164869|Survivor|1: 814 299 112 43 24 9 4 1
164943|Survivor|1: 805 286 128 43 20 9 4 1
165051|Child_Cross12|21: 825 321 113 48 23 10 4 1
165052|Child_LevyP2|4: 784 304 109 53 24 9 4 1
165062|Survivor|1: 820 286 113 46 24 9 4 1
165076|Survivor|1: 773 303 111 46 24 9 4 1
165118|Child_Cross12|33: 786 303 111 46 24 9 4 1
165120|Child_Cross12|37: 783 303 111 46 24 9 4 1
165124|Child_Avg|59: 797 303 111 46 24 9 4 1
165131|Child_Cross21|18: 791 303 111 46 24 9 4 1
165140|Child_Avg|55: 800 303 111 46 24 9 4 1
165150|Survivor|1: 816 303 111 52 24 9 4 1
165154|Child_Cross12|29: 805 303 108 46 24 9 4 1
165158|Child_Cross21|22: 781 303 111 46 24 9 4 1
165161|Child_Cross12|1: 800 303 108 46 24 9 4 1
165164|Child_Cross21|46: 794 303 108 46 24 9 4 1
165175|Child_Cross21|14: 789 303 108 46 24 9 4 1
165188|Child_Cross21|30: 786 303 108 46 24 9 4 1
165198|Child_CrossABC2|8: 779 295 108 46 24 9 4 1
165220|Child_Cross21|54: 771 297 108 46 24 9 4 1
165275|Child_Cross21|6: 774 283 108 46 24 9 4 1
165287|Child_Cross21|54: 768 297 108 46 24 9 4 1
165296|Child_Cross21|54: 773 297 108 46 24 9 4 1
165387|Survivor|1|Mutated: 795 254 109 47 23 10 4 1
165471|Survivor|1: 875 309 114 53 24 9 4 1
165476|Survivor|1: 921 278 118 49 24 9 4 1
165503|Survivor|1: 931 278 119 49 24 9 4 1
165513|Survivor|1: 929 274 119 49 24 9 4 1
165517|Child_CrossABC1|7: 935 275 121 52 24 9 4 1
165522|Survivor|1|Mutated: 926 275 117 49 24 9 4 1
165591|Survivor|1: 810 302 108 47 21 10 4 1
165613|Survivor|1|Mutated: 889 283 118 45 21 10 4 1
165634|Child_Cross21|2: 943 288 107 43 20 9 4 1
165645|Child_Cross12|49: 948 290 107 43 20 9 4 1
165652|Child_Cross12|17: 946 288 107 43 20 9 4 1
165655|Child_CrossABC1|7: 944 287 107 43 20 9 4 1
165660|Child_Cross21|46: 945 288 107 43 20 9 4 1
165661|Child_Avg|19: 940 287 107 43 20 9 4 1
165663|Child_Cross12|21: 940 290 107 43 20 9 4 1
165664|Child_Cross21|6|Mutated: 931 287 107 43 20 9 4 1
165665|Child_Cross12|29: 938 290 107 43 20 9 4 1
165668|Child_Cross12|21: 937 292 107 43 20 9 4 1
165670|Child_Cross12|13: 932 288 107 43 20 9 4 1
165695|Child_Avg|55: 913 288 107 43 20 9 4 1
165699|Child_Cross21|14: 914 288 107 43 20 9 4 1
165701|Child_Cross12|37: 923 288 107 43 20 9 4 1
165721|Child_Avg|31: 903 288 107 43 20 9 4 1
165733|Child_Cross12|41: 914 287 107 43 20 9 4 1
165734|Child_Cross12|29: 909 287 107 43 20 9 4 1
165737|Child_Cross21|14: 902 287 107 43 20 9 4 1
165738|Child_Cross21|42: 910 287 107 43 20 9 4 1
165739|Child_Cross21|58: 911 287 107 43 20 9 4 1
165759|Child_Avg|55: 907 287 107 43 20 9 4 1
165761|Child_Cross12|45: 909 290 107 43 20 9 4 1
165765|Child_CrossABC2|2: 907 290 107 43 20 9 4 1
165772|Child_Cross12|1: 912 288 107 43 20 9 4 1
165775|Child_Cross21|54: 912 286 107 43 20 9 4 1
165815|Child_CrossABC1|7: 809 286 107 43 20 9 4 1
165816|Child_Cross12|17: 809 290 107 43 20 9 4 1
165840|Child_Cross21|26: 794 248 107 43 20 9 4 1
165863|Survivor|1: 795 267 107 43 20 9 4 1
165872|Child_Cross12|49: 791 272 107 43 20 9 4 1
165882|Child_Cross21|38: 795 285 107 43 20 9 4 1
165886|Child_Cross21|34: 796 285 107 43 20 9 4 1
165898|Child_Cross21|38: 794 291 107 43 20 9 4 1
165904|Child_Cross12|9: 793 291 107 43 20 9 4 1
165912|Survivor|1: 772 291 107 43 20 9 4 1
165913|Child_CrossABC1|7: 755 290 107 43 20 9 4 1
166079|Survivor|1: 838 303 131 65 27 10 4 1
166090|Survivor|1: 784 292 108 49 24 9 4 1
166205|Survivor|1: 878 284 114 47 23 10 4 1
166297|Survivor|1: 904 295 109 49 24 9 4 1
166307|Child_Cross21|26: 798 288 105 49 24 9 4 1
166344|Child_Avg|35: 813 287 108 43 24 9 4 1
166353|Child_Cross12|5: 808 287 108 43 24 9 4 1
166357|Child_Avg|19: 793 287 108 43 24 9 4 1
166364|Child_Cross21|38: 800 287 108 43 24 9 4 1
166368|Child_Cross21|34: 794 287 108 43 24 9 4 1
166370|Child_Cross21|58: 801 287 108 43 24 9 4 1
166442|Survivor|1: 807 287 108 43 24 9 4 1
166512|Child_Cross21|46: 1102 324 117 49 24 9 4 1
166526|Survivor|1: 942 300 123 52 24 9 4 1
166527|Child_Cross12|13: 917 277 119 49 24 9 4 1
166629|Survivor|1: 1006 344 123 56 24 9 4 1
166657|Child_Cross21|54: 796 333 127 46 20 9 4 1
166712|Child_Cross12|21: 826 297 113 43 20 9 4 1
166713|Child_Avg|39: 828 287 113 43 20 9 4 1
166736|Survivor|1: 776 274 113 43 20 9 4 1
166765|Child_Cross12|41: 786 274 113 43 20 9 4 1
166775|Child_Cross21|6: 792 284 113 43 20 9 4 1
166787|Child_Cross21|6: 793 274 113 43 20 9 4 1
166802|Child_Cross21|26: 797 274 113 43 20 9 4 1
166892|Child_Cross12|21: 785 304 112 43 24 9 4 1
166918|Child_Avg|19: 782 299 112 43 24 9 4 1
166924|Child_Cross21|6: 786 299 112 43 24 9 4 1
167153|Survivor|1: 743 275 108 46 24 9 4 1
167486|Child_Avg|43: 1061 363 133 57 23 10 4 1
167497|Survivor|1: 1111 348 123 47 23 10 4 1
167508|Child_Cross21|34: 1127 334 136 47 23 10 4 1
167510|Child_Cross12|13: 1122 338 132 47 23 10 4 1
167513|Child_Avg|11: 1097 345 122 47 23 10 4 1
167514|Child_Avg|51: 1070 309 125 47 23 10 4 1
167515|Child_CrossABC2|8: 1134 343 135 47 23 10 4 1
167518|Child_Avg|35: 1077 325 125 47 23 10 4 1
167521|Child_Avg|55: 1099 341 125 47 23 10 4 1
167523|Child_Cross12|57: 1108 323 125 47 23 10 4 1
167525|Child_Cross21|10: 1093 355 125 47 23 10 4 1
167529|Child_Cross12|45: 1083 324 125 47 23 10 4 1
167530|Child_Cross21|38: 1097 340 125 47 23 10 4 1
167532|Child_Cross12|1: 1100 332 125 47 23 10 4 1
167539|Child_Cross21|54: 1092 332 125 47 23 10 4 1
167541|Child_Cross21|38: 1096 348 125 47 23 10 4 1
167545|Child_Avg|55: 1096 332 125 47 23 10 4 1
167561|Child_Cross12|1: 1103 332 125 47 23 10 4 1
167564|Child_Cross21|18: 1095 332 125 47 23 10 4 1
167567|Child_CrossABC2|2: 1094 332 125 47 23 10 4 1
167568|Child_CrossABC1|1: 1096 347 125 47 23 10 4 1
167572|Child_CrossABC1|7: 1111 333 125 47 23 10 4 1
167574|Child_Avg|55: 1104 332 125 47 23 10 4 1
167578|Child_Cross12|33: 1141 331 125 47 23 10 4 1
167579|Child_Avg|59: 1110 331 125 47 23 10 4 1
167581|Child_Cross21|18: 1114 331 125 47 23 10 4 1
167582|Child_Avg|27: 1108 332 125 47 23 10 4 1
167585|Child_Cross21|42: 1107 332 125 47 23 10 4 1
167588|Child_Cross12|57: 1115 332 125 47 23 10 4 1
167590|Child_Avg|55: 1129 331 125 47 23 10 4 1
167593|Child_Cross21|34: 1151 331 125 47 23 10 4 1
167595|Child_Cross12|45: 1145 332 125 47 23 10 4 1
167598|Child_Cross21|22: 1138 331 125 47 23 10 4 1
167600|Child_Cross21|46: 1126 332 125 47 23 10 4 1
167602|Child_Cross21|26: 1135 332 125 47 23 10 4 1
167604|Child_Cross21|54: 1120 331 125 47 23 10 4 1
167606|Child_Cross12|5: 1111 332 125 47 23 10 4 1
167609|Child_Avg|43: 1127 331 125 47 23 10 4 1
167612|Child_Cross12|9: 1200 331 125 47 23 10 4 1
167613|Child_Cross21|54: 1104 331 125 47 23 10 4 1
167615|Child_Cross21|38: 1123 332 125 47 23 10 4 1
167617|Child_Cross21|42: 1145 331 125 47 23 10 4 1
167621|Child_Cross21|26: 1122 331 125 47 23 10 4 1
167624|Child_Cross12|57: 1182 331 125 47 23 10 4 1
167625|Child_Cross21|34: 1156 331 125 47 23 10 4 1
167626|Child_Avg|51: 1191 331 125 47 23 10 4 1
167627|Child_Cross12|41: 1201 331 125 47 23 10 4 1
167628|Child_Avg|15: 1179 331 125 47 23 10 4 1
167630|Child_CrossABC2|8: 1204 331 125 47 23 10 4 1
167631|Child_Avg|15: 1161 331 125 47 23 10 4 1
167633|Child_Cross12|33: 1157 331 125 47 23 10 4 1
167634|Child_Avg|31: 1166 331 125 47 23 10 4 1
167637|Child_Cross12|5: 1148 331 125 47 23 10 4 1
167640|Child_Cross12|45: 1226 331 125 47 23 10 4 1
167642|Child_Cross21|50: 1207 331 125 47 23 10 4 1
167643|Child_Cross12|21: 1170 331 125 47 23 10 4 1
167645|Child_CrossABC1|1: 1185 331 125 47 23 10 4 1
167646|Child_Avg|19: 1187 331 125 47 23 10 4 1
167651|Child_Cross21|18: 1205 331 125 47 23 10 4 1
167653|Child_Cross12|41: 1198 331 125 47 23 10 4 1
167655|Child_Cross21|26: 1194 331 125 47 23 10 4 1
167658|Child_Cross21|50: 1197 331 125 47 23 10 4 1
167661|Child_Cross21|58: 1195 331 125 47 23 10 4 1
167667|Child_Cross12|53: 1188 331 125 47 23 10 4 1
167676|Child_Cross12|21: 1208 331 125 47 23 10 4 1
167678|Child_Cross12|5: 1192 331 125 47 23 10 4 1
167682|Child_Cross12|25: 1203 331 125 47 23 10 4 1
167702|Child_Levy|12: 1144 349 139 58 21 10 4 1
167703|Child_Cross21|30: 925 281 104 55 21 10 4 1
167709|Child_Cross12|25: 736 306 128 49 21 10 4 1
167721|Survivor|1: 918 279 114 46 20 9 4 1
167736|Survivor|1: 908 269 107 43 20 9 4 1
167744|Child_Avg|39: 897 269 107 43 20 9 4 1
167761|Child_Cross12|17: 876 269 107 43 20 9 4 1
167764|Child_Avg|35: 896 269 107 43 20 9 4 1
167772|Child_Cross21|42: 886 269 107 43 20 9 4 1
167773|Child_Avg|51: 888 269 107 43 20 9 4 1
167786|Child_Cross12|17: 835 269 107 43 20 9 4 1
167794|Child_Cross12|21: 891 269 107 43 20 9 4 1
167824|Child_Cross12|33: 897 272 107 43 20 9 4 1
167834|Child_Avg|7: 889 269 107 43 20 9 4 1
167842|Child_Cross21|42: 844 269 107 43 20 9 4 1
167850|Child_Cross12|5: 855 269 107 43 20 9 4 1
167854|Child_Cross21|58: 885 269 107 43 20 9 4 1
167859|Child_Cross21|34: 854 269 107 43 20 9 4 1
167866|Child_Cross21|50: 843 269 107 43 20 9 4 1
167870|Child_CrossABC2|2: 801 269 107 43 20 9 4 1
167889|Survivor|1: 802 290 107 43 20 9 4 1
167908|Child_Avg|11: 798 290 107 43 20 9 4 1
167916|Child_Cross21|34: 801 290 107 43 20 9 4 1
167948|Survivor|1: 778 290 107 43 20 9 4 1
168003|Child_CrossABC2|8: 736 290 107 43 20 9 4 1
168006|Child_CrossABC2|2: 819 290 107 43 20 9 4 1
168007|Child_CrossABC1|7: 906 290 107 43 20 9 4 1
168010|Child_CrossABC1|1: 756 290 107 43 20 9 4 1
168014|Child_Cross21|2: 757 290 107 43 20 9 4 1
168019|Child_CrossABC1|7: 744 290 107 43 20 9 4 1
168033|Child_CrossABC1|1: 781 290 107 43 20 9 4 1
168092|Survivor|1: 1010 346 132 51 19 10 4 1
168150|Survivor|1: 800 259 96 41 19 10 4 1
168205|Child_Cross12|9: 729 314 126 49 24 9 4 1
168207|Survivor|1: 1103 317 136 49 24 9 4 1
168317|Survivor|1: 810 325 124 46 24 9 4 1
168373|Child_Cross12|33: 829 315 118 43 24 9 4 1
168408|Child_Cross21|6: 819 318 118 43 24 9 4 1
168438|Survivor|1: 824 318 118 43 24 9 4 1
168529|Survivor|1: 795 284 104 55 24 9 4 1
168615|Child_Cross12|45: 915 294 123 47 21 10 4 1
168642|Survivor|1: 870 294 123 47 21 10 4 1
168664|Survivor|1: 828 285 112 45 21 10 4 1
168668|Survivor|1: 789 291 113 43 20 9 4 1
168674|Survivor|1: 809 289 108 43 20 9 4 1
168831|Survivor|1: 821 337 117 46 24 9 4 1
168956|Survivor|1: 899 315 138 56 24 9 4 1
168968|Child_Cross12|25|Mutated: 921 287 118 50 24 9 4 1
169005|Child_Avg|31: 1068 334 124 51 23 10 4 1
169014|Random|8: 800 268 117 70 21 10 4 1
169017|Child_Cross21|58: 790 353 135 58 23 10 4 1
169316|Child_Avg|55: 1284 400 129 52 24 9 4 1
169396|Survivor|1: 989 303 130 46 24 9 4 1
169419|Survivor|1: 832 302 117 44 23 10 4 1
169667|Child_CrossABC1|1: 874 316 127 52 24 9 4 1
169681|Survivor|1: 787 287 113 43 24 9 4 1
169730|Child_CrossABC1|1: 806 289 108 43 24 9 4 1
169732|Child_CrossABC2|2: 804 289 108 43 24 9 4 1
170098|Child_Avg|43: 924 368 123 55 24 9 4 1
170105|Survivor|1: 798 323 125 56 24 9 4 1
170114|Survivor|1: 853 318 126 47 24 9 4 1
170115|Survivor|1|Mutated: 853 318 126 55 24 9 4 1
170117|Survivor|1: 853 318 126 55 24 11 5 1
170121|Child_Avg|51: 842 318 125 47 23 10 4 1
170256|Survivor|1: 933 319 117 46 24 9 4 1
170346|Survivor|1: 773 241 106 51 19 10 4 1
170362|Survivor|1: 786 240 106 41 19 10 4 1
170406|Child_CrossABC2|8: 786 244 106 41 19 10 4 1
170438|Child_Cross12|41: 810 244 106 41 19 10 4 1
170455|Survivor|1: 793 244 106 41 19 10 4 1
170477|Survivor|1: 783 244 106 41 19 10 4 1
170519|Child_CrossABC1|7: 777 244 106 41 19 10 4 1
170529|Child_Cross21|14: 787 244 106 41 19 10 4 1
170610|Child_CrossABC2|8: 899 279 123 50 24 9 4 1
170621|Survivor|1: 919 286 117 49 24 9 4 1
170643|Child_CrossABC1|1: 893 292 118 49 24 9 4 1
170701|Survivor|1: 836 293 117 49 24 9 4 1
170706|Child_CrossABC1|1: 824 298 129 50 24 9 4 1
170890|Child_Cross12|1: 794 243 105 41 19 10 4 1
170958|Survivor|1: 774 257 113 45 21 10 4 1
171027|Survivor|1: 777 265 114 50 24 9 4 1
171036|Survivor|1: 777 265 114 49 24 9 4 1
171134|Survivor|1: 923 338 147 62 27 10 4 1
171149|Child_CrossABC2|2: 787 290 126 49 24 9 4 1
171244|Survivor|1: 1246 281 123 56 25 9 4 1
171263|Survivor|1: 1296 294 133 55 24 9 4 1
171266|Child_CrossABC2|8|Mutated: 902 279 131 56 24 9 4 1
171278|Child_CrossABC2|8: 959 273 113 55 24 9 4 1
171292|Survivor|1: 963 271 118 49 24 9 4 1
171302|Child_Cross12|25: 832 257 113 43 24 9 4 1
171373|Child_CrossABC2|2: 814 241 103 43 19 10 4 1
171374|Child_Avg|15|Mutated: 844 249 107 43 20 9 4 1
171389|Survivor|1: 812 247 107 43 20 9 4 1
171423|Survivor|1: 814 244 107 43 20 9 4 1
171473|Survivor|1: 1142 345 145 59 24 9 4 1
171477|Child_CrossABC2|8: 1139 334 145 59 24 9 4 1
171478|Child_CrossABC1|1: 1083 325 137 56 24 9 4 1
171625|Survivor|1: 807 313 121 52 20 9 4 1
171778|Survivor|1: 789 272 103 43 19 10 4 1
171963|Child_Cross12|33: 794 275 117 47 21 10 4 1
172054|Survivor|1: 792 259 112 45 21 10 4 1
172076|Survivor|1: 807 255 110 43 20 9 4 1
172134|Survivor|1: 765 286 105 48 23 10 4 1
172235|Survivor|1: 806 248 96 41 19 10 4 1
172308|Child_CrossABC1|1: 798 271 105 50 24 9 4 1
172352|Survivor|1: 806 271 113 48 23 10 4 1
172367|Survivor|1: 809 294 113 48 23 10 4 1
172393|Child_Cross12|9: 831 305 112 47 23 10 4 1
172397|Child_Cross12|9: 789 256 112 47 23 10 4 1
172398|Child_CrossABC2|2: 756 281 112 47 23 10 4 1
172403|Child_Cross12|13: 781 297 112 47 23 10 4 1
172404|Child_Cross12|49: 792 309 112 47 23 10 4 1
172406|Child_Cross12|5: 772 281 112 47 23 10 4 1
172408|Child_Cross21|38: 762 286 112 47 23 10 4 1
172413|Child_Cross21|22: 904 301 125 47 23 10 4 1
172418|Child_Cross21|18: 774 286 112 47 23 10 4 1
172424|Child_Cross21|30: 771 286 112 47 23 10 4 1
172429|Child_Cross12|33: 907 286 112 47 23 10 4 1
172460|Child_Avg|55: 795 279 110 47 23 10 4 1
172463|Survivor|1: 744 286 112 47 23 10 4 1
172470|Child_Cross21|46: 790 278 111 47 23 10 4 1
172480|Child_Cross21|42: 768 286 112 47 23 10 4 1
172496|Child_CrossABC2|2: 786 287 112 47 23 10 4 1
172511|Child_Avg|55: 803 286 112 47 23 10 4 1
172534|Survivor|1: 791 232 112 47 23 10 4 1
172618|Survivor|1: 909 271 126 55 24 11 5 1
172627|Child_Cross12|17: 794 299 118 50 24 9 4 1
172637|Child_CrossABC1|7|Mutated: 838 337 130 46 24 9 4 1
172678|Child_Cross12|25: 823 313 121 43 24 9 4 1
172689|Child_Cross12|29: 844 323 126 43 24 9 4 1
172691|Child_Avg|11: 912 323 126 43 24 9 4 1
172711|Child_Cross21|54: 860 323 126 43 24 9 4 1
172713|Child_Cross21|34: 915 323 126 43 24 9 4 1
172724|Survivor|1: 887 323 126 43 24 9 4 1
172742|Child_Cross21|26: 888 323 126 43 24 9 4 1
172757|Child_Avg|51: 896 323 126 43 24 9 4 1
172761|Child_Cross21|26: 866 323 126 43 24 9 4 1
172766|Child_Cross12|49: 884 323 126 43 24 9 4 1
172780|Child_Cross21|6: 856 323 126 43 24 9 4 1
172801|Child_Cross12|29: 847 323 126 43 24 9 4 1
173014|Child_Avg|43|Mutated: 817 280 113 46 24 9 4 1
173033|Child_Cross12|17: 805 296 118 43 24 9 4 1
173039|Child_Cross21|34: 810 296 118 43 24 9 4 1
173051|Child_Cross21|10: 806 299 118 43 24 9 4 1
173068|Child_Cross12|17: 804 299 118 43 24 9 4 1
173088|Child_Cross12|57: 800 291 118 43 24 9 4 1
173104|Child_CrossABC1|7: 790 291 118 43 24 9 4 1
173123|Child_CrossABC1|7: 779 291 118 43 24 9 4 1
173129|Child_Avg|59: 792 291 118 43 24 9 4 1
173145|Child_Cross21|26: 771 291 118 43 24 9 4 1
173153|Child_Avg|27: 789 291 118 43 24 9 4 1
173154|Child_Cross12|1: 784 291 118 43 24 9 4 1
173230|Child_CrossABC1|1: 781 291 118 43 24 9 4 1
173248|Survivor|1: 782 291 118 43 24 9 4 1
173375|Survivor|1: 874 261 125 47 24 9 4 1
173386|Survivor|1: 854 265 122 46 24 9 4 1
173395|Survivor|1: 815 295 117 46 24 9 4 1
173478|Survivor|1: 611 274 124 51 23 10 4 1
173496|Survivor|1: 778 275 106 46 24 9 4 1
173654|Child_Cross21|54: 753 279 127 45 21 10 4 1
173661|Survivor|1: 751 283 118 45 21 10 4 1
173669|Child_Cross21|26: 708 268 116 45 21 10 4 1
173679|Survivor|1: 741 288 118 49 21 10 4 1
173702|Child_Cross21|26: 758 283 117 44 23 10 4 1
173704|Child_Cross21|58: 753 279 117 44 23 10 4 1
173712|Child_Cross12|45: 759 279 117 44 23 10 4 1
173713|Child_CrossABC1|1|Mutated: 782 279 117 44 23 10 4 1
173715|Child_Cross12|49: 758 279 117 44 23 10 4 1
173728|Child_Cross12|17: 760 279 117 44 23 10 4 1
173731|Child_Cross12|45: 754 279 117 44 23 10 4 1
173734|Child_Cross21|34: 755 279 117 44 23 10 4 1
173737|Child_Avg|59: 757 279 117 44 23 10 4 1
173743|Child_Cross21|22|Mutated: 772 279 117 44 23 10 4 1
173749|Child_Avg|59: 803 279 117 44 23 10 4 1
173754|Child_Avg|15: 781 279 117 44 23 10 4 1
173760|Child_Avg|11: 783 279 117 44 23 10 4 1
173785|Child_Avg|19: 788 279 117 44 23 10 4 1
173797|Child_Cross21|10: 797 279 117 44 23 10 4 1
173798|Child_Avg|43: 801 279 117 44 23 10 4 1
173801|Child_Cross12|53: 787 279 117 44 23 10 4 1
173805|Child_Cross12|9: 804 279 117 44 23 10 4 1
173824|Child_Cross21|34: 798 279 117 44 23 10 4 1
173842|Child_Cross12|17: 796 279 117 44 23 10 4 1
173845|Child_Cross21|18: 773 279 117 44 23 10 4 1
173865|Child_Avg|31: 789 279 117 44 23 10 4 1
173880|Survivor|1: 786 279 117 44 23 10 4 1
173923|Child_CrossABC2|2|Mutated: 797 284 121 62 19 10 4 1
174172|Child_Cross21|42: 902 340 126 49 24 9 4 1
174189|Child_CrossABC1|1: 885 339 126 49 24 9 4 1
174191|Child_Avg|35: 896 338 126 49 24 9 4 1
174195|Child_Cross12|13: 894 338 126 49 24 9 4 1
174199|Child_CrossABC1|7: 897 338 126 49 24 9 4 1
174201|Child_Cross21|50: 902 337 126 49 24 9 4 1
174206|Child_Cross12|25: 894 337 126 49 24 9 4 1
174210|Child_Avg|11: 893 338 126 49 24 9 4 1
174212|Survivor|1: 896 337 126 49 24 9 4 1
174220|Child_Cross12|49: 903 337 126 49 24 9 4 1
174221|Child_Cross12|21: 901 338 126 49 24 9 4 1
174226|Child_Avg|35: 901 337 126 49 24 9 4 1
174232|Child_Cross12|53: 887 337 126 49 24 9 4 1
174233|Child_Avg|47: 895 337 126 49 24 9 4 1
174238|Child_Avg|3: 886 337 126 49 24 9 4 1
174239|Child_Cross21|14: 888 337 126 49 24 9 4 1
174244|Child_CrossABC1|1: 899 337 126 49 24 9 4 1
174245|Child_Avg|23: 890 338 126 49 24 9 4 1
174248|Child_Avg|3: 910 337 126 49 24 9 4 1
174259|Child_Avg|59: 914 337 126 49 24 9 4 1
174264|Child_Cross12|5: 1154 337 126 49 24 9 4 1
174268|Child_Cross12|41: 1131 337 126 49 24 9 4 1
174282|Survivor|1: 930 337 126 49 24 9 4 1
174296|Child_Cross21|30: 900 337 126 49 24 9 4 1
174298|Child_Cross12|21: 868 337 126 49 24 9 4 1
174321|Child_Cross21|50: 895 365 126 49 24 9 4 1
174348|Child_Cross12|41: 880 337 126 49 24 9 4 1
174362|Child_Cross21|6: 909 340 126 49 24 9 4 1
174371|Child_Cross12|21: 918 342 126 49 24 9 4 1
174377|Child_Cross12|5: 916 339 126 49 24 9 4 1
174382|Child_Cross12|21: 884 337 126 49 24 9 4 1
174400|Child_Cross21|22: 904 290 126 49 24 9 4 1
174402|Child_Cross21|10: 944 337 126 49 24 9 4 1
174417|Child_CrossABC1|1: 912 318 126 49 24 9 4 1
174441|Child_Avg|51: 945 337 126 49 24 9 4 1
174455|Child_Avg|7: 908 318 126 49 24 9 4 1
174462|Child_Cross21|2: 855 337 126 49 24 9 4 1
174466|Child_Cross12|57: 937 337 126 49 24 9 4 1
174478|Child_CrossABC1|7: 858 337 126 49 24 9 4 1
174481|Child_CrossABC2|8: 863 337 126 49 24 9 4 1
174485|Child_Avg|15: 867 337 126 49 24 9 4 1
174487|Child_Cross12|21: 876 337 126 49 24 9 4 1
174495|Child_Cross21|6: 889 337 126 49 24 9 4 1
174698|Survivor|1: 848 329 135 56 25 9 4 1
174700|Child_Cross21|26: 859 335 127 53 24 9 4 1
174703|Child_Cross21|30: 796 310 117 49 24 9 4 1
174707|Child_CrossABC1|7: 790 300 115 49 24 9 4 1
174708|Child_CrossABC1|7: 814 298 118 49 24 9 4 1
174713|Child_Avg|19: 796 297 118 49 24 9 4 1
174720|Child_Cross21|10: 796 292 117 49 24 9 4 1
174725|Child_Cross21|14: 791 298 118 49 24 9 4 1
174728|Child_Cross12|37: 792 299 117 49 24 9 4 1
174732|Child_Avg|59: 793 296 117 49 24 9 4 1
174734|Child_Avg|3: 791 275 117 49 24 9 4 1
174747|Child_Cross21|58: 792 297 118 49 24 9 4 1
174754|Child_Cross12|37: 792 296 117 49 24 9 4 1
174765|Child_CrossABC2|8: 792 300 117 49 24 9 4 1
174788|Child_Cross12|21: 744 299 117 49 24 9 4 1
174794|Child_Cross12|37: 746 295 117 49 24 9 4 1
174795|Child_Cross12|5: 781 299 117 49 24 9 4 1
174797|Child_Cross12|13: 771 299 117 49 24 9 4 1
174798|Child_Cross21|38: 836 299 117 49 24 9 4 1
174799|Child_Avg|15: 787 299 117 49 24 9 4 1
174802|Child_Cross21|58: 776 299 117 49 24 9 4 1
174814|Survivor|1: 818 285 123 51 19 10 4 1
174824|Survivor|1: 772 289 117 46 24 9 4 1
174874|Child_CrossABC1|7: 858 242 116 49 24 9 4 1
175014|Survivor|1: 815 295 139 57 23 10 4 1
175023|Survivor|1: 886 277 123 52 24 9 4 1
175025|Child_CrossABC1|7: 889 272 129 52 24 9 4 1
175028|Survivor|1: 895 280 114 53 24 9 4 1
175038|Child_Levy|8: 919 267 116 49 24 9 4 1
175081|Child_Cross12|49: 1192 334 118 43 24 9 4 1
175219|Child_CrossABC2|2: 898 250 115 49 24 9 4 1
175227|Child_CrossABC1|1: 905 267 116 49 24 9 4 1
175250|Child_CrossABC1|7: 850 253 106 45 21 10 4 1
175257|Survivor|1: 794 256 103 49 21 10 4 1
175409|Child_Cross21|54: 814 259 102 43 24 9 4 1
175416|Child_Cross12|37: 815 254 102 43 24 9 4 1
175428|Child_Cross12|41: 799 259 102 43 24 9 4 1
175447|Survivor|1: 811 254 102 43 24 9 4 1
175512|Child_CrossABC1|7: 971 297 113 55 24 9 4 1
175590|Survivor|1: 930 409 159 62 24 9 4 1
175597|Child_CrossABC2|8: 890 331 154 55 24 9 4 1
175605|Child_Cross21|30: 827 313 134 50 24 9 4 1
175607|Child_CrossABC1|1: 833 313 134 50 24 9 4 1
175627|Child_Levy|28: 919 323 118 43 24 9 4 1
175703|Survivor|1: 799 298 135 52 29 9 4 1
175914|Survivor|1: 1127 317 125 52 24 9 4 1
175923|Survivor|1: 1127 318 125 52 24 9 4 1
175928|Child_Cross21|2: 1166 319 126 49 24 9 4 1
175960|Survivor|1: 933 282 126 51 23 10 4 1
175971|Child_CrossABC2|2: 872 267 119 54 23 10 4 1
175997|Survivor|1: 889 279 123 47 23 10 4 1
176010|Child_CrossABC1|1: 911 279 122 47 23 10 4 1
176088|Survivor|1: 826 281 119 48 21 10 4 1
176091|Child_CrossABC2|2: 822 282 124 49 21 10 4 1
176102|Survivor|1: 823 284 103 43 19 10 4 1
176179|Survivor|1: 1069 379 140 50 24 9 4 1
176183|Child_CrossABC2|2: 886 332 125 52 24 9 4 1
176196|Survivor|1: 915 319 124 46 24 9 4 1
176481|Child_CrossABC2|8: 956 303 108 46 24 9 4 1
176690|Survivor|1: 830 266 111 47 24 9 4 1
176759|Survivor|1: 793 237 108 46 24 9 4 1
176793|Survivor|1: 813 292 118 48 23 10 4 1
176801|Child_Levy|8: 789 295 111 47 23 10 4 1
176810|Survivor|1: 781 295 119 46 24 9 4 1
176880|Survivor|1: 794 305 118 47 21 10 4 1
176889|Survivor|1: 816 273 116 46 20 9 4 1
176999|Survivor|1: 965 282 121 52 24 9 4 1
177087|Survivor|1: 818 309 130 46 24 9 4 1
177272|Survivor|1: 926 284 103 43 24 9 4 1
177434|Child_Cross12|53: 770 270 118 43 24 9 4 1
177452|Child_Cross12|25: 745 275 118 43 24 9 4 1
177466|Child_Cross21|18: 779 272 118 43 24 9 4 1
177527|Survivor|1: 788 275 118 43 24 9 4 1
177534|Child_Cross21|22: 780 275 118 43 24 9 4 1
177535|Child_Cross21|18: 780 291 118 43 24 9 4 1
177536|Child_Cross12|49: 780 283 118 43 24 9 4 1
177631|Child_CrossABC1|7: 751 272 112 41 19 10 4 1
177706|Survivor|1: 793 266 107 43 20 9 4 1
177716|Child_Cross12|37: 762 265 107 43 20 9 4 1
177726|Child_Cross12|9: 773 266 107 43 20 9 4 1
177730|Child_Cross21|46: 792 266 107 43 20 9 4 1
177788|Survivor|1: 795 291 116 49 24 9 4 1
177800|Survivor|1: 774 283 115 49 24 9 4 1
177840|Survivor|1: 816 292 108 49 24 9 4 1
177848|Survivor|1: 856 264 134 49 24 9 4 1
177894|Survivor|1: 792 247 107 43 20 9 4 1
177914|Child_CrossABC1|7: 796 249 108 43 20 9 4 1
177923|Survivor|1: 776 269 101 43 20 9 4 1
178037|Survivor|1: 1099 328 131 52 24 9 4 1
178057|Survivor|1: 829 259 113 46 24 9 4 1
178213|Child_Levy|48: 758 313 108 46 24 9 4 1
178275|Survivor|1: 799 287 113 43 20 9 4 1
178289|Child_CrossABC1|7: 776 287 113 43 20 9 4 1
178390|Survivor|1: 892 281 113 43 24 9 4 1
178491|Survivor|1: 1101 445 132 57 23 10 4 1
178511|Survivor|1: 922 299 122 47 23 10 4 1
178514|Child_Cross21|18|Mutated: 1044 299 122 47 23 10 4 1
178518|Survivor|1: 1276 299 122 47 23 10 4 1
178608|Survivor|1|Mutated: 787 267 107 43 20 9 4 1
178814|Survivor|1: 856 263 121 43 20 9 4 1
178855|Survivor|1: 1204 293 123 56 24 9 4 1
178864|Child_Cross21|30: 1224 272 117 52 24 9 4 1
178877|Child_Cross21|38: 1222 296 119 49 24 9 4 1
178878|Child_Cross21|42: 1212 297 119 49 24 9 4 1
178879|Child_Avg|11: 1220 292 117 49 24 9 4 1
178883|Child_CrossABC2|8: 822 298 118 49 24 9 4 1
178885|Child_Cross12|33: 1260 298 118 49 24 9 4 1
178889|Child_Cross21|14: 1259 298 118 49 24 9 4 1
178890|Child_Cross12|53: 1225 300 119 49 24 9 4 1
178892|Child_CrossABC1|1: 1244 298 118 49 24 9 4 1
178895|Child_Cross21|10: 1275 298 118 49 24 9 4 1
178896|Child_Cross12|25: 1269 298 118 49 24 9 4 1
178898|Child_Cross12|45: 1255 299 117 49 24 9 4 1
178903|Child_Cross21|42: 1271 298 118 49 24 9 4 1
178904|Child_Cross12|9: 1238 298 118 49 24 9 4 1
178909|Child_Cross21|46: 1246 298 118 49 24 9 4 1
178910|Child_Cross21|26: 1253 298 118 49 24 9 4 1
178911|Child_Avg|43: 1266 298 118 49 24 9 4 1
178917|Child_Avg|59: 1258 298 118 49 24 9 4 1
178920|Child_CrossABC2|2: 1263 298 118 49 24 9 4 1
178922|Child_Avg|31: 1249 298 118 49 24 9 4 1
178924|Child_Avg|11: 1250 298 118 49 24 9 4 1
178926|Child_Cross12|33: 1251 298 118 49 24 9 4 1
178946|Child_Cross12|37: 1252 298 118 49 24 9 4 1
178957|Child_Avg|47: 1243 298 118 49 24 9 4 1
178963|Child_Avg|47: 1272 298 118 49 24 9 4 1
178970|Child_Cross12|21: 1223 298 118 49 24 9 4 1
178971|Child_CrossABC2|2: 1240 298 118 49 24 9 4 1
178978|Child_Cross12|25: 1256 298 118 49 24 9 4 1
178979|Child_CrossABC2|2: 1273 298 118 49 24 9 4 1
179005|Child_Cross21|18: 1231 298 118 49 24 9 4 1
179007|Child_Cross21|50: 1237 298 118 49 24 9 4 1
179012|Child_Avg|27: 1227 298 118 49 24 9 4 1
179016|Child_Avg|19: 1236 298 118 49 24 9 4 1
179025|Child_Cross12|25: 1233 298 118 49 24 9 4 1
179038|Child_Cross21|26: 1217 298 118 49 24 9 4 1
179060|Child_Cross12|13: 1247 298 118 49 24 9 4 1
179070|Child_Cross21|18: 1226 298 118 49 24 9 4 1
179075|Child_Cross12|37: 1220 298 118 49 24 9 4 1
179082|Child_Cross21|58: 1245 298 118 49 24 9 4 1
179096|Child_Avg|31: 1230 298 118 49 24 9 4 1
179162|Child_CrossABC2|8: 1182 324 117 52 24 9 4 1
179165|Child_Avg|47: 1164 326 119 49 24 9 4 1
179232|Child_Avg|7: 900 316 129 52 24 9 4 1
179243|Survivor|1: 828 343 137 60 21 10 4 1
179529|Survivor|1: 780 259 108 50 24 9 4 1
179623|Survivor|1: 1105 329 122 46 24 9 4 1
179646|Survivor|1: 1056 329 124 46 24 9 4 1
179672|Child_Cross21|22: 1092 318 118 43 24 9 4 1
179695|Child_Avg|19: 1126 334 134 49 24 9 4 1
179735|Child_Cross21|6: 914 331 118 43 24 9 4 1
179786|Survivor|1: 799 294 108 43 24 9 4 1
179915|Survivor|1: 767 281 117 43 19 10 4 1
179932|Child_CrossABC1|1: 819 268 108 43 19 10 4 1
179948|Child_Cross12|1: 802 274 109 41 19 10 4 1
180056|Survivor|1: 834 263 127 53 24 9 4 1
180391|Survivor|1: 782 285 108 46 24 9 4 1
180400|Survivor|1: 835 267 108 46 24 9 4 1
180412|Survivor|1: 818 267 108 46 24 9 4 1
180544|Child_CrossABC2|8: 854 263 116 43 20 9 4 1
180623|Survivor|1: 811 263 116 43 20 9 4 1
180656|Child_Levy|56: 952 338 143 53 24 9 4 1
180697|Child_CrossABC1|7: 812 295 124 46 24 9 4 1
180799|Child_Levy|56|Mutated: 931 330 129 51 23 10 4 1
180830|Child_Cross21|22: 733 291 103 43 19 10 4 1
180866|Survivor|1: 934 310 117 49 24 9 4 1
181425|Child_Avg|39: 806 304 121 50 24 9 4 1
181452|Survivor|1: 806 304 123 50 24 9 4 1
181530|Survivor|1: 950 349 140 59 21 10 4 1
181563|Child_CrossABC1|1: 782 310 108 51 23 10 4 1
181581|Survivor|1: 828 253 108 43 19 10 4 1
181771|Survivor|1: 809 300 121 47 24 9 4 1
181794|Survivor|1: 792 280 113 46 24 9 4 1
181799|Child_CrossABC2|2: 795 279 116 50 24 9 4 1
181820|Survivor|1: 815 297 111 44 24 9 4 1
181822|Survivor|1: 814 287 119 53 24 9 4 1
181851|Survivor|1: 752 288 121 52 24 9 4 1
181858|Survivor|1: 827 287 125 52 24 9 4 1
181859|Child_Avg|23|Mutated: 783 292 117 49 24 9 4 1
181860|Child_CrossABC1|1: 779 291 118 50 24 9 4 1
181864|Survivor|1: 776 292 117 49 24 9 4 1
181871|Child_Cross21|38: 762 292 117 49 24 9 4 1
181877|Child_Cross12|57: 898 292 117 49 24 9 4 1
181882|Child_CrossABC1|7: 942 292 117 49 24 9 4 1
181884|Child_Cross21|14: 810 292 117 49 24 9 4 1
181890|Child_CrossABC2|8: 805 292 117 49 24 9 4 1
181892|Child_Cross12|37: 909 292 117 49 24 9 4 1
181894|Child_Avg|59: 900 291 116 49 24 9 4 1
181900|Child_Avg|43: 806 292 117 49 24 9 4 1
181906|Child_Cross21|26: 815 292 117 49 24 9 4 1
181910|Child_Cross12|29: 802 292 117 49 24 9 4 1
181928|Child_Cross12|25: 830 292 117 49 24 9 4 1
181931|Child_Avg|31: 811 292 117 49 24 9 4 1
181934|Child_Cross12|57: 776 289 126 49 24 9 4 1
181935|Child_Cross21|26: 928 292 117 49 24 9 4 1
181945|Child_Cross12|9: 813 292 117 49 24 9 4 1
181961|Child_Cross12|53: 802 295 117 49 24 9 4 1
181974|Child_Cross21|22: 795 292 117 49 24 9 4 1
181998|Survivor|1: 908 292 117 49 24 9 4 1
182087|Child_Cross12|21: 737 268 108 49 24 9 4 1
182099|Survivor|1: 766 279 108 46 24 9 4 1
182161|Child_Cross21|26: 842 268 118 49 24 9 4 1
182165|Child_Cross12|9: 860 267 117 49 24 9 4 1
182167|Child_Cross21|2: 904 268 118 49 24 9 4 1
182172|Child_Avg|47: 862 267 117 49 24 9 4 1
182176|Child_Cross12|41: 873 267 117 49 24 9 4 1
182180|Child_Avg|15: 863 267 117 49 24 9 4 1
182183|Child_Cross12|17: 857 266 117 49 24 9 4 1
182188|Child_Cross21|30: 878 267 117 49 24 9 4 1
182191|Survivor|1: 887 267 117 49 24 9 4 1
182192|Child_Cross12|21: 884 267 117 49 24 9 4 1
182193|Child_Cross21|10: 898 267 117 49 24 9 4 1
182199|Child_Cross21|2: 892 267 117 49 24 9 4 1
182205|Child_Avg|31: 879 267 117 49 24 9 4 1
182218|Child_Avg|47: 894 267 117 49 24 9 4 1
182220|Child_Cross21|6: 891 267 117 49 24 9 4 1
182239|Child_Avg|51: 875 267 117 49 24 9 4 1
182257|Survivor|1: 857 267 117 49 24 9 4 1
182258|Child_Cross21|10: 824 267 117 49 24 9 4 1
182259|Child_Cross21|22: 840 267 117 49 24 9 4 1
182265|Child_Cross21|10: 828 267 117 49 24 9 4 1
182270|Child_Cross21|54: 854 267 117 49 24 9 4 1
182275|Child_Cross12|45|Mutated: 832 267 117 49 24 9 4 1
182279|Child_Cross21|42: 849 267 117 49 24 9 4 1
182286|Child_Cross12|45: 838 299 117 49 24 9 4 1
182287|Child_Cross12|57: 830 267 117 49 24 9 4 1
182289|Child_CrossABC1|1: 844 267 117 49 24 9 4 1
182290|Child_CrossABC2|2: 837 267 117 49 24 9 4 1
182295|Child_Cross21|6: 835 267 117 49 24 9 4 1
182303|Child_Avg|11: 838 267 117 49 24 9 4 1
182304|Child_Cross21|6: 827 267 117 49 24 9 4 1
182311|Child_Cross12|57|Mutated: 829 267 117 49 24 9 4 1
182326|Child_Cross21|30: 843 267 117 49 24 9 4 1
182328|Child_Cross21|58: 870 267 117 49 24 9 4 1
182341|Child_CrossABC1|1: 846 267 117 49 24 9 4 1
182346|Child_Avg|31: 877 267 117 49 24 9 4 1
182348|Child_Cross12|53: 868 267 117 49 24 9 4 1
182350|Child_Avg|15: 859 267 117 49 24 9 4 1
182354|Child_Cross21|26: 856 267 117 49 24 9 4 1
182365|Child_Avg|11|Mutated: 811 267 117 49 24 9 4 1
182372|Child_CrossABC1|1: 821 267 117 49 24 9 4 1
182375|Child_Cross12|29: 826 267 117 49 24 9 4 1
182383|Child_Cross21|14: 805 267 117 49 24 9 4 1
182429|Child_CrossABC1|7: 815 254 113 43 24 9 4 1
182620|Survivor|1: 794 250 107 43 20 9 4 1
182633|Survivor|1: 778 246 107 45 19 10 4 1
182658|Child_CrossABC1|7: 800 243 96 41 19 10 4 1
182887|Survivor|1: 945 343 132 50 24 9 4 1
182913|Survivor|1: 801 325 121 47 24 9 4 1
182967|Survivor|1: 1205 421 175 67 24 9 4 1
183010|Child_Cross21|58|Mutated: 906 279 122 43 20 9 4 1
183031|Child_Cross12|13: 781 278 112 43 24 9 4 1
183038|Child_Cross21|14: 755 278 112 43 24 9 4 1
183044|Child_Cross21|58: 774 273 113 43 24 9 4 1
183049|Child_Cross21|46: 779 278 112 43 24 9 4 1
183067|Child_Cross21|30: 803 278 112 43 24 9 4 1
183068|Child_Avg|59: 801 278 112 43 24 9 4 1
183079|Child_Cross21|18: 790 278 112 43 24 9 4 1
183081|Child_Cross12|37: 798 278 112 43 24 9 4 1
183093|Child_Avg|23: 792 278 112 43 24 9 4 1
183114|Survivor|1: 788 278 112 43 24 9 4 1
183147|Child_CrossABC1|7: 752 275 118 43 24 9 4 1
183197|Survivor|1: 833 263 108 53 24 9 4 1
183214|Child_Avg|43: 788 295 105 49 24 9 4 1
183273|Survivor|1: 801 278 110 46 21 10 4 1
183311|Survivor|1: 794 263 113 44 24 9 4 1
183407|Child_Avg|11: 776 290 114 53 24 9 4 1
183420|Survivor|1: 846 275 117 49 24 9 4 1
183450|Child_Avg|19: 1330 369 149 59 27 10 4 1
183476|Survivor|1: 905 275 118 43 20 9 4 1
183642|Survivor|1: 846 326 117 49 21 10 4 1
183647|Child_Cross21|26: 899 322 114 49 21 10 4 1
183732|Survivor|1: 1063 285 113 49 21 10 4 1
183749|Survivor|1: 1034 309 118 49 21 10 4 1
183794|Child_Cross21|26: 849 246 102 43 24 9 4 1
183983|Survivor|1: 797 281 102 43 20 9 4 1
184072|Survivor|1: 803 235 110 43 20 9 4 1
184225|Survivor|1: 1201 367 148 63 29 10 4 1
184241|Survivor|1: 1241 369 143 61 29 9 4 1
184255|Child_Cross21|14: 1110 337 134 55 29 9 4 1
184272|Child_Cross21|50: 930 289 108 46 24 9 4 1
184301|Child_Avg|15: 920 279 108 46 24 9 4 1
184352|Child_LevyABC1|5: 942 291 138 61 24 9 4 1
184359|Survivor|1: 899 264 118 57 23 10 4 1
184373|Survivor|1: 951 307 134 58 24 11 5 1
184384|Survivor|1: 845 263 109 46 20 9 4 1
184578|Survivor|1: 832 294 113 48 23 10 4 1
184597|Survivor|1: 850 277 109 54 23 10 4 1
184609|Survivor|1: 750 272 110 47 23 10 4 1
184634|Child_CrossABC1|1: 745 276 112 57 23 10 4 1
184649|Survivor|1|Mutated: 1149 335 133 49 24 9 4 1
184738|Survivor|1: 810 291 109 47 23 10 4 1
184739|Child_Cross12|37: 865 308 109 47 23 10 4 1
184743|Child_CrossABC2|8: 805 304 112 47 23 10 4 1
184748|Child_Avg|59: 834 304 112 47 23 10 4 1
184752|Child_Avg|39: 817 303 112 47 23 10 4 1
184763|Child_Cross21|26: 824 303 112 47 23 10 4 1
184765|Child_Cross12|45: 836 303 112 47 23 10 4 1
184766|Child_Cross12|41: 820 303 112 47 23 10 4 1
184774|Child_Cross21|10: 810 303 112 47 23 10 4 1
184775|Child_Cross12|57: 799 303 112 47 23 10 4 1
184777|Child_Cross21|30: 825 303 112 47 23 10 4 1
184778|Child_Cross21|46: 818 303 112 47 23 10 4 1
184783|Child_Cross21|38: 828 303 112 47 23 10 4 1
184784|Child_Avg|3: 823 303 112 47 23 10 4 1
184804|Child_Cross21|38: 803 303 112 47 23 10 4 1
184811|Child_CrossABC1|7: 806 304 112 47 23 10 4 1
184813|Child_Cross12|37: 809 303 112 47 23 10 4 1
184834|Survivor|1: 805 303 112 47 23 10 4 1
184835|Child_Cross21|46: 795 303 112 47 23 10 4 1
184843|Child_Cross21|42: 785 303 112 47 23 10 4 1
184845|Child_Avg|11: 794 297 112 47 23 10 4 1
184847|Child_Avg|7: 792 303 112 47 23 10 4 1
184854|Child_Cross21|10: 794 291 112 47 23 10 4 1
184856|Child_Cross12|45: 804 303 112 47 23 10 4 1
184858|Child_CrossABC1|7: 781 303 112 47 23 10 4 1
184874|Child_Cross12|25: 790 303 112 47 23 10 4 1
184883|Child_Avg|7: 796 303 112 47 23 10 4 1
184894|Child_Avg|3: 775 303 112 47 23 10 4 1
184906|Child_Cross12|17: 860 303 112 47 23 10 4 1
184911|Child_Cross12|17: 789 303 112 47 23 10 4 1
184927|Child_Avg|55: 814 303 112 47 23 10 4 1
184929|Child_Avg|51: 806 303 112 47 23 10 4 1
184942|Child_Cross21|50: 807 304 112 47 23 10 4 1
184978|Survivor|1: 808 303 112 47 23 10 4 1
185079|Child_Levy|40: 796 287 108 46 24 9 4 1
185128|Survivor|1: 775 293 108 43 24 9 4 1
185216|Child_CrossABC2|8: 825 304 124 65 27 10 4 1
185365|Child_Cross21|58: 1189 342 129 49 24 9 4 1
185384|Child_CrossABC2|2: 1225 349 129 52 24 9 4 1
185413|Child_Cross21|54: 783 309 114 47 23 10 4 1
185415|Child_Cross21|58: 771 296 126 47 23 10 4 1
185420|Child_Cross21|22: 747 284 125 47 23 10 4 1
185507|Survivor|1: 1108 344 126 49 24 9 4 1
185517|Child_Levy|28: 1197 323 117 58 24 9 4 1
185523|Survivor|1: 894 319 122 53 24 9 4 1
185547|Child_CrossABC2|2: 893 288 129 55 24 9 4 1
185556|Child_Avg|59: 898 288 129 55 24 9 4 1
185557|Child_CrossABC2|8: 905 288 129 55 24 9 4 1
185558|Child_CrossABC1|7: 899 288 129 55 24 9 4 1
185566|Survivor|1: 908 286 129 55 24 9 4 1
185569|Survivor|1: 841 272 126 59 24 9 4 1
185608|Survivor|1: 842 307 117 53 24 9 4 1
185694|Child_CrossABC2|8: 908 271 117 46 24 9 4 1
185720|Survivor|1: 753 275 112 43 24 9 4 1
186011|Child_Avg|7: 1245 321 134 52 24 9 4 1
186019|Survivor|1|Mutated: 807 322 115 55 24 9 4 1
186025|Survivor|1: 805 319 114 55 24 9 4 1
186026|Child_CrossABC1|7: 783 317 114 53 24 9 4 1
186041|Survivor|1: 774 316 114 55 24 9 4 1
186059|Child_CrossABC2|8: 786 249 114 49 24 9 4 1
186095|Survivor|1|Mutated: 804 280 111 52 24 9 4 1
186337|Survivor|1: 745 283 105 44 24 9 4 1
186378|Child_Cross12|49: 898 282 107 43 24 9 4 1
186388|Child_Cross12|25: 821 262 118 43 24 9 4 1
186392|Child_Cross12|37: 817 262 118 43 24 9 4 1
186431|Survivor|1: 864 306 113 49 21 10 4 1
186441|Survivor|1|Mutated: 851 279 112 47 23 10 4 1
186572|Child_Cross12|17: 851 249 107 43 20 9 4 1
186576|Survivor|1: 845 249 107 43 20 9 4 1
186579|Child_Cross12|33: 784 245 107 43 20 9 4 1
186585|Child_Cross12|49: 843 249 107 43 20 9 4 1
186589|Child_Cross12|21: 821 249 107 43 20 9 4 1
186592|Child_Cross12|5: 828 249 107 43 20 9 4 1
186593|Child_Avg|59: 830 247 107 43 20 9 4 1
186599|Child_Cross12|21: 810 247 107 43 20 9 4 1
186613|Child_Cross21|18: 823 248 107 43 20 9 4 1
186622|Child_Cross21|26: 819 247 107 43 20 9 4 1
186630|Child_Avg|27: 822 247 107 43 20 9 4 1
186639|Child_Cross21|42: 811 247 107 43 20 9 4 1
186645|Child_Cross21|38: 809 247 107 43 20 9 4 1
186649|Child_Cross12|17: 821 247 107 43 20 9 4 1
186651|Child_Cross12|45: 798 247 107 43 20 9 4 1
186652|Child_Cross21|46: 799 247 107 43 20 9 4 1
186656|Survivor|1: 789 247 107 43 20 9 4 1
186695|Child_Cross21|6: 782 266 107 43 20 9 4 1
186697|Child_Cross12|57: 788 247 107 43 20 9 4 1
186719|Child_Avg|47: 797 247 107 43 20 9 4 1
186731|Child_Avg|39: 793 245 107 43 20 9 4 1
186767|Survivor|1: 792 245 107 43 20 9 4 1
186778|Survivor|1: 785 245 107 43 20 9 4 1
186800|Survivor|1: 794 242 107 46 20 9 4 1
186858|Survivor|1: 798 242 107 46 20 9 4 1
186907|Survivor|1: 800 242 106 41 20 9 4 1
187140|Survivor|1: 915 291 116 45 21 10 4 1
187164|Child_CrossABC1|7: 849 270 107 43 20 9 4 1
187165|Child_CrossABC2|2: 818 250 107 43 20 9 4 1
187217|Survivor|1: 986 342 126 49 24 9 4 1
187284|Survivor|1: 889 305 108 46 24 9 4 1
187327|Survivor|1: 940 279 113 49 21 10 4 1
187355|Survivor|1: 901 263 103 45 21 10 4 1
187369|Survivor|1: 891 252 101 48 20 9 4 1
187431|Child_Cross12|45: 823 249 107 43 20 9 4 1
187453|Child_Cross21|6: 812 244 107 43 20 9 4 1
187457|Child_Cross21|22: 807 249 107 43 20 9 4 1
187464|Child_Avg|35: 806 248 107 43 20 9 4 1
187466|Child_Avg|23: 793 249 107 43 20 9 4 1
187467|Child_CrossABC2|8: 792 249 107 43 20 9 4 1
187476|Child_Cross21|6: 815 249 107 43 20 9 4 1
187485|Child_Avg|19: 802 249 107 43 20 9 4 1
187503|Child_Cross12|13: 820 247 107 43 20 9 4 1
187607|Child_CrossABC2|8|Mutated: 1116 343 123 56 24 9 4 1
187712|Child_LevyP2|10: 854 259 108 46 20 9 4 1
187880|Survivor|1: 1106 357 116 55 24 9 4 1
187891|Child_Cross12|37: 887 275 113 46 20 9 4 1
187910|Child_Cross12|41: 908 312 107 43 20 9 4 1
188082|Child_Cross21|54: 796 287 104 49 21 10 4 1
188092|Child_Cross21|10: 779 304 112 47 23 10 4 1
188100|Survivor|1: 748 279 112 47 23 10 4 1
188105|Child_Cross21|54: 816 286 112 47 23 10 4 1
188107|Child_Avg|15: 757 286 112 47 23 10 4 1
188112|Survivor|1: 754 287 112 47 23 10 4 1
188117|Child_Avg|47: 809 286 112 47 23 10 4 1
188119|Child_Avg|59: 812 286 112 47 23 10 4 1
188125|Child_Cross12|41: 795 286 112 47 23 10 4 1
188131|Child_Avg|27: 804 286 112 47 23 10 4 1
188142|Child_Cross21|58: 792 286 112 47 23 10 4 1
188143|Child_Avg|47: 807 286 112 47 23 10 4 1
188158|Child_Avg|59: 783 304 112 47 23 10 4 1
188159|Child_Cross12|53: 790 286 112 47 23 10 4 1
188161|Child_Cross21|58: 800 286 112 47 23 10 4 1
188190|Survivor|1: 764 285 112 47 23 10 4 1
188255|Survivor|1: 807 263 102 47 23 10 4 1
188423|Survivor|1: 821 244 109 41 19 10 4 1
188443|Child_Cross12|25: 818 255 109 41 19 10 4 1
188466|Survivor|1: 809 285 109 41 19 10 4 1
188480|Survivor|1: 812 274 109 41 19 10 4 1
188490|Child_Cross21|34: 805 263 109 41 19 10 4 1
188604|Child_Avg|15|Mutated: 1216 316 133 55 24 9 4 1
188664|Survivor|1|Mutated: 754 271 115 44 19 10 4 1
188668|Survivor|1: 754 275 112 43 19 10 4 1
188871|Child_CrossABC2|2: 927 343 105 58 24 9 4 1
188884|Survivor|1: 888 319 118 50 24 9 4 1
188894|Child_CrossABC2|2: 919 332 123 53 24 9 4 1
188898|Child_CrossABC2|8: 912 335 122 53 24 9 4 1
188899|Child_CrossABC2|8: 941 330 135 52 24 9 4 1
188904|Survivor|1: 939 332 131 53 24 9 4 1
188916|Survivor|1: 800 277 122 52 24 9 4 1
189063|Survivor|1: 854 255 114 59 24 9 4 1
189085|Survivor|1: 861 255 123 59 24 9 4 1
189153|Survivor|1: 807 272 118 43 24 9 4 1
189341|Survivor|1: 801 251 113 43 24 9 4 1
189392|Survivor|1: 842 306 133 48 23 10 4 1
189402|Survivor|1: 821 311 126 47 23 10 4 1
189404|Child_Cross12|33: 818 300 125 47 23 10 4 1
189413|Child_CrossABC2|8: 821 308 123 47 23 10 4 1
189415|Child_CrossABC1|1: 820 308 123 47 23 10 4 1
189440|Child_CrossABC1|1: 826 316 125 47 23 10 4 1
189441|Child_Avg|7: 800 302 125 47 23 10 4 1
189443|Survivor|1: 793 306 122 47 23 10 4 1
189446|Child_Avg|59: 801 307 122 47 23 10 4 1
189447|Child_Cross21|6: 798 302 122 47 23 10 4 1
189453|Child_Avg|3: 797 304 122 47 23 10 4 1
189456|Child_Avg|11: 785 304 122 47 23 10 4 1
189460|Child_Cross12|25: 802 304 122 47 23 10 4 1
189461|Child_Cross21|2: 805 303 122 47 23 10 4 1
189465|Child_CrossABC2|8: 802 303 122 47 23 10 4 1
189466|Child_Cross21|2: 794 307 122 47 23 10 4 1
189471|Child_Cross12|57: 804 303 122 47 23 10 4 1
189472|Child_CrossABC2|2: 804 302 122 47 23 10 4 1
189473|Child_Cross21|38: 812 304 122 47 23 10 4 1
189474|Child_Cross12|49: 793 307 122 47 23 10 4 1
189475|Child_Cross21|46: 815 302 122 47 23 10 4 1
189479|Child_Cross12|25: 805 302 122 47 23 10 4 1
189480|Child_Cross21|18: 810 302 122 47 23 10 4 1
189481|Child_Cross12|9: 801 303 122 47 23 10 4 1
189482|Child_Avg|31: 807 303 122 47 23 10 4 1
189484|Child_Cross21|10: 802 302 122 47 23 10 4 1
189490|Child_Avg|19: 800 302 122 47 23 10 4 1
189496|Child_Cross12|9|Mutated: 808 304 122 47 23 10 4 1
189505|Child_Cross21|34: 806 302 122 47 23 10 4 1
189521|Child_Avg|7: 824 302 122 47 23 10 4 1
189529|Child_CrossABC1|7: 811 302 122 47 23 10 4 1
189539|Child_Cross21|14: 799 302 122 47 23 10 4 1
189540|Child_Cross21|26: 797 303 122 47 23 10 4 1
189546|Child_CrossABC2|2: 813 302 122 47 23 10 4 1
189551|Child_Cross12|5: 817 302 122 47 23 10 4 1
189693|Survivor|1: 894 297 133 49 24 9 4 1
189698|Survivor|1: 814 277 125 47 24 9 4 1
189715|Child_Avg|55: 818 275 124 46 24 9 4 1
189716|Child_Cross21|42: 821 271 123 46 24 9 4 1
189732|Child_Cross12|41: 821 277 124 46 24 9 4 1
189742|Child_Cross12|57: 887 323 124 46 24 9 4 1
189744|Child_Cross12|45: 827 277 124 46 24 9 4 1
189753|Child_Cross12|33: 790 277 124 46 24 9 4 1
189756|Child_Cross21|54: 812 277 124 46 24 9 4 1
189760|Child_Cross12|5: 779 277 124 46 24 9 4 1
189764|Child_Avg|19: 793 277 124 46 24 9 4 1
189771|Child_Avg|19: 792 277 124 46 24 9 4 1
189976|Survivor|1: 926 275 114 46 20 9 4 1
190032|Survivor|1: 842 269 111 48 20 9 4 1
190054|Survivor|1: 839 254 113 43 20 9 4 1
190061|Child_Cross12|41: 821 254 110 43 20 9 4 1
190062|Child_CrossABC2|2: 825 254 110 43 20 9 4 1
190069|Child_Cross21|46: 822 254 110 43 20 9 4 1
190086|Child_CrossABC1|1: 813 249 107 43 20 9 4 1
190104|Child_Cross12|5: 810 248 107 43 20 9 4 1
190106|Child_Cross12|17: 819 248 107 43 20 9 4 1
190164|Child_Cross21|34: 835 248 107 43 20 9 4 1
190168|Child_Avg|43: 807 248 107 43 20 9 4 1
190181|Child_Cross12|21: 791 247 107 43 20 9 4 1
190188|Child_Cross12|33: 822 248 107 43 20 9 4 1
190216|Child_Cross12|41: 833 247 107 43 20 9 4 1
190345|Survivor|1: 1082 364 150 67 23 10 4 1
190347|Survivor|1: 1026 309 131 64 24 9 4 1
190352|Child_Avg|31: 937 326 121 50 24 9 4 1
190365|Survivor|1: 916 285 113 46 24 9 4 1
190593|Child_Cross12|5|Mutated: 828 254 113 48 23 10 4 1
190594|Child_CrossABC1|1: 835 263 112 47 23 10 4 1
190698|Survivor|1: 960 351 126 55 24 9 4 1
190705|Child_CrossABC1|1: 951 344 145 55 24 9 4 1
190714|Survivor|1: 942 354 130 49 24 9 4 1
190724|Survivor|1: 908 348 131 49 24 9 4 1
190731|Child_CrossABC1|1: 954 338 134 53 24 9 4 1
190765|Survivor|1|Mutated: 919 275 118 43 24 9 4 1
190791|Child_CrossABC2|8: 906 280 121 47 24 9 4 1
190962|Child_CrossABC2|8: 917 336 126 61 24 9 4 1
191031|Survivor|1: 870 305 121 55 24 9 4 1
191124|Survivor|1: 781 272 110 43 20 9 4 1
191177|Survivor|1: 805 235 98 43 20 9 4 1
191840|Child_Avg|23: 1141 405 153 57 23 10 4 1
191859|Child_CrossABC2|8: 934 351 135 47 23 10 4 1
191860|Child_Cross21|46: 818 308 112 47 23 10 4 1
191869|Child_Avg|59: 946 355 125 47 23 10 4 1
191870|Child_Avg|15: 948 364 125 47 23 10 4 1
191871|Child_Cross21|18: 946 363 125 47 23 10 4 1
191872|Child_Avg|7: 951 363 125 47 23 10 4 1
191875|Child_Cross21|38: 935 363 125 47 23 10 4 1
191883|Child_Cross21|46: 944 364 125 47 23 10 4 1
191884|Child_CrossABC1|1: 946 364 125 47 23 10 4 1
191885|Child_Cross12|41: 943 355 125 47 23 10 4 1
191888|Child_Cross12|45: 943 363 125 47 23 10 4 1
191891|Child_Cross12|17: 936 371 125 47 23 10 4 1
191893|Child_CrossABC2|8: 941 355 125 47 23 10 4 1
191894|Child_Cross12|25: 947 363 125 47 23 10 4 1
191895|Child_Cross21|34: 897 348 125 47 23 10 4 1
191896|Child_Avg|11: 922 355 125 47 23 10 4 1
191898|Child_Avg|39: 919 355 125 47 23 10 4 1
191899|Child_Cross12|41: 939 363 125 47 23 10 4 1
191902|Child_Cross12|1: 896 355 125 47 23 10 4 1
191906|Child_Cross21|38|Mutated: 892 347 125 47 23 10 4 1
191907|Child_Avg|47: 915 355 125 47 23 10 4 1
191908|Child_Cross12|17: 927 339 125 47 23 10 4 1
191909|Child_Avg|7: 899 355 125 47 23 10 4 1
191910|Child_Cross12|1: 872 331 125 47 23 10 4 1
191912|Child_Cross12|37: 880 339 125 47 23 10 4 1
191914|Child_Cross12|1: 871 347 125 47 23 10 4 1
191916|Child_Avg|11: 911 355 125 47 23 10 4 1
191921|Child_Avg|23: 879 339 125 47 23 10 4 1
191923|Child_Cross21|50: 908 347 125 47 23 10 4 1
191927|Child_Cross12|37: 883 339 125 47 23 10 4 1
191930|Child_Cross21|14: 878 340 125 47 23 10 4 1
191931|Child_Cross12|25: 910 339 125 47 23 10 4 1
191934|Child_Cross21|26: 916 339 125 47 23 10 4 1
191937|Child_Cross12|57: 894 339 125 47 23 10 4 1
191939|Child_Cross12|9: 884 339 125 47 23 10 4 1
191953|Child_Cross21|6: 889 339 125 47 23 10 4 1
191954|Child_Cross12|21: 869 339 125 47 23 10 4 1
191955|Child_Cross21|46: 888 339 125 47 23 10 4 1
191956|Child_Cross21|50: 873 339 125 47 23 10 4 1
191960|Child_CrossABC2|2: 905 339 125 47 23 10 4 1
191970|Child_Cross21|26: 877 339 125 47 23 10 4 1
191971|Child_Cross21|14: 864 339 125 47 23 10 4 1
191974|Child_Avg|51: 881 340 125 47 23 10 4 1
191978|Child_Cross12|45: 881 324 125 47 23 10 4 1
191981|Child_Cross12|53: 877 340 125 47 23 10 4 1
191984|Child_CrossABC2|8: 885 340 125 47 23 10 4 1
191989|Child_Cross12|5: 877 324 125 47 23 10 4 1
191994|Child_Avg|11: 909 323 125 47 23 10 4 1
191997|Child_Cross21|18: 913 340 125 47 23 10 4 1
191998|Child_Cross21|42: 869 324 125 47 23 10 4 1
191999|Child_Cross12|17: 912 341 125 47 23 10 4 1
192000|Child_Avg|7: 899 339 125 47 23 10 4 1
192011|Child_CrossABC2|2: 904 333 125 47 23 10 4 1
192012|Child_Cross12|37: 882 333 125 47 23 10 4 1
192013|Child_CrossABC2|8: 871 333 125 47 23 10 4 1
192017|Child_Cross21|54: 925 339 125 47 23 10 4 1
192018|Child_Avg|27: 888 331 125 47 23 10 4 1
192020|Child_Cross12|5: 895 331 125 47 23 10 4 1
192021|Child_Cross21|50: 898 331 125 47 23 10 4 1
192058|Child_CrossABC1|7: 845 340 125 47 23 10 4 1
192060|Child_CrossABC2|8: 846 332 125 47 23 10 4 1
192304|Survivor|1: 942 291 108 46 24 9 4 1
192308|Child_CrossABC1|7: 804 261 113 47 23 10 4 1
192375|Survivor|1: 901 333 133 49 24 9 4 1
192384|Child_CrossABC2|8: 786 307 133 49 24 9 4 1
192438|Child_Avg|23: 812 256 99 47 23 10 4 1
192508|Child_Avg|51: 727 260 122 47 23 10 4 1
192518|Child_Cross21|42: 724 261 125 47 23 10 4 1
192528|Child_Cross12|57: 848 261 125 47 23 10 4 1
192529|Child_Avg|31: 832 262 125 47 23 10 4 1
192531|Child_Avg|39: 844 261 125 47 23 10 4 1
192532|Child_Cross12|37: 835 262 125 47 23 10 4 1
192533|Child_Cross12|41: 817 261 125 47 23 10 4 1
192538|Child_Avg|11: 827 261 125 47 23 10 4 1
192541|Child_Cross21|22: 833 261 125 47 23 10 4 1
192543|Child_Cross21|22: 826 261 125 47 23 10 4 1
192546|Child_Cross12|37: 827 318 125 47 23 10 4 1
192547|Child_CrossABC1|1: 829 261 125 47 23 10 4 1
192548|Child_Cross21|26: 828 261 125 47 23 10 4 1
192554|Child_Cross12|25: 832 261 125 47 23 10 4 1
192564|Child_Cross12|13: 831 261 125 47 23 10 4 1
192568|Child_Avg|27: 905 284 125 47 23 10 4 1
192574|Survivor|1: 826 292 125 47 23 10 4 1
192576|Child_Cross21|34: 826 301 125 47 23 10 4 1
192578|Child_CrossABC1|1: 826 285 125 47 23 10 4 1
192581|Child_Cross21|30: 802 261 125 47 23 10 4 1
192583|Child_Cross12|41: 826 300 125 47 23 10 4 1
192584|Child_Cross12|5: 826 293 125 47 23 10 4 1
192589|Child_Cross12|25: 807 293 125 47 23 10 4 1
192590|Child_Cross21|34: 819 309 125 47 23 10 4 1
192595|Child_Cross12|45: 814 293 125 47 23 10 4 1
192597|Child_Cross12|5: 822 293 125 47 23 10 4 1
192599|Child_Cross21|30: 810 302 125 47 23 10 4 1
192600|Child_Cross12|57: 820 292 125 47 23 10 4 1
192601|Child_Cross21|22: 811 300 125 47 23 10 4 1
192605|Child_Avg|15: 820 300 125 47 23 10 4 1
192609|Child_Cross21|26: 817 300 125 47 23 10 4 1
192611|Child_Cross12|45: 819 293 125 47 23 10 4 1
192615|Child_Avg|11: 819 302 125 47 23 10 4 1
192617|Child_Cross12|57: 818 294 125 47 23 10 4 1
192619|Child_Cross21|26: 824 300 125 47 23 10 4 1
192622|Child_Avg|51: 819 301 125 47 23 10 4 1
192624|Child_Cross12|41|Mutated: 818 301 125 47 23 10 4 1
192629|Child_Cross12|1: 823 300 125 47 23 10 4 1
192634|Child_Cross21|10: 807 300 125 47 23 10 4 1
192635|Child_Cross12|25: 804 300 125 47 23 10 4 1
192637|Child_Cross12|1: 813 300 125 47 23 10 4 1
192642|Child_Cross12|57: 802 300 125 47 23 10 4 1
192643|Child_Avg|39: 796 300 125 47 23 10 4 1
192644|Child_Cross12|21: 814 300 125 47 23 10 4 1
192646|Child_Cross12|57: 829 300 125 47 23 10 4 1
192651|Child_Avg|51: 801 300 125 47 23 10 4 1
192655|Child_Cross12|17: 799 300 125 47 23 10 4 1
192658|Child_Cross12|37: 808 300 125 47 23 10 4 1
192663|Child_Cross21|30: 805 300 125 47 23 10 4 1
192665|Child_Avg|19: 812 300 125 47 23 10 4 1
192667|Child_Cross21|34: 798 300 125 47 23 10 4 1
192675|Child_Cross12|53: 810 300 125 47 23 10 4 1
192684|Child_Cross21|10: 815 300 125 47 23 10 4 1
192692|Child_Cross21|46: 811 325 125 47 23 10 4 1
192697|Child_Avg|35: 811 301 125 47 23 10 4 1
192701|Child_Cross12|49: 814 301 125 47 23 10 4 1
192709|Child_Avg|59: 812 309 125 47 23 10 4 1
192711|Child_Cross12|49: 783 294 125 47 23 10 4 1
192717|Child_CrossABC1|1|Mutated: 805 292 125 47 23 10 4 1
192718|Child_Cross21|6: 811 293 125 47 23 10 4 1
192723|Child_Cross12|53: 791 308 125 47 23 10 4 1
192739|Child_Cross12|45: 833 300 125 47 23 10 4 1
192741|Child_Avg|7: 786 300 125 47 23 10 4 1
192744|Child_Avg|11: 792 300 125 47 23 10 4 1
192759|Child_Avg|51: 827 300 125 47 23 10 4 1
193013|Survivor|1: 1212 319 134 53 24 9 4 1
193040|Survivor|1: 938 296 118 43 24 9 4 1
193070|Child_Cross21|14: 923 299 118 43 24 9 4 1
193101|Child_Cross12|53: 928 296 118 43 24 9 4 1
193140|Survivor|1: 933 293 124 46 24 9 4 1
193153|Survivor|1: 778 281 125 44 23 10 4 1
193210|Survivor|1: 859 316 109 47 23 10 4 1
193214|Survivor|1: 859 323 109 47 23 10 4 1
193220|Survivor|1: 818 295 108 46 24 9 4 1
193224|Survivor|1: 822 296 108 49 24 9 4 1
193253|Survivor|1: 824 290 111 49 24 9 4 1
193449|Child_Avg|3: 839 368 158 57 23 10 4 1
193476|Survivor|1: 816 302 121 56 24 9 4 1
193508|Survivor|1: 912 287 112 43 24 9 4 1
193556|Child_CrossABC2|8: 1074 362 138 61 24 9 4 1
193569|Survivor|1: 898 311 116 50 24 9 4 1
193597|Survivor|1: 884 265 108 43 24 9 4 1
193789|Survivor|1: 912 299 124 46 24 9 4 1
193795|Survivor|1: 900 304 119 49 24 9 4 1
193845|Child_Cross21|18: 903 329 118 43 24 9 4 1
193963|Child_Avg|59: 807 311 114 53 24 9 4 1
194012|Child_Cross21|54: 784 297 113 43 24 9 4 1
194294|Survivor|1: 831 296 114 49 24 9 4 1
194335|Survivor|1: 890 300 117 52 24 9 4 1
194714|Survivor|1: 818 319 129 50 24 9 4 1
194718|Survivor|1: 818 298 129 50 24 9 4 1
194727|Child_CrossABC1|1: 818 295 129 50 24 9 4 1
194733|Survivor|1: 820 296 129 50 24 9 4 1
194737|Child_CrossABC1|7: 821 302 128 49 24 9 4 1
194738|Child_Avg|19: 789 295 126 47 24 9 4 1
194746|Survivor|1: 787 333 131 52 24 9 4 1
194800|Survivor|1: 912 325 122 47 23 10 4 1
194835|Child_CrossABC1|1: 910 338 124 49 21 10 4 1
195088|Child_Avg|15: 806 275 109 48 20 9 4 1
195100|Survivor|1: 810 263 116 46 20 9 4 1
195116|Survivor|1: 772 269 107 43 20 9 4 1
195165|Child_Avg|3: 863 319 121 51 23 10 4 1
195171|Survivor|1: 804 303 129 49 24 9 4 1
195179|Child_Avg|19: 826 335 129 56 24 9 4 1
195180|Child_CrossABC1|7: 806 309 129 56 24 9 4 1
195189|Survivor|1: 816 318 128 49 21 10 4 1
195248|Survivor|1: 890 271 129 50 24 9 4 1
195565|Child_CrossABC2|2: 1173 335 141 52 24 9 4 1
195567|Child_CrossABC1|1: 1046 356 143 53 24 9 4 1
195570|Child_Cross21|58: 1065 321 130 49 24 9 4 1
195578|Survivor|1: 1081 323 134 49 24 9 4 1
195585|Survivor|1: 1068 323 130 46 24 9 4 1
195611|Survivor|1: 975 313 130 55 24 9 4 1
195723|Survivor|1: 720 274 106 45 21 10 4 1
195811|Survivor|1: 869 342 151 59 21 10 4 1
195908|Survivor|1: 755 285 112 43 24 9 4 1
195973|Survivor|1: 789 287 108 46 24 9 4 1
196043|Survivor|1: 858 242 107 43 19 10 4 1
196303|Child_Cross21|58|Mutated: 803 238 107 46 20 9 4 1
196564|Survivor|1: 1135 346 125 47 23 10 4 1
196631|Survivor|1: 876 342 117 44 23 10 4 1
196776|Survivor|1: 908 271 103 48 20 9 4 1
196928|Survivor|1: 782 252 110 43 20 9 4 1
196996|Survivor|1: 824 318 121 43 20 9 4 1
197078|Child_Cross21|50: 783 285 112 43 24 9 4 1
197090|Child_Cross12|29: 779 285 112 43 24 9 4 1
197213|Child_Cross12|9: 1099 333 134 59 24 9 4 1
197217|Child_Avg|39: 1113 331 134 59 24 9 4 1
197253|Survivor|1: 913 363 134 58 24 9 4 1
197264|Survivor|1|Mutated: 913 347 134 58 24 9 4 1
197289|Survivor|1: 800 272 103 43 24 9 4 1
197310|Child_Avg|59: 1054 323 129 52 24 9 4 1
197400|Survivor|1: 981 362 131 55 23 10 4 1
197403|Survivor|1: 905 341 125 55 24 9 4 1
197412|Child_CrossABC2|2: 881 342 126 51 23 10 4 1
197414|Child_Cross21|2: 876 348 123 52 24 9 4 1
197417|Child_Cross21|42: 851 309 116 50 24 9 4 1
197421|Survivor|1: 875 339 126 49 24 9 4 1
197862|Survivor|1: 741 287 126 47 23 10 4 1
197883|Survivor|1: 727 279 126 47 24 9 4 1
197994|Survivor|1: 893 323 149 59 24 9 4 1
198031|Survivor|1: 740 278 112 43 24 9 4 1
198505|Child_Cross21|30: 1138 355 123 47 23 10 4 1
198507|Survivor|1: 1140 351 126 47 23 10 4 1
198513|Child_Cross12|29: 1117 348 125 47 23 10 4 1
198514|Child_Cross12|25: 1127 332 125 47 23 10 4 1
198517|Child_Cross12|1: 1157 355 125 47 23 10 4 1
198519|Child_Cross21|26: 1119 348 125 47 23 10 4 1
198520|Child_Avg|43: 1142 332 125 47 23 10 4 1
198522|Child_Avg|27: 1135 340 125 47 23 10 4 1
198523|Child_Avg|23: 1130 347 125 47 23 10 4 1
198524|Child_Cross21|34: 1145 347 125 47 23 10 4 1
198528|Child_Cross12|17: 1139 339 125 47 23 10 4 1
198529|Child_Cross21|22: 1130 325 125 47 23 10 4 1
198530|Child_Cross12|33: 1119 324 125 47 23 10 4 1
198534|Child_Cross21|58: 1138 339 125 47 23 10 4 1
198536|Child_Cross12|17: 1189 325 125 47 23 10 4 1
198539|Child_Cross12|37: 1134 324 125 47 23 10 4 1
198541|Child_Cross21|34: 1161 324 125 47 23 10 4 1
198546|Child_Cross12|1: 1193 332 125 47 23 10 4 1
198547|Child_Cross21|2: 1188 333 125 47 23 10 4 1
198550|Child_Cross21|2: 1139 332 125 47 23 10 4 1
198552|Child_Avg|15: 1177 331 125 47 23 10 4 1
198553|Child_Avg|11: 1185 324 125 47 23 10 4 1
198554|Child_Cross21|38: 1181 324 125 47 23 10 4 1
198557|Child_Avg|43: 1173 324 125 47 23 10 4 1
198558|Child_Cross21|34: 1134 332 125 47 23 10 4 1
198559|Child_CrossABC1|1: 1155 332 125 47 23 10 4 1
198562|Child_Cross12|9: 1138 332 125 47 23 10 4 1
198563|Child_Cross21|26: 1154 331 125 47 23 10 4 1
198565|Child_CrossABC1|1: 1192 324 125 47 23 10 4 1
198569|Child_Cross21|10: 1184 324 125 47 23 10 4 1
198570|Child_Cross21|58: 1197 324 125 47 23 10 4 1
198572|Child_Cross12|9: 1177 324 125 47 23 10 4 1
198578|Child_Cross21|18: 1188 324 125 47 23 10 4 1
198579|Child_Cross21|54: 1189 324 125 47 23 10 4 1
198581|Child_Cross21|10: 1232 324 125 47 23 10 4 1
198583|Child_Avg|47: 1178 324 125 47 23 10 4 1
198586|Child_Cross21|10: 1208 324 125 47 23 10 4 1
198590|Child_Cross21|22: 1196 324 125 47 23 10 4 1
198593|Child_Cross12|1: 1215 324 125 47 23 10 4 1
198594|Child_Avg|15: 1193 324 125 47 23 10 4 1
198597|Child_Cross21|46: 1201 324 125 47 23 10 4 1
198604|Child_Avg|15: 1186 324 125 47 23 10 4 1
198607|Child_Cross21|6: 1200 324 125 47 23 10 4 1
198618|Child_Cross12|5: 1216 324 125 47 23 10 4 1
198619|Child_CrossABC2|8: 1235 324 125 47 23 10 4 1
198621|Child_Cross21|54: 1204 324 125 47 23 10 4 1
198622|Child_Cross21|34: 1205 324 125 47 23 10 4 1
198631|Child_Cross21|46: 1183 324 125 47 23 10 4 1
198695|Survivor|1: 903 319 122 58 24 9 4 1
198705|Survivor|1: 872 281 119 58 24 9 4 1
198715|Survivor|1: 814 267 108 46 24 9 4 1
198719|Child_CrossABC1|7: 862 279 108 46 24 9 4 1
198740|Survivor|1: 936 331 122 47 24 9 4 1
199001|Survivor|1: 861 331 138 56 24 9 4 1
199012|Survivor|1: 871 331 140 55 24 9 4 1
199121|Child_CrossABC1|1: 1178 313 126 49 24 9 4 1
199123|Survivor|1: 1176 308 125 52 24 9 4 1
199127|Survivor|1: 1098 314 127 53 24 9 4 1
199132|Survivor|1: 1104 319 126 47 24 9 4 1
199137|Survivor|1: 1104 311 126 47 24 9 4 1
199231|Child_Cross21|38: 1236 349 138 53 24 9 4 1
199253|Child_Cross12|21: 1194 347 133 49 24 9 4 1
199261|Child_Avg|7: 1170 346 133 49 24 9 4 1
199262|Child_Cross12|13: 1165 345 133 49 24 9 4 1
199264|Child_Cross12|41: 1135 356 133 49 24 9 4 1
199265|Child_Avg|3: 1184 341 132 49 24 9 4 1
199266|Child_Cross12|13: 1205 340 132 49 24 9 4 1
199269|Child_Cross21|58: 1181 346 133 49 24 9 4 1
199271|Child_Cross21|34: 1129 347 143 49 24 9 4 1
199273|Child_Cross21|6: 1170 345 133 49 24 9 4 1
199274|Child_CrossABC2|2: 1186 346 133 49 24 9 4 1
199275|Child_Avg|43: 1183 345 133 49 24 9 4 1
199276|Child_Cross21|50: 1159 346 133 49 24 9 4 1
199279|Child_Cross21|10: 1197 346 133 49 24 9 4 1
199280|Child_Cross12|1: 1164 346 133 49 24 9 4 1
199281|Child_Cross12|1: 1177 346 133 49 24 9 4 1
199282|Child_Cross12|9: 1194 346 133 49 24 9 4 1
199284|Child_Cross12|29: 1215 346 133 49 24 9 4 1
199287|Child_Cross12|21: 1208 346 133 49 24 9 4 1
199288|Child_Cross21|22: 1180 346 133 49 24 9 4 1
199289|Child_Avg|47: 1222 346 133 49 24 9 4 1
199291|Child_Avg|31: 1191 346 133 49 24 9 4 1
199292|Child_Cross12|29: 1217 346 133 49 24 9 4 1
199293|Child_Cross12|33: 1200 346 133 49 24 9 4 1
199294|Child_Cross12|41: 1182 346 133 49 24 9 4 1
199295|Child_Avg|51: 1205 346 133 49 24 9 4 1
199296|Child_Cross21|34: 1190 346 133 49 24 9 4 1
199298|Child_Avg|59: 1196 346 133 49 24 9 4 1
199301|Child_Avg|15: 1199 346 133 49 24 9 4 1
199302|Child_Avg|47: 1212 346 133 49 24 9 4 1
199304|Child_Avg|7: 1203 346 133 49 24 9 4 1
199307|Child_Avg|55: 1235 346 133 49 24 9 4 1
199309|Child_CrossABC2|2: 1209 346 133 49 24 9 4 1
199313|Child_Avg|7: 1204 346 133 49 24 9 4 1
199320|Child_Cross12|21: 1211 346 133 49 24 9 4 1
199324|Child_Cross12|53: 1201 346 133 49 24 9 4 1
199336|Child_Avg|35|Mutated: 1274 346 133 49 24 9 4 1
199349|Child_Avg|11: 1214 346 133 49 24 9 4 1
199360|Child_Cross21|6: 1225 346 133 49 24 9 4 1
199365|Child_Cross12|37: 1218 346 133 49 24 9 4 1
199370|Child_Cross12|29: 1213 346 133 49 24 9 4 1
199372|Child_Cross21|26: 1134 346 133 49 24 9 4 1
199377|Child_Avg|23: 1221 346 133 49 24 9 4 1
199401|Child_Cross21|58: 1243 346 133 49 24 9 4 1
199412|Child_CrossABC2|2: 1239 346 133 49 24 9 4 1
199415|Child_Avg|11: 1223 346 133 49 24 9 4 1
199424|Child_Cross21|14: 1236 346 133 49 24 9 4 1
199490|Survivor|1: 1095 315 133 53 24 11 4 1
199518|Child_Cross21|54: 965 297 119 49 24 9 4 1
199521|Child_Cross21|34: 808 293 118 49 24 9 4 1
199595|Child_CrossABC1|1: 952 328 123 59 24 9 4 1
199597|Child_CrossABC2|2: 922 328 126 59 24 9 4 1
199603|Child_CrossABC2|2: 858 379 141 61 24 9 4 1
199606|Child_Avg|23: 772 281 114 50 24 9 4 1
199610|Survivor|1: 820 288 127 50 24 9 4 1
199669|Child_Levy|32: 792 263 122 54 23 10 4 1
199699|Survivor|1: 921 298 119 49 24 9 4 1
199748|Survivor|1: 1154 363 133 55 24 9 4 1
199755|Survivor|1: 1295 370 139 56 24 9 4 1
199761|Child_Cross21|38: 1279 368 133 53 24 9 4 1
199767|Child_CrossABC1|1: 1280 368 133 53 24 9 4 1
199770|Child_Cross21|46: 1280 376 137 52 24 9 4 1
199903|Survivor|1: 827 257 111 44 24 9 4 1
199930|Survivor|1: 831 249 113 43 24 9 4 1
200261|Survivor|1: 758 280 122 53 24 9 4 1
200271|Survivor|1: 781 303 114 56 24 9 4 1
200308|Survivor|1: 811 263 108 55 24 9 4 1
200325|Survivor|1: 728 285 112 43 24 9 4 1
200656|Survivor|1: 829 261 113 47 23 10 4 1
200714|Survivor|1: 779 243 101 47 21 10 4 1
200721|Survivor|1: 836 265 114 46 20 9 4 1
200875|Survivor|1: 719 258 108 49 24 9 4 1
200893|Child_Cross21|6: 828 308 113 43 24 9 4 1
200947|Survivor|1: 847 320 118 47 25 9 4 1
200970|Child_CrossABC1|1: 803 291 117 49 24 9 4 1
200981|Child_Cross21|22: 787 289 111 47 24 9 4 1
201019|Child_CrossABC2|8: 895 290 107 43 20 9 4 1
201100|Child_CrossABC2|2: 836 307 115 49 24 9 4 1
201103|Child_Cross21|50: 797 307 115 49 24 9 4 1
201107|Survivor|1: 800 297 114 49 24 9 4 1
201119|Child_Cross21|14: 780 300 119 46 24 9 4 1
201150|Child_Avg|31: 791 302 118 43 24 9 4 1
201263|Survivor|1: 847 309 107 43 20 9 4 1
201306|Child_Levy|24: 932 338 115 56 24 9 4 1
201316|Survivor|1: 940 311 116 50 24 9 4 1
201491|Child_Cross21|26: 848 319 123 46 24 9 4 1
201501|Child_CrossABC1|1: 1054 299 131 52 24 9 4 1
201520|Survivor|1: 851 315 118 43 24 9 4 1
201661|Survivor|1: 968 341 126 49 24 9 4 1
201673|Survivor|1: 859 350 113 47 21 10 4 1
201842|Survivor|1: 798 259 105 43 20 9 4 1
202041|Survivor|1: 834 248 108 49 24 9 4 1
202077|Child_CrossABC2|8: 777 267 107 43 20 9 4 1
202081|Child_Avg|47: 770 269 107 43 20 9 4 1
202083|Child_Avg|55: 784 266 107 43 20 9 4 1
202105|Survivor|1: 775 266 107 43 20 9 4 1
202112|Child_Avg|23: 781 266 107 43 20 9 4 1
202146|Child_Avg|39: 761 266 107 43 20 9 4 1
202157|Child_Cross12|49: 846 266 107 43 20 9 4 1
202179|Child_Cross21|50: 794 266 107 43 20 9 4 1
202267|Child_Cross12|45: 806 266 107 43 20 9 4 1
202277|Child_CrossABC2|8: 797 265 107 43 20 9 4 1
202837|Child_CrossABC1|1: 836 312 111 55 24 9 4 1
202848|Survivor|1: 814 289 108 43 24 9 4 1
202965|Child_LevyABC2|6: 941 302 142 55 24 9 4 1
202991|Survivor|1: 907 289 108 50 24 9 4 1
202999|Child_Avg|23: 899 288 111 47 24 9 4 1
203073|Child_Cross12|17: 819 252 98 43 20 9 4 1
203077|Child_Cross12|13: 815 252 98 43 20 9 4 1
203078|Child_Avg|19|Mutated: 818 252 98 43 20 9 4 1
203099|Child_Cross21|2: 808 252 110 43 20 9 4 1
203108|Child_Cross12|41: 822 252 110 43 20 9 4 1
203110|Child_Cross12|37: 807 252 98 43 20 9 4 1
203116|Survivor|1: 816 252 110 43 20 9 4 1
203125|Child_Cross12|9: 817 252 110 43 20 9 4 1
203128|Child_Avg|47: 813 252 110 43 20 9 4 1
203132|Child_Cross12|17: 806 252 110 43 20 9 4 1
203145|Child_Cross21|46: 819 252 110 43 20 9 4 1
203149|Child_Cross21|22: 832 252 110 43 20 9 4 1
203176|Child_Cross21|42: 854 252 110 43 20 9 4 1
203178|Child_Cross21|6: 843 252 110 43 20 9 4 1
203179|Child_Cross21|58: 805 252 110 43 20 9 4 1
203183|Child_Cross21|6: 809 252 110 43 20 9 4 1
203189|Child_Cross12|45: 814 252 110 43 20 9 4 1
203223|Child_CrossABC1|1: 824 252 110 43 20 9 4 1
203243|Child_Cross12|57|Mutated: 851 252 110 43 20 9 4 1
203257|Child_Cross12|29: 833 252 110 43 20 9 4 1
203259|Child_Cross12|13: 784 252 110 43 20 9 4 1
203288|Child_Cross12|33: 856 252 110 43 20 9 4 1
203311|Child_Cross12|53: 840 252 110 43 20 9 4 1
203394|Survivor|1: 824 263 113 46 24 9 4 1
203503|Survivor|1: 775 333 131 52 24 9 4 1
203747|Survivor|1: 935 283 108 49 24 9 4 1
203753|Child_Cross21|50: 915 283 108 49 24 9 4 1
203755|Child_Cross12|21: 912 292 108 49 24 9 4 1
203762|Child_Cross12|17: 912 283 108 49 24 9 4 1
203765|Child_Cross12|17: 893 283 108 49 24 9 4 1
203767|Child_Cross12|5: 907 283 108 49 24 9 4 1
203770|Child_Cross12|57: 901 283 108 49 24 9 4 1
203771|Child_Cross12|37: 894 283 108 49 24 9 4 1
203781|Child_Cross21|42: 906 282 108 49 24 9 4 1
203789|Survivor|1: 904 283 108 49 24 9 4 1
203808|Survivor|1|Mutated: 903 282 108 49 24 9 4 1
203882|Child_Cross12|37: 800 295 123 46 24 9 4 1
203888|Survivor|1: 791 291 122 46 24 9 4 1
203889|Child_Cross12|1: 783 295 124 46 24 9 4 1
203891|Child_CrossABC2|8: 794 295 122 46 24 9 4 1
203897|Child_CrossABC2|8: 780 291 124 46 24 9 4 1
203900|Child_Cross12|9: 787 295 122 46 24 9 4 1
203901|Child_Avg|55: 784 293 124 46 24 9 4 1
203905|Child_Cross21|42: 789 295 122 46 24 9 4 1
203913|Child_Cross12|5: 786 295 122 46 24 9 4 1
203916|Child_Cross12|29: 786 295 130 46 24 9 4 1
203929|Child_Cross21|30: 786 295 124 46 24 9 4 1
204225|Survivor|1: 831 297 110 52 24 9 4 1
204250|Survivor|1: 814 295 110 43 20 9 4 1
204291|Survivor|1: 1300 314 127 56 21 10 4 1
204297|Survivor|1: 1213 329 127 49 21 10 4 1
204311|Child_Avg|43: 1160 335 127 45 21 10 4 1
204314|Child_Cross12|29: 1210 327 127 45 21 10 4 1
204318|Child_Cross21|30: 1202 335 118 45 21 10 4 1
204331|Child_CrossABC1|7: 1170 330 125 54 23 10 4 1
204340|Child_CrossABC2|2: 1177 325 125 44 23 10 4 1
204357|Child_Cross12|25: 1178 330 125 44 23 10 4 1
204372|Child_Cross21|10: 1175 330 125 44 23 10 4 1
204409|Child_Cross21|54: 1193 330 125 44 23 10 4 1
204410|Child_Avg|3: 1192 330 125 44 23 10 4 1
204422|Child_Cross12|5: 1198 330 125 44 23 10 4 1
204472|Survivor|1: 1204 331 122 47 23 10 4 1
204709|Child_Avg|3: 713 268 118 49 24 9 4 1
204825|Survivor|1: 1252 339 147 55 24 9 4 1
204830|Child_Cross21|58: 892 316 118 49 24 9 4 1
204837|Child_Cross12|49: 874 305 112 47 23 10 4 1
205017|Survivor|1: 765 284 116 49 24 9 4 1
205027|Survivor|1: 749 283 106 46 24 9 4 1
205488|Survivor|1: 952 343 150 56 24 9 4 1
205500|Survivor|1: 825 319 153 52 24 9 4 1
205510|Survivor|1: 808 302 126 47 24 9 4 1
205524|Survivor|1: 806 289 127 52 24 9 4 1
205526|Child_CrossABC1|1: 803 271 114 56 24 9 4 1
205533|Survivor|1: 748 275 111 51 23 10 4 1
205556|Survivor|1: 752 276 117 54 23 10 4 1
205566|Child_Cross12|1: 749 277 117 54 23 10 4 1
205570|Survivor|1: 749 276 117 54 23 10 4 1
205607|Survivor|1|Mutated: 830 276 117 54 23 10 4 1
205608|Child_Avg|39: 777 281 112 47 23 10 4 1
205768|Survivor|1: 807 307 124 46 24 9 4 1
205915|Child_CrossABC2|2: 1215 302 117 44 23 10 4 1
205924|Child_Cross21|22|Mutated: 1193 325 117 44 23 10 4 1
205941|Child_Avg|23: 1196 325 117 44 23 10 4 1
205969|Survivor|1: 935 285 111 51 23 10 4 1
206185|Child_CrossABC2|2: 879 299 117 49 24 9 4 1
206220|Survivor|1: 781 285 107 43 24 9 4 1
206492|Survivor|1: 838 272 108 49 24 9 4 1
206521|Survivor|1: 1210 383 147 51 23 10 4 1
206837|Survivor|1: 1096 344 115 48 21 10 4 1
206845|Survivor|1: 914 287 103 45 21 10 4 1
206899|Child_Cross21|18: 1107 380 132 61 24 9 4 1
207116|Survivor|1: 892 272 114 49 24 9 4 1
207125|Child_CrossABC2|8: 944 266 114 53 24 9 4 1
207130|Survivor|1: 846 292 118 49 24 9 4 1
207132|Child_CrossABC2|8: 826 300 117 52 24 9 4 1
207144|Child_CrossABC2|2: 797 267 117 49 24 9 4 1
207257|Child_Avg|39: 818 252 110 49 24 9 4 1
207264|Survivor|1: 796 237 101 49 24 9 4 1
207275|Child_Avg|27: 800 241 108 46 24 9 4 1
207278|Child_Avg|23: 803 241 108 46 24 9 4 1
207280|Child_Cross21|58: 811 243 108 46 24 9 4 1
207283|Child_Cross21|10: 798 243 108 46 24 9 4 1
207293|Child_Avg|19: 799 249 108 46 24 9 4 1
207299|Child_Cross21|38: 800 257 108 46 24 9 4 1
207302|Child_Avg|47: 800 251 108 46 24 9 4 1
207303|Child_Avg|11: 799 245 108 46 24 9 4 1
207307|Child_Cross12|45: 803 251 108 46 24 9 4 1
207316|Child_Cross21|38: 802 249 108 46 24 9 4 1
207318|Child_Cross21|54: 795 251 108 46 24 9 4 1
207322|Child_Cross12|21: 792 251 108 46 24 9 4 1
207324|Child_Cross21|10: 790 251 108 46 24 9 4 1
207329|Child_Cross21|2: 816 251 108 46 24 9 4 1
207343|Child_Avg|7: 797 251 108 46 24 9 4 1
207500|Child_Avg|19: 829 315 108 46 24 9 4 1
207502|Survivor|1: 871 322 123 56 24 9 4 1
207511|Survivor|1: 854 324 123 53 24 9 4 1
207516|Survivor|1: 823 304 113 47 23 10 4 1
207527|Child_CrossABC1|1: 800 303 112 47 23 10 4 1
207534|Child_Cross21|26: 806 310 112 47 23 10 4 1
207539|Child_Cross21|54: 810 305 112 47 23 10 4 1
207547|Child_Cross12|37: 808 304 112 47 23 10 4 1
207549|Child_Cross12|41: 798 304 112 47 23 10 4 1
207554|Child_Avg|11: 802 302 112 47 23 10 4 1
207563|Child_Cross21|30: 807 305 112 47 23 10 4 1
207564|Child_Cross21|18: 771 303 112 47 23 10 4 1
207588|Survivor|1: 782 321 111 52 24 9 4 1
207589|Child_Cross12|45: 782 311 111 52 24 9 4 1
207593|Child_CrossABC2|2: 782 304 111 52 24 9 4 1
207614|Survivor|1: 793 291 106 46 24 9 4 1
207666|Survivor|1: 786 291 107 43 24 9 4 1
207772|Child_Cross12|53: 799 235 102 45 20 9 4 1
207836|Child_CrossABC2|2: 829 257 111 46 24 9 4 1
207850|Survivor|1: 837 257 111 44 24 9 4 1
207917|Child_Cross12|45: 909 349 122 57 21 10 4 1
207928|Child_Cross21|42: 807 291 112 47 21 10 4 1
207930|Child_Cross21|6: 913 357 117 49 21 10 4 1
207956|Survivor|1: 824 309 113 46 20 9 4 1
207966|Survivor|1: 817 307 116 43 20 9 4 1
208080|Child_Cross21|54: 876 261 105 43 20 9 4 1
208197|Survivor|1: 762 291 109 53 24 9 4 1
208201|Child_Cross21|38: 746 290 111 52 24 9 4 1
208342|Survivor|1: 876 302 116 49 24 9 4 1
208358|Survivor|1: 734 283 108 46 24 9 4 1
208411|Survivor|1: 916 334 123 52 24 9 4 1
208465|Survivor|1|Mutated: 810 261 107 43 24 9 4 1
208773|Survivor|1: 730 285 113 45 21 10 4 1
208916|Survivor|1: 824 359 125 55 21 10 4 1
208999|Survivor|1: 1137 309 122 59 27 10 4 1
209084|Child_Avg|19: 1155 359 134 47 23 10 4 1
209088|Child_CrossABC1|1: 1100 358 135 48 23 10 4 1
209089|Child_CrossABC1|1: 1149 358 135 48 23 10 4 1
209092|Child_CrossABC2|2: 1117 358 135 48 23 10 4 1
209095|Child_CrossABC1|7: 1145 358 135 48 23 10 4 1
209102|Child_Avg|15: 1113 355 133 47 23 10 4 1
209107|Child_CrossABC1|7: 1132 357 133 47 23 10 4 1
209116|Child_Cross12|13: 1122 353 132 47 23 10 4 1
209122|Child_Cross12|9: 1116 354 132 47 23 10 4 1
209126|Child_Cross12|37: 1120 354 132 47 23 10 4 1
209143|Child_Cross12|29: 1125 354 132 47 23 10 4 1
209145|Child_Cross12|45: 1137 352 132 47 23 10 4 1
209156|Child_Cross21|38: 1155 352 132 47 23 10 4 1
209157|Child_Cross21|6: 1140 352 132 47 23 10 4 1
209176|Child_Cross21|14: 1142 347 133 47 23 10 4 1
209195|Child_Avg|23: 1180 353 132 47 23 10 4 1
209208|Survivor|1: 908 331 146 47 23 10 4 1
209232|Survivor|1: 935 343 119 45 21 10 4 1
209291|Survivor|1: 877 272 107 43 20 9 4 1
209310|Survivor|1: 892 272 107 43 20 9 4 1
209335|Survivor|1: 836 249 107 43 20 9 4 1
209671|Survivor|1: 809 268 112 43 19 10 4 1
209680|Child_CrossABC2|2: 810 250 108 43 19 10 4 1
209769|Survivor|1: 805 315 108 43 24 9 4 1
209804|Child_CrossABC2|8: 801 315 108 43 24 9 4 1
209936|Child_Cross21|10: 950 292 115 48 21 10 4 1
209943|Child_CrossABC2|8: 959 308 115 45 21 10 4 1
209962|Survivor|1: 917 291 115 45 21 10 4 1
210011|Survivor|1: 822 281 105 43 20 9 4 1
210082|Child_Avg|51: 809 264 105 43 20 9 4 1
210092|Child_Avg|39: 820 264 105 43 20 9 4 1
210098|Child_Cross21|54: 810 263 105 43 20 9 4 1
210135|Survivor|1: 812 262 105 43 20 9 4 1
210180|Child_CrossABC1|7: 794 308 109 47 23 10 4 1
210185|Child_Cross12|57: 793 305 112 47 23 10 4 1
210188|Child_Cross12|25: 784 278 102 47 23 10 4 1
210197|Child_Cross12|41: 792 304 112 47 23 10 4 1
210198|Child_Cross12|17: 791 305 112 47 23 10 4 1
210200|Child_Avg|23: 787 304 112 47 23 10 4 1
210243|Child_Avg|59|Mutated: 793 281 112 47 23 10 4 1
210275|Child_Cross12|57: 800 302 112 47 23 10 4 1
210433|Survivor|1: 907 281 113 45 21 10 4 1
210602|Survivor|1: 794 288 106 45 21 10 4 1
210759|Child_CrossABC1|1: 818 251 122 47 23 10 4 1
210764|Child_CrossABC2|8: 1002 363 134 57 23 10 4 1
210802|Child_Cross21|50: 842 254 113 43 20 9 4 1
210812|Child_Cross21|42: 815 245 107 43 20 9 4 1
210829|Child_Cross12|41: 806 245 107 43 20 9 4 1
210839|Child_Cross12|13: 837 245 107 43 20 9 4 1
210873|Survivor|1: 829 245 107 43 20 9 4 1
210927|Survivor|1: 895 289 107 43 20 9 4 1
211015|Survivor|1: 764 270 107 43 20 9 4 1
211022|Child_Cross21|14: 803 270 107 43 20 9 4 1
211029|Child_Cross12|45: 824 269 107 43 20 9 4 1
211056|Child_Cross12|49: 832 269 107 43 20 9 4 1
211140|Child_Cross12|41: 888 285 107 43 24 9 4 1
211450|Child_CrossABC2|8: 902 296 126 55 24 9 4 1
211456|Child_LevyABC2|6: 1055 308 133 47 23 10 4 1
211651|Child_CrossABC1|1: 1063 312 138 65 24 9 4 1
211715|Child_CrossABC1|1: 788 269 107 43 20 9 4 1
211719|Child_CrossABC2|8: 784 269 107 43 20 9 4 1
211721|Child_CrossABC2|2: 789 271 107 43 20 9 4 1
211774|Survivor|1: 849 254 113 43 20 9 4 1
211785|Child_Avg|43: 846 257 113 43 20 9 4 1
211814|Child_Avg|39: 841 274 113 43 20 9 4 1
211820|Child_Cross12|45: 858 294 113 43 20 9 4 1
211833|Child_Avg|47: 878 274 113 43 20 9 4 1
211843|Child_Cross12|41: 894 274 113 43 20 9 4 1
211866|Child_Avg|47: 835 274 113 43 20 9 4 1
211867|Child_Cross21|34: 901 274 113 43 20 9 4 1
211869|Child_CrossABC2|8: 799 274 113 43 20 9 4 1
211879|Child_Cross12|57: 873 274 113 43 20 9 4 1
211881|Child_Cross21|10: 765 274 113 43 20 9 4 1
211895|Survivor|1: 808 274 113 43 20 9 4 1
211923|Survivor|1: 826 252 101 43 20 9 4 1
212198|Survivor|1: 875 279 108 46 24 9 4 1
212205|Child_Cross12|9: 873 313 108 46 24 9 4 1
212222|Survivor|1: 872 319 108 46 24 9 4 1
212226|Child_Cross12|13: 876 305 108 46 24 9 4 1
212227|Child_Cross12|5: 902 315 108 46 24 9 4 1
212238|Survivor|1: 890 281 108 46 24 9 4 1
212240|Child_Avg|23: 817 281 108 46 24 9 4 1
212242|Child_Cross21|10: 892 313 108 46 24 9 4 1
212243|Child_Cross21|30: 881 303 108 46 24 9 4 1
212250|Child_Avg|39: 884 299 108 46 24 9 4 1
212261|Child_Cross21|10: 898 281 108 46 24 9 4 1
212275|Child_Cross21|38: 901 281 108 46 24 9 4 1
212278|Child_CrossABC2|2: 899 287 108 46 24 9 4 1
212281|Child_Cross12|41: 892 279 108 46 24 9 4 1
212307|Survivor|1: 903 279 108 46 24 9 4 1
212312|Child_Cross21|26: 899 275 108 46 24 9 4 1
212314|Child_Cross12|45: 899 273 108 46 24 9 4 1
212315|Child_Cross21|10: 904 281 108 46 24 9 4 1
212317|Child_Cross21|30: 905 275 108 46 24 9 4 1
212318|Child_Cross12|21: 908 279 108 46 24 9 4 1
212335|Child_Cross12|25|Mutated: 834 257 108 46 24 9 4 1
212336|Child_Avg|31: 902 279 108 46 24 9 4 1
212342|Child_Cross12|21: 905 279 108 46 24 9 4 1
212351|Child_Cross12|29: 768 279 108 46 24 9 4 1
212361|Survivor|1: 923 279 108 46 24 9 4 1
212397|Child_Cross21|38: 827 259 118 43 24 9 4 1
212409|Survivor|1: 830 267 118 43 24 9 4 1
212571|Survivor|1: 912 367 116 50 24 9 4 1
212575|Survivor|1: 925 352 123 52 24 9 4 1
212583|Survivor|1: 891 314 111 52 24 9 4 1
212602|Survivor|1: 856 313 122 52 24 9 4 1
212603|Child_CrossABC1|7: 853 313 107 52 24 9 4 1
212620|Survivor|1: 758 311 108 46 24 9 4 1
212785|Child_CrossABC2|2: 932 342 108 49 24 9 4 1
212787|Survivor|1: 917 299 109 49 24 9 4 1
212791|Survivor|1: 874 297 108 46 24 9 4 1
212798|Survivor|1: 881 305 108 46 24 9 4 1
212801|Survivor|1: 914 299 108 46 24 9 4 1
212802|Child_CrossABC2|8: 906 297 108 46 24 9 4 1
212816|Child_Cross21|46: 888 275 112 43 24 9 4 1
212881|Child_Cross12|21: 894 287 108 43 24 9 4 1
212892|Child_Avg|39: 908 287 108 43 24 9 4 1
212909|Child_CrossABC2|2: 901 313 128 53 24 9 4 1
212935|Survivor|1: 829 309 121 43 20 9 4 1
213062|Child_CrossABC2|2: 796 290 111 52 24 9 4 1
213119|Survivor|1: 1085 284 115 49 21 10 4 1
213564|Survivor|1: 784 264 112 47 21 10 4 1
213565|Child_Avg|51: 800 251 107 45 23 10 4 1
213566|Child_Avg|35: 772 245 110 46 20 9 4 1
213634|Child_Avg|7: 799 295 108 46 24 9 4 1
213726|Child_Avg|59: 1011 286 112 47 23 10 4 1
214283|Survivor|1: 852 314 107 43 20 9 4 1
214473|Child_LevyP2|10: 908 281 135 55 24 9 4 1
214474|Child_Avg|59: 917 284 135 55 21 10 4 1
214482|Child_Avg|55: 932 296 119 52 20 9 4 1
214498|Child_Cross12|29: 813 284 113 43 20 9 4 1
214513|Child_Avg|31: 815 284 113 43 20 9 4 1
214523|Child_Cross21|34: 816 284 113 43 20 9 4 1
214529|Child_Cross21|18: 803 284 113 43 20 9 4 1
214540|Child_Cross21|14: 811 284 113 43 20 9 4 1
214544|Child_Cross21|2: 806 287 113 43 20 9 4 1
214546|Child_Avg|19: 804 284 113 43 20 9 4 1
214569|Child_Cross12|57: 784 284 113 43 20 9 4 1
215008|Survivor|1: 862 243 107 43 20 9 4 1
215025|Child_Cross21|26: 852 231 103 43 19 10 4 1
215028|Child_Avg|51: 825 231 103 43 19 10 4 1
215039|Child_Cross12|17: 853 231 103 43 19 10 4 1
215043|Child_Cross12|37: 834 231 103 43 19 10 4 1
215056|Child_Cross21|46: 776 231 103 43 19 10 4 1
215086|Child_Cross21|30: 807 248 103 43 19 10 4 1
215099|Child_Cross21|54: 792 238 103 43 19 10 4 1
215101|Survivor|1: 790 231 103 43 19 10 4 1
215104|Child_Cross12|49: 807 238 103 43 19 10 4 1
215110|Child_Cross12|5: 784 231 103 43 19 10 4 1
215114|Child_Cross21|18: 792 231 103 43 19 10 4 1
215120|Survivor|1: 791 243 103 43 19 10 4 1
215131|Child_Cross21|34: 783 231 103 43 19 10 4 1
215133|Child_Cross12|37: 741 231 103 43 19 10 4 1
215135|Child_Avg|27: 791 231 103 43 19 10 4 1
215146|Child_Cross21|58: 773 231 103 43 19 10 4 1
215149|Child_Cross12|17: 801 231 103 43 19 10 4 1
215158|Child_Cross12|33: 799 231 103 43 19 10 4 1
215167|Child_CrossABC1|1: 808 231 103 43 19 10 4 1
215170|Child_Cross12|5: 800 231 103 43 19 10 4 1
215184|Child_Cross21|14: 793 231 103 43 19 10 4 1
215203|Child_Cross21|30: 793 238 103 43 19 10 4 1
215214|Child_Cross12|13: 787 243 103 43 19 10 4 1
215258|Survivor|1: 782 231 103 43 19 10 4 1
215308|Child_Cross21|26: 756 332 112 47 23 10 4 1
215322|Survivor|1: 774 307 108 46 24 9 4 1
215533|Child_Levy|8: 1154 337 135 55 24 9 4 1
215543|Child_CrossABC1|1|Mutated: 1193 344 131 50 24 9 4 1
215546|Child_CrossABC1|7: 1192 344 131 50 24 9 4 1
215548|Survivor|1: 1184 344 131 50 24 9 4 1
215551|Survivor|1: 1186 344 131 50 24 9 4 1
215552|Child_Cross21|50: 1190 340 127 49 24 9 4 1
215553|Child_Avg|35: 1185 344 131 50 24 9 4 1
215559|Child_CrossABC1|1: 1183 344 131 50 24 9 4 1
215567|Child_Cross21|38: 1189 345 130 49 24 9 4 1
215571|Child_Cross21|58: 1186 353 130 49 24 9 4 1
215574|Child_Avg|51: 1186 345 130 49 24 9 4 1
215576|Child_Cross21|14: 1186 338 130 49 24 9 4 1
215579|Child_Avg|59: 1187 337 130 49 24 9 4 1
215582|Child_Avg|31: 1185 337 130 49 24 9 4 1
215583|Child_Cross21|30: 1185 345 130 49 24 9 4 1
215584|Child_Cross12|9: 1183 337 130 49 24 9 4 1
215587|Child_Avg|23: 1188 337 130 49 24 9 4 1
215594|Child_Cross12|25|Mutated: 1245 337 130 49 24 9 4 1
215597|Child_Cross12|1: 1213 337 130 49 24 9 4 1
215598|Child_Cross21|6: 1192 321 130 49 24 9 4 1
215599|Child_Avg|35: 1191 337 130 49 24 9 4 1
215600|Child_Cross12|21: 1217 337 130 49 24 9 4 1
215601|Child_Cross21|46: 1204 329 130 49 24 9 4 1
215607|Child_Avg|59: 1171 337 130 49 24 9 4 1
215609|Child_Avg|55: 1195 337 130 49 24 9 4 1
215611|Child_Cross21|42: 1207 337 130 49 24 9 4 1
215612|Child_Cross12|25: 1189 337 130 49 24 9 4 1
215613|Child_Avg|59: 1200 337 130 49 24 9 4 1
215614|Child_Avg|59: 1206 337 130 49 24 9 4 1
215616|Child_Cross21|22: 1203 337 130 49 24 9 4 1
215618|Child_Cross21|30: 1208 337 130 49 24 9 4 1
215619|Child_Cross12|13: 1204 337 130 49 24 9 4 1
215620|Child_Cross21|14: 1196 337 130 49 24 9 4 1
215625|Child_Cross21|58: 1199 337 130 49 24 9 4 1
215626|Child_Avg|15: 1220 337 130 49 24 9 4 1
215629|Child_Avg|43: 1210 337 130 49 24 9 4 1
215632|Child_Cross21|58: 1216 337 130 49 24 9 4 1
215637|Child_Cross21|58: 1229 337 130 49 24 9 4 1
215642|Child_Avg|23: 1223 337 130 49 24 9 4 1
215647|Child_Cross12|49: 1221 337 130 49 24 9 4 1
215649|Child_Avg|43: 1209 337 130 49 24 9 4 1
215661|Child_Avg|35: 1214 337 130 49 24 9 4 1
215665|Child_Avg|59: 1255 337 130 49 24 9 4 1
215669|Child_Avg|3: 1249 337 130 49 24 9 4 1
215670|Child_Cross12|33: 1178 337 130 49 24 9 4 1
215674|Child_Cross21|26: 1234 337 130 49 24 9 4 1
215677|Child_Cross12|1: 1244 337 130 49 24 9 4 1
215686|Child_Cross12|9: 1227 337 130 49 24 9 4 1
215692|Child_Avg|11: 1225 337 130 49 24 9 4 1
215698|Child_Avg|27: 1212 337 130 49 24 9 4 1
215703|Child_Avg|59: 1232 337 130 49 24 9 4 1
215704|Child_CrossABC1|7|Mutated: 1252 337 130 49 24 9 4 1
215708|Child_Avg|7: 1215 337 130 49 24 9 4 1
215719|Child_Cross12|33|Mutated: 1224 337 130 49 24 9 4 1
215733|Child_Cross21|18: 1220 337 126 49 24 9 4 1
215773|Survivor|1: 1070 307 121 50 24 9 4 1
216285|Child_Cross21|30: 894 287 116 43 20 9 4 1
216297|Child_Cross21|22: 815 297 113 43 20 9 4 1
216299|Child_Cross21|42: 844 295 110 43 20 9 4 1
216300|Child_CrossABC2|8: 760 295 110 43 20 9 4 1
216322|Child_Cross21|2: 761 295 110 43 20 9 4 1
216515|Survivor|1: 931 365 143 52 24 9 4 1
216553|Survivor|1: 945 328 121 46 24 9 4 1
216675|Survivor|1: 760 272 118 43 20 9 4 1
216789|Survivor|1: 785 289 113 43 24 9 4 1
216805|Child_Cross21|58: 783 289 113 43 24 9 4 1
216996|Survivor|1: 810 262 113 43 24 9 4 1
217017|Child_Avg|19: 806 253 108 43 24 9 4 1
217116|Child_Cross12|5: 876 322 122 53 24 9 4 1
217129|Survivor|1: 776 295 117 46 24 9 4 1
217188|Survivor|1: 792 259 108 49 24 9 4 1
217362|Child_Cross21|14: 757 308 115 45 21 10 4 1
217399|Child_CrossABC2|2: 755 279 113 49 21 10 4 1
217403|Survivor|1: 757 279 113 47 21 10 4 1
217407|Survivor|1: 756 283 112 47 21 10 4 1
217710|Child_Cross21|30: 797 249 103 41 24 9 4 1
217767|Survivor|1: 884 293 129 51 23 10 4 1
217780|Survivor|1|Mutated: 905 348 125 47 23 10 4 1
217794|Child_CrossABC1|7: 900 305 121 51 23 10 4 1
218028|Survivor|1: 804 305 105 43 20 9 4 1
218158|Survivor|1: 751 282 108 49 24 9 4 1
218224|Child_CrossABC1|1: 776 286 107 43 20 9 4 1
218299|Child_Cross21|50: 757 304 115 50 21 10 4 1
218323|Survivor|1: 1050 321 118 49 24 9 4 1
218350|Survivor|1: 1044 303 124 53 24 9 4 1
218437|Survivor|1: 791 304 107 43 24 9 4 1
218528|Survivor|1: 795 288 113 47 23 10 4 1
218541|Child_Cross21|46: 784 304 112 47 23 10 4 1
218544|Child_Cross12|37: 796 290 111 47 23 10 4 1
218555|Child_Cross21|2: 803 281 113 47 23 10 4 1
218572|Child_Avg|15: 769 286 112 47 23 10 4 1
218757|Child_Avg|11: 817 264 116 43 20 9 4 1
219185|Child_Cross21|54: 764 305 116 50 24 9 4 1
219400|Survivor|1: 781 271 107 43 20 9 4 1
219461|Child_Avg|23: 937 323 121 46 24 9 4 1
219647|Survivor|1: 795 241 108 46 24 9 4 1
219725|Survivor|1: 777 279 129 53 24 9 4 1
219735|Child_Cross21|42: 832 295 130 46 24 9 4 1
219743|Child_CrossABC2|8: 814 295 130 46 24 9 4 1
219751|Child_Levy|52: 850 296 124 49 21 10 4 1
219788|Child_CrossABC1|1: 803 305 121 43 24 9 4 1
219822|Child_Cross12|49: 779 297 121 43 24 9 4 1
219834|Child_Cross12|25: 825 300 121 43 24 9 4 1
219921|Child_Cross12|57: 828 247 103 45 21 10 4 1
219923|Child_Cross21|26: 796 285 106 45 21 10 4 1
219930|Survivor|1: 780 285 106 45 21 10 4 1
219942|Child_Cross12|33: 787 290 117 43 19 10 4 1
220144|Survivor|1: 807 290 127 49 24 9 4 1
220158|Child_Cross12|45: 753 283 118 43 24 9 4 1
220179|Survivor|1: 812 283 118 43 24 9 4 1
220184|Child_Cross12|53: 772 283 118 43 24 9 4 1
220191|Child_Cross12|17: 775 283 118 43 24 9 4 1
220219|Child_Avg|59: 790 283 118 43 24 9 4 1
220393|Child_Cross12|13: 895 251 112 43 19 10 4 1
220459|Child_Avg|35: 845 308 125 49 21 10 4 1
220474|Survivor|1: 820 295 109 49 24 9 4 1
220911|Survivor|1: 772 243 108 49 24 9 4 1
220958|Child_CrossABC2|2: 804 296 108 43 24 9 4 1
220968|Survivor|1|Mutated: 797 291 108 46 24 9 4 1
220990|Child_LevyP1|9: 945 314 123 56 24 9 4 1
221051|Survivor|1: 758 300 113 43 20 9 4 1
221185|Survivor|1: 911 320 122 53 25 10 4 1
221193|Child_Avg|23: 854 293 108 49 24 9 4 1
221195|Child_Cross12|53: 880 297 133 49 24 9 4 1
221203|Child_Cross12|13: 875 298 119 49 24 9 4 1
221209|Child_Avg|31: 882 299 117 49 24 9 4 1
221212|Child_Avg|35: 892 298 118 49 24 9 4 1
221215|Child_Cross21|54: 909 298 118 49 24 9 4 1
221219|Child_Cross12|25: 916 298 118 49 24 9 4 1
221220|Child_Cross12|5: 913 298 119 49 24 9 4 1
221223|Child_Cross21|54: 782 298 118 49 24 9 4 1
221225|Survivor|1: 806 298 118 49 24 9 4 1
221227|Child_Cross12|17: 813 298 118 49 24 9 4 1
221229|Child_Cross21|46: 807 298 118 49 24 9 4 1
221231|Child_Cross21|58: 801 298 118 49 24 9 4 1
221233|Child_Avg|51: 811 298 118 49 24 9 4 1
221237|Child_Avg|47: 809 298 118 49 24 9 4 1
221238|Child_Cross21|58: 802 298 118 49 24 9 4 1
221240|Child_Cross21|58: 808 298 118 49 24 9 4 1
221244|Child_CrossABC2|2: 793 298 118 49 24 9 4 1
221251|Child_Cross12|1: 795 298 118 49 24 9 4 1
221259|Child_Avg|51: 797 298 118 49 24 9 4 1
221260|Child_Cross12|37: 815 298 118 49 24 9 4 1
221268|Child_CrossABC2|2: 798 298 118 49 24 9 4 1
221276|Child_Avg|39: 794 298 118 49 24 9 4 1
221290|Child_Cross12|29: 800 298 118 49 24 9 4 1
221295|Child_Cross21|10: 876 298 118 49 24 9 4 1
221297|Child_Cross21|46: 817 298 118 49 24 9 4 1
221301|Child_CrossABC2|2: 827 298 118 49 24 9 4 1
221327|Child_Avg|47: 775 298 118 49 24 9 4 1
221329|Child_Cross12|53: 810 298 118 49 24 9 4 1
221355|Survivor|1: 822 290 114 49 24 9 4 1
221358|Child_Cross21|18: 745 291 111 49 24 9 4 1
221364|Child_Avg|15: 898 290 114 49 24 9 4 1
221368|Child_Avg|51: 812 289 106 49 24 9 4 1
221378|Child_Cross12|57: 810 290 114 49 24 9 4 1
221379|Child_Cross21|14: 897 290 114 49 24 9 4 1
221380|Child_Cross21|26: 862 292 126 49 24 9 4 1
221391|Child_Cross12|49: 911 290 114 49 24 9 4 1
221407|Child_Cross21|14: 812 293 118 49 24 9 4 1
221410|Child_Cross12|49: 787 291 117 49 24 9 4 1
221413|Child_Cross12|49: 819 290 114 49 24 9 4 1
221511|Survivor|1: 824 262 102 43 20 9 4 1
221559|Child_Levy|16: 854 277 125 47 23 10 4 1
221730|Survivor|1: 860 291 121 51 23 10 4 1
221751|Survivor|1: 857 279 122 47 23 10 4 1
221876|Survivor|1: 850 294 115 50 19 10 4 1
221915|Survivor|1: 855 318 116 45 21 10 4 1
221923|Survivor|1: 872 313 116 45 21 10 4 1
221939|Child_CrossABC1|1: 873 318 116 45 21 10 4 1
221942|Survivor|1: 877 318 116 45 21 10 4 1
221977|Child_Cross21|38: 859 319 117 44 23 10 4 1
221980|Child_Cross12|25: 885 319 117 44 23 10 4 1
221990|Survivor|1: 900 319 117 44 23 10 4 1
222109|Child_CrossABC1|7: 814 252 109 45 21 10 4 1
222114|Child_CrossABC2|8: 823 251 109 45 21 10 4 1
222119|Survivor|1: 839 248 109 45 21 10 4 1
222288|Child_Cross12|13: 859 304 108 51 23 10 4 1
222308|Survivor|1: 822 265 111 47 24 9 4 1
222327|Child_Levy|56: 798 285 104 46 21 10 4 1
222454|Survivor|1: 792 259 92 39 20 9 4 1
222518|Child_LevyABC2|6: 819 326 118 55 24 9 4 1
222744|Child_Cross12|5|Mutated: 818 296 109 49 24 9 4 1
222754|Survivor|1: 831 296 116 49 24 9 4 1
222869|Survivor|1: 1128 331 158 59 24 9 4 1
222887|Child_Cross21|34: 1164 351 130 46 24 9 4 1
222890|Child_Cross21|22: 1116 313 124 46 24 9 4 1
222899|Child_Cross21|58: 1188 351 130 46 24 9 4 1
222900|Child_Cross12|45: 1144 327 124 46 24 9 4 1
222904|Child_Cross12|41: 1155 329 124 46 24 9 4 1
222905|Child_Cross12|41: 1172 351 130 46 24 9 4 1
222918|Child_CrossABC2|8: 1157 351 130 46 24 9 4 1
222927|Child_Avg|15: 1148 351 130 46 24 9 4 1
222929|Child_Cross12|13: 1149 351 130 46 24 9 4 1
222930|Child_CrossABC2|8: 1202 351 130 46 24 9 4 1
222977|Survivor|1: 799 285 122 46 24 9 4 1
223002|Survivor|1: 782 284 127 43 24 9 4 1
223021|Child_Cross21|54: 822 267 122 43 24 9 4 1
223070|Child_Cross21|2: 771 284 127 43 24 9 4 1
223072|Survivor|1: 780 284 127 43 24 9 4 1
223077|Child_Cross12|57: 778 284 127 43 24 9 4 1
223258|Child_CrossABC1|7: 880 347 150 52 24 9 4 1
223400|Child_Avg|51|Mutated: 776 263 113 46 24 9 4 1
223420|Child_Avg|59: 764 252 103 45 21 10 4 1
223590|Survivor|1: 735 273 111 52 24 9 4 1
223605|Survivor|1: 930 277 111 47 23 10 4 1
223719|Child_CrossABC1|1: 936 333 126 51 23 10 4 1
223724|Child_CrossABC2|8: 887 329 141 57 23 10 4 1
223781|Child_CrossABC2|8|Mutated: 863 244 111 48 20 9 4 1
223913|Child_Avg|11|Mutated: 1241 326 113 61 23 10 4 1
224016|Child_Cross21|22|Mutated: 1082 335 147 63 27 10 4 1
224027|Survivor|1: 1067 341 146 61 23 10 4 1
224032|Child_CrossABC1|1: 1094 324 144 57 23 10 4 1
224038|Survivor|1: 1047 317 138 53 24 9 4 1
224044|Survivor|1: 931 338 119 58 24 9 4 1
224097|Survivor|1: 920 357 132 53 24 9 4 1
224100|Survivor|1: 918 356 134 53 24 9 4 1
224104|Child_CrossABC1|7: 912 357 136 55 24 9 4 1
224118|Survivor|1: 914 374 136 55 24 9 4 1
224346|Survivor|1: 806 251 109 49 24 9 4 1
224350|Child_CrossABC2|2: 808 250 109 49 24 9 4 1
224359|Child_CrossABC1|7: 809 250 109 49 24 9 4 1
224360|Child_CrossABC1|7: 815 250 109 49 24 9 4 1
224363|Child_Cross12|25: 830 250 109 49 24 9 4 1
224370|Child_Cross21|46: 813 250 109 49 24 9 4 1
224372|Child_Cross21|10: 790 250 109 49 24 9 4 1
224373|Child_Avg|55: 802 250 109 49 24 9 4 1
224379|Survivor|1: 807 250 109 49 24 9 4 1
224384|Child_Cross12|53: 801 250 109 49 24 9 4 1
224387|Child_Cross21|26: 812 250 109 49 24 9 4 1
224439|Survivor|1: 853 268 111 48 20 9 4 1
224617|Survivor|1: 1180 350 144 53 27 10 4 1
224693|Survivor|1: 840 252 110 57 20 9 4 1
224781|Survivor|1: 775 298 122 47 23 10 4 1
224791|Child_CrossABC1|7: 794 298 122 47 23 10 4 1
224793|Child_Cross12|5: 835 309 125 47 23 10 4 1
224795|Child_Cross21|26: 820 307 125 47 23 10 4 1
224801|Child_Avg|55: 831 309 125 47 23 10 4 1
224810|Child_Cross21|34: 806 308 125 47 23 10 4 1
224818|Child_Cross21|54: 812 308 125 47 23 10 4 1
224860|Child_CrossABC2|8: 837 289 104 49 21 10 4 1
224885|Survivor|1: 825 296 104 49 21 10 4 1
225016|Child_Avg|43: 1160 311 123 43 24 9 4 1
225031|Child_Levy|12: 1118 366 143 57 21 10 4 1
225042|Child_Cross21|2: 1966 742 295 113 48 20 9 4 1
225087|Survivor|1: 818 313 106 46 24 9 4 1
225134|Child_Avg|31: 751 266 105 43 20 9 4 1
225139|Survivor|1: 819 282 105 43 20 9 4 1
225144|Child_Cross21|10: 742 282 105 43 20 9 4 1
225148|Child_Cross21|18: 783 271 107 43 20 9 4 1
225153|Child_Cross21|34: 822 269 107 43 20 9 4 1
225189|Child_Cross21|22: 799 269 107 43 20 9 4 1
225538|Child_Avg|39: 1415 385 147 58 23 10 4 1
225640|Survivor|1: 887 268 107 45 21 10 4 1
226392|Child_Levy|44: 821 307 123 53 24 9 4 1
226396|Child_Avg|11: 822 311 125 52 24 9 4 1
226424|Survivor|1: 825 313 132 53 24 9 4 1
226494|Child_CrossABC2|8: 792 309 113 47 23 10 4 1
226571|Survivor|1: 1076 304 114 53 24 9 4 1
226577|Survivor|1: 1050 306 122 53 24 9 4 1
226585|Child_CrossABC2|8: 761 306 122 53 24 9 4 1
226631|Survivor|1: 983 343 136 55 24 9 4 1
226644|Survivor|1: 958 275 115 49 24 9 4 1
226656|Survivor|1: 908 275 119 49 24 9 4 1
226668|Child_Cross12|17: 911 265 103 43 24 9 4 1
226782|Survivor|1: 791 245 109 47 23 10 4 1
226787|Child_Cross12|17: 793 245 109 47 23 10 4 1
226981|Survivor|1: 781 286 111 46 24 9 4 1
227066|Child_Cross12|45|Mutated: 1134 325 128 60 21 10 4 1
227151|Child_CrossABC2|2: 784 271 110 43 20 9 4 1
227155|Child_Avg|39: 786 272 110 43 20 9 4 1
227169|Child_CrossABC2|2: 797 267 107 43 20 9 4 1
227202|Child_Avg|23: 765 266 107 43 20 9 4 1
227409|Survivor|1: 889 285 124 46 24 9 4 1
227414|Child_Avg|55: 947 283 124 46 24 9 4 1
227569|Survivor|1: 782 305 117 49 24 9 4 1
227587|Survivor|1: 936 334 126 47 23 10 4 1
227615|Survivor|1: 823 291 122 46 24 9 4 1
227685|Survivor|1: 1135 315 136 59 24 9 4 1
227707|Survivor|1: 817 341 108 46 24 9 4 1
227878|Child_CrossABC2|2: 1084 343 129 50 24 9 4 1
227904|Child_CrossABC1|7: 1249 323 129 52 24 9 4 1
227914|Survivor|1: 1074 319 129 52 24 9 4 1
228076|Survivor|1: 833 258 102 47 21 10 4 1
228080|Survivor|1: 809 247 103 45 21 10 4 1
228088|Child_Avg|35: 897 317 134 51 23 10 4 1
228188|Child_Avg|51: 777 263 105 43 20 9 4 1
228251|Survivor|1: 777 304 128 47 21 10 4 1
228259|Survivor|1: 1113 341 136 49 24 9 4 1
228277|Survivor|1: 1243 334 132 49 24 9 4 1
228289|Child_CrossABC1|7: 1267 331 130 56 24 9 4 1
228291|Child_LevyABC1|5: 1248 338 134 53 24 9 4 1
228305|Child_Avg|3: 1200 329 134 50 24 9 4 1
228312|Child_CrossABC1|7: 1231 333 129 53 24 9 4 1
228319|Child_CrossABC2|8: 1154 315 125 58 23 10 4 1
228332|Child_CrossABC2|8: 1267 330 134 58 21 10 4 1
228348|Survivor|1: 1264 341 134 58 21 10 4 1
228356|Child_CrossABC2|8: 959 287 127 57 21 10 4 1
228357|Child_CrossABC1|7: 1046 287 127 57 21 10 4 1
228360|Child_Cross21|10: 1046 286 124 55 21 10 4 1
228364|Survivor|1: 1009 287 125 56 21 10 4 1
228370|Survivor|1: 1004 292 124 55 21 10 4 1
228388|Survivor|1: 987 292 121 49 21 10 4 1
228495|Survivor|1: 1036 291 115 56 21 10 4 1
228505|Survivor|1: 1180 284 122 56 21 10 4 1
228518|Survivor|1: 1180 288 122 56 21 10 4 1
228638|Child_Avg|55|Mutated: 1266 371 165 72 27 10 4 1
228639|Child_CrossABC2|2: 1169 371 165 72 27 10 4 1
228643|Child_Cross12|13: 1239 371 165 72 27 10 4 1
228644|Child_CrossABC1|7: 1232 371 165 72 27 10 4 1
228672|Survivor|1: 1057 340 137 53 24 9 4 1
228691|Survivor|1: 1149 335 132 50 24 9 4 1
228697|Child_Cross12|9: 1075 338 136 49 24 9 4 1
228707|Child_Cross12|57: 1103 321 133 49 24 9 4 1
228708|Child_Cross12|29: 1092 321 133 49 24 9 4 1
228714|Child_Avg|11: 1101 320 133 49 24 9 4 1
228718|Child_Avg|3: 1114 321 133 49 24 9 4 1
228719|Child_Cross21|42: 1142 321 133 49 24 9 4 1
228721|Child_Cross12|1: 1173 321 133 49 24 9 4 1
228725|Child_Avg|27: 1105 320 133 49 24 9 4 1
228726|Child_Cross12|9: 1140 320 133 49 24 9 4 1
228727|Child_Cross12|5: 1199 320 133 49 24 9 4 1
228730|Child_Avg|35: 1120 320 133 49 24 9 4 1
228733|Child_Avg|19: 1139 320 133 49 24 9 4 1
228736|Child_Avg|51: 1130 320 133 49 24 9 4 1
228741|Child_Cross21|10: 1115 320 133 49 24 9 4 1
228751|Child_Cross21|54: 1184 320 133 49 24 9 4 1
228752|Child_Cross21|58: 1125 320 133 49 24 9 4 1
228753|Child_Avg|3: 1157 320 133 49 24 9 4 1
228755|Child_Avg|55: 1159 320 133 49 24 9 4 1
228759|Child_Avg|11: 1174 320 133 49 24 9 4 1
228761|Child_Cross21|6: 1155 320 133 49 24 9 4 1
228762|Child_Cross12|25: 1150 320 133 49 24 9 4 1
228765|Child_Avg|43: 1165 320 133 49 24 9 4 1
228766|Child_Cross21|58: 1136 309 133 49 24 9 4 1
228767|Child_Cross21|38: 1145 320 133 49 24 9 4 1
228771|Child_Cross21|58: 1164 320 133 49 24 9 4 1
228772|Child_Cross12|17: 1154 320 133 49 24 9 4 1
228773|Child_Cross21|18: 1182 321 133 49 24 9 4 1
228778|Child_Cross12|1: 1175 321 133 49 24 9 4 1
228782|Child_Cross12|37: 1192 320 133 49 24 9 4 1
228783|Child_CrossABC2|8: 1190 320 133 49 24 9 4 1
228797|Child_Avg|47: 1175 320 133 49 24 9 4 1
228798|Child_Cross12|5: 1162 320 133 49 24 9 4 1
228803|Child_Avg|11: 1185 320 133 49 24 9 4 1
228806|Child_Cross12|45: 1144 320 133 49 24 9 4 1
228811|Child_Avg|59: 1169 320 133 49 24 9 4 1
228819|Child_CrossABC1|1: 1120 320 119 49 24 9 4 1
228836|Child_Cross12|1: 1136 320 133 49 24 9 4 1
228837|Child_Cross21|18: 1194 320 133 49 24 9 4 1
228843|Child_Cross12|5: 1179 320 133 49 24 9 4 1
228847|Child_Cross12|9: 1193 320 133 49 24 9 4 1
228852|Child_Cross12|33: 1218 320 133 49 24 9 4 1
228858|Child_Cross21|14: 1233 320 133 49 24 9 4 1
228867|Child_Avg|19: 1209 320 133 49 24 9 4 1
228877|Child_CrossABC2|2: 1240 332 133 49 24 9 4 1
228879|Child_Cross21|34: 1183 320 133 49 24 9 4 1
228881|Child_Cross21|30: 1189 320 133 49 24 9 4 1
228935|Survivor|1: 1183 332 126 49 24 9 4 1
228944|Child_CrossABC1|1: 1207 313 114 50 24 9 4 1
228946|Child_CrossABC2|8: 1165 318 117 46 24 9 4 1
228972|Survivor|1: 1124 307 118 43 24 9 4 1
229136|Child_Cross21|2: 1113 322 134 45 21 10 4 1
229151|Child_Cross21|18: 1190 324 134 45 21 10 4 1
229153|Child_Cross12|1: 1187 323 134 45 21 10 4 1
229176|Child_Cross21|30: 1174 322 134 45 21 10 4 1
229182|Child_Cross21|42: 1184 322 134 45 21 10 4 1
229195|Child_Cross21|22: 1173 322 134 45 21 10 4 1
229196|Child_Avg|39: 1174 323 134 45 21 10 4 1
229198|Child_CrossABC1|1: 1176 322 134 45 21 10 4 1
229247|Child_Cross21|26: 1179 324 134 45 21 10 4 1
229267|Child_Avg|35: 1177 323 134 45 21 10 4 1
229269|Child_Cross12|13: 1188 323 134 45 21 10 4 1
229277|Child_Cross12|33: 1195 322 134 45 21 10 4 1
229285|Child_Cross12|41: 1198 323 134 45 21 10 4 1
229290|Child_Cross12|25: 1209 323 134 45 21 10 4 1
229478|Survivor|1|Mutated: 831 271 122 47 21 10 4 1
229531|Child_Cross12|49: 802 308 113 43 24 9 4 1
229906|Child_CrossABC2|2: 745 272 113 55 21 10 4 1
229908|Survivor|1: 747 283 108 58 23 10 4 1
229914|Survivor|1: 773 236 102 52 19 10 4 1
229926|Survivor|1: 761 274 103 51 19 10 4 1
229929|Survivor|1: 760 274 103 51 19 10 4 1
229945|Survivor|1: 819 284 113 48 20 9 4 1
230076|Child_Cross12|13: 802 261 106 45 21 10 4 1
230110|Survivor|1: 795 240 107 45 21 10 4 1
230233|Child_CrossABC2|2: 1284 367 135 47 24 9 4 1
230266|Child_Avg|27: 922 347 126 52 24 9 4 1
230293|Child_Cross12|9: 859 245 107 43 20 9 4 1
230321|Child_Cross12|25: 817 245 107 43 20 9 4 1
230361|Child_Avg|59: 803 243 107 43 20 9 4 1
230487|Child_Cross12|45: 888 264 107 43 20 9 4 1
230544|Survivor|1: 1369 391 144 55 29 9 4 1
230720|Child_CrossABC1|1: 784 274 109 46 20 9 4 1
230734|Survivor|1: 775 272 107 43 20 9 4 1
230746|Survivor|1: 776 272 110 43 20 9 4 1
230759|Child_Avg|43|Mutated: 782 271 107 43 20 9 4 1
230777|Survivor|1: 727 287 107 43 20 9 4 1
230972|Survivor|1: 910 260 122 47 23 10 4 1
230999|Child_Cross21|6: 854 259 118 43 24 9 4 1
231339|Survivor|1: 770 304 121 46 24 9 4 1
231371|Child_Avg|35: 796 315 118 43 24 9 4 1
231375|Survivor|1: 800 315 118 43 24 9 4 1
231385|Child_Cross12|33: 793 315 118 43 24 9 4 1
231407|Child_Avg|27: 804 315 118 43 24 9 4 1
231412|Child_Avg|19: 792 315 118 43 24 9 4 1
231415|Child_Cross12|21: 828 315 118 43 24 9 4 1
231749|Child_CrossABC1|1: 1279 406 154 60 23 10 4 1
231784|Child_Cross12|41: 982 351 122 47 23 10 4 1
231793|Survivor|1: 1132 347 135 48 23 10 4 1
231896|Survivor|1: 941 305 112 47 23 10 4 1
232004|Survivor|1: 828 270 107 43 20 9 4 1
232089|Survivor|1: 1145 320 121 49 21 10 4 1
232108|Child_Cross12|41: 1109 305 117 49 21 10 4 1
232115|Survivor|1: 1107 308 115 49 21 10 4 1
232428|Child_CrossABC2|8: 788 291 118 43 24 9 4 1
232443|Child_Cross12|49|Mutated: 788 291 118 50 24 9 4 1
232458|Survivor|1: 769 291 118 43 24 9 4 1
232592|Survivor|1: 1109 307 136 61 23 10 4 1
232636|Child_CrossABC2|2: 913 292 111 46 21 10 4 1
232647|Survivor|1: 892 292 101 46 21 10 4 1
232771|Survivor|1: 781 283 110 46 21 10 4 1
233097|Survivor|1: 802 290 115 50 21 10 4 1
233252|Child_Cross12|9: 895 336 118 58 23 10 4 1
233259|Survivor|1: 745 311 113 58 23 10 4 1
233262|Survivor|1: 732 319 112 57 23 10 4 1
233269|Survivor|1: 863 319 114 55 24 9 4 1
233286|Survivor|1: 802 281 107 52 24 9 4 1
233287|Child_CrossABC2|8: 802 279 107 52 24 9 4 1
233291|Survivor|1: 806 314 114 49 24 9 4 1
233292|Child_CrossABC2|8: 807 316 117 49 24 9 4 1
233293|Child_Avg|23|Mutated: 805 304 113 46 24 9 4 1
233331|Survivor|1: 802 291 114 45 19 10 4 1
233650|Survivor|1: 789 233 109 57 23 10 4 1
233747|Survivor|1: 907 269 106 45 21 10 4 1
233752|Child_Avg|31: 907 271 103 45 21 10 4 1
233784|Child_Cross21|30: 893 271 103 45 21 10 4 1
233786|Child_Avg|59: 886 271 103 45 21 10 4 1
233798|Child_Cross21|54: 874 271 103 45 21 10 4 1
233823|Child_Avg|35: 880 271 103 45 21 10 4 1
233828|Child_Cross12|29: 802 271 103 45 21 10 4 1
233837|Child_Cross21|42: 789 271 103 45 21 10 4 1
233842|Survivor|1: 892 271 103 45 21 10 4 1
233846|Child_Cross12|41: 823 271 103 45 21 10 4 1
233870|Child_Cross21|34: 806 263 103 45 21 10 4 1
233875|Child_Cross12|57: 887 271 103 45 21 10 4 1
233881|Child_Cross12|53: 894 271 103 45 21 10 4 1
233900|Child_Cross12|21: 881 271 103 45 21 10 4 1
233929|Child_Cross21|46: 899 271 103 45 21 10 4 1
233946|Child_Cross21|2: 822 271 103 45 21 10 4 1
233964|Child_Cross21|30: 888 271 103 45 21 10 4 1
233979|Child_CrossABC1|1: 836 271 103 45 21 10 4 1
234010|Survivor|1: 884 332 115 49 24 9 4 1
234013|Survivor|1: 860 323 118 50 24 9 4 1
234021|Child_Avg|35: 846 319 119 49 24 9 4 1
234029|Child_CrossABC2|8: 832 319 117 49 24 9 4 1
234045|Child_CrossABC1|1: 835 316 117 49 24 9 4 1
234047|Child_Avg|23: 824 318 117 49 24 9 4 1
234048|Child_Cross12|17: 839 317 118 49 24 9 4 1
234054|Child_Avg|3: 837 316 117 49 24 9 4 1
234061|Child_Avg|23: 824 316 117 49 24 9 4 1
234068|Child_Cross12|45: 825 318 117 49 24 9 4 1
234076|Child_Avg|35: 828 318 117 49 24 9 4 1
234085|Child_Cross12|33: 822 318 117 49 24 9 4 1
234087|Child_Cross12|29: 830 318 117 49 24 9 4 1
234094|Child_Cross21|18: 947 318 117 49 24 9 4 1
234097|Child_Cross21|26: 829 311 117 49 24 9 4 1
234103|Child_Avg|19: 829 316 117 49 24 9 4 1
234105|Survivor|1: 810 318 117 49 24 9 4 1
234107|Child_Cross21|14: 850 318 117 49 24 9 4 1
234110|Child_CrossABC2|8: 800 318 117 49 24 9 4 1
234117|Child_CrossABC1|1: 810 316 117 49 24 9 4 1
234119|Child_Cross12|17: 801 318 117 49 24 9 4 1
234124|Child_Cross12|25: 815 318 117 49 24 9 4 1
234150|Child_CrossABC2|2: 912 378 151 57 23 10 4 1
234175|Survivor|1: 789 292 111 49 24 9 4 1
234184|Child_Cross21|46: 812 278 111 49 24 9 4 1
234287|Survivor|1: 784 274 105 47 24 9 4 1
234427|Child_Avg|31: 816 304 113 46 24 9 4 1
234437|Survivor|1: 789 297 111 47 24 9 4 1
234487|Survivor|1: 775 293 110 50 24 9 4 1
234737|Survivor|1: 926 289 123 55 24 9 4 1
234815|Child_Avg|35: 739 245 107 43 20 9 4 1
234909|Survivor|1: 800 279 105 49 24 9 4 1
234991|Survivor|1: 1088 402 156 57 23 10 4 1
235056|Survivor|1: 819 292 113 43 24 9 4 1
235106|Survivor|1: 816 315 122 46 24 9 4 1
235118|Child_Cross12|29: 781 315 118 43 24 9 4 1
235172|Child_Cross12|29: 752 299 112 43 24 9 4 1
235192|Child_Cross12|57: 803 299 112 43 19 10 4 1
235232|Child_Cross21|46: 749 299 112 43 19 10 4 1
235244|Child_Cross21|46: 778 299 112 43 19 10 4 1
235257|Child_Cross21|22: 783 299 112 43 19 10 4 1
235270|Child_Avg|31: 772 299 112 43 19 10 4 1
235282|Child_Avg|59: 789 299 112 43 19 10 4 1
235289|Child_Avg|7: 786 299 112 43 19 10 4 1
235292|Child_Cross12|45: 792 299 112 43 19 10 4 1
235293|Child_Cross12|21: 771 299 112 43 19 10 4 1
235299|Child_Cross12|45: 763 299 112 43 19 10 4 1
235301|Child_Cross12|49: 775 299 112 43 19 10 4 1
235305|Child_Cross21|30: 795 299 112 43 19 10 4 1
235318|Child_Cross21|34: 793 299 112 43 19 10 4 1
235370|Survivor|1: 806 258 104 45 21 10 4 1
235399|Child_Cross21|22: 796 251 96 41 19 10 4 1
235406|Child_Avg|27: 824 251 96 41 19 10 4 1
235413|Child_Cross12|25: 806 251 96 41 19 10 4 1
235426|Child_Cross21|26: 815 251 96 41 19 10 4 1
235429|Child_Cross12|49: 801 251 96 41 19 10 4 1
235432|Survivor|1: 805 251 96 41 19 10 4 1
235457|Child_Cross21|42: 811 251 96 41 19 10 4 1
235489|Child_Avg|59: 814 251 96 41 19 10 4 1
235570|Survivor|1: 943 328 119 54 23 10 4 1
235745|Child_Cross21|50: 974 311 116 50 24 9 4 1
235757|Child_Cross21|10: 928 331 118 50 24 9 4 1
235775|Survivor|1: 943 338 118 45 21 10 4 1
235788|Survivor|1: 783 242 113 45 21 10 4 1
235834|Survivor|1: 902 313 116 43 20 9 4 1
235839|Child_LevyABC1|5: 962 289 125 49 21 10 4 1
235851|Child_Levy|60: 722 269 111 48 20 9 4 1
235889|Survivor|1: 816 288 117 46 24 9 4 1
235894|Child_CrossABC1|7: 817 289 121 46 24 9 4 1
236172|Survivor|1: 797 313 115 62 27 10 4 1
236232|Survivor|1: 746 310 133 49 24 9 4 1
236306|Child_Cross12|37: 913 322 127 43 24 9 4 1
236330|Child_Cross12|5: 888 322 127 43 24 9 4 1
236345|Child_Cross21|14: 885 322 127 43 24 9 4 1
236499|Survivor|1: 890 297 108 46 24 9 4 1
236652|Survivor|1: 820 311 128 46 24 9 4 1
236680|Survivor|1: 875 342 117 56 24 9 4 1
236882|Survivor|1: 1143 333 126 44 24 9 4 1
236894|Child_CrossABC1|1: 1119 331 122 46 24 9 4 1
237102|Child_CrossABC2|8: 1139 336 133 53 24 9 4 1
237108|Child_CrossABC2|8: 1152 343 139 56 25 9 4 1
237109|Child_Cross21|6: 1152 343 139 56 24 9 4 1
237116|Child_CrossABC2|8: 1155 361 142 64 24 9 4 1
237164|Child_CrossABC1|7: 783 246 103 50 24 9 4 1
237198|Child_CrossABC1|7: 851 333 122 54 23 10 4 1
237204|Survivor|1: 845 347 138 59 24 9 4 1
237264|Child_Cross12|17: 1140 353 145 55 24 9 4 1
237278|Child_CrossABC2|8: 1083 339 133 56 24 9 4 1
237283|Child_CrossABC1|1: 1030 314 126 49 24 9 4 1
237288|Child_CrossABC1|7: 1180 314 126 49 24 9 4 1
237289|Child_CrossABC2|2: 1124 314 126 49 24 9 4 1
237290|Child_CrossABC1|7|Mutated: 1149 314 126 49 24 9 4 1
237295|Child_CrossABC1|1: 1152 312 126 49 24 9 4 1
237297|Child_CrossABC2|2: 1158 312 126 49 24 9 4 1
237298|Child_CrossABC1|1: 1154 314 126 49 24 9 4 1
237303|Child_CrossABC2|8: 1141 312 126 49 24 9 4 1
237305|Child_CrossABC2|8: 1277 314 126 49 24 9 4 1
237309|Child_CrossABC1|1: 1108 312 126 49 24 9 4 1
237312|Child_CrossABC2|2: 1266 314 126 49 24 9 4 1
237316|Child_Cross12|57: 1258 313 126 49 24 9 4 1
237317|Child_Cross12|25: 1183 312 126 49 24 9 4 1
237321|Child_Avg|59: 1172 312 126 49 24 9 4 1
237322|Child_Cross12|37: 1203 316 126 49 24 9 4 1
237323|Child_Cross12|9: 1173 311 126 49 24 9 4 1
237324|Child_Cross21|38: 1208 314 126 49 24 9 4 1
237326|Child_Avg|35: 1193 313 126 49 24 9 4 1
237327|Child_Cross12|25: 1197 312 126 49 24 9 4 1
237329|Child_CrossABC1|7: 1198 314 126 49 24 9 4 1
237330|Child_Cross12|25: 1200 312 126 49 24 9 4 1
237332|Child_Avg|51: 1204 314 126 49 24 9 4 1
237333|Child_Cross12|25: 1209 313 126 49 24 9 4 1
237335|Child_Avg|23: 1189 314 126 49 24 9 4 1
237339|Child_Avg|19: 1204 312 126 49 24 9 4 1
237344|Child_Avg|3: 1205 313 126 49 24 9 4 1
237345|Child_Cross12|21: 1191 312 126 49 24 9 4 1
237346|Child_CrossABC2|8: 1211 314 126 49 24 9 4 1
237349|Child_Cross12|25: 1201 312 126 49 24 9 4 1
237353|Child_Avg|27: 1202 313 126 49 24 9 4 1
237354|Child_Cross21|26: 1203 312 126 49 24 9 4 1
237356|Child_Cross21|26: 1196 312 126 49 24 9 4 1
237368|Child_Cross21|58: 1215 312 126 49 24 9 4 1
237370|Child_Cross12|17: 1208 312 126 49 24 9 4 1
237374|Survivor|1: 1207 312 126 49 24 9 4 1
237377|Child_Cross12|53: 1211 312 126 49 24 9 4 1
237378|Child_Avg|23: 1206 312 126 49 24 9 4 1
237379|Child_Cross21|26: 1202 312 126 49 24 9 4 1
237383|Child_Cross21|30: 1180 312 126 49 24 9 4 1
237387|Child_Cross12|17: 1210 312 126 49 24 9 4 1
237398|Child_Avg|27: 1204 337 126 49 24 9 4 1
237400|Child_Avg|7: 1169 312 126 49 24 9 4 1
237405|Child_Cross12|5: 1103 312 126 49 24 9 4 1
237411|Child_Cross21|46: 1190 312 126 49 24 9 4 1
237413|Child_Avg|23: 1193 312 126 49 24 9 4 1
237417|Child_Avg|27: 1225 312 126 49 24 9 4 1
237422|Child_Avg|47: 1222 312 126 49 24 9 4 1
237423|Child_Cross21|18: 1235 312 126 49 24 9 4 1
237432|Child_Cross21|26: 1212 312 126 49 24 9 4 1
237433|Child_Cross21|18: 1219 312 126 49 24 9 4 1
237440|Child_Avg|31: 1223 312 126 49 24 9 4 1
237450|Child_Cross12|13: 1224 312 126 49 24 9 4 1
237458|Child_Cross21|34: 1211 311 126 49 24 9 4 1
237459|Child_Cross21|30: 1109 312 126 49 24 9 4 1
237460|Child_Avg|7: 1210 311 126 49 24 9 4 1
237462|Child_Avg|23: 1207 311 129 49 24 9 4 1
237463|Child_Avg|43: 1206 313 126 49 24 9 4 1
237464|Child_Avg|11: 1207 311 126 49 24 9 4 1
237468|Child_Avg|43: 1208 311 126 49 24 9 4 1
237470|Child_CrossABC1|1: 1204 311 126 49 24 9 4 1
237477|Child_Cross12|13: 1197 311 126 49 24 9 4 1
237478|Child_Cross21|22: 1201 311 126 49 24 9 4 1
237494|Child_Avg|11: 1189 311 126 49 24 9 4 1
237499|Child_Cross21|50: 1198 311 126 49 24 9 4 1
237504|Child_Cross21|22: 1163 314 126 49 24 9 4 1
237508|Child_Cross12|45: 1193 314 126 49 24 9 4 1
237510|Child_Avg|3: 1201 313 126 49 24 9 4 1
237514|Child_Avg|47: 1198 313 126 49 24 9 4 1
237515|Child_Cross12|9: 1176 313 126 49 24 9 4 1
237533|Child_CrossABC2|2: 1098 314 126 49 24 9 4 1
237535|Child_CrossABC1|7: 1080 314 126 49 24 9 4 1
237555|Survivor|1: 1022 299 121 46 24 9 4 1
237585|Child_Avg|15: 901 314 130 49 24 9 4 1
237599|Survivor|1: 953 314 126 49 24 9 4 1
237604|Child_CrossABC1|7: 855 314 126 49 24 9 4 1
237610|Survivor|1: 869 319 129 50 24 9 4 1
237614|Child_CrossABC1|1: 867 317 129 50 24 9 4 1
237616|Survivor|1: 865 323 129 50 24 9 4 1
237619|Survivor|1: 888 317 129 52 24 9 4 1
237625|Survivor|1: 911 316 127 52 24 9 4 1
237627|Child_Levy|36: 943 303 127 53 24 9 4 1
237677|Survivor|1: 796 295 114 43 20 9 4 1
237885|Survivor|1: 894 283 104 43 20 9 4 1
237931|Child_CrossABC1|1: 806 304 121 51 23 10 4 1
237933|Child_CrossABC2|8: 826 300 121 51 23 10 4 1
237943|Child_Cross12|53: 804 284 113 43 24 9 4 1
237965|Child_Avg|51: 787 284 113 43 20 9 4 1
238047|Child_Avg|39|Mutated: 1213 347 148 63 27 10 4 1
238052|Child_Avg|3|Mutated: 1156 343 145 62 27 10 4 1
238074|Survivor|1: 1089 293 125 47 23 10 4 1
238227|Child_CrossABC2|2: 800 256 101 48 20 9 4 1
238233|Survivor|1: 816 254 110 43 20 9 4 1
238337|Survivor|1: 968 271 108 46 24 9 4 1
238367|Survivor|1: 813 282 132 65 24 9 4 1
238421|Survivor|1: 796 329 128 49 21 10 4 1
238435|Survivor|1: 808 314 119 46 20 9 4 1
238450|Child_Cross21|14: 740 304 113 45 21 10 4 1
238451|Child_CrossABC2|2: 814 321 131 46 21 10 4 1
238516|Survivor|1: 831 292 109 47 23 10 4 1
238517|Child_CrossABC1|7: 885 308 124 51 23 10 4 1
238528|Child_Cross21|34: 785 292 109 47 23 10 4 1
238534|Child_Cross12|1: 785 295 111 47 23 10 4 1
238538|Child_CrossABC1|1: 786 292 109 47 23 10 4 1
238547|Child_Avg|27: 800 294 108 45 23 10 4 1
238966|Child_Avg|3: 843 314 126 49 24 9 4 1
238995|Survivor|1: 796 288 118 43 24 9 4 1
239017|Child_Cross12|17: 790 280 118 43 24 9 4 1
239075|Child_Avg|47: 801 283 118 43 24 9 4 1
239081|Child_Cross21|58: 808 283 118 43 24 9 4 1
239139|Child_Cross12|41: 921 283 118 43 24 9 4 1
239187|Survivor|1: 789 246 118 43 20 9 4 1
239197|Child_CrossABC1|1: 783 244 116 43 20 9 4 1
239232|Child_Levy|28: 815 258 114 53 24 9 4 1
239236|Child_CrossABC2|2: 814 258 114 53 24 9 4 1
239238|Child_CrossABC1|1: 814 253 114 53 24 9 4 1
239318|Survivor|1: 813 276 110 49 24 9 4 1
239333|Survivor|1: 810 262 108 49 24 9 4 1
239348|Survivor|1|Mutated: 804 261 108 46 24 9 4 1
239432|Survivor|1: 800 249 103 44 21 10 4 1
239443|Child_Cross21|46: 816 247 103 44 21 10 4 1
239473|Child_Avg|11: 812 249 103 44 21 10 4 1
239478|Child_CrossABC2|8: 814 249 103 56 21 10 4 1
239490|Survivor|1: 816 249 103 49 21 10 4 1
239503|Child_Cross21|38: 817 249 103 44 21 10 4 1
239547|Child_CrossABC2|2: 827 249 103 44 21 10 4 1
239637|Survivor|1: 832 244 107 43 20 9 4 1
239653|Survivor|1: 834 243 107 43 20 9 4 1
239753|Survivor|1: 825 264 106 45 21 10 4 1
239811|Survivor|1: 782 269 118 43 20 9 4 1
239958|Survivor|1: 909 259 112 47 21 10 4 1
240065|Child_Avg|51: 1048 297 135 55 24 9 4 1
240081|Survivor|1: 1062 294 131 55 24 9 4 1
240089|Survivor|1: 889 275 115 49 24 9 4 1
240098|Child_Cross21|18: 886 275 117 49 24 9 4 1
240140|Survivor|1: 889 275 117 56 24 9 4 1
240146|Survivor|1|Mutated: 897 284 117 57 23 10 4 1
240162|Child_Cross12|45: 916 313 121 55 24 9 4 1
240181|Child_Cross12|37: 899 272 111 47 24 9 4 1
240201|Child_Cross12|41: 828 272 111 47 23 10 4 1
240207|Child_Avg|51: 804 272 111 47 23 10 4 1
240221|Child_Cross21|34: 781 272 111 47 23 10 4 1
240224|Child_Cross21|54: 801 272 111 47 23 10 4 1
240239|Child_Cross12|45: 791 290 111 47 23 10 4 1
240241|Child_Cross12|13: 798 272 111 47 23 10 4 1
240243|Child_Cross12|21: 761 272 111 47 23 10 4 1
240248|Child_Cross12|21: 787 284 109 47 23 10 4 1
240267|Survivor|1: 786 266 111 47 23 10 4 1
240270|Child_Cross12|41: 783 277 109 47 23 10 4 1
240273|Child_Cross21|30: 774 272 111 47 23 10 4 1
240278|Child_Cross21|18: 778 272 111 47 23 10 4 1
240303|Child_CrossABC2|8: 796 270 109 47 23 10 4 1
240305|Child_Cross21|6: 779 293 109 47 23 10 4 1
240313|Child_Avg|55: 776 277 109 47 23 10 4 1
240315|Child_Cross21|46: 777 285 109 47 23 10 4 1
240320|Child_Avg|31: 781 292 109 47 23 10 4 1
240326|Child_Cross21|22: 779 285 109 47 23 10 4 1
240327|Child_Avg|7: 774 285 109 47 23 10 4 1
240328|Child_Avg|59: 779 284 109 47 23 10 4 1
240332|Child_Cross12|17: 772 285 109 47 23 10 4 1
240343|Child_CrossABC2|8: 830 299 109 47 23 10 4 1
240346|Child_Avg|43: 785 284 109 47 23 10 4 1
240359|Child_Cross12|5: 788 292 109 47 23 10 4 1
240372|Child_Cross12|41: 770 284 109 47 23 10 4 1
240373|Child_Cross12|37: 761 284 109 47 23 10 4 1
240381|Child_Cross12|33: 776 284 109 47 23 10 4 1
240389|Child_Cross12|45: 784 284 109 47 23 10 4 1
240398|Child_Cross12|57: 783 284 109 47 23 10 4 1
240410|Child_Cross12|13: 791 262 109 47 23 10 4 1
240418|Child_Cross21|10: 774 284 109 47 23 10 4 1
240552|Child_Levy|56: 882 322 118 53 19 10 4 1
240591|Survivor|1: 891 324 115 52 24 9 4 1
240654|Child_Avg|3: 772 296 109 44 20 9 4 1
240942|Survivor|1: 852 267 133 55 20 9 4 1
240950|Survivor|1: 819 259 111 48 20 9 4 1
240962|Survivor|1: 864 325 115 49 24 9 4 1
240963|Child_Avg|51: 1109 343 129 50 24 9 4 1
240979|Survivor|1: 952 290 118 49 21 10 4 1
240986|Child_Avg|47: 888 275 116 46 20 9 4 1
241006|Child_Cross12|45: 897 283 118 43 20 9 4 1
241335|Survivor|1: 830 300 135 52 24 9 4 1
241354|Survivor|1: 910 323 124 47 23 10 4 1
241394|Survivor|1: 1117 325 125 44 23 10 4 1
241420|Survivor|1: 1119 332 125 44 23 10 4 1
241479|Survivor|1: 947 269 115 48 21 10 4 1
241490|Survivor|1: 792 281 104 43 20 9 4 1
241524|Child_Avg|7: 793 278 102 43 20 9 4 1
241551|Child_Cross12|13: 801 278 102 43 20 9 4 1
241554|Child_Cross21|30: 795 284 101 43 20 9 4 1
241558|Survivor|1: 795 292 101 48 20 9 4 1
241640|Child_Avg|11: 851 267 107 43 20 9 4 1
241688|Child_Cross12|1: 813 269 107 43 20 9 4 1
241701|Survivor|1: 833 269 107 43 20 9 4 1
241711|Child_Cross12|57: 812 269 107 43 20 9 4 1
241745|Child_CrossABC1|1: 816 270 107 43 20 9 4 1
241770|Child_Cross12|9: 816 266 107 43 20 9 4 1
241880|Child_Avg|39: 1193 345 134 50 24 9 4 1
241886|Child_CrossABC1|7: 1190 345 134 50 24 9 4 1
241890|Child_CrossABC2|2: 1186 345 134 50 24 9 4 1
241893|Child_CrossABC2|2: 1194 345 134 50 24 9 4 1
241894|Child_Avg|15: 1156 345 134 50 24 9 4 1
241898|Child_CrossABC1|7: 1138 345 134 50 24 9 4 1
241900|Survivor|1: 1147 345 134 50 24 9 4 1
241902|Child_CrossABC1|7: 1159 345 134 50 24 9 4 1
241913|Survivor|1: 1151 343 132 50 24 9 4 1
241915|Survivor|1: 1207 319 130 46 24 9 4 1
241918|Survivor|1: 1127 319 130 46 24 9 4 1
241928|Survivor|1: 1124 325 132 46 24 9 4 1
241929|Child_Cross21|22: 1175 331 124 46 24 9 4 1
241934|Child_CrossABC1|1: 1114 325 132 46 24 9 4 1
241938|Child_Cross12|37: 1122 323 130 46 24 9 4 1
241942|Survivor|1: 1114 323 130 46 24 9 4 1
241958|Child_Cross12|21: 1123 323 130 46 24 9 4 1
241960|Child_Cross21|46: 1113 323 130 46 24 9 4 1
241962|Child_Cross21|42: 1130 323 130 46 24 9 4 1
241963|Child_Cross12|41: 1163 323 130 46 24 9 4 1
241964|Child_Cross21|38: 1147 323 130 46 24 9 4 1
242141|Child_Cross21|50: 921 323 125 44 23 10 4 1
242147|Child_Avg|43: 928 323 125 44 23 10 4 1
242176|Child_Cross21|30: 878 323 125 44 23 10 4 1
242177|Child_Cross21|2: 855 258 117 44 23 10 4 1
242190|Child_Avg|59: 891 323 125 44 23 10 4 1
242198|Child_Cross21|14: 884 311 125 44 23 10 4 1
242231|Child_Cross21|10: 906 323 125 44 23 10 4 1
242239|Child_Cross12|13: 900 323 125 44 23 10 4 1
242251|Child_Cross12|57: 914 323 125 44 23 10 4 1
242257|Child_Cross21|22: 908 323 125 44 23 10 4 1
242272|Child_Cross21|2: 876 323 125 44 23 10 4 1
242291|Child_Cross21|14: 885 323 125 44 23 10 4 1
242303|Child_Cross21|18: 863 323 125 44 23 10 4 1
242315|Child_Cross12|29: 884 323 125 44 23 10 4 1
242320|Child_Cross12|29: 913 323 125 44 23 10 4 1
242328|Child_Cross12|13|Mutated: 869 323 125 47 23 10 4 1
242340|Child_Avg|19: 869 323 125 44 23 10 4 1
242354|Child_Avg|27: 825 323 125 44 23 10 4 1
242355|Child_Cross12|5: 849 323 125 44 23 10 4 1
242358|Child_Cross21|14: 826 323 125 44 23 10 4 1
242364|Survivor|1: 862 323 125 47 23 10 4 1
242385|Survivor|1: 862 323 125 44 23 10 4 1
242389|Child_Avg|39: 840 323 125 47 23 10 4 1
242390|Child_CrossABC1|7: 867 323 125 47 23 10 4 1
242408|Child_Cross21|46|Mutated: 861 323 125 47 23 10 4 1
242444|Child_Cross21|46: 871 323 125 44 23 10 4 1
242457|Child_Cross21|38: 847 323 125 44 23 10 4 1
242468|Child_Avg|19: 856 323 125 44 23 10 4 1
242487|Child_Cross12|21: 855 323 125 44 23 10 4 1
242500|Survivor|1: 863 323 125 47 23 10 4 1
242502|Child_CrossABC1|7: 872 323 125 47 23 10 4 1
242504|Child_CrossABC1|7|Mutated: 868 323 125 54 23 10 4 1
242538|Child_Cross21|18: 870 323 125 44 23 10 4 1
242539|Child_Cross12|13: 872 323 125 44 23 10 4 1
242545|Child_Cross12|5|Mutated: 870 323 125 49 21 10 4 1
242736|Survivor|1: 913 291 127 47 25 9 4 1
242747|Survivor|1: 911 286 129 55 24 9 4 1
242818|Child_Cross21|54: 728 281 113 43 19 10 4 1
243139|Survivor|1: 708 278 107 46 20 9 4 1
243190|Child_Cross21|34|Mutated: 1166 358 126 47 24 9 4 1
243198|Child_Cross12|29: 937 348 125 47 24 9 4 1
243207|Child_Cross12|13|Mutated: 890 334 126 55 24 9 4 1
243222|Survivor|1|Mutated: 840 334 126 55 24 9 4 1
243224|Child_Cross21|22: 872 334 126 47 24 9 4 1
243226|Child_Cross21|34: 872 334 126 47 23 10 4 1
243229|Child_Cross12|57: 860 324 125 47 23 10 4 1
243231|Child_Cross21|46: 860 325 125 47 23 10 4 1
243232|Child_Cross12|13: 877 325 126 47 23 10 4 1
243239|Child_CrossABC1|7: 865 324 125 47 23 10 4 1
243243|Child_Avg|31|Mutated: 884 324 125 47 23 10 4 1
243245|Child_Cross12|1: 873 324 125 47 23 10 4 1
243247|Child_Cross21|2: 889 325 125 47 23 10 4 1
243259|Child_CrossABC2|8: 876 324 125 47 23 10 4 1
243260|Child_Avg|19: 871 323 125 47 23 10 4 1
243264|Child_Cross12|37: 872 324 125 47 23 10 4 1
243269|Child_Cross12|5: 888 324 125 47 23 10 4 1
243273|Child_Cross21|14: 857 324 125 47 23 10 4 1
243275|Child_Avg|19: 853 324 125 47 23 10 4 1
243276|Child_Cross12|5: 841 324 125 47 23 10 4 1
243277|Child_Avg|55: 885 324 125 47 23 10 4 1
243278|Child_Avg|59: 852 324 125 47 23 10 4 1
243285|Child_Cross12|25: 880 324 125 47 23 10 4 1
243309|Child_Cross21|38: 901 348 125 47 23 10 4 1
243313|Child_CrossABC1|1: 854 324 125 47 23 10 4 1
243315|Child_Cross12|49: 864 324 125 47 23 10 4 1
243316|Child_Cross21|34: 861 324 125 47 23 10 4 1
243330|Child_Cross12|1: 911 324 125 47 23 10 4 1
243334|Child_Cross12|57: 862 317 125 47 23 10 4 1
243346|Child_Avg|7: 842 324 125 47 23 10 4 1
243351|Child_Cross21|42: 863 339 125 47 23 10 4 1
243355|Child_Avg|27: 861 331 125 47 23 10 4 1
243358|Child_Cross21|10: 864 331 125 47 23 10 4 1
243466|Child_Avg|19: 823 289 108 46 24 9 4 1
243679|Child_CrossABC1|7: 812 243 108 46 24 9 4 1
243915|Child_CrossABC1|7: 750 286 102 43 24 9 4 1
244028|Survivor|1: 1119 384 155 52 24 9 4 1
244235|Survivor|1: 896 325 110 58 24 9 4 1
244249|Child_Cross12|17: 802 306 111 47 24 9 4 1
244265|Survivor|1: 892 321 122 56 24 9 4 1
244269|Survivor|1: 900 309 123 56 24 9 4 1
244276|Child_Cross12|33: 1183 327 129 52 24 9 4 1
244295|Child_Cross12|57: 915 297 113 43 24 9 4 1
244297|Child_CrossABC2|8: 809 300 113 43 24 9 4 1
244311|Child_Cross21|30: 793 300 113 43 24 9 4 1
244448|Survivor|1: 781 283 110 46 20 9 4 1
244650|Survivor|1: 1084 326 125 56 24 9 4 1
244812|Survivor|1: 715 245 108 46 24 9 4 1
244880|Survivor|1: 859 321 127 49 21 10 4 1
244891|Child_Avg|3: 869 332 122 47 21 10 4 1
244895|Survivor|1: 822 310 123 47 21 10 4 1
244897|Survivor|1: 821 314 118 45 21 10 4 1
244927|Child_Cross21|42: 800 309 121 43 20 9 4 1
244934|Child_Cross21|34: 788 309 121 43 20 9 4 1
244960|Child_Cross21|42: 802 306 121 43 20 9 4 1
244966|Child_Cross21|26: 809 306 121 43 20 9 4 1
244975|Child_Cross12|37: 807 306 121 43 20 9 4 1
245009|Child_Avg|15: 894 306 121 43 20 9 4 1
245054|Survivor|1: 816 306 121 43 20 9 4 1
245314|Survivor|1: 823 310 119 45 23 10 4 1
245324|Survivor|1: 793 304 117 44 23 10 4 1
245422|Survivor|1: 762 267 104 44 23 10 4 1
245453|Survivor|1: 787 273 110 43 20 9 4 1
245629|Child_Cross12|13: 1150 326 136 49 21 10 4 1
245631|Child_CrossABC2|2: 1157 321 134 49 21 10 4 1
245634|Child_CrossABC2|8: 1180 326 117 49 21 10 4 1
245660|Child_Avg|59: 1131 326 124 48 21 10 4 1
245664|Survivor|1: 1128 330 125 49 21 10 4 1
245709|Survivor|1: 1299 313 114 49 24 9 4 1
246107|Survivor|1: 836 250 108 47 21 10 4 1
246110|Child_Cross12|21: 810 279 103 45 21 10 4 1
246336|Child_LevyABC1|5: 800 256 113 45 21 10 4 1
246342|Child_CrossABC2|8: 853 256 113 45 21 10 4 1
246405|Child_Cross12|13: 851 259 116 44 23 10 4 1
246416|Child_Cross12|49: 804 250 117 44 23 10 4 1
246430|Child_Cross21|54: 799 250 117 44 23 10 4 1
246501|Survivor|1: 813 281 117 44 23 10 4 1
246525|Survivor|1: 931 291 108 46 24 9 4 1
246552|Survivor|1: 1084 291 108 46 24 9 4 1
246592|Survivor|1: 1300 297 114 49 24 9 4 1
246595|Child_Cross21|10: 1260 299 115 49 24 9 4 1
246623|Child_CrossABC1|1: 1324 297 114 49 24 9 4 1
246654|Survivor|1: 1175 362 141 46 24 9 4 1
246831|Survivor|1: 761 287 108 46 24 9 4 1
247056|Survivor|1: 850 258 113 45 21 10 4 1
247071|Survivor|1: 789 292 118 43 20 9 4 1
247078|Survivor|1: 800 292 118 43 20 9 4 1
247089|Survivor|1: 807 289 122 43 20 9 4 1
247110|Survivor|1: 848 328 149 59 24 9 4 1
247118|Child_Cross12|13: 787 292 131 47 24 9 4 1
247128|Survivor|1: 833 264 126 49 24 9 4 1
247138|Survivor|1: 810 264 126 49 24 9 4 1
247271|Survivor|1: 814 288 117 53 24 9 4 1
247275|Child_LevyABC2|12: 822 272 117 46 24 9 4 1
247281|Survivor|1: 737 298 118 49 24 9 4 1
247282|Child_CrossABC2|8: 738 297 118 49 24 9 4 1
247288|Child_CrossABC1|1: 787 297 118 49 24 9 4 1
247291|Child_Cross21|14: 777 296 119 49 24 9 4 1
247295|Child_Cross21|46: 740 293 117 49 24 9 4 1
247296|Child_Cross12|17: 755 293 117 49 24 9 4 1
247305|Child_Cross21|34: 757 292 117 49 24 9 4 1
247307|Child_CrossABC2|2: 772 292 117 49 24 9 4 1
247310|Child_Cross12|29: 752 292 117 49 24 9 4 1
247314|Child_Cross12|57: 763 292 117 49 24 9 4 1
247318|Child_Avg|19: 777 292 117 49 24 9 4 1
247321|Child_Cross21|34: 776 292 126 49 24 9 4 1
247486|Survivor|1: 926 327 119 49 27 10 4 1
247527|Child_Cross12|37: 834 313 108 53 24 9 4 1
247546|Survivor|1: 818 307 114 43 24 9 4 1
247592|Child_CrossABC1|1: 805 281 116 46 20 9 4 1
247593|Survivor|1|Mutated: 850 295 116 46 20 9 4 1
247645|Survivor|1: 843 272 108 43 24 9 4 1
247688|Survivor|1: 880 261 108 46 24 9 4 1
247705|Survivor|1: 875 257 108 50 24 9 4 1
247748|Survivor|1: 759 270 105 44 23 10 4 1
247840|Child_Cross12|17: 765 269 110 48 23 10 4 1
247856|Survivor|1: 762 296 124 51 23 10 4 1
248050|Child_CrossABC1|1: 758 266 128 55 24 9 4 1
248092|Child_CrossABC1|1: 821 252 111 49 24 9 4 1
248176|Survivor|1: 795 297 121 47 24 9 4 1
248183|Child_Cross12|5|Mutated: 794 252 118 49 24 9 4 1
