13|Child_CrossABC2|8: 5916 1148 421 147 74 35 11 4 1 
20|Survivor|1: 7139 1318 380 147 74 35 11 4 1 
26|Child_Levy|48: 4017 1051 381 152 72 27 10 4 1 
36|Child_Avg|3: 4146 1040 385 134 71 29 10 4 1 
41|Child_Cross12|57: 4137 993 376 134 74 23 10 4 1 
51|Survivor|1: 4262 1040 389 149 71 24 9 4 1 
52|Child_Avg|35: 4136 1031 382 136 71 24 9 4 1 
56|Child_CrossABC2|2: 4158 1033 385 148 70 23 10 4 1 
58|Child_Cross21|38: 4150 1032 381 145 70 23 10 4 1 
82|Child_LevyABC2|6: 4195 1023 370 155 73 24 9 4 1 
83|Child_CrossABC1|7: 4013 1051 377 145 68 23 10 4 1 
85|Child_Cross21|26: 3702 1059 327 139 74 23 10 4 1 
86|Child_Avg|31: 4430 1034 375 143 67 23 10 4 1 
87|Child_Cross21|54: 3961 1052 386 137 74 23 10 4 1 
88|Child_Cross12|49: 3861 1004 381 140 67 23 10 4 1 
98|Child_LevyP2|10: 3937 992 389 149 64 23 10 4 1 
100|Child_Avg|43: 3933 998 384 143 67 24 9 4 1 
101|Child_Avg|51: 2149 582 256 81 29 10 4 1 
107|Child_Cross12|21: 2887 860 345 146 74 29 10 4 1 
108|Child_Cross12|9: 1925 535 220 78 30 11 5 1 
118|Survivor|1: 1453 567 181 77 36 13 4 1 
127|Child_Cross21|2: 1528 528 175 68 30 12 5 1 
133|Child_Cross21|14: 1509 541 190 71 27 14 4 1 
135|Child_Levy|40|Mutated: 1494 536 173 75 31 14 4 1 
151|Child_Avg|7|Mutated: 1532 489 193 88 27 14 4 1 
154|Child_CrossABC1|1: 1672 528 201 71 27 14 4 1 
157|Child_CrossABC2|2: 1618 522 198 77 27 14 4 1 
168|Child_LevyP2|4: 2270 696 275 89 29 13 6 1 
171|Child_LevyP2|4: 2126 564 223 74 28 12 5 1 
176|Child_CrossABC2|8: 1702 579 223 74 28 12 5 1 
181|Child_Cross12|21: 1788 568 240 69 28 12 5 1 
182|Child_CrossABC2|8: 1777 573 209 73 28 12 5 1 
184|Child_Cross21|34: 1788 568 240 69 28 11 4 1 
187|Child_Cross12|53: 1855 574 214 69 30 11 5 1 
196|Child_Avg|51: 1748 553 197 95 30 11 5 1 
199|Child_Avg|55: 1843 543 211 71 29 10 4 1 
211|Child_Cross12|33: 1874 571 209 66 27 10 4 1 
231|Child_Avg|39: 2062 585 208 62 27 10 4 1 
254|Survivor|1: 1625 584 216 80 31 10 4 1 
258|Child_Levy|36: 1872 573 227 83 34 13 4 1 
262|Child_LevyP2|10: 1693 562 221 83 29 14 4 1 
263|Child_Cross12|29: 1693 562 221 83 33 14 4 1 
264|Child_Cross12|25: 1872 573 227 83 40 14 5 1 
268|Child_Cross12|1: 1853 568 221 77 30 11 5 1 
270|Child_Cross12|49: 1829 570 232 77 37 13 4 1 
272|Child_Cross21|22: 1826 553 212 77 36 13 4 1 
275|Child_Cross12|57: 1706 547 219 76 36 13 4 1 
283|Child_Cross12|33: 1771 566 217 74 36 13 4 1 
288|Child_Avg|7|Mutated: 1784 559 211 75 32 13 4 1 
297|Child_LevyABC2|12: 1805 551 212 86 35 11 5 1 
299|Child_Cross21|50|Mutated: 1810 571 221 80 35 11 5 1 
300|Child_CrossABC2|8: 1794 544 211 86 35 11 5 1 
316|Child_CrossABC2|8: 1874 536 221 75 35 11 5 1 
325|Child_Avg|51: 1836 528 215 73 35 11 5 1 
331|Child_CrossABC2|8: 1836 526 215 73 35 11 5 1 
332|Child_CrossABC1|1: 1836 527 215 73 35 11 5 1 
347|Child_CrossABC2|8: 1784 547 211 66 31 10 4 1 
348|Child_Cross12|25: 1784 551 213 68 30 12 5 1 
350|Child_CrossABC1|1: 1799 552 213 68 30 12 5 1 
351|Child_CrossABC2|2: 1804 551 213 68 30 12 5 1 
355|Child_Avg|27: 1774 539 202 66 30 11 5 1 
363|Child_CrossABC1|7: 1856 573 199 67 30 11 5 1 
388|Child_Cross21|42: 1747 484 187 61 29 10 4 1 
392|Survivor|1: 1735 484 187 61 29 9 4 1 
401|Child_Avg|23: 2348 594 260 75 32 13 4 1 
404|Survivor|1|Mutated: 2348 594 260 75 32 13 5 1 
418|Child_Levy|48: 2326 693 280 73 32 13 4 1 
419|Child_LevyP1|3: 2378 609 242 74 30 13 5 1 
423|Child_Avg|7: 1786 523 197 63 31 14 4 1 
437|Child_CrossABC1|1: 1803 531 224 100 32 13 4 1 
444|Child_CrossABC2|2: 1728 529 207 85 32 13 4 1 
446|Child_CrossABC1|1: 1958 587 200 93 32 13 4 1 
447|Child_Avg|39: 1897 547 205 79 31 11 4 1 
452|Survivor|1: 1751 530 187 69 33 14 4 1 
453|Child_Avg|47: 1784 525 196 74 31 11 4 1 
455|Child_Levy|52|Mutated: 1831 524 187 68 32 11 4 1 
456|Child_Cross12|29: 1720 509 189 70 31 11 4 1 
461|Child_Cross21|46: 1663 611 249 110 35 12 5 1 
465|Child_Levy|4: 1689 577 215 88 33 10 3 1 
478|Child_Levy|28: 5854 1582 633 251 90 39 14 4 1 
479|Child_Avg|7: 2797 702 280 96 41 13 4 1 
489|Child_Cross12|41|Mutated: 4318 1118 403 171 71 35 11 5 1 
495|Child_Cross12|9: 4318 1118 403 171 64 35 11 5 1 
523|Child_Levy|52: 1923 588 215 73 38 11 4 1 
524|Child_Cross12|45: 1923 588 215 73 38 9 4 1 
538|Child_CrossABC1|1: 1493 546 220 70 33 9 4 1 
541|Child_Cross21|14: 1854 581 213 70 33 9 4 1 
544|Child_Cross21|50: 7293 1493 574 212 83 39 10 3 1 
549|Survivor|1: 6942 1780 670 228 90 27 10 4 1 
551|Child_Levy|56: 1846 638 215 76 31 11 4 1 
556|Child_Levy|56: 1830 536 199 70 33 9 4 1 
560|Child_Cross12|37: 1875 528 221 69 30 11 5 1 
561|Child_Avg|39: 1880 545 197 68 31 10 4 1 
571|Child_Cross21|42|Mutated: 1815 543 200 65 33 10 4 1 
574|Child_Cross21|50: 1814 548 205 65 31 10 4 1 
577|Child_CrossABC2|8|Mutated: 1828 549 201 66 31 10 4 1 
591|Survivor|1: 1929 554 236 67 30 13 5 1 
593|Child_LevyABC2|12: 1787 543 191 68 29 14 4 1 
594|Child_CrossABC2|8: 2314 690 236 117 30 13 5 1 
599|Child_CrossABC1|7|Mutated: 2137 581 262 91 31 14 6 1 
600|Child_Avg|39: 2139 560 244 87 30 13 5 1 
614|Child_Avg|11: 2246 551 235 85 32 13 4 1 
618|Survivor|1|Mutated: 2246 551 238 94 32 13 5 1 
622|Child_Avg|31: 1966 548 214 81 32 13 4 1 
635|Survivor|1: 6718 1448 556 212 83 33 12 5 1 
639|Survivor|1: 6927 1436 537 206 83 35 12 5 1 
641|Child_Cross21|38: 6927 1436 537 206 86 35 11 4 1 
650|Child_Cross21|30: 1551 534 196 73 35 11 4 1 
652|Child_Cross12|53: 1676 530 206 71 35 11 4 1 
693|Child_Cross12|49: 1816 581 205 72 30 11 5 1 
700|Child_Levy|4: 1744 551 197 75 31 10 4 1 
704|Child_Levy|24: 2069 534 206 73 29 10 4 1 
712|Child_Avg|59: 1590 473 179 73 29 9 4 1 
727|Child_CrossABC2|2: 1740 544 187 77 29 9 4 1 
734|Survivor|1: 1640 533 187 77 29 9 4 1 
738|Survivor|1: 1813 637 214 72 29 9 4 1 
750|Child_Avg|39: 1748 571 188 64 29 9 4 1 
753|Child_Avg|3: 1856 554 201 66 29 9 4 1 
760|Child_Levy|44|Mutated: 1823 576 199 71 29 10 3 1 
777|Survivor|1: 1758 545 193 61 29 10 4 1 
782|Survivor|1: 1781 527 201 70 30 11 5 1 
786|Child_LevyP2|10: 1863 531 205 72 29 10 4 1 
796|Survivor|1|Mutated: 1709 531 205 72 29 10 4 1 
804|Child_Levy|12: 1984 748 227 86 33 12 5 1 
807|Child_Avg|51: 1839 708 211 82 32 13 5 1 
809|Child_Avg|11: 1862 662 211 82 30 12 5 1 
820|Child_Levy|28: 1835 659 208 82 28 11 4 1 
822|Child_Cross21|50: 1801 589 207 71 28 12 5 1 
824|Child_Avg|59: 1871 584 197 69 28 11 4 1 
831|Child_CrossABC1|1: 1725 589 193 65 29 10 4 1 
840|Child_CrossABC1|1: 2300 652 213 81 36 11 4 1 
844|Child_LevyP2|4|Mutated: 2310 672 221 93 39 14 4 1 
848|Child_Avg|51: 2052 619 205 83 36 13 4 1 
852|Child_CrossABC1|1: 2030 609 211 83 36 13 4 1 
856|Child_LevyABC2|12: 2056 561 202 85 35 12 5 1 
869|Child_Cross12|29: 1799 619 199 73 35 12 5 1 
878|Child_CrossABC1|1: 1771 613 223 73 35 12 5 1 
889|Child_CrossABC2|2: 1714 609 220 73 35 12 5 1 
890|Child_CrossABC1|7: 1669 611 221 73 35 12 5 1 
892|Child_Avg|39: 1712 598 208 75 35 11 5 1 
893|Child_Cross21|46: 1729 602 204 73 35 11 5 1 
895|Child_Cross21|26: 1669 611 221 73 35 11 5 1 
900|Child_CrossABC2|8: 1722 595 234 73 35 12 5 1 
901|Child_CrossABC2|8: 1790 549 201 69 35 11 5 1 
906|Child_Avg|43: 1775 583 211 73 30 11 5 1 
907|Child_Avg|43: 1801 560 202 76 31 10 4 1 
908|Child_Cross12|45: 1804 569 206 70 30 11 5 1 
910|Child_Avg|59: 1776 563 204 72 29 10 4 1 
912|Child_CrossABC1|1: 1951 526 201 69 30 11 5 1 
913|Child_CrossABC1|1: 1893 587 204 71 29 10 4 1 
918|Child_Cross21|54: 1774 574 199 68 32 13 4 1 
919|Child_Cross21|2: 1827 608 199 68 32 13 4 1 
923|Child_Cross21|54: 1800 580 199 68 32 13 4 1 
932|Child_LevyABC2|12: 1991 611 202 99 35 13 5 1 
933|Child_Cross21|58: 2010 612 207 94 35 13 5 1 
945|Child_Avg|15: 1775 637 216 77 35 13 5 1 
946|Child_Avg|11: 1818 575 220 84 35 12 5 1 
947|Child_CrossABC2|2: 1801 564 228 86 35 12 5 1 
953|Survivor|1|Mutated: 1801 564 228 86 35 13 5 1 
954|Child_Cross12|49: 1791 547 219 77 35 13 5 1 
955|Child_CrossABC2|8: 1831 545 222 80 35 12 5 1 
956|Child_Cross21|30: 1860 527 221 73 35 13 5 1 
957|Child_Cross21|50: 1860 527 221 73 35 12 5 1 
963|Child_CrossABC1|7: 1860 537 221 73 35 12 5 1 
964|Child_CrossABC2|2: 1860 541 221 73 35 12 5 1 
973|Child_Cross12|53: 1770 530 208 67 35 11 5 1 
976|Child_Levy|16: 1784 532 209 67 35 11 5 1 
979|Child_Cross21|30: 1763 532 209 67 35 13 5 1 
980|Child_CrossABC1|1: 1751 532 209 67 35 11 5 1 
982|Child_Cross12|41: 1751 532 209 67 35 11 4 1 
983|Child_Avg|43: 1829 530 208 67 35 11 5 1 
984|Child_Cross21|42: 1752 532 209 67 35 13 5 1 
1019|Survivor|1: 2084 588 208 81 28 11 4 1 
1021|Child_Cross21|34: 1934 612 218 73 28 12 5 1 
1024|Child_Cross12|1: 1926 552 187 76 28 11 4 1 
1029|Child_Avg|7: 1871 544 178 72 27 10 4 1 
1030|Child_Cross21|38: 1790 545 206 71 28 11 4 1 
1032|Child_LevyABC2|12: 1831 592 192 75 35 11 5 1 
1035|Child_Cross21|18: 1894 564 173 69 28 11 4 1 
1036|Child_Cross21|38: 1829 549 191 69 27 10 4 1 
1041|Child_CrossABC2|8: 1858 551 191 69 27 10 4 1 
1043|Child_CrossABC2|8: 1856 553 191 69 27 10 4 1 
1050|Survivor|1: 1871 547 188 65 27 10 4 1 
1056|Child_Cross21|2: 1871 526 199 62 27 10 4 1 
1068|Child_Cross21|42: 1853 536 184 63 27 10 4 1 
1073|Child_CrossABC2|2: 1854 521 174 63 27 10 4 1 
1075|Child_Cross12|53: 1851 542 185 62 27 10 4 1 
1088|Child_CrossABC2|2: 1856 500 175 66 27 10 4 1 
1100|Child_CrossABC2|2: 1616 526 172 71 29 10 4 1 
1103|Child_LevyABC1|11: 1740 556 180 85 28 12 5 1 
1106|Child_Levy|52: 1387 482 187 77 29 9 4 1 
1109|Child_Avg|43: 1579 478 193 76 28 11 4 1 
1115|Child_Avg|35: 1530 501 180 70 32 11 4 1 
1123|Child_Avg|43: 3676 1002 453 159 64 29 9 4 1 
1124|Child_CrossABC1|1: 3602 1010 474 172 63 27 10 4 1 
1127|Child_Levy|52: 2200 621 233 94 35 13 5 1 
1134|Child_CrossABC2|2: 2217 544 227 86 35 13 5 1 
1136|Child_CrossABC2|2: 2295 542 268 95 35 13 5 1 
1148|Child_Cross12|41: 1685 461 229 80 35 13 5 1 
1150|Child_Avg|19: 1850 489 214 78 35 11 4 1 
1156|Child_Avg|11: 1720 477 201 78 35 12 5 1 
1167|Child_Levy|48: 1820 507 209 73 32 13 4 1 
1170|Child_Levy|52: 1756 510 211 75 35 12 5 1 
1172|Child_Levy|20: 1812 517 199 67 30 11 5 1 
1196|Survivor|1: 1911 531 187 75 29 13 6 1 
1198|Child_Avg|59: 1831 622 214 88 33 14 4 1 
1199|Child_Levy|16: 1631 499 191 72 32 13 4 1 
1205|Child_LevyP1|9: 1895 502 207 77 31 14 5 1 
1217|Child_Avg|11: 2061 613 202 87 32 10 3 1 
1242|Child_Avg|15: 1841 540 184 65 29 10 4 1 
1255|Child_Cross21|30: 1827 531 166 61 29 9 4 1 
1258|Survivor|1: 1785 491 161 61 29 9 4 1 
1354|Survivor|1: 1920 514 203 74 33 12 5 1 
1391|Child_LevyP2|10: 1861 542 191 69 30 11 5 1 
1395|Survivor|1: 1745 567 170 67 30 11 5 1 
1400|Survivor|1: 1704 537 198 65 28 11 4 1 
1414|Child_Cross12|57: 9454 7856 1701 540 176 61 29 9 4 1 
1423|Child_Cross12|33: 2110 595 228 84 35 11 5 1 
1438|Survivor|1|Mutated: 2110 595 228 82 35 11 5 1 
1439|Child_CrossABC1|7|Mutated: 2102 640 211 86 35 11 5 1 
1440|Child_Avg|59: 2018 558 229 87 35 12 5 1 
1451|Survivor|1|Mutated: 2018 558 229 87 35 11 5 1 
1454|Child_CrossABC1|7: 1838 501 227 91 32 11 4 1 
1455|Child_Avg|3: 1737 568 205 67 33 10 4 1 
1456|Child_Levy|36: 1885 542 228 83 33 9 4 1 
1467|Child_Cross21|10: 2217 612 218 83 33 9 4 1 
1472|Child_Cross12|53: 1849 480 195 77 33 10 4 1 
1473|Child_Avg|55: 1933 472 199 79 31 10 4 1 
1474|Child_Avg|19: 1941 470 193 82 32 11 4 1 
1475|Child_Avg|11: 1862 473 196 78 31 10 4 1 
1477|Child_Cross12|17: 1862 473 196 78 32 11 4 1 
1486|Child_Cross12|37: 1831 530 209 70 31 11 4 1 
1487|Child_Levy|20: 1870 495 199 71 30 12 5 1 
1494|Child_LevyABC2|12: 1856 505 188 74 32 13 4 1 
1502|Child_Cross12|41: 1843 502 191 64 29 10 4 1 
1504|Child_Cross12|45: 1808 551 193 76 29 13 6 1 
1506|Child_CrossABC2|8: 1813 519 190 70 29 13 6 1 
1507|Child_CrossABC2|2: 1846 543 189 88 29 11 5 1 
1522|Child_Cross12|33|Mutated: 1637 535 182 69 28 11 4 1 
1578|Survivor|1: 1575 511 163 72 29 9 4 1 
1582|Child_Levy|32: 1844 549 173 70 29 9 4 1 
1611|Survivor|1: 1586 502 179 62 29 10 4 1 
1686|Child_LevyABC1|11|Mutated: 2618 697 276 93 43 14 4 1 
1691|Child_Avg|19: 2567 718 273 92 32 13 4 1 
1692|Child_Cross12|1: 2090 556 236 83 31 14 4 1 
1693|Child_Avg|7: 1934 685 245 93 32 13 4 1 
1701|Child_Levy|4: 1897 607 250 89 33 9 4 1 
1703|Child_Levy|48: 2066 687 259 92 35 12 5 1 
1704|Child_Cross12|25: 1628 598 217 86 35 12 5 1 
1716|Child_Avg|31: 1772 629 224 80 35 11 5 1 
1722|Survivor|1|Mutated: 1772 690 224 80 35 11 5 1 
1724|Child_Cross12|1: 1839 554 204 74 35 11 5 1 
1725|Child_Avg|27: 1865 646 214 76 35 12 5 1 
1727|Child_Avg|59: 1842 625 207 75 35 11 5 1 
1729|Child_Levy|36: 1936 604 208 75 35 11 5 1 
1732|Child_CrossABC1|1: 1926 621 208 75 35 11 5 1 
1735|Child_Avg|3: 1866 522 199 73 35 11 4 1 
1744|Child_Avg|7: 1902 560 199 73 35 12 5 1 
1750|Child_Cross12|25|Mutated: 1862 525 196 73 35 11 5 1 
1751|Child_CrossABC1|7: 1903 566 199 73 35 12 5 1 
1784|Child_Cross12|45: 1903 550 209 73 35 12 5 1 
1785|Child_Avg|7: 1847 582 197 74 35 12 5 1 
1790|Child_Cross21|30: 1868 540 209 72 35 12 5 1 
1794|Child_Avg|3: 1852 551 202 70 36 11 4 1 
1798|Survivor|1: 2046 570 208 71 35 11 4 1 
1810|Child_Avg|15: 1842 581 199 65 35 11 4 1 
1817|Survivor|1: 1823 541 197 64 35 11 4 1 
1825|Survivor|1: 1804 553 195 61 33 9 4 1 
1862|Survivor|1: 1770 531 173 73 32 13 4 1 
1863|Child_Cross21|38: 1890 550 173 72 32 13 4 1 
1867|Child_LevyP2|4: 2253 607 179 75 32 13 4 1 
1875|Child_Cross21|50|Mutated: 2058 531 182 68 32 13 4 1 
1893|Child_LevyP2|4: 7554 1312 499 180 69 25 10 4 1 
1905|Child_Levy|12: 2331 627 231 85 35 16 6 1 
1915|Child_Cross21|58: 1868 542 219 84 35 12 5 1 
1922|Child_Cross12|13: 1868 542 219 84 35 13 5 1 
1947|Child_Cross12|25|Mutated: 1868 542 219 99 35 13 5 1 
1963|Child_Avg|51: 1860 554 212 83 34 13 4 1 
1964|Child_Cross12|37: 2019 573 216 74 35 12 5 1 
1971|Child_CrossABC1|7: 1984 575 221 73 35 12 5 1 
1973|Child_CrossABC1|1: 1887 575 220 73 35 12 5 1 
1974|Child_CrossABC2|2: 1837 575 221 73 35 12 5 1 
1996|Child_Avg|55: 1804 561 209 67 35 11 5 1 
2001|Child_CrossABC1|1: 1791 542 208 64 35 11 5 1 
2018|Child_Cross21|42: 1781 550 206 64 35 11 4 1 
2034|Child_Avg|47: 2483 759 239 81 28 13 4 1 
2035|Child_Levy|12|Mutated: 2048 662 220 69 30 11 5 1 
2039|Child_LevyP1|9: 1748 686 212 77 30 11 5 1 
2046|Child_Avg|11: 1659 575 200 72 30 11 5 1 
2059|Survivor|1: 1637 485 187 62 27 10 4 1 
2103|Child_Cross12|53: 8676 1757 675 316 81 32 13 4 1 
2106|Survivor|1: 7061 1389 542 306 96 36 13 4 1 
2111|Child_Avg|27: 7270 1922 686 295 87 37 14 4 1 
2119|Child_Cross12|5: 2023 709 210 73 36 13 4 1 
2122|Child_CrossABC1|7: 1892 574 212 73 36 13 4 1 
2126|Child_Avg|3: 1683 633 209 73 37 14 4 1 
2131|Child_Cross12|25: 1873 517 220 70 33 9 4 1 
2135|Child_Cross12|33: 1853 600 203 70 33 9 4 1 
2146|Child_CrossABC2|8: 1818 597 207 71 33 9 4 1 
2149|Survivor|1: 1805 571 212 64 33 9 4 1 
2154|Child_Cross12|33: 1805 571 212 64 35 11 5 1 
2191|Survivor|1: 1826 536 179 68 35 12 5 1 
2210|Child_Levy|20: 1806 512 179 69 35 11 5 1 
2231|Survivor|1: 7615 1640 522 158 65 35 11 4 1 
2234|Child_Avg|43: 2389 706 245 101 41 14 4 1 
2237|Child_Cross21|58: 2296 655 211 87 40 13 4 1 
2251|Child_LevyABC2|6: 2277 561 195 77 40 12 5 1 
2252|Child_Levy|36: 1748 536 182 76 35 13 5 1 
2253|Child_Cross12|53: 2277 561 195 77 37 13 4 1 
2259|Random|13: 7428 1777 705 231 114 32 13 4 1 
2262|Child_Levy|32|Mutated: 1902 588 200 87 39 14 4 1 
2264|Survivor|1: 2023 672 221 85 39 14 4 1 
2267|Survivor|1: 1852 531 186 75 35 12 5 1 
2270|Child_LevyP2|4: 1918 556 202 73 36 13 4 1 
2271|Child_Avg|15: 1978 557 201 80 35 11 5 1 
2288|Child_Avg|59: 2052 537 207 70 33 9 4 1 
2305|Child_Levy|20: 1686 475 175 69 30 11 5 1 
2306|Child_Avg|23: 2051 537 207 70 33 9 4 1 
2312|Child_Cross12|41: 1984 585 233 92 28 13 4 1 
2331|Survivor|1: 1886 627 228 73 35 12 5 1 
2335|Child_Avg|55: 1641 644 244 85 40 13 5 1 
2346|Child_Cross21|30: 1641 644 244 85 40 13 4 1 
2349|Child_Cross21|42: 1641 644 244 85 40 12 5 1 
2354|Child_LevyP1|9|Mutated: 1833 574 199 87 33 10 4 1 
2359|Child_Avg|19: 1747 560 208 82 33 9 4 1 
2369|Child_Levy|36: 1764 568 229 91 37 13 4 1 
2371|Child_Avg|35: 1866 571 231 91 37 13 4 1 
2372|Child_Cross21|34: 1889 521 192 86 37 13 4 1 
2374|Child_Cross21|30: 1865 596 236 84 37 13 4 1 
2376|Child_Avg|19: 1848 518 189 86 36 13 4 1 
2379|Child_Avg|39: 2066 561 216 82 37 13 4 1 
2380|Child_Cross12|1: 1913 537 209 85 35 12 5 1 
2381|Child_Cross12|1: 1939 610 233 83 37 12 5 1 
2389|Child_CrossABC1|7: 1754 545 212 79 35 12 5 1 
2393|Child_LevyP1|9: 1739 549 215 81 36 13 4 1 
2399|Child_LevyABC2|12: 1859 561 211 75 35 11 5 1 
2403|Child_CrossABC2|8: 1835 558 213 74 35 12 5 1 
2406|Child_Cross12|53: 1842 562 218 73 35 9 4 1 
2407|Child_Levy|16: 1959 555 212 74 35 12 5 1 
2440|Child_CrossABC1|7: 1942 574 195 80 37 14 4 1 
2451|Child_CrossABC2|8|Mutated: 1923 582 185 80 29 14 4 1 
2454|Child_Avg|31: 2485 774 291 88 39 14 4 1 
2459|Child_Avg|35: 2120 577 204 83 33 14 4 1 
2461|Child_Levy|60: 2240 683 232 77 37 12 5 1 
2462|Child_Avg|11: 2121 576 201 88 32 13 4 1 
2463|Child_Cross21|14: 2308 677 210 75 34 16 5 1 
2473|Child_LevyP1|3: 2217 630 238 74 35 12 5 1 
2484|Child_Cross21|50: 2129 639 209 67 35 13 5 1 
2485|Child_CrossABC2|2: 2246 636 206 73 35 12 5 1 
2490|Child_CrossABC1|7: 1864 567 201 76 35 13 5 1 
2496|Child_CrossABC1|1: 1873 542 215 74 33 14 4 1 
2510|Child_Cross12|13: 1873 519 199 69 32 13 4 1 
2514|Child_Cross12|1: 1868 530 209 68 32 13 4 1 
2516|Child_Levy|8: 1837 474 209 68 36 13 4 1 
2523|Survivor|1: 2121 568 211 66 32 13 4 1 
2527|Child_LevyABC2|12: 1895 528 221 70 33 12 5 1 
2533|Child_CrossABC1|7: 1711 487 198 62 32 13 4 1 
2572|Child_LevyABC1|5: 2125 603 209 77 29 11 5 1 
2582|Child_Avg|7: 2062 577 189 70 29 11 5 1 
2584|Child_Avg|35: 1955 574 212 71 29 11 5 1 
2586|Child_Levy|44: 2005 569 255 86 36 13 4 1 
2594|Child_CrossABC1|1: 1769 595 210 94 33 9 4 1 
2601|Survivor|1: 2596 865 235 97 33 10 4 1 
2602|Child_LevyP2|4|Mutated: 2462 883 238 92 30 11 5 1 
2608|Survivor|1: 2239 636 207 75 29 10 4 1 
2611|Child_Cross21|54: 1470 518 185 71 29 10 4 1 
2613|Child_CrossABC1|1: 1723 515 195 74 33 9 4 1 
2621|Child_Cross12|45: 1765 511 191 70 29 9 4 1 
2623|Child_LevyP1|9: 1591 548 196 77 29 9 4 1 
2625|Child_Avg|47: 1750 507 210 75 28 11 4 1 
2631|Child_Avg|19: 1792 519 200 70 29 9 4 1 
2634|Child_Avg|15: 1785 533 193 71 29 10 4 1 
2644|Child_CrossABC2|2: 1817 529 199 64 28 11 4 1 
2656|Child_CrossABC2|8: 1822 530 199 64 28 11 4 1 
2660|Child_CrossABC2|2: 1819 529 199 64 28 11 4 1 
2663|Child_CrossABC2|2: 1812 529 199 64 28 11 4 1 
2669|Child_CrossABC2|2: 1816 529 199 64 28 11 4 1 
2675|Child_Avg|43: 1817 499 208 63 28 11 4 1 
2677|Child_Cross21|42: 1818 530 198 63 28 11 4 1 
2679|Child_Avg|55: 1824 531 197 63 28 11 4 1 
2681|Child_Cross12|49: 1818 551 198 63 28 11 4 1 
2682|Child_Avg|59: 1830 531 197 63 28 11 4 1 
2686|Child_Cross12|29: 1825 530 197 63 28 11 4 1 
2687|Child_Cross21|34: 1835 531 197 63 28 11 4 1 
2689|Child_Avg|23: 1827 530 197 63 28 11 4 1 
2691|Child_Cross21|6: 1831 530 197 63 28 11 4 1 
2692|Child_Avg|35: 1829 530 197 63 28 11 4 1 
2693|Child_Cross21|38|Mutated: 1812 545 197 71 28 11 4 1 
2698|Child_Cross12|57|Mutated: 1869 530 197 63 28 11 4 1 
2701|Child_Cross12|45: 1843 530 197 63 28 11 4 1 
2703|Child_Cross12|25: 1871 530 197 63 28 11 4 1 
2704|Child_Avg|43: 1839 530 197 63 28 11 4 1 
2708|Child_Avg|11: 1833 530 197 63 28 11 4 1 
2714|Child_CrossABC2|2: 1845 530 197 63 28 11 4 1 
2717|Child_Avg|7: 1835 530 197 63 28 11 4 1 
2719|Child_Avg|55|Mutated: 1835 530 197 71 28 11 4 1 
2731|Child_Avg|35: 1816 530 197 63 28 11 4 1 
2733|Child_Cross12|29: 1835 545 197 63 28 11 4 1 
2735|Child_Cross12|17: 1800 530 197 63 28 11 4 1 
2737|Child_Avg|47: 1818 530 197 63 28 11 4 1 
2742|Child_Cross12|9: 1808 530 197 63 28 11 4 1 
2744|Child_Avg|35|Mutated: 1814 530 197 69 28 11 4 1 
2746|Child_Cross12|9: 1814 530 197 63 28 11 4 1 
2747|Child_Cross12|25: 1819 530 197 63 28 11 4 1 
2754|Child_Avg|15: 1817 530 197 63 28 11 4 1 
2757|Child_Avg|39: 1820 530 197 63 28 11 4 1 
2758|Child_Cross12|13: 1810 530 197 63 28 11 4 1 
2765|Child_Cross12|45|Mutated: 1810 564 203 71 28 11 4 1 
2769|Child_Cross12|25|Mutated: 1806 530 197 63 28 11 4 1 
2771|Child_Cross12|25: 1804 530 197 63 28 11 4 1 
2796|Child_Cross21|50: 1821 530 197 63 28 11 4 1 
2800|Child_CrossABC2|8: 1802 530 197 63 28 11 4 1 
2818|Child_Cross12|57: 1808 530 190 63 28 11 4 1 
2850|Child_Cross21|38|Mutated: 1818 530 178 71 28 11 4 1 
2851|Child_Avg|19: 1823 530 197 63 28 11 4 1 
2859|Child_Cross12|9|Mutated: 1875 530 197 63 28 11 4 1 
2901|Child_Avg|27: 1837 530 197 63 28 11 4 1 
2915|Child_CrossABC2|2: 1816 530 197 71 28 11 4 1 
2937|Child_Cross21|10: 1881 530 197 63 28 11 4 1 
2951|Child_LevyABC1|11: 2177 584 237 82 30 12 5 1 
2953|Child_Avg|47: 1821 575 217 73 27 10 4 1 
2961|Child_Avg|15|Mutated: 1856 549 227 71 29 10 4 1 
2983|Child_CrossABC1|1: 1924 553 236 73 29 10 4 1 
2996|Child_Cross21|14: 1929 527 208 62 29 10 4 1 
2997|Child_CrossABC1|7: 2137 532 215 81 29 10 4 1 
2999|Child_LevyABC1|11: 2139 539 218 83 30 11 5 1 
3008|Child_CrossABC2|2: 2157 539 218 78 30 11 5 1 
3043|Survivor|1: 2022 597 190 72 32 11 4 1 
3045|Child_Cross21|2: 2124 567 185 71 35 13 5 1 
3051|Survivor|1: 2124 567 185 71 35 11 4 1 
3076|Survivor|1: 2158 574 187 61 29 9 4 1 
3078|Child_CrossABC1|1|Mutated: 2097 545 225 88 33 9 4 1 
3080|Child_Cross12|45: 2015 692 249 93 28 11 4 1 
3083|Child_Cross12|53: 2203 590 237 72 27 10 4 1 
3084|Child_CrossABC2|2: 2156 696 212 75 29 9 4 1 
3089|Survivor|1|Mutated: 2156 696 212 75 29 10 4 1 
3090|Child_Cross21|30: 1705 524 182 70 29 9 4 1 
3110|Child_Cross21|50: 1555 506 202 73 35 12 5 1 
3114|Survivor|1: 1837 531 153 70 30 11 5 1 
3117|Child_Avg|47: 1770 517 180 68 31 11 4 1 
3118|Child_LevyABC1|5: 1940 517 205 71 29 10 4 1 
3124|Survivor|1: 1889 524 191 66 30 11 5 1 
3125|Child_Cross21|54: 1728 535 183 65 31 10 4 1 
3128|Child_Cross21|6: 1777 524 183 65 29 10 4 1 
3129|Child_LevyABC2|6|Mutated: 1743 515 183 73 30 11 5 1 
3138|Child_Cross21|50: 1869 538 225 64 29 9 4 1 
3203|Child_LevyP1|9: 1976 566 242 83 31 11 4 1 
3215|Child_CrossABC1|7: 1673 475 208 68 31 11 4 1 
3242|Child_Cross21|34: 3757 1132 376 149 61 29 10 4 1 
3244|Child_CrossABC2|8: 3545 1044 375 143 65 29 10 4 1 
3247|Survivor|1: 3757 1079 365 143 62 28 9 4 1 
3263|Child_Cross12|25: 2927 921 335 122 64 24 9 4 1 
3285|Child_Cross12|21: 2970 951 337 128 41 14 4 1 
3288|Child_CrossABC2|8: 2970 951 337 128 41 14 6 1 
3289|Child_Avg|39: 1635 569 219 106 35 11 4 1 
3290|Child_Cross12|57: 2973 910 334 117 41 14 6 1 
3291|Child_Avg|35: 2503 764 283 104 37 13 4 1 
3294|Child_Cross21|54: 2503 764 283 104 37 14 6 1 
3297|Child_Avg|31: 1792 633 221 96 35 12 5 1 
3311|Child_CrossABC2|2: 1922 632 222 103 35 13 5 1 
3312|Child_Cross12|25: 1989 629 241 85 35 12 5 1 
3313|Child_Avg|51: 1940 639 221 100 35 12 5 1 
3319|Child_Avg|39: 1986 632 223 87 35 12 5 1 
3320|Child_CrossABC1|1: 1992 632 229 86 35 12 5 1 
3324|Child_Avg|15: 1977 618 229 77 35 12 5 1 
3325|Child_Avg|39: 1799 626 233 85 35 12 5 1 
3330|Child_CrossABC2|2: 1830 612 227 78 35 12 5 1 
3332|Child_Levy|32: 1952 604 230 77 35 13 5 1 
3334|Child_Avg|15: 1823 615 227 78 35 12 5 1 
3335|Child_Avg|39: 1988 597 228 78 35 11 5 1 
3336|Child_Cross21|34: 1823 615 227 78 35 11 5 1 
3337|Child_Cross21|50: 1887 609 228 77 35 12 5 1 
3338|Child_CrossABC2|2|Mutated: 1872 615 231 79 35 12 5 1 
3339|Child_Cross12|29: 1852 592 221 78 35 11 4 1 
3341|Child_CrossABC2|2: 1838 603 221 75 35 11 5 1 
3342|Child_Avg|27: 1844 599 221 78 35 11 4 1 
3343|Child_Cross21|10: 1838 603 221 75 35 11 4 1 
3345|Child_Cross12|53: 1833 613 223 75 35 11 5 1 
3349|Child_Avg|55: 1838 609 221 75 35 11 4 1 
3351|Child_Cross21|6: 1797 606 221 73 35 12 5 1 
3354|Child_LevyABC2|6: 1911 600 220 84 35 12 5 1 
3359|Child_Cross12|41: 1797 607 221 73 35 12 5 1 
3364|Child_Cross12|45: 1824 601 221 73 35 12 5 1 
3367|Child_LevyABC1|5: 1904 597 218 72 32 13 4 1 
3407|Survivor|1|Mutated: 1904 597 213 72 32 13 4 1 
3419|Child_Cross12|49: 1916 588 213 67 29 14 4 1 
3440|Survivor|1|Mutated: 1916 699 213 67 29 14 4 1 
3442|Child_Avg|3: 2194 609 199 75 32 13 5 1 
3469|Child_LevyP1|9: 1874 597 196 68 33 14 4 1 
3474|Survivor|1: 1805 574 189 67 33 14 4 1 
3492|Child_Cross21|18: 1522 506 183 62 32 13 4 1 
3523|Child_CrossABC1|1: 1803 541 174 72 32 13 4 1 
3534|Child_Levy|36: 2267 627 255 70 29 11 5 1 
3558|Child_Avg|47: 2180 521 221 74 29 11 5 1 
3560|Child_Levy|20: 2356 739 253 82 28 11 4 1 
3562|Child_Cross12|53: 1923 555 203 65 29 10 4 1 
3564|Child_Cross21|6: 2069 586 236 69 28 11 4 1 
3568|Child_Levy|24: 1931 572 218 67 30 11 5 1 
3601|Child_Avg|15: 1720 504 190 61 29 9 4 1 
3615|Child_CrossABC1|1: 1745 504 190 61 29 9 4 1 
3634|Survivor|1: 1779 518 190 77 29 9 4 1 
3635|Child_Avg|27: 1769 518 190 68 29 9 4 1 
3673|Survivor|1: 1703 498 184 78 31 10 4 1 
3675|Child_Cross21|22|Mutated: 1801 522 193 67 30 13 5 1 
3687|Child_Levy|12: 1799 528 237 77 36 13 4 1 
3695|Child_Cross12|17: 1764 543 200 69 35 11 5 1 
3696|Child_CrossABC1|7: 1827 512 226 73 36 13 4 1 
3703|Child_CrossABC1|1: 1855 520 230 82 35 11 5 1 
3709|Survivor|1: 1626 540 218 67 35 13 5 1 
3712|Survivor|1: 1805 497 211 67 35 11 5 1 
3725|Child_Levy|8: 1727 550 236 89 36 13 4 1 
3731|Child_Avg|35|Mutated: 1802 555 233 75 35 12 5 1 
3734|Child_LevyABC2|6: 1949 559 215 89 31 10 4 1 
3762|Child_Cross21|6: 1891 538 223 89 31 10 4 1 
3763|Child_CrossABC2|8: 1964 568 273 89 31 10 4 1 
3764|Child_Levy|32: 1757 514 202 85 29 11 5 1 
3765|Child_LevyP2|10: 1935 545 237 91 30 11 5 1 
3784|Child_CrossABC1|7: 2235 633 249 86 31 10 3 1 
3792|Child_LevyP1|9: 2224 627 263 89 32 11 4 1 
3800|Survivor|1: 1745 507 196 69 31 10 4 1 
3804|Child_Cross21|26: 1525 488 196 68 31 10 4 1 
3811|Child_CrossABC2|8: 1787 519 203 68 32 13 4 1 
3821|Child_Avg|11: 1478 538 212 89 35 11 5 1 
3837|Child_Levy|56: 2199 631 289 84 35 12 5 1 
3843|Child_CrossABC1|7|Mutated: 2172 702 262 93 35 13 6 1 
3848|Child_Cross21|6: 1976 621 238 79 35 12 5 1 
3849|Child_Cross12|45|Mutated: 2051 655 231 74 35 12 5 1 
3858|Child_Levy|56: 2167 610 217 75 35 12 5 1 
3863|Child_Cross12|9: 2027 636 211 73 36 13 4 1 
3866|Child_Avg|51: 1930 605 220 73 35 11 4 1 
3867|Child_Cross12|41: 1905 594 217 71 35 11 4 1 
3868|Child_CrossABC1|7: 2020 589 228 71 35 11 5 1 
3869|Child_Cross21|2: 1905 594 217 71 35 11 5 1 
3888|Survivor|1: 1965 540 225 64 35 11 5 1 
3898|Child_Levy|40: 1795 605 198 72 32 13 4 1 
3902|Child_Cross21|30: 1760 617 205 72 32 13 4 1 
3907|Child_CrossABC2|8: 1757 627 205 72 32 13 4 1 
3911|Child_CrossABC2|8: 1759 622 205 72 32 13 4 1 
3912|Child_CrossABC1|1: 1755 629 205 72 32 13 4 1 
3913|Child_CrossABC2|8: 1758 627 205 72 32 13 4 1 
3914|Child_CrossABC1|1: 1753 627 205 72 32 13 4 1 
3918|Survivor|1: 1987 607 212 67 31 14 4 1 
3919|Child_Cross21|6: 1717 606 211 63 31 14 4 1 
3938|Survivor|1: 4487 926 412 182 73 27 10 4 1 
3939|Child_LevyP2|4: 3732 1019 382 179 70 30 11 5 1 
3951|Survivor|1: 3947 1011 373 176 70 30 11 5 1 
3953|Child_Avg|55: 3841 1007 384 172 69 30 11 5 1 
3957|Child_Avg|39: 3852 1027 393 166 67 30 11 5 1 
3959|Child_CrossABC1|7: 3854 1027 391 164 70 30 11 5 1 
3960|Survivor|1|Mutated: 3854 1027 391 164 84 30 11 5 1 
3977|Child_Avg|3: 3823 1070 393 144 77 30 11 5 1 
4009|Child_Avg|55|Mutated: 1532 495 192 75 29 9 4 1 
4014|Survivor|1|Mutated: 1532 495 192 75 29 10 4 1 
4039|Child_Cross21|18: 1558 504 196 67 30 9 4 1 
4044|Child_Cross21|22|Mutated: 1817 504 196 67 33 9 4 1 
4058|Child_Avg|31: 1539 497 193 61 29 9 4 1 
4062|Survivor|1: 1538 497 193 61 29 9 4 1 
4063|Child_Cross12|53: 1545 497 193 61 29 9 4 1 
4064|Child_Cross12|1: 1518 497 193 61 29 9 4 1 
4067|Child_Cross21|34: 1529 497 193 61 29 9 4 1 
4072|Child_Cross12|17: 1548 497 193 61 29 9 4 1 
4076|Child_Cross12|41: 1556 497 193 61 29 9 4 1 
4085|Child_Avg|59: 1546 497 193 61 29 9 4 1 
4091|Child_Cross12|49: 1535 497 193 61 29 9 4 1 
4097|Child_Cross21|38|Mutated: 1802 497 193 61 29 9 4 1 
4103|Child_Cross21|46: 1545 510 193 61 29 9 4 1 
4105|Child_Cross21|26: 1881 497 193 61 29 9 4 1 
4110|Child_Cross12|53: 1822 497 193 61 29 9 4 1 
4112|Child_Cross12|33: 1842 497 193 61 29 9 4 1 
4113|Child_Cross21|2: 1812 497 193 61 29 9 4 1 
4114|Child_Avg|7: 1833 497 193 61 29 9 4 1 
4118|Child_Cross21|34: 1810 497 193 61 29 9 4 1 
4121|Child_Cross12|33: 1843 497 193 61 29 9 4 1 
4122|Child_Cross12|1: 1749 497 193 61 29 9 4 1 
4124|Child_Avg|27|Mutated: 1789 497 193 61 29 9 4 1 
4132|Child_Cross21|42: 1839 497 193 61 29 9 4 1 
4143|Child_Cross12|57: 1829 497 193 61 29 9 4 1 
4145|Child_Cross12|29: 1799 497 193 61 29 9 4 1 
4149|Child_Avg|19: 1809 497 193 61 29 9 4 1 
4151|Child_Cross12|45: 1823 497 193 61 29 9 4 1 
4152|Child_Cross21|54: 1783 497 193 61 29 9 4 1 
4184|Child_Cross21|42: 1799 510 193 61 29 9 4 1 
4190|Child_Cross21|58: 1820 497 193 61 29 9 4 1 
4220|Child_Cross21|2: 1731 507 190 61 29 9 4 1 
4237|Child_Cross21|2: 1783 521 208 61 29 9 4 1 
4240|Child_Avg|39: 1779 502 204 61 29 9 4 1 
4242|Child_CrossABC2|2: 1780 497 204 61 29 9 4 1 
4280|Child_Cross21|50: 1829 538 200 59 27 10 4 1 
4298|Child_Cross12|57: 1825 538 200 59 27 10 4 1 
4313|Child_Avg|35|Mutated: 1813 491 185 72 29 10 3 1 
4324|Survivor|1: 1598 491 172 65 29 10 4 1 
4331|Child_Cross12|41: 1625 506 182 63 29 10 4 1 
4355|Child_Levy|36: 1597 500 182 61 29 9 4 1 
4409|Child_Cross12|13: 2128 559 207 86 40 12 5 1 
4410|Child_Avg|59: 2276 678 292 102 39 11 4 1 
4414|Child_Levy|44: 2211 649 246 95 37 12 5 1 
4415|Child_Avg|23: 2083 599 217 89 35 12 5 1 
4418|Child_CrossABC2|2: 2191 576 207 87 35 12 5 1 
4421|Child_CrossABC1|1: 2190 649 236 90 35 12 5 1 
4424|Child_Avg|23: 2040 611 212 86 35 12 5 1 
4425|Child_Avg|11: 2163 586 261 84 35 11 4 1 
4431|Child_Cross21|14: 2179 585 243 84 35 11 4 1 
4433|Child_Levy|12: 1931 547 213 80 35 12 5 1 
4435|Child_Cross12|33: 2057 578 243 76 35 11 5 1 
4436|Child_Cross21|10: 2217 577 227 73 35 13 5 1 
4438|Child_Avg|43: 2072 576 223 73 35 11 5 1 
4439|Child_Cross12|29: 2190 563 237 73 35 11 5 1 
4444|Child_Cross21|14: 2218 567 229 73 35 11 5 1 
4445|Child_CrossABC1|7: 2069 571 227 73 35 11 5 1 
4446|Child_Cross12|1: 2174 567 225 67 35 13 5 1 
4447|Child_Cross12|41: 2069 571 227 73 35 12 5 1 
4451|Child_Cross12|21: 7137 1522 444 174 73 35 12 5 1 
4453|Survivor|1: 1969 595 221 67 35 11 5 1 
4454|Child_Cross12|13: 2091 583 226 64 35 11 5 1 
4469|Survivor|1: 2091 595 226 64 35 11 5 1 
4473|Child_CrossABC1|7: 2091 600 226 64 35 11 5 1 
4477|Child_CrossABC1|7: 2091 594 226 64 35 11 5 1 
4488|Survivor|1: 2091 596 226 64 35 11 5 1 
4507|Child_CrossABC2|8: 2077 594 228 64 35 11 5 1 
4518|Child_Cross21|18|Mutated: 1839 543 201 62 35 11 4 1 
4524|Child_Avg|59: 1780 618 237 98 39 11 4 1 
4528|Child_Avg|7: 1810 585 226 71 39 11 4 1 
4529|Child_CrossABC2|8: 1919 588 216 76 39 11 4 1 
4530|Child_Avg|23: 1720 519 218 76 39 11 4 1 
4541|Child_Levy|8: 1773 530 190 67 35 13 5 1 
4549|Child_Cross12|1: 1764 533 190 67 35 13 5 1 
4571|Child_Avg|15: 1793 543 191 76 35 11 4 1 
4578|Child_CrossABC2|2: 1793 543 191 76 35 11 5 1 
4589|Child_Avg|55: 1935 604 237 80 28 11 4 1 
4591|Child_CrossABC2|8: 1800 487 205 73 30 11 5 1 
4592|Random|8: 7949 1719 483 203 83 29 14 4 1 
4615|Child_Cross12|45: 1608 611 205 76 29 14 4 1 
4617|Child_Avg|7: 1747 564 197 76 28 13 4 1 
4618|Child_CrossABC1|7: 1811 500 197 78 31 14 4 1 
4626|Child_Cross12|29: 1687 546 192 75 31 14 4 1 
4627|Child_CrossABC2|2|Mutated: 1730 522 197 91 31 14 4 1 
4637|Child_Avg|35: 1905 524 192 73 32 13 4 1 
4641|Child_Cross12|9|Mutated: 1844 529 193 66 32 13 4 1 
4678|Survivor|1: 1829 466 182 61 29 10 4 1 
4692|Child_Cross21|26: 1829 466 182 61 29 9 4 1 
4718|Child_Cross21|38: 2170 599 210 76 43 13 4 1 
4725|Child_LevyP2|4: 1871 575 175 74 32 13 4 1 
4726|Child_Avg|31: 1913 566 217 74 35 11 4 1 
4729|Child_CrossABC2|8: 1912 551 213 75 35 11 4 1 
4740|Child_Cross21|18: 1918 579 225 76 39 11 4 1 
4750|Survivor|1: 2029 597 216 71 39 11 4 1 
4755|Child_Levy|48: 1956 550 216 75 35 11 5 1 
4756|Survivor|1|Mutated: 1956 550 248 75 35 11 5 1 
4763|Child_LevyABC1|11: 2037 569 258 75 35 11 5 1 
4771|Child_LevyABC1|5|Mutated: 2236 587 245 78 33 10 4 1 
4788|Child_Levy|24: 2124 587 215 73 32 10 3 1 
4798|Child_Avg|55: 1709 510 192 69 31 10 4 1 
4824|Survivor|1: 1810 550 192 59 31 10 4 1 
4859|Child_LevyP2|10: 1753 539 193 62 30 11 5 1 
4874|Survivor|1: 1720 572 218 91 35 13 5 1 
4875|Child_CrossABC2|2: 1711 504 212 98 35 13 5 1 
4879|Child_Avg|59: 1874 554 206 80 35 13 5 1 
4881|Child_LevyP2|10: 1909 544 197 88 33 14 4 1 
4887|Child_Cross12|25: 1831 515 202 82 33 14 4 1 
4889|Child_Avg|15: 1848 541 205 71 35 13 5 1 
4925|Child_CrossABC2|8: 1847 530 201 76 35 13 5 1 
4927|Child_Cross12|21: 1804 528 197 69 35 13 5 1 
4948|Survivor|1: 1813 531 195 66 35 12 5 1 
4960|Survivor|1: 1834 584 186 63 35 12 5 1 
4979|Child_Levy|56|Mutated: 1725 531 202 76 35 12 5 1 
4987|Child_Cross12|5: 1686 552 201 73 35 12 5 1 
4988|Child_CrossABC2|2: 1760 520 201 78 35 12 5 1 
5001|Child_CrossABC1|7|Mutated: 1765 570 201 85 35 12 5 1 
5008|Child_CrossABC2|2: 1775 575 219 99 35 11 5 1 
5009|Child_Cross21|34: 1736 563 197 78 35 12 5 1 
5010|Child_CrossABC1|7: 1751 563 201 87 35 12 5 1 
5012|Child_CrossABC1|1: 1739 549 195 76 35 12 5 1 
5014|Child_Avg|59: 1631 572 206 89 35 11 5 1 
5015|Child_Avg|47: 1853 566 204 78 35 12 5 1 
5017|Child_CrossABC2|2: 1781 536 189 73 35 12 5 1 
5023|Child_Cross12|5: 1911 556 199 75 35 12 5 1 
5026|Child_Avg|15: 1812 560 203 74 35 12 5 1 
5032|Child_Avg|35: 1857 557 196 73 35 12 5 1 
5040|Child_CrossABC1|1: 1872 548 197 71 35 13 5 1 
5055|Survivor|1: 1771 502 197 63 35 11 4 1 
5059|Child_Levy|52|Mutated: 2026 569 202 75 35 11 4 1 
5068|Survivor|1: 1930 571 204 74 35 11 4 1 
5070|Child_Cross12|13: 1899 554 200 67 35 11 4 1 
5083|Survivor|1: 1848 523 207 66 35 12 5 1 
5089|Survivor|1: 1828 526 210 67 35 11 4 1 
5132|Survivor|1: 1645 484 189 62 30 11 5 1 
5138|Child_Levy|4: 2172 657 291 89 30 11 5 1 
5142|Child_Levy|20: 1925 749 226 93 35 11 5 1 
5145|Child_Cross12|45: 2190 632 250 89 35 11 5 1 
5184|Child_CrossABC2|8: 1880 495 194 86 35 11 5 1 
5185|Child_Cross12|1: 2103 712 286 85 37 14 4 1 
5187|Child_Cross12|57|Mutated: 2181 620 245 82 37 14 4 1 
5189|Survivor|1|Mutated: 2181 620 245 80 37 14 4 1 
5190|Child_Cross21|22: 1821 568 216 78 35 11 5 1 
5192|Child_Cross12|49: 1793 629 221 77 35 11 5 1 
5196|Child_Cross12|5: 1850 588 219 76 35 11 4 1 
5197|Child_Cross21|30: 1852 582 219 76 35 12 5 1 
5201|Child_Levy|4: 1869 596 216 77 35 12 5 1 
5206|Child_Cross12|49: 1907 618 217 74 35 12 5 1 
5211|Child_Levy|36: 1899 632 221 71 36 11 5 1 
5239|Child_Levy|52: 1829 543 203 62 27 10 4 1 
5241|Child_CrossABC2|8: 1880 552 203 62 27 10 4 1 
5245|Child_Cross21|2: 1797 550 199 62 27 10 4 1 
5279|Survivor|1: 1838 533 199 75 27 10 4 1 
5281|Child_Avg|31: 1743 537 199 69 27 10 4 1 
5285|Child_CrossABC2|8: 1769 534 190 69 27 10 4 1 
5296|Child_CrossABC2|2: 1741 533 195 70 27 10 4 1 
5299|Child_Cross21|2: 1797 522 208 69 27 10 4 1 
5304|Survivor|1|Mutated: 1797 592 208 69 27 10 4 1 
5321|Child_CrossABC1|1: 1856 511 203 69 27 10 4 1 
5331|Child_Cross12|29: 1856 511 203 69 30 11 5 1 
5341|Survivor|1: 1841 536 184 63 27 10 4 1 
5421|Child_LevyP1|3: 2184 607 224 76 33 12 5 1 
5427|Child_CrossABC1|7: 2185 650 232 82 33 12 5 1 
5429|Child_LevyABC1|11: 2219 691 222 110 33 14 4 1 
5448|Child_Levy|24: 2203 611 228 79 33 12 5 1 
5450|Child_Avg|47: 2071 601 230 75 32 13 4 1 
5453|Child_Avg|11: 1844 585 224 76 31 11 4 1 
5458|Child_Cross21|54: 1829 523 219 72 27 13 5 1 
5466|Survivor|1: 2158 579 212 73 27 13 5 1 
5468|Child_Cross21|46: 2158 579 212 73 30 11 5 1 
5469|Child_Avg|31: 1891 517 204 69 28 12 5 1 
5480|Child_Levy|40: 1740 529 196 63 29 10 4 1 
5493|Child_CrossABC1|7: 1730 525 195 61 29 10 4 1 
5498|Survivor|1: 1726 525 195 61 29 9 4 1 
5502|Child_CrossABC2|2: 1729 525 195 61 29 9 4 1 
5511|Child_Avg|39: 1730 525 195 61 29 9 4 1 
5513|Child_Cross21|22: 1822 525 195 61 29 9 4 1 
5518|Child_Cross12|1: 1766 525 195 61 29 9 4 1 
5520|Child_Cross21|10: 1791 525 195 61 29 9 4 1 
5522|Child_Cross21|54: 1810 525 195 61 29 9 4 1 
5523|Child_Cross12|21: 1778 525 195 61 29 9 4 1 
5524|Child_Cross21|18: 1749 525 195 61 29 9 4 1 
5526|Child_Avg|11: 1765 525 195 61 29 9 4 1 
5527|Child_CrossABC2|2: 1803 525 195 61 29 9 4 1 
5531|Child_Cross12|1: 1787 525 195 61 29 9 4 1 
5535|Child_Cross21|6: 1798 525 195 61 29 9 4 1 
5537|Child_Cross12|17: 1762 525 195 61 29 9 4 1 
5538|Child_CrossABC1|1: 1790 525 195 61 29 9 4 1 
5541|Child_Cross21|58: 1811 525 195 61 29 9 4 1 
5547|Child_Cross21|46: 1763 525 195 61 29 9 4 1 
5558|Child_Avg|51: 6412 1471 569 243 105 28 13 4 1 
5561|Child_Cross21|18: 2103 638 194 88 31 14 4 1 
5567|Child_Cross12|45: 1899 486 179 75 28 13 4 1 
5572|Survivor|1: 1573 507 188 67 30 11 5 1 
5573|Child_Cross12|5: 1607 481 182 69 28 11 4 1 
5584|Survivor|1: 1569 559 183 73 30 11 5 1 
5594|Survivor|1: 1584 478 190 61 29 9 4 1 
5605|Child_Avg|39: 1873 605 226 78 32 11 4 1 
5612|Child_CrossABC1|1: 1873 605 226 78 32 11 3 1 
5613|Child_Levy|36: 1805 579 229 75 35 12 5 1 
5614|Child_CrossABC1|1|Mutated: 1814 575 224 75 35 12 5 1 
5615|Child_Cross12|21: 1706 583 217 75 35 12 5 1 
5628|Child_Cross21|34: 1706 583 217 75 32 13 4 1 
5635|Child_CrossABC2|8: 1729 589 214 81 32 13 4 1 
5636|Survivor|1|Mutated: 1729 679 214 81 32 13 4 1 
5637|Child_Levy|8: 1592 551 223 97 40 13 5 1 
5648|Child_Avg|11: 1774 517 212 70 40 13 5 1 
5650|Child_LevyP1|3: 1873 547 223 75 27 13 5 1 
5651|Child_Avg|11: 1861 551 222 71 33 13 4 1 
5659|Child_Cross12|45|Mutated: 1765 547 221 68 32 13 4 1 
5662|Child_LevyABC1|11: 1838 577 222 78 32 13 5 1 
5666|Child_Avg|23: 1843 565 215 72 33 14 4 1 
5667|Child_LevyABC1|5: 1846 548 223 77 29 14 4 1 
5671|Child_CrossABC2|2|Mutated: 1864 566 223 77 29 14 4 1 
5676|Child_CrossABC2|2: 1841 566 223 77 29 14 4 1 
5677|Child_CrossABC1|7: 1847 557 223 77 29 14 4 1 
5691|Child_Avg|15: 1791 555 216 74 28 13 4 1 
5694|Child_CrossABC2|2: 1858 553 216 74 28 13 4 1 
5724|Survivor|1: 1786 534 207 63 28 13 4 1 
5740|Child_CrossABC2|2: 1932 590 199 60 28 11 4 1 
5750|Child_CrossABC2|8: 1588 560 209 77 31 10 4 1 
5753|Child_Avg|27: 1806 551 197 75 31 10 4 1 
5760|Child_CrossABC1|7: 1898 555 211 82 29 10 4 1 
5765|Child_Cross12|25: 1909 557 204 82 29 10 4 1 
5766|Child_Avg|43: 1710 500 188 71 29 10 4 1 
5770|Child_Cross12|49: 1852 552 199 72 29 10 4 1 
5775|Child_Cross12|25: 1794 553 196 71 29 10 4 1 
5776|Child_CrossABC2|8: 1829 551 201 71 29 10 4 1 
5781|Child_Cross21|58: 1828 546 200 69 30 11 5 1 
5782|Child_CrossABC2|8: 1787 551 201 71 29 10 4 1 
5789|Child_Cross21|30: 1792 549 199 71 29 10 4 1 
5801|Child_LevyABC2|6: 1788 553 195 71 28 11 4 1 
5808|Child_Avg|39: 1745 545 192 63 27 14 4 1 
5834|Child_Cross12|9: 1660 489 187 73 27 10 4 1 
5862|Survivor|1: 1714 559 208 75 32 13 4 1 
5865|Survivor|1: 1673 514 213 68 36 13 4 1 
5867|Child_Avg|39: 1751 548 190 69 24 11 5 1 
5880|Survivor|1: 1606 500 204 61 29 10 4 1 
5895|Child_Avg|59: 3513 933 266 107 36 13 4 1 
5903|Survivor|1|Mutated: 3513 933 266 107 32 13 4 1 
5905|Child_Avg|39: 2331 634 197 85 30 12 5 1 
5907|Child_LevyABC2|6: 2339 633 201 83 28 12 5 1 
5922|Survivor|1: 1820 512 177 66 27 10 4 1 
5923|Child_CrossABC2|2: 1777 519 188 71 28 11 4 1 
5931|Child_Levy|20: 1873 524 187 68 28 9 4 1 
5934|Survivor|1: 1701 570 197 65 27 10 4 1 
5938|Survivor|1: 1759 570 197 65 27 10 4 1 
5941|Child_Cross21|42: 1822 520 181 62 27 10 4 1 
5961|Child_Cross21|14: 1702 522 191 76 29 14 4 1 
6015|Child_Cross21|14: 1715 501 186 66 28 11 4 1 
6016|Child_Cross12|41: 2666 699 229 76 36 13 4 1 
6032|Survivor|1: 1948 591 200 67 30 11 5 1 
6042|Survivor|1: 2129 590 188 65 35 11 5 1 
6045|Survivor|1|Mutated: 2129 590 188 73 35 11 5 1 
6068|Survivor|1: 2139 598 210 65 34 9 4 1 
6084|Survivor|1: 2227 620 211 61 29 9 4 1 
6112|Child_Cross12|9: 4176 949 329 150 62 28 9 4 1 
6123|Child_Avg|15: 4414 1156 531 181 89 31 10 4 1 
6126|Survivor|1: 1776 459 185 80 31 10 4 1 
6130|Child_Cross12|53: 1811 467 184 81 30 11 5 1 
6131|Child_Cross21|58: 1785 583 197 81 30 11 5 1 
6134|Child_Cross21|34: 1750 524 189 78 31 10 4 1 
6135|Child_Cross21|34: 1754 538 191 77 30 11 5 1 
6140|Child_Avg|55: 1781 525 187 73 29 10 4 1 
6143|Child_Cross21|10: 1851 550 185 71 29 10 4 1 
6155|Child_CrossABC2|8: 1853 553 186 71 29 10 4 1 
6181|Survivor|1: 1867 561 180 62 24 9 4 1 
6191|Survivor|1: 1637 511 188 88 31 10 4 1 
6197|Child_Cross21|14: 1705 490 188 69 27 10 4 1 
6198|Child_Cross21|14: 1623 449 192 77 28 12 5 1 
6199|Child_Avg|59: 1613 487 207 81 29 10 4 1 
6204|Child_Cross12|29: 1614 509 183 65 29 10 4 1 
6223|Survivor|1: 2285 629 283 81 37 13 4 1 
6226|Child_Cross12|41: 2285 659 283 81 37 13 4 1 
6230|Child_Levy|12: 1778 524 214 78 35 11 5 1 
6232|Child_Avg|11: 1723 504 204 76 35 13 5 1 
6234|Child_Cross12|1: 1746 521 244 73 35 11 5 1 
6237|Child_Cross21|22: 1844 564 221 73 35 12 5 1 
6239|Child_Avg|7: 1840 544 239 73 35 11 5 1 
6243|Child_Avg|39: 1855 576 224 73 35 11 5 1 
6244|Child_Cross12|57: 1859 550 239 73 35 11 5 1 
6245|Child_Cross12|53: 1855 576 224 73 35 12 5 1 
6248|Child_Cross21|14: 1845 548 234 73 35 11 5 1 
6249|Child_Cross21|54: 1865 605 221 73 35 12 5 1 
6267|Survivor|1: 2275 923 255 100 46 13 4 1 
6270|Child_Cross12|41: 2318 631 250 94 46 13 4 1 
6271|Child_Cross12|5: 2318 631 250 94 36 13 4 1 
6274|Child_CrossABC2|8: 2826 640 299 103 35 13 5 1 
6276|Child_Avg|47: 2115 613 198 67 37 13 4 1 
6277|Child_LevyP2|4: 1808 710 197 103 40 12 5 1 
6279|Child_Avg|59: 1938 595 214 81 37 14 4 1 
6283|Child_CrossABC1|1: 1764 543 214 81 37 14 4 1 
6284|Child_Avg|7: 1880 625 218 95 37 13 4 1 
6285|Child_CrossABC1|7: 1851 622 217 92 38 13 5 1 
6286|Child_Avg|39: 2072 576 215 82 35 13 5 1 
6290|Child_Cross21|30: 2072 576 215 82 37 13 4 1 
6292|Child_Cross21|2: 1909 589 212 78 35 12 5 1 
6293|Child_Avg|59: 2049 618 229 77 35 13 5 1 
6298|Child_CrossABC2|2: 2113 643 225 77 35 13 5 1 
6300|Child_Cross12|17: 7795 1579 501 165 74 35 12 5 1 
6306|Child_Cross21|58|Mutated: 1916 568 215 76 36 11 5 1 
6308|Child_Avg|27: 1872 578 204 73 35 11 4 1 
6320|Child_CrossABC2|2: 1892 578 202 75 35 11 4 1 
6322|Child_Cross12|37: 1852 594 185 71 35 11 5 1 
6324|Child_Cross12|5: 1838 576 184 71 35 11 4 1 
6325|Child_Avg|23: 1848 594 185 71 35 11 4 1 
6326|Child_Cross12|5: 1844 594 185 71 35 11 5 1 
6328|Child_Cross12|1: 1840 594 185 71 35 11 5 1 
6329|Child_Cross21|14: 1837 571 184 71 35 11 4 1 
6330|Child_Cross12|1: 1837 571 184 71 35 11 5 1 
6334|Child_Cross21|14: 1782 561 182 71 35 11 5 1 
6337|Child_Cross21|22: 1829 570 183 71 35 11 4 1 
6338|Child_Cross21|42: 1819 565 183 71 35 11 5 1 
6340|Child_Avg|7: 1837 577 184 74 35 11 5 1 
6348|Child_Cross12|45: 1836 563 184 71 35 11 5 1 
6351|Child_Cross21|2: 1819 563 183 71 35 11 5 1 
6352|Child_Avg|15: 1827 563 183 71 35 11 5 1 
6353|Child_Cross21|58: 1838 577 184 71 35 11 5 1 
6355|Child_Cross21|18: 1835 563 183 71 35 11 5 1 
6356|Child_Cross21|22: 1836 565 183 71 35 11 5 1 
6357|Child_Cross12|29: 1829 570 183 71 35 11 5 1 
6359|Child_Avg|51: 1831 565 183 71 35 11 5 1 
6361|Child_Cross21|26: 1827 563 183 71 35 13 5 1 
6362|Child_Cross12|5: 1837 570 184 71 35 13 5 1 
6370|Child_Cross12|41: 1837 570 184 71 35 11 5 1 
6371|Child_Cross12|57: 1831 565 183 71 35 13 5 1 
6373|Child_Cross21|6: 1832 566 206 71 35 11 5 1 
6374|Child_Cross12|17: 1821 563 183 71 35 11 5 1 
6383|Child_Cross12|13: 1832 566 206 71 35 13 5 1 
6384|Child_Cross21|2: 1821 563 183 71 35 13 5 1 
6386|Child_Cross12|25: 1819 563 183 71 35 13 5 1 
6394|Child_Cross21|18: 1825 563 183 71 35 11 5 1 
6408|Child_Cross21|50: 1845 565 197 71 35 13 5 1 
6417|Child_Cross21|2|Mutated: 1825 563 183 71 35 13 5 1 
6421|Child_Avg|43: 1906 563 183 71 35 13 5 1 
6423|Child_Cross21|18: 1832 566 206 71 37 14 4 1 
6424|Child_Cross21|10: 1832 566 206 71 36 13 4 1 
6427|Child_Avg|59: 2454 614 229 87 36 13 4 1 
6496|Child_CrossABC2|8: 2730 609 243 86 31 13 4 1 
6497|Child_CrossABC1|1|Mutated: 1745 541 208 75 31 10 4 1 
6500|Child_Levy|24: 1800 562 192 65 28 12 5 1 
6501|Child_LevyP2|10: 1788 545 242 78 30 11 5 1 
6508|Child_CrossABC2|8: 1837 592 227 80 30 11 5 1 
6513|Child_CrossABC2|8: 1810 539 214 78 30 11 5 1 
6524|Child_CrossABC2|8: 1904 535 256 78 30 11 5 1 
6526|Child_Levy|8: 1798 514 217 77 29 11 5 1 
6528|Child_Avg|35: 1917 586 211 71 29 10 4 1 
6532|Child_Avg|19: 1762 550 188 71 29 10 4 1 
6535|Child_LevyP2|4|Mutated: 1903 557 210 69 30 11 5 1 
6538|Child_Avg|15: 2155 757 268 92 33 14 4 1 
6541|Child_Cross12|41: 1826 562 204 69 31 10 4 1 
6564|Child_Avg|35: 1767 527 214 73 27 10 4 1 
6565|Child_Avg|59: 1812 526 197 71 28 9 4 1 
6567|Survivor|1|Mutated: 1767 554 211 65 31 10 4 1 
6568|Child_Levy|4: 1824 557 204 69 30 11 5 1 
6590|Survivor|1: 1652 465 197 61 29 10 4 1 
6627|Survivor|1: 1819 546 201 74 27 11 4 1 
6633|Child_Avg|43: 1729 509 195 67 24 9 4 1 
6645|Child_Cross12|13: 1690 506 193 67 31 10 4 1 
6651|Child_Cross12|29: 1659 536 207 65 28 11 4 1 
6653|Child_Avg|19: 1767 487 199 65 29 10 4 1 
6654|Child_Levy|32|Mutated: 1486 542 203 74 28 12 5 1 
6656|Child_Avg|3: 1755 501 205 64 29 9 4 1 
6676|Survivor|1: 1574 454 187 64 29 9 4 1 
6721|Child_Levy|56: 1572 479 178 85 28 13 4 1 
6731|Child_Avg|43: 1480 478 186 71 28 11 4 1 
6749|Child_Cross12|13: 6309 1397 448 217 59 30 9 4 1 
6758|Child_CrossABC1|7: 1831 620 220 85 37 14 4 1 
6785|Child_LevyABC1|11: 1338 571 187 85 35 12 5 1 
6789|Child_Cross12|57: 1833 630 214 73 29 9 4 1 
6790|Child_Cross12|57: 1833 630 214 73 35 12 5 1 
6794|Child_Cross12|33: 1614 629 193 74 35 12 5 1 
6795|Child_Cross21|2: 1756 606 212 73 35 12 5 1 
6809|Child_LevyP2|4: 1655 598 256 73 35 12 5 1 
6826|Child_Levy|16: 1720 571 205 67 31 14 4 1 
6830|Child_Levy|48: 1712 517 206 62 32 13 4 1 
6837|Child_Cross12|49: 1695 524 189 62 32 13 4 1 
6881|Survivor|1: 1721 654 256 79 37 11 4 1 
6884|Child_Cross12|9: 1468 542 197 66 31 10 4 1 
6897|Child_Levy|16: 1560 583 206 78 38 11 4 1 
6901|Child_LevyABC2|6: 1551 643 211 83 40 13 4 1 
6918|Child_Cross21|54: 1461 566 199 76 36 13 4 1 
6920|Child_Avg|23|Mutated: 1456 531 184 74 35 12 5 1 
6923|Child_Levy|52|Mutated: 1522 535 196 69 31 10 4 1 
6924|Child_Levy|24|Mutated: 1632 574 195 71 28 11 4 1 
6937|Survivor|1: 1591 558 185 64 28 11 4 1 
6941|Survivor|1|Mutated: 1592 557 193 65 28 11 4 1 
6959|Survivor|1: 1900 553 179 63 28 13 4 1 
6970|Child_CrossABC1|7: 1883 553 179 63 28 13 4 1 
6973|Child_Cross12|53: 1898 553 179 63 28 13 4 1 
6974|Child_CrossABC2|8: 1818 496 179 63 28 13 4 1 
6978|Child_Cross12|33: 1872 553 181 63 28 13 4 1 
6979|Child_Avg|23: 1892 553 179 63 28 13 4 1 
6983|Child_Cross21|18: 1821 553 179 63 28 13 4 1 
6984|Child_Cross21|6: 1805 553 179 63 28 13 4 1 
6986|Child_CrossABC2|8: 1798 553 179 63 28 13 4 1 
6987|Child_Avg|31: 1867 553 179 63 28 13 4 1 
6989|Child_Avg|7|Mutated: 1809 553 179 63 28 13 4 1 
6991|Child_Cross21|50: 1820 528 179 63 28 13 4 1 
6992|Child_Avg|43: 1829 553 179 63 28 13 4 1 
6994|Child_Cross12|45: 1804 553 179 63 28 13 4 1 
7002|Child_Cross12|45: 1815 553 179 63 28 13 4 1 
7003|Child_Avg|7: 1803 528 179 63 28 13 4 1 
7005|Child_Cross21|34: 1819 521 179 63 28 13 4 1 
7008|Child_Cross21|26: 1824 535 179 63 28 13 4 1 
7009|Child_Cross12|37: 1861 553 179 63 28 13 4 1 
7010|Child_Cross12|29: 1829 521 179 63 28 13 4 1 
7016|Child_Cross12|25: 1818 521 179 63 28 13 4 1 
7018|Child_Cross12|25: 1820 525 179 63 28 13 4 1 
7022|Child_Cross12|41: 1824 521 179 63 28 13 4 1 
7024|Child_Cross12|25: 1823 521 179 63 28 13 4 1 
7036|Child_Cross21|38: 1812 521 179 63 28 13 4 1 
7037|Child_Cross21|34: 1828 521 179 63 28 13 4 1 
7040|Child_Cross12|49: 1797 521 179 63 28 13 4 1 
7042|Child_Cross12|49: 1814 521 179 63 28 13 4 1 
7046|Child_Avg|43: 1834 521 179 63 28 13 4 1 
7047|Child_Avg|55: 1844 521 179 63 28 13 4 1 
7053|Child_CrossABC1|7: 1849 521 179 63 28 13 4 1 
7072|Child_Cross12|17: 1839 521 179 63 28 13 4 1 
7082|Child_Avg|7: 1830 521 179 63 28 13 4 1 
7088|Child_Cross12|41: 1833 521 179 63 28 13 4 1 
7111|Child_Cross12|57: 1776 521 179 63 28 13 4 1 
7171|Child_Cross21|50: 1765 521 179 63 28 13 4 1 
7174|Child_Cross21|22: 1813 521 179 63 28 13 4 1 
7179|Child_Avg|31: 1781 521 179 63 28 13 4 1 
7180|Child_Cross21|58: 1840 521 179 63 28 13 4 1 
7207|Child_Avg|11: 1865 521 179 63 28 13 4 1 
7212|Child_Cross12|57: 1787 521 179 63 28 13 4 1 
7228|Survivor|1: 1544 521 179 63 28 13 4 1 
7236|Child_Cross12|45: 3157 910 310 119 40 15 4 1 
7243|Child_Avg|23: 2093 753 248 90 39 14 4 1 
7251|Child_Avg|39: 1739 577 206 81 36 13 4 1 
7262|Child_Cross12|13: 1744 572 195 87 35 12 5 1 
7273|Survivor|1|Mutated: 1744 660 195 87 35 12 5 1 
7277|Child_CrossABC1|1: 1580 565 196 74 35 12 5 1 
7286|Child_CrossABC1|7: 1630 529 196 74 35 12 5 1 
7293|Survivor|1: 1763 543 218 69 35 13 5 1 
7295|Survivor|1: 1700 612 212 71 37 13 4 1 
7310|Survivor|1: 2098 678 233 81 32 12 5 1 
7313|Child_Levy|8: 2151 690 237 90 47 12 5 1 
7317|Child_Levy|12: 1777 652 231 81 36 13 4 1 
7318|Child_Levy|36: 2058 654 222 80 35 13 5 1 
7319|Child_Cross12|21: 1914 623 274 81 36 13 4 1 
7320|Child_Avg|39: 2158 661 222 80 35 13 5 1 
7322|Child_Cross21|14: 1979 628 223 80 36 13 4 1 
7323|Child_Cross21|54: 1979 628 223 80 35 13 5 1 
7327|Child_Cross21|22: 1789 567 219 77 35 13 5 1 
7328|Child_Cross21|42: 1881 629 227 78 31 14 4 1 
7329|Child_Cross21|30: 1993 602 232 77 35 13 5 1 
7331|Child_Cross21|34: 1877 626 221 77 35 13 5 1 
7333|Child_CrossABC1|7: 1833 624 220 77 35 13 5 1 
7346|Child_Cross12|21: 1864 628 229 76 35 13 5 1 
7347|Child_Avg|11|Mutated: 1755 641 233 79 28 13 4 1 
7349|Child_Cross12|33: 1925 605 244 71 35 13 5 1 
7351|Child_Cross12|21: 1709 592 202 69 35 13 5 1 
7355|Child_CrossABC1|7: 1761 570 206 71 36 11 5 1 
7388|Child_Cross12|49: 6896 1408 443 173 62 33 9 4 1 
7398|Child_CrossABC2|8: 1519 471 249 86 35 12 5 1 
7434|Child_CrossABC1|7: 1757 470 173 61 29 9 4 1 
7440|Survivor|1|Mutated: 1753 467 172 61 29 9 4 1 
7458|Survivor|1: 1752 467 172 61 29 9 4 1 
7464|Child_Avg|27: 1779 522 178 81 36 13 4 1 
7465|Child_Cross21|54: 1780 521 177 82 32 11 4 1 
7480|Child_CrossABC1|7: 1859 537 185 76 35 12 5 1 
7489|Child_Avg|15: 2120 595 180 73 35 11 4 1 
7492|Child_Levy|20: 1888 545 184 71 33 13 4 1 
7494|Child_Cross12|37: 2110 642 199 67 30 11 5 1 
7505|Child_Levy|8: 1713 469 178 62 30 11 5 1 
7506|Child_Avg|55: 2131 606 205 69 32 13 4 1 
7517|Survivor|1: 1648 522 183 65 30 11 5 1 
7527|Child_Cross21|14: 1743 504 184 66 27 10 4 1 
7538|Child_Cross12|17: 2657 730 207 99 35 11 5 1 
7539|Child_Cross21|22: 1891 506 187 68 29 14 4 1 
7546|Child_Levy|12: 1893 519 201 83 37 12 5 1 
7549|Child_Cross21|58: 1892 512 194 75 28 11 4 1 
7556|Survivor|1: 1972 494 199 76 30 12 5 1 
7581|Child_LevyP2|10: 2220 627 224 78 31 11 4 1 
7586|Child_Cross21|42: 2296 620 217 77 33 13 4 1 
7596|Child_Avg|35: 2023 537 188 74 32 13 4 1 
7607|Child_Cross21|6: 1955 533 187 68 30 12 5 1 
7624|Survivor|1: 2187 796 302 94 32 13 5 1 
7631|Survivor|1: 1764 503 216 65 28 12 5 1 
7635|Child_CrossABC1|1: 1791 511 176 69 28 12 5 1 
7637|Child_CrossABC2|2: 1766 519 191 77 28 12 5 1 
7662|Survivor|1: 1611 499 182 61 29 10 4 1 
7668|Survivor|1: 2991 599 264 86 41 14 4 1 
7675|Survivor|1: 2074 551 218 78 38 11 4 1 
7676|Child_Cross12|13: 1935 597 204 77 40 12 5 1 
7682|Child_Cross21|50: 1816 535 205 68 32 11 4 1 
7683|Child_Levy|36: 1968 576 214 69 35 13 5 1 
7685|Child_Avg|23: 1748 547 213 69 31 10 4 1 
7686|Child_Avg|15: 1857 563 210 69 31 10 4 1 
7690|Child_LevyP1|3: 1736 548 211 67 30 11 5 1 
7698|Survivor|1: 1798 538 211 65 31 10 4 1 
7701|Child_Cross21|10: 1755 535 207 62 30 11 5 1 
7721|Survivor|1: 1577 463 184 66 32 13 4 1 
7756|Child_CrossABC2|8: 2101 599 222 72 32 13 4 1 
7760|Child_Avg|3: 2170 634 199 73 32 13 4 1 
7762|Child_CrossABC2|2: 2198 637 186 72 32 13 4 1 
7765|Child_Cross12|29: 1996 582 213 68 36 13 4 1 
7766|Child_Cross21|38: 2122 609 202 70 29 11 5 1 
7778|Child_Cross12|5: 1811 534 194 67 32 11 4 1 
7785|Child_LevyP2|10: 1856 532 188 71 33 9 4 1 
7790|Child_Cross12|5|Mutated: 1891 542 191 71 33 9 4 1 
7793|Child_CrossABC2|2: 1764 512 194 73 29 9 4 1 
7806|Child_CrossABC1|1: 1857 519 195 82 29 10 4 1 
7815|Child_Cross21|54: 1792 491 191 67 28 12 5 1 
7827|Child_CrossABC1|1: 1789 486 184 65 28 12 5 1 
7837|Survivor|1: 7580 1685 712 172 102 33 14 4 1 
7839|Child_LevyABC2|6: 1830 524 189 78 29 11 5 1 
7844|Child_LevyABC1|11: 1868 560 191 72 40 14 5 1 
7854|Child_CrossABC2|8: 2621 640 206 75 35 12 5 1 
7860|Survivor|1|Mutated: 2042 621 223 66 35 12 5 1 
7869|Survivor|1: 1855 543 185 62 35 11 5 1 
7880|Child_CrossABC2|2|Mutated: 1849 511 194 67 33 9 4 1 
7902|Survivor|1: 2132 623 205 69 31 10 3 1 
7960|Child_Avg|11: 1834 547 202 81 32 11 4 1 
7963|Child_Avg|19: 2060 657 220 81 30 11 5 1 
7966|Child_Avg|15: 2032 593 199 81 30 11 5 1 
7969|Child_Avg|59: 2266 601 200 81 29 10 4 1 
7970|Child_Levy|44: 2283 599 197 80 30 11 5 1 
7977|Child_Cross21|46: 1799 627 217 78 32 13 4 1 
7979|Child_CrossABC2|8: 1760 615 206 74 28 11 4 1 
7980|Child_Cross21|10|Mutated: 1997 571 206 76 33 9 4 1 
7982|Child_Avg|55: 1864 610 195 71 29 10 4 1 
7988|Child_Avg|3: 1809 589 185 71 29 10 4 1 
7994|Child_Cross12|25: 1821 582 185 69 30 11 5 1 
8026|Child_Levy|24: 1845 568 190 70 29 11 5 1 
8123|Survivor|1|Mutated: 2117 568 190 70 29 11 5 1 
8124|Child_CrossABC2|8: 2078 590 191 69 30 11 5 1 
8157|Child_Avg|35: 2222 665 213 82 32 13 4 1 
8166|Child_Avg|19: 2253 589 193 72 32 13 4 1 
8168|Child_Avg|59: 2133 621 217 72 32 13 4 1 
8169|Child_CrossABC2|8: 2408 646 217 72 32 13 4 1 
8170|Child_Avg|19: 2121 613 211 73 32 13 4 1 
8172|Child_Cross12|25|Mutated: 2005 611 214 72 32 13 4 1 
8177|Survivor|1: 2249 634 213 72 29 10 4 1 
8180|Child_Cross12|21: 2169 582 219 71 29 10 4 1 
8181|Child_Cross21|30: 1841 529 188 71 29 10 4 1 
8195|Child_Avg|7: 2111 587 211 61 29 9 4 1 
8198|Child_CrossABC2|8: 2100 592 211 61 29 9 4 1 
8233|Child_Cross12|5: 2120 598 207 77 28 11 4 1 
8248|Survivor|1|Mutated: 2536 598 207 77 28 11 4 1 
8249|Child_Avg|7|Mutated: 2181 550 188 71 28 11 4 1 
8250|Child_Cross12|13: 2536 598 207 77 28 13 4 1 
8253|Child_Cross12|17: 2103 521 214 75 27 13 5 1 
8254|Child_Cross12|25: 1867 523 183 74 28 13 4 1 
8287|Child_Levy|48: 2792 686 220 93 28 12 5 1 
8293|Child_Levy|24: 2353 606 225 88 32 13 5 1 
8298|Child_Avg|35: 2201 582 199 84 30 11 5 1 
8300|Child_LevyP1|9: 1981 579 209 76 30 12 5 1 
8305|Child_Levy|40: 2197 618 241 77 40 13 5 1 
8309|Child_Avg|31: 2235 591 218 70 32 11 4 1 
8313|Child_Avg|15: 2908 907 298 102 39 11 4 1 
8315|Child_Cross21|58: 2045 579 216 70 30 11 5 1 
8316|Child_Avg|23: 2299 649 229 77 31 10 4 1 
8326|Child_Cross21|18: 1925 554 203 67 32 11 4 1 
8327|Child_Cross12|57: 2183 548 211 70 30 11 5 1 
8333|Child_Avg|11: 2205 608 252 78 33 10 4 1 
8334|Child_LevyP1|9: 2185 566 237 76 36 11 5 1 
8343|Child_CrossABC1|1: 1949 565 241 121 35 13 6 1 
8344|Child_Avg|3|Mutated: 2023 565 215 95 37 13 4 1 
8347|Child_Levy|28: 2080 668 303 107 41 13 6 1 
8350|Child_Avg|11: 2206 506 215 84 35 11 5 1 
8354|Child_Avg|35: 2090 562 255 92 38 13 5 1 
8355|Child_Levy|60: 2038 564 241 90 39 14 6 1 
8357|Child_Levy|40|Mutated: 2054 529 193 86 35 12 5 1 
8360|Child_LevyP2|10: 1966 524 203 82 33 14 4 1 
8366|Child_Cross12|57: 1904 499 212 73 35 12 5 1 
8367|Child_Levy|24: 1755 486 211 73 35 12 5 1 
8387|Child_Avg|11: 1537 459 214 73 35 12 5 1 
8410|Survivor|1: 1487 456 219 74 36 11 5 1 
8460|Child_Cross12|13: 1636 560 221 73 27 10 4 1 
8463|Child_Cross12|45: 1685 542 209 73 27 10 4 1 
8467|Child_Avg|59: 1601 521 195 73 27 10 4 1 
8473|Child_Cross12|5: 7173 1578 518 194 73 27 10 4 1 
8482|Child_CrossABC2|2: 7162 1587 518 195 75 27 10 4 1 
8486|Child_Avg|31: 6478 1449 477 193 69 27 10 4 1 
8553|Survivor|1: 1496 481 199 72 30 11 5 1 
8555|Survivor|1: 1474 535 208 72 30 11 5 1 
8562|Survivor|1: 1474 535 208 72 29 10 4 1 
8563|Child_Levy|8: 1503 518 205 71 28 11 4 1 
8568|Survivor|1: 1561 491 197 66 27 10 4 1 
8585|Survivor|1: 1657 478 194 64 29 10 4 1 
8595|Child_Cross21|18: 1759 514 185 61 29 10 4 1 
8602|Child_Cross21|26: 1587 503 184 61 29 9 4 1 
8603|Child_Cross12|21: 1738 533 184 61 29 9 4 1 
8605|Child_Cross12|45: 9386 3622 1120 503 182 61 29 9 4 1 
8609|Child_Cross12|33: 1788 514 183 59 27 10 4 1 
8616|Survivor|1: 1780 525 183 59 27 10 4 1 
8694|Child_Cross21|42: 1697 488 179 64 29 9 4 1 
8701|Survivor|1: 1733 491 176 64 29 9 4 1 
8719|Child_Cross12|1: 1752 487 175 62 29 10 4 1 
8721|Child_Avg|51: 1768 487 175 62 29 10 4 1 
8723|Child_CrossABC1|7: 1743 487 175 62 29 10 4 1 
8725|Child_CrossABC2|8: 1745 487 175 62 29 10 4 1 
8731|Child_Cross12|17: 1755 487 175 62 29 10 4 1 
8732|Child_CrossABC2|8: 1732 487 175 62 29 10 4 1 
8734|Child_CrossABC2|2: 1766 487 175 62 29 10 4 1 
8742|Child_CrossABC2|8|Mutated: 1755 486 188 61 29 10 4 1 
8751|Child_Cross12|53: 1708 486 188 61 29 10 4 1 
8756|Child_Cross12|33: 1765 486 188 61 29 10 4 1 
8759|Survivor|1: 1760 486 188 61 29 10 4 1 
8764|Child_Cross12|53: 1752 486 188 61 29 10 4 1 
8772|Child_Avg|39: 1757 486 188 61 29 10 4 1 
8782|Child_Avg|43: 1830 486 188 61 29 10 4 1 
8786|Child_Cross21|42: 1777 486 188 61 29 10 4 1 
8788|Child_Cross21|14: 1774 486 188 61 29 10 4 1 
8789|Child_Cross21|10: 1804 486 188 61 29 10 4 1 
8790|Child_Cross21|34: 1794 486 188 61 29 10 4 1 
8792|Child_Avg|43: 1769 486 188 61 29 10 4 1 
8794|Child_Avg|51: 1786 486 188 61 29 10 4 1 
8795|Child_Cross21|22: 1816 486 188 61 29 10 4 1 
8796|Child_Avg|11: 1781 486 188 61 29 10 4 1 
8810|Child_Cross21|26: 1764 486 188 61 29 10 4 1 
8812|Child_Cross12|17: 1796 486 188 61 29 10 4 1 
8814|Child_Cross21|42: 1787 486 188 61 29 10 4 1 
8816|Child_Cross12|53: 1809 486 188 61 29 10 4 1 
8824|Child_Cross21|38: 1799 486 188 61 29 10 4 1 
8839|Child_CrossABC1|7: 1821 486 188 61 29 10 4 1 
8842|Child_Avg|27: 1801 486 188 61 29 10 4 1 
8871|Child_Cross12|17|Mutated: 1769 486 188 73 29 10 4 1 
8880|Child_Avg|35|Mutated: 1953 486 188 73 29 10 4 1 
8881|Child_CrossABC1|7: 1727 486 188 73 29 10 4 1 
8883|Child_CrossABC1|7: 1743 486 188 73 29 10 4 1 
8891|Child_Cross12|21: 1764 486 188 61 30 11 5 1 
8948|Child_Cross21|10: 1738 486 188 61 29 10 4 1 
8950|Child_Cross12|45: 1743 486 188 61 29 10 4 1 
8964|Child_Cross12|45: 1742 486 188 61 29 10 4 1 
8973|Child_Cross21|6: 1444 457 205 75 32 13 4 1 
8975|Child_Avg|19: 1555 492 190 73 32 13 4 1 
8979|Child_Cross21|58: 1542 495 185 72 32 13 4 1 
8986|Child_Cross21|58: 1734 528 193 72 32 13 4 1 
9022|Survivor|1|Mutated: 1734 528 193 79 32 13 5 1 
9032|Child_Avg|23: 1553 505 190 71 28 9 4 1 
9034|Child_Levy|44: 1548 486 191 75 28 11 4 1 
9038|Child_CrossABC2|2: 1504 483 199 79 27 10 4 1 
9057|Child_Cross12|57: 1836 620 242 90 35 12 5 1 
9058|Child_CrossABC2|8: 1863 609 267 91 35 12 5 1 
9059|Child_CrossABC2|8: 1682 554 221 90 35 12 5 1 
9060|Child_Levy|44: 1861 611 229 80 37 13 4 1 
9061|Child_Avg|39: 1810 601 227 90 35 12 5 1 
9067|Child_Avg|7: 1796 604 222 91 35 12 5 1 
9070|Child_CrossABC2|8: 1862 592 225 89 35 12 5 1 
9071|Child_Cross21|38: 1824 596 211 90 35 12 5 1 
9076|Child_Avg|35: 1797 553 221 77 35 12 5 1 
9082|Child_Cross21|58: 1877 574 216 75 35 12 5 1 
9083|Child_Avg|39: 1818 568 221 73 35 12 5 1 
9087|Child_Avg|51: 1835 610 221 73 35 12 5 1 
9092|Child_Avg|31: 1802 576 224 73 35 12 5 1 
9097|Child_Cross21|58: 1796 568 224 73 35 12 5 1 
9098|Child_Cross12|41: 1826 576 223 73 35 11 5 1 
9100|Child_Cross21|14: 1786 568 224 73 35 12 5 1 
9101|Child_Cross21|18: 1826 576 223 73 35 12 5 1 
9103|Child_Cross12|5: 1806 570 223 73 35 11 5 1 
9105|Child_Cross21|22: 1826 570 221 73 35 12 5 1 
9114|Child_Avg|43: 1827 570 221 73 35 12 5 1 
9115|Child_Cross21|50: 1847 576 223 73 35 12 5 1 
9123|Child_CrossABC2|2: 1847 573 223 73 35 12 5 1 
9124|Child_CrossABC2|8: 1847 574 223 73 35 12 5 1 
9129|Child_Avg|47: 1799 593 220 71 35 11 4 1 
9131|Child_Avg|11: 1942 606 220 71 35 11 4 1 
9132|Child_CrossABC2|8: 1843 507 211 73 35 12 5 1 
9133|Survivor|1|Mutated: 1539 507 211 73 35 12 5 1 
9139|Child_Levy|44: 2229 681 278 126 35 11 5 1 
9143|Child_Levy|52: 2349 667 247 78 33 14 4 1 
9147|Child_CrossABC1|7: 2339 645 227 79 32 13 4 1 
9152|Child_Levy|32: 2262 703 242 76 35 11 5 1 
9153|Child_Levy|36: 2126 672 215 79 32 13 4 1 
9154|Child_Levy|60: 2122 637 216 77 35 13 5 1 
9161|Child_CrossABC2|8|Mutated: 2484 722 235 75 31 14 4 1 
9171|Child_Avg|31: 2348 698 218 73 32 13 4 1 
9176|Survivor|1|Mutated: 2551 698 218 73 32 13 5 1 
9178|Child_Cross12|37: 1885 597 206 66 32 13 4 1 
9182|Child_Avg|31: 1922 595 208 66 32 13 4 1 
9184|Child_CrossABC1|1: 1593 516 180 77 31 14 4 1 
9194|Child_Cross21|6: 1859 548 190 77 31 14 4 1 
9195|Child_CrossABC2|8: 2025 570 197 77 31 14 4 1 
9199|Child_Cross21|26: 1786 564 194 67 31 14 4 1 
9212|Child_Avg|3: 1792 544 177 63 28 13 4 1 
9343|Child_Levy|24|Mutated: 2273 611 285 80 36 13 4 1 
9351|Child_Levy|8: 2230 691 254 96 47 14 4 1 
9352|Child_Avg|23|Mutated: 2065 573 252 75 35 11 4 1 
9357|Child_Cross12|9: 2065 573 252 75 40 12 5 1 
9370|Survivor|1: 1838 553 208 64 33 10 4 1 
9373|Child_LevyP1|9: 1618 559 214 78 32 11 4 1 
9380|Child_Cross21|54: 1622 555 211 76 33 9 4 1 
9381|Child_Levy|16: 1832 568 223 77 33 10 4 1 
9387|Survivor|1|Mutated: 1832 568 223 84 33 10 3 1 
9390|Child_Cross21|10|Mutated: 1832 568 223 77 30 11 5 1 
9405|Survivor|1: 1703 554 205 70 31 10 4 1 
9409|Child_Avg|23: 2169 639 239 75 31 10 4 1 
9418|Child_Cross12|9: 2169 639 239 75 35 12 5 1 
9437|Child_Cross21|10: 2231 739 314 91 32 15 4 1 
9439|Child_CrossABC2|2: 2211 637 239 77 35 12 5 1 
9440|Child_Avg|51: 2186 623 219 76 35 12 5 1 
9444|Child_Cross21|38: 2196 621 232 76 35 12 5 1 
9446|Child_Cross12|49: 2196 621 232 76 35 13 5 1 
9452|Survivor|1|Mutated: 2196 621 232 76 35 13 6 1 
9453|Child_Avg|23: 1960 565 212 73 35 11 5 1 
9468|Child_CrossABC1|7: 1868 572 231 73 35 11 5 1 
9505|Child_Avg|19: 2164 640 191 107 39 14 4 1 
9512|Child_CrossABC1|1: 1837 550 213 84 35 12 5 1 
9515|Child_Avg|59: 1833 526 188 96 36 13 4 1 
9517|Child_Cross12|37: 1793 533 199 84 36 13 4 1 
9520|Child_Avg|27: 1934 614 213 76 35 13 5 1 
9522|Child_Levy|32: 1804 535 202 82 35 13 5 1 
9525|Child_CrossABC2|2: 1774 504 191 85 35 13 5 1 
9536|Survivor|1: 1822 528 201 87 35 14 5 1 
9537|Child_LevyABC1|5: 1783 529 206 90 35 12 5 1 
9538|Child_Cross21|6: 1814 571 200 74 35 12 5 1 
9568|Child_CrossABC2|2: 1814 580 201 76 35 12 5 1 
9569|Child_CrossABC1|7|Mutated: 2014 461 201 76 35 12 5 1 
9571|Child_Avg|59: 1843 542 206 71 35 11 4 1 
9572|Child_Cross12|49: 1881 496 211 73 35 12 5 1 
9573|Child_CrossABC2|2: 1844 506 209 73 35 11 5 1 
9574|Child_Cross12|49: 1843 542 206 71 35 11 5 1 
9575|Child_CrossABC1|7|Mutated: 1805 536 204 74 35 11 5 1 
9595|Survivor|1: 1852 541 202 64 35 11 5 1 
9601|Child_CrossABC1|7: 1901 539 200 64 35 11 5 1 
9603|Child_CrossABC2|2: 1907 539 200 64 35 11 5 1 
9629|Child_CrossABC1|1: 1612 550 225 74 31 11 4 1 
9632|Child_Cross21|14: 1603 542 224 73 35 13 5 1 
9643|Survivor|1: 1681 578 199 66 35 12 5 1 
9651|Survivor|1: 1632 527 193 65 35 11 5 1 
9685|Child_Levy|44: 1994 741 298 88 32 13 4 1 
9695|Child_Avg|15: 1691 523 219 68 31 11 4 1 
9707|Child_Cross12|41: 6921 1403 475 168 78 32 11 4 1 
9730|Child_Cross21|10: 7182 1368 508 163 71 28 11 4 1 
9738|Child_Cross12|41: 6542 1393 469 158 71 28 11 4 1 
9739|Child_CrossABC2|8: 6544 1432 472 163 71 28 11 4 1 
9740|Child_CrossABC1|7: 7463 1391 478 163 71 28 11 4 1 
9742|Child_Cross21|10: 6893 1392 484 161 71 28 11 4 1 
9747|Child_Cross21|30: 6941 1401 491 160 71 28 11 4 1 
9751|Child_Cross12|41: 6959 1375 486 159 73 27 10 4 1 
9756|Child_Cross21|54: 6947 1367 490 156 69 28 11 4 1 
9758|Child_Cross12|53: 6864 1356 499 149 69 27 10 4 1 
9766|Child_Avg|43: 6864 1355 499 149 69 27 10 4 1 
9772|Child_CrossABC2|8: 6864 1351 499 149 69 27 10 4 1 
9786|Child_Cross21|34: 6428 1571 505 139 69 27 10 4 1 
9788|Child_CrossABC2|8: 6558 1361 501 137 69 27 10 4 1 
9812|Survivor|1: 1908 542 175 74 29 10 4 1 
9817|Child_Avg|35: 2344 642 233 85 36 11 4 1 
9818|Child_Avg|59: 2242 733 289 102 44 13 4 1 
9819|Child_Cross12|57: 2214 683 220 76 35 12 5 1 
9822|Child_Avg|51: 1774 548 203 75 41 13 4 1 
9825|Child_LevyP2|10: 2086 624 231 85 35 12 5 1 
9827|Child_Cross21|18: 2078 658 235 79 35 12 5 1 
9834|Child_Avg|19: 2001 646 225 78 35 11 4 1 
9836|Child_CrossABC1|1: 1925 594 213 76 35 11 5 1 
9838|Child_Cross12|49: 2131 593 208 75 35 11 4 1 
9839|Child_Cross12|57: 1717 567 198 73 35 11 4 1 
9840|Child_Cross12|53: 1601 560 217 73 35 11 5 1 
9841|Child_Cross12|41: 2028 585 204 76 35 11 5 1 
9842|Child_Cross12|37|Mutated: 1717 567 198 73 35 12 5 1 
9847|Child_Cross21|50: 1768 589 214 73 35 12 5 1 
9848|Child_Cross12|49: 1793 569 196 73 35 12 5 1 
9853|Child_Cross21|6: 1793 569 196 73 35 11 5 1 
9858|Child_Cross12|17: 1715 578 223 73 35 12 5 1 
9861|Child_Avg|15: 1817 570 204 73 35 11 5 1 
9864|Child_Cross12|25: 1817 570 204 73 35 11 4 1 
9865|Child_Avg|15: 1694 580 211 73 35 12 5 1 
9868|Child_Avg|39: 1843 572 199 73 35 11 5 1 
9871|Child_Cross21|54: 1849 575 201 73 35 11 5 1 
9872|Child_Cross21|58|Mutated: 1843 572 199 73 35 12 5 1 
9880|Child_Avg|31: 1843 551 199 73 35 12 5 1 
9884|Child_Cross21|50: 1843 531 199 73 35 12 5 1 
9889|Child_Cross21|2: 1871 572 199 73 35 12 5 1 
9894|Child_Cross12|45: 1843 575 199 73 35 12 5 1 
9899|Child_CrossABC1|1: 1851 572 199 73 35 12 5 1 
9904|Child_Cross12|37: 1861 572 199 73 35 12 5 1 
9906|Child_Cross21|38: 1858 572 199 73 35 12 5 1 
9917|Child_Cross21|22: 1863 572 199 73 35 12 5 1 
9929|Child_Cross21|14: 1868 572 199 73 35 12 5 1 
9935|Child_Cross12|41: 1833 572 199 73 35 12 5 1 
9943|Child_Cross21|50: 1826 572 199 73 35 12 5 1 
9946|Child_Cross12|37: 1798 572 199 73 35 12 5 1 
9948|Child_Cross12|41: 1848 572 199 73 35 12 5 1 
9952|Child_Cross12|9: 1846 572 199 73 35 12 5 1 
9957|Child_Avg|23|Mutated: 1838 575 201 80 35 11 5 1 
9966|Child_Cross21|54: 1836 572 199 73 35 12 5 1 
9967|Child_Cross12|17: 1878 572 199 73 35 12 5 1 
9975|Child_Cross12|37: 1841 572 199 73 35 12 5 1 
9986|Child_Cross21|38: 1823 572 199 73 35 12 5 1 
9992|Child_Cross12|33: 1889 572 199 73 35 12 5 1 
9999|Child_Cross21|50: 1864 572 199 73 35 12 5 1 
10022|Child_Avg|23: 1856 572 199 73 35 12 5 1 
10039|Child_Cross21|18: 1869 572 199 73 35 12 5 1 
10081|Child_Cross12|33: 1932 569 199 73 35 12 5 1 
10143|Child_Cross21|26: 1896 572 199 73 35 12 5 1 
10157|Child_Avg|3: 1914 572 199 73 35 12 5 1 
10181|Child_Avg|27|Mutated: 1862 572 199 85 35 12 5 1 
10216|Child_Cross21|2: 1838 572 199 73 35 12 5 1 
10221|Child_Cross21|46: 1841 572 199 73 35 11 5 1 
10247|Child_Levy|40: 1609 495 184 81 30 11 5 1 
10252|Child_Cross12|13: 1859 588 194 73 30 11 5 1 
10263|Child_Avg|27: 1884 514 202 65 28 11 4 1 
10275|Child_Cross21|58: 1802 521 186 63 28 11 4 1 
10294|Survivor|1: 1767 564 194 80 37 13 4 1 
10296|Child_Cross12|13: 1771 537 224 77 37 13 4 1 
10301|Child_Avg|39: 1739 560 204 78 35 12 5 1 
10302|Child_Cross12|17: 1749 559 190 78 35 12 5 1 
10303|Child_Avg|31: 1833 555 189 76 36 13 4 1 
10304|Child_Avg|55: 1984 673 260 90 33 13 4 1 
10306|Child_Levy|4: 1740 553 207 73 35 11 5 1 
10316|Child_Levy|4: 1816 577 194 72 32 13 4 1 
10320|Child_Levy|12: 1535 525 181 72 28 13 4 1 
10340|Child_Avg|19: 1543 551 192 74 29 10 4 1 
10351|Survivor|1: 5960 1429 514 165 61 29 9 4 1 
10379|Child_Cross21|14: 2191 782 262 87 36 13 6 1 
10382|Child_Cross12|41: 1861 678 236 86 35 11 4 1 
10387|Child_Levy|24: 1879 674 219 85 35 12 5 1 
10411|Child_Cross12|25: 1904 576 222 75 35 11 5 1 
10415|Child_Cross12|49: 1904 576 222 75 35 12 5 1 
10422|Survivor|1|Mutated: 2173 576 222 75 35 12 5 1 
10460|Child_Avg|19: 2101 563 217 73 35 12 5 1 
10464|Child_Cross21|30: 2109 569 217 73 35 12 5 1 
10477|Child_LevyABC2|12: 1776 629 214 73 36 13 4 1 
10480|Child_Cross12|21: 3523 991 439 178 69 35 11 4 1 
10485|Child_Avg|7: 1975 554 211 74 36 13 4 1 
10493|Survivor|1: 1818 531 206 67 35 11 5 1 
10497|Survivor|1|Mutated: 1818 574 206 67 35 13 5 1 
10524|Child_CrossABC1|7: 1751 532 193 98 32 13 4 1 
10529|Child_CrossABC1|7: 1758 530 219 79 32 13 4 1 
10535|Child_Avg|59: 1722 509 194 70 29 10 4 1 
10538|Child_Cross12|29: 1676 521 195 72 28 13 4 1 
10545|Child_Levy|20: 1815 529 192 63 28 12 5 1 
10546|Child_Cross12|49|Mutated: 1815 529 192 63 28 13 4 1 
10569|Child_Cross12|37: 1840 529 192 63 28 13 4 1 
10603|Child_Cross12|9: 1802 539 184 64 27 14 4 1 
10623|Survivor|1: 1694 471 183 62 32 13 4 1 
10628|Child_Cross21|30: 8991 2141 534 205 101 36 14 5 1 
10631|Child_Cross21|34: 1929 552 193 96 46 13 4 1 
10636|Child_Avg|3: 1917 582 223 89 35 12 5 1 
10646|Child_Cross12|33: 1781 680 229 86 35 12 5 1 
10652|Child_CrossABC2|2: 1837 680 265 86 35 12 5 1 
10655|Child_Avg|35: 1799 678 232 78 35 11 4 1 
10656|Child_Avg|59: 1851 601 224 76 35 11 4 1 
10657|Child_Cross12|17: 1790 707 214 76 35 12 5 1 
10668|Child_CrossABC2|2: 1809 612 211 73 35 12 5 1 
10676|Survivor|1: 1641 555 202 67 35 13 5 1 
10701|Child_Cross12|57: 4415 1274 465 163 63 35 12 5 1 
10708|Child_Avg|31: 1560 519 186 67 35 12 5 1 
10729|Child_Avg|51: 1652 580 197 78 35 13 5 1 
10733|Survivor|1: 1882 557 193 76 36 13 4 1 
10734|Child_CrossABC1|1: 1542 555 193 76 36 13 4 1 
10738|Child_Cross21|6: 1725 547 198 75 35 12 5 1 
10759|Survivor|1: 1647 518 188 65 31 11 4 1 
10763|Child_Avg|59|Mutated: 1741 518 205 70 31 11 4 1 
10794|Survivor|1: 1505 517 193 71 35 11 4 1 
10800|Child_LevyABC2|6|Mutated: 1492 475 191 76 30 12 5 1 
10813|Child_Cross21|22: 1546 483 183 65 29 10 4 1 
10816|Child_Levy|24: 1806 603 250 85 32 13 5 1 
10822|Child_Avg|43: 1552 621 208 84 35 12 5 1 
10824|Child_Avg|31: 1906 561 183 83 36 13 4 1 
10841|Survivor|1|Mutated: 1647 586 211 71 33 13 4 1 
10846|Child_Levy|60: 1633 590 207 71 29 10 3 1 
10847|Child_LevyABC2|6: 1671 584 181 88 32 13 4 1 
10851|Child_Cross21|6: 1583 577 199 72 32 13 4 1 
10881|Child_Avg|55: 1615 554 226 88 32 13 4 1 
10883|Child_Avg|19: 2052 577 264 76 35 11 4 1 
10884|Child_Cross12|37: 1854 596 240 86 35 11 5 1 
10885|Child_CrossABC1|7: 1900 582 255 84 35 11 5 1 
10889|Survivor|1|Mutated: 1900 582 255 84 41 11 5 1 
10891|Child_Cross21|38: 1951 577 252 78 35 11 5 1 
10892|Child_Cross12|21: 1802 559 204 75 35 11 5 1 
10895|Child_LevyP2|10: 2025 562 214 81 39 11 4 1 
10896|Child_Cross21|10: 1801 558 205 77 35 11 5 1 
10898|Child_Levy|32: 1725 585 211 73 36 13 4 1 
10899|Child_Avg|19: 1573 548 222 80 35 11 5 1 
10904|Child_Levy|28: 1820 549 223 73 35 12 5 1 
10907|Child_CrossABC1|1: 1821 558 227 75 35 12 5 1 
10930|Child_Avg|19: 1770 551 199 73 35 11 5 1 
10931|Child_Cross12|21: 1770 551 199 73 35 12 5 1 
10938|Child_CrossABC2|8: 1627 558 200 74 35 12 5 1 
10939|Child_CrossABC1|1: 1810 547 208 73 35 12 5 1 
10951|Survivor|1: 1912 545 215 75 32 13 5 1 
10952|Child_Levy|40: 1932 587 218 70 36 11 5 1 
10964|Child_LevyP2|10|Mutated: 1854 545 211 67 30 11 5 1 
10986|Child_CrossABC1|1: 1696 541 197 75 29 10 4 1 
10993|Child_Cross21|10: 1575 478 205 74 29 10 4 1 
10994|Child_Cross21|42: 1720 506 185 71 29 10 4 1 
10997|Child_CrossABC2|8: 1720 502 185 71 29 10 4 1 
11063|Child_Levy|20: 1821 635 209 100 35 12 5 1 
11066|Child_Cross12|53: 1754 570 251 93 35 13 5 1 
11067|Child_Levy|60|Mutated: 1768 716 219 83 33 14 4 1 
11074|Child_Avg|47: 1706 556 204 85 36 11 5 1 
11075|Child_Avg|3: 1760 703 219 102 35 12 5 1 
11076|Child_Levy|12: 1820 669 213 88 35 12 5 1 
11077|Child_Cross21|54|Mutated: 1711 555 206 72 32 13 4 1 
11085|Child_LevyABC1|5: 1774 601 208 80 30 11 5 1 
11086|Child_Avg|31: 1795 572 212 73 35 12 5 1 
11092|Child_CrossABC2|8: 1785 568 220 73 35 12 5 1 
11099|Child_CrossABC1|7: 1787 527 213 78 35 12 5 1 
11102|Child_CrossABC1|7: 1816 568 219 70 36 13 4 1 
11108|Survivor|1: 1816 647 221 70 36 13 4 1 
11135|Survivor|1: 1806 572 209 65 33 10 4 1 
11139|Child_LevyP1|3: 2409 678 236 78 35 11 4 1 
11157|Child_CrossABC2|2: 2203 674 235 78 35 11 4 1 
11158|Child_Avg|39: 2276 635 226 73 35 13 5 1 
11159|Survivor|1|Mutated: 2276 635 255 73 35 13 5 1 
11160|Child_Avg|27: 1966 625 217 71 35 13 5 1 
11162|Child_Cross12|1: 1978 612 219 67 35 13 5 1 
11173|Child_Avg|43: 1785 512 177 69 31 10 4 1 
11179|Child_CrossABC2|2: 1915 611 217 67 23 10 4 1 
11185|Child_CrossABC2|8: 2176 565 208 70 31 11 4 1 
11207|Survivor|1: 1788 523 178 61 29 9 4 1 
11213|Survivor|1: 1792 542 190 61 29 9 4 1 
11220|Child_CrossABC1|7: 1824 543 202 61 29 9 4 1 
11237|Survivor|1: 6295 1326 392 153 63 29 10 3 1 
11245|Child_Cross12|1: 7320 1287 388 156 61 29 10 3 1 
11249|Child_Cross12|57: 7320 1287 388 156 81 30 11 5 1 
11265|Child_Cross12|21: 6966 1256 395 144 64 29 10 4 1 
11266|Child_Cross21|22: 7058 1308 419 151 65 27 10 4 1 
11286|Child_CrossABC2|2: 6897 1243 397 151 65 27 10 4 1 
11290|Survivor|1: 6207 1239 401 148 76 27 10 4 1 
11305|Child_CrossABC2|2: 5915 1316 400 131 72 27 10 4 1 
11315|Child_CrossABC1|1: 6334 1266 389 138 72 27 10 4 1 
11317|Child_CrossABC2|2: 6194 1304 427 138 72 27 10 4 1 
11325|Child_Avg|51: 4023 1071 486 170 74 29 10 4 1 
11334|Child_Cross12|45: 4015 1095 492 166 74 29 10 4 1 
11348|Child_Cross12|5: 3902 1068 478 173 69 27 10 4 1 
11355|Child_Avg|39: 3900 1009 482 146 69 27 10 4 1 
11360|Child_Avg|27: 3724 1006 472 145 65 27 10 4 1 
11388|Survivor|1: 3525 1014 412 130 62 27 10 4 1 
11418|Survivor|1: 2246 734 234 86 33 9 4 1 
11427|Child_CrossABC1|1: 1786 637 195 77 29 9 4 1 
11430|Child_Cross12|25: 1686 599 223 76 30 9 4 1 
11435|Child_Cross21|54: 1658 597 192 73 29 9 4 1 
11469|Child_Avg|51: 1958 667 237 90 47 12 5 1 
11474|Child_Avg|55|Mutated: 1843 666 236 98 47 12 5 1 
11476|Child_Cross21|46: 1819 634 218 84 41 11 5 1 
11478|Child_Levy|32|Mutated: 1610 625 232 83 40 12 5 1 
11479|Child_Cross21|2: 1808 636 228 79 43 11 4 1 
11480|Child_Levy|56: 1804 624 243 82 42 13 6 1 
11481|Child_Levy|32: 1822 628 242 79 40 12 5 1 
11485|Child_Cross12|1: 1845 597 229 77 40 12 5 1 
11492|Child_Levy|16: 1832 634 221 75 35 11 5 1 
11495|Child_Cross21|18: 1998 632 218 75 35 11 5 1 
11498|Child_Avg|55: 1952 627 218 75 35 11 5 1 
11501|Child_Cross12|37: 2161 655 216 75 35 11 5 1 
11502|Child_CrossABC1|7: 1965 625 219 75 35 11 5 1 
11503|Child_CrossABC2|2: 1959 625 219 75 35 11 5 1 
11504|Child_Avg|27: 1957 599 207 73 35 11 5 1 
11505|Child_CrossABC2|8: 1968 625 219 75 35 11 5 1 
11510|Child_Cross21|30: 1865 592 214 73 35 11 5 1 
11517|Child_Avg|43: 1879 599 207 73 35 11 5 1 
11518|Child_Cross21|14: 1929 596 207 73 35 11 5 1 
11519|Child_Cross21|38: 1939 599 207 73 35 11 5 1 
11523|Child_Cross21|34: 1944 599 207 73 35 11 5 1 
11534|Survivor|1|Mutated: 2040 599 207 73 35 11 5 1 
11536|Child_Cross21|26: 1946 594 206 71 35 11 5 1 
11537|Child_Cross12|37: 1947 592 205 71 35 11 5 1 
11538|Child_CrossABC1|1: 1936 592 205 71 35 11 5 1 
11539|Child_Cross21|46: 1929 592 205 71 35 11 5 1 
11540|Child_Cross12|33: 1913 592 205 71 35 11 5 1 
11542|Child_Avg|39: 1944 592 205 71 35 11 5 1 
11543|Child_CrossABC1|1: 1923 592 205 71 35 11 5 1 
11545|Child_Cross21|18: 2034 592 205 71 35 11 5 1 
11550|Child_Cross21|46: 1921 592 205 71 35 11 5 1 
11552|Child_Cross12|45: 1932 592 205 71 35 11 5 1 
11553|Child_Cross12|21: 2089 592 205 71 35 11 5 1 
11554|Child_Cross12|33: 1931 592 205 71 35 13 5 1 
11555|Child_Cross12|45: 1873 592 205 71 35 11 5 1 
11556|Child_Cross21|58: 1929 592 205 71 35 13 5 1 
11557|Child_Cross21|58: 1952 592 205 71 35 13 5 1 
11558|Child_Cross21|26: 1873 592 205 71 35 13 5 1 
11559|Child_Cross21|38: 1936 592 205 71 35 13 5 1 
11562|Child_CrossABC1|1: 1898 592 205 71 35 13 5 1 
11566|Child_Cross21|34: 1888 592 205 71 35 13 5 1 
11567|Child_Cross21|10: 1884 592 205 71 35 13 5 1 
11569|Child_Cross12|1: 1923 592 205 71 35 13 5 1 
11571|Child_Cross21|42: 1897 592 205 71 35 13 5 1 
11572|Child_Cross12|45: 1921 592 205 71 35 13 5 1 
11573|Child_Cross21|14: 1907 592 205 71 35 13 5 1 
11579|Child_Cross12|37: 1899 592 205 71 35 13 5 1 
11580|Child_Cross21|2: 1892 592 205 71 35 13 5 1 
11589|Child_Cross12|29: 2133 592 205 71 35 13 5 1 
11598|Child_Cross21|26|Mutated: 1900 592 205 71 35 13 5 1 
11600|Child_Cross12|21: 1955 592 205 71 35 13 5 1 
11607|Child_Avg|31: 1891 592 205 71 35 13 5 1 
11608|Child_Avg|35|Mutated: 2028 592 205 86 35 12 5 1 
11613|Child_CrossABC1|1: 1913 592 205 71 35 13 5 1 
11614|Child_Cross21|22: 1896 592 205 71 35 13 5 1 
11615|Child_Cross21|2: 1922 592 205 71 35 13 5 1 
11616|Child_Cross12|33|Mutated: 1922 592 205 81 35 13 5 1 
11620|Child_Cross21|38: 1915 592 205 71 35 13 5 1 
11624|Child_Cross21|10|Mutated: 2081 592 205 71 35 13 5 1 
11627|Child_Cross21|2: 1970 592 205 71 35 13 5 1 
11628|Child_Cross12|21: 2205 592 205 71 35 13 5 1 
11630|Child_Avg|3: 1928 592 205 71 35 13 5 1 
11631|Child_Cross12|33: 1857 592 205 71 35 13 5 1 
11632|Child_Avg|59: 1860 592 205 71 35 13 5 1 
11636|Child_Cross12|13: 1876 592 205 71 35 13 5 1 
11640|Child_Cross21|10|Mutated: 2215 584 205 71 35 13 5 1 
11644|Child_Avg|31: 1865 592 205 71 35 13 5 1 
11645|Child_Cross21|50: 1858 592 205 71 35 13 5 1 
11671|Child_Cross12|5: 1861 592 205 71 35 13 5 1 
11673|Child_Avg|59: 1868 584 205 71 35 13 5 1 
11694|Child_Cross12|49: 2121 592 205 71 35 13 5 1 
11703|Child_CrossABC1|7: 1850 592 205 71 35 13 5 1 
11711|Child_Avg|11: 1881 592 205 71 35 13 5 1 
11749|Child_CrossABC2|8: 1836 592 205 71 35 13 5 1 
11752|Child_CrossABC2|2: 1920 592 205 71 35 13 5 1 
11754|Child_Cross21|10: 1825 592 205 71 35 13 5 1 
11761|Child_CrossABC1|7|Mutated: 2173 592 205 71 35 13 5 1 
11766|Child_Cross12|57: 2134 592 205 71 35 13 5 1 
11769|Child_Cross21|46: 1859 592 205 71 35 13 5 1 
11794|Child_Cross21|10: 1826 592 205 71 35 13 5 1 
11820|Survivor|1|Mutated: 1565 592 205 71 35 13 5 1 
11821|Child_Avg|39: 2192 607 230 111 42 13 4 1 
11823|Child_CrossABC2|2: 1991 584 229 94 37 14 4 1 
11832|Child_Avg|47: 1889 532 211 81 37 13 4 1 
11837|Child_Levy|52: 1749 519 199 77 35 13 5 1 
11838|Child_Avg|59: 1834 537 209 77 36 13 4 1 
11839|Child_Cross21|38: 1749 519 199 77 35 11 5 1 
11841|Child_LevyABC1|5: 1785 604 214 95 37 14 6 1 
11843|Child_Avg|27: 1749 519 199 77 35 12 5 1 
11847|Child_Cross12|29: 1792 530 201 76 35 12 5 1 
11848|Child_Avg|43: 1774 561 207 75 35 12 5 1 
11851|Child_Avg|59: 1774 560 203 74 35 12 5 1 
11852|Child_Cross12|5: 1837 554 209 74 35 12 5 1 
11855|Child_Cross21|14: 1774 558 202 73 35 12 5 1 
11856|Child_Cross21|50: 1774 558 202 73 36 13 4 1 
11858|Child_Cross21|26: 1822 541 206 73 35 12 5 1 
11861|Child_Cross12|1: 1780 558 207 73 35 11 5 1 
11863|Child_CrossABC2|2: 1789 558 207 73 35 11 5 1 
11865|Child_Cross12|21: 1785 558 207 73 35 11 5 1 
11866|Child_CrossABC2|8: 1781 558 207 73 35 11 5 1 
11867|Child_CrossABC1|1: 1780 558 204 73 35 11 5 1 
11871|Child_Cross21|14: 1791 558 204 73 35 11 5 1 
11872|Child_Cross21|2: 1896 553 204 73 35 11 5 1 
11874|Child_Cross21|6: 1787 558 207 73 35 11 5 1 
11878|Child_Cross12|17: 1891 555 204 73 35 11 5 1 
11879|Child_Cross21|34: 1793 558 207 73 35 11 5 1 
11881|Child_Cross21|54: 1790 558 207 73 35 11 5 1 
11882|Child_Cross12|53: 1775 558 207 73 35 11 5 1 
11890|Child_Cross12|17: 1821 558 207 73 35 11 5 1 
11892|Child_Cross12|49: 1799 558 207 73 35 11 5 1 
11893|Child_Avg|59: 1795 558 207 73 35 11 5 1 
11903|Child_Cross12|21: 1783 558 207 73 35 11 5 1 
11904|Child_Cross12|49: 2119 558 207 73 35 11 5 1 
11909|Child_CrossABC1|1: 1791 558 207 73 35 11 5 1 
11913|Child_Avg|47: 1797 558 207 73 35 11 5 1 
11914|Child_Cross12|49: 1791 555 207 73 35 11 5 1 
11916|Child_Cross21|42: 2138 558 207 73 35 11 5 1 
11920|Child_CrossABC1|7: 1829 558 207 73 30 11 5 1 
11933|Child_CrossABC2|2: 1801 558 207 73 35 11 5 1 
11945|Child_Avg|35: 1829 558 207 73 35 11 5 1 
11947|Child_Cross21|30: 1831 558 207 73 35 11 5 1 
11948|Child_Cross21|46: 1868 558 207 73 35 11 5 1 
11951|Child_Cross21|46: 1864 558 207 73 35 11 5 1 
11954|Child_Cross21|54: 1866 558 207 73 35 11 5 1 
11955|Child_Cross12|29: 1827 558 207 73 35 11 5 1 
11956|Child_Cross12|53|Mutated: 1809 561 207 73 35 11 5 1 
11962|Child_Cross12|21: 1841 558 207 73 35 11 5 1 
11964|Child_Cross21|18: 1848 558 207 73 35 11 5 1 
11965|Child_Cross12|57: 1846 558 207 73 35 11 5 1 
11968|Child_Cross12|45: 1858 558 207 73 35 11 5 1 
11972|Child_Avg|39: 1839 558 207 73 35 11 5 1 
11974|Child_CrossABC1|7: 1862 558 207 73 35 11 5 1 
11985|Child_Cross12|45: 1835 558 207 73 35 11 5 1 
11994|Child_Cross21|14: 1837 558 207 73 35 11 5 1 
12005|Child_Cross21|42: 1843 558 207 73 35 11 5 1 
12023|Child_Cross21|6: 1823 558 207 73 35 11 5 1 
12041|Child_Cross21|30|Mutated: 1914 558 207 73 35 11 5 1 
12058|Child_Avg|31: 1833 558 207 73 35 11 5 1 
12083|Child_Cross21|22: 1851 558 207 73 35 11 5 1 
12089|Child_Cross21|14: 1854 558 207 73 35 11 5 1 
12099|Child_Avg|19|Mutated: 1811 558 207 73 35 11 5 1 
12105|Child_Cross21|6: 1853 558 207 73 35 11 5 1 
12107|Child_Cross21|14: 1850 558 207 73 35 11 5 1 
12114|Child_Cross21|14: 1841 520 207 73 35 11 5 1 
12123|Child_Cross21|14: 1856 558 207 73 35 11 5 1 
12134|Child_Avg|23: 1845 558 207 73 35 11 5 1 
12183|Child_CrossABC2|2: 1866 592 208 77 35 11 5 1 
12184|Child_CrossABC1|1: 1834 547 202 65 35 11 5 1 
12194|Child_Avg|55: 1792 547 266 82 37 13 4 1 
12209|Child_Cross21|10: 2046 559 241 92 39 11 4 1 
12213|Child_Levy|24: 1785 596 250 74 35 12 5 1 
12214|Child_Cross12|13: 1747 537 207 74 35 12 5 1 
12234|Survivor|1: 1904 493 200 69 33 14 4 1 
12245|Survivor|1: 2297 780 233 100 32 11 4 1 
12272|Child_Levy|4|Mutated: 1479 542 192 75 35 11 5 1 
12283|Survivor|1: 3070 786 329 97 35 11 4 1 
12286|Survivor|1: 1861 584 233 71 39 11 4 1 
12321|Survivor|1: 2323 589 203 78 33 10 4 1 
12322|Survivor|1|Mutated: 2176 589 203 78 33 10 4 1 
12341|Child_Cross21|6: 2176 589 203 78 32 11 4 1 
12357|Child_Avg|47: 2050 640 216 89 32 11 4 1 
12359|Child_CrossABC2|2: 2086 594 245 92 32 11 4 1 
12366|Child_Avg|27: 2243 592 207 76 31 10 4 1 
12367|Child_Levy|48: 2154 592 217 80 30 11 5 1 
12390|Child_Cross21|18: 1833 521 200 72 29 10 4 1 
12392|Child_LevyP1|9|Mutated: 1946 685 265 86 36 13 4 1 
12405|Survivor|1: 1832 517 196 66 29 9 4 1 
12411|Survivor|1: 1884 537 202 61 29 9 4 1 
12412|Child_Avg|27: 1823 553 192 63 29 10 4 1 
12430|Child_CrossABC1|1: 1902 537 202 61 29 9 4 1 
12433|Child_CrossABC2|2: 1875 537 202 61 29 9 4 1 
12438|Child_Avg|19: 1785 537 202 61 29 9 4 1 
12442|Child_CrossABC2|8: 1785 537 220 61 29 9 4 1 
12444|Child_Avg|35: 1765 537 195 61 29 9 4 1 
12448|Child_CrossABC1|1: 1820 537 184 61 29 9 4 1 
12453|Child_Cross12|33: 1758 537 184 61 29 9 4 1 
12455|Child_Avg|11: 1801 536 184 61 29 9 4 1 
12461|Child_Avg|35: 1767 536 184 61 29 9 4 1 
12462|Child_Avg|7: 1794 535 184 61 29 9 4 1 
12464|Child_Avg|47: 1766 536 184 61 29 9 4 1 
12470|Child_Cross21|54: 1783 535 184 61 29 9 4 1 
12472|Child_Cross12|33: 1784 505 195 61 29 9 4 1 
12473|Child_Cross21|34: 1768 535 184 61 29 9 4 1 
12474|Child_Cross21|14: 1752 535 184 61 29 9 4 1 
12476|Child_Cross12|9: 1768 535 184 61 29 10 4 1 
12482|Child_Cross12|33: 1794 535 184 61 29 10 4 1 
12485|Child_Cross12|37: 1765 535 184 61 29 9 4 1 
12486|Child_Cross21|58: 1767 535 184 61 29 9 4 1 
12487|Child_Avg|15: 1827 535 184 61 29 9 4 1 
12491|Child_Cross21|54: 1766 535 184 61 29 9 4 1 
12494|Child_Cross12|25: 1796 535 184 61 29 9 4 1 
12499|Child_Avg|35: 1795 535 184 61 29 9 4 1 
12501|Child_Cross12|21: 1811 535 184 61 29 9 4 1 
12505|Child_Cross21|2: 1810 535 184 61 29 9 4 1 
12523|Child_Cross12|21: 1857 535 184 61 29 9 4 1 
12524|Child_Avg|55: 1812 535 184 61 29 9 4 1 
12525|Child_Avg|55: 1826 535 184 61 29 9 4 1 
12527|Child_CrossABC1|1|Mutated: 1828 535 184 61 29 9 4 1 
12540|Child_Cross12|41: 1829 535 184 61 29 9 4 1 
12542|Child_Cross12|5|Mutated: 1826 535 184 61 29 10 4 1 
12548|Child_CrossABC1|1|Mutated: 1814 535 184 61 29 9 4 1 
12559|Child_Cross21|22: 1845 535 184 61 29 9 4 1 
12562|Child_CrossABC2|2: 1813 535 184 61 29 9 4 1 
12611|Child_Cross21|46: 1813 536 184 61 29 9 4 1 
12622|Child_Cross21|18: 1813 536 184 61 29 10 4 1 
12628|Child_Cross21|26: 1829 535 184 61 29 10 4 1 
12631|Child_Cross12|45: 1723 535 184 61 29 9 4 1 
12668|Child_Cross21|54: 2170 655 230 84 41 11 5 1 
12674|Child_Levy|56: 2139 573 223 73 36 11 5 1 
12676|Survivor|1: 1622 575 196 76 29 13 6 1 
12677|Child_Avg|35: 1885 576 221 74 33 12 5 1 
12682|Child_Levy|12: 1793 526 201 72 32 13 4 1 
12686|Child_Cross12|9|Mutated: 1798 514 201 68 32 13 4 1 
12687|Child_CrossABC1|7: 1887 589 203 68 32 13 4 1 
12691|Child_CrossABC2|2: 1884 588 203 68 32 13 4 1 
12696|Child_CrossABC2|8: 1885 593 203 68 32 13 4 1 
12700|Child_Cross12|21: 1884 585 203 68 32 13 4 1 
12702|Child_CrossABC1|1: 1884 591 203 68 32 13 4 1 
12703|Child_Avg|39: 1884 592 203 68 32 13 4 1 
12717|Survivor|1|Mutated: 1884 588 203 68 36 13 4 1 
12720|Survivor|1: 1808 570 193 66 32 13 4 1 
12771|Child_Cross21|42|Mutated: 7735 2169 621 247 90 43 11 4 1 
12772|Child_Levy|28: 1917 593 237 115 40 13 5 1 
12775|Child_Levy|48|Mutated: 1725 602 209 93 37 13 4 1 
12780|Child_Cross12|49: 2065 580 193 94 36 15 4 1 
12781|Child_Avg|31: 2212 620 218 93 37 13 4 1 
12789|Child_Cross21|18: 2171 615 251 86 35 12 5 1 
12791|Child_Avg|23: 2111 607 234 88 35 11 5 1 
12800|Child_CrossABC1|7: 2238 604 227 88 35 11 5 1 
12814|Child_CrossABC2|2: 2187 603 211 86 35 11 5 1 
12820|Child_Levy|20: 1796 585 204 76 35 13 5 1 
12821|Child_CrossABC1|7: 1804 585 201 75 35 11 5 1 
12823|Child_Avg|31: 1931 582 228 74 35 12 5 1 
12824|Child_Avg|31: 1931 590 214 76 35 12 5 1 
12825|Child_Cross21|54: 1829 575 211 73 35 11 5 1 
12826|Child_Avg|39: 1790 582 212 73 35 11 5 1 
12827|Child_Cross12|21: 1829 575 211 73 35 12 5 1 
12830|Child_Cross21|42: 1815 580 211 73 35 12 5 1 
12832|Child_CrossABC1|1: 1845 586 211 73 35 12 5 1 
12835|Child_Cross12|25: 1835 586 211 73 35 12 5 1 
12836|Child_CrossABC1|7: 1851 586 211 73 35 12 5 1 
12837|Child_Cross12|57: 1829 591 211 73 35 12 5 1 
12838|Child_Cross21|26: 1843 586 211 73 35 12 5 1 
12841|Child_Cross21|54: 2100 586 211 73 35 12 5 1 
12842|Child_Avg|23: 1853 586 211 73 35 12 5 1 
12843|Child_Cross12|37: 1832 583 211 73 35 12 5 1 
12844|Child_Avg|31: 1824 586 211 73 35 12 5 1 
12849|Child_Cross12|9: 1830 586 211 73 35 12 5 1 
12851|Child_Cross12|33: 1832 580 211 73 35 12 5 1 
12853|Child_Cross21|10: 1816 586 211 73 35 12 5 1 
12854|Child_Cross12|5: 1838 586 211 73 35 12 5 1 
12858|Child_Cross12|21: 1832 586 211 73 35 12 5 1 
12869|Child_Cross21|38: 1850 586 211 73 35 12 5 1 
12873|Child_Cross12|49: 1856 586 211 73 35 12 5 1 
12874|Child_Avg|59: 1942 586 211 73 35 12 5 1 
12881|Child_Cross12|21: 1897 586 211 73 35 12 5 1 
12884|Child_Cross21|6: 1871 586 211 73 35 12 5 1 
12887|Child_Cross21|6: 1837 586 211 73 35 12 5 1 
12901|Child_CrossABC2|2: 1903 586 211 73 35 12 5 1 
12903|Child_Cross12|41: 1848 586 211 73 35 12 5 1 
12906|Child_Cross12|45: 1863 586 211 73 35 12 5 1 
12909|Child_Cross21|46: 1864 586 211 73 35 12 5 1 
12936|Child_Avg|27: 1879 586 211 73 35 12 5 1 
12980|Child_Avg|47|Mutated: 2148 586 211 73 35 12 5 1 
12982|Child_CrossABC1|1: 1842 586 211 73 35 12 5 1 
12987|Child_Cross21|26: 1855 586 211 73 35 12 5 1 
12994|Child_Cross12|41: 1858 586 211 73 35 12 5 1 
13001|Child_Cross21|10: 2103 586 211 73 35 12 5 1 
13004|Child_Cross12|21: 1882 586 211 73 35 12 5 1 
13006|Child_Cross12|49: 1921 586 211 73 35 12 5 1 
13033|Child_Cross21|30: 1869 586 211 73 35 12 5 1 
13036|Child_Avg|59: 1866 586 211 73 35 12 5 1 
13038|Child_CrossABC2|8: 1885 586 211 73 35 12 5 1 
13040|Child_Cross21|18: 1889 586 211 73 35 12 5 1 
13085|Child_Cross12|45|Mutated: 1936 586 211 73 35 12 5 1 
13111|Child_Cross21|38: 1871 586 211 73 35 11 5 1 
13113|Child_Cross21|10: 1876 585 212 73 35 11 5 1 
13114|Child_Cross12|53: 2074 535 221 73 35 11 5 1 
13115|Child_CrossABC1|7: 2123 541 224 73 35 11 5 1 
13118|Child_CrossABC1|1: 1622 572 209 73 35 11 5 1 
13123|Child_CrossABC2|2: 1748 567 207 75 35 11 5 1 
13129|Child_CrossABC2|2: 1820 575 193 75 35 11 5 1 
13130|Child_Levy|32: 1778 500 201 73 35 11 5 1 
13133|Child_CrossABC2|2: 1686 506 204 73 35 11 5 1 
13140|Child_Cross21|34: 1755 532 197 71 35 11 5 1 
13141|Child_Cross12|1: 1708 512 201 71 33 9 4 1 
13145|Child_LevyABC2|6: 1768 536 199 73 35 11 5 1 
13182|Child_Avg|39: 1817 632 216 69 28 11 4 1 
13183|Child_Levy|24: 1766 714 220 76 35 12 5 1 
13186|Child_Cross21|2: 1858 592 219 70 40 12 5 1 
13187|Child_Cross12|57: 1905 593 214 73 35 12 5 1 
13190|Child_Levy|28: 1531 527 181 69 30 11 5 1 
13191|Child_Levy|48: 1811 530 206 80 35 13 5 1 
13204|Survivor|1: 1746 525 202 69 33 13 4 1 
13206|Child_Cross21|30: 1792 549 203 64 29 10 4 1 
13222|Child_Levy|32: 1797 567 200 65 29 10 4 1 
13223|Child_Levy|24: 1793 544 199 64 28 11 4 1 
13226|Child_Avg|35: 1713 532 204 69 28 11 4 1 
13234|Child_CrossABC2|8: 1712 523 211 81 28 11 4 1 
13252|Child_Levy|28: 1830 632 217 75 29 11 5 1 
13279|Child_Avg|47: 1901 514 186 83 36 13 4 1 
13285|Child_Levy|12: 2088 569 214 75 35 11 5 1 
13286|Child_Cross12|37: 2175 573 195 80 36 13 4 1 
13288|Child_Cross12|49: 2169 575 213 75 35 11 5 1 
13293|Child_Avg|23: 2138 579 213 78 35 12 5 1 
13294|Child_Cross21|18|Mutated: 2151 605 209 86 35 13 5 1 
13297|Child_Cross12|57|Mutated: 1932 521 224 86 35 13 5 1 
13300|Child_Cross21|54: 2144 548 214 73 35 13 5 1 
13307|Child_Cross12|45: 2101 578 214 69 35 13 5 1 
13309|Child_Avg|23: 2090 549 214 69 35 13 5 1 
13310|Child_CrossABC1|1: 2170 581 216 68 35 13 5 1 
13317|Child_Avg|23: 2109 580 209 67 35 13 5 1 
13322|Child_Cross21|50: 2109 572 209 67 35 13 5 1 
13329|Child_Avg|11: 2089 596 209 67 35 13 5 1 
13330|Child_Cross21|6: 2078 575 209 67 35 13 5 1 
13333|Child_Cross21|34: 2109 583 209 67 35 13 5 1 
13334|Child_CrossABC2|8: 2136 580 209 67 35 13 5 1 
13335|Child_Cross12|37: 2075 599 209 67 35 13 5 1 
13336|Child_Cross12|17: 2109 612 209 67 35 13 5 1 
13341|Child_Cross21|22: 2128 580 209 67 35 13 5 1 
13342|Child_Avg|51: 2139 607 209 67 35 13 5 1 
13343|Child_Cross12|37: 2113 580 209 67 35 13 5 1 
13344|Child_Avg|39: 2124 580 209 67 35 13 5 1 
13345|Child_Avg|31: 2166 599 209 67 35 13 5 1 
13347|Child_CrossABC2|8: 2137 580 209 67 35 13 5 1 
13351|Child_Cross21|34: 2117 580 209 67 35 13 5 1 
13352|Child_Cross21|50: 2125 580 209 67 35 13 5 1 
13354|Child_Cross12|29: 2150 599 209 67 35 13 5 1 
13360|Child_Avg|11: 2112 580 209 67 35 13 5 1 
13361|Child_Cross12|21: 2116 580 209 67 35 13 5 1 
13368|Child_Cross12|9: 2120 580 209 67 35 13 5 1 
13369|Child_Cross21|18: 2153 599 209 67 35 13 5 1 
13372|Child_Cross12|25: 2157 599 209 67 35 13 5 1 
13375|Child_Cross21|10: 2117 583 209 67 35 13 5 1 
13387|Child_Avg|35: 2154 599 209 67 35 13 5 1 
13393|Child_Cross12|45: 2158 599 209 67 35 13 5 1 
13394|Child_Avg|15: 2114 599 209 67 35 13 5 1 
13395|Child_CrossABC2|2: 2170 599 209 67 35 13 5 1 
13396|Child_Cross21|10: 2105 580 209 67 35 13 5 1 
13397|Child_Cross12|25: 1838 599 209 67 35 13 5 1 
13398|Child_Cross12|57: 2097 580 209 67 35 13 5 1 
13399|Child_Avg|11: 2142 599 209 67 35 13 5 1 
13402|Child_Cross21|50: 2094 599 209 67 35 13 5 1 
13406|Child_Cross12|57: 2122 599 209 67 35 13 5 1 
13407|Child_Cross21|50: 2118 599 209 67 35 13 5 1 
13408|Child_CrossABC2|2: 2110 599 209 67 35 13 5 1 
13410|Child_Cross21|30: 2130 599 209 67 35 13 5 1 
13412|Child_Cross21|38: 2146 599 209 67 35 13 5 1 
13415|Child_Cross21|42: 1885 599 209 67 35 13 5 1 
13429|Child_Cross12|21: 2133 599 209 67 35 13 5 1 
13430|Child_Cross12|33: 2126 599 209 67 35 13 5 1 
13432|Child_Avg|31: 2161 599 209 67 35 13 5 1 
13433|Child_Avg|19: 2189 599 209 67 35 13 5 1 
13434|Child_Cross12|57: 2149 599 209 67 35 13 5 1 
13435|Child_Cross21|2: 2169 599 209 67 35 13 5 1 
13443|Child_Cross12|17: 2181 599 209 67 35 13 5 1 
13444|Child_Cross12|45: 2177 599 209 67 35 13 5 1 
13453|Child_Cross12|21: 2138 599 209 67 35 13 5 1 
13465|Child_Cross21|50: 2135 599 209 67 35 13 5 1 
13470|Child_CrossABC1|7: 2271 538 242 110 29 10 4 1 
13475|Child_Cross12|5: 1797 650 217 82 44 13 4 1 
13476|Child_Cross21|50: 2266 775 263 97 40 13 5 1 
13479|Child_Cross21|18: 1732 669 232 91 40 12 5 1 
13480|Child_Avg|59: 2139 691 253 98 40 13 5 1 
13485|Child_Avg|27: 1989 651 245 87 40 12 5 1 
13486|Child_LevyABC1|5: 2003 677 252 87 40 12 5 1 
13488|Child_Cross21|58: 2130 669 196 87 41 13 4 1 
13493|Child_Avg|47: 2124 661 187 85 41 13 4 1 
13509|Child_Avg|47: 2192 630 203 89 41 13 4 1 
13518|Child_CrossABC2|8: 2138 750 235 89 41 13 4 1 
13531|Child_CrossABC2|8: 2239 658 234 100 41 13 4 1 
13535|Child_Cross12|53: 2200 776 236 87 40 14 5 1 
13540|Child_Avg|31: 2054 673 240 83 41 13 4 1 
13541|Child_Cross12|41: 2012 631 217 77 41 13 4 1 
13545|Survivor|1|Mutated: 1982 631 217 77 41 13 4 1 
13549|Child_Avg|55|Mutated: 2067 590 255 81 36 13 4 1 
13568|Survivor|1: 1741 498 175 87 33 10 4 1 
13573|Child_Cross12|17: 1882 505 182 71 29 10 4 1 
13578|Child_Cross12|41: 1846 501 182 74 33 10 4 1 
13583|Child_Avg|35: 1807 512 184 71 33 9 4 1 
13632|Child_Avg|35|Mutated: 2364 612 233 113 46 11 4 1 
13636|Child_Cross12|33: 1988 546 204 89 35 11 5 1 
13640|Child_CrossABC1|1: 1870 525 221 87 35 11 5 1 
13643|Child_Avg|55: 1854 503 200 86 35 11 5 1 
13644|Child_Cross12|41: 1872 525 209 84 35 11 5 1 
13657|Child_CrossABC1|7: 1833 521 221 76 35 11 5 1 
13661|Child_Avg|43: 1824 520 204 73 35 11 4 1 
13663|Child_Cross12|49: 1824 520 204 73 35 11 5 1 
13676|Survivor|1|Mutated: 1824 496 188 73 35 11 5 1 
13704|Child_Cross12|1: 1825 533 186 61 35 12 5 1 
13736|Child_CrossABC2|8: 2124 673 227 84 43 13 5 1 
13738|Child_CrossABC2|8: 2124 660 227 84 43 13 5 1 
13739|Child_Cross12|41: 2312 638 238 83 43 13 5 1 
13745|Child_Cross12|5: 2164 630 234 75 35 12 5 1 
13763|Child_Cross21|18: 2145 630 234 73 35 12 5 1 
13771|Child_CrossABC2|2: 2172 639 234 73 35 11 4 1 
13796|Child_Cross12|49: 2069 648 232 67 35 11 4 1 
13828|Survivor|1: 2076 557 221 82 42 13 4 1 
13832|Survivor|1: 1785 550 199 65 33 10 3 1 
13839|Child_Levy|40: 1834 531 192 74 33 9 4 1 
13873|Child_CrossABC2|8: 1846 527 189 85 41 13 4 1 
13899|Child_Avg|47|Mutated: 2040 597 221 85 30 12 5 1 
13902|Child_LevyABC1|11: 1974 555 232 99 27 10 4 1 
13905|Child_Avg|31: 2159 597 226 78 30 11 5 1 
13906|Survivor|1|Mutated: 2122 597 226 78 30 11 5 1 
13907|Child_LevyABC1|5: 2184 610 227 86 30 11 5 1 
13910|Child_Levy|32: 2046 611 216 80 27 10 4 1 
13911|Child_Avg|19: 1647 587 218 81 29 11 5 1 
13912|Child_Avg|55: 1885 562 218 75 28 11 4 1 
13914|Child_Levy|20: 1823 577 214 78 30 11 5 1 
13921|Survivor|1: 1679 551 213 72 30 11 5 1 
13922|Child_Avg|47: 1847 560 227 71 29 10 4 1 
13939|Child_CrossABC2|8: 1784 522 219 64 29 10 4 1 
13951|Child_Cross12|9: 1567 513 187 61 29 9 4 1 
13952|Child_Cross12|57: 1616 499 198 61 29 9 4 1 
13953|Child_Cross21|46: 1549 507 193 61 29 9 4 1 
13961|Child_Cross21|6|Mutated: 1793 507 193 61 29 9 4 1 
13967|Child_Avg|35: 1721 507 193 61 29 9 4 1 
13968|Child_Cross21|38: 1639 507 193 61 29 9 4 1 
13969|Child_Cross21|30: 1862 507 193 61 29 9 4 1 
13970|Child_Cross12|29: 1761 507 193 61 29 9 4 1 
13971|Child_Cross21|2: 1870 507 193 61 29 9 4 1 
13972|Child_Cross12|45: 1758 507 193 61 29 9 4 1 
13973|Child_CrossABC2|2|Mutated: 1829 507 193 61 29 9 4 1 
13975|Child_CrossABC2|2: 1831 507 193 61 29 9 4 1 
13979|Child_Cross12|45: 1748 507 193 61 29 9 4 1 
13980|Child_Cross12|5: 1801 507 193 61 29 9 4 1 
13983|Child_Avg|7: 1802 507 193 61 29 9 4 1 
13985|Child_Cross21|38: 1789 507 193 61 29 9 4 1 
13988|Child_Cross21|26: 1768 507 193 61 29 9 4 1 
13989|Child_Avg|31: 1790 507 193 61 29 9 4 1 
13991|Child_Cross21|10: 1791 507 193 61 29 9 4 1 
13995|Child_Cross12|37: 1792 507 193 61 29 9 4 1 
14011|Child_Cross21|2: 1718 507 193 61 29 9 4 1 
14012|Child_Cross21|26: 1800 507 193 61 29 9 4 1 
14013|Child_Cross12|41|Mutated: 1789 507 193 71 29 10 4 1 
14025|Child_Cross12|45: 1821 507 193 61 29 9 4 1 
14026|Child_Avg|55: 1803 507 193 61 29 9 4 1 
14027|Child_Cross21|22: 1778 507 193 61 29 9 4 1 
14028|Child_Cross21|22: 1819 507 193 61 29 9 4 1 
14033|Child_Cross12|21: 1809 507 193 61 29 9 4 1 
14034|Child_Cross21|18: 1811 507 193 61 29 9 4 1 
14041|Child_CrossABC2|2: 1819 507 202 79 29 9 4 1 
14046|Child_Cross12|57: 1850 507 193 61 29 9 4 1 
14052|Child_Avg|23: 1808 507 193 61 29 9 4 1 
14054|Child_Cross12|21: 1818 507 193 61 29 9 4 1 
14056|Child_Cross12|9: 1820 507 193 61 29 9 4 1 
14063|Child_Cross12|57: 1828 507 193 61 29 9 4 1 
14065|Child_CrossABC1|7: 1833 507 193 61 29 9 4 1 
14068|Child_Cross21|38: 1832 507 193 61 29 9 4 1 
14092|Child_Cross12|9: 1810 507 193 61 29 9 4 1 
14116|Child_Cross12|29: 2422 644 264 97 36 13 4 1 
14121|Child_Cross21|18|Mutated: 1688 539 195 93 36 13 4 1 
14122|Child_Cross12|5: 2055 591 229 95 36 11 5 1 
14124|Child_Cross21|6: 1816 508 198 93 36 13 4 1 
14126|Child_Cross12|29: 1636 733 268 97 35 11 5 1 
14127|Child_Avg|59: 1631 661 247 94 37 12 5 1 
14128|Child_Cross12|37: 1683 595 206 83 36 13 4 1 
14131|Child_Levy|16: 1590 583 202 84 40 13 5 1 
14134|Child_Levy|16: 1755 574 211 80 35 13 5 1 
14138|Child_CrossABC1|1: 1702 601 218 82 35 13 5 1 
14156|Child_Avg|35: 1765 589 216 77 35 13 5 1 
14159|Child_CrossABC1|7: 2014 588 222 93 35 13 5 1 
14164|Child_Avg|3: 1854 617 212 90 35 12 5 1 
14165|Child_Avg|35: 1800 605 213 86 35 12 5 1 
14170|Child_Cross21|22: 1802 609 211 91 35 13 5 1 
14173|Child_CrossABC2|8: 1812 577 211 75 32 13 5 1 
14175|Child_CrossABC1|7: 1862 581 213 75 32 13 5 1 
14178|Child_Avg|35: 1759 555 199 72 32 13 4 1 
14180|Child_Avg|3: 1830 569 202 73 32 13 5 1 
14181|Child_Cross12|21: 1802 578 207 72 32 13 4 1 
14188|Child_Cross21|14: 1886 585 201 68 32 13 4 1 
14194|Child_Avg|55: 1809 583 206 66 32 13 4 1 
14196|Child_CrossABC1|1: 1832 583 208 66 32 13 4 1 
14197|Child_CrossABC1|7: 1818 583 208 66 32 13 4 1 
14198|Child_CrossABC1|1: 1808 583 208 66 32 13 4 1 
14200|Child_CrossABC2|2: 1801 583 208 66 32 13 4 1 
14219|Survivor|1: 1624 557 184 64 29 10 4 1 
14225|Child_LevyP2|4: 1740 533 197 67 30 12 5 1 
14258|Child_Avg|47: 2323 517 235 83 31 11 4 1 
14259|Child_Avg|55: 1862 507 195 79 31 10 3 1 
14262|Child_Cross21|58: 1862 507 195 79 31 11 4 1 
14264|Child_Cross21|26: 6527 1343 498 163 72 32 11 4 1 
14271|Child_CrossABC1|7: 6311 1322 510 167 69 28 11 4 1 
14297|Child_LevyABC1|5: 6466 1200 468 191 64 28 13 4 1 
14309|Child_LevyABC1|11: 1813 637 189 86 30 12 5 1 
14325|Child_Avg|55: 1816 554 183 70 30 11 5 1 
14343|Child_Cross12|41|Mutated: 1847 601 196 73 35 11 4 1 
14368|Child_Avg|59: 1899 627 236 83 29 10 4 1 
14373|Child_Cross21|34: 1916 580 214 71 29 10 4 1 
14376|Survivor|1: 1792 478 207 66 31 10 4 1 
14381|Child_Cross21|26: 1827 523 201 61 29 9 4 1 
14442|Survivor|1: 2085 635 232 76 31 10 6 1 
14446|Child_Cross12|17: 2085 635 232 76 35 13 5 1 
14453|Child_CrossABC2|8: 2141 637 232 76 35 13 5 1 
14455|Child_Avg|47: 1922 599 226 76 35 11 5 1 
14456|Child_Avg|43: 1720 549 212 74 35 12 5 1 
14463|Child_Cross21|42: 2019 624 231 73 35 11 5 1 
14464|Child_CrossABC1|1: 2242 631 236 73 35 12 5 1 
14477|Child_CrossABC1|7: 2242 631 236 73 37 14 4 1 
14481|Child_Cross21|14: 2242 631 236 73 35 13 5 1 
14482|Child_Cross21|10: 2242 631 236 73 35 11 5 1 
14486|Child_Cross21|38: 2156 631 236 73 35 12 5 1 
14487|Child_Cross12|25: 2242 689 236 73 35 12 5 1 
14488|Child_CrossABC1|1: 2173 631 236 73 35 12 5 1 
14491|Child_Avg|47: 2216 643 236 73 35 12 5 1 
14494|Child_CrossABC2|2: 2176 625 236 73 35 12 5 1 
14496|Child_Cross12|33: 2243 645 237 73 35 12 5 1 
14497|Child_Avg|15: 2200 634 236 73 35 12 5 1 
14498|Child_Cross12|29: 2243 630 237 73 35 12 5 1 
14501|Child_Avg|23: 2201 634 236 73 35 12 5 1 
14505|Child_Avg|35: 2225 631 236 73 35 12 5 1 
14507|Child_Cross12|29: 2256 631 236 73 35 12 5 1 
14514|Child_Cross12|5: 2229 631 236 73 35 12 5 1 
14516|Child_CrossABC1|1: 2243 689 237 73 35 12 5 1 
14518|Child_Cross12|37: 2238 631 236 73 35 12 5 1 
14524|Child_Cross12|25: 2242 631 246 73 35 12 5 1 
14541|Child_Cross12|41: 2239 630 237 73 35 12 5 1 
14543|Child_Cross21|14: 2241 630 237 73 35 12 5 1 
14544|Child_Cross12|45: 2195 630 237 73 35 12 5 1 
14546|Child_Cross21|42: 2240 630 237 73 35 12 5 1 
14551|Child_Cross21|30: 2250 630 237 73 35 12 5 1 
14553|Child_Cross12|1: 2229 630 237 73 35 12 5 1 
14555|Child_CrossABC2|8: 2250 633 237 85 35 12 5 1 
14558|Child_Cross12|17: 2251 630 237 73 35 12 5 1 
14559|Child_CrossABC1|1: 2249 630 237 73 35 12 5 1 
14561|Child_Cross21|22: 2223 630 237 73 35 12 5 1 
14568|Child_Cross12|1: 2232 630 237 73 35 12 5 1 
14573|Child_Avg|31: 2242 630 237 73 35 12 5 1 
14583|Child_Avg|23: 2134 633 237 73 35 12 5 1 
14594|Child_CrossABC2|8: 2280 633 237 73 35 12 5 1 
14595|Child_Cross21|6: 2129 633 237 73 35 12 5 1 
14598|Child_Cross12|13|Mutated: 2315 633 237 73 35 12 5 1 
14616|Child_Cross21|18: 1922 608 225 71 35 13 5 1 
14621|Child_CrossABC1|1: 1792 605 241 71 35 13 5 1 
14623|Child_Levy|24: 1916 604 227 69 35 13 5 1 
14624|Child_Avg|23: 1775 604 251 74 35 12 5 1 
14625|Child_Avg|47|Mutated: 2072 606 237 72 32 13 4 1 
14648|Child_Avg|43: 2105 587 230 68 32 13 4 1 
14652|Child_CrossABC1|7: 1870 594 224 69 32 13 4 1 
14654|Child_Cross12|13: 2069 600 227 66 32 13 4 1 
14659|Child_Cross12|1: 2134 588 233 66 32 13 4 1 
14696|Child_LevyABC1|11|Mutated: 1884 547 216 96 31 10 6 1 
14698|Child_Avg|19: 2027 571 212 76 31 10 4 1 
14699|Child_Cross21|50: 2026 572 213 75 31 10 4 1 
14702|Child_Cross12|5: 1896 572 204 69 31 10 4 1 
14715|Child_CrossABC1|1: 1892 560 196 69 31 10 4 1 
14730|Child_CrossABC2|8: 1871 558 200 64 29 10 4 1 
14739|Child_Avg|59: 1710 498 197 65 29 10 4 1 
14742|Child_LevyP1|9: 2000 551 211 97 36 13 4 1 
14756|Child_Avg|59: 1951 546 201 84 35 13 5 1 
14764|Child_Cross12|5: 1860 522 197 74 34 16 5 1 
14776|Child_Cross12|37: 1840 516 199 77 33 13 4 1 
14792|Child_Levy|20: 2231 581 212 73 35 12 5 1 
14807|Survivor|1: 1938 551 200 73 35 12 5 1 
14808|Child_CrossABC1|7: 1935 570 201 76 35 13 5 1 
14813|Child_Avg|59: 1932 564 197 75 35 11 5 1 
14819|Child_Avg|55: 1944 555 202 73 35 11 5 1 
14820|Child_Cross12|1: 1944 555 202 73 35 12 5 1 
14823|Child_Levy|40: 1858 544 211 69 32 13 4 1 
14830|Child_Levy|16: 2060 547 216 67 35 11 5 1 
14840|Child_CrossABC2|2: 1555 554 186 67 35 11 5 1 
14842|Child_Levy|40: 1796 547 211 66 35 12 5 1 
14855|Survivor|1: 1807 543 201 62 35 11 4 1 
14861|Child_LevyABC1|5: 2794 616 274 87 35 12 5 1 
14862|Child_Levy|44|Mutated: 2155 573 209 85 33 12 5 1 
14864|Child_LevyABC2|12: 2197 758 252 104 39 14 4 1 
14865|Child_Avg|19: 1930 566 214 83 33 13 4 1 
14867|Child_Avg|7: 1980 562 206 85 32 13 4 1 
14881|Child_Cross21|26: 2089 585 218 72 32 13 4 1 
14892|Survivor|1: 2122 563 217 82 32 13 4 1 
14894|Child_Cross12|45: 2171 606 213 68 32 13 4 1 
14905|Child_Avg|11: 1960 594 199 68 32 13 4 1 
14910|Child_CrossABC1|7: 2040 570 236 75 31 14 4 1 
14913|Child_CrossABC1|1|Mutated: 1958 489 255 81 32 13 4 1 
14930|Child_Avg|35: 1780 494 233 81 32 13 5 1 
14965|Child_Levy|44: 1952 546 220 77 31 14 4 1 
14989|Child_Cross12|41: 1785 493 203 75 37 14 4 1 
14990|Child_Avg|43: 1937 551 220 77 31 14 4 1 
15000|Child_Cross12|41: 1747 524 211 63 31 14 4 1 
15011|Child_CrossABC2|8: 1815 522 206 61 31 14 4 1 
15019|Child_Cross12|41: 3830 1080 397 139 63 27 10 4 1 
15025|Child_Cross21|10: 3830 1080 397 139 59 27 10 4 1 
15027|Child_CrossABC1|1: 4462 1080 397 139 59 27 10 4 1 
15030|Child_Cross21|50: 3766 1049 381 134 65 27 10 4 1 
15031|Child_Cross12|9: 3730 1099 378 139 59 27 10 4 1 
15032|Child_CrossABC1|1: 3767 1034 384 131 66 27 10 4 1 
15034|Survivor|1|Mutated: 3767 1034 384 131 76 27 10 4 1 
15084|Child_CrossABC1|7: 2084 542 255 72 30 11 5 1 
15086|Child_Cross12|29: 2990 594 253 103 40 13 5 1 
15087|Child_Cross21|46: 7209 2100 611 256 97 39 14 4 1 
15089|Child_Cross12|25: 2207 587 249 91 32 11 4 1 
15091|Child_Avg|19: 1741 493 218 81 36 11 5 1 
15092|Child_CrossABC2|8: 2219 642 251 93 32 11 4 1 
15094|Child_Levy|44: 2164 582 235 87 33 10 4 1 
15099|Survivor|1: 2181 599 255 96 36 11 5 1 
15101|Child_Avg|23: 1866 526 223 84 35 11 4 1 
15103|Survivor|1: 2100 566 233 92 36 11 5 1 
15108|Child_Levy|56: 1944 505 209 86 35 12 5 1 
15109|Child_Levy|20: 1957 498 212 75 35 11 5 1 
15110|Child_CrossABC1|7: 1984 593 218 92 32 13 4 1 
15111|Child_LevyP2|4: 1867 635 215 100 31 14 5 1 
15120|Child_LevyP1|9: 1836 614 220 93 32 13 4 1 
15124|Child_Avg|59: 1791 555 210 79 31 11 4 1 
15136|Child_Levy|48|Mutated: 1654 529 192 71 30 9 4 1 
15140|Survivor|1: 1611 497 193 70 30 12 5 1 
15141|Child_Levy|44: 1536 495 181 67 30 11 5 1 
15170|Survivor|1: 1613 555 181 61 29 9 4 1 
15182|Child_Avg|3: 1613 495 181 61 29 9 4 1 
15183|Child_CrossABC2|2: 1589 555 181 61 29 9 4 1 
15190|Survivor|1: 1641 501 181 61 29 9 4 1 
15210|Survivor|1: 2015 613 206 74 35 11 4 1 
15213|Child_Avg|3: 2229 629 206 73 35 11 4 1 
15250|Child_Levy|4: 1701 721 236 90 32 11 4 1 
15263|Child_Avg|7|Mutated: 2225 541 184 75 35 11 5 1 
15283|Survivor|1: 1678 500 204 77 32 11 4 1 
15298|Survivor|1: 1837 525 194 70 33 9 4 1 
15306|Child_Cross21|6: 1755 505 189 67 33 10 4 1 
15314|Child_CrossABC1|7: 1805 539 195 73 33 9 4 1 
15315|Child_CrossABC1|7: 1810 539 195 67 33 9 4 1 
15317|Child_Levy|60: 1827 538 194 67 31 10 4 1 
15324|Child_Cross12|33: 1814 537 193 67 31 10 4 1 
15327|Child_Avg|27: 1710 512 186 65 27 10 4 1 
15346|Child_CrossABC1|1: 1729 519 186 65 27 10 4 1 
15423|Child_Cross21|42: 1874 543 205 70 31 11 4 1 
15426|Child_Levy|28|Mutated: 2261 606 237 81 41 13 4 1 
15433|Child_Avg|27: 2087 579 226 73 36 13 4 1 
15434|Child_Cross12|29: 2162 590 231 75 31 14 5 1 
15442|Child_LevyABC1|11|Mutated: 2153 599 241 85 36 15 4 1 
15469|Child_CrossABC1|7: 2007 548 235 85 32 15 4 1 
15471|Child_Cross12|29: 1989 582 225 73 36 13 4 1 
15477|Child_CrossABC2|8: 1953 571 225 73 36 13 4 1 
15481|Survivor|1: 1968 545 224 70 36 13 4 1 
15492|Child_LevyP1|9|Mutated: 2102 585 191 73 27 14 4 1 
15496|Child_Cross12|37: 1981 539 208 66 32 13 4 1 
15501|Child_LevyABC1|5: 2000 551 198 73 35 12 5 1 
15534|Child_CrossABC2|8: 2032 525 200 74 35 12 5 1 
15544|Survivor|1: 2352 637 241 97 35 11 4 1 
15546|Child_Levy|28: 2082 600 213 80 35 11 5 1 
15552|Survivor|1: 1819 499 190 64 35 11 5 1 
15556|Child_Avg|55: 1752 485 184 64 35 11 5 1 
15576|Child_Cross12|17: 1776 491 203 62 35 11 5 1 
15589|Random|24: 2447 782 268 92 43 11 4 1 
15595|Child_CrossABC2|2: 1859 591 232 76 31 11 4 1 
15613|Child_CrossABC2|8: 1545 453 177 67 31 11 4 1 
15635|Child_Cross12|41: 1664 511 187 61 30 11 5 1 
15636|Child_Cross21|54: 1846 490 178 61 30 11 5 1 
15643|Child_Avg|3|Mutated: 1829 658 223 91 32 11 4 1 
15644|Child_LevyP1|3: 2146 671 221 102 35 11 5 1 
15646|Child_Avg|15: 1989 618 212 86 35 11 4 1 
15647|Child_Cross21|38: 1829 658 223 91 35 11 5 1 
15648|Survivor|1|Mutated: 1829 658 228 91 35 13 5 1 
15667|Child_Avg|35: 1664 596 209 86 35 13 5 1 
15669|Child_Cross21|34: 1872 526 235 73 35 12 5 1 
15680|Child_Cross12|21: 1765 551 223 69 31 10 4 1 
15683|Child_Cross12|1: 1765 551 223 69 30 11 5 1 
15692|Child_Avg|7|Mutated: 1564 562 204 83 31 11 4 1 
15693|Child_Avg|27: 2221 616 254 86 31 10 4 1 
15696|Child_Avg|43: 1931 567 233 77 31 10 4 1 
15697|Child_CrossABC1|1: 2151 553 244 76 31 10 4 1 
15698|Child_CrossABC2|8: 2117 620 255 98 31 10 6 1 
15701|Child_Avg|19: 1955 524 230 71 29 10 4 1 
15730|Child_CrossABC2|2: 2139 524 230 71 29 10 4 1 
15731|Child_Cross21|54: 1908 535 207 71 29 10 4 1 
15733|Child_Avg|35: 1944 533 214 71 29 10 4 1 
15734|Child_Avg|27: 1931 521 218 71 29 10 4 1 
15735|Child_Cross12|57: 1925 528 217 71 29 10 4 1 
15738|Child_CrossABC1|1: 1917 519 217 71 29 10 4 1 
15741|Child_CrossABC1|7: 1917 604 217 71 29 10 4 1 
15743|Child_Levy|52: 1923 563 218 72 30 11 5 1 
15744|Child_Levy|16: 1943 521 218 72 30 11 5 1 
15745|Child_Cross21|50: 1929 532 217 71 29 10 4 1 
15747|Child_Avg|23: 1938 528 217 71 29 10 4 1 
15749|Child_Cross21|42: 1920 587 212 71 29 10 4 1 
15755|Child_Avg|35: 1924 565 214 71 29 10 4 1 
15756|Child_Cross21|26: 1923 558 212 71 29 10 4 1 
15758|Child_Avg|59: 1925 564 214 71 29 10 4 1 
15759|Child_Cross21|42: 1922 576 214 71 29 10 4 1 
15763|Child_CrossABC1|7: 1922 564 214 71 29 10 4 1 
15765|Child_Cross21|6: 1923 562 214 71 29 10 4 1 
15766|Child_Cross21|2: 1922 563 214 71 29 10 4 1 
15768|Child_Avg|31: 1923 564 214 71 29 10 4 1 
15769|Child_Avg|27: 1923 565 214 71 29 10 4 1 
15771|Child_Cross12|49: 1921 562 214 71 29 10 4 1 
15774|Child_Cross12|21: 1921 563 214 71 29 10 4 1 
15777|Child_CrossABC1|1: 2207 576 214 71 29 10 4 1 
15781|Child_CrossABC2|8: 1920 562 214 71 29 10 4 1 
15782|Child_Cross12|37: 1921 563 228 71 29 10 4 1 
15809|Child_Avg|47: 1933 562 214 71 29 10 4 1 
15810|Child_CrossABC1|1: 1933 565 214 71 29 10 4 1 
15811|Child_Avg|35: 1877 563 214 71 29 10 4 1 
15812|Child_CrossABC2|8: 1933 564 214 71 29 10 4 1 
15814|Child_Cross21|14: 1921 591 214 71 29 10 4 1 
15817|Child_Avg|43: 1879 564 214 71 29 10 4 1 
15819|Child_Cross21|18: 1890 565 214 71 29 10 4 1 
15821|Child_Avg|43: 1883 564 214 71 29 10 4 1 
15825|Child_Cross12|37: 1898 576 214 71 29 10 4 1 
15826|Child_Cross12|13: 1921 577 214 71 29 10 4 1 
15827|Child_Cross21|30: 1919 576 214 71 29 10 4 1 
15828|Child_Cross12|45: 1917 576 214 71 29 10 4 1 
15831|Child_Cross21|6: 1888 565 214 71 29 10 4 1 
15833|Child_Cross21|38: 1881 565 214 71 29 10 4 1 
15835|Child_Cross12|13: 1889 565 214 71 29 10 4 1 
15839|Child_Cross12|5: 1897 576 214 71 29 10 4 1 
15840|Child_Cross12|45: 1916 576 214 71 29 10 4 1 
15846|Child_Cross12|17: 1881 564 214 71 29 10 4 1 
15850|Child_Cross21|14: 1878 563 214 71 29 10 4 1 
15851|Child_Cross21|6: 1882 564 214 71 29 10 4 1 
15852|Child_Cross12|25: 1884 565 214 71 29 10 4 1 
15855|Child_Cross12|57: 1850 563 214 71 29 10 4 1 
15858|Child_Cross21|2: 1851 562 214 71 29 10 4 1 
15861|Child_Cross12|17: 1867 565 214 71 29 10 4 1 
15864|Child_Cross21|10: 1869 563 214 71 29 10 4 1 
15865|Child_Avg|55: 1857 563 214 71 29 10 4 1 
15866|Child_Cross12|9: 1872 564 214 71 29 10 4 1 
15868|Child_Cross21|6: 1862 563 214 71 29 10 4 1 
15873|Child_Cross21|26: 1884 563 214 71 29 10 4 1 
15877|Child_Cross12|9: 1883 565 214 71 29 10 4 1 
15882|Child_Cross21|10: 1875 564 214 71 29 10 4 1 
15883|Child_Cross21|46: 1865 563 214 71 29 10 4 1 
15885|Child_Cross12|9|Mutated: 1870 563 214 71 29 10 4 1 
15903|Survivor|1: 1775 549 175 65 29 10 4 1 
15904|Child_Levy|32: 1855 610 189 70 29 11 5 1 
15941|Child_LevyABC2|6: 2831 1060 339 105 41 13 4 1 
15944|Child_Avg|27: 2689 769 226 95 42 13 4 1 
15946|Child_Cross12|33: 2838 926 318 103 41 13 4 1 
15947|Child_Cross12|21: 2672 685 246 91 33 12 5 1 
15950|Child_Avg|35: 2723 714 248 89 41 13 4 1 
15963|Child_Levy|20: 2252 616 216 83 40 14 5 1 
15976|Child_Levy|24: 2251 615 215 82 40 12 5 1 
15984|Child_Levy|56: 1900 583 217 96 36 13 4 1 
15985|Child_Cross21|2: 2075 556 209 73 33 9 4 1 
15990|Child_Cross21|22: 2075 556 209 73 35 11 4 1 
15994|Child_Avg|23: 1971 615 218 103 41 13 4 1 
15999|Child_Levy|36: 2165 644 208 75 35 11 4 1 
16000|Child_Cross12|17: 2048 551 197 68 31 11 4 1 
16006|Child_Cross12|25: 1941 537 206 68 31 11 4 1 
16008|Child_CrossABC2|8: 1943 541 204 69 31 10 4 1 
16017|Survivor|1: 1779 492 179 61 29 9 4 1 
16020|Child_Cross21|26: 1800 495 181 61 29 9 4 1 
16025|Child_Cross12|57|Mutated: 1782 498 181 69 30 11 5 1 
16027|Child_Cross21|42: 1787 495 179 61 29 9 4 1 
16028|Child_CrossABC2|8: 1799 496 179 61 29 9 4 1 
16029|Child_CrossABC1|7: 1778 496 179 61 29 9 4 1 
16036|Child_Cross21|34: 1674 522 179 61 29 9 4 1 
16054|Child_CrossABC2|2: 1801 528 181 61 29 9 4 1 
16095|Child_CrossABC2|2: 1915 598 243 86 39 11 4 1 
16096|Survivor|1|Mutated: 1597 598 243 86 39 11 4 1 
16099|Child_Cross12|17: 1587 589 255 91 35 11 5 1 
16104|Child_Cross21|22: 1732 513 235 91 35 11 5 1 
16107|Child_Cross21|10: 2194 602 215 84 35 11 5 1 
16114|Survivor|1: 1764 560 201 73 35 11 5 1 
16115|Child_Cross12|5: 1766 552 198 75 35 11 5 1 
16119|Child_Cross21|30: 1751 551 193 71 35 11 5 1 
16120|Child_CrossABC1|7: 1852 567 195 73 35 11 5 1 
16125|Survivor|1|Mutated: 1627 551 193 71 35 11 5 1 
16130|Survivor|1: 1782 541 202 69 31 10 3 1 
16137|Child_LevyP1|3: 2004 573 247 93 40 12 5 1 
16141|Child_Avg|3: 2724 822 257 81 45 13 4 1 
16159|Child_Levy|36: 1822 545 203 79 43 11 4 1 
16170|Survivor|1: 1874 556 193 74 31 11 4 1 
16174|Child_CrossABC1|1|Mutated: 1888 583 196 76 31 11 4 1 
16178|Child_Cross12|49: 1794 558 183 71 33 9 4 1 
16185|Survivor|1: 1934 537 202 74 33 9 4 1 
16193|Child_LevyABC2|6: 1924 568 211 98 40 13 5 1 
16196|Child_Avg|43: 1907 586 203 74 33 10 3 1 
16197|Child_Cross12|29: 1658 522 187 71 36 11 5 1 
16199|Child_Avg|59: 1822 542 189 71 33 10 4 1 
16203|Child_Cross21|26: 1832 562 195 68 33 10 4 1 
16210|Survivor|1: 1916 556 200 79 31 10 3 1 
16212|Child_CrossABC2|2: 1803 554 199 81 33 10 3 1 
16236|Child_Levy|40: 2683 602 262 97 36 13 4 1 
16243|Survivor|1: 2133 465 206 77 33 9 4 1 
16248|Child_Levy|8: 1792 427 181 78 35 12 5 1 
16260|Child_Levy|28: 1911 559 183 98 42 12 5 1 
16265|Child_Cross21|22: 2210 535 196 65 35 11 5 1 
16269|Child_Avg|59: 2285 543 206 76 28 13 4 1 
16274|Child_Levy|20|Mutated: 2168 536 189 73 35 12 5 1 
16276|Random|17: 3914 878 272 97 36 13 4 1 
16288|Child_CrossABC2|2: 2339 824 272 87 36 13 4 1 
16293|Child_Avg|51: 2140 564 206 77 35 12 5 1 
16294|Child_LevyP1|3: 2274 662 216 85 35 14 5 1 
16297|Child_CrossABC1|7: 1959 663 205 89 36 13 4 1 
16299|Child_CrossABC2|8: 2161 588 209 91 36 13 4 1 
16300|Child_Cross12|41: 1767 515 166 71 35 13 5 1 
16304|Child_Avg|39: 1797 539 171 71 35 11 4 1 
16305|Child_Avg|31: 2073 799 330 100 41 13 4 1 
16307|Child_Avg|55: 1960 695 256 84 36 13 4 1 
16308|Child_Cross12|37: 1846 587 219 89 40 13 5 1 
16311|Child_Levy|8: 2031 597 220 78 37 12 5 1 
16319|Child_Cross21|2: 1849 530 198 71 36 11 5 1 
16320|Child_Cross21|54: 2117 571 201 78 35 12 5 1 
16322|Child_Cross21|42: 1966 570 209 72 27 13 5 1 
16325|Child_Avg|15: 1889 544 199 67 32 11 4 1 
16327|Child_Cross21|42: 1721 567 205 71 29 10 4 1 
16335|Survivor|1: 1840 556 199 65 29 10 4 1 
16337|Child_Avg|11: 1811 535 196 64 29 9 4 1 
16340|Child_Cross12|41: 1807 556 205 64 29 9 4 1 
16344|Child_Cross12|21: 1902 558 187 64 29 9 4 1 
16345|Child_Cross21|38: 1774 534 196 63 29 10 4 1 
16351|Child_Cross21|2: 1569 507 190 61 29 9 4 1 
16352|Child_Cross12|53: 1759 526 191 63 29 10 4 1 
16359|Child_Cross12|29: 1620 478 190 61 29 9 4 1 
16364|Child_Cross21|54: 1805 522 193 61 29 9 4 1 
16368|Child_Cross12|5: 1768 500 190 61 29 9 4 1 
16370|Child_Cross21|58: 1743 539 193 61 29 9 4 1 
16390|Child_Cross12|5: 1793 500 190 61 29 9 4 1 
16391|Child_Cross12|9: 1779 500 190 61 29 9 4 1 
16394|Child_Cross12|37: 1788 500 190 61 29 9 4 1 
16395|Child_Cross12|57: 1801 512 188 61 29 9 4 1 
16397|Child_Cross21|46: 1773 500 190 61 29 9 4 1 
16399|Child_Cross21|10: 1797 500 190 61 29 9 4 1 
16401|Child_Cross21|34: 1854 539 193 61 29 9 4 1 
16404|Child_Cross12|25: 1795 500 190 61 29 9 4 1 
16413|Child_Cross12|29: 1780 500 190 61 29 9 4 1 
16414|Child_Avg|31: 1925 539 193 61 29 9 4 1 
16417|Child_Cross21|10: 1804 539 193 61 29 9 4 1 
16422|Child_Cross12|21: 1782 500 190 61 29 9 4 1 
16427|Child_Avg|31: 1838 539 193 61 29 9 4 1 
16428|Child_Avg|35: 1844 539 193 61 29 9 4 1 
16429|Child_Cross21|10: 1807 539 193 61 29 9 4 1 
16430|Child_Cross21|18: 1834 539 193 61 29 9 4 1 
16431|Child_CrossABC2|8: 1878 539 193 61 29 9 4 1 
16432|Child_Avg|43: 1796 539 193 61 29 9 4 1 
16435|Child_Cross12|9: 1823 539 193 61 29 9 4 1 
16437|Child_CrossABC2|8|Mutated: 1848 539 193 61 29 9 4 1 
16438|Child_Cross21|30: 1827 539 193 61 29 9 4 1 
16439|Child_Cross12|5: 1867 539 193 61 29 9 4 1 
16440|Child_CrossABC1|7: 1864 539 193 61 29 9 4 1 
16442|Child_CrossABC2|8: 1833 539 193 61 29 9 4 1 
16444|Child_Cross12|21: 1857 539 193 61 29 9 4 1 
16445|Child_Cross21|38: 1847 539 193 61 29 9 4 1 
16446|Child_Cross21|42: 1824 539 193 61 29 9 4 1 
16447|Child_Cross12|53: 1776 539 193 61 29 9 4 1 
16450|Child_Cross12|45: 1828 539 193 61 29 9 4 1 
16454|Child_Cross12|45: 1837 539 193 61 29 9 4 1 
16470|Child_Avg|47: 1749 543 211 66 31 10 4 1 
16483|Survivor|1|Mutated: 1617 491 199 65 27 10 4 1 
16495|Child_Avg|11: 2221 665 236 90 32 11 3 1 
16498|Child_Avg|23: 2039 699 278 78 32 11 4 1 
16505|Child_Cross21|42: 1831 555 221 78 32 11 4 1 
16523|Child_LevyABC1|11: 1853 528 232 75 35 11 5 1 
16579|Survivor|1: 1764 526 232 75 35 11 5 1 
16582|Child_LevyABC2|6: 1865 549 239 83 30 11 5 1 
16590|Child_Cross21|10: 2332 616 237 82 35 13 5 1 
16592|Child_Levy|4: 1734 514 201 79 32 13 4 1 
16602|Child_Cross21|34: 1855 569 208 66 32 13 4 1 
16605|Child_Cross12|49|Mutated: 1722 499 204 74 32 13 4 1 
16606|Child_CrossABC1|1: 1880 495 206 74 35 11 5 1 
16607|Child_Cross21|22: 1878 508 207 74 33 9 4 1 
16612|Child_LevyABC1|11: 1893 513 218 78 30 11 5 1 
16618|Child_Avg|51: 1873 493 208 72 30 11 5 1 
16633|Child_CrossABC1|1: 1793 504 203 80 30 11 5 1 
16639|Child_CrossABC1|7: 1880 493 203 72 30 11 5 1 
16643|Child_Cross12|5: 1801 508 214 69 28 11 4 1 
16652|Survivor|1: 1926 487 201 72 31 14 4 1 
16660|Survivor|1: 1921 488 202 75 31 14 4 1 
16667|Child_CrossABC1|7: 1827 486 215 75 31 14 4 1 
16671|Child_CrossABC1|1: 1824 485 217 74 31 14 4 1 
16678|Child_Cross21|54: 1853 484 214 67 31 14 4 1 
16685|Child_Cross21|42: 1853 484 214 67 30 11 5 1 
16695|Child_Cross12|5: 1858 485 203 64 28 13 4 1 
16698|Child_Avg|55: 1876 477 189 68 32 13 4 1 
16709|Child_Avg|31: 2084 559 198 69 31 10 4 1 
16738|Child_Levy|24: 1988 549 191 69 30 11 5 1 
16764|Child_Avg|31: 1835 533 215 81 36 10 3 1 
16766|Child_Avg|11: 1815 516 200 81 36 10 3 1 
16767|Child_LevyP1|9: 1824 523 232 89 33 9 4 1 
16774|Child_Avg|47: 1801 523 230 80 33 9 4 1 
16792|Survivor|1: 1603 517 193 71 33 9 4 1 
16795|Survivor|1: 1544 466 172 69 31 10 4 1 
16824|Survivor|1: 3529 792 242 85 35 12 5 1 
16828|Child_Cross12|21: 4623 1305 492 162 85 35 12 5 1 
16829|Child_Avg|23: 1859 568 197 74 28 11 4 1 
16830|Child_Avg|23: 2174 685 221 83 30 11 5 1 
16832|Survivor|1|Mutated: 2397 685 221 83 30 11 5 1 
16834|Child_Avg|39: 1841 564 191 77 30 11 5 1 
16842|Child_Cross12|25: 1873 495 182 72 30 11 5 1 
16844|Child_Cross21|6: 1834 567 172 69 28 11 4 1 
16846|Child_Cross21|14: 1529 499 185 70 29 9 4 1 
16849|Child_Avg|59: 1882 518 193 76 31 10 4 1 
16852|Child_Cross12|21: 1887 518 194 71 28 9 4 1 
16863|Survivor|1: 1807 536 185 66 31 10 4 1 
16867|Survivor|1|Mutated: 1847 548 183 65 31 10 4 1 
16869|Child_Cross21|46|Mutated: 1797 617 194 79 31 10 4 1 
16878|Child_LevyP1|3: 1762 611 196 78 30 11 5 1 
16889|Child_Avg|35: 1547 585 178 80 28 11 4 1 
16901|Child_Avg|7: 1532 545 179 69 27 10 4 1 
16943|Child_Levy|32: 2169 616 222 84 35 11 5 1 
16945|Survivor|1|Mutated: 2169 616 195 84 35 11 5 1 
16957|Child_Cross21|58: 1996 611 201 79 31 10 4 1 
16963|Child_Cross12|45: 2151 611 199 72 30 11 5 1 
16972|Child_CrossABC1|1|Mutated: 2149 561 205 81 30 11 5 1 
17000|Child_Cross12|49: 1870 535 198 73 30 11 5 1 
17006|Child_Avg|35: 1863 557 196 70 30 11 5 1 
17022|Survivor|1: 1732 523 179 64 29 9 4 1 
17039|Survivor|1: 1743 538 206 65 28 11 4 1 
17052|Child_Levy|12: 1792 525 209 87 33 10 4 1 
17055|Child_LevyP2|4: 1932 515 197 88 36 11 5 1 
17069|Child_CrossABC2|8: 1780 491 198 73 35 11 5 1 
17070|Child_CrossABC2|8: 1862 540 188 83 33 9 4 1 
17071|Child_CrossABC2|8: 1771 544 198 73 35 11 5 1 
17101|Survivor|1: 1675 538 192 68 33 9 4 1 
17119|Survivor|1: 1690 469 191 68 33 9 4 1 
17125|Survivor|1: 1753 539 205 65 31 10 4 1 
17139|Survivor|1: 1701 549 197 71 36 11 5 1 
17167|Child_Cross12|33: 2014 588 199 75 37 14 4 1 
17174|Child_LevyP2|4: 1987 601 206 77 31 14 4 1 
17202|Child_LevyP1|9: 2165 685 211 75 35 12 5 1 
17205|Child_Cross21|30: 2196 711 208 76 35 12 5 1 
17206|Child_Levy|48: 1808 551 193 65 29 10 4 1 
17207|Child_Avg|31: 2121 625 201 73 35 12 5 1 
17216|Survivor|1|Mutated: 2241 625 201 73 35 12 5 1 
17228|Child_Levy|52|Mutated: 1628 488 181 76 30 12 5 1 
17229|Child_Avg|19: 2160 638 197 77 35 12 5 1 
17232|Child_Avg|23: 2512 711 229 90 40 11 5 1 
17233|Child_Cross21|10: 1912 605 192 73 35 12 5 1 
17240|Child_Cross21|38: 1912 605 192 73 35 13 5 1 
17252|Survivor|1: 1841 494 187 66 32 13 4 1 
17255|Child_Cross21|46: 1734 527 193 62 32 13 4 1 
17266|Child_CrossABC1|1: 1763 527 154 72 32 13 4 1 
17278|Child_LevyP1|9: 1805 538 165 72 28 13 4 1 
17307|Child_Cross12|1: 1604 515 207 79 33 9 4 1 
17320|Survivor|1: 1606 542 195 70 33 9 4 1 
17324|Survivor|1: 1537 556 200 71 33 9 4 1 
17333|Child_Cross12|29: 1498 531 197 75 35 11 5 1 
17345|Child_CrossABC1|1: 1531 607 198 73 35 11 5 1 
17430|Child_Cross12|41: 2410 714 206 75 31 14 4 1 
17432|Child_Cross12|13: 2311 776 259 108 35 12 5 1 
17444|Child_Avg|11: 2117 524 199 87 35 11 5 1 
17445|Child_Cross12|21: 1879 528 187 80 35 11 5 1 
17447|Child_Cross21|18: 1908 573 185 78 33 10 3 1 
17449|Child_Avg|59: 2203 613 201 77 35 11 5 1 
17469|Child_CrossABC1|1: 1786 537 189 67 33 9 4 1 
17473|Child_Avg|7: 1778 516 189 67 33 9 4 1 
17492|Child_Avg|59|Mutated: 1814 589 196 62 32 13 4 1 
17522|Survivor|1: 1874 607 211 73 35 11 4 1 
17530|Survivor|1: 2220 590 199 76 34 9 4 1 
17533|Child_Avg|7|Mutated: 2065 602 199 75 33 10 4 1 
17535|Child_Cross12|13: 2094 604 199 73 35 12 5 1 
17540|Child_Avg|55: 1985 533 186 70 32 11 4 1 
17560|Child_LevyP2|10|Mutated: 1803 500 227 65 31 10 4 1 
17563|Child_Avg|15: 1953 584 215 76 35 11 4 1 
17568|Child_Avg|55: 1692 540 182 71 29 10 4 1 
17576|Child_Avg|59: 1814 539 183 66 29 9 4 1 
17626|Survivor|1: 2512 650 242 91 35 12 5 1 
17632|Child_CrossABC1|7: 2528 655 243 89 35 12 5 1 
17633|Child_CrossABC2|2: 2531 651 244 88 35 12 5 1 
17635|Child_Cross21|58: 2210 613 227 85 35 12 5 1 
17636|Child_Avg|43: 2403 690 228 85 35 12 5 1 
17637|Child_CrossABC1|7: 2329 680 233 85 35 12 5 1 
17638|Child_Avg|51: 2159 635 213 78 35 12 5 1 
17639|Child_Cross21|22: 1954 557 220 84 35 12 5 1 
17642|Child_Avg|35: 2359 619 228 77 35 12 5 1 
17643|Child_CrossABC1|1: 2271 665 238 79 35 12 5 1 
17649|Child_Avg|19: 2122 617 223 77 35 13 5 1 
17654|Child_CrossABC2|8: 2262 635 221 73 35 13 5 1 
17656|Child_Cross21|50: 2262 635 221 73 35 12 5 1 
17661|Child_Avg|43: 2239 644 218 73 35 11 5 1 
17666|Child_Cross21|2: 2265 641 220 71 35 11 5 1 
17667|Child_Cross12|45: 2206 641 220 71 35 11 5 1 
17668|Child_CrossABC1|7: 2314 641 220 71 35 11 5 1 
17669|Child_CrossABC2|2: 2232 641 220 71 35 11 5 1 
17670|Child_Cross21|30: 2191 641 220 71 35 11 5 1 
17671|Child_Cross12|33|Mutated: 2270 641 220 71 36 11 5 1 
17673|Child_Cross12|45: 2218 641 220 71 35 11 5 1 
17674|Child_Cross21|54|Mutated: 2177 641 220 71 35 11 5 1 
17675|Child_CrossABC1|1: 2211 641 220 71 35 11 5 1 
17677|Child_Cross12|13: 2225 641 220 71 35 11 5 1 
17678|Child_Cross21|46: 2199 641 220 71 35 11 5 1 
17679|Child_CrossABC1|1: 2192 641 220 71 35 11 5 1 
17680|Child_Cross21|34: 2236 641 220 71 35 13 5 1 
17681|Child_Cross21|30: 2217 641 220 71 35 11 5 1 
17682|Child_Cross21|58: 2211 641 220 71 35 13 5 1 
17683|Child_Cross21|34: 2192 641 220 71 35 13 5 1 
17684|Child_Cross12|45: 2210 641 220 71 35 13 5 1 
17685|Child_Cross21|34: 2217 641 220 71 36 11 5 1 
17686|Child_Cross12|29: 2210 641 220 71 36 11 5 1 
17687|Child_Cross12|29: 2217 641 220 71 35 13 5 1 
17689|Child_CrossABC2|8: 2187 641 220 71 35 11 5 1 
17690|Child_Levy|12|Mutated: 2211 642 219 70 36 13 4 1 
17696|Child_CrossABC1|1: 2239 641 220 71 35 13 5 1 
17697|Child_Avg|31: 2244 641 220 71 35 13 5 1 
17698|Child_Levy|48: 2233 640 219 70 36 13 4 1 
17701|Child_Cross12|45: 2198 641 220 71 35 13 5 1 
17702|Child_Avg|51: 2213 641 220 71 35 13 5 1 
17705|Child_Avg|51: 2204 641 220 71 35 13 5 1 
17707|Child_Avg|55: 2218 641 220 71 35 13 5 1 
17709|Child_Avg|19: 2248 641 220 71 35 13 5 1 
17712|Child_Avg|59: 2225 641 220 71 35 13 5 1 
17713|Child_Avg|27: 2211 641 229 71 35 13 5 1 
17716|Child_Cross12|33: 2220 641 229 71 35 13 5 1 
17719|Child_Cross12|41: 2225 641 236 71 35 13 5 1 
17720|Child_Cross12|17: 2219 641 236 71 35 13 5 1 
17721|Child_Cross21|46: 2224 641 220 71 35 13 5 1 
17723|Child_Cross12|5: 2206 641 227 71 35 13 5 1 
17728|Child_Cross12|49|Mutated: 2206 641 227 77 35 13 5 1 
17737|Child_Cross21|42: 2213 641 224 71 35 13 5 1 
17739|Child_Avg|3: 2217 641 224 71 35 13 5 1 
17744|Child_Cross12|45: 2215 641 224 71 35 13 5 1 
17745|Child_Avg|7: 2220 641 219 71 35 13 5 1 
17751|Child_Avg|55: 2204 641 219 71 35 13 5 1 
17752|Child_Cross21|10: 2222 641 219 71 35 13 5 1 
17753|Child_CrossABC1|1: 2218 641 219 71 35 13 5 1 
17754|Child_Avg|15: 2202 641 219 71 35 13 5 1 
17756|Child_Cross12|21: 2196 641 219 71 35 13 5 1 
17757|Child_Cross12|41: 2189 641 219 71 35 13 5 1 
17758|Child_CrossABC1|7: 2204 656 219 80 35 13 5 1 
17760|Child_CrossABC1|7: 2203 654 219 85 35 13 5 1 
17763|Child_CrossABC2|8: 2203 604 219 85 35 13 5 1 
17780|Child_Cross21|54: 2200 641 219 71 35 13 5 1 
17781|Child_Avg|27: 2207 640 219 78 35 13 5 1 
17782|Child_CrossABC2|2: 2205 641 219 80 35 13 5 1 
17784|Child_CrossABC2|2: 2213 641 219 80 35 13 5 1 
17822|Child_CrossABC2|2: 2219 641 219 80 35 13 5 1 
17825|Child_CrossABC1|7: 2214 641 219 80 35 13 5 1 
17829|Child_Avg|15: 2228 641 219 71 35 13 5 1 
17833|Child_Cross12|21: 2163 641 219 71 35 13 5 1 
17835|Child_CrossABC1|1|Mutated: 2160 628 219 80 35 13 5 1 
17881|Child_Avg|27: 2109 655 213 76 35 12 5 1 
17885|Child_Avg|31: 2069 640 221 77 35 13 5 1 
17886|Child_Avg|39: 2129 660 216 75 35 12 5 1 
17888|Child_CrossABC2|2: 2133 659 216 74 35 12 5 1 
17889|Child_Cross12|53: 2129 660 216 75 35 11 5 1 
17890|Child_Cross12|41: 2137 671 213 75 35 11 5 1 
17893|Child_Cross21|58: 2011 601 218 73 35 12 5 1 
17894|Child_Cross12|9: 2121 655 213 74 35 12 5 1 
17903|Child_LevyP2|4: 2111 658 214 73 36 13 4 1 
17921|Child_Cross21|18: 2111 658 214 73 35 12 5 1 
17931|Child_Avg|35: 1944 610 211 73 35 12 5 1 
17933|Child_CrossABC1|1: 2005 600 206 73 35 12 5 1 
17934|Child_CrossABC2|2: 1886 617 219 76 35 12 5 1 
17935|Child_LevyABC2|12: 2098 625 217 77 36 13 4 1 
17937|Child_Cross21|22: 1977 612 197 73 35 12 5 1 
17938|Child_CrossABC1|7: 1950 622 199 73 35 12 5 1 
17950|Child_Cross21|18: 2049 712 246 73 35 12 5 1 
17956|Child_CrossABC2|2: 1965 668 250 73 35 12 5 1 
17957|Child_Avg|15: 2086 617 212 73 35 12 5 1 
17960|Child_CrossABC1|7: 1932 670 249 73 35 12 5 1 
17964|Child_Cross21|34: 1879 573 201 73 35 12 5 1 
17965|Child_Cross21|22: 1878 639 221 73 35 12 5 1 
17966|Child_CrossABC1|7: 2092 614 221 73 35 12 5 1 
17967|Child_Avg|11: 2069 615 223 73 35 12 5 1 
17971|Child_CrossABC2|8: 2123 615 223 73 35 12 5 1 
17974|Child_CrossABC2|2: 2108 615 223 73 35 12 5 1 
17976|Child_Cross12|1: 2124 615 223 73 35 12 5 1 
17977|Child_CrossABC2|8: 2127 615 223 73 35 12 5 1 
17979|Child_Avg|3: 2082 615 223 73 35 12 5 1 
17980|Child_Avg|47: 2101 615 223 73 35 12 5 1 
17982|Child_Cross21|30: 2136 615 223 73 35 12 5 1 
17983|Child_Avg|51: 2089 615 223 73 35 12 5 1 
17985|Child_CrossABC1|7: 2136 650 223 73 35 12 5 1 
17987|Child_Cross12|49: 2085 615 223 73 35 12 5 1 
17989|Child_Avg|35: 2128 615 223 73 35 12 5 1 
17994|Child_Cross21|50: 2131 615 223 73 35 12 5 1 
17995|Child_Cross21|22: 2104 615 223 73 35 12 5 1 
17997|Child_CrossABC2|2: 2105 615 223 73 35 12 5 1 
18008|Child_Cross21|34: 2151 615 223 73 35 12 5 1 
18014|Child_CrossABC1|7: 2077 615 223 73 35 12 5 1 
18018|Child_Cross21|38: 2101 612 223 73 35 12 5 1 
18019|Child_Avg|27: 2127 615 223 73 35 11 5 1 
18022|Child_Avg|23: 2112 615 223 73 35 12 5 1 
18028|Child_Cross21|46: 2117 615 223 73 35 12 5 1 
18030|Child_Cross12|5: 2113 615 223 73 35 12 5 1 
18031|Child_Avg|7: 2073 615 223 73 35 12 5 1 
18033|Child_Cross12|21: 2108 574 223 73 35 12 5 1 
18034|Child_Cross21|34: 2058 615 223 73 35 12 5 1 
18039|Child_Cross21|50: 2109 615 223 73 35 12 5 1 
18040|Child_Cross12|13: 2108 615 223 73 35 11 5 1 
18050|Child_Cross21|6: 2100 615 223 73 35 12 5 1 
18052|Child_Avg|3: 2108 611 223 73 35 12 5 1 
18053|Child_Cross21|18: 2104 649 223 73 35 12 5 1 
18054|Child_Cross12|33: 2254 615 223 73 35 12 5 1 
18056|Child_Cross12|57: 2092 614 223 73 35 12 5 1 
18058|Child_Cross21|34: 2096 615 223 73 35 12 5 1 
18061|Child_Cross21|30: 2140 615 223 73 35 12 5 1 
18064|Child_Cross12|37: 2222 616 223 73 35 12 5 1 
18065|Child_Cross12|29: 2165 615 223 73 35 12 5 1 
18066|Child_Cross21|10: 2180 614 223 73 35 12 5 1 
18067|Child_Avg|31: 2181 615 223 73 35 12 5 1 
18068|Child_Cross12|17: 2177 615 223 73 35 12 5 1 
18069|Child_Avg|3: 2209 615 223 73 35 12 5 1 
18071|Child_CrossABC2|8: 2181 615 223 87 35 12 5 1 
18085|Child_Cross12|57: 2161 614 223 73 35 12 5 1 
18086|Child_CrossABC2|2: 2143 614 223 73 35 12 5 1 
18087|Child_Cross12|29: 2169 615 223 73 35 12 5 1 
18093|Child_Avg|27: 2155 614 223 73 35 12 5 1 
18094|Child_Cross21|42: 2261 614 223 73 35 12 5 1 
18095|Child_Avg|11: 2159 615 223 73 35 12 5 1 
18096|Child_Cross21|22: 2165 614 223 73 35 12 5 1 
18097|Child_Cross21|26: 2187 616 223 73 35 12 5 1 
18099|Child_Cross12|21: 2159 614 223 73 35 12 5 1 
18101|Child_Cross12|1: 2169 614 223 73 35 12 5 1 
18105|Child_Cross21|58: 2187 614 223 73 35 12 5 1 
18111|Child_Cross21|42: 2195 614 223 73 35 12 5 1 
18115|Child_Cross12|53: 2181 614 223 73 35 12 5 1 
18116|Child_Cross21|18: 2191 614 223 73 35 12 5 1 
18119|Child_Avg|15: 2151 614 223 73 35 12 5 1 
18120|Child_Cross12|21: 2173 614 223 73 35 12 5 1 
18121|Child_Cross21|22: 2162 614 223 73 35 12 5 1 
18123|Child_Cross21|18: 2216 614 223 73 35 12 5 1 
18125|Child_Avg|7: 2214 614 223 73 35 12 5 1 
18126|Child_CrossABC2|8: 2198 614 223 73 35 12 5 1 
18128|Child_Cross12|33: 2264 614 223 73 35 12 5 1 
18135|Child_Cross21|10: 2184 614 223 73 35 12 5 1 
18147|Child_Cross12|5: 2177 614 223 73 35 12 5 1 
18159|Child_Cross12|17: 2176 614 223 73 35 12 5 1 
18167|Child_Cross21|18: 2183 614 223 73 35 12 5 1 
18197|Child_Avg|27: 2107 614 223 73 35 12 5 1 
18205|Child_Cross21|2: 2137 614 223 73 35 12 5 1 
18238|Child_CrossABC2|8: 2216 614 223 73 35 11 5 1 
18267|Child_LevyP2|4: 2208 617 236 70 33 12 5 1 
18275|Child_Avg|59: 1996 545 201 79 31 11 4 1 
18277|Child_CrossABC2|8: 1983 563 204 78 35 12 5 1 
18284|Child_Avg|7: 1849 574 199 77 35 11 5 1 
18285|Survivor|1|Mutated: 1849 574 199 77 35 11 4 1 
18287|Child_Cross21|10: 1779 529 197 74 35 11 5 1 
18288|Child_Cross21|42: 1873 586 198 73 35 11 5 1 
18293|Child_Cross12|53: 1743 561 191 73 35 11 5 1 
18294|Child_Cross21|2: 1801 644 194 73 35 11 5 1 
18295|Child_CrossABC2|8: 1923 598 201 73 35 11 5 1 
18303|Child_CrossABC1|1: 1790 603 192 75 35 11 5 1 
18306|Child_CrossABC2|2: 1722 553 189 80 35 11 5 1 
18312|Child_CrossABC1|7: 1709 546 186 84 35 11 5 1 
18322|Child_Cross21|10: 1922 562 187 67 35 12 5 1 
18325|Child_Cross12|29: 1972 583 203 74 33 10 3 1 
18348|Child_Cross21|18: 2890 760 219 81 36 13 4 1 
18349|Child_Cross21|14: 2631 705 209 81 36 13 4 1 
18357|Child_Cross21|18: 2126 602 199 77 35 11 5 1 
18359|Child_Cross12|9: 1936 590 182 75 35 12 5 1 
18360|Child_Cross12|41: 2126 628 190 77 37 14 4 1 
18362|Child_Cross21|30: 2126 628 190 77 35 11 5 1 
18363|Child_Cross21|26: 1936 590 182 75 35 11 5 1 
18364|Child_Cross12|45: 2126 628 190 77 35 13 5 1 
18368|Survivor|1|Mutated: 2126 628 190 77 35 11 4 1 
18369|Child_Avg|51: 1981 589 181 77 35 11 5 1 
18372|Child_Avg|27: 1812 589 192 75 35 11 5 1 
18376|Child_CrossABC2|8: 1817 591 189 75 35 11 5 1 
18378|Child_CrossABC1|7: 1815 588 193 75 35 11 5 1 
18387|Survivor|1|Mutated: 1985 588 193 75 35 11 5 1 
18400|Child_LevyP1|9: 1820 555 208 76 31 10 4 1 
18413|Child_Avg|47: 2462 692 223 73 35 11 4 1 
18430|Child_CrossABC1|1: 2226 572 221 74 35 11 5 1 
18447|Child_Levy|56: 1860 544 183 83 36 13 4 1 
18453|Child_Cross12|29: 2064 542 216 77 35 13 5 1 
18463|Child_Cross12|5|Mutated: 2063 534 205 74 35 12 5 1 
18473|Child_CrossABC2|8|Mutated: 1965 541 205 73 35 12 5 1 
18478|Child_LevyABC1|5: 1895 550 207 77 36 13 4 1 
18482|Child_Avg|47|Mutated: 1870 525 201 79 32 13 5 1 
18490|Child_LevyP1|3: 1868 587 207 77 31 14 6 1 
18496|Child_LevyP2|10: 2897 766 293 96 31 11 5 1 
18498|Child_Levy|4|Mutated: 2466 705 276 95 35 13 5 1 
18505|Child_Avg|23: 2300 645 235 86 31 10 4 1 
18514|Child_Levy|4: 2059 592 209 83 30 11 5 1 
18516|Child_CrossABC2|8: 1557 521 187 79 31 10 4 1 
18519|Child_Cross12|33: 1833 517 192 80 29 10 4 1 
18520|Child_Cross12|49: 2109 536 219 79 31 10 4 1 
18522|Child_Cross21|2: 1802 563 193 73 29 10 4 1 
18529|Child_Cross12|13: 1754 523 234 67 32 11 4 1 
18531|Child_Cross12|45: 1779 542 201 65 29 10 4 1 
18580|Child_LevyP1|3|Mutated: 2182 618 253 113 39 14 4 1 
18593|Child_Levy|24: 1924 549 223 105 37 14 4 1 
18595|Child_LevyP2|10: 1762 546 223 106 40 12 5 1 
18597|Child_CrossABC1|1: 1908 547 227 96 41 13 4 1 
18598|Child_Avg|51: 2213 588 241 109 41 13 4 1 
18603|Child_Cross12|13: 1866 503 214 88 40 13 4 1 
18604|Child_CrossABC1|7: 2085 605 209 108 42 13 4 1 
18606|Child_Avg|15: 1868 524 208 85 40 12 5 1 
18623|Child_Cross12|37: 1847 533 208 75 40 12 5 1 
18624|Child_Levy|40|Mutated: 2047 532 211 85 35 12 5 1 
18628|Child_CrossABC2|8: 1936 528 204 89 35 12 5 1 
18629|Child_Cross21|26: 1864 529 211 75 35 12 5 1 
18638|Child_Cross21|22: 1727 529 204 73 35 11 4 1 
18639|Child_Cross21|58: 1875 515 212 73 35 12 5 1 
18640|Child_Cross21|30: 1849 529 207 73 35 11 4 1 
18641|Child_Avg|51: 1862 527 207 73 35 11 5 1 
18645|Child_Cross21|38: 1777 529 204 73 35 11 5 1 
18647|Child_CrossABC2|8: 1742 513 205 74 35 12 5 1 
18662|Child_CrossABC1|1: 1744 512 199 77 35 12 5 1 
18663|Child_Avg|3: 1744 510 201 76 35 12 5 1 
18668|Child_Cross12|17: 1726 530 205 74 35 12 5 1 
18669|Child_Levy|56: 1745 518 202 75 35 11 5 1 
18679|Child_Cross21|30: 7439 1849 457 193 75 35 11 5 1 
18689|Child_Cross12|57: 1847 518 202 72 27 10 4 1 
18695|Child_Cross21|34: 1794 556 191 69 27 10 4 1 
18703|Survivor|1|Mutated: 2007 556 191 69 27 10 4 1 
18746|Child_Avg|15: 1850 544 181 79 29 9 4 1 
18756|Child_Cross12|13: 1780 549 198 93 37 10 4 1 
18758|Survivor|1: 1864 571 188 95 35 11 4 1 
18761|Child_Levy|4: 1803 557 184 89 35 11 5 1 
18763|Child_CrossABC2|8: 1906 572 187 89 35 11 5 1 
18768|Child_Levy|56: 1778 549 191 88 36 11 5 1 
18783|Child_Levy|40: 1795 521 174 74 35 12 5 1 
18785|Child_Cross21|2: 1855 537 178 75 35 11 5 1 
18787|Child_Cross12|33: 1702 529 182 71 35 11 5 1 
18792|Child_Avg|43: 1776 531 185 71 35 11 5 1 
18796|Child_Avg|43: 1720 529 182 71 35 11 5 1 
18797|Child_Cross21|34: 1740 525 182 71 35 11 5 1 
18800|Child_Avg|35: 1720 530 182 71 35 11 5 1 
18801|Child_Avg|3: 1721 525 182 71 35 11 5 1 
18803|Child_CrossABC2|2: 1739 523 182 71 35 11 5 1 
18804|Child_Cross21|46: 1739 527 182 71 35 11 5 1 
18805|Child_Cross12|49: 1714 530 182 71 35 11 5 1 
18806|Child_Avg|15: 1708 529 182 71 35 11 5 1 
18807|Child_Avg|35: 1738 528 182 71 35 11 5 1 
18808|Child_Cross12|5: 1729 527 182 71 35 11 5 1 
18809|Child_Avg|55: 1736 527 182 71 35 11 5 1 
18810|Child_Cross12|17: 1745 527 182 71 35 11 5 1 
18811|Child_Cross12|49: 1939 527 182 71 35 11 5 1 
18812|Child_Avg|59: 1835 528 182 71 35 11 5 1 
18814|Child_CrossABC1|1: 1731 527 182 71 35 11 5 1 
18816|Child_Avg|19: 1781 527 182 71 35 11 5 1 
18818|Child_CrossABC1|7: 1798 527 182 71 35 11 5 1 
18819|Child_Cross12|49: 1838 527 182 71 35 11 5 1 
18822|Child_Cross21|22: 1771 527 182 71 35 11 5 1 
18823|Child_CrossABC2|2: 1818 527 182 71 35 11 5 1 
18825|Child_Cross12|9: 1776 527 182 71 35 11 5 1 
18827|Child_Cross12|53: 1807 527 182 71 35 11 5 1 
18828|Child_Cross21|34: 1819 527 182 71 35 11 5 1 
18829|Child_CrossABC1|7: 1852 527 182 71 35 11 5 1 
18832|Child_Cross12|29: 1830 527 182 71 35 11 5 1 
18835|Child_Cross21|30: 1799 527 182 71 35 11 5 1 
18838|Child_Cross12|33: 1802 527 182 71 35 11 5 1 
18841|Child_CrossABC1|7: 1811 527 182 71 35 11 5 1 
18848|Child_Cross12|25: 1790 527 182 71 35 11 5 1 
18849|Child_Cross12|33: 1821 527 182 71 35 11 5 1 
18851|Child_Cross12|9: 1800 527 182 71 35 11 5 1 
18878|Child_Cross12|53|Mutated: 1909 527 217 78 35 11 5 1 
18883|Child_Cross21|42|Mutated: 1808 562 182 85 35 13 5 1 
18890|Child_Cross21|54: 1847 527 182 71 35 11 5 1 
18891|Child_Avg|23: 1826 527 182 71 35 11 5 1 
18899|Child_Cross12|45: 1823 527 182 71 35 11 5 1 
18923|Child_Cross21|38: 1861 527 182 71 35 11 5 1 
18926|Child_Cross12|29: 1837 527 182 71 35 11 5 1 
18927|Child_Cross12|17: 1842 527 182 71 35 11 5 1 
18930|Child_Avg|3: 1828 527 182 71 35 11 5 1 
18953|Child_Cross12|45: 1840 527 182 71 35 11 5 1 
18959|Child_Cross12|41: 1856 527 182 71 35 11 5 1 
18963|Child_CrossABC1|1: 1882 527 182 71 35 11 5 1 
18972|Child_Avg|19: 1866 527 182 71 35 11 5 1 
18976|Child_Avg|43: 1868 527 182 71 35 11 5 1 
18998|Child_Cross12|37|Mutated: 1870 527 182 71 35 11 5 1 
19029|Child_LevyP1|3: 1752 540 194 81 36 11 5 1 
19036|Child_Cross21|30: 1676 519 193 76 36 11 5 1 
19049|Child_Avg|7: 2499 761 244 83 36 13 4 1 
19052|Child_Avg|27: 2234 606 271 82 42 12 5 1 
19059|Child_Levy|4: 1614 486 208 71 32 11 4 1 
19068|Survivor|1: 1604 499 209 73 35 11 4 1 
19069|Survivor|1|Mutated: 1604 499 209 73 35 11 5 1 
19076|Survivor|1: 2119 664 218 75 35 12 5 1 
19082|Child_Avg|31: 1954 630 234 73 35 11 5 1 
19099|Child_CrossABC2|8: 1946 595 225 69 35 11 5 1 
19105|Child_Levy|60: 1841 600 221 67 35 11 5 1 
19108|Child_Avg|43: 1794 547 213 67 32 11 4 1 
19113|Child_Cross12|5: 1830 532 215 65 29 10 4 1 
19123|Survivor|1: 1785 543 212 65 29 10 4 1 
19127|Survivor|1: 1761 539 212 62 29 10 4 1 
19128|Child_CrossABC2|8: 1758 538 214 61 29 10 4 1 
19144|Survivor|1: 1687 527 207 61 29 10 4 1 
19208|Survivor|1: 4384 1051 425 138 62 27 10 4 1 
19243|Random|56: 2881 857 284 107 41 13 4 1 
19244|Child_Cross12|1: 2812 564 222 90 41 13 4 1 
19246|Child_Avg|15: 2338 599 243 93 39 11 4 1 
19253|Survivor|1|Mutated: 2338 599 289 93 39 11 4 1 
19260|Child_Avg|27: 2188 546 224 80 35 11 5 1 
19264|Child_Avg|7: 2453 580 227 80 37 14 4 1 
19269|Child_CrossABC1|1: 2940 619 229 89 30 11 5 1 
19273|Child_Cross21|58: 2048 560 203 75 35 11 5 1 
19274|Child_Cross12|49|Mutated: 1759 481 207 75 29 11 5 1 
19277|Child_LevyP1|9: 1861 688 221 81 32 13 4 1 
19286|Child_Cross21|50: 1810 546 191 72 32 13 4 1 
19287|Child_Cross12|53: 2031 545 194 72 32 13 4 1 
19294|Child_Cross12|53: 2132 560 202 69 31 10 4 1 
19297|Child_Avg|11: 2337 695 207 82 33 14 4 1 
19322|Survivor|1: 2087 676 194 69 33 14 4 1 
19323|Child_CrossABC1|7: 2323 591 202 75 35 11 5 1 
19327|Child_CrossABC2|8: 2259 630 206 75 35 11 5 1 
19355|Survivor|1: 1874 517 179 61 29 9 4 1 
19357|Survivor|1: 1877 520 178 61 29 9 4 1 
19370|Child_Cross21|54: 1877 520 178 61 29 10 4 1 
19387|Survivor|1: 1870 500 182 59 30 11 5 1 
19394|Child_Avg|7: 2751 761 279 106 40 15 4 1 
19399|Child_Cross21|18: 2751 761 279 106 44 15 4 1 
19402|Child_Levy|44: 1865 633 228 84 35 13 6 1 
19404|Child_LevyP2|4: 2955 760 276 102 45 16 5 1 
19406|Survivor|1|Mutated: 2955 790 276 102 45 16 5 1 
19435|Child_Cross12|5: 2538 711 269 86 45 16 5 1 
19438|Child_Levy|4: 2403 695 259 84 40 13 5 1 
19440|Child_LevyP1|9: 2373 693 256 104 39 14 6 1 
19444|Child_Levy|44: 2450 686 261 93 39 14 4 1 
19445|Child_LevyABC2|12: 2165 764 263 94 37 14 6 1 
19455|Child_Avg|39: 2188 692 247 82 37 14 6 1 
19459|Child_Cross12|37: 2346 718 257 80 37 13 5 1 
19461|Child_Cross12|57: 2197 674 240 75 37 14 6 1 
19462|Child_Cross12|1: 2367 662 245 76 35 13 5 1 
19463|Child_Avg|19: 2226 663 242 73 35 11 5 1 
19464|Child_CrossABC2|8: 2504 663 243 78 35 11 5 1 
19466|Child_Avg|7: 2269 666 248 73 36 13 4 1 
19476|Child_Cross21|18: 2284 663 265 71 36 13 4 1 
19478|Child_Cross21|22: 2302 640 244 73 36 13 4 1 
19481|Child_LevyP1|3: 2376 663 252 74 35 12 5 1 
19487|Child_Avg|55: 2327 628 250 73 35 12 5 1 
19494|Child_CrossABC2|2: 2331 651 250 73 35 12 5 1 
19498|Child_CrossABC1|1: 2327 642 247 73 35 13 5 1 
19502|Child_CrossABC1|7: 2263 633 243 72 35 13 5 1 
19506|Child_Avg|39: 2070 570 209 67 35 13 5 1 
19513|Child_LevyP2|10: 1966 695 232 74 35 12 5 1 
19521|Child_Levy|8: 1951 587 214 68 32 13 4 1 
19525|Survivor|1: 1951 587 214 81 31 14 4 1 
19526|Child_CrossABC2|8|Mutated: 1908 537 214 84 31 14 4 1 
19527|Child_CrossABC2|8: 1856 586 214 81 31 14 4 1 
19536|Child_Cross12|57: 2784 608 227 78 31 14 4 1 
19540|Child_CrossABC2|8: 2213 600 221 77 31 14 4 1 
19566|Child_Cross12|41: 1677 544 185 72 32 13 4 1 
19569|Child_Cross12|5: 2043 551 205 67 31 14 4 1 
19572|Child_Avg|39: 1706 543 200 68 31 11 4 1 
19581|Survivor|1|Mutated: 1831 545 199 72 32 13 4 1 
19583|Child_Cross21|50: 1822 541 197 63 31 14 4 1 
19594|Child_Avg|39: 1944 619 217 73 33 9 4 1 
19612|Child_Levy|16: 1972 639 239 82 33 9 4 1 
19621|Child_CrossABC2|8: 2762 721 253 82 36 11 5 1 
19625|Child_Levy|16: 2092 606 211 80 35 11 5 1 
19626|Survivor|1|Mutated: 2092 606 211 80 35 13 6 1 
19627|Child_Cross12|21: 1911 589 226 71 36 11 5 1 
19630|Child_Avg|55: 1856 560 201 77 35 11 5 1 
19642|Child_Levy|12: 1841 586 209 78 35 11 4 1 
19661|Child_Cross12|37: 1827 597 218 71 35 11 5 1 
19662|Child_CrossABC1|7: 1851 599 207 82 35 11 5 1 
19664|Child_Cross21|46: 1825 600 218 71 35 11 5 1 
19665|Child_Cross12|17: 1809 599 218 71 35 11 5 1 
19666|Child_Cross21|6: 1826 600 218 71 35 11 5 1 
19668|Child_Cross12|21: 1809 597 218 71 35 11 5 1 
19670|Child_CrossABC2|2: 1809 599 218 71 35 13 5 1 
19674|Child_Cross21|58: 2116 599 218 71 35 11 5 1 
19675|Child_Cross21|26: 1818 597 218 71 35 11 5 1 
19676|Child_Cross21|30: 1942 599 218 71 35 11 5 1 
19677|Child_Cross12|21: 1808 597 218 71 35 11 5 1 
19678|Child_Cross12|25: 1942 599 218 71 35 13 5 1 
19681|Child_Cross21|2: 1813 597 218 71 35 13 5 1 
19685|Child_Cross21|30: 1809 597 218 71 35 13 5 1 
19686|Child_Cross21|34: 1861 599 218 71 35 11 5 1 
19688|Child_Cross21|22: 1887 599 218 71 35 13 5 1 
19690|Child_Cross12|25: 1875 599 218 71 35 13 5 1 
19691|Child_Cross12|13: 1861 599 218 71 35 13 5 1 
19698|Child_Cross12|45: 1901 599 218 71 35 13 5 1 
19699|Child_Cross21|46|Mutated: 1916 599 218 71 35 13 5 1 
19704|Child_Cross12|29: 1826 597 218 71 35 13 5 1 
19707|Child_Cross21|10: 1864 599 218 71 35 13 5 1 
19710|Child_Cross21|54: 1835 597 218 71 35 13 5 1 
19711|Child_Cross21|10: 1927 597 218 71 35 13 5 1 
19713|Child_Cross12|1: 1830 597 218 71 35 13 5 1 
19715|Child_Avg|7: 1894 597 218 71 35 13 5 1 
19716|Child_Cross12|37: 1906 597 218 71 35 13 5 1 
19717|Child_Cross21|50: 1908 597 218 71 35 13 5 1 
19720|Child_Cross21|26: 1887 597 218 71 35 13 5 1 
19721|Child_Cross12|33: 1913 597 218 71 35 13 5 1 
19722|Child_Cross21|38: 1932 597 218 71 35 13 5 1 
19724|Child_Cross12|13: 1892 597 218 71 35 13 5 1 
19726|Child_Cross21|6: 1859 597 218 71 35 13 5 1 
19728|Child_Cross12|37: 1851 597 218 71 35 13 5 1 
19731|Child_CrossABC2|2: 1873 597 218 71 35 13 5 1 
19732|Child_Cross12|9: 1878 597 218 71 35 13 5 1 
19734|Child_Cross12|9: 1916 597 218 71 35 13 5 1 
19736|Child_Avg|47: 1846 597 218 71 35 13 5 1 
19738|Child_LevyP1|3: 1812 580 220 83 33 14 4 1 
19739|Child_Avg|43: 1897 597 218 71 35 13 5 1 
19752|Child_Cross12|25: 1875 597 218 71 35 13 5 1 
19754|Child_Cross12|33: 2266 597 218 71 35 13 5 1 
19757|Child_Cross21|6: 1889 597 218 71 35 13 5 1 
19759|Child_Cross12|9: 2129 597 218 71 35 13 5 1 
19794|Child_Avg|3: 1883 597 218 71 35 13 5 1 
19798|Child_Cross12|1: 1901 597 218 71 35 13 5 1 
19818|Child_Cross21|22: 1903 597 218 71 35 13 5 1 
19825|Child_Cross12|17: 1911 597 218 71 35 13 5 1 
19827|Child_Avg|15: 1899 597 218 71 35 13 5 1 
19845|Child_Avg|59: 1970 597 218 71 35 13 5 1 
19849|Child_Cross21|2: 1941 597 218 71 35 13 5 1 
19858|Child_Cross21|10: 2254 597 218 71 35 13 5 1 
19860|Child_Avg|51: 2082 597 218 71 35 13 5 1 
19863|Child_Avg|19: 2168 597 218 71 35 13 5 1 
19866|Child_Cross21|42: 2195 597 218 71 35 13 5 1 
19868|Child_Cross12|5: 2083 597 218 71 35 13 5 1 
19872|Child_Cross21|42: 2159 597 218 71 35 13 5 1 
19875|Child_CrossABC2|2: 2131 597 218 71 35 13 5 1 
19878|Child_Cross12|49: 2167 597 218 71 35 13 5 1 
19879|Child_CrossABC2|8: 2247 597 218 71 35 13 5 1 
19880|Child_Cross12|29: 2145 597 218 71 35 13 5 1 
19881|Child_Cross12|45: 2154 597 218 71 35 13 5 1 
19883|Child_Avg|7: 2163 597 218 82 35 13 5 1 
19884|Child_Cross21|50: 2153 597 218 71 35 13 5 1 
19886|Child_CrossABC1|1: 2162 597 218 71 35 13 5 1 
19889|Child_Cross12|21: 2202 597 218 71 35 13 5 1 
19890|Child_CrossABC1|1: 2148 597 218 71 35 13 5 1 
19891|Child_Cross21|10: 2178 597 218 71 35 13 5 1 
19893|Child_Cross21|38: 2093 597 218 71 35 13 5 1 
19898|Child_Cross12|25: 2140 597 218 71 35 13 5 1 
19901|Child_CrossABC2|8: 2186 597 218 71 35 13 5 1 
19903|Child_Avg|19: 2164 597 218 71 35 13 5 1 
19907|Child_Avg|19: 2176 597 218 71 35 13 5 1 
19911|Child_Avg|51: 2172 597 218 71 35 13 5 1 
19921|Child_Cross21|58: 2181 597 218 71 35 13 5 1 
19934|Child_Cross21|58: 2143 597 218 71 35 13 5 1 
19945|Child_Cross12|33: 2173 597 218 71 35 13 5 1 
19950|Child_Cross21|38: 2214 597 218 71 35 13 5 1 
19958|Child_Cross21|22: 2169 597 218 71 35 13 5 1 
19959|Child_Cross12|21: 2187 597 218 71 35 13 5 1 
19995|Child_CrossABC2|8: 2164 634 208 85 35 13 5 1 
20001|Child_Avg|59: 2188 597 218 71 35 13 5 1 
20003|Child_Cross12|45: 2191 597 218 71 35 13 5 1 
20039|Child_CrossABC2|8: 3079 822 288 99 40 13 4 1 
20044|Child_Avg|7: 2125 627 232 85 40 12 5 1 
20050|Child_Cross21|18: 2303 596 234 83 41 11 4 1 
20052|Survivor|1: 2012 574 217 76 42 12 5 1 
20054|Child_Avg|23: 2057 554 223 77 32 11 4 1 
20056|Child_Cross21|54: 2057 554 223 77 35 11 4 1 
20057|Child_Avg|27: 2074 597 230 76 35 11 4 1 
20060|Child_Avg|59: 2191 627 232 75 35 11 4 1 
20063|Survivor|1: 2004 570 208 71 35 11 4 1 
20065|Child_Cross12|53: 1833 526 204 73 35 11 5 1 
20069|Child_Cross21|54: 2081 601 208 71 35 11 5 1 
20080|Child_Avg|7: 2081 601 208 73 35 11 5 1 
20085|Child_Avg|3: 2074 643 208 71 35 11 5 1 
20086|Child_Cross12|33: 2074 643 208 71 35 11 4 1 
20087|Child_Cross12|53: 2074 643 208 71 36 11 5 1 
20090|Child_Cross21|42: 2081 638 208 71 35 11 5 1 
20091|Child_Cross21|18: 2075 607 207 71 35 11 5 1 
20100|Child_Cross12|49: 2081 638 208 71 28 11 4 1 
20101|Child_Cross21|14: 2074 643 208 71 28 11 4 1 
20103|Child_Cross12|21: 2077 601 207 71 35 11 5 1 
20129|Child_CrossABC2|2: 1975 610 208 71 28 11 4 1 
20138|Survivor|1|Mutated: 2059 610 208 71 28 11 4 1 
20149|Child_Avg|55: 1927 558 208 65 28 11 4 1 
20150|Child_Cross21|58: 1822 543 226 65 28 11 4 1 
20163|Child_Cross21|6: 1727 532 211 65 28 11 4 1 
20169|Child_Cross12|13: 1757 483 195 60 28 11 4 1 
20173|Survivor|1: 1741 511 201 61 29 9 4 1 
20181|Child_Cross12|53: 9768 3216 921 363 146 61 29 10 4 1 
20196|Survivor|1: 2119 599 193 85 40 13 4 1 
20198|Child_Cross12|29: 2070 632 194 86 37 14 4 1 
20201|Child_Cross21|10: 1894 562 181 78 37 14 4 1 
20205|Child_Cross12|57: 1894 562 181 78 33 14 4 1 
20220|Child_Avg|27: 1788 561 182 74 32 13 4 1 
20225|Child_Cross12|25: 1846 556 183 73 32 13 4 1 
20226|Child_CrossABC2|8: 1754 559 182 74 32 13 4 1 
20228|Child_CrossABC2|8: 1783 561 182 74 32 13 4 1 
20244|Child_Cross21|50: 1775 571 178 72 32 13 4 1 
20248|Child_Cross12|53: 1796 576 179 69 32 13 4 1 
20251|Child_Cross12|45: 1797 556 175 68 32 13 4 1 
20252|Child_Cross21|54: 1796 547 173 66 32 13 4 1 
20253|Child_Cross21|6: 1837 548 177 68 32 13 4 1 
20254|Child_CrossABC2|2: 1787 563 178 66 32 13 4 1 
20259|Child_CrossABC2|2: 1751 563 178 66 32 13 4 1 
20260|Child_CrossABC2|8: 1757 563 178 66 32 13 4 1 
20263|Child_Cross12|13: 1792 563 174 66 32 13 4 1 
20272|Child_LevyABC1|11: 1963 725 235 78 35 11 4 1 
20304|Child_Cross12|1: 1800 555 179 59 32 13 4 1 
20310|Child_Avg|19|Mutated: 1847 549 198 69 32 13 4 1 
20324|Child_Cross12|49: 1835 551 179 59 32 13 4 1 
20326|Child_Cross21|26: 1829 551 179 59 32 13 4 1 
20332|Child_Cross21|58: 1870 548 179 59 32 13 4 1 
20340|Survivor|1: 1870 548 179 69 32 13 4 1 
20343|Child_Cross21|34: 1794 551 179 59 32 13 4 1 
20350|Child_Avg|55: 1821 551 179 59 32 13 4 1 
20362|Child_Cross12|41: 1809 551 179 59 32 13 4 1 
20374|Child_Cross12|13: 1833 548 179 59 32 13 4 1 
20406|Child_Cross12|25: 1838 546 179 59 32 13 4 1 
20412|Child_Cross21|42: 1842 548 179 59 32 13 4 1 
20413|Child_Avg|43|Mutated: 1836 549 179 69 32 13 4 1 
20433|Child_CrossABC2|2: 1854 555 187 69 32 13 4 1 
20436|Child_Levy|52: 1710 499 188 67 30 11 5 1 
20444|Survivor|1|Mutated: 1710 459 188 67 30 11 5 1 
20459|Child_CrossABC1|7: 1625 505 182 65 29 10 4 1 
20461|Survivor|1: 1623 501 183 62 30 11 5 1 
20464|Child_Cross12|17|Mutated: 1821 492 194 64 29 9 4 1 
20465|Child_Cross21|34: 1629 494 185 64 29 9 4 1 
20468|Child_CrossABC1|7: 1614 494 182 63 29 10 4 1 
20469|Child_Avg|19: 1742 507 184 61 29 9 4 1 
20474|Child_Cross12|45: 1725 511 184 61 29 9 4 1 
20481|Survivor|1: 1783 483 188 61 29 10 4 1 
20507|Child_CrossABC2|8: 1743 483 193 84 29 10 4 1 
20512|Child_Avg|15: 1645 467 183 72 27 10 4 1 
20537|Child_CrossABC1|7: 1628 475 183 72 27 10 4 1 
20550|Child_Cross12|53: 4111 1211 514 163 62 27 10 4 1 
20562|Survivor|1: 1595 482 183 59 27 10 4 1 
20591|Child_CrossABC1|1: 2077 648 232 88 35 11 4 1 
20593|Child_CrossABC1|7|Mutated: 1917 638 250 94 35 13 5 1 
20605|Child_CrossABC1|7: 1905 685 234 90 35 13 5 1 
20606|Child_Cross21|42: 1746 550 221 76 35 13 5 1 
20607|Child_Cross12|17: 1840 507 209 74 35 12 5 1 
20612|Child_Avg|59: 1790 524 210 73 35 11 5 1 
20614|Child_Cross21|50: 1790 524 210 73 36 13 4 1 
20624|Child_CrossABC2|8: 1860 524 210 73 36 13 4 1 
20625|Child_Avg|27: 1832 524 210 73 36 13 4 1 
20628|Child_Avg|55: 1801 524 210 73 36 13 4 1 
20631|Child_Cross12|9: 1805 524 210 73 36 13 4 1 
20634|Child_Cross12|41: 1799 524 210 73 36 13 4 1 
20638|Child_Avg|27: 1798 535 210 73 36 13 4 1 
20639|Child_Cross12|29: 1799 535 210 73 36 13 4 1 
20642|Child_Levy|32: 1800 525 209 74 35 12 5 1 
20653|Child_Cross21|30: 1799 533 210 73 36 13 4 1 
20654|Child_Cross21|42: 1810 524 210 73 36 13 4 1 
20655|Child_Levy|44: 1798 560 209 74 35 12 5 1 
20657|Child_Avg|51: 1803 524 210 73 36 13 4 1 
20658|Child_Levy|4: 1811 525 209 74 35 12 5 1 
20659|Child_Cross21|26: 1808 524 210 73 36 13 4 1 
20660|Child_Avg|47: 1795 533 210 73 36 13 4 1 
20671|Child_Cross21|50: 1828 533 210 73 36 13 4 1 
20675|Child_Cross12|21|Mutated: 1807 524 210 73 36 13 4 1 
20679|Child_Levy|48: 1839 541 209 74 35 12 5 1 
20686|Child_Levy|40: 1806 525 211 74 35 12 5 1 
20694|Child_Cross21|58: 1795 533 199 73 36 13 4 1 
20712|Child_Avg|39: 1807 524 212 73 36 13 4 1 
20718|Child_Levy|24: 1805 525 211 74 35 12 5 1 
20724|Child_Cross12|49: 1795 533 225 73 36 13 4 1 
20734|Child_Avg|27: 1795 551 212 73 36 13 4 1 
20741|Child_Cross21|10: 1878 533 225 73 36 13 4 1 
20743|Child_Avg|7: 1851 536 226 73 36 13 4 1 
20748|Child_Cross12|49: 1823 553 212 73 36 13 4 1 
20762|Child_Levy|36: 1727 546 212 74 35 12 5 1 
20764|Child_Cross21|34: 1823 552 212 73 36 13 4 1 
20767|Child_Cross12|1: 1820 550 211 73 35 12 5 1 
20781|Child_Avg|59: 1829 552 212 73 36 13 4 1 
20783|Child_Avg|3: 1824 553 212 73 36 13 4 1 
20789|Child_Cross12|53: 1845 553 212 73 36 13 4 1 
20790|Child_Avg|11: 1841 552 212 73 36 13 4 1 
20793|Child_CrossABC1|1: 1869 553 212 73 36 13 4 1 
20800|Child_Cross21|10: 1846 553 212 73 36 13 4 1 
20803|Child_Avg|35: 1800 553 212 73 36 13 4 1 
20804|Child_Cross21|38: 1804 553 212 73 36 13 4 1 
20805|Child_Cross21|42: 1821 553 212 73 36 13 4 1 
20807|Child_Cross21|58: 1852 553 212 73 36 13 4 1 
20808|Child_CrossABC1|1: 1814 553 212 73 36 13 4 1 
20809|Child_Cross21|50: 1806 553 212 73 36 13 4 1 
20811|Child_Cross12|49: 1790 553 212 73 36 13 4 1 
20812|Child_Cross21|26: 1853 553 212 73 36 13 4 1 
20817|Child_Cross21|50: 1860 553 212 73 36 13 4 1 
20818|Child_Cross12|45: 1879 553 212 73 36 13 4 1 
20819|Child_Cross21|22: 1817 553 212 73 36 13 4 1 
20820|Child_Avg|59: 1813 553 212 73 36 13 4 1 
20823|Child_Cross21|42: 1796 553 212 73 36 13 4 1 
20824|Child_Cross12|33: 1870 553 212 73 36 13 4 1 
20828|Child_Cross12|57: 1862 553 212 73 36 13 4 1 
20831|Child_Avg|43: 1816 553 212 73 36 13 4 1 
20849|Child_CrossABC1|1: 1863 553 212 73 36 13 4 1 
20850|Child_Cross21|2: 1865 553 212 73 36 13 4 1 
20852|Child_Cross21|2: 1872 553 212 73 36 13 4 1 
20853|Child_Avg|19: 1855 553 212 73 36 13 4 1 
20854|Child_Cross12|37: 1856 553 212 73 36 13 4 1 
20891|Child_Avg|15: 1846 536 208 71 35 11 4 1 
20898|Survivor|1: 2037 536 208 71 35 11 4 1 
20906|Child_Avg|27: 2067 545 227 75 35 11 5 1 
20908|Child_LevyABC1|5: 2091 542 219 75 32 13 4 1 
20912|Child_CrossABC2|8: 2150 584 210 79 32 13 5 1 
20925|Child_Cross12|9: 1841 524 191 67 35 12 5 1 
20934|Child_CrossABC2|2: 1798 515 204 66 28 13 4 1 
20964|Child_Cross12|57: 1798 498 205 69 27 10 4 1 
20966|Child_Avg|59: 1582 445 189 71 29 10 4 1 
20969|Child_Avg|39: 1892 511 189 71 29 10 3 1 
20970|Child_LevyP2|10: 1729 443 190 69 30 11 5 1 
20995|Survivor|1: 1589 547 205 71 32 11 4 1 
21002|Survivor|1: 1648 545 197 68 31 11 4 1 
21005|Child_Avg|55: 1698 534 211 79 31 11 4 1 
21006|Child_Cross12|17: 1715 533 212 79 31 11 4 1 
21009|Child_CrossABC1|7: 1691 533 212 79 31 11 4 1 
21015|Child_LevyP2|10: 1700 498 187 65 28 11 4 1 
21028|Survivor|1: 1775 504 184 61 29 9 4 1 
21029|Child_LevyP1|9: 1762 654 206 89 35 12 5 1 
21034|Child_Cross21|58: 1732 551 194 74 32 13 4 1 
21035|Child_Levy|4: 1687 540 228 89 30 11 5 1 
21056|Child_CrossABC1|1: 1781 527 216 83 30 11 5 1 
21062|Child_Cross21|38: 1490 515 204 70 30 11 5 1 
21068|Random|7: 2318 482 253 104 37 14 4 1 
21071|Child_Cross12|17: 1645 503 191 73 33 9 4 1 
21080|Child_Avg|31: 1547 524 200 65 29 10 4 1 
21082|Child_Cross12|9: 1597 529 197 61 29 10 4 1 
21090|Survivor|1: 1889 514 193 67 35 13 5 1 
21117|Survivor|1: 1771 501 184 64 35 13 5 1 
21125|Child_Levy|40: 2241 669 273 92 36 15 4 1 
21133|Child_Avg|19: 1962 551 221 70 36 13 4 1 
21136|Child_Avg|31: 2261 596 249 82 35 13 5 1 
21141|Child_Cross21|6: 1840 523 229 73 35 12 5 1 
21153|Child_Cross12|1: 1824 517 226 73 35 12 5 1 
21180|Child_CrossABC1|1: 1820 514 226 75 35 12 5 1 
21181|Child_Avg|19: 1815 509 218 65 35 11 5 1 
21182|Child_CrossABC2|8: 1821 516 225 78 35 12 5 1 
21184|Child_CrossABC2|8: 1821 515 221 76 35 11 5 1 
21189|Child_CrossABC2|8: 1821 513 221 76 35 11 5 1 
21198|Child_Levy|44: 1796 531 223 67 33 9 4 1 
21217|Child_Levy|4: 1840 481 201 87 32 13 5 1 
21219|Child_Avg|43: 2004 591 221 107 33 14 4 1 
21222|Child_CrossABC1|1: 1859 590 204 96 33 14 4 1 
21226|Child_CrossABC1|1: 1902 546 199 73 33 14 4 1 
21227|Child_Cross12|29: 2087 502 195 66 32 13 4 1 
21228|Child_Avg|11: 2045 669 242 96 37 14 4 1 
21232|Child_Levy|28: 2066 668 226 81 33 14 4 1 
21237|Child_Levy|24: 2006 571 191 72 32 13 4 1 
21242|Survivor|1: 2005 573 193 71 35 11 5 1 
21246|Child_Avg|27: 1952 541 195 68 32 11 4 1 
21251|Child_CrossABC1|7: 1957 540 197 68 31 11 4 1 
21255|Child_Avg|55: 1874 541 192 69 31 10 4 1 
21257|Child_Avg|55|Mutated: 1965 574 195 76 31 10 4 1 
21262|Child_CrossABC1|7: 1823 551 185 69 31 10 4 1 
21302|Survivor|1: 1645 509 184 61 29 9 4 1 
21310|Survivor|1: 1730 512 209 85 33 9 4 1 
21313|Survivor|1: 1693 509 195 67 33 9 4 1 
21326|Survivor|1: 2222 502 191 76 33 9 4 1 
21331|Child_Cross12|49: 2050 498 197 74 35 12 5 1 
21335|Child_Cross21|46: 1865 484 214 70 29 9 4 1 
21339|Child_Avg|43: 1871 494 195 69 28 11 4 1 
21340|Child_Avg|39: 1793 488 196 68 31 10 4 1 
21356|Child_CrossABC2|8: 1722 485 208 65 27 10 4 1 
21364|Child_Cross21|46: 1797 485 204 62 27 10 4 1 
21365|Child_Cross12|33: 2681 950 350 165 63 27 10 4 1 
21369|Child_Cross12|25: 2802 997 384 171 62 29 10 4 1 
21373|Child_Avg|7: 2637 953 376 162 63 29 10 4 1 
21374|Child_CrossABC2|8: 4004 1102 420 156 61 29 10 4 1 
21377|Child_CrossABC1|1|Mutated: 3806 1102 419 156 61 29 10 4 1 
21381|Child_CrossABC2|2: 4198 1102 419 156 61 29 10 4 1 
21383|Child_CrossABC1|1: 4015 1102 419 156 61 29 10 4 1 
21384|Child_Avg|51: 4075 1102 419 156 61 29 10 4 1 
21385|Child_Avg|39: 4117 1102 419 156 61 29 10 4 1 
21386|Child_CrossABC2|8: 4118 1102 419 156 61 29 10 4 1 
21387|Child_Cross12|33: 4207 1102 419 156 61 29 10 4 1 
21388|Child_Avg|43: 4196 1102 419 156 61 29 10 4 1 
21389|Child_Cross21|14: 3994 1102 419 156 61 29 10 4 1 
21392|Child_Avg|47: 4068 1102 419 156 61 29 10 4 1 
21394|Child_Cross12|13: 4065 1102 419 156 61 29 10 4 1 
21395|Child_Cross21|22: 4006 1102 419 156 61 29 10 4 1 
21396|Child_Cross21|2: 4081 1102 419 156 61 29 10 4 1 
21398|Child_Cross12|21|Mutated: 4105 1102 419 156 61 29 10 4 1 
21399|Child_CrossABC2|2: 4101 1102 419 156 61 29 10 4 1 
21400|Child_Avg|43: 3958 1102 419 156 61 29 10 4 1 
21403|Child_Cross21|46: 3993 1102 419 156 61 29 10 4 1 
21404|Child_Avg|11: 4060 1102 419 156 61 29 10 4 1 
21405|Child_Cross12|25: 4028 1102 419 156 61 29 10 4 1 
21406|Child_Avg|23: 4054 1102 419 156 61 29 10 4 1 
21407|Child_Cross21|2: 4041 1102 419 156 61 29 10 4 1 
21408|Child_Cross21|30: 4079 1102 419 156 61 29 10 4 1 
21409|Child_Cross21|54: 4033 1102 419 156 61 29 10 4 1 
21410|Child_Avg|23: 4053 1102 419 156 61 29 10 4 1 
21412|Child_Avg|7: 4042 1102 419 156 61 29 10 4 1 
21413|Child_Cross12|49: 4019 1102 419 156 61 29 10 4 1 
21415|Child_Cross21|46: 4092 1102 419 156 61 29 10 4 1 
21418|Child_Cross12|1: 4031 1102 419 156 61 29 10 4 1 
21420|Child_Cross12|25: 4055 1102 419 156 61 29 10 4 1 
21421|Child_Avg|15: 4018 1102 419 156 61 29 10 4 1 
21423|Child_Cross12|37: 4030 1102 419 156 61 29 10 4 1 
21428|Child_Cross12|37: 4026 1102 419 156 61 29 10 4 1 
21431|Child_Cross21|10: 4032 1102 419 156 61 29 10 4 1 
21434|Child_Cross21|10: 4059 1102 419 156 61 29 10 4 1 
21438|Child_Avg|31: 4013 1102 419 156 61 29 10 4 1 
21442|Child_Avg|43: 3808 1102 419 156 61 29 10 4 1 
21445|Child_Cross21|50: 4040 1102 419 156 61 29 10 4 1 
21456|Child_Cross21|18: 4005 1102 419 156 61 29 10 4 1 
21457|Child_Avg|19: 4066 1102 419 156 61 29 10 4 1 
21466|Child_CrossABC2|8: 4027 1102 419 156 61 29 10 4 1 
21469|Child_Cross21|42: 4024 1102 419 156 61 29 10 4 1 
21478|Child_Cross12|1: 4043 1102 419 156 61 29 10 4 1 
21498|Child_Cross21|26: 4161 1102 419 156 61 29 10 4 1 
21503|Child_Avg|23: 4021 1102 419 156 61 29 10 4 1 
21505|Child_Cross12|13: 4074 1102 419 156 61 29 10 4 1 
21507|Child_Cross21|58: 4088 1102 419 156 61 29 10 4 1 
21508|Child_Cross12|21: 4007 1102 419 156 61 29 10 4 1 
21509|Child_Avg|15: 4073 1102 419 156 61 29 10 4 1 
21512|Child_Cross12|9: 4080 1102 419 156 61 29 10 4 1 
21517|Child_CrossABC1|7: 4077 1102 419 156 61 29 10 4 1 
21518|Child_Avg|55: 4061 1102 419 156 61 29 10 4 1 
21521|Child_Cross21|54: 4067 1102 419 156 61 29 10 4 1 
21522|Child_Cross21|14: 4089 1102 419 156 61 29 10 4 1 
21525|Child_Cross12|33: 4058 1102 419 156 61 29 10 4 1 
21538|Child_CrossABC1|7: 4056 1102 419 156 61 29 10 4 1 
21539|Child_Cross12|33: 4064 1088 419 156 61 29 10 4 1 
21541|Child_Avg|23: 4062 1102 419 156 61 29 10 4 1 
21569|Child_Cross12|45: 3716 946 384 165 71 28 12 5 1 
21576|Survivor|1: 5930 1396 390 165 71 28 12 5 1 
21590|Child_Avg|15: 2724 731 266 113 32 11 4 1 
21594|Survivor|1: 1843 551 219 98 32 12 5 1 
21599|Child_Levy|12: 2217 586 223 91 32 11 4 1 
21600|Child_Avg|39: 2201 564 228 86 31 10 4 1 
21602|Child_Cross21|54: 2229 559 212 81 30 11 5 1 
21604|Child_Cross12|29: 1673 537 206 86 31 10 4 1 
21605|Child_Cross12|17: 2215 562 234 81 29 10 4 1 
21606|Child_CrossABC1|7: 1910 579 189 80 33 12 5 1 
21612|Child_Cross21|30: 1819 644 233 71 32 11 4 1 
21616|Survivor|1: 1821 547 199 72 32 11 4 1 
21619|Child_Levy|40: 1875 563 195 74 28 13 4 1 
21635|Child_Avg|11: 1848 552 197 65 27 10 4 1 
21636|Child_Cross21|50: 1764 536 191 65 27 10 4 1 
21684|Child_Levy|20: 2160 691 245 93 35 13 5 1 
21689|Child_LevyABC2|12: 2182 733 239 106 33 14 4 1 
21690|Child_Cross21|14: 1866 547 199 77 35 12 5 1 
21695|Child_Cross21|54: 1832 552 204 77 35 12 5 1 
21698|Child_Cross12|5|Mutated: 1847 546 202 76 35 12 5 1 
21704|Child_Avg|59: 1814 546 202 75 35 11 4 1 
21705|Child_Avg|55: 1837 541 204 73 35 11 4 1 
21708|Child_CrossABC1|1: 1769 517 209 73 35 12 5 1 
21710|Child_Cross21|10: 1769 543 201 73 35 11 5 1 
21712|Child_Cross21|26: 1786 535 206 71 36 13 4 1 
21719|Child_Cross12|29|Mutated: 1758 535 207 71 36 13 4 1 
21720|Child_CrossABC2|2: 1776 535 206 71 36 13 4 1 
21721|Child_Cross21|38|Mutated: 2118 632 204 77 36 13 4 1 
21724|Child_CrossABC2|2: 1791 536 206 71 36 13 4 1 
21725|Child_Cross21|38: 1779 535 206 71 36 13 4 1 
21726|Child_Avg|55: 1788 535 206 71 36 13 4 1 
21728|Child_CrossABC1|7: 1796 535 206 71 36 13 4 1 
21729|Child_Avg|23: 1803 535 206 71 36 13 4 1 
21730|Child_Avg|11: 1781 535 206 71 36 13 4 1 
21731|Child_Cross12|41: 1774 535 206 71 36 13 4 1 
21732|Child_Cross21|38: 1789 535 206 71 36 13 4 1 
21745|Child_Cross21|6: 1795 535 206 71 36 13 4 1 
21752|Child_Avg|35: 1769 535 206 71 36 13 4 1 
21754|Child_Cross12|33: 1793 535 206 71 36 13 4 1 
21759|Child_Cross21|10: 1751 535 206 71 36 13 4 1 
21760|Child_CrossABC1|1: 1826 535 206 71 36 13 4 1 
21764|Child_CrossABC1|7: 1800 535 206 71 36 13 4 1 
21769|Child_Cross21|42: 1812 535 206 71 36 13 4 1 
21771|Child_Avg|43: 1819 535 206 71 36 13 4 1 
21772|Child_CrossABC2|8: 1760 535 206 71 36 13 4 1 
21774|Child_Avg|55: 1807 535 206 71 36 13 4 1 
21780|Child_Avg|31: 1814 535 206 71 36 13 4 1 
21792|Child_Avg|59: 1808 535 206 71 36 13 4 1 
21802|Child_CrossABC1|1: 1763 535 206 71 36 13 4 1 
21823|Child_Cross12|41: 1734 531 207 71 36 13 4 1 
21824|Child_Levy|56: 1769 538 208 74 35 11 5 1 
21829|Child_LevyABC2|12|Mutated: 1575 501 223 73 35 11 5 1 
21839|Child_CrossABC1|1: 1575 503 223 73 35 11 5 1 
21841|Child_CrossABC1|7: 1575 504 223 73 35 11 5 1 
21843|Child_CrossABC2|2: 1575 504 223 73 35 12 5 1 
21851|Survivor|1: 1587 496 219 71 33 10 3 1 
21852|Child_Cross12|9: 1587 496 219 71 36 13 4 1 
21855|Child_LevyP1|9: 1571 482 209 73 35 12 5 1 
21862|Survivor|1: 1587 496 219 71 33 10 4 1 
21874|Child_Cross21|34: 1616 502 216 65 33 9 4 1 
21893|Child_Cross12|33: 1588 487 206 64 33 9 4 1 
21899|Child_Cross21|46: 1599 490 208 64 33 9 4 1 
21908|Child_Cross12|41|Mutated: 1597 490 208 64 33 9 4 1 
21910|Survivor|1: 1802 491 208 64 33 9 4 1 
21913|Survivor|1: 1760 489 208 64 33 9 4 1 
21917|Child_Avg|31: 1775 506 208 64 33 9 4 1 
21918|Child_Avg|31: 1752 489 208 64 33 9 4 1 
21920|Survivor|1: 1726 489 208 64 33 9 4 1 
21922|Child_Avg|31: 1775 489 208 64 33 9 4 1 
21924|Child_Cross12|17: 1791 489 208 64 33 9 4 1 
21926|Child_Cross12|49: 1767 489 208 64 33 9 4 1 
21927|Child_Cross21|14: 1758 489 208 64 33 9 4 1 
21930|Child_Cross21|38: 1751 489 208 64 33 9 4 1 
21938|Child_Avg|39: 1761 489 208 64 33 9 4 1 
21940|Child_Cross12|13: 1767 506 208 64 33 9 4 1 
21945|Child_Cross12|21: 1787 551 208 64 33 9 4 1 
21948|Child_Cross21|58: 1857 489 208 64 33 9 4 1 
21952|Child_Cross21|26: 1784 489 208 64 33 9 4 1 
21953|Child_Cross12|37: 1783 489 208 64 33 9 4 1 
21959|Child_Avg|15: 1797 537 208 64 33 9 4 1 
21961|Child_Cross12|33|Mutated: 1777 518 208 64 33 9 4 1 
21962|Child_Cross21|18: 1774 489 208 64 33 9 4 1 
21972|Child_Cross21|2: 1826 535 208 64 33 9 4 1 
21979|Child_CrossABC2|2: 1774 521 208 64 33 9 4 1 
21980|Child_Avg|35: 1801 519 208 64 33 9 4 1 
21984|Child_Cross21|34: 1803 519 208 64 33 9 4 1 
21985|Child_Avg|15: 1818 537 208 64 33 9 4 1 
21987|Child_Cross21|22: 1774 505 208 64 33 9 4 1 
21988|Child_Avg|3: 1823 535 208 64 33 9 4 1 
21993|Child_Cross21|22: 1825 534 208 64 33 9 4 1 
22001|Child_Cross21|34: 1825 535 208 64 33 9 4 1 
22010|Child_Cross21|58: 1840 535 208 64 33 9 4 1 
22012|Child_Cross12|13: 7274 1604 627 205 64 33 9 4 1 
22015|Child_Avg|7: 1864 535 208 64 33 9 4 1 
22019|Child_Cross12|41: 1833 535 208 64 33 9 4 1 
22021|Child_Cross21|46: 1785 534 208 64 33 9 4 1 
22023|Child_Cross12|33: 1777 535 208 64 33 9 4 1 
22025|Child_Avg|7: 1801 535 208 64 33 9 4 1 
22026|Child_Cross21|42: 1865 535 208 64 33 9 4 1 
22028|Child_Avg|7: 1839 535 208 64 33 9 4 1 
22029|Child_Cross12|21: 1825 518 208 64 33 9 4 1 
22030|Child_Cross12|21: 1784 535 208 64 33 9 4 1 
22031|Child_Avg|19: 1817 535 208 64 33 9 4 1 
22034|Child_Avg|7: 1816 535 208 64 33 9 4 1 
22036|Child_Cross12|17: 1832 535 208 64 33 9 4 1 
22037|Child_Cross21|38: 1819 535 208 64 33 9 4 1 
22038|Child_Cross12|45: 1841 535 208 64 33 9 4 1 
22058|Child_CrossABC1|7: 1855 535 208 64 33 9 4 1 
22064|Child_Cross21|58|Mutated: 1810 535 208 64 33 9 4 1 
22066|Child_Cross21|10: 1807 535 208 64 33 9 4 1 
22082|Child_Cross21|14: 1849 535 208 64 33 9 4 1 
22084|Child_Cross12|57: 1800 535 208 64 33 9 4 1 
22085|Random|10: 7398 1893 691 222 94 46 13 4 1 
22089|Child_Avg|39: 1824 535 208 64 33 9 4 1 
22110|Child_Levy|24: 7224 1601 654 214 86 33 15 4 1 
22111|Child_Levy|32: 1852 638 231 101 40 14 5 1 
22128|Child_Avg|15: 1809 617 220 93 40 12 5 1 
22129|Child_LevyABC2|12: 2103 708 232 105 41 13 4 1 
22132|Child_Cross21|26: 1894 637 227 90 37 12 5 1 
22135|Child_Levy|48: 1859 618 223 90 40 12 5 1 
22136|Child_Cross12|9: 1894 637 227 90 41 13 4 1 
22137|Child_Cross21|26: 1864 652 228 81 40 12 5 1 
22145|Child_Cross12|9: 1865 665 205 78 40 12 5 1 
22151|Child_Levy|12: 1848 677 213 77 40 13 5 1 
22152|Child_Avg|7: 1863 689 214 75 41 13 4 1 
22154|Child_Avg|39: 1862 669 212 76 39 11 4 1 
22157|Child_Cross21|30: 1862 669 212 76 35 11 5 1 
22158|Child_Avg|15: 1849 636 211 80 39 11 4 1 
22174|Child_LevyABC2|12: 1844 508 214 97 36 13 4 1 
22177|Child_CrossABC2|2: 1853 550 211 84 36 13 4 1 
22182|Child_LevyABC1|5: 1792 585 214 73 35 12 5 1 
22185|Child_Avg|23: 1806 600 218 71 35 11 5 1 
22186|Child_Levy|12: 2793 789 259 109 36 11 5 1 
22188|Survivor|1|Mutated: 2793 789 310 109 36 11 5 1 
22190|Child_Avg|3: 1791 538 213 80 35 12 5 1 
22192|Child_CrossABC1|1: 2153 648 213 78 35 12 5 1 
22195|Child_CrossABC1|7: 1936 602 206 71 36 11 5 1 
22196|Child_Cross21|18: 2147 654 221 77 37 12 5 1 
22210|Survivor|1: 2128 558 205 67 35 11 4 1 
22211|Child_Cross12|9: 7589 1767 676 187 67 35 11 4 1 
22218|Child_Cross21|26: 2093 568 202 64 35 11 5 1 
22235|Child_Avg|19: 2119 567 201 64 35 11 5 1 
22245|Child_Cross21|14: 1822 537 198 62 35 11 5 1 
22262|Child_Cross12|29: 1844 553 198 62 35 11 5 1 
22269|Child_Cross12|41: 1843 551 201 62 35 11 5 1 
22275|Child_Cross12|37: 1828 541 198 62 35 11 5 1 
22276|Child_Cross21|46: 1833 551 201 62 35 11 5 1 
22282|Child_Cross12|33: 1850 559 201 62 35 11 5 1 
22285|Child_Cross12|25: 1858 559 201 62 35 11 5 1 
22291|Child_Cross21|6|Mutated: 1931 559 201 69 35 13 5 1 
22297|Child_Cross12|53: 1844 559 201 62 35 11 5 1 
22303|Child_Cross12|37: 1838 551 201 62 35 11 5 1 
22304|Child_CrossABC2|8: 1858 551 201 62 35 11 5 1 
22305|Child_Avg|47: 1905 555 201 62 35 11 5 1 
22307|Child_Cross12|33: 1852 544 201 62 35 11 5 1 
22308|Child_CrossABC1|1: 1854 543 201 62 35 11 5 1 
22310|Child_Cross12|49: 1840 551 201 62 35 11 5 1 
22311|Child_Cross21|30: 1850 551 201 62 35 11 5 1 
22319|Child_Cross21|18: 1845 551 201 62 35 11 5 1 
22330|Child_Cross21|30: 1848 551 201 62 35 11 5 1 
22332|Child_Cross21|10: 1863 551 201 62 35 11 5 1 
22338|Child_Cross12|21: 1855 551 201 62 35 11 5 1 
22339|Child_Cross21|42: 1835 551 201 62 35 11 5 1 
22344|Child_Cross21|58: 1830 551 201 62 35 11 5 1 
22354|Child_CrossABC2|2: 2018 551 201 75 35 11 5 1 
22356|Child_CrossABC1|7: 1922 551 201 80 35 11 5 1 
22380|Child_CrossABC2|2: 1984 551 201 89 35 11 5 1 
22385|Child_CrossABC2|8: 1910 551 201 86 35 11 5 1 
22387|Child_Avg|15: 1847 551 201 75 35 11 5 1 
22388|Child_Avg|23: 1846 551 201 75 35 11 5 1 
22394|Child_CrossABC1|1: 1842 551 201 80 35 11 5 1 
22404|Child_CrossABC2|2|Mutated: 1836 551 201 75 35 11 5 1 
22407|Child_CrossABC2|2|Mutated: 1837 551 201 75 35 11 5 1 
22409|Child_CrossABC1|1|Mutated: 1838 551 201 75 35 11 5 1 
22410|Child_CrossABC1|7|Mutated: 1835 551 201 75 35 11 5 1 
22415|Child_CrossABC1|1: 1845 551 201 75 35 11 5 1 
22422|Child_CrossABC1|1: 1841 551 201 75 35 11 5 1 
22432|Child_Cross12|33: 1825 551 201 62 35 11 5 1 
22435|Child_Avg|59: 1841 551 201 62 35 11 5 1 
22441|Child_Cross21|14: 1831 551 201 62 35 11 5 1 
22460|Survivor|1: 6401 1953 630 199 110 37 14 4 1 
22464|Child_Cross12|33: 1866 555 217 71 37 14 4 1 
22468|Child_Cross21|14: 1866 551 217 70 36 13 4 1 
22481|Child_CrossABC2|2: 1907 560 205 68 32 13 4 1 
22502|Child_Avg|23: 2401 641 207 89 32 11 4 1 
22515|Survivor|1: 2291 591 182 80 33 9 4 1 
22524|Child_Levy|20: 1846 557 196 73 30 11 5 1 
22539|Child_Avg|39: 1819 522 189 67 30 9 4 1 
22540|Child_CrossABC2|2: 1821 564 202 67 30 9 4 1 
22561|Child_Cross12|57: 1882 534 196 67 30 9 4 1 
22562|Child_Cross21|22: 1882 534 196 67 30 11 5 1 
22567|Survivor|1: 1855 535 234 65 35 11 5 1 
22575|Child_CrossABC1|7: 2081 474 212 69 28 11 4 1 
22577|Child_CrossABC1|7: 1499 474 212 69 28 11 4 1 
22585|Survivor|1: 1578 445 193 61 29 9 4 1 
22589|Child_Avg|35: 1691 532 196 71 29 10 4 1 
22610|Child_Levy|20: 2454 689 290 96 39 11 4 1 
22612|Child_Levy|8: 2052 588 238 78 35 11 5 1 
22614|Child_Levy|48: 2222 596 268 92 41 11 5 1 
22649|Survivor|1: 1926 592 231 79 35 14 5 1 
22650|Child_CrossABC1|1: 1986 590 233 83 37 12 5 1 
22653|Child_Levy|8: 1848 560 223 75 35 11 4 1 
22655|Child_Avg|23|Mutated: 1917 675 222 85 35 12 5 1 
22682|Child_Avg|43: 2198 664 236 95 33 12 5 1 
22685|Child_Cross12|49|Mutated: 1886 681 226 86 33 12 5 1 
22686|Child_CrossABC2|2: 2143 612 209 86 35 12 5 1 
22689|Child_Cross21|54: 1833 600 214 85 35 12 5 1 
22693|Child_Cross21|18: 1764 631 214 76 35 13 5 1 
22704|Child_Cross12|1: 1843 640 218 73 35 11 5 1 
22705|Child_CrossABC1|7: 1808 630 217 75 35 11 5 1 
22706|Child_Avg|35: 1783 632 213 74 35 12 5 1 
22773|Child_Avg|51: 1845 513 182 68 32 13 4 1 
22779|Child_Levy|52: 1813 577 191 66 32 13 4 1 
22780|Child_Avg|27: 1808 546 183 68 32 13 4 1 
22782|Survivor|1: 1856 584 183 68 31 11 4 1 
22783|Child_Cross21|14|Mutated: 1793 536 182 79 32 13 4 1 
22787|Child_Levy|48: 1800 535 191 79 32 13 4 1 
22803|Child_CrossABC1|7: 1798 509 186 78 32 13 4 1 
22805|Child_LevyP1|3: 1831 543 173 79 31 10 4 1 
22811|Child_Avg|3: 1834 528 175 71 29 10 4 1 
22814|Child_CrossABC2|2: 1813 526 172 70 29 10 4 1 
22820|Child_Levy|20: 1833 535 179 68 30 12 5 1 
22840|Survivor|1: 1852 597 165 69 31 10 4 1 
22841|Child_CrossABC2|8: 1957 634 267 85 32 13 4 1 
22844|Child_CrossABC1|1: 1958 651 268 81 29 14 4 1 
22850|Child_Avg|47: 1868 678 241 96 28 13 4 1 
22853|Child_Levy|44: 2112 702 223 90 27 13 5 1 
22854|Child_Cross12|37: 1914 668 217 74 30 12 5 1 
22863|Child_Avg|31: 1790 625 201 73 35 11 4 1 
22892|Child_Levy|56: 5997 1625 563 232 102 40 13 5 1 
22907|Child_Avg|59: 1749 569 199 72 40 14 5 1 
22908|Child_Avg|15: 1993 569 215 93 40 12 5 1 
22912|Child_Avg|47: 1968 574 200 79 38 11 4 1 
22918|Child_Cross12|1: 1748 544 198 73 35 11 4 1 
22920|Child_CrossABC2|8: 1792 547 194 74 33 9 4 1 
22922|Child_Levy|48: 1831 565 194 71 40 11 5 1 
22923|Child_CrossABC2|8: 1866 547 194 72 32 13 5 1 
22929|Child_CrossABC2|2: 1596 487 180 73 35 11 5 1 
22940|Survivor|1: 2117 683 282 82 39 11 4 1 
22941|Child_Levy|60: 2171 610 204 74 35 12 5 1 
22948|Child_Avg|27: 2081 596 204 74 35 12 5 1 
22949|Child_Avg|43: 2071 596 204 74 35 12 5 1 
22954|Child_Avg|31: 2127 589 204 74 35 12 5 1 
22961|Child_Cross12|21: 2171 557 205 71 35 13 5 1 
22962|Child_Cross21|18: 2162 599 203 74 35 12 5 1 
22963|Child_Cross21|18: 2157 593 205 73 35 13 5 1 
22964|Child_Cross21|42: 1943 601 202 73 35 12 5 1 
22965|Child_Cross21|38: 2141 597 220 73 35 12 5 1 
22967|Child_Avg|55: 2145 601 209 73 35 12 5 1 
22969|Child_Cross21|30: 2124 590 204 73 35 11 5 1 
22970|Child_Cross12|49: 2136 593 204 73 35 11 5 1 
22971|Child_Cross12|41: 2145 596 218 73 35 11 5 1 
22974|Child_Cross12|45: 2133 594 209 73 35 12 5 1 
22977|Child_Cross21|46: 2132 593 212 73 35 12 5 1 
22978|Child_Avg|15: 2133 590 207 73 35 11 5 1 
22979|Child_Cross12|13: 2148 592 217 73 35 11 5 1 
22980|Child_Cross21|38: 2137 594 211 73 35 12 5 1 
22984|Child_Cross21|18: 2143 596 218 73 35 11 5 1 
22986|Child_Cross21|18: 2135 593 212 73 35 12 5 1 
22988|Child_Cross12|41: 2138 594 215 73 35 11 5 1 
22991|Child_Avg|31: 2142 592 215 73 35 11 5 1 
22993|Child_Cross12|1: 2104 594 215 73 35 11 5 1 
22995|Child_Cross21|42: 2155 588 215 73 35 11 5 1 
22996|Child_Cross12|29: 2144 591 215 73 35 11 5 1 
22997|Child_Cross21|30: 2136 591 215 73 35 11 5 1 
23001|Child_Avg|31: 2143 591 215 73 35 11 5 1 
23005|Child_Cross21|34: 2138 592 215 73 35 11 5 1 
23006|Child_Cross21|14: 2147 589 215 73 35 11 5 1 
23007|Child_Cross12|13: 2139 592 215 73 35 11 5 1 
23008|Child_Cross21|18|Mutated: 2148 592 215 73 35 11 5 1 
23010|Child_Avg|15: 2144 592 215 73 35 11 5 1 
23012|Child_Cross12|29: 2140 591 215 73 35 11 5 1 
23019|Child_Cross12|49: 2159 591 215 73 35 11 5 1 
23026|Child_Cross21|26|Mutated: 2146 592 215 73 35 11 5 1 
23049|Child_Cross12|25: 2162 591 215 73 35 11 5 1 
23050|Child_Avg|51: 2124 591 215 73 35 11 5 1 
23051|Child_Cross12|33: 2166 591 215 73 35 11 5 1 
23055|Child_Cross21|18: 2171 591 215 73 35 11 5 1 
23056|Child_Cross21|34: 2189 591 215 73 35 11 5 1 
23057|Child_Cross12|9: 2158 591 215 73 35 11 5 1 
23063|Child_Cross21|58: 2139 591 215 73 35 11 5 1 
23072|Child_LevyP2|4: 8076 1543 522 177 70 30 11 5 1 
23077|Child_Cross21|46|Mutated: 8076 1589 532 177 70 30 11 5 1 
23078|Child_Avg|3: 8076 1526 522 177 70 30 11 5 1 
23079|Child_Cross21|50: 8077 1542 521 176 70 30 11 5 1 
23081|Child_CrossABC2|2: 8076 1502 522 177 70 30 11 5 1 
23084|Child_CrossABC1|7: 8076 1527 522 177 70 30 11 5 1 
23085|Child_Avg|27: 8076 1536 522 177 70 30 11 5 1 
23086|Child_CrossABC1|7: 8076 1550 522 177 70 30 11 5 1 
23088|Child_Cross21|30: 8095 1536 565 176 72 30 11 5 1 
23089|Child_Cross12|25: 8075 1517 523 176 70 30 11 5 1 
23090|Child_Cross12|1: 8076 1530 522 177 70 30 11 5 1 
23093|Child_Avg|51|Mutated: 7942 1510 525 166 70 30 11 5 1 
23094|Child_LevyP1|9: 7968 1566 478 172 71 29 10 4 1 
23097|Child_CrossABC2|2: 7847 1537 494 172 71 29 10 4 1 
23098|Child_Avg|15: 8026 1573 487 169 71 29 10 4 1 
23099|Child_Cross21|38: 7942 1510 525 166 71 29 10 4 1 
23102|Child_Avg|35: 6422 1281 423 167 71 29 10 4 1 
23105|Child_CrossABC1|7: 7948 1495 531 166 71 29 10 4 1 
23113|Child_CrossABC2|8: 7903 1506 543 167 71 28 9 4 1 
23114|Child_Cross21|2: 7929 1465 516 162 71 29 10 4 1 
23117|Child_LevyP2|10: 8052 1296 533 164 70 30 11 5 1 
23123|Child_Cross21|58: 7702 1401 519 157 70 30 11 5 1 
23127|Child_Cross12|17: 7716 1481 513 157 70 30 11 5 1 
23130|Child_Cross12|13: 7819 1382 517 156 70 30 11 5 1 
23132|Child_Avg|59: 7755 1418 517 156 70 30 11 5 1 
23134|Child_Avg|35: 6903 1327 463 154 70 30 11 5 1 
23136|Child_Levy|20: 7518 1411 531 153 70 30 11 5 1 
23138|Child_Avg|59|Mutated: 7000 1335 481 179 70 30 11 5 1 
23148|Child_CrossABC2|2: 6744 1335 433 163 69 30 11 5 1 
23152|Child_Levy|32: 6714 1425 468 167 81 30 11 5 1 
23156|Child_Cross21|14: 6876 1311 472 147 70 33 9 4 1 
23169|Survivor|1|Mutated: 6876 1311 401 147 70 29 9 4 1 
23172|Child_Avg|27: 6637 1280 442 149 73 29 10 4 1 
23177|Child_Cross12|1: 6532 1226 448 138 73 29 10 4 1 
23205|Child_LevyABC2|12: 6776 1241 470 156 86 33 9 4 1 
23215|Child_Cross12|49: 4336 1194 387 149 73 29 10 4 1 
23216|Child_Avg|7: 5597 1106 401 153 75 28 12 5 1 
23221|Child_Cross12|13: 4336 1194 387 149 71 28 12 5 1 
23229|Survivor|1: 2040 634 252 115 33 14 4 1 
23230|Child_Levy|4: 1603 511 198 94 32 13 4 1 
23236|Child_Levy|40: 1929 651 237 82 27 10 4 1 
23254|Survivor|1|Mutated: 2213 651 237 82 27 10 4 1 
23257|Child_Cross21|34: 1924 588 211 75 27 10 4 1 
23274|Survivor|1: 1511 493 185 66 28 11 4 1 
23282|Child_Avg|3|Mutated: 1624 536 185 71 29 10 4 1 
23305|Survivor|1: 1575 499 183 59 30 11 5 1 
23307|Survivor|1: 1603 496 182 59 30 11 5 1 
23316|Child_Cross12|37: 1551 498 182 59 30 11 5 1 
23317|Child_Avg|55: 1594 498 182 59 30 11 5 1 
23324|Child_Cross21|50: 1601 495 182 59 30 11 5 1 
23328|Child_Cross21|46: 1603 498 182 59 30 11 5 1 
23333|Child_Cross21|22: 1549 498 182 59 30 11 5 1 
23340|Survivor|1: 1560 498 182 59 30 11 5 1 
23341|Child_Avg|19: 1555 498 182 59 30 11 5 1 
23342|Child_Cross21|30: 1567 498 182 59 30 11 5 1 
23343|Child_Cross21|30: 1562 498 182 59 30 11 5 1 
23347|Child_Cross12|1: 1578 498 182 59 30 11 5 1 
23359|Child_Cross12|1: 1565 498 182 59 30 11 5 1 
23360|Child_Cross21|38: 1835 498 182 59 30 11 5 1 
23365|Child_Cross21|38: 1544 498 182 59 30 11 5 1 
23370|Child_Cross21|58: 1819 498 182 59 30 11 5 1 
23376|Child_Cross12|17: 1728 498 182 59 30 11 5 1 
23383|Child_Cross21|26: 1749 498 182 59 30 11 5 1 
23386|Child_Cross21|22: 1792 498 182 59 30 11 5 1 
23391|Child_Cross21|34: 1771 498 182 59 30 11 5 1 
23394|Child_Cross12|41: 1808 498 182 59 30 11 5 1 
23397|Child_Cross12|9: 1785 498 182 59 30 11 5 1 
23399|Child_Cross21|18: 1776 498 182 59 30 11 5 1 
23402|Child_CrossABC2|8: 1790 498 182 59 30 11 5 1 
23403|Child_Cross21|54: 1801 498 182 59 30 11 5 1 
23406|Child_Cross21|2: 1797 498 182 59 30 11 5 1 
23407|Child_Cross12|49: 1817 498 182 59 30 11 5 1 
23412|Child_Cross12|53: 1796 498 182 59 30 11 5 1 
23416|Child_Cross12|53: 1787 498 182 59 30 11 5 1 
23431|Child_Cross21|22: 1803 498 182 59 30 11 5 1 
23440|Child_Cross12|13: 1822 498 182 59 30 11 5 1 
23442|Child_Cross12|33: 1806 498 182 59 30 11 5 1 
23460|Child_Cross12|53: 1769 498 182 59 30 11 5 1 
23462|Child_CrossABC2|8: 1780 498 182 59 30 11 5 1 
23473|Child_Avg|55: 1781 498 182 59 30 11 5 1 
23482|Child_Cross12|37: 1849 498 182 59 30 11 5 1 
23491|Child_Cross21|58: 1830 498 182 59 30 11 5 1 
23493|Child_Cross12|25: 1865 498 182 59 30 11 5 1 
23502|Child_Cross21|34: 1812 498 182 59 30 11 5 1 
23518|Child_Avg|31: 1804 496 182 59 30 11 5 1 
23597|Survivor|1|Mutated: 2832 814 307 125 61 24 9 4 1 
23598|Child_Cross21|18: 1867 515 182 59 24 9 4 1 
23600|Child_Cross21|30: 2690 806 304 147 59 24 9 4 1 
23605|Survivor|1: 2832 889 307 125 61 24 9 4 1 
23607|Child_Cross21|6: 2784 808 301 123 61 24 9 4 1 
23620|Child_Levy|52: 2063 592 175 81 29 10 4 1 
23623|Child_Avg|23: 2060 594 187 82 29 10 4 1 
23624|Child_CrossABC2|8: 2054 595 193 82 28 11 4 1 
23628|Child_Levy|8: 2312 916 284 117 45 14 5 1 
23630|Survivor|1: 2027 588 184 76 31 10 4 1 
23631|Child_Cross12|53: 2103 575 182 81 37 14 4 1 
23638|Child_CrossABC1|7: 2093 601 180 85 37 14 4 1 
23642|Child_Levy|16: 1947 483 198 77 35 12 5 1 
23648|Child_Levy|56: 1907 498 191 73 35 12 5 1 
23649|Child_Cross12|5: 1699 498 193 74 35 12 5 1 
23650|Child_CrossABC2|2: 1801 498 193 74 35 12 5 1 
23680|Child_CrossABC2|2: 1810 509 192 82 33 13 4 1 
23683|Survivor|1: 1878 491 188 75 33 10 4 1 
23752|Child_CrossABC1|7: 1769 523 207 73 27 10 4 1 
23755|Child_Cross12|13: 1762 524 228 69 27 10 4 1 
23758|Child_Cross21|2: 3848 973 394 156 69 27 10 4 1 
23765|Survivor|1: 1709 530 213 61 29 10 4 1 
23777|Survivor|1: 1709 530 213 61 29 9 4 1 
23797|Survivor|1: 1708 506 200 61 29 10 4 1 
23808|Survivor|1: 1762 507 213 61 29 10 4 1 
23821|Child_CrossABC1|7: 1940 562 226 67 30 13 5 1 
23832|Survivor|1: 3287 735 288 98 35 18 4 1 
23834|Child_Avg|11: 2878 677 261 83 33 14 4 1 
23836|Child_Levy|48: 1985 596 243 77 29 14 4 1 
23840|Child_CrossABC1|7: 1849 562 233 81 31 14 4 1 
23851|Child_CrossABC2|2: 1860 559 219 79 32 13 4 1 
23860|Child_Levy|20: 1725 482 191 68 30 12 5 1 
23880|Child_CrossABC1|1: 1771 518 209 68 30 12 5 1 
23881|Child_Levy|20: 1999 540 204 77 30 11 5 1 
23891|Child_CrossABC1|7: 2212 525 218 84 30 11 5 1 
23893|Child_Cross21|46: 1728 517 191 69 30 11 5 1 
23916|Child_Avg|23: 2334 678 235 87 33 10 4 1 
23935|Child_Cross21|30: 1542 520 186 71 28 11 4 1 
23946|Child_CrossABC1|7: 1538 520 200 81 28 11 4 1 
23956|Survivor|1: 1738 506 187 63 29 10 4 1 
23963|Survivor|1: 1600 479 175 61 29 10 4 1 
23983|Survivor|1|Mutated: 1797 479 175 61 29 10 4 1 
24039|Child_Avg|27: 2359 766 268 91 35 11 5 1 
24043|Child_Cross12|17: 2001 722 221 88 35 11 5 1 
24045|Survivor|1: 1809 614 173 88 32 13 5 1 
24046|Child_Cross12|25: 1702 489 175 81 30 11 5 1 
24049|Child_Cross12|17: 1956 600 204 77 30 11 5 1 
24056|Child_CrossABC1|7: 1721 577 203 78 30 11 5 1 
24060|Child_Avg|55: 1718 544 198 77 31 10 4 1 
24062|Child_Avg|19: 1740 520 185 72 29 10 4 1 
24097|Survivor|1: 1544 581 282 107 36 13 4 1 
24110|Survivor|1: 1697 503 212 72 32 13 4 1 
24116|Child_Avg|3: 1696 499 206 69 32 13 4 1 
24117|Child_Levy|60: 1628 489 204 69 32 13 4 1 
24122|Child_CrossABC1|7: 1637 490 205 68 32 13 4 1 
24132|Child_LevyP2|10: 1454 493 208 72 30 11 5 1 
24146|Child_Avg|3: 1867 619 207 81 29 10 4 1 
24162|Child_Cross12|33: 2265 630 254 99 42 13 4 1 
24163|Child_LevyABC2|6: 2368 636 260 107 45 13 4 1 
24165|Child_Levy|4: 2179 611 255 103 40 13 4 1 
24183|Child_Levy|28: 2119 615 258 93 37 13 4 1 
24185|Child_CrossABC1|7: 2074 612 261 94 36 13 4 1 
24223|Survivor|1|Mutated: 2193 612 261 94 36 13 4 1 
24229|Child_Cross21|38: 1976 615 232 76 35 12 5 1 
24231|Child_Cross21|26: 1964 555 230 76 35 12 5 1 
24233|Child_Cross21|50: 1964 555 230 76 35 13 5 1 
24234|Child_Avg|47: 2299 775 258 99 36 13 4 1 
24237|Child_Avg|19|Mutated: 2131 665 244 87 36 13 4 1 
24244|Child_CrossABC1|7: 2120 641 238 86 36 13 4 1 
24246|Child_Levy|24: 2095 637 237 85 35 12 5 1 
24247|Child_Cross12|25: 2085 620 242 83 36 13 4 1 
24251|Child_Cross21|18|Mutated: 1908 585 226 76 35 11 5 1 
24253|Child_Levy|56: 2270 597 233 79 32 13 4 1 
24258|Child_Cross21|38: 2020 617 239 73 32 13 4 1 
24265|Child_Cross12|13: 2020 617 239 73 35 11 4 1 
24272|Survivor|1: 1906 567 213 74 32 13 4 1 
24276|Child_Cross12|45: 2096 607 207 74 33 14 4 1 
24284|Child_Avg|3: 2112 690 247 99 42 13 4 1 
24292|Child_Levy|40: 1969 632 214 91 33 10 4 1 
24299|Survivor|1|Mutated: 2074 632 214 91 33 10 4 1 
24304|Child_Levy|16: 1849 594 201 77 35 11 5 1 
24305|Child_Cross12|49: 1853 595 206 71 31 14 4 1 
24312|Child_CrossABC1|1: 1805 543 197 78 31 9 4 1 
24318|Child_Cross12|13: 1867 518 202 69 30 11 5 1 
24322|Child_Avg|55: 1899 593 196 73 29 10 4 1 
24329|Child_CrossABC1|7: 1923 571 198 71 29 10 4 1 
24330|Child_LevyP1|9: 1844 601 194 76 30 11 5 1 
24341|Survivor|1: 1677 535 195 71 28 11 4 1 
24342|Survivor|1|Mutated: 1812 599 195 71 28 11 4 1 
24349|Child_CrossABC1|1: 1524 500 171 75 28 11 4 1 
24365|Child_Cross12|49: 1676 514 188 61 30 11 5 1 
24376|Child_CrossABC2|8: 1743 514 188 61 30 11 5 1 
24383|Survivor|1: 1745 512 188 61 30 11 5 1 
24469|Child_Avg|23: 1702 476 183 65 29 10 4 1 
24476|Child_LevyP2|4: 1699 465 188 67 30 11 5 1 
24477|Child_Cross21|38: 1702 476 183 65 31 10 4 1 
24495|Survivor|1: 1752 476 183 65 31 10 4 1 
24500|Child_LevyABC1|11: 1621 490 199 84 29 10 4 1 
24504|Child_Cross21|34: 1718 485 184 64 29 10 4 1 
24519|Child_Cross12|9: 1717 490 189 62 30 11 5 1 
24536|Survivor|1: 1821 510 183 59 30 11 5 1 
24539|Child_Cross12|45: 2709 624 257 111 32 13 5 1 
24540|Survivor|1|Mutated: 2709 624 236 111 32 13 4 1 
24568|Survivor|1|Mutated: 2601 527 236 111 32 13 4 1 
24570|Child_Avg|3: 2266 535 201 90 40 13 4 1 
24591|Child_Levy|28: 1980 518 181 82 35 11 5 1 
24598|Child_Cross21|30: 1943 539 195 76 35 11 5 1 
24600|Child_Cross21|10: 1943 539 195 76 35 12 5 1 
24611|Child_Avg|19: 1946 532 203 74 35 12 5 1 
24614|Child_Avg|35: 1946 553 203 76 39 11 4 1 
24616|Child_LevyP1|3: 1743 557 197 73 35 12 5 1 
24618|Child_CrossABC1|7: 1784 531 194 79 35 12 5 1 
24623|Child_Avg|11: 1858 519 190 70 36 13 4 1 
24625|Child_Avg|19: 1838 538 193 68 33 10 4 1 
24626|Child_Cross21|10|Mutated: 1797 529 192 77 35 12 5 1 
24634|Child_CrossABC1|7: 1871 540 186 79 35 12 5 1 
24636|Child_Levy|56: 2078 551 203 88 35 11 4 1 
24638|Child_Levy|40|Mutated: 1723 543 194 82 35 11 4 1 
24643|Child_Levy|48: 1810 523 192 77 35 13 5 1 
24652|Child_Cross12|9: 1665 528 182 71 33 9 4 1 
24673|Survivor|1: 1812 517 177 61 33 9 4 1 
24700|Survivor|1: 1780 543 171 63 29 10 4 1 
24730|Survivor|1: 1803 494 198 61 29 9 4 1 
24739|Child_CrossABC2|8: 1883 573 200 103 29 10 4 1 
24740|Child_LevyABC1|5: 1821 571 191 75 28 11 4 1 
24750|Survivor|1: 1627 512 177 69 31 10 4 1 
24753|Child_Cross12|53: 1551 503 185 70 29 11 5 1 
24789|Survivor|1: 1713 537 194 58 30 11 5 1 
24813|Child_Avg|27: 1851 598 203 86 45 16 5 1 
24815|Survivor|1: 1835 618 207 76 36 13 4 1 
24816|Child_Cross12|41: 1893 546 204 82 35 13 5 1 
24818|Child_Avg|35: 1709 555 208 77 35 13 5 1 
24821|Child_Levy|24: 1840 575 233 76 35 13 5 1 
24824|Child_Avg|3: 1746 557 213 77 33 12 5 1 
24825|Child_Cross21|22: 1774 571 221 76 35 13 5 1 
24828|Child_Avg|3: 1742 548 208 74 35 12 5 1 
24830|Child_Avg|51: 1750 554 215 73 35 12 5 1 
24831|Child_Avg|35: 1729 561 208 73 32 13 4 1 
24834|Child_Cross12|9: 1745 549 211 72 32 13 4 1 
24836|Child_CrossABC2|8: 1740 547 213 72 32 13 4 1 
24862|Child_Cross12|29: 1935 615 249 89 35 13 5 1 
24886|Child_CrossABC1|1: 1884 609 218 86 35 13 5 1 
24901|Child_CrossABC1|1: 1858 594 223 80 35 11 5 1 
24908|Survivor|1|Mutated: 1812 594 223 80 35 11 5 1 
24911|Child_Cross21|58: 1875 577 223 78 35 11 5 1 
24912|Child_Levy|52: 1901 576 218 75 33 10 4 1 
24913|Child_CrossABC2|2: 1563 595 202 86 32 13 4 1 
24915|Child_LevyABC2|12: 1782 507 214 72 30 11 5 1 
24937|Child_Avg|19: 1813 537 196 78 32 11 4 1 
24944|Child_CrossABC1|7|Mutated: 1898 565 238 70 29 9 4 1 
24946|Child_Cross12|25: 7143 1272 400 155 70 29 9 4 1 
24948|Child_Cross21|6: 7143 1272 400 155 66 28 12 5 1 
24949|Child_Cross12|57: 1776 505 192 66 29 9 4 1 
24969|Survivor|1: 1548 454 173 60 28 11 4 1 
24994|Child_Avg|11: 1466 533 182 79 27 10 4 1 
24997|Child_Cross12|9|Mutated: 4426 1295 429 164 79 27 10 4 1 
24998|Survivor|1|Mutated: 4426 1295 429 164 69 27 10 4 1 
25017|Child_CrossABC1|1: 4025 1193 419 151 69 27 10 4 1 
25029|Child_Cross12|57: 4096 1176 425 139 69 27 10 4 1 
25035|Child_Cross12|37: 4057 1132 394 132 69 27 10 4 1 
25039|Child_Avg|3: 2407 775 250 79 31 11 4 1 
25040|Child_Avg|55: 1770 584 191 74 29 10 4 1 
25046|Survivor|1: 4156 1188 393 129 73 29 10 4 1 
25061|Survivor|1: 4304 1191 424 129 73 29 10 4 1 
25087|Survivor|1: 4261 1075 359 138 80 24 9 4 1 
25107|Child_Levy|40: 1814 495 235 103 36 14 5 1 
25108|Child_Levy|8: 1783 470 201 93 35 13 5 1 
25112|Child_Cross12|45: 2054 588 221 85 35 13 5 1 
25122|Child_CrossABC2|8: 2057 574 218 84 35 13 5 1 
25125|Child_CrossABC1|7: 2202 529 220 84 35 13 5 1 
25126|Child_CrossABC1|7: 2198 573 213 76 35 12 5 1 
25129|Child_Cross12|37: 2079 541 217 78 35 12 5 1 
25130|Child_Cross21|30: 2150 586 221 78 35 12 5 1 
25133|Child_Avg|39: 2173 577 211 73 35 12 5 1 
25136|Child_CrossABC1|7: 2145 580 211 73 35 12 5 1 
25137|Child_CrossABC1|1: 2143 578 211 73 35 12 5 1 
25142|Child_CrossABC2|2: 2155 577 211 73 35 12 5 1 
25144|Child_Cross21|30: 2173 578 211 73 35 12 5 1 
25145|Child_Cross21|50: 2078 580 211 73 35 12 5 1 
25146|Child_CrossABC1|1: 2131 580 211 73 35 12 5 1 
25147|Child_Cross12|33: 2167 577 211 73 35 12 5 1 
25148|Child_CrossABC1|1: 2116 578 211 73 35 12 5 1 
25149|Child_Cross12|29: 2150 577 211 73 35 12 5 1 
25152|Child_Cross12|21: 2150 575 211 73 35 12 5 1 
25153|Child_Cross21|38: 2132 578 211 73 35 12 5 1 
25155|Child_Cross21|26: 2165 577 211 73 35 12 5 1 
25156|Child_Cross12|45: 2151 577 211 73 35 12 5 1 
25157|Child_Cross12|13: 2123 578 211 73 35 12 5 1 
25159|Child_Avg|7: 2118 578 211 73 35 12 5 1 
25160|Child_Avg|3: 2133 577 211 73 35 12 5 1 
25163|Child_Cross12|29: 2125 578 211 73 35 12 5 1 
25170|Child_Cross21|2: 2108 578 211 73 35 12 5 1 
25171|Child_Cross12|5: 2134 578 211 73 35 12 5 1 
25175|Child_Cross12|21: 2136 580 211 73 35 12 5 1 
25176|Child_Cross12|53: 2133 578 211 73 35 12 5 1 
25178|Child_Cross21|42: 2134 613 211 73 35 12 5 1 
25183|Child_Avg|39: 2115 578 211 73 35 12 5 1 
25186|Child_Cross21|46: 2104 580 211 73 35 12 5 1 
25191|Child_Cross12|25: 2137 613 211 73 35 12 5 1 
25197|Child_Avg|31: 2134 659 211 73 35 12 5 1 
25201|Child_Avg|23: 2129 599 211 73 35 12 5 1 
25202|Child_Cross12|21: 2132 580 211 73 35 12 5 1 
25211|Child_Cross12|33: 2131 583 211 73 35 12 5 1 
25213|Child_Cross12|21: 2184 580 211 73 35 12 5 1 
25215|Child_Cross21|18: 2112 583 211 73 35 12 5 1 
25220|Child_Cross12|37: 2134 583 211 73 35 12 5 1 
25221|Child_Cross21|46: 2138 613 211 73 35 12 5 1 
25225|Child_Cross12|57: 2132 599 211 73 35 12 5 1 
25226|Child_Cross12|25: 2124 585 211 73 35 12 5 1 
25227|Child_Cross21|2: 2142 583 211 73 35 12 5 1 
25229|Child_Avg|7: 2119 583 211 73 35 12 5 1 
25232|Child_Cross21|26: 2140 588 211 73 35 12 5 1 
25234|Child_Cross12|21: 2127 586 211 73 35 12 5 1 
25235|Child_Cross21|22: 2140 591 211 73 35 12 5 1 
25237|Child_Avg|43: 2126 586 211 73 35 12 5 1 
25238|Child_Cross21|14: 2134 588 211 73 35 12 5 1 
25245|Child_Cross12|53: 2131 591 211 73 35 12 5 1 
25247|Child_Avg|35: 2132 586 211 73 35 12 5 1 
25250|Child_CrossABC2|8: 2119 586 211 73 35 12 5 1 
25251|Child_Cross12|41|Mutated: 2123 580 211 73 35 12 5 1 
25253|Child_Cross21|6: 2133 594 211 73 35 12 5 1 
25257|Child_Cross12|13: 2129 586 211 73 35 12 5 1 
25260|Child_Cross12|41: 2134 586 211 73 35 12 5 1 
25266|Child_Cross12|5: 2122 586 211 73 35 12 5 1 
25270|Child_Cross21|42: 2140 586 211 73 35 12 5 1 
25278|Child_CrossABC1|1: 2140 564 211 85 35 12 5 1 
25282|Child_Cross21|10: 2147 586 211 73 35 12 5 1 
25291|Child_Avg|19: 2137 586 211 73 35 12 5 1 
25292|Child_Avg|7: 2139 586 211 73 35 12 5 1 
25297|Child_Cross21|18: 2135 586 211 73 35 12 5 1 
25321|Child_Cross12|37: 8897 1814 537 197 81 32 13 4 1 
25331|Child_Cross21|26: 7474 1779 537 197 81 32 13 4 1 
25334|Child_Cross21|34: 7649 1838 535 193 81 32 13 4 1 
25347|Child_Cross21|34: 7649 1838 535 193 72 32 13 4 1 
25355|Child_Cross21|50: 1812 535 196 67 32 13 4 1 
25359|Child_Cross12|53: 1794 538 196 67 32 13 4 1 
25361|Child_Cross12|21: 1804 537 197 66 32 13 4 1 
25364|Child_Avg|3: 1862 548 193 67 32 13 4 1 
25366|Child_Avg|51: 1874 553 193 67 32 13 4 1 
25370|Child_CrossABC2|2: 1873 556 193 67 32 13 4 1 
25373|Child_Avg|11|Mutated: 1781 554 203 67 32 13 4 1 
25383|Child_CrossABC2|8: 1783 548 199 69 32 13 4 1 
25392|Child_Avg|19: 2129 650 217 75 32 13 4 1 
25412|Child_Avg|55|Mutated: 2104 653 207 82 30 12 5 1 
25424|Child_Avg|47: 1928 593 206 83 30 12 5 1 
25427|Child_CrossABC1|1: 1929 586 208 86 33 14 4 1 
25429|Survivor|1: 1883 570 212 81 30 12 5 1 
25430|Child_CrossABC1|1: 1785 524 199 74 31 14 4 1 
25433|Child_Cross12|21: 2234 581 208 69 30 11 5 1 
25438|Child_Avg|7: 1980 615 209 70 31 11 4 1 
25440|Child_Avg|19: 1864 559 199 67 30 11 5 1 
25442|Survivor|1|Mutated: 1864 559 199 73 30 11 5 1 
25457|Child_CrossABC1|1: 1785 541 200 72 30 11 5 1 
25478|Survivor|1: 1541 559 193 62 30 11 5 1 
25499|Survivor|1: 1752 558 197 68 31 10 4 1 
25502|Child_CrossABC2|8: 1867 578 189 71 33 10 4 1 
25509|Child_Cross21|58: 1876 557 193 67 33 10 4 1 
25551|Child_Cross12|9|Mutated: 1544 472 190 71 29 11 5 1 
25576|Survivor|1: 1548 484 188 61 29 10 4 1 
25581|Survivor|1: 2707 1089 276 98 35 13 5 1 
25585|Child_Avg|43: 1879 681 207 75 35 12 5 1 
25594|Child_Levy|4: 2208 710 231 88 41 13 4 1 
25609|Child_Cross21|50: 2208 710 231 88 37 13 4 1 
25612|Child_LevyP1|3|Mutated: 2045 604 228 89 28 12 5 1 
25624|Child_Avg|15: 1930 620 217 76 30 12 5 1 
25625|Child_Levy|48: 2061 578 220 81 31 14 4 1 
25627|Survivor|1|Mutated: 2061 504 220 81 31 14 4 1 
25628|Child_CrossABC1|1: 2145 584 221 77 31 14 4 1 
25640|Child_Levy|40: 1786 567 205 67 31 14 4 1 
25644|Survivor|1: 1780 514 203 66 25 14 4 1 
25646|Child_Cross12|17: 1841 555 194 67 31 14 4 1 
25651|Child_Levy|32: 1810 549 197 66 28 13 4 1 
25655|Survivor|1: 1799 516 198 63 28 13 4 1 
25656|Child_Cross21|42: 1793 534 198 63 31 14 4 1 
25658|Survivor|1: 1799 516 198 63 31 14 4 1 
25660|Child_Cross12|33: 1792 517 198 63 31 14 4 1 
25661|Child_Cross21|58: 1795 516 198 63 31 14 4 1 
25662|Child_CrossABC1|7: 1790 520 200 63 31 14 4 1 
25664|Child_Cross12|33: 1782 522 196 63 31 14 4 1 
25667|Child_Cross21|42: 1782 522 196 63 29 14 4 1 
25674|Child_LevyP1|3: 1766 541 197 66 30 13 5 1 
25689|Child_CrossABC2|2: 1726 553 202 69 30 11 5 1 
25723|Survivor|1: 1536 529 199 61 24 9 4 1 
25728|Child_Levy|28: 2797 799 375 152 61 24 9 4 1 
25763|Survivor|1: 3648 1004 335 139 79 27 10 4 1 
25777|Child_CrossABC2|8: 3355 904 337 132 63 27 10 4 1 
25780|Child_Cross12|45: 3136 865 337 129 63 27 10 4 1 
25782|Child_CrossABC2|2: 3108 847 337 131 63 27 10 4 1 
25790|Survivor|1: 3202 861 338 129 63 27 10 4 1 
25822|Survivor|1: 2985 820 337 121 59 25 10 4 1 
25828|Child_LevyABC2|12: 2138 589 232 101 33 14 4 1 
25836|Child_Avg|47: 1800 524 203 94 36 13 4 1 
25837|Child_Cross21|34: 2139 589 232 101 33 14 4 1 
25838|Child_Cross21|50: 1693 518 212 83 33 14 4 1 
25843|Child_CrossABC1|7: 1903 515 200 90 37 14 4 1 
25844|Child_Cross21|42: 1922 542 221 80 37 14 4 1 
25845|Child_Cross12|1: 1854 537 231 82 32 13 4 1 
25849|Child_Cross21|26: 1858 549 214 74 36 13 4 1 
25858|Child_Avg|23: 1712 518 217 75 35 12 5 1 
25860|Child_Cross21|42: 1775 575 218 72 32 13 5 1 
25875|Child_Cross12|13: 1764 527 205 68 32 13 4 1 
25880|Child_Avg|11: 1773 535 217 68 32 13 4 1 
25890|Child_LevyP1|3: 2314 616 241 89 29 10 4 1 
25891|Child_Levy|44: 2107 561 220 84 36 13 4 1 
25893|Child_Cross21|6: 1885 532 193 67 32 13 4 1 
25896|Child_Avg|47: 1785 540 207 74 29 10 4 1 
25902|Survivor|1: 1823 529 203 65 31 10 4 1 
25905|Survivor|1: 1790 563 225 66 32 13 4 1 
25918|Survivor|1: 1851 569 213 64 30 11 5 1 
25927|Child_Levy|48|Mutated: 1817 577 216 69 28 12 5 1 
25928|Child_CrossABC1|7: 1801 547 218 66 30 11 5 1 
25942|Child_LevyABC2|6: 1962 571 201 65 28 12 5 1 
25956|Child_Avg|27: 2229 578 212 80 35 11 4 1 
25960|Survivor|1|Mutated: 2300 578 212 80 35 11 4 1 
25962|Child_Cross12|49: 2145 556 215 85 33 9 4 1 
25976|Child_Avg|11: 1926 534 197 71 33 9 4 1 
26023|Child_Avg|3: 1860 636 224 73 27 10 4 1 
26026|Child_LevyP2|10: 1824 521 221 72 27 10 4 1 
26049|Child_Avg|3: 1758 507 185 62 27 10 4 1 
26052|Child_Cross12|25: 1758 507 185 62 29 10 4 1 
26109|Child_Levy|44: 2256 594 215 87 40 12 5 1 
26111|Child_Levy|16: 1927 498 198 95 35 13 5 1 
26122|Child_CrossABC2|8: 1860 502 191 93 35 13 5 1 
26125|Child_Avg|27: 1799 531 189 74 35 12 5 1 
26126|Child_Avg|19: 1850 548 191 79 35 12 5 1 
26128|Survivor|1|Mutated: 1717 548 191 79 35 12 5 1 
26134|Child_CrossABC1|1: 1859 556 188 84 35 11 5 1 
26137|Child_Cross12|53|Mutated: 1816 559 188 73 35 12 5 1 
26143|Child_CrossABC2|2: 1809 567 186 73 35 12 5 1 
26147|Child_CrossABC2|2: 1809 552 188 73 35 12 5 1 
26155|Child_Cross12|5: 1611 562 180 71 37 14 4 1 
26157|Child_CrossABC1|1: 1773 623 247 77 37 14 6 1 
26162|Child_Cross21|22: 1759 555 214 68 35 13 5 1 
26168|Child_Levy|32: 1784 544 197 67 31 14 5 1 
26175|Child_CrossABC2|8: 1773 562 200 64 35 11 5 1 
26185|Survivor|1: 1893 566 197 63 35 11 5 1 
26191|Survivor|1: 1832 562 195 62 35 11 5 1 
26196|Child_Cross21|50: 1802 562 195 62 35 11 5 1 
26198|Child_Avg|47: 1809 562 195 62 35 11 5 1 
26200|Child_Avg|55: 1804 562 195 62 35 11 5 1 
26204|Child_Cross12|17: 1781 562 195 62 35 11 5 1 
26205|Child_Avg|11: 1786 562 195 62 35 11 5 1 
26207|Child_Avg|11: 1790 562 195 62 35 11 5 1 
26214|Child_Cross12|21: 1809 553 195 62 35 11 5 1 
26223|Random|23: 7781 1774 807 258 100 32 11 4 1 
26243|Child_Cross12|9: 1813 562 195 62 35 11 5 1 
26245|Child_Cross21|10: 1822 562 195 62 35 11 5 1 
26248|Child_Cross12|21: 1848 562 195 62 35 11 5 1 
26258|Child_CrossABC1|1: 1839 562 195 62 35 11 5 1 
26270|Child_Cross12|13: 1830 562 195 62 35 11 5 1 
26275|Child_Cross12|57: 1843 562 195 62 35 11 5 1 
26277|Child_Avg|11: 1825 562 195 62 35 11 5 1 
26278|Child_Avg|27: 1829 562 195 62 35 11 5 1 
26289|Child_Cross12|25: 1807 562 195 62 35 11 5 1 
26291|Child_Cross21|10: 1820 562 195 62 35 11 5 1 
26343|Survivor|1: 1813 562 195 62 29 10 4 1 
26345|Child_CrossABC2|8: 1813 562 195 62 27 10 4 1 
26347|Child_Avg|7: 1902 578 187 74 30 12 5 1 
26360|Survivor|1: 1732 505 199 65 30 12 5 1 
26371|Survivor|1: 6397 1403 433 163 65 35 12 5 1 
26376|Child_Cross12|29: 6397 1415 502 163 61 29 9 4 1 
26381|Child_CrossABC2|2|Mutated: 6397 1422 507 161 61 29 9 4 1 
26387|Child_CrossABC1|1: 6396 1390 513 161 61 29 9 4 1 
26389|Child_Cross21|46: 6428 1226 506 155 61 29 9 4 1 
26391|Child_Cross12|53: 5979 1332 473 159 61 29 9 4 1 
26395|Child_Avg|19: 4262 1092 467 166 61 29 9 4 1 
26397|Child_Cross21|38: 6428 1402 506 155 61 29 9 4 1 
26428|Child_CrossABC1|7: 6816 1613 470 195 61 29 9 4 1 
26431|Child_Avg|31: 5706 1204 409 152 61 29 9 4 1 
26432|Child_CrossABC2|8: 4518 1089 423 155 61 29 9 4 1 
26447|Survivor|1: 4326 1028 403 152 61 29 9 4 1 
26448|Child_CrossABC2|8: 4310 1035 409 143 61 29 9 4 1 
26449|Child_CrossABC2|8: 4364 1035 412 141 61 29 9 4 1 
26454|Child_Cross12|41: 4240 1014 394 132 61 29 9 4 1 
26475|Survivor|1: 9561 1680 872 287 108 35 11 4 1 
26486|Child_Cross12|45: 1958 778 239 93 35 11 4 1 
26490|Child_CrossABC1|1: 1958 698 239 93 35 11 4 1 
26492|Child_Cross12|37|Mutated: 1958 584 239 88 32 13 4 1 
26496|Child_CrossABC2|2: 2090 663 208 75 35 11 5 1 
26500|Child_Cross12|1: 1805 611 217 78 30 11 5 1 
26530|Child_Cross21|30: 1954 597 214 71 30 13 5 1 
26560|Child_CrossABC2|2: 1858 646 223 75 29 13 6 1 
26561|Child_LevyABC2|12: 1799 549 210 77 33 14 4 1 
26566|Child_Cross21|42: 1870 542 208 69 33 14 4 1 
26567|Child_CrossABC2|8: 1799 556 210 77 33 14 4 1 
26568|Child_Avg|55: 1885 541 207 74 33 14 4 1 
26573|Child_Avg|55: 1813 531 202 72 32 13 4 1 
26577|Child_Cross21|58: 1803 528 203 68 32 13 4 1 
26578|Child_CrossABC1|1: 1812 485 179 69 32 13 4 1 
26579|Child_Cross12|37: 1849 537 195 66 32 13 4 1 
26587|Survivor|1: 1834 532 192 65 30 12 5 1 
26592|Child_Cross12|9: 1804 525 191 64 30 12 5 1 
26600|Child_CrossABC1|1: 1822 524 191 64 30 12 5 1 
26601|Child_LevyP2|4: 1806 519 191 62 30 11 5 1 
26603|Child_Avg|55: 1808 507 185 64 30 12 5 1 
26615|Survivor|1: 1765 511 202 63 35 12 5 1 
26629|Survivor|1: 1821 513 194 63 35 12 5 1 
26659|Child_CrossABC1|1: 2171 713 200 74 31 14 4 1 
26688|Survivor|1: 1783 529 165 61 29 10 4 1 
26696|Survivor|1: 1858 579 165 70 29 10 4 1 
26705|Survivor|1: 1791 518 167 65 29 10 4 1 
26739|Child_Avg|35: 1855 703 224 91 27 14 4 1 
26750|Survivor|1: 1797 501 168 64 29 9 4 1 
26752|Child_Cross12|57: 1797 501 168 64 29 10 4 1 
26758|Child_Avg|31: 2049 567 226 82 28 11 4 1 
26774|Child_CrossABC1|7: 2159 777 228 78 32 11 4 1 
26791|Child_Avg|55: 2185 677 216 93 37 13 4 1 
26792|Child_Levy|32: 2474 726 247 100 35 11 4 1 
26794|Child_Avg|35: 2210 649 212 86 37 14 4 1 
26795|Child_Cross21|14: 2657 772 230 86 35 11 5 1 
26797|Child_Cross21|58: 1905 537 208 80 37 14 4 1 
26798|Child_CrossABC2|2: 2294 571 238 87 35 11 4 1 
26810|Child_Avg|27: 1817 576 183 73 34 11 4 1 
26815|Child_Levy|28: 1815 558 187 68 36 13 4 1 
26817|Child_Avg|19|Mutated: 1815 575 184 72 33 14 4 1 
26847|Child_CrossABC1|7: 1888 551 189 61 30 11 5 1 
26854|Survivor|1: 1889 552 188 61 29 10 4 1 
26859|Child_Avg|15: 1841 547 187 61 30 11 5 1 
26860|Child_Cross12|13: 1843 547 187 61 30 11 5 1 
26861|Child_Avg|35: 1917 545 187 61 29 10 4 1 
26862|Child_Cross21|42: 1872 545 187 61 29 10 4 1 
26864|Child_Cross21|22: 1799 545 187 61 30 11 5 1 
26867|Child_Cross21|34: 1853 545 187 61 29 10 4 1 
26869|Child_Cross12|41: 1864 544 188 61 29 10 4 1 
26872|Child_Cross21|42: 1898 545 187 61 29 10 4 1 
26874|Child_Cross12|45: 1852 545 187 61 29 10 4 1 
26883|Child_CrossABC2|2: 1856 545 187 61 29 10 4 1 
26886|Child_Cross12|53: 1837 545 187 61 29 10 4 1 
26887|Child_Cross12|1: 1861 578 187 61 29 10 4 1 
26893|Child_Cross21|34: 1849 545 187 61 29 10 4 1 
26894|Child_Cross12|5: 1869 545 187 61 29 10 4 1 
26899|Child_Avg|39: 1866 544 187 61 29 10 4 1 
26903|Child_CrossABC2|2: 1869 544 187 61 29 10 4 1 
26904|Child_Cross21|18: 1868 545 187 61 29 10 4 1 
26905|Child_Cross21|46: 1888 545 187 61 29 10 4 1 
26906|Child_Avg|35: 1876 545 187 61 29 10 4 1 
26911|Child_Cross12|45: 1881 546 187 61 29 10 4 1 
26912|Child_Avg|11: 1864 544 187 61 29 10 4 1 
26919|Child_Avg|11: 1856 544 187 61 29 10 4 1 
26921|Child_Avg|43: 1828 545 175 61 29 10 4 1 
26929|Child_Cross12|49: 1860 545 187 61 29 10 4 1 
26939|Child_Cross21|10: 1844 545 187 61 30 11 5 1 
26941|Child_Cross21|50: 1866 546 187 61 29 10 4 1 
26951|Child_Cross21|30|Mutated: 1864 544 187 61 29 9 4 1 
26955|Child_Cross21|50: 1856 545 187 61 30 11 5 1 
26958|Child_Cross21|42: 1872 545 187 61 30 11 5 1 
26971|Child_Cross21|30: 1872 545 187 61 29 9 4 1 
26988|Child_Cross12|33: 1852 545 187 61 29 9 4 1 
26995|Child_Cross12|29: 1856 545 187 61 29 9 4 1 
27007|Survivor|1: 1860 529 211 61 29 9 4 1 
27030|Child_Levy|40: 1957 629 201 72 27 13 5 1 
27057|Child_Cross21|34|Mutated: 1694 545 179 71 32 11 4 1 
27060|Child_Cross21|18: 1833 569 183 71 32 11 4 1 
27066|Child_Cross21|46: 1833 569 183 71 35 11 5 1 
27075|Child_CrossABC2|2: 1833 569 183 71 24 11 5 1 
27087|Child_CrossABC2|8: 1836 570 186 67 23 10 4 1 
27114|Child_Avg|15: 2259 722 211 86 31 10 4 1 
27130|Child_Avg|39|Mutated: 1899 586 244 75 29 9 4 1 
27149|Child_Avg|55: 1740 547 228 70 29 9 4 1 
27159|Child_CrossABC1|1: 1720 597 227 77 29 9 4 1 
27180|Child_Avg|7: 1557 503 189 82 28 11 4 1 
27181|Child_Avg|11|Mutated: 1804 575 234 82 29 10 4 1 
27182|Child_Cross21|10: 1591 597 227 77 29 9 4 1 
27190|Child_Cross12|41: 1444 535 185 72 29 10 4 1 
27200|Child_LevyABC1|11: 1553 534 210 77 30 11 5 1 
27203|Child_Avg|27|Mutated: 1519 538 207 75 29 11 5 1 
27208|Child_CrossABC2|2: 1601 550 192 69 31 10 4 1 
27224|Child_CrossABC2|2: 1612 554 205 65 27 10 4 1 
27237|Child_Cross12|5: 1655 523 202 64 30 11 5 1 
27265|Child_Cross21|18: 2464 682 240 77 36 13 4 1 
27277|Child_Avg|11|Mutated: 2167 621 229 71 28 11 4 1 
27283|Child_Levy|40: 2015 581 214 69 30 11 5 1 
27287|Survivor|1: 2126 621 229 71 28 11 4 1 
27291|Survivor|1: 2132 601 247 71 28 11 4 1 
27293|Child_Avg|43: 1612 525 195 71 28 11 4 1 
27297|Child_Levy|16: 1757 596 219 69 28 11 4 1 
27325|Survivor|1: 2362 675 254 116 49 13 4 1 
27326|Child_Cross12|13: 2486 713 228 83 43 13 5 1 
27331|Child_Levy|52|Mutated: 2259 617 225 85 38 11 4 1 
27333|Child_LevyP2|4: 2146 595 212 86 35 12 5 1 
27339|Child_Avg|23: 2195 608 221 84 35 11 5 1 
27340|Child_Cross12|57: 1934 592 213 80 35 11 5 1 
27343|Child_Cross21|30: 2164 576 213 76 35 11 5 1 
27345|Child_Cross12|9: 2102 610 216 77 35 12 5 1 
27349|Child_Cross21|14: 2137 570 219 74 35 12 5 1 
27351|Child_CrossABC1|1: 2134 567 221 74 35 12 5 1 
27352|Child_CrossABC2|8: 2132 564 219 74 35 12 5 1 
27356|Child_Cross21|50: 2132 568 219 74 35 12 5 1 
27360|Child_Cross21|30: 2130 568 218 73 35 11 4 1 
27361|Child_Cross21|34: 2124 565 217 73 35 12 5 1 
27362|Child_LevyABC2|12: 2107 567 214 74 36 13 4 1 
27365|Child_Avg|27: 2129 567 218 73 35 11 5 1 
27366|Child_Cross21|30: 2132 568 218 73 35 11 5 1 
27367|Child_Cross12|1: 2128 567 218 73 35 11 5 1 
27368|Child_Cross21|10: 2127 567 218 73 35 11 5 1 
27369|Child_CrossABC2|2: 2125 566 218 73 35 11 5 1 
27370|Child_Cross12|25: 2124 565 217 73 35 11 5 1 
27376|Child_Cross21|46: 1937 565 217 73 35 11 5 1 
27379|Child_Cross21|30: 2126 565 217 73 35 11 5 1 
27380|Child_Avg|47: 2100 565 217 73 35 11 5 1 
27381|Child_Cross21|18: 1837 567 217 73 35 11 5 1 
27383|Child_Cross12|29: 2109 565 217 73 35 11 5 1 
27386|Child_Avg|31: 2108 565 217 73 35 11 5 1 
27387|Child_Cross21|6: 2104 565 217 73 35 11 5 1 
27389|Child_Cross21|14: 2162 565 217 73 35 11 5 1 
27394|Child_Avg|3: 2121 565 217 73 35 11 5 1 
27395|Child_Cross12|45: 1924 565 217 73 35 11 5 1 
27398|Child_Cross12|21: 2156 565 217 73 35 11 5 1 
27400|Child_Avg|19: 2134 565 217 73 35 11 5 1 
27401|Child_Avg|15: 2119 565 217 73 35 11 5 1 
27402|Child_Cross12|33: 2169 565 217 73 35 11 5 1 
27404|Child_Cross12|57: 1897 563 217 73 35 11 5 1 
27407|Child_Cross21|54: 2154 565 217 73 35 11 5 1 
27409|Child_Cross12|33: 2139 565 217 73 35 11 5 1 
27413|Child_Avg|59: 2136 565 217 73 35 11 5 1 
27424|Child_Cross12|49|Mutated: 2122 531 217 86 35 12 5 1 
27427|Child_CrossABC1|1: 2132 565 217 73 35 11 5 1 
27430|Child_CrossABC2|2: 2141 565 217 73 35 11 5 1 
27434|Child_Avg|27: 2138 565 217 73 35 11 5 1 
27438|Child_Cross12|25: 2137 565 217 73 35 11 5 1 
27457|Child_Cross21|14: 2139 560 217 73 35 11 5 1 
27463|Child_Cross12|41: 1859 565 217 73 35 11 5 1 
27467|Child_Cross21|42: 1866 565 217 73 35 11 5 1 
27473|Child_Cross12|13: 2033 565 217 73 35 11 5 1 
27480|Child_Avg|7: 1914 563 217 73 35 11 5 1 
27481|Child_Cross21|46: 1929 562 217 73 35 11 5 1 
27483|Child_Cross21|26: 1831 565 217 73 35 11 5 1 
27484|Child_Cross21|14: 1898 563 217 73 35 11 5 1 
27485|Child_Cross12|57: 1899 563 217 73 35 11 5 1 
27486|Child_Cross21|38: 1849 565 217 73 35 11 5 1 
27492|Child_Avg|43: 1851 565 217 73 35 11 5 1 
27496|Child_Cross12|57: 1847 565 217 73 35 11 5 1 
27501|Child_Cross12|53|Mutated: 2158 565 217 73 35 11 5 1 
27503|Child_Cross21|26: 1907 565 217 73 35 11 5 1 
27508|Child_Cross12|33: 1862 565 217 73 35 11 5 1 
27509|Child_Cross21|10: 1916 563 217 73 35 11 5 1 
27511|Child_Cross12|41: 1844 565 217 73 35 11 5 1 
27515|Child_Cross21|34: 1846 565 217 73 35 11 5 1 
27517|Child_Cross12|25: 1842 565 217 73 35 11 5 1 
27519|Child_Cross12|9: 1857 565 217 73 35 11 5 1 
27523|Child_Cross21|50: 1864 565 217 73 35 11 5 1 
27574|Survivor|1: 1856 598 208 67 35 11 5 1 
27577|Child_Cross21|18: 1829 604 209 67 35 11 5 1 
27582|Child_Cross12|1: 1512 572 197 65 31 10 4 1 
27587|Child_Cross12|37: 1829 615 211 63 35 12 5 1 
27588|Child_Cross12|41: 1512 572 197 65 27 10 4 1 
27590|Child_Cross21|58: 1779 614 206 64 35 11 5 1 
27593|Child_LevyABC1|11|Mutated: 1466 591 199 75 35 12 5 1 
27603|Child_Avg|47: 2747 835 241 91 37 12 5 1 
27606|Child_Avg|7: 1686 590 208 89 35 11 5 1 
27609|Child_Cross12|17: 1998 673 231 82 37 12 5 1 
27614|Survivor|1: 1811 511 222 76 34 11 5 1 
27621|Child_Avg|3: 1952 552 215 68 33 9 4 1 
27664|Child_Levy|24: 1788 513 189 71 29 10 3 1 
27665|Child_Cross12|17: 2067 547 222 79 31 10 4 1 
27671|Child_Cross21|14: 2069 602 219 79 31 10 3 1 
27673|Child_Cross12|21: 2069 602 219 79 32 13 4 1 
27694|Child_CrossABC2|8: 1666 591 212 79 32 13 4 1 
27697|Child_Avg|11: 1867 593 194 71 32 11 4 1 
27701|Child_Cross12|17: 1720 596 203 69 33 14 4 1 
27713|Child_CrossABC1|1: 1846 540 215 96 33 14 6 1 
27718|Child_Levy|56: 1807 498 237 81 41 13 4 1 
27724|Child_Avg|43: 1891 519 213 73 36 13 4 1 
27730|Survivor|1: 1899 542 198 76 39 11 4 1 
27734|Child_CrossABC1|7: 1572 560 223 79 33 9 4 1 
27754|Survivor|1|Mutated: 1692 560 208 79 33 9 4 1 
27763|Child_Avg|47: 1847 529 206 75 31 10 4 1 
27774|Survivor|1: 1757 506 182 67 33 9 4 1 
27779|Child_Avg|31: 2326 652 229 89 33 13 4 1 
27783|Child_LevyP2|10: 2433 646 237 90 35 12 5 1 
27784|Child_Avg|3: 2265 578 240 87 35 12 5 1 
27785|Child_Cross12|53: 2305 657 228 86 35 12 5 1 
27786|Child_CrossABC1|7: 2279 589 237 86 35 13 5 1 
27804|Child_CrossABC2|2: 2214 611 224 74 35 12 5 1 
27805|Child_CrossABC2|8: 2213 599 221 74 35 12 5 1 
27820|Child_Cross12|25: 1927 533 211 62 35 12 5 1 
27822|Child_Avg|47: 1846 527 212 64 35 11 5 1 
27829|Child_CrossABC1|7: 1867 531 211 62 35 11 5 1 
27843|Child_Cross12|29: 1872 531 211 62 35 11 5 1 
27845|Child_Cross12|25: 1875 531 211 62 35 11 5 1 
27846|Child_Avg|19: 1881 533 211 62 35 11 5 1 
27850|Child_Cross12|5: 1905 566 211 62 35 11 5 1 
27860|Child_Cross12|9: 1870 531 211 62 35 11 5 1 
27861|Child_Cross21|18: 1877 533 211 62 35 11 5 1 
27862|Child_Cross21|50|Mutated: 1881 533 211 62 30 11 5 1 
27866|Survivor|1: 1891 549 211 62 35 11 5 1 
27877|Child_Cross12|13: 1894 549 211 62 35 11 5 1 
27879|Child_Cross21|2: 1905 566 211 62 35 12 5 1 
27888|Child_Avg|23|Mutated: 1884 549 211 62 35 11 5 1 
27889|Child_Cross21|34: 1885 541 211 62 35 12 5 1 
27891|Survivor|1: 1884 549 211 62 35 12 5 1 
27896|Child_CrossABC2|2: 1881 549 211 62 35 11 5 1 
27898|Child_Avg|15: 1810 541 211 62 35 11 5 1 
27904|Child_Cross21|34: 1870 541 211 62 35 12 5 1 
27913|Survivor|1: 1870 541 211 62 35 11 5 1 
27915|Child_Cross12|41: 1795 549 211 62 35 12 5 1 
27919|Child_Cross12|9: 1885 541 211 62 35 11 5 1 
27921|Child_Cross21|58: 1881 549 211 62 35 12 5 1 
27940|Child_Avg|43|Mutated: 1879 549 211 62 35 11 5 1 
27944|Child_Cross21|2: 1875 549 211 62 35 12 5 1 
27946|Child_Cross21|46: 1873 543 211 62 35 12 5 1 
27948|Child_Cross21|10: 1875 549 211 62 35 11 5 1 
27956|Child_Cross21|22: 1878 549 211 62 35 12 5 1 
27959|Child_Cross12|33: 1882 549 211 62 35 12 5 1 
27971|Child_Cross21|38: 1822 549 211 62 35 11 5 1 
27975|Child_Cross21|14: 1850 549 211 62 35 12 5 1 
27978|Child_Cross12|25: 1822 549 211 62 35 12 5 1 
27979|Child_Avg|11: 1829 549 211 62 35 11 5 1 
27980|Child_Cross12|1: 1819 549 211 62 35 11 5 1 
27985|Child_Avg|35: 1850 549 211 62 35 11 5 1 
27986|Child_Cross21|34: 1835 549 211 62 35 11 5 1 
27994|Child_Cross21|14: 1835 549 211 62 35 12 5 1 
27995|Child_Cross12|45: 1834 549 211 62 35 11 5 1 
27997|Child_CrossABC2|2|Mutated: 1818 549 211 74 35 12 5 1 
28004|Child_CrossABC1|7: 1830 549 211 80 35 11 5 1 
28005|Survivor|1|Mutated: 1830 549 211 80 35 11 4 1 
28015|Child_CrossABC2|2: 1836 549 211 86 35 11 5 1 
28027|Child_CrossABC2|8: 1835 549 211 86 35 11 5 1 
28028|Child_CrossABC2|2: 1832 549 211 86 35 11 5 1 
28030|Child_CrossABC2|8: 1828 549 211 86 35 11 5 1 
28032|Child_CrossABC2|8: 1834 549 211 86 35 11 5 1 
28036|Child_CrossABC2|2: 1826 549 211 86 35 11 5 1 
28056|Survivor|1|Mutated: 1826 549 213 86 35 11 5 1 
28062|Child_CrossABC1|7: 1821 549 214 84 35 11 5 1 
28071|Child_Avg|3: 1824 549 211 64 35 11 5 1 
28072|Child_Avg|43: 1797 549 211 62 35 11 5 1 
28087|Child_Cross12|53: 1797 549 211 62 35 12 5 1 
28092|Child_Avg|39: 1800 549 211 62 35 11 5 1 
28093|Child_LevyABC2|6: 1797 544 202 76 33 9 4 1 
28098|Child_Cross12|33: 1810 549 211 62 35 12 5 1 
28105|Child_Avg|7: 1798 549 211 62 35 11 5 1 
28110|Child_Cross21|18: 1804 549 211 62 35 11 5 1 
28111|Child_Cross21|14|Mutated: 1800 549 211 62 35 12 5 1 
28112|Child_Cross12|57: 1798 549 211 62 35 12 5 1 
28155|Child_Cross21|18: 1797 544 212 62 35 11 5 1 
28164|Child_LevyP1|3: 1887 572 219 70 36 13 4 1 
28174|Child_Cross12|17: 1819 549 211 62 35 12 5 1 
28184|Child_Cross21|58: 1794 549 211 62 35 11 5 1 
28220|Child_Avg|19|Mutated: 1797 549 211 72 35 12 5 1 
28225|Child_Cross21|30: 1832 549 211 62 35 12 5 1 
28238|Child_Cross12|37: 1832 549 211 62 35 11 5 1 
28263|Child_Avg|43|Mutated: 1827 478 211 73 35 11 5 1 
28294|Child_Cross12|25: 1829 549 211 62 35 12 5 1 
28295|Child_Cross21|50: 1810 549 211 62 35 11 5 1 
28309|Child_Cross12|25: 1825 549 211 62 35 12 5 1 
28311|Child_Cross12|25: 1826 549 211 62 35 11 5 1 
28338|Child_Avg|47: 1819 504 211 66 35 12 5 1 
28346|Child_Avg|23: 1814 526 211 64 35 11 5 1 
28348|Child_Cross21|22: 1826 549 211 62 35 12 5 1 
28349|Child_Cross12|9: 1795 549 211 62 35 11 5 1 
28368|Child_Cross21|14: 1844 549 211 62 35 12 5 1 
28390|Child_CrossABC2|8: 1842 549 211 78 35 11 5 1 
28392|Child_CrossABC1|1: 1841 549 211 86 35 11 5 1 
28405|Child_CrossABC2|8: 1827 549 211 108 35 11 5 1 
28409|Child_Cross21|30: 1859 549 211 62 35 11 5 1 
28414|Child_Cross21|38: 1832 527 212 62 35 11 5 1 
28420|Child_Cross12|45: 1844 549 211 62 35 11 5 1 
28441|Child_Cross21|30: 1770 549 211 62 35 11 5 1 
28446|Child_Avg|19: 1834 549 211 62 35 12 5 1 
28459|Child_Cross12|5: 1862 549 211 62 35 12 5 1 
28461|Child_Avg|35: 1825 549 211 62 35 11 5 1 
28467|Child_Avg|19: 1857 549 211 62 35 11 5 1 
28469|Child_Cross21|18: 1856 549 211 62 35 12 5 1 
28471|Child_Cross21|18: 1897 549 211 62 35 11 5 1 
28473|Child_Cross12|45: 1859 549 211 62 35 12 5 1 
28499|Child_Cross21|22: 1854 549 211 62 35 11 5 1 
28511|Child_Cross21|50: 1828 549 211 62 35 12 5 1 
28552|Child_Avg|51: 1834 539 211 67 35 12 5 1 
28555|Child_Cross21|6|Mutated: 1833 549 211 73 41 11 5 1 
28574|Child_Cross21|6: 1831 549 211 62 35 12 5 1 
28604|Child_Avg|31: 1831 533 211 62 35 11 5 1 
28606|Child_Cross21|30|Mutated: 1831 549 211 75 35 11 5 1 
28609|Survivor|1|Mutated: 1831 549 211 76 35 11 5 1 
28618|Child_Cross12|9: 1831 549 211 80 35 11 5 1 
28619|Child_Avg|55: 1828 549 211 80 35 11 5 1 
28622|Child_CrossABC1|7: 1834 549 211 80 35 11 5 1 
28643|Child_CrossABC2|2: 1829 549 211 97 35 11 5 1 
28647|Child_CrossABC2|8: 1829 568 211 97 35 11 5 1 
28650|Survivor|1|Mutated: 1829 568 211 97 35 12 5 1 
28664|Child_Levy|24: 1809 528 210 76 33 12 5 1 
28680|Child_CrossABC2|8: 1854 549 211 62 35 12 5 1 
28689|Child_LevyABC2|12: 1839 500 212 81 33 14 4 1 
28712|Child_CrossABC2|8: 1838 549 211 75 35 11 5 1 
28738|Child_Cross21|14|Mutated: 1832 549 224 75 35 12 5 1 
28751|Child_Avg|11: 1853 549 211 62 35 12 5 1 
28772|Child_CrossABC2|8: 1832 549 211 80 35 12 5 1 
28777|Child_CrossABC2|2: 1832 558 214 78 35 12 5 1 
28802|Child_Cross21|42|Mutated: 1926 549 211 72 35 13 5 1 
28809|Child_Cross21|22|Mutated: 1834 580 211 68 35 12 5 1 
28811|Child_Avg|47: 1833 564 211 65 35 11 5 1 
28819|Child_Avg|43|Mutated: 1888 549 202 76 35 11 5 1 
28835|Child_Cross21|58: 1676 591 258 80 35 13 5 1 
28844|Child_Levy|12: 1956 627 281 93 35 13 6 1 
28847|Child_Avg|59: 1835 580 242 80 35 13 6 1 
28848|Child_CrossABC2|8|Mutated: 1504 544 201 76 35 13 5 1 
28889|Survivor|1|Mutated: 1701 544 201 80 35 13 5 1 
28893|Child_CrossABC1|7: 1739 504 205 85 32 13 4 1 
28902|Child_Avg|31: 1705 527 202 75 32 13 4 1 
28924|Child_CrossABC2|2|Mutated: 1542 519 194 71 29 10 4 1 
28925|Child_Avg|39: 1659 515 198 73 30 11 5 1 
28926|Child_Cross21|22: 1660 514 199 72 30 11 5 1 
28927|Child_CrossABC2|8: 1978 552 242 77 28 13 4 1 
28928|Child_CrossABC2|2: 1604 515 202 72 30 11 5 1 
28939|Survivor|1: 1603 489 195 67 30 11 5 1 
28948|Child_Cross12|45: 1607 521 191 63 29 10 4 1 
28958|Child_Cross21|46: 1723 502 204 61 29 9 4 1 
28984|Child_CrossABC2|8: 1739 520 184 66 29 9 4 1 
29044|Child_CrossABC1|7: 1665 612 205 78 33 10 4 1 
29062|Survivor|1: 2273 644 200 90 37 12 5 1 
29072|Child_LevyP2|4: 2335 643 197 91 35 11 4 1 
29080|Child_Avg|15: 2055 601 188 80 35 11 5 1 
29084|Child_Levy|40|Mutated: 2211 616 210 76 33 9 4 1 
29091|Child_Cross21|14: 2278 629 229 77 33 9 4 1 
29092|Child_Cross12|29|Mutated: 1839 559 174 67 33 9 4 1 
29093|Child_CrossABC2|8: 2247 625 218 73 33 9 4 1 
29119|Child_Cross21|34: 1741 500 183 65 33 9 4 1 
29124|Survivor|1|Mutated: 1817 568 190 67 30 9 4 1 
29145|Survivor|1: 1811 575 193 64 29 9 4 1 
29150|Child_CrossABC2|8: 1765 540 193 64 29 9 4 1 
29155|Survivor|1: 1745 527 181 61 29 9 4 1 
29158|Child_CrossABC2|8: 1733 526 181 61 29 9 4 1 
29160|Survivor|1: 1739 525 181 61 29 9 4 1 
29181|Child_Avg|43: 2128 803 240 92 31 11 4 1 
29205|Child_Levy|24: 2012 672 229 88 28 11 4 1 
29209|Child_LevyABC2|12: 2004 648 181 82 30 12 5 1 
29211|Child_Avg|59: 1861 582 185 78 33 10 4 1 
29212|Child_Levy|16: 1639 554 213 84 29 10 4 1 
29214|Child_LevyABC1|5: 1609 566 217 83 30 11 5 1 
29215|Child_Avg|51: 1872 560 219 76 31 10 4 1 
29224|Child_LevyABC2|6: 1939 577 234 75 35 12 5 1 
29233|Child_CrossABC2|2: 1901 568 215 80 42 12 5 1 
29246|Child_LevyP1|3: 1953 560 214 83 27 10 4 1 
29263|Child_Avg|31: 1660 514 197 73 27 10 4 1 
29270|Child_Cross21|46: 1856 517 191 69 30 11 5 1 
29275|Child_Avg|47: 2051 540 204 85 29 10 4 1 
29277|Child_Avg|3: 1888 510 194 71 28 10 3 1 
29281|Survivor|1: 1561 454 190 71 28 11 4 1 
29285|Child_Avg|43: 2637 862 281 111 32 13 4 1 
29293|Child_Levy|44: 2769 809 274 108 31 14 5 1 
29296|Child_Cross12|53: 1909 563 213 77 33 10 4 1 
29297|Child_Levy|4: 2363 663 256 88 30 11 5 1 
29299|Child_Cross12|17: 1800 545 188 72 30 11 5 1 
29311|Child_LevyP1|9: 1762 552 192 73 29 10 4 1 
29333|Child_Levy|36: 2023 577 249 102 47 12 5 1 
29343|Child_LevyP1|9: 2007 581 252 93 48 13 6 1 
29346|Child_Levy|24: 2651 679 281 101 40 12 5 1 
29348|Child_LevyP1|9: 2640 677 262 99 37 14 4 1 
29349|Child_Avg|35: 2327 643 206 92 41 13 4 1 
29350|Child_Cross12|37: 1713 512 230 81 32 13 4 1 
29352|Child_Avg|51: 1957 599 213 86 37 14 4 1 
29353|Child_Avg|35: 1919 599 212 72 32 13 4 1 
29354|Child_Cross21|14: 2035 572 219 82 42 12 5 1 
29356|Child_Cross21|58: 1995 573 233 80 37 14 4 1 
29357|Child_Cross12|49: 1775 557 216 75 35 11 5 1 
29358|Child_Avg|43: 1821 551 206 77 33 13 4 1 
29360|Child_Cross12|13: 1916 591 199 73 37 14 4 1 
29362|Child_Avg|43: 1898 561 202 76 35 12 5 1 
29368|Child_Cross12|1: 1840 524 218 73 35 11 5 1 
29369|Child_Cross21|50: 1789 547 214 73 36 13 4 1 
29371|Child_Avg|31: 1855 564 204 73 35 11 4 1 
29373|Child_Cross12|57: 1827 553 207 73 35 12 5 1 
29374|Child_LevyP1|9: 1851 565 199 100 37 14 4 1 
29375|Child_Avg|27: 1820 576 203 86 36 13 4 1 
29402|Child_CrossABC1|7: 1824 574 205 80 36 13 4 1 
29410|Child_CrossABC1|7: 1835 567 205 80 36 13 4 1 
29413|Child_Cross21|22: 1804 574 212 73 36 13 4 1 
29416|Child_Levy|16: 1775 573 201 76 35 13 5 1 
29433|Child_Levy|36: 1820 568 201 73 33 14 4 1 
29436|Child_Levy|20: 1881 581 230 73 30 11 5 1 
29441|Child_Cross21|38: 1787 568 221 70 30 11 5 1 
29445|Survivor|1: 1854 569 199 69 32 11 4 1 
29463|Child_Cross21|50: 1692 515 204 62 29 10 4 1 
29477|Survivor|1|Mutated: 1695 518 201 63 27 10 4 1 
29539|Child_Cross21|14: 3782 973 351 125 62 27 10 4 1 
29540|Child_Cross12|13: 3776 980 351 125 62 27 10 4 1 
29548|Child_Avg|11: 1772 509 177 86 35 11 4 1 
29557|Survivor|1: 1756 494 178 87 35 11 5 1 
29558|Child_Cross21|46: 1740 508 179 88 42 12 5 1 
29570|Child_Avg|7: 1810 485 173 73 35 11 4 1 
29571|Child_Cross21|50: 1629 476 188 73 35 12 5 1 
29580|Child_CrossABC2|2: 1684 491 197 71 35 11 5 1 
29589|Child_CrossABC2|8: 1752 488 205 67 35 11 5 1 
29590|Child_Avg|43: 1657 486 201 69 35 11 5 1 
29591|Child_Cross12|9: 1752 488 205 67 35 13 5 1 
29660|Child_Cross21|38: 6501 1621 466 182 64 33 9 4 1 
29699|Survivor|1: 4417 1282 422 154 66 29 9 4 1 
29719|Child_Cross12|37: 1602 562 275 83 29 14 4 1 
29728|Child_Cross21|18: 1401 532 238 80 31 14 4 1 
29736|Child_LevyP1|9: 1503 552 218 83 30 13 5 1 
29751|Child_CrossABC2|8: 1539 627 218 83 30 13 5 1 
29769|Child_Avg|51: 2276 625 243 91 32 11 4 1 
29777|Child_Cross12|5: 1886 575 216 82 32 11 4 1 
29782|Child_Avg|15: 1570 547 196 78 30 11 5 1 
29812|Child_Cross12|33: 1703 586 231 74 35 12 5 1 
29830|Child_CrossABC2|2: 1693 588 227 77 35 12 5 1 
29833|Child_Avg|19: 1727 568 228 74 35 12 5 1 
29834|Child_CrossABC2|2: 1705 586 231 74 35 12 5 1 
29836|Child_Cross12|21: 1704 586 231 74 35 12 5 1 
29841|Child_CrossABC2|8|Mutated: 1791 634 227 73 35 13 5 1 
29846|Child_Cross12|33: 1898 594 222 69 35 13 5 1 
29847|Survivor|1|Mutated: 2123 594 222 69 35 13 5 1 
29853|Child_CrossABC1|1: 2109 590 218 69 35 13 5 1 
29854|Child_Cross21|6: 1827 577 219 67 35 13 5 1 
29855|Child_Cross21|34: 1813 565 215 67 35 13 5 1 
29858|Child_Cross12|25: 1808 566 206 67 35 13 5 1 
29861|Child_Avg|11: 1822 580 218 67 35 13 5 1 
29863|Child_CrossABC1|7: 1827 554 212 67 35 13 5 1 
29865|Child_CrossABC2|8: 1821 569 209 67 35 13 5 1 
29878|Child_Cross21|30: 1804 577 215 67 35 13 5 1 
29879|Child_Cross12|5: 1821 596 209 67 35 13 5 1 
29881|Child_Cross21|50: 1813 569 209 67 35 13 5 1 
29886|Child_Cross21|50: 1819 569 209 67 35 13 5 1 
29893|Child_CrossABC2|8|Mutated: 1819 569 209 80 35 13 5 1 
29900|Child_Avg|59: 1860 569 209 67 35 13 5 1 
29901|Child_Cross12|21: 1827 569 209 67 35 13 5 1 
29904|Child_Cross12|13: 1851 569 209 67 35 13 5 1 
29905|Child_Avg|7: 1818 569 209 67 35 13 5 1 
29906|Child_Avg|31: 1837 569 209 67 35 13 5 1 
29913|Child_Cross12|21: 1843 569 209 67 35 13 5 1 
29917|Child_Cross21|58: 1847 569 209 67 35 13 5 1 
29918|Child_Cross21|14: 1863 569 209 67 35 13 5 1 
29923|Child_Cross21|34: 1905 569 209 67 35 13 5 1 
29927|Child_Cross21|22|Mutated: 1821 569 209 78 35 12 5 1 
29932|Child_Avg|39: 1844 569 209 67 35 13 5 1 
29934|Child_Cross21|22: 1854 569 209 67 35 13 5 1 
29935|Child_Avg|55: 1836 569 209 67 35 13 5 1 
29938|Child_Avg|27: 1830 569 209 67 35 13 5 1 
29943|Child_Cross12|17: 1810 569 209 67 35 13 5 1 
29944|Child_Cross12|25: 1801 569 209 67 35 13 5 1 
29949|Child_Cross12|1: 1871 569 209 67 35 13 5 1 
29950|Child_Cross21|26: 1861 569 209 67 35 13 5 1 
29951|Child_Cross21|6: 1804 569 209 67 35 13 5 1 
29952|Child_Cross21|10: 1846 569 209 67 35 13 5 1 
29953|Child_Cross21|50: 1869 569 209 67 35 13 5 1 
29958|Child_Cross12|17: 1877 569 209 67 35 13 5 1 
29959|Child_Avg|47: 1828 569 209 67 35 13 5 1 
29970|Child_Cross21|2: 1802 569 209 67 35 13 5 1 
29980|Child_Avg|39: 1838 569 209 67 35 13 5 1 
29986|Child_CrossABC2|8: 1888 569 209 67 35 13 5 1 
30004|Child_Cross12|57: 1835 569 209 67 35 13 5 1 
30017|Child_Cross21|6: 1822 569 209 67 35 13 5 1 
30082|Child_Avg|39: 1858 570 213 64 35 11 4 1 
30091|Child_CrossABC2|8|Mutated: 1754 594 208 81 39 11 4 1 
30097|Child_Levy|28: 2033 578 222 79 36 13 4 1 
30101|Child_Cross21|26: 1828 581 205 67 32 11 4 1 
30102|Child_Cross21|54: 1945 584 200 67 32 11 4 1 
30105|Survivor|1: 1825 586 212 66 31 10 4 1 
30113|Child_CrossABC1|1: 1892 597 214 65 31 10 4 1 
30116|Child_CrossABC2|8: 1783 545 197 65 31 10 4 1 
30122|Child_CrossABC2|2: 1777 543 200 68 31 10 4 1 
30124|Child_Cross12|13: 1785 545 202 64 30 11 5 1 
30128|Child_Cross21|34: 1776 567 201 64 30 11 5 1 
30137|Child_Cross12|41: 1775 541 202 64 29 9 4 1 
30138|Child_Avg|51: 1785 545 202 64 30 9 4 1 
30141|Child_Cross21|42: 1785 546 201 64 29 9 4 1 
30145|Child_Avg|47: 1781 543 201 64 29 9 4 1 
30146|Child_Avg|19: 1783 552 201 64 29 9 4 1 
30147|Child_Cross21|14: 1784 543 202 64 29 9 4 1 
30159|Child_CrossABC1|7: 1782 543 202 64 29 9 4 1 
30163|Child_Cross12|17: 1783 543 202 64 29 9 4 1 
30182|Child_Avg|7: 1782 543 201 70 29 9 4 1 
30187|Child_Cross12|41: 1782 543 201 64 29 9 4 1 
30190|Child_Cross12|13: 1772 543 201 64 29 9 4 1 
30191|Child_Avg|27: 1802 543 201 61 29 9 4 1 
30192|Child_Cross21|54: 1815 543 201 64 29 9 4 1 
30193|Child_Cross21|22: 1806 543 201 64 29 9 4 1 
30195|Child_Cross12|37: 1793 543 201 64 29 9 4 1 
30199|Child_Cross12|57|Mutated: 1793 543 201 70 29 9 4 1 
30212|Child_LevyP2|4: 1898 590 230 84 29 10 4 1 
30217|Child_Levy|52: 2177 584 209 88 30 11 5 1 
30220|Child_Cross12|13: 1778 537 188 78 30 11 5 1 
30237|Child_CrossABC2|8: 1813 530 196 88 31 14 4 1 
30243|Child_Cross21|14: 1820 531 190 72 30 11 5 1 
30258|Child_Levy|48: 1776 513 188 67 30 11 5 1 
30270|Child_Cross12|41: 1717 543 185 61 29 10 4 1 
30274|Child_Levy|48: 1664 505 175 61 29 10 4 1 
30279|Survivor|1: 1717 543 185 61 29 9 4 1 
30285|Child_Cross12|33: 1709 516 175 61 29 10 4 1 
30289|Child_Avg|15: 1709 505 175 61 29 9 4 1 
30298|Survivor|1: 1709 505 198 61 29 9 4 1 
30306|Survivor|1: 1709 505 198 61 29 10 4 1 
30334|Child_Avg|3: 1849 585 212 80 35 11 5 1 
30335|Child_LevyP1|9: 2117 688 223 84 35 11 5 1 
30339|Child_Cross12|21: 1885 581 197 77 35 11 5 1 
30341|Child_CrossABC1|1: 1877 584 193 74 35 11 5 1 
30342|Child_LevyP2|10: 1882 653 188 73 36 13 4 1 
30344|Child_Avg|35: 1743 565 178 76 35 11 5 1 
30345|Child_Avg|47: 1788 572 188 73 35 11 5 1 
30353|Child_CrossABC2|8: 1875 587 179 76 35 13 5 1 
30361|Child_Avg|39: 1783 557 183 67 35 13 5 1 
30373|Child_Cross21|18: 7610 1585 594 178 67 33 14 4 1 
30376|Child_Cross12|33: 7610 1585 594 178 72 35 13 5 1 
30378|Survivor|1|Mutated: 7610 1585 485 178 72 35 13 6 1 
30379|Child_CrossABC1|7|Mutated: 7505 1573 635 177 68 35 12 5 1 
30383|Child_Cross21|46: 7567 1579 485 177 64 35 12 5 1 
30388|Child_Cross12|9: 7573 1575 482 172 59 30 11 5 1 
30390|Child_Avg|7: 7531 1579 467 167 64 33 10 4 1 
30392|Child_Avg|47: 1946 582 201 93 37 13 4 1 
30402|Child_Cross12|17: 7532 1558 478 175 71 29 10 3 1 
30411|Child_Cross12|37: 1611 494 174 68 31 11 4 1 
30449|Child_Avg|19: 3644 1098 363 129 50 17 5 1 
30450|Child_Avg|43: 2635 748 277 96 43 15 4 1 
30454|Child_Levy|52: 1952 619 223 74 42 12 5 1 
30461|Child_Levy|36: 2420 667 224 102 40 13 5 1 
30462|Child_Cross12|53: 1933 598 214 71 40 14 5 1 
30465|Child_Avg|43: 1858 575 201 75 40 13 5 1 
30466|Child_Avg|59|Mutated: 1933 598 214 84 35 13 5 1 
30468|Child_Avg|27: 1933 598 214 73 41 13 4 1 
30484|Child_Levy|32: 1893 617 199 68 35 12 5 1 
30489|Child_Levy|44: 4333 1065 351 175 69 30 11 5 1 
30491|Child_Cross12|17: 1937 609 221 69 30 11 5 1 
30494|Child_Cross21|10: 1580 609 221 69 30 11 5 1 
30496|Child_Avg|47: 1669 609 221 69 30 11 5 1 
30498|Child_Cross12|25: 1781 554 192 67 30 11 5 1 
30509|Child_Avg|3: 1574 566 197 63 29 10 4 1 
30529|Survivor|1: 1552 561 197 61 29 10 4 1 
30554|Child_Avg|47: 1922 525 224 79 31 11 4 1 
30556|Child_CrossABC2|2: 1644 505 225 81 29 11 5 1 
30558|Child_Levy|8: 1878 505 239 78 30 11 5 1 
30560|Child_CrossABC2|8: 1894 505 239 78 30 11 5 1 
30562|Child_Cross21|10: 2141 505 239 78 30 11 5 1 
30564|Child_CrossABC1|1: 1879 505 239 78 30 11 5 1 
30569|Child_Cross12|57: 1863 505 239 78 30 11 5 1 
30571|Child_CrossABC2|8: 1890 505 239 78 30 11 5 1 
30572|Child_CrossABC2|2: 1858 505 239 78 30 11 5 1 
30573|Child_CrossABC1|7: 1875 505 239 78 30 11 5 1 
30578|Child_CrossABC1|7: 1880 505 239 78 30 11 5 1 
30605|Survivor|1|Mutated: 1879 505 239 94 30 11 5 1 
30609|Child_Levy|60: 1625 442 203 69 30 11 5 1 
30655|Child_Cross21|6: 1777 442 167 81 30 11 5 1 
30656|Child_Cross21|58: 2203 556 192 90 27 10 4 1 
30671|Child_LevyP1|3: 2447 548 214 81 31 14 5 1 
30680|Child_Levy|16: 2228 527 203 76 30 12 5 1 
30704|Child_LevyABC1|5: 1846 515 182 72 29 10 4 1 
30707|Child_Levy|52: 2263 563 206 102 35 11 5 1 
30717|Survivor|1: 2138 543 177 73 35 11 4 1 
30718|Child_Avg|3: 2285 594 201 78 35 11 5 1 
30719|Child_Cross21|14: 1941 546 191 73 35 11 5 1 
30724|Child_Cross21|58: 1898 536 183 71 36 11 5 1 
30729|Child_Levy|36: 1949 614 186 75 35 11 4 1 
30730|Child_CrossABC2|2: 1873 595 192 84 35 11 5 1 
30739|Random|12: 7686 1747 531 173 80 28 11 4 1 
30745|Child_CrossABC2|2: 7689 1747 531 173 80 28 11 4 1 
30748|Child_CrossABC1|1: 7287 1757 531 173 80 28 11 4 1 
30750|Child_CrossABC1|1: 7809 1743 531 173 80 28 11 4 1 
30751|Child_CrossABC1|7: 7762 1750 531 173 80 28 11 4 1 
30752|Child_Avg|11: 1767 540 174 77 28 11 4 1 
30755|Child_Cross12|5: 7660 1628 531 171 75 28 11 4 1 
30760|Survivor|1|Mutated: 7660 1733 531 171 75 28 11 4 1 
30762|Child_Cross21|26: 7625 1629 535 171 75 28 11 4 1 
30811|Child_CrossABC1|7: 7593 1570 535 171 82 28 11 4 1 
30814|Child_CrossABC2|2: 7601 1496 535 171 82 28 11 4 1 
30841|Child_Cross21|54: 7620 1561 559 170 77 25 11 5 1 
30850|Child_Cross12|41: 7781 1528 543 169 77 25 11 5 1 
30873|Child_Cross21|2: 1826 544 213 83 29 10 3 1 
30875|Child_Cross21|2: 1857 526 217 91 33 9 4 1 
30912|Child_Cross12|5: 1603 541 205 71 35 13 5 1 
30916|Child_Cross12|53: 1769 661 215 73 36 13 4 1 
30923|Survivor|1|Mutated: 1550 661 215 73 36 13 4 1 
30925|Child_CrossABC2|2: 1575 576 219 74 35 12 5 1 
30927|Survivor|1: 1729 598 192 69 35 11 5 1 
30928|Child_Avg|27: 1556 604 199 73 35 11 4 1 
30935|Child_Levy|4: 1934 682 225 74 33 12 5 1 
30942|Survivor|1: 2059 611 214 88 40 13 5 1 
30944|Child_Avg|3: 1882 554 200 69 35 13 5 1 
30947|Child_LevyP1|9: 1550 504 180 65 28 12 5 1 
30966|Child_Avg|27: 2090 657 226 76 27 10 4 1 
30969|Survivor|1: 1747 564 190 59 30 11 5 1 
30988|Child_Cross21|14: 1791 529 189 67 33 9 4 1 
30992|Survivor|1: 1791 529 189 67 34 9 4 1 
31003|Survivor|1: 1760 510 188 65 33 9 4 1 
31015|Child_CrossABC1|7: 1541 568 182 73 35 11 4 1 
31032|Survivor|1|Mutated: 1541 568 182 73 35 11 5 1 
31050|Child_Levy|60: 2488 756 246 93 32 13 4 1 
31052|Child_LevyABC1|11: 2969 866 290 106 33 16 6 1 
31053|Child_Levy|44: 1989 629 206 81 29 11 5 1 
31061|Child_Avg|23: 1873 533 185 71 29 11 5 1 
31070|Child_Levy|16: 1765 521 184 67 30 11 5 1 
31084|Survivor|1|Mutated: 1862 516 188 61 30 11 5 1 
31089|Child_Cross21|26: 1833 528 195 61 29 10 4 1 
31090|Child_Cross21|6: 1854 569 185 61 29 10 4 1 
31094|Child_CrossABC2|2: 1834 475 185 61 29 10 4 1 
31100|Survivor|1: 1850 513 187 61 29 10 4 1 
31135|Child_Avg|7: 1801 511 195 86 31 10 4 1 
31171|Survivor|1: 1838 530 192 69 30 11 5 1 
31173|Child_Levy|32: 1541 475 183 64 30 11 5 1 
31190|Survivor|1: 1796 522 201 61 29 9 4 1 
31203|Survivor|1: 1794 520 198 61 29 9 4 1 
31208|Survivor|1: 1744 524 193 59 24 9 4 1 
31217|Child_Cross21|22|Mutated: 1865 524 193 59 24 9 4 1 
31227|Child_Cross12|33: 1850 524 193 59 24 9 4 1 
31235|Child_Cross12|45: 1794 524 193 59 24 9 4 1 
31236|Child_Cross12|33: 1802 524 193 59 24 9 4 1 
31239|Child_Cross12|45: 1853 524 193 59 24 9 4 1 
31244|Child_Cross21|18: 1790 524 193 59 24 9 4 1 
31247|Child_Avg|19: 1810 524 193 59 24 9 4 1 
31248|Child_Cross12|21: 1814 524 193 59 24 9 4 1 
31251|Child_Cross21|30: 1807 524 193 59 24 9 4 1 
31255|Child_Cross21|26: 1786 524 193 59 24 9 4 1 
31256|Child_Avg|51: 1799 524 193 59 24 9 4 1 
31262|Child_Cross21|58: 1806 524 193 59 24 9 4 1 
31275|Child_Avg|15: 1798 524 193 59 24 9 4 1 
31292|Child_Cross12|5: 1870 524 193 59 24 9 4 1 
31295|Child_Cross21|6: 1819 524 193 59 24 9 4 1 
31296|Child_Cross12|25: 1854 524 193 59 24 9 4 1 
31299|Child_Cross21|18: 1862 524 193 59 24 9 4 1 
31303|Survivor|1: 1803 524 193 59 24 9 4 1 
31314|Survivor|1: 1815 524 193 59 24 9 4 1 
31338|Survivor|1: 2175 524 180 61 28 12 5 1 
31351|Survivor|1: 2245 690 261 88 35 11 4 1 
31356|Child_Cross12|49: 1986 723 232 75 35 11 4 1 
31360|Child_CrossABC1|7: 1901 616 216 74 33 12 5 1 
31365|Child_Avg|27: 1889 538 201 73 35 13 5 1 
31373|Child_Avg|35: 1888 550 202 75 35 11 5 1 
31390|Survivor|1|Mutated: 1553 550 202 75 35 11 5 1 
31399|Child_LevyABC2|6: 1757 551 183 71 29 10 4 1 
31411|Child_Levy|40: 1867 532 189 68 31 11 4 1 
31414|Child_LevyABC2|6: 1833 528 194 69 31 10 4 1 
31441|Child_Levy|44: 2027 567 226 72 32 11 4 1 
31445|Survivor|1: 2216 586 211 79 31 10 3 1 
31451|Child_LevyABC2|12: 1844 522 223 78 32 11 4 1 
31458|Child_Cross12|37: 1844 522 223 78 31 14 5 1 
31460|Survivor|1|Mutated: 1920 522 223 78 31 14 5 1 
31462|Child_Cross12|57: 1920 522 223 78 31 14 4 1 
31465|Child_Avg|55: 1726 507 195 79 32 13 4 1 
31469|Child_CrossABC2|8: 1747 541 211 75 32 13 4 1 
31472|Child_Levy|40|Mutated: 1828 543 204 85 32 13 4 1 
31473|Child_Avg|43: 1847 532 211 73 32 13 4 1 
31477|Child_Avg|31: 1874 578 211 72 32 13 4 1 
31484|Child_Avg|19: 1926 563 208 70 31 11 4 1 
31490|Child_CrossABC2|8|Mutated: 1853 595 216 76 31 11 4 1 
31491|Child_CrossABC1|7: 1895 505 212 68 31 11 4 1 
31497|Child_Cross12|49: 1851 564 227 65 31 10 4 1 
31503|Child_Cross21|54: 1876 556 216 65 28 11 4 1 
31505|Child_CrossABC2|8: 1877 557 213 65 27 10 4 1 
31509|Child_Avg|23: 2281 674 241 81 31 11 4 1 
31514|Child_LevyABC2|6: 2147 622 230 89 28 12 5 1 
31516|Survivor|1: 1801 540 211 69 27 10 4 1 
31518|Child_Avg|51: 1879 602 218 71 28 11 4 1 
31529|Child_CrossABC2|2: 1879 582 218 71 28 11 4 1 
31537|Child_CrossABC2|2: 1811 578 211 81 28 13 4 1 
31547|Survivor|1|Mutated: 1811 578 182 81 28 13 4 1 
31548|Child_CrossABC2|8: 1833 554 177 66 28 13 4 1 
31553|Child_Levy|12: 1775 555 189 74 30 13 5 1 
31567|Child_Cross12|49: 1775 555 189 74 30 12 5 1 
31570|Child_Avg|35|Mutated: 1856 547 185 66 30 11 5 1 
31577|Survivor|1: 1734 523 197 62 29 10 4 1 
31580|Child_CrossABC2|8: 1816 534 197 65 27 10 4 1 
31632|Child_Avg|27: 2051 654 225 86 31 13 4 1 
31638|Child_CrossABC2|8: 2051 709 225 86 31 13 4 1 
31640|Child_Levy|48: 1661 521 210 81 29 14 4 1 
31644|Child_Avg|23: 1558 478 197 80 31 14 4 1 
31645|Child_Cross21|26: 1828 621 219 75 31 14 4 1 
31646|Child_Cross12|49: 1814 534 207 75 32 13 5 1 
31649|Child_Cross21|34: 1626 536 191 72 32 13 4 1 
31650|Child_Cross21|22: 1811 584 209 72 32 13 4 1 
31661|Child_Cross21|42|Mutated: 1768 602 233 74 28 13 4 1 
31679|Child_LevyP2|4: 1713 530 205 69 27 10 4 1 
31695|Child_Avg|15: 1835 582 196 70 29 9 4 1 
31706|Child_Avg|43: 2191 673 244 88 31 11 4 1 
31709|Child_Avg|3|Mutated: 1729 561 189 74 29 10 4 1 
31714|Child_Avg|59: 1825 593 186 71 29 10 4 1 
31734|Survivor|1: 1845 590 185 71 29 10 4 1 
31738|Child_Levy|8: 1600 565 173 71 29 10 4 1 
31751|Child_CrossABC2|2|Mutated: 1776 522 193 72 28 9 4 1 
31763|Child_Cross12|13: 1776 522 193 72 27 10 4 1 
31771|Child_Cross12|57: 1760 530 185 63 27 10 4 1 
31776|Child_Levy|16|Mutated: 1757 534 184 66 27 10 4 1 
31796|Child_Levy|60: 1882 549 211 80 30 11 5 1 
31825|Child_Avg|39: 1920 525 220 73 35 11 4 1 
31832|Child_Cross21|10: 5543 1552 475 182 75 31 10 4 1 
31835|Child_Cross12|1: 5686 1562 471 178 70 29 11 5 1 
31840|Child_Cross12|21: 5686 1562 471 178 70 24 9 4 1 
31851|Child_Cross12|41: 5789 1765 464 187 78 29 14 4 1 
31855|Survivor|1: 4840 1318 434 155 76 29 14 4 1 
31861|Survivor|1: 2430 678 197 78 30 13 5 1 
31862|Child_LevyP1|3: 2632 721 234 73 35 12 5 1 
31867|Survivor|1: 1837 518 177 70 31 11 4 1 
31880|Child_Avg|39: 1806 495 181 68 32 11 4 1 
31894|Survivor|1: 1828 508 176 65 31 10 4 1 
31895|Child_Avg|31: 1816 502 176 65 31 10 4 1 
31897|Child_Avg|31: 1838 498 251 76 29 14 4 1 
31902|Child_Avg|35: 1796 513 214 69 32 13 4 1 
31908|Child_CrossABC2|2|Mutated: 1926 463 202 81 32 13 4 1 
31921|Survivor|1: 1745 457 199 73 32 13 4 1 
31930|Child_Avg|7: 2083 512 207 89 41 13 4 1 
31964|Child_CrossABC1|7: 1807 723 222 85 36 15 4 1 
31967|Child_Cross21|46: 1898 669 212 82 36 15 4 1 
31972|Child_Levy|32: 1830 631 208 79 32 13 5 1 
31982|Child_LevyP1|9: 1836 582 211 81 31 14 4 1 
31985|Survivor|1|Mutated: 1645 582 211 81 31 14 4 1 
31989|Child_CrossABC1|1: 1581 589 210 80 31 14 4 1 
32002|Child_CrossABC1|1: 1895 523 219 74 31 14 4 1 
32004|Child_Cross21|30: 1711 517 204 67 29 14 4 1 
32009|Child_Avg|27: 1708 516 203 69 30 11 5 1 
32016|Child_Cross21|26: 1681 501 199 67 30 11 5 1 
32024|Child_Cross12|25|Mutated: 1741 494 214 73 30 11 5 1 
32025|Survivor|1|Mutated: 1923 494 214 73 30 11 5 1 
32042|Survivor|1: 1804 528 202 61 29 9 4 1 
32055|Survivor|1|Mutated: 2309 648 274 98 35 11 5 1 
32056|Child_Avg|43|Mutated: 2296 630 241 94 36 15 4 1 
32057|Child_Avg|3: 1725 617 227 86 35 12 5 1 
32062|Child_CrossABC1|1: 1793 638 230 86 35 11 5 1 
32063|Child_Cross12|17: 1789 544 218 84 35 11 5 1 
32064|Child_CrossABC1|1: 2233 634 234 85 35 12 5 1 
32072|Child_Cross12|5: 1828 593 233 80 35 12 5 1 
32073|Child_Avg|47: 1888 558 211 80 35 11 5 1 
32075|Child_Levy|40: 1891 613 212 73 35 12 5 1 
32078|Child_Avg|15: 1872 610 212 73 35 12 5 1 
32079|Child_CrossABC1|1: 1879 610 212 73 35 12 5 1 
32082|Child_CrossABC1|1: 1885 610 212 73 35 12 5 1 
32085|Child_CrossABC2|8: 1885 610 212 86 35 12 5 1 
32086|Child_Avg|55|Mutated: 1837 610 245 79 35 12 5 1 
32088|Child_Cross21|42|Mutated: 1877 610 212 74 35 12 5 1 
32131|Child_Cross21|18: 1929 590 211 64 35 11 5 1 
32133|Child_CrossABC1|7|Mutated: 1933 597 203 78 34 9 4 1 
32148|Survivor|1: 1909 593 215 73 38 9 4 1 
32154|Child_LevyP1|3: 2047 588 229 75 28 11 4 1 
32156|Child_Cross12|21: 1855 590 215 67 35 13 5 1 
32158|Child_Avg|39: 2139 593 225 65 31 10 4 1 
32164|Child_Levy|36: 1794 562 193 65 31 10 4 1 
32188|Survivor|1: 2100 664 253 78 30 13 5 1 
32189|Child_LevyABC1|5: 2190 635 229 76 29 14 4 1 
32195|Child_Cross21|50: 1881 563 200 69 28 12 5 1 
32255|Child_Cross12|21: 1881 563 200 69 35 11 5 1 
32257|Child_Levy|44: 2073 626 233 81 29 11 5 1 
32260|Child_Cross21|22|Mutated: 1834 512 210 79 31 11 4 1 
32266|Child_Levy|16: 1784 502 211 78 29 11 5 1 
32268|Child_Cross21|54: 1797 516 204 76 27 14 4 1 
32280|Child_Avg|7|Mutated: 1786 547 194 71 32 11 4 1 
32290|Survivor|1: 1731 528 190 71 32 11 4 1 
32294|Child_Avg|11: 1719 526 188 68 31 11 4 1 
32303|Child_Cross12|41: 6167 1566 508 181 68 31 11 4 1 
32315|Child_Avg|19: 6183 1607 508 181 69 27 10 4 1 
32325|Child_Cross21|22: 1559 514 190 66 27 10 4 1 
32331|Child_Cross21|26: 6833 1587 488 165 63 27 10 4 1 
32332|Child_Cross12|33: 3640 938 361 166 63 27 10 4 1 
32336|Child_CrossABC2|8: 4467 1167 427 159 65 28 11 4 1 
32346|Child_Avg|7: 4159 1088 406 156 63 27 10 4 1 
32347|Child_Cross12|29: 3929 1116 410 159 88 24 11 4 1 
32348|Child_Avg|39: 4282 1018 413 156 62 27 10 4 1 
32351|Child_Avg|11: 4048 1079 383 148 62 30 11 5 1 
32356|Child_Levy|16: 3844 1013 403 146 63 27 10 4 1 
32360|Child_CrossABC1|7: 3828 1023 416 148 63 27 10 4 1 
32364|Child_Cross21|54: 3913 1021 397 138 63 27 10 4 1 
32374|Child_CrossABC2|8: 3921 1004 388 132 63 27 10 4 1 
32385|Child_Avg|15: 3867 1009 423 125 62 27 10 4 1 
32388|Child_CrossABC2|8: 3867 1026 370 125 62 27 10 4 1 
32396|Child_CrossABC1|1: 3870 1026 370 125 62 27 10 4 1 
32399|Child_CrossABC2|8: 3856 1026 370 125 62 27 10 4 1 
32400|Child_CrossABC1|7: 3868 1026 370 125 62 27 10 4 1 
32403|Survivor|1: 3857 1026 370 125 62 27 10 4 1 
32407|Survivor|1: 3875 1026 370 125 62 27 10 4 1 
32410|Survivor|1: 3869 1026 370 125 62 27 10 4 1 
32429|Survivor|1: 3837 1001 370 119 63 29 10 4 1 
32430|Child_Levy|8: 1975 582 222 82 39 11 4 1 
32437|Child_LevyP1|9: 1941 609 216 83 40 12 5 1 
32452|Child_Cross12|33: 1726 550 209 75 27 10 4 1 
32453|Child_CrossABC1|7: 2156 604 219 79 40 12 5 1 
32460|Child_Cross21|10: 2087 595 220 77 40 12 5 1 
32462|Child_Cross12|13: 2104 597 219 78 40 12 5 1 
32463|Child_Cross21|22: 2084 589 217 77 40 12 5 1 
32465|Child_Cross21|10: 2195 597 220 73 40 12 5 1 
32469|Child_CrossABC1|7: 2080 589 217 77 40 12 5 1 
32470|Child_CrossABC2|2: 2163 593 217 77 40 12 5 1 
32473|Child_Levy|12: 2109 591 218 75 39 11 4 1 
32478|Survivor|1: 2174 597 222 70 39 11 4 1 
32481|Child_Avg|31: 1745 543 192 82 40 11 5 1 
32500|Child_LevyABC2|12: 1816 621 215 83 41 13 4 1 
32520|Child_LevyP1|3: 1848 567 203 75 37 14 4 1 
32531|Survivor|1|Mutated: 1848 637 203 75 37 14 4 1 
32576|Child_Levy|60: 1845 557 183 77 36 11 5 1 
32584|Child_CrossABC1|1: 1856 527 190 82 35 11 5 1 
32591|Child_CrossABC1|7: 1813 548 188 71 35 13 5 1 
32597|Child_Levy|12: 1808 535 174 69 31 10 4 1 
32616|Child_Avg|39: 2250 692 294 101 45 13 5 1 
32617|Child_Avg|27: 2034 615 235 82 40 12 5 1 
32642|Child_CrossABC2|8: 1876 641 239 89 40 13 5 1 
32651|Child_CrossABC2|8: 1822 660 229 86 40 13 5 1 
32654|Child_CrossABC1|1: 1775 653 229 87 40 12 5 1 
32655|Child_CrossABC1|7: 1735 635 229 87 40 12 5 1 
32656|Child_LevyABC2|12: 1721 638 236 87 41 13 4 1 
32657|Child_CrossABC1|1: 1730 649 224 83 40 12 5 1 
32660|Child_CrossABC2|2|Mutated: 1855 629 221 80 41 11 5 1 
32670|Child_Cross12|13: 1772 609 214 72 40 13 5 1 
32686|Survivor|1: 2144 618 199 65 33 9 4 1 
32690|Child_CrossABC2|2: 2163 612 199 65 31 10 4 1 
32693|Child_Cross12|57: 2145 603 194 65 31 10 4 1 
32704|Child_Avg|3: 1897 567 193 91 29 10 4 1 
32709|Child_Levy|4: 2006 767 228 94 45 13 4 1 
32710|Child_Cross12|21: 1912 580 184 73 30 11 5 1 
32716|Survivor|1: 2393 611 278 78 32 11 4 1 
32736|Survivor|1|Mutated: 1622 516 191 66 31 10 4 1 
32743|Child_Avg|51: 1557 537 221 77 37 14 4 1 
32767|Child_Levy|32: 1790 572 190 85 36 11 5 1 
32777|Child_LevyABC1|5: 1782 550 196 75 35 12 5 1 
32778|Child_Avg|27: 1799 552 178 67 33 9 4 1 
32781|Child_Levy|56: 1872 521 204 71 32 11 4 1 
32787|Child_Cross12|37: 1633 531 202 69 31 10 4 1 
32791|Child_Levy|40: 1647 548 199 70 29 9 4 1 
32792|Child_Levy|12: 1608 515 202 75 28 11 4 1 
32797|Child_Levy|56: 1842 536 180 71 28 12 5 1 
32803|Child_Cross12|41: 1829 530 203 69 28 12 5 1 
32860|Child_Avg|35: 1733 501 184 61 29 10 4 1 
32870|Child_Levy|28: 1693 514 185 61 29 10 4 1 
32879|Child_Cross21|26: 4216 1068 474 155 61 29 10 4 1 
32881|Child_CrossABC1|1: 4049 1161 466 150 61 29 10 4 1 
32890|Child_Cross12|41: 4152 1054 465 150 61 29 9 4 1 
32894|Survivor|1: 4009 1067 456 147 61 29 9 4 1 
32896|Child_Cross21|50|Mutated: 4073 1142 378 154 65 34 9 4 1 
32897|Child_Avg|43: 4198 1088 450 149 63 29 10 4 1 
32900|Child_Cross12|33: 4038 1172 407 138 64 30 9 4 1 
32904|Child_CrossABC1|1: 4101 1088 438 143 62 29 9 4 1 
32911|Survivor|1: 4027 1095 425 127 61 29 10 4 1 
32915|Child_Levy|24: 4020 1102 431 127 62 27 10 4 1 
32934|Child_LevyP1|3: 2195 663 241 105 40 12 5 1 
32939|Child_Cross12|53: 1715 496 229 97 40 13 5 1 
32945|Child_CrossABC1|7|Mutated: 1683 489 228 103 40 13 5 1 
32948|Child_CrossABC1|7: 1537 519 228 90 40 13 5 1 
32963|Child_CrossABC1|7: 1477 502 231 84 36 13 4 1 
32965|Child_LevyABC1|5: 1574 549 246 83 37 12 5 1 
32970|Child_Avg|23|Mutated: 1881 563 217 82 36 15 4 1 
32971|Child_CrossABC1|7: 1907 584 219 83 36 13 4 1 
32984|Child_LevyP2|4: 2349 593 224 86 35 11 5 1 
32988|Child_Levy|52: 2087 558 211 81 33 10 4 1 
32989|Child_CrossABC2|8: 1879 544 208 76 35 11 5 1 
33012|Child_CrossABC2|8: 1871 494 208 75 35 11 5 1 
33014|Child_Cross21|26: 1838 565 199 73 34 11 4 1 
33015|Child_Avg|23|Mutated: 1749 489 208 75 35 11 5 1 
33016|Child_CrossABC1|1: 1772 534 208 75 35 11 5 1 
33023|Child_Cross12|21: 1790 552 193 71 35 11 5 1 
33026|Child_Cross12|13: 1773 547 198 71 35 11 5 1 
33027|Child_CrossABC2|8: 1722 546 207 71 36 13 4 1 
33030|Child_Cross21|42: 1722 546 207 71 35 11 5 1 
33033|Child_Cross12|45: 1794 543 186 71 37 14 4 1 
33034|Child_CrossABC1|1: 1805 544 208 71 35 11 5 1 
33037|Child_CrossABC2|8: 1804 540 208 71 35 11 5 1 
33038|Child_CrossABC1|1: 1803 539 208 71 35 11 5 1 
33040|Child_CrossABC2|8: 1805 539 208 71 35 11 5 1 
33041|Child_Cross21|14: 1805 537 208 71 35 11 5 1 
33042|Child_Avg|47: 1805 541 208 71 35 11 5 1 
33049|Child_Cross21|34: 1804 539 208 71 35 11 5 1 
33061|Child_Cross21|38: 1798 539 208 71 35 11 5 1 
33069|Child_Cross12|29: 1800 539 208 71 35 11 5 1 
33080|Child_Cross12|1: 1904 539 208 71 35 11 5 1 
33081|Child_Cross12|33: 1781 539 208 71 35 11 5 1 
33083|Child_Cross21|46: 1874 539 208 71 35 11 5 1 
33084|Child_Cross21|22: 1852 539 208 71 35 11 5 1 
33086|Child_Avg|55: 1836 539 208 71 35 11 5 1 
33088|Child_Avg|23: 1850 539 208 71 35 11 5 1 
33093|Child_Cross21|34: 1841 539 208 71 35 11 5 1 
33094|Child_Cross12|41: 1819 539 208 71 35 11 5 1 
33098|Child_Cross12|49: 1845 539 208 71 35 11 5 1 
33099|Child_Cross12|49: 1855 539 208 71 35 11 5 1 
33101|Child_Avg|35: 1817 539 208 71 35 11 5 1 
33104|Child_Avg|19: 1823 539 208 71 35 11 5 1 
33105|Child_Cross12|5: 1814 539 208 71 35 11 5 1 
33107|Child_Cross21|42|Mutated: 1827 539 208 71 35 11 5 1 
33113|Child_Avg|47: 1833 539 208 71 35 11 5 1 
33115|Child_Cross12|37: 1828 539 208 71 35 11 5 1 
33118|Child_Cross21|10: 1831 539 208 71 35 11 5 1 
33119|Child_Avg|31: 1846 539 208 71 35 11 5 1 
33125|Child_Cross21|58: 1822 539 208 71 35 11 5 1 
33130|Child_CrossABC1|1: 1838 539 208 71 35 11 5 1 
33137|Child_Cross12|33: 1828 539 208 71 28 11 4 1 
33151|Child_Cross12|37: 1864 539 208 71 35 11 5 1 
33174|Child_Avg|27: 1837 539 208 71 35 11 5 1 
33180|Child_Cross21|2: 1847 539 208 71 35 11 5 1 
33194|Child_Cross21|50: 1842 539 208 71 35 11 5 1 
33217|Child_Cross12|37: 1768 554 203 67 32 11 4 1 
33219|Child_CrossABC1|1: 1741 539 206 68 31 10 4 1 
33223|Child_Cross12|13: 1610 464 183 65 31 10 4 1 
33254|Child_Levy|16: 2157 626 259 104 39 11 4 1 
33256|Child_Avg|3|Mutated: 1901 532 202 89 31 10 4 1 
33259|Child_Avg|15: 1795 558 216 80 31 10 4 1 
33265|Child_Avg|23: 1875 589 221 70 30 11 5 1 
33276|Child_Levy|20: 1813 564 200 69 30 11 5 1 
33277|Child_Cross12|57: 1854 558 211 67 30 9 4 1 
33304|Child_Levy|16: 2538 703 266 107 33 12 5 1 
33305|Child_Levy|44: 1956 590 227 81 30 11 5 1 
33313|Child_Avg|35: 2636 757 236 74 36 13 4 1 
33316|Child_Cross21|30: 2646 843 251 73 36 13 4 1 
33320|Child_LevyP1|9: 2655 796 249 82 37 12 5 1 
33327|Survivor|1: 1883 519 218 70 30 13 5 1 
33333|Survivor|1: 1833 557 200 66 30 13 5 1 
33334|Child_Levy|36|Mutated: 1958 555 229 77 28 13 4 1 
33335|Survivor|1|Mutated: 1958 555 201 77 28 13 4 1 
33336|Child_Avg|35: 2208 620 235 96 31 11 4 1 
33338|Child_CrossABC1|7: 2323 548 201 89 30 11 5 1 
33348|Child_CrossABC2|8: 2129 617 212 82 31 13 4 1 
33359|Child_Avg|43: 2682 628 213 94 31 14 5 1 
33364|Child_Cross21|10: 2210 581 212 78 32 15 4 1 
33365|Child_Avg|15: 2274 606 209 83 39 14 4 1 
33375|Child_Avg|7: 2253 595 205 84 29 14 4 1 
33388|Child_Levy|56: 2113 598 205 77 31 14 4 1 
33389|Child_Cross21|2: 2223 647 218 82 29 14 4 1 
33390|Child_Cross12|45: 1853 673 192 81 31 14 4 1 
33393|Child_LevyABC2|12: 2215 635 249 79 32 13 5 1 
33397|Child_Cross21|38: 1996 633 205 77 31 14 4 1 
33405|Survivor|1|Mutated: 1996 633 225 77 31 14 4 1 
33411|Child_Cross21|54: 1924 575 197 74 32 13 4 1 
33412|Child_Cross21|22: 1902 586 209 70 31 14 4 1 
33415|Child_LevyP1|3: 1892 543 185 75 32 13 5 1 
33419|Child_Cross21|14: 1903 566 197 72 30 11 5 1 
33420|Child_LevyP2|10: 1928 553 180 74 33 14 4 1 
33421|Child_Avg|3: 1894 528 199 68 32 13 4 1 
33426|Child_Avg|3: 1886 557 197 69 30 11 5 1 
33430|Child_Cross12|5: 1850 551 201 66 32 13 4 1 
33435|Child_Cross21|50: 1907 541 195 66 32 13 4 1 
33436|Child_Cross21|38: 1752 541 197 65 31 10 4 1 
33442|Survivor|1: 1781 525 196 67 30 11 5 1 
33460|Survivor|1: 1757 508 187 63 28 12 5 1 
33474|Child_Avg|19: 1763 504 191 67 30 11 5 1 
33505|Survivor|1: 1766 529 209 61 30 11 5 1 
33510|Child_Avg|7: 1815 644 193 69 27 10 4 1 
33511|Child_Cross21|30: 2234 677 231 82 35 13 5 1 
33516|Child_Cross21|26: 1625 618 207 76 35 13 5 1 
33520|Child_CrossABC2|2: 1683 621 209 78 35 12 5 1 
33531|Child_CrossABC1|7: 1790 627 204 75 35 12 5 1 
33532|Child_Cross21|6: 1707 659 211 73 35 12 5 1 
33533|Child_Avg|19: 1717 599 202 76 35 12 5 1 
33547|Child_Avg|39: 1803 596 196 85 35 12 5 1 
33548|Child_CrossABC2|8: 1749 594 200 78 35 12 5 1 
33550|Child_Avg|19: 1722 599 209 80 35 13 5 1 
33551|Child_Avg|27: 1775 594 195 76 35 12 5 1 
33552|Child_Levy|60: 1781 581 199 80 35 11 4 1 
33556|Child_Avg|47: 1803 569 199 80 35 11 4 1 
33561|Child_CrossABC1|1: 1811 633 193 69 32 13 4 1 
33567|Child_Cross21|30: 1827 623 193 69 32 13 4 1 
33571|Child_Avg|51: 1863 570 193 66 32 13 4 1 
33575|Child_CrossABC1|7: 1878 570 193 66 32 13 4 1 
33578|Child_Cross21|50: 1844 571 206 66 32 13 4 1 
33580|Child_Avg|15: 1767 568 205 66 32 13 4 1 
33583|Child_CrossABC1|1: 1808 569 206 66 32 13 4 1 
33591|Child_CrossABC1|1: 1800 574 195 68 32 13 4 1 
33595|Child_Avg|47: 1834 571 211 68 32 13 4 1 
33643|Child_Cross12|9: 1815 523 198 62 32 13 4 1 
33649|Child_CrossABC2|2: 1836 523 198 62 32 13 4 1 
33655|Survivor|1|Mutated: 1836 567 198 62 32 13 4 1 
33666|Child_CrossABC1|1: 1796 525 200 59 32 13 4 1 
33669|Child_Cross12|33: 1801 566 200 59 32 13 4 1 
33670|Child_CrossABC2|8: 1795 557 200 59 32 13 4 1 
33676|Child_Avg|47: 1794 534 200 59 32 13 4 1 
33680|Child_Avg|15: 1794 530 200 59 32 13 4 1 
33684|Child_Cross21|38: 1795 520 200 59 32 13 4 1 
33687|Child_Cross21|18: 1795 529 200 59 32 13 4 1 
33696|Child_Cross12|17: 1794 529 200 59 32 13 4 1 
33697|Child_Avg|35: 1794 525 200 59 32 13 4 1 
33700|Child_Cross21|22: 1853 525 200 59 32 13 4 1 
33713|Child_Cross12|33: 1797 521 200 59 32 13 4 1 
33722|Child_Avg|11: 1858 525 200 59 32 13 4 1 
33743|Child_Cross12|29: 1822 538 200 59 32 13 4 1 
33744|Child_Avg|27: 1806 529 200 59 32 13 4 1 
33745|Child_Cross21|18: 1806 525 200 59 32 13 4 1 
33749|Child_Cross21|10: 1799 525 200 59 32 13 4 1 
33750|Child_Cross21|34: 1815 525 200 59 32 13 4 1 
33754|Child_Cross12|9: 1803 525 200 59 32 13 4 1 
33758|Child_CrossABC2|8: 1810 525 200 59 32 13 4 1 
33762|Child_Cross12|13: 1869 525 200 59 32 13 4 1 
33768|Child_Cross21|46: 1872 525 200 59 32 13 4 1 
33770|Child_Cross12|29: 1869 530 200 59 32 13 4 1 
33778|Child_Avg|43: 1813 525 200 59 32 13 4 1 
33780|Child_Cross12|57: 1817 525 200 59 32 13 4 1 
33795|Child_Cross21|46: 1829 525 200 59 32 13 4 1 
33820|Child_Avg|3: 1822 525 200 59 32 13 4 1 
33822|Child_Avg|15: 1819 525 200 59 32 13 4 1 
33836|Child_CrossABC1|1: 1740 595 202 69 30 11 5 1 
33840|Child_Avg|7: 1841 570 205 69 30 11 5 1 
33842|Child_LevyP2|10: 1969 575 209 71 29 10 4 1 
33845|Survivor|1: 1689 532 218 79 33 12 5 1 
33848|Child_CrossABC1|7: 2243 896 258 84 35 12 5 1 
33851|Child_Cross21|22: 2051 580 223 76 31 10 4 1 
33856|Child_Cross21|6: 6549 1593 548 167 67 31 10 4 1 
33887|Survivor|1: 4548 1241 399 158 64 33 9 4 1 
33895|Child_Levy|4: 2412 628 240 93 36 14 5 1 
33898|Child_Avg|27|Mutated: 1555 499 200 78 35 11 5 1 
33904|Child_Cross12|33: 1695 582 208 79 32 13 4 1 
33924|Child_Avg|7: 1602 550 195 79 32 13 4 1 
33925|Child_Cross21|10: 1570 538 199 72 32 13 4 1 
33927|Child_LevyP1|9: 1784 554 203 77 31 14 5 1 
33928|Child_Cross12|17: 1575 538 197 74 31 14 4 1 
33936|Child_Cross21|30: 1546 528 194 67 31 14 4 1 
33950|Child_Avg|11: 2011 704 220 91 37 13 4 1 
33954|Child_Levy|20: 1847 601 216 78 35 12 5 1 
33958|Survivor|1|Mutated: 1847 635 216 78 35 12 5 1 
33969|Child_Cross12|49: 1853 656 204 75 35 12 5 1 
33970|Child_Avg|7: 1778 616 209 73 35 12 5 1 
33973|Child_CrossABC1|7: 1781 646 204 74 35 12 5 1 
33982|Child_CrossABC1|1: 1740 561 197 74 35 12 5 1 
33991|Child_Avg|27: 1860 607 202 72 32 11 4 1 
34008|Child_Cross21|22: 1810 572 197 63 31 14 4 1 
34040|Survivor|1: 1782 471 176 63 29 10 4 1 
34059|Child_Cross21|18: 3672 908 281 91 31 14 4 1 
34062|Child_Avg|7: 1541 451 172 71 29 10 4 1 
34065|Child_CrossABC1|7: 2511 684 212 79 32 13 4 1 
34068|Child_LevyP2|4: 2325 679 211 81 31 14 5 1 
34071|Child_Cross21|18: 2325 679 211 81 31 14 4 1 
34075|Child_Cross21|10: 1762 510 181 72 32 13 4 1 
34077|Child_Cross12|13: 2108 547 188 73 36 13 4 1 
34099|Child_CrossABC2|2: 2061 573 187 80 36 13 4 1 
34116|Child_Avg|23: 2397 700 252 91 37 14 4 1 
34124|Child_Cross12|9: 1993 611 214 82 37 14 4 1 
34128|Child_CrossABC1|7: 1745 622 214 82 37 14 4 1 
34130|Child_CrossABC1|7: 1793 622 214 82 37 14 4 1 
34132|Child_CrossABC2|2: 1866 581 204 78 37 14 4 1 
34133|Child_Levy|44: 1912 574 204 77 37 14 4 1 
34134|Child_Levy|60: 1890 577 205 75 32 13 4 1 
34136|Child_Cross21|22|Mutated: 1893 595 202 81 32 13 4 1 
34144|Child_CrossABC2|2: 2121 613 204 85 32 13 4 1 
34159|Child_CrossABC2|2: 2121 613 205 85 32 13 4 1 
34170|Child_CrossABC1|7: 1901 613 205 85 32 13 4 1 
34171|Child_CrossABC1|7: 2186 613 205 85 32 13 4 1 
34172|Child_CrossABC1|1: 2209 613 205 85 32 13 4 1 
34184|Child_Cross12|13: 2168 555 194 78 31 14 5 1 
34193|Child_Levy|24: 2132 546 192 75 31 14 4 1 
34194|Child_Levy|20: 2147 591 201 72 32 13 4 1 
34198|Child_CrossABC1|1: 2146 593 199 72 32 13 4 1 
34202|Child_Cross21|50: 2122 587 193 69 32 13 4 1 
34203|Survivor|1|Mutated: 2122 587 193 82 32 13 4 1 
34204|Child_CrossABC2|8: 2125 587 198 74 32 13 4 1 
34227|Child_CrossABC2|8: 1969 561 207 72 32 13 4 1 
34230|Child_Cross21|30: 1969 561 207 72 32 13 5 1 
34249|Child_CrossABC2|8: 1967 563 205 68 32 13 5 1 
34254|Child_Cross21|6: 1967 563 205 68 31 11 4 1 
34268|Child_CrossABC1|1|Mutated: 2091 565 194 65 31 10 4 1 
34277|Survivor|1: 2091 565 194 65 29 10 4 1 
34284|Survivor|1: 1850 517 192 63 29 10 4 1 
34291|Survivor|1: 1897 537 194 61 29 10 4 1 
34292|Child_Cross21|2: 1865 572 194 61 29 10 4 1 
34293|Child_Avg|7: 1856 545 193 61 29 9 4 1 
34301|Child_Cross21|22|Mutated: 1957 522 194 72 29 10 4 1 
34303|Child_Avg|55: 1889 542 193 61 29 9 4 1 
34307|Child_Cross12|29: 1864 545 193 61 29 9 4 1 
34308|Child_Cross21|58: 1900 532 193 61 29 9 4 1 
34320|Child_Avg|19: 1861 545 193 61 29 9 4 1 
34321|Child_Cross21|18: 1863 545 193 61 29 9 4 1 
34322|Child_Cross21|34: 1871 545 193 61 29 9 4 1 
34326|Child_Cross12|53: 1863 545 222 61 29 9 4 1 
34327|Child_Cross12|57: 1867 545 207 61 29 9 4 1 
34334|Child_Cross21|46: 1855 542 193 61 29 9 4 1 
34337|Child_Cross12|33: 1854 542 193 61 29 9 4 1 
34341|Child_CrossABC2|2|Mutated: 1866 543 214 73 29 9 4 1 
34342|Child_Cross21|18: 1803 545 193 61 29 9 4 1 
34353|Child_Cross12|33: 1820 542 193 61 29 9 4 1 
34355|Child_Avg|35: 1837 542 193 61 29 9 4 1 
34356|Child_Cross12|57: 1847 542 193 61 29 9 4 1 
34357|Child_Avg|39: 1828 542 193 61 29 9 4 1 
34366|Child_Cross21|14: 1844 542 193 61 29 9 4 1 
34369|Child_Cross21|46: 1834 542 193 61 29 9 4 1 
34371|Child_Avg|39: 1879 542 193 61 29 9 4 1 
34377|Child_Cross12|5: 1862 542 193 61 29 9 4 1 
34378|Child_Cross21|46: 1821 542 193 61 29 9 4 1 
34383|Child_Cross12|25: 1810 542 193 61 29 9 4 1 
34440|Child_Levy|16: 2240 580 236 97 35 12 5 1 
34444|Child_Avg|19: 1855 604 208 89 35 11 5 1 
34445|Child_LevyABC2|12: 2109 661 276 97 36 13 4 1 
34446|Child_Cross21|2: 2312 639 232 86 36 13 4 1 
34448|Child_Cross12|9: 2141 603 219 86 36 13 4 1 
34451|Child_Cross21|2: 2046 657 221 86 35 12 5 1 
34452|Child_LevyABC2|12: 2348 610 229 87 35 12 5 1 
34453|Child_Cross12|29: 1876 593 224 85 35 12 5 1 
34459|Child_Cross21|6: 1787 563 216 79 35 12 5 1 
34462|Child_Cross21|42: 1768 556 199 74 36 11 5 1 
34463|Child_CrossABC1|7: 2126 596 209 75 35 13 5 1 
34464|Child_Avg|59: 1787 556 201 75 35 11 5 1 
34467|Child_Avg|59: 1784 556 201 75 35 11 5 1 
34485|Child_CrossABC2|8: 1827 552 202 73 35 11 5 1 
34492|Child_CrossABC2|2: 1781 600 201 78 35 11 5 1 
34498|Survivor|1|Mutated: 1781 600 201 78 35 13 6 1 
34499|Child_Avg|3|Mutated: 1765 520 197 76 35 11 5 1 
34501|Child_Avg|23: 1809 508 199 63 35 12 5 1 
34508|Survivor|1: 1809 533 227 63 35 12 5 1 
34517|Child_Avg|3: 1786 483 221 86 35 11 4 1 
34521|Child_Cross21|26: 1786 483 221 86 40 13 5 1 
34534|Child_CrossABC1|7: 1796 522 222 91 35 11 4 1 
34537|Child_Avg|27: 1805 506 224 75 35 11 5 1 
34553|Child_CrossABC1|1: 1807 510 224 75 35 11 5 1 
34555|Child_Cross12|53: 1862 520 212 69 35 11 5 1 
34556|Child_Cross12|33: 1823 518 204 73 35 11 5 1 
34557|Child_Cross12|41: 1713 526 219 64 35 11 5 1 
34581|Child_Avg|3: 1934 532 209 67 35 13 5 1 
34614|Survivor|1: 1847 534 186 85 36 15 4 1 
34619|Child_Levy|36: 1867 532 193 82 36 11 5 1 
34621|Child_LevyABC1|5: 1733 604 192 80 37 13 4 1 
34625|Child_Avg|3: 1751 578 193 83 36 13 4 1 
34654|Child_CrossABC1|7: 1751 573 193 83 36 13 4 1 
34655|Child_CrossABC1|7: 1751 490 193 83 36 13 4 1 
34692|Child_Cross21|54: 1771 489 204 74 32 13 4 1 
34697|Child_Cross12|37|Mutated: 1703 498 198 73 36 13 4 1 
34704|Child_CrossABC1|7: 2488 605 292 117 36 13 4 1 
34715|Child_Avg|43: 1969 581 247 90 37 12 5 1 
34719|Child_LevyP2|4: 1730 503 207 73 35 11 4 1 
34720|Child_Cross12|53: 1853 551 227 78 31 10 4 1 
34721|Child_Cross12|13: 1730 503 207 73 35 11 5 1 
34731|Child_Cross12|1: 8599 1690 627 179 73 35 11 5 1 
34734|Child_CrossABC1|1: 1772 593 239 73 35 11 5 1 
34735|Child_Cross21|50|Mutated: 1926 556 218 71 35 11 5 1 
34737|Child_CrossABC2|2: 1795 603 219 71 35 11 5 1 
34741|Child_Cross12|33: 1845 551 208 67 31 10 4 1 
34754|Child_Cross21|42: 1781 554 211 65 31 10 4 1 
34755|Child_LevyP1|9: 1782 557 213 69 30 11 5 1 
34759|Child_Avg|47: 1793 558 211 67 30 11 5 1 
34770|Child_CrossABC1|1: 1799 558 211 67 30 11 5 1 
34773|Child_CrossABC2|8: 1797 558 211 67 30 11 5 1 
34774|Child_CrossABC2|8: 1801 558 211 67 30 11 5 1 
34815|Survivor|1: 1675 516 183 67 32 11 4 1 
34820|Survivor|1: 1836 515 188 70 33 12 5 1 
34838|Survivor|1: 1929 511 187 68 32 11 4 1 
34857|Survivor|1: 1813 476 194 69 27 10 4 1 
34880|Survivor|1: 1753 717 219 69 28 11 4 1 
34882|Child_Cross12|5: 1828 546 233 77 35 13 5 1 
34883|Child_CrossABC1|1: 1875 517 250 73 36 11 5 1 
34889|Child_Levy|4: 1489 479 198 74 32 13 4 1 
34890|Child_Avg|51: 2185 591 222 80 35 12 5 1 
34899|Child_Cross12|13: 2016 534 212 79 35 12 5 1 
34900|Child_Avg|43: 2410 754 277 94 35 13 5 1 
34901|Child_Levy|16: 2193 641 246 80 35 11 4 1 
34904|Child_CrossABC1|7: 2105 509 223 74 35 12 5 1 
34918|Child_Levy|52: 2232 649 232 86 35 12 5 1 
34927|Child_CrossABC1|1: 2225 597 228 78 35 12 5 1 
34943|Child_CrossABC2|8: 2304 651 205 78 35 12 5 1 
34944|Child_Levy|36: 2189 600 229 74 36 13 4 1 
34952|Child_Levy|12: 2122 580 227 73 35 12 5 1 
34957|Child_CrossABC1|1: 2112 582 227 73 35 13 5 1 
34958|Child_CrossABC2|2: 2126 582 227 73 35 11 5 1 
34964|Survivor|1|Mutated: 2126 582 227 73 35 12 5 1 
34967|Child_Avg|55|Mutated: 2175 632 224 82 35 13 5 1 
34972|Child_Levy|4: 2204 606 223 73 36 13 4 1 
34975|Child_Cross12|53|Mutated: 2204 514 226 73 37 14 4 1 
34982|Child_Cross12|1: 2178 516 213 73 37 14 4 1 
34988|Child_CrossABC2|8: 2303 505 213 77 37 14 4 1 
34996|Child_Levy|24: 2248 523 212 76 35 13 5 1 
34999|Child_CrossABC1|1: 2195 604 207 77 37 14 4 1 
35006|Child_Avg|59: 2123 583 203 69 37 13 4 1 
35027|Child_Avg|11: 1867 529 196 66 36 13 4 1 
35034|Child_CrossABC1|1: 1869 511 197 68 36 13 4 1 
35049|Child_Avg|55: 2246 569 222 93 37 13 4 1 
35055|Survivor|1: 1985 556 212 75 37 14 4 1 
35066|Child_CrossABC2|8|Mutated: 2168 497 212 74 33 14 4 1 
35069|Child_Cross12|9: 1811 562 209 67 32 13 4 1 
35072|Child_Avg|39: 1904 567 210 66 32 13 4 1 
35074|Child_CrossABC1|1: 1826 572 207 72 31 14 4 1 
35078|Child_Avg|55: 1844 571 206 67 32 13 4 1 
35096|Survivor|1: 1837 503 204 67 30 13 5 1 
35099|Child_Avg|47: 1774 512 199 65 31 10 4 1 
35126|Child_CrossABC1|7: 1799 511 205 69 31 10 4 1 
35149|Child_Cross21|42: 1788 558 190 65 31 10 4 1 
35153|Child_Cross12|9: 1829 533 197 65 31 10 4 1 
35157|Survivor|1: 1837 529 193 65 31 10 4 1 
35175|Child_Avg|31: 1753 532 197 61 29 10 4 1 
35183|Survivor|1: 1724 499 193 59 30 11 5 1 
35184|Child_Cross12|17: 1764 519 192 58 30 11 5 1 
35208|Child_Levy|44: 1831 525 204 71 30 12 5 1 
35229|Survivor|1: 1753 515 187 63 35 12 5 1 
35234|Child_Levy|36: 2609 709 229 93 35 18 4 1 
35239|Child_CrossABC1|1: 1820 534 192 73 35 13 5 1 
35251|Child_Cross12|49: 1726 499 187 67 35 13 5 1 
35277|Child_Cross12|17|Mutated: 2218 633 251 81 37 14 6 1 
35279|Child_LevyP2|4: 2090 602 239 98 40 13 4 1 
35292|Child_Cross12|49: 2090 602 239 98 39 14 4 1 
35297|Child_Cross12|41: 2087 719 231 93 39 14 4 1 
35302|Child_CrossABC1|1: 2105 714 229 93 39 14 4 1 
35305|Child_Cross21|34: 1949 604 230 81 40 11 5 1 
35312|Child_Levy|20: 1911 556 223 78 40 12 5 1 
35317|Child_Levy|32: 1883 609 234 77 35 12 5 1 
35328|Child_Levy|4: 1717 579 211 72 35 13 5 1 
35332|Child_Avg|59: 1713 555 206 72 35 13 5 1 
35333|Child_Cross12|1: 1909 596 219 71 35 11 4 1 
35335|Child_Cross21|14: 1712 572 207 71 35 11 5 1 
35336|Child_Cross12|5: 1824 585 193 71 35 13 5 1 
35338|Child_Avg|39: 1827 577 196 71 35 11 5 1 
35340|Child_Cross21|46: 1810 561 209 67 35 13 5 1 
35342|Child_Avg|31: 1917 567 209 75 35 13 5 1 
35349|Child_CrossABC2|8: 1896 566 208 86 35 12 5 1 
35351|Child_CrossABC2|2: 1890 567 211 91 35 12 5 1 
35363|Child_Cross12|21: 1834 561 209 79 35 12 5 1 
35372|Child_Cross21|50: 1875 554 200 74 35 12 5 1 
35382|Child_CrossABC1|7: 1906 552 199 75 35 12 5 1 
35385|Child_LevyABC1|11: 1818 561 215 74 36 13 4 1 
35391|Child_LevyP2|4: 1839 549 223 73 35 12 5 1 
35394|Child_Cross12|1: 1756 513 200 73 30 11 5 1 
35396|Child_Cross12|29: 1840 554 205 71 28 11 4 1 
35398|Child_CrossABC1|7: 1874 577 205 71 28 11 4 1 
35408|Child_CrossABC2|8: 1827 533 205 71 28 11 4 1 
35410|Child_Avg|47: 1834 531 202 65 28 11 4 1 
35414|Child_Cross21|34: 1822 519 203 65 29 10 4 1 
35417|Child_Avg|39|Mutated: 1784 559 198 65 28 11 4 1 
35418|Child_CrossABC1|1: 1859 530 206 92 29 10 4 1 
35421|Child_CrossABC2|8: 1779 520 200 92 29 10 4 1 
35433|Child_LevyP2|4: 1726 512 202 91 30 11 5 1 
35438|Survivor|1|Mutated: 1615 531 202 91 30 11 5 1 
35442|Survivor|1: 1628 531 189 84 29 10 4 1 
35449|Child_Cross21|6: 1619 545 211 83 29 10 4 1 
35451|Survivor|1|Mutated: 1619 545 211 89 27 10 4 1 
35456|Child_Avg|39: 1611 518 192 79 27 10 4 1 
35463|Child_Cross12|9: 1616 507 199 65 27 10 4 1 
35475|Child_Cross12|29: 1618 507 199 65 27 10 4 1 
35476|Child_CrossABC2|8: 1614 507 199 65 27 10 4 1 
35479|Child_LevyP1|9: 1609 527 196 81 30 11 5 1 
35484|Child_CrossABC2|2: 1620 507 199 65 27 10 4 1 
35495|Child_Cross12|21: 7419 1532 412 151 65 27 10 4 1 
35519|Child_Levy|44: 2043 620 217 75 32 13 5 1 
35525|Child_CrossABC2|8: 2558 643 218 73 32 13 4 1 
35526|Child_Levy|52: 1926 571 186 72 32 13 5 1 
35576|Child_Levy|52: 4133 1319 455 169 82 33 9 4 1 
35580|Child_Cross21|58: 1735 501 229 80 33 9 4 1 
35585|Child_CrossABC1|7: 1825 535 212 88 33 9 4 1 
35588|Child_Cross21|46: 1763 532 205 67 33 9 4 1 
35597|Child_Cross21|26: 1813 551 207 65 33 9 4 1 
35601|Child_CrossABC2|8: 1749 549 207 65 33 9 4 1 
35611|Child_Cross12|33: 1811 551 207 65 33 9 4 1 
35612|Child_Cross21|46: 1815 551 207 65 33 9 4 1 
35613|Child_Cross21|6: 1790 549 206 65 33 9 4 1 
35614|Child_Cross12|41: 1794 549 206 65 33 9 4 1 
35615|Child_Cross21|42: 1779 549 206 65 33 9 4 1 
35619|Child_Cross12|5: 1793 549 206 65 33 9 4 1 
35621|Child_Cross12|21: 1797 549 206 65 33 9 4 1 
35622|Child_Avg|27: 1800 549 206 65 33 9 4 1 
35623|Child_Cross21|10: 1804 549 206 65 33 9 4 1 
35624|Child_Cross12|53: 1786 549 207 65 33 9 4 1 
35627|Child_Cross12|57: 1801 549 206 65 33 9 4 1 
35630|Child_Cross21|22: 1829 549 206 65 33 9 4 1 
35633|Child_Avg|27: 1815 549 206 65 33 9 4 1 
35644|Child_Cross21|30: 1825 549 206 65 33 9 4 1 
35645|Child_Cross21|54: 1805 549 206 65 33 9 4 1 
35648|Child_Cross12|21|Mutated: 1816 546 206 65 33 9 4 1 
35649|Child_Cross12|57: 1808 549 206 65 33 9 4 1 
35658|Child_Avg|7: 1818 549 206 65 33 9 4 1 
35660|Child_Avg|35: 1812 549 206 65 33 9 4 1 
35661|Child_Cross12|5: 1833 549 206 65 33 9 4 1 
35669|Child_CrossABC2|8: 1848 549 206 65 33 9 4 1 
35674|Child_Cross12|57: 1831 548 206 65 33 9 4 1 
35699|Child_Cross12|1: 3851 1091 374 166 70 33 9 4 1 
35712|Child_Levy|4: 1802 536 199 63 35 12 5 1 
35718|Survivor|1: 1776 539 198 67 30 9 4 1 
35727|Child_Levy|32: 2397 705 236 114 35 12 5 1 
35766|Child_CrossABC1|7: 2371 678 251 109 35 12 5 1 
35770|Child_CrossABC1|7: 2332 716 248 111 35 12 5 1 
35775|Child_Avg|3: 2013 572 206 82 35 11 4 1 
35776|Child_Avg|19: 1747 548 191 75 35 11 5 1 
35777|Child_Avg|15: 1983 613 212 80 35 12 5 1 
35778|Child_Cross12|49: 1853 556 198 77 35 12 5 1 
35782|Child_Cross12|13: 1774 552 188 75 35 12 5 1 
35788|Child_CrossABC2|8: 1778 530 201 76 35 12 5 1 
35794|Child_Cross12|13: 1946 549 199 73 36 13 4 1 
35796|Child_Avg|11: 1860 556 217 71 35 11 5 1 
35816|Survivor|1: 1866 579 195 62 35 11 5 1 
35834|Survivor|1: 1666 538 173 68 32 13 4 1 
35852|Child_Cross21|38|Mutated: 2185 582 253 123 35 11 5 1 
35854|Child_Cross12|57: 1763 508 197 87 35 11 5 1 
35855|Child_Cross12|25|Mutated: 1565 537 278 91 37 14 4 1 
35858|Child_Cross21|6: 1772 502 199 82 37 14 4 1 
35866|Child_LevyABC1|11: 1783 486 207 80 37 14 4 1 
35867|Child_Avg|35|Mutated: 2598 612 272 101 41 13 4 1 
35880|Child_Levy|48: 2113 543 224 87 40 12 5 1 
35893|Survivor|1|Mutated: 2113 543 224 87 40 14 5 1 
35894|Child_Cross12|17: 2123 562 221 82 37 13 4 1 
35897|Child_Cross21|46: 2053 562 228 83 40 14 5 1 
35899|Child_Avg|7|Mutated: 2081 576 245 88 37 13 4 1 
35906|Child_CrossABC2|8: 2120 587 255 96 36 13 4 1 
35926|Child_Levy|20: 1679 546 197 84 35 12 5 1 
35927|Child_Cross12|29: 1679 546 197 84 36 13 4 1 
35931|Child_Avg|59: 1815 533 203 80 36 13 4 1 
35934|Child_CrossABC1|1: 1904 654 213 80 36 13 4 1 
35935|Child_CrossABC2|2: 1817 529 199 73 36 13 4 1 
35936|Child_CrossABC2|2|Mutated: 1834 558 197 85 35 12 5 1 
35952|Child_Avg|55: 1870 564 199 79 35 12 5 1 
35953|Child_Avg|47: 1855 543 201 76 35 12 5 1 
35957|Survivor|1|Mutated: 1592 543 201 76 35 12 5 1 
35959|Child_CrossABC1|1: 1592 543 201 76 35 13 5 1 
35961|Child_CrossABC1|1: 1718 543 201 76 35 13 5 1 
35971|Child_CrossABC1|1: 1775 532 201 78 35 12 5 1 
35973|Child_CrossABC2|8: 1769 531 202 85 35 12 5 1 
35991|Child_Cross12|45: 1757 533 197 78 35 12 5 1 
36006|Child_Levy|32: 1874 523 202 81 37 13 4 1 
36015|Child_Avg|31|Mutated: 1654 585 205 75 32 13 4 1 
36017|Child_Cross12|49: 1827 566 209 73 32 13 4 1 
36019|Child_Cross12|13: 1868 568 205 72 32 13 4 1 
36025|Child_Cross21|2: 1842 573 218 72 32 13 4 1 
36028|Survivor|1|Mutated: 1842 573 218 72 32 13 5 1 
36029|Child_Avg|11: 2090 629 235 92 37 13 4 1 
36031|Child_CrossABC1|7: 1856 571 225 79 28 13 4 1 
36034|Child_Levy|24: 1891 569 214 76 35 13 5 1 
36058|Child_Levy|28: 1821 558 202 69 35 11 5 1 
36067|Child_Avg|31: 1791 557 205 71 35 11 5 1 
36068|Child_CrossABC2|2: 1747 556 206 75 35 11 4 1 
36070|Child_CrossABC1|1|Mutated: 1781 558 203 75 35 11 4 1 
36077|Child_CrossABC2|8: 1792 569 205 71 35 11 4 1 
36080|Child_CrossABC2|2: 1871 546 199 65 35 11 4 1 
36092|Survivor|1: 1733 529 195 62 35 11 5 1 
36099|Child_CrossABC1|1: 1849 529 195 62 35 11 5 1 
36125|Survivor|1: 1760 542 185 61 29 10 4 1 
36132|Child_CrossABC2|8: 1779 526 190 61 29 10 4 1 
36144|Survivor|1: 1816 593 197 61 29 10 4 1 
36156|Child_LevyABC2|6: 1884 534 182 61 29 9 4 1 
36211|Child_CrossABC2|2: 1670 519 212 89 35 11 4 1 
36233|Child_LevyP2|4: 1575 487 220 73 35 12 5 1 
36235|Child_LevyP2|10: 1707 476 206 77 31 14 4 1 
36272|Child_Cross12|5: 2097 619 201 75 31 14 4 1 
36276|Child_Avg|51: 1900 571 198 75 32 13 4 1 
36280|Child_Cross12|37: 1484 465 172 74 32 13 4 1 
36282|Child_Cross21|50: 2090 553 192 74 31 14 4 1 
36283|Child_Cross21|54: 1876 529 192 74 31 14 4 1 
36284|Child_Cross21|6: 1844 522 191 72 32 13 4 1 
36289|Child_Cross21|22: 1843 556 192 70 33 12 5 1 
36290|Child_Avg|31|Mutated: 1774 551 198 72 32 13 4 1 
36302|Child_Avg|39|Mutated: 1802 543 212 71 29 11 5 1 
36307|Child_Cross21|6: 1802 543 212 71 29 10 4 1 
36329|Survivor|1: 1623 490 193 61 29 9 4 1 
36334|Survivor|1: 1729 540 173 61 29 9 4 1 
36341|Child_Cross12|9: 4672 1138 401 171 70 29 11 5 1 
36353|Survivor|1: 4553 1384 413 154 69 30 11 5 1 
36361|Child_Cross21|22: 4553 1384 413 154 62 29 9 4 1 
36379|Child_Avg|51: 1820 583 163 73 29 10 4 1 
36396|Child_Cross21|18: 1822 572 209 70 29 9 4 1 
36402|Child_Cross21|14: 1865 533 185 70 29 9 4 1 
36404|Child_CrossABC1|7: 1867 501 199 70 29 9 4 1 
36418|Child_CrossABC1|7: 2223 559 198 90 31 10 4 1 
36419|Child_Avg|55: 1856 499 182 73 29 10 4 1 
36426|Child_Cross21|38: 1798 522 181 71 29 10 4 1 
36427|Child_Avg|55: 1784 494 182 71 29 10 4 1 
36451|Survivor|1|Mutated: 1531 494 182 71 29 10 4 1 
36469|Survivor|1: 1530 491 189 70 29 9 4 1 
36476|Child_Cross12|57: 1566 502 195 61 29 9 4 1 
36481|Child_Avg|23: 1846 535 185 61 29 9 4 1 
36486|Child_Cross21|22: 1846 535 185 61 29 10 4 1 
36493|Child_Cross21|42: 1737 515 188 61 29 10 4 1 
36498|Child_Avg|43: 1866 535 185 61 29 10 4 1 
36500|Child_CrossABC2|2: 1864 535 185 61 29 10 4 1 
36505|Child_Cross21|54: 1868 535 185 61 29 10 4 1 
36506|Child_Cross12|29: 1881 535 185 61 29 10 4 1 
36508|Child_LevyABC2|12: 1851 553 199 72 30 11 5 1 
36513|Child_Avg|7: 1858 535 185 61 29 10 4 1 
36517|Child_Cross12|25: 1861 535 185 61 29 10 4 1 
36520|Child_Avg|15: 1860 535 185 61 29 10 4 1 
36523|Child_Avg|3: 1863 535 185 61 29 10 4 1 
36538|Child_Cross21|54: 1866 535 185 61 29 9 4 1 
36541|Child_Cross21|54: 1865 535 185 61 29 10 4 1 
36545|Child_Cross21|34|Mutated: 1768 535 200 61 29 10 4 1 
36549|Child_Cross12|5: 1864 535 197 61 29 10 4 1 
36565|Child_Cross21|26: 1862 535 185 61 29 10 4 1 
36571|Child_Cross12|53: 1859 535 185 61 29 10 4 1 
36577|Child_Cross21|6: 1879 535 185 61 29 10 4 1 
36589|Child_Cross21|22: 1862 535 197 61 29 10 4 1 
36601|Child_Avg|23: 1841 535 185 61 29 10 4 1 
36605|Child_Avg|15: 1882 535 185 61 29 10 4 1 
36617|Child_Avg|47|Mutated: 1863 535 200 61 29 10 4 1 
36639|Child_Cross21|6: 2417 641 238 80 35 13 5 1 
36652|Child_Avg|47|Mutated: 2260 617 227 75 35 11 5 1 
36655|Child_Levy|28: 1782 544 202 73 29 10 4 1 
36665|Child_CrossABC2|2: 1804 525 202 73 29 10 4 1 
36669|Survivor|1|Mutated: 1804 525 202 73 29 10 3 1 
36675|Survivor|1: 1692 511 194 64 29 10 4 1 
36693|Child_CrossABC2|8: 1585 495 179 61 29 9 4 1 
36718|Child_Cross12|21: 1595 494 194 61 29 10 4 1 
36728|Child_Cross12|17: 1783 632 192 85 27 14 4 1 
36737|Survivor|1: 1587 557 219 76 27 14 4 1 
36745|Child_Cross21|38: 1544 564 217 75 31 14 4 1 
36756|Child_Cross12|13: 1576 581 200 67 31 14 4 1 
36758|Child_Cross12|49: 1579 587 205 67 31 14 4 1 
36760|Child_Avg|51: 2312 652 292 87 32 13 4 1 
36765|Child_Levy|52: 1793 597 228 75 32 13 5 1 
36766|Child_Avg|59: 1822 550 214 73 35 12 5 1 
36768|Child_Cross21|42: 1836 577 234 73 35 12 5 1 
36769|Child_Cross21|14: 1822 550 214 73 32 13 5 1 
36772|Child_Levy|60: 1674 567 218 75 32 13 5 1 
36773|Child_Cross21|34: 1784 545 214 67 31 14 4 1 
36774|Child_Levy|56: 1823 565 206 69 29 14 4 1 
36792|Survivor|1: 1723 524 201 69 29 14 4 1 
36793|Child_LevyABC1|11: 1865 531 222 67 30 11 5 1 
36800|Child_Cross21|2: 1851 518 211 65 29 10 4 1 
36823|Child_Avg|39: 1802 518 211 65 29 10 4 1 
36824|Child_CrossABC1|1: 1818 518 211 65 29 10 4 1 
36825|Child_LevyP1|9|Mutated: 1833 618 217 69 30 11 5 1 
36828|Child_Cross12|17: 1752 505 194 64 29 10 4 1 
36836|Child_Cross21|38: 1780 508 199 62 29 10 4 1 
36841|Survivor|1: 1772 507 199 62 29 10 4 1 
36844|Child_CrossABC2|8: 1771 508 197 63 29 10 4 1 
36862|Survivor|1: 1784 507 201 59 30 11 5 1 
36886|Child_Avg|19: 2236 731 255 78 41 14 4 1 
36895|Survivor|1: 2738 695 246 88 38 17 5 1 
36896|Child_CrossABC1|7: 2306 597 242 101 35 12 5 1 
36901|Child_Cross21|34: 2121 611 226 100 35 12 5 1 
36902|Child_Cross21|18: 1600 474 199 67 35 12 5 1 
36903|Child_Cross21|50: 1845 517 202 75 35 11 5 1 
36917|Child_Levy|44: 2059 648 218 70 29 11 5 1 
36922|Child_LevyP2|4: 1785 551 232 81 36 11 5 1 
36935|Survivor|1: 1786 566 219 71 33 10 4 1 
36936|Child_Levy|44: 2723 760 256 96 43 13 5 1 
36941|Child_LevyABC2|6: 1960 515 204 73 35 12 5 1 
36942|Child_Levy|60: 1822 557 219 76 41 11 5 1 
36961|Child_Avg|11: 1891 519 189 67 35 11 5 1 
36963|Child_CrossABC2|2: 1705 541 214 75 35 11 5 1 
36993|Child_Cross12|57: 2249 602 223 68 32 11 4 1 
37016|Survivor|1: 1918 603 191 72 32 13 4 1 
37018|Survivor|1: 1791 529 186 67 28 10 3 1 
37024|Survivor|1: 1657 513 182 70 30 11 5 1 
37030|Child_LevyABC2|6: 1546 494 179 83 29 10 4 1 
37043|Child_Avg|15: 1800 622 240 86 35 11 5 1 
37046|Survivor|1: 1760 622 240 86 35 11 5 1 
37048|Child_Avg|11|Mutated: 1702 547 211 73 35 12 5 1 
37055|Child_LevyP1|9: 1757 569 241 80 33 12 5 1 
37064|Child_Avg|11: 2101 609 260 95 36 14 5 1 
37065|Child_LevyP1|9|Mutated: 1789 540 257 89 32 11 4 1 
37066|Child_Avg|7: 1868 596 269 86 35 13 5 1 
37069|Child_Avg|7: 1815 569 238 81 36 13 4 1 
37072|Survivor|1|Mutated: 1819 569 238 81 36 13 4 1 
37074|Child_Cross21|6: 1739 553 227 74 36 13 4 1 
37077|Child_LevyP1|9: 1797 572 223 75 35 12 5 1 
37078|Child_Avg|15: 1750 550 226 73 36 13 4 1 
37083|Survivor|1|Mutated: 1750 579 226 73 36 13 4 1 
37097|Child_CrossABC2|8: 1677 594 211 73 36 13 4 1 
37099|Child_LevyABC1|5|Mutated: 1755 528 203 86 40 13 4 1 
37110|Survivor|1|Mutated: 2097 533 214 77 36 13 4 1 
37117|Child_Avg|11: 1921 501 210 72 32 13 4 1 
37129|Survivor|1|Mutated: 1921 501 210 72 32 13 5 1 
37130|Child_Avg|23: 1914 501 209 70 31 11 4 1 
37136|Survivor|1: 1914 501 184 70 31 11 4 1 
37138|Child_CrossABC1|7: 1833 547 212 68 31 11 4 1 
37140|Child_Levy|12: 1636 528 201 80 30 11 5 1 
37144|Survivor|1|Mutated: 1928 528 201 80 30 11 5 1 
37145|Child_LevyP1|3: 1861 530 187 82 29 13 6 1 
37157|Child_Cross12|57: 1764 508 185 64 29 10 4 1 
37158|Child_Avg|19: 1833 532 187 77 28 12 5 1 
37159|Child_Avg|19|Mutated: 1503 523 200 81 29 11 5 1 
37164|Child_Avg|7: 1594 520 211 69 28 11 4 1 
37167|Child_CrossABC1|7: 1593 571 172 77 28 12 5 1 
37180|Child_Avg|39: 1621 535 186 63 28 11 4 1 
37199|Survivor|1: 1652 511 187 62 27 10 4 1 
37226|Child_Cross21|58: 2237 624 242 89 40 13 4 1 
37235|Child_Avg|39: 2167 578 222 84 35 12 5 1 
37244|Child_Avg|55: 2050 585 221 79 35 12 5 1 
37251|Child_Cross12|53: 1899 550 219 76 35 12 5 1 
37253|Child_LevyABC1|5: 1870 553 210 81 36 13 4 1 
37256|Child_CrossABC1|1: 1873 555 224 75 35 11 5 1 
37260|Child_Cross12|17: 1818 526 218 71 35 13 5 1 
37292|Child_Cross12|41: 1818 526 218 71 35 11 5 1 
37296|Child_Cross21|34: 1818 526 218 71 29 10 4 1 
37300|Child_Avg|7: 1829 586 212 73 35 11 4 1 
37301|Survivor|1|Mutated: 1829 586 212 73 35 11 5 1 
37306|Child_Cross21|26: 1800 563 214 72 29 10 4 1 
37308|Child_Cross12|17: 1800 563 214 72 32 13 4 1 
37309|Child_Cross21|26: 1800 563 214 72 30 11 5 1 
37319|Child_CrossABC1|1: 1839 570 220 69 31 10 4 1 
37321|Child_Cross21|38: 1812 528 249 92 29 10 4 1 
37322|Child_Levy|12: 1940 573 241 82 33 12 5 1 
37323|Child_Avg|15|Mutated: 1940 572 241 82 28 11 4 1 
37332|Child_Cross12|37: 1786 573 223 74 29 10 4 1 
37338|Child_CrossABC1|7: 1761 565 213 80 29 10 4 1 
37342|Child_CrossABC1|1: 1728 533 214 71 29 10 4 1 
37347|Child_CrossABC2|2: 1756 534 228 71 29 10 4 1 
37349|Child_CrossABC1|7: 1735 547 227 71 29 10 4 1 
37358|Child_LevyP1|3: 1817 548 230 70 29 9 4 1 
37373|Survivor|1: 1619 525 200 64 29 10 4 1 
37376|Child_Cross12|5: 7356 1750 525 188 73 24 11 4 1 
37391|Child_Levy|44: 1568 503 186 67 24 11 5 1 
37396|Child_Cross12|13|Mutated: 1568 503 186 67 24 11 4 1 
37407|Survivor|1: 1556 491 198 67 24 11 5 1 
37409|Survivor|1|Mutated: 1840 491 198 67 24 11 5 1 
37435|Child_Avg|39: 3136 695 207 95 35 11 5 1 
37442|Child_Avg|43: 2470 666 265 91 35 12 5 1 
37445|Child_Cross21|30|Mutated: 2335 666 265 91 35 12 5 1 
37448|Child_Cross12|37: 1891 562 209 81 41 13 4 1 
37455|Child_Avg|15|Mutated: 1714 527 204 77 40 12 5 1 
37456|Child_Avg|55: 1870 523 195 77 37 13 4 1 
37458|Child_Levy|28: 1797 543 201 73 35 11 4 1 
37459|Child_Avg|15: 1744 534 201 74 35 12 5 1 
37460|Child_Avg|43: 1843 541 204 77 36 13 4 1 
37462|Child_Levy|44: 1811 520 204 73 35 12 5 1 
37463|Child_Cross21|50: 1811 520 204 73 35 13 5 1 
37465|Child_Avg|35: 1882 537 205 71 36 13 4 1 
37473|Child_Cross21|50|Mutated: 1845 532 177 67 32 13 4 1 
37482|Child_CrossABC1|1: 1749 532 173 66 32 13 4 1 
37490|Survivor|1: 1987 466 187 76 29 14 4 1 
37497|Survivor|1: 1695 503 198 65 28 11 4 1 
37537|Child_Avg|7: 1829 541 187 68 32 11 4 1 
37541|Child_Levy|8|Mutated: 1821 528 196 86 40 13 5 1 
37546|Child_CrossABC2|2: 2119 554 199 81 36 11 5 1 
37554|Child_Avg|39: 1871 555 182 75 35 11 5 1 
37560|Child_Avg|3|Mutated: 1992 618 245 90 29 14 4 1 
37581|Survivor|1|Mutated: 2084 618 245 90 29 14 4 1 
37586|Child_Levy|20: 1736 562 220 81 28 12 5 1 
37599|Child_Cross21|42: 1939 568 211 72 29 13 6 1 
37601|Child_Cross21|26: 1839 582 184 73 28 12 5 1 
37603|Child_Avg|55: 1818 551 209 72 32 13 5 1 
37605|Child_CrossABC2|2: 1833 566 190 71 28 11 4 1 
37616|Survivor|1: 1660 539 186 69 28 11 4 1 
37618|Child_Cross12|53: 1622 502 190 65 28 11 4 1 
37619|Child_Avg|15: 1843 531 198 65 28 11 4 1 
37624|Child_Levy|4: 1854 538 191 63 27 10 4 1 
37641|Child_Avg|19: 2240 531 213 87 31 10 4 1 
37687|Child_Cross12|33: 1853 504 181 59 27 10 4 1 
37696|Survivor|1: 1856 504 181 59 27 10 4 1 
37697|Child_Avg|39: 1801 504 181 59 27 10 4 1 
37711|Child_Cross21|10: 1797 504 181 59 27 10 4 1 
37712|Child_Cross12|33: 1797 532 181 59 27 10 4 1 
37714|Child_Cross12|21: 1802 504 181 59 27 10 4 1 
37716|Child_Cross12|9: 1791 518 181 59 27 10 4 1 
37717|Child_Cross21|34: 1812 518 181 59 27 10 4 1 
37720|Child_LevyP1|9: 1826 507 183 69 28 12 5 1 
37723|Child_Cross12|41: 1806 504 181 59 27 10 4 1 
37728|Child_Cross21|26: 1798 504 181 59 27 10 4 1 
37735|Child_Avg|35|Mutated: 1795 504 181 69 27 10 4 1 
37743|Child_Cross12|29: 1793 504 181 59 27 10 4 1 
37744|Child_Cross21|26: 1785 504 181 59 27 10 4 1 
37745|Child_Cross21|22: 1777 504 181 59 27 10 4 1 
37759|Child_Cross12|25: 1793 495 181 59 27 10 4 1 
37772|Child_Cross12|25: 1778 500 181 59 27 10 4 1 
37777|Child_Cross12|49: 1781 500 181 59 27 10 4 1 
37786|Child_Cross12|9: 1790 504 181 59 27 10 4 1 
37789|Child_Cross21|58: 1794 504 181 59 27 10 4 1 
37790|Child_Cross12|57: 1786 504 181 59 27 10 4 1 
37799|Child_Cross21|54: 1782 504 181 59 27 10 4 1 
37804|Child_Avg|35: 1789 504 175 65 27 10 4 1 
37809|Child_Cross21|38: 1802 500 181 59 27 10 4 1 
37814|Child_Avg|43: 1737 504 181 65 27 10 4 1 
37844|Survivor|1: 1809 495 181 59 27 10 4 1 
37889|Child_Cross12|37: 1598 538 233 98 32 13 4 1 
37890|Child_Cross21|14: 1865 579 199 98 32 13 4 1 
37894|Child_Levy|24: 1789 562 195 97 35 11 4 1 
37896|Child_Cross21|10: 1873 643 202 81 32 13 4 1 
37897|Child_Cross12|41: 1975 613 194 94 28 13 4 1 
37904|Child_Cross21|14: 1877 561 207 90 28 13 4 1 
37905|Child_Avg|3: 1843 603 193 85 32 13 4 1 
37908|Child_Cross12|45: 1879 581 200 74 28 13 4 1 
37912|Child_CrossABC1|1: 2153 581 200 74 28 13 4 1 
37919|Child_Avg|19: 2094 553 201 66 32 13 4 1 
37922|Child_Avg|43: 1911 582 193 73 28 12 5 1 
37926|Survivor|1: 1877 537 192 70 30 11 5 1 
37934|Child_Avg|43: 1881 547 191 65 28 12 5 1 
37938|Child_Levy|12: 1800 538 193 64 30 12 5 1 
37944|Child_Avg|55: 1889 596 200 65 29 10 4 1 
37945|Child_Avg|23: 1849 520 197 61 29 10 4 1 
37965|Survivor|1: 1873 893 271 84 37 13 4 1 
37976|Child_Avg|23|Mutated: 1828 757 214 75 27 14 4 1 
37988|Survivor|1: 1861 694 203 73 27 14 4 1 
37994|Child_CrossABC2|2: 1737 535 196 67 32 13 4 1 
38004|Child_LevyP1|9: 1676 538 197 69 30 11 5 1 
38014|Child_CrossABC1|1: 1694 530 214 69 30 11 5 1 
38017|Child_CrossABC2|8: 1704 539 202 69 30 11 5 1 
38024|Child_CrossABC2|8: 1880 541 209 69 30 11 5 1 
38038|Child_Avg|31: 2124 656 227 74 34 9 4 1 
38044|Child_Cross12|1: 2124 656 227 74 35 12 5 1 
38045|Child_Cross21|2: 1619 494 182 77 31 10 4 1 
38048|Survivor|1: 2227 622 233 80 30 11 5 1 
38049|Child_Levy|4: 1807 500 205 68 31 11 4 1 
38058|Child_Cross12|1: 1810 568 205 68 31 10 4 1 
38059|Child_Cross21|14: 1810 568 205 68 31 11 4 1 
38067|Child_Cross21|54: 1810 568 205 68 32 13 4 1 
38070|Child_CrossABC1|7: 1835 564 205 68 32 13 4 1 
38095|Survivor|1|Mutated: 1835 564 205 68 32 13 5 1 
38099|Child_CrossABC2|2|Mutated: 1840 563 203 75 28 13 4 1 
38100|Survivor|1|Mutated: 2076 563 203 75 28 13 4 1 
38101|Child_CrossABC2|8: 1879 554 206 81 32 13 4 1 
38105|Child_Avg|51: 1816 551 205 73 35 13 5 1 
38108|Child_Cross21|54: 1857 538 204 72 32 13 4 1 
38110|Child_Avg|39: 1839 526 204 74 32 13 4 1 
38125|Child_Levy|48: 1810 548 201 68 32 13 4 1 
38127|Child_Levy|28: 1846 532 199 62 30 11 5 1 
38129|Survivor|1: 1845 531 198 61 29 9 4 1 
38131|Survivor|1: 1814 569 202 61 29 9 4 1 
38137|Child_Cross21|18: 1830 534 195 61 29 9 4 1 
38138|Child_Avg|59: 1814 541 200 61 29 10 4 1 
38143|Child_Cross21|14: 1824 538 197 61 29 10 4 1 
38146|Child_Cross21|30: 1808 550 202 61 29 9 4 1 
38158|Child_CrossABC2|2: 1791 572 202 61 29 9 4 1 
38162|Child_Cross21|18|Mutated: 1773 534 201 61 24 9 4 1 
38173|Child_Cross12|53: 1781 536 202 59 30 11 5 1 
38174|Child_CrossABC1|1: 1776 534 201 59 30 11 5 1 
38176|Child_CrossABC2|2: 1775 535 202 59 30 11 5 1 
38181|Child_Cross12|29: 1772 534 202 59 30 11 5 1 
38187|Child_Cross21|6: 1777 534 201 59 30 11 5 1 
38188|Child_Cross21|54: 1777 534 202 59 30 11 5 1 
38196|Child_Cross12|25: 1836 534 201 59 30 11 5 1 
38201|Child_Cross21|46: 1771 534 201 59 30 11 5 1 
38212|Child_Avg|31: 1770 534 201 59 30 11 5 1 
38214|Child_Cross21|10: 1766 534 201 59 30 11 5 1 
38222|Child_Cross12|25: 1781 534 201 59 30 11 5 1 
38233|Child_Cross12|5: 1785 534 201 59 30 11 5 1 
38235|Child_Cross12|49: 1811 534 201 59 30 11 5 1 
38249|Child_Cross12|57: 1767 534 201 59 30 11 5 1 
38261|Child_Cross12|25: 1805 534 201 59 30 11 5 1 
38266|Child_Cross21|42: 1795 534 201 59 30 11 5 1 
38286|Child_Levy|44: 2530 611 214 78 30 11 5 1 
38315|Survivor|1: 1904 550 197 61 29 10 4 1 
38322|Survivor|1: 2024 525 202 70 29 11 5 1 
38324|Child_CrossABC2|2: 1999 523 206 71 28 11 4 1 
38344|Child_Cross21|14: 1807 623 220 108 31 14 4 1 
38356|Child_Avg|3: 1793 521 174 72 32 13 4 1 
38370|Child_Avg|47|Mutated: 2285 667 292 89 41 13 6 1 
38385|Child_Levy|16: 1752 563 206 75 35 11 4 1 
38399|Survivor|1|Mutated: 1752 563 206 76 35 11 4 1 
38403|Survivor|1: 1760 537 199 69 32 11 4 1 
38454|Survivor|1|Mutated: 1711 588 177 68 36 13 4 1 
38472|Child_LevyP1|9: 2708 778 275 113 35 12 5 1 
38480|Child_Cross12|45: 1915 617 203 85 35 12 5 1 
