5|Child_Cross12|5: 3307 952 401 159 72 27 10 4 1 
15|Child_Cross21|38: 3307 952 401 159 70 29 9 4 1 
16|Child_Cross21|14: 3251 1002 388 147 72 27 10 4 1 
22|Child_CrossABC1|1: 3177 912 393 159 65 27 10 4 1 
24|Child_CrossABC2|8: 3181 940 404 159 65 27 10 4 1 
26|Child_Avg|15: 3181 942 404 159 65 27 10 4 1 
27|Child_Cross21|58: 3304 920 391 148 65 27 10 4 1 
37|Survivor|1: 3304 949 441 145 65 27 10 4 1 
51|Child_CrossABC1|1: 3348 950 397 144 65 27 10 4 1 
58|Child_Cross12|9: 1537 499 211 85 28 12 5 1 
66|Child_Cross12|13|Mutated: 1451 457 203 82 28 12 5 1 
78|Survivor|1|Mutated: 1438 457 203 82 28 12 5 1 
80|Child_Avg|11: 1307 479 186 71 28 11 4 1 
81|Child_Cross12|21: 1296 454 193 74 28 12 5 1 
87|Child_CrossABC1|7: 1462 466 173 69 28 12 5 1 
89|Child_Cross21|14: 1373 440 200 69 28 12 5 1 
90|Child_Cross21|50: 1462 466 173 69 28 11 4 1 
100|Child_Levy|32: 2381 737 212 94 38 11 4 1 
102|Child_Avg|23: 1706 510 183 84 29 9 4 1 
105|Child_Cross21|34: 1462 466 173 69 32 11 4 1 
106|Child_Avg|15: 1694 591 190 68 31 10 4 1 
108|Child_Cross12|37: 1467 565 172 78 30 11 5 1 
119|Child_LevyP2|4: 1506 495 176 72 29 10 4 1 
123|Child_Avg|11: 1367 490 208 69 30 11 5 1 
125|Child_Levy|44: 1683 506 191 64 28 11 4 1 
132|Child_Cross21|30: 1539 516 185 60 28 11 4 1 
140|Child_CrossABC1|1: 1529 516 185 60 28 11 4 1 
141|Child_CrossABC1|7: 1534 516 185 60 28 11 4 1 
142|Child_Cross21|50: 1422 513 192 58 28 11 4 1 
144|Survivor|1: 1458 508 185 60 28 11 4 1 
148|Child_Cross21|34: 1458 493 185 60 28 11 4 1 
153|Child_CrossABC1|7: 1463 516 185 60 28 11 4 1 
155|Child_CrossABC1|1: 1463 464 185 60 28 11 4 1 
156|Child_CrossABC1|7: 1445 473 186 60 28 11 4 1 
165|Child_LevyP1|9: 1537 549 199 82 28 11 4 1 
168|Child_Cross21|26: 1492 531 190 75 28 11 4 1 
169|Child_CrossABC1|1: 1486 551 181 72 28 13 4 1 
175|Child_Cross12|37: 1483 520 187 63 29 11 5 1 
176|Child_Cross12|1: 1483 520 187 63 28 11 4 1 
177|Child_Avg|35: 1622 606 207 71 29 10 3 1 
180|Child_Cross12|41: 1477 530 182 65 28 11 4 1 
183|Child_LevyABC1|5: 1429 551 184 67 30 11 5 1 
207|Survivor|1: 1418 487 169 61 29 10 4 1 
208|Child_Levy|56: 2460 633 257 99 35 13 5 1 
212|Child_Cross12|33: 1289 461 167 57 29 9 4 1 
214|Child_Levy|56: 2285 605 223 92 33 12 5 1 
216|Child_Avg|23: 1834 541 217 86 35 11 5 1 
229|Child_Cross21|34|Mutated: 1834 627 217 86 35 11 5 1 
235|Child_Avg|23: 1726 517 202 80 35 11 5 1 
246|Child_Cross12|17: 1729 521 207 73 35 11 5 1 
247|Child_Cross21|50: 1729 521 207 73 35 11 4 1 
253|Child_CrossABC1|1: 1728 520 201 73 35 11 5 1 
256|Child_Cross12|1: 1699 537 209 73 35 11 5 1 
263|Child_Cross21|22: 1729 527 207 73 35 11 5 1 
264|Child_CrossABC2|2: 1729 520 207 73 35 11 5 1 
269|Child_Cross12|5: 1738 517 204 73 35 11 5 1 
271|Child_Cross12|17: 1731 520 204 73 35 11 5 1 
276|Child_Avg|3: 1728 520 204 73 35 11 5 1 
277|Child_Cross21|50: 1732 520 204 73 35 11 5 1 
279|Child_Cross21|34: 1731 488 204 73 35 11 5 1 
281|Child_Cross21|34: 1785 520 204 73 35 11 5 1 
283|Child_Avg|7: 1771 520 204 73 35 11 5 1 
286|Child_Cross21|38: 1797 520 204 73 35 11 5 1 
287|Child_Avg|7: 1777 520 204 73 35 11 5 1 
289|Child_Cross12|29: 1758 520 204 73 35 11 5 1 
292|Child_Cross12|33: 1762 520 204 73 35 11 5 1 
297|Child_Cross21|10: 1770 520 204 73 35 11 5 1 
299|Child_Cross12|53: 1746 520 204 73 35 11 5 1 
307|Child_Cross21|6: 1782 520 204 73 35 11 5 1 
308|Child_Cross12|57: 1786 520 204 73 35 11 5 1 
317|Child_Cross21|58: 1757 520 204 73 35 11 5 1 
319|Child_Cross12|53: 1761 520 204 73 35 11 5 1 
329|Child_Avg|11: 1789 520 204 73 35 11 5 1 
330|Child_Cross21|38: 1766 520 204 73 35 11 5 1 
335|Child_Cross21|14: 1780 520 204 73 35 11 5 1 
340|Child_CrossABC2|2: 1790 520 204 73 35 11 5 1 
359|Child_Avg|55: 1739 520 204 73 35 11 5 1 
360|Child_Avg|43: 1781 506 204 73 35 11 5 1 
363|Child_Cross12|45: 1781 520 204 73 35 11 5 1 
385|Child_Levy|28: 1765 538 205 73 30 11 5 1 
386|Child_Levy|20: 1782 537 202 72 30 11 5 1 
388|Child_CrossABC1|7: 1653 493 202 69 30 11 5 1 
391|Child_Cross21|58: 1746 531 202 69 30 11 5 1 
393|Child_Avg|27: 1750 511 196 69 31 10 4 1 
394|Child_Cross12|13: 1716 533 201 68 31 10 4 1 
395|Child_Levy|16: 1773 523 200 70 31 11 4 1 
396|Child_Cross12|49: 1751 494 204 67 29 14 4 1 
398|Child_Cross12|21: 1823 518 199 67 29 14 4 1 
399|Child_LevyABC2|6: 1719 559 203 68 32 11 4 1 
402|Child_Cross12|49: 1813 516 199 65 30 11 5 1 
408|Child_Levy|52: 1645 466 201 62 27 10 4 1 
410|Child_Avg|39: 1764 506 203 62 27 10 4 1 
415|Child_CrossABC2|8: 1743 467 201 63 27 10 4 1 
428|Child_LevyP1|3|Mutated: 1685 486 200 73 28 12 5 1 
439|Child_Cross12|33: 1788 498 199 55 27 10 4 1 
449|Child_CrossABC2|2: 1845 486 182 66 27 10 4 1 
473|Child_CrossABC2|2: 1891 642 241 101 45 16 5 1 
474|Child_CrossABC2|8|Mutated: 1532 651 239 108 45 16 5 1 
475|Child_Avg|47: 1771 530 207 85 40 13 4 1 
481|Child_Avg|23: 1784 573 213 84 40 13 5 1 
482|Child_Avg|39: 1993 620 215 77 40 13 5 1 
484|Child_CrossABC2|2: 1705 509 242 83 41 13 4 1 
485|Child_Levy|4: 1857 564 214 76 35 13 5 1 
491|Child_Avg|11: 1830 551 213 76 36 13 4 1 
493|Child_Cross21|34: 1821 563 214 76 35 13 5 1 
494|Child_Cross21|6: 1821 580 216 77 35 13 5 1 
497|Child_Levy|20: 1846 559 217 76 35 13 5 1 
498|Child_Avg|59: 1842 549 215 74 33 14 4 1 
499|Child_Cross12|1: 1840 545 215 74 35 12 5 1 
526|Child_Cross12|49: 1820 540 217 75 32 13 4 1 
537|Child_Avg|23: 1758 525 221 70 31 11 4 1 
538|Child_Cross12|25: 1847 567 206 72 32 13 4 1 
549|Child_Cross21|18: 1732 482 199 68 32 13 4 1 
560|Child_CrossABC2|8: 1696 530 197 64 29 10 3 1 
563|Child_Cross21|22: 1689 567 213 74 29 10 4 1 
564|Child_Cross21|26: 1696 530 197 64 29 9 4 1 
580|Survivor|1|Mutated: 1419 530 197 72 29 9 4 1 
583|Child_Cross12|45: 1686 534 195 61 29 9 4 1 
588|Child_Cross12|49: 1683 540 195 61 29 9 4 1 
597|Child_LevyABC2|6: 1860 575 196 67 30 11 5 1 
606|Child_Cross21|58: 1850 551 198 64 30 11 5 1 
608|Child_Avg|31: 1878 564 194 65 29 10 4 1 
610|Survivor|1|Mutated: 2165 564 194 64 29 10 4 1 
613|Survivor|1: 1762 540 191 61 29 9 4 1 
614|Child_Cross21|34: 1762 540 191 61 29 10 4 1 
615|Child_Avg|7: 1814 543 191 61 29 9 4 1 
619|Child_Avg|7: 1640 511 176 61 29 9 4 1 
628|Child_CrossABC1|7: 1741 512 202 61 29 9 4 1 
629|Child_Levy|40: 1680 514 183 59 27 10 4 1 
660|Survivor|1: 1841 540 182 56 27 10 4 1 
671|Child_Cross12|9: 1532 460 177 67 31 11 4 1 
675|Child_Cross21|22: 1508 453 177 65 35 11 5 1 
677|Child_Cross21|58: 1506 450 173 64 35 11 5 1 
680|Child_Levy|24: 1994 582 210 75 32 13 4 1 
685|Child_CrossABC1|7: 1778 600 205 86 32 13 4 1 
687|Child_CrossABC2|8: 1736 597 200 94 32 13 4 1 
692|Child_Cross21|30: 1697 464 193 68 32 13 4 1 
706|Survivor|1: 1568 449 172 63 29 14 4 1 
707|Child_CrossABC2|2: 1497 459 179 62 28 13 4 1 
735|Child_Levy|52: 1486 447 171 60 31 14 4 1 
748|Child_Avg|11: 1749 623 261 73 36 13 4 1 
752|Survivor|1: 1563 494 191 62 32 13 5 1 
756|Survivor|1: 1542 473 181 61 32 13 4 1 
763|Child_CrossABC2|2: 1543 470 183 63 31 14 4 1 
791|Child_Levy|8: 1707 509 201 72 30 11 5 1 
798|Child_Cross21|18: 1698 511 183 69 30 11 5 1 
806|Child_CrossABC1|1: 1687 509 183 69 30 11 5 1 
814|Child_CrossABC2|2: 1686 508 182 69 30 11 5 1 
815|Child_CrossABC2|8: 1691 507 181 69 30 11 5 1 
823|Child_Cross21|42: 1457 459 171 61 29 10 4 1 
825|Child_CrossABC2|2: 1472 477 176 63 29 10 4 1 
830|Child_Avg|19: 1448 462 162 65 29 10 4 1 
838|Child_Avg|11: 1449 449 155 61 29 10 4 1 
840|Child_Cross21|22: 1440 454 165 61 29 10 4 1 
844|Survivor|1: 1455 454 161 59 28 9 4 1 
845|Child_Avg|47: 1457 458 172 59 24 9 4 1 
853|Child_LevyP1|9: 1676 485 198 74 40 13 5 1 
862|Child_LevyABC1|11: 1753 502 211 90 39 14 4 1 
870|Child_Avg|31: 1609 459 187 89 41 11 5 1 
874|Child_Cross21|22|Mutated: 1797 538 173 67 35 11 5 1 
875|Child_Cross12|53: 1602 484 179 64 35 11 5 1 
880|Survivor|1: 1565 460 201 63 36 11 5 1 
882|Child_CrossABC2|2: 1490 482 202 63 36 11 5 1 
887|Child_Avg|43: 1538 461 205 63 36 11 5 1 
889|Child_Cross21|46: 1465 467 198 62 35 11 4 1 
890|Child_Cross21|6|Mutated: 1465 467 198 62 35 11 5 1 
893|Child_Cross21|10: 1465 467 198 62 32 13 4 1 
895|Child_Avg|55: 1458 464 195 62 35 11 5 1 
903|Child_Cross12|45: 1465 531 198 62 32 13 4 1 
905|Child_Cross21|50: 1459 464 195 62 35 11 5 1 
914|Child_Cross12|37: 1461 465 196 62 32 13 4 1 
915|Child_Cross21|50: 1465 529 198 62 32 13 4 1 
919|Child_Cross12|45: 1464 464 195 62 35 11 5 1 
922|Child_Cross12|45: 1465 464 195 62 35 11 5 1 
923|Child_Avg|39: 1462 464 195 62 35 11 5 1 
925|Child_Cross21|22: 1461 464 195 62 35 11 5 1 
939|Child_Cross12|5: 1453 464 195 62 35 11 5 1 
940|Child_Cross12|57: 1713 464 195 62 35 11 5 1 
942|Child_Avg|35: 1470 464 195 62 35 11 5 1 
970|Child_Avg|47: 1899 474 239 86 36 13 4 1 
972|Child_Cross12|37: 1780 521 204 73 36 13 4 1 
978|Child_Cross21|10: 1510 498 173 71 36 13 4 1 
979|Child_Cross21|14: 1693 505 199 65 35 11 4 1 
980|Child_Cross12|1: 1773 501 193 65 34 9 4 1 
982|Child_Cross21|50: 1773 501 193 65 35 11 4 1 
985|Child_Cross12|45: 1661 487 191 62 30 11 5 1 
986|Child_Avg|3: 1742 500 191 64 35 11 4 1 
999|Child_Levy|24: 1684 481 184 63 35 11 4 1 
1026|Survivor|1: 2085 556 196 73 36 13 4 1 
1028|Child_CrossABC1|1: 1869 527 197 68 31 10 4 1 
1033|Child_Cross21|54|Mutated: 1793 523 168 69 35 11 5 1 
1066|Child_Cross12|17: 1765 512 174 62 35 11 5 1 
1068|Child_Cross12|17: 1857 508 173 64 35 11 5 1 
1072|Survivor|1: 1936 509 168 69 31 10 4 1 
1075|Survivor|1: 1808 516 174 63 31 11 4 1 
1077|Child_Avg|27: 1847 519 172 63 27 10 4 1 
1079|Survivor|1: 1794 491 188 58 33 9 4 1 
1080|Child_Cross21|54: 1854 503 173 59 31 11 4 1 
1081|Child_Avg|3: 1845 507 175 59 31 10 4 1 
1083|Child_Cross21|30: 1835 520 168 57 23 10 4 1 
1095|Child_CrossABC2|8: 1822 520 168 57 23 10 4 1 
1097|Child_CrossABC2|2|Mutated: 1809 520 168 57 23 10 4 1 
1103|Child_Avg|27: 1818 520 168 57 23 10 4 1 
1104|Child_Cross12|57: 1764 520 168 57 23 10 4 1 
1105|Child_Cross12|5: 1786 520 168 57 23 10 4 1 
1106|Child_Avg|11: 1803 520 168 57 23 10 4 1 
1108|Child_Cross21|26: 1806 520 168 57 23 10 4 1 
1109|Child_CrossABC1|1: 1802 520 168 57 23 10 4 1 
1110|Child_CrossABC2|8: 1800 520 168 57 23 10 4 1 
1111|Child_CrossABC1|7: 1799 520 168 57 23 10 4 1 
1118|Survivor|1: 1794 506 178 57 23 10 4 1 
1122|Child_CrossABC1|7: 1800 519 179 57 23 10 4 1 
1126|Child_CrossABC2|8: 1797 505 179 57 23 10 4 1 
1128|Child_CrossABC1|1: 1789 505 179 57 23 10 4 1 
1148|Child_CrossABC1|7: 1814 505 179 57 23 10 4 1 
1150|Child_Cross21|14: 1786 505 179 57 23 10 4 1 
1152|Child_Cross12|21: 1803 505 179 57 23 10 4 1 
1154|Child_Avg|35: 1819 505 179 57 23 10 4 1 
1155|Child_Cross12|41: 1805 505 179 57 23 10 4 1 
1159|Child_Avg|31: 1806 505 179 57 23 10 4 1 
1163|Child_Cross12|33: 1798 505 179 57 23 10 4 1 
1164|Child_Cross21|46: 1822 505 179 57 23 10 4 1 
1171|Child_Cross21|6: 1821 505 179 57 23 10 4 1 
1175|Child_Avg|15: 1773 505 179 57 23 10 4 1 
1177|Child_Cross21|18: 1787 505 179 57 23 10 4 1 
1179|Child_Avg|19: 1781 505 179 57 23 10 4 1 
1181|Child_Cross12|37: 1795 505 179 57 23 10 4 1 
1185|Child_Cross21|10: 1811 505 179 57 23 10 4 1 
1198|Child_CrossABC2|8: 1773 546 179 57 23 10 4 1 
1203|Child_Cross12|29: 1788 505 179 57 23 10 4 1 
1204|Child_Cross21|2: 1794 505 179 57 23 10 4 1 
1213|Child_Cross12|29: 1780 505 179 57 23 10 4 1 
1216|Child_Avg|11: 1787 497 179 57 23 10 4 1 
1245|Child_Avg|43: 2551 664 272 82 37 14 4 1 
1246|Child_Avg|55: 2999 770 273 89 35 11 4 1 
1253|Child_Levy|8: 2060 653 228 86 35 12 5 1 
1255|Child_Cross12|9: 1951 571 217 70 31 11 4 1 
1257|Child_Avg|19: 1703 539 207 68 33 9 4 1 
1259|Child_Cross21|30: 1745 523 196 68 31 10 4 1 
1262|Child_CrossABC2|8: 1837 518 199 69 31 10 4 1 
1266|Child_Avg|7: 1894 515 188 65 31 10 4 1 
1268|Child_LevyP2|4: 1911 507 200 67 30 11 5 1 
1271|Child_Cross21|46: 1709 521 197 63 29 10 4 1 
1277|Child_Cross21|38: 1723 530 192 63 29 10 4 1 
1286|Child_Cross12|9: 1659 481 188 61 29 10 4 1 
1287|Child_Avg|3: 1782 514 195 61 29 9 4 1 
1289|Child_Cross21|26: 1782 514 195 61 29 10 4 1 
1293|Child_Levy|36: 1658 514 198 61 29 10 4 1 
1295|Child_CrossABC2|2: 1800 514 198 61 29 10 4 1 
1298|Child_Cross12|25: 1757 514 201 61 29 10 4 1 
1299|Child_Avg|31: 1734 514 197 61 29 10 4 1 
1300|Child_LevyABC2|12: 1854 496 201 69 30 11 5 1 
1311|Child_CrossABC2|2: 1760 514 197 61 29 10 4 1 
1317|Survivor|1: 1752 513 195 61 29 10 3 1 
1322|Survivor|1: 1734 514 194 59 30 9 4 1 
1323|Child_Levy|40|Mutated: 1746 515 197 60 29 11 5 1 
1324|Child_CrossABC2|2: 1720 513 192 58 30 9 4 1 
1326|Child_CrossABC2|8: 1715 513 192 59 28 9 4 1 
1338|Child_CrossABC1|1: 1719 513 190 58 24 11 4 1 
1350|Child_Levy|24: 2631 803 245 103 41 14 4 1 
1352|Child_Avg|55: 2465 743 230 98 41 13 4 1 
1355|Child_Avg|3: 2302 686 210 89 35 12 5 1 
1360|Child_LevyP1|9: 2401 680 251 87 33 10 6 1 
1361|Child_Levy|44: 1630 526 196 88 35 12 5 1 
1362|Child_Cross21|50: 2239 571 214 79 35 12 5 1 
1363|Child_CrossABC2|8: 1717 592 179 86 35 11 5 1 
1366|Child_Avg|31: 1898 569 228 82 35 11 5 1 
1369|Child_Levy|52: 1859 552 217 78 35 11 5 1 
1389|Child_Levy|48|Mutated: 2190 607 232 91 37 14 4 1 
1390|Child_Avg|11: 1858 550 217 78 35 11 5 1 
1394|Child_CrossABC2|8: 1836 605 217 78 35 11 5 1 
1395|Child_Avg|31: 1904 567 221 76 35 11 5 1 
1396|Child_Avg|43: 1751 524 217 78 35 11 5 1 
1431|Survivor|1: 3659 926 324 105 43 14 6 1 
1432|Child_Cross12|37: 2042 548 187 78 27 14 4 1 
1438|Child_Cross21|22: 2187 673 204 73 33 14 4 1 
1440|Child_CrossABC1|1: 2324 622 221 78 33 14 4 1 
1441|Child_Cross21|58: 1965 576 190 74 33 14 4 1 
1442|Child_Avg|59|Mutated: 2309 577 200 81 39 11 4 1 
1444|Child_Cross12|5: 2107 578 193 74 35 12 5 1 
1445|Child_Levy|52: 2093 636 206 77 31 14 4 1 
1448|Child_Cross21|58: 1773 561 185 75 31 14 4 1 
1450|Child_Cross12|29: 1940 594 195 75 31 14 4 1 
1451|Child_Cross12|1: 1959 618 185 73 33 14 4 1 
1452|Child_Cross21|2: 2110 611 197 67 31 14 4 1 
1453|Child_Avg|59: 2072 567 193 69 32 13 4 1 
1457|Child_Levy|52: 2110 570 195 68 32 13 4 1 
1459|Child_Avg|43: 1817 568 195 68 32 13 4 1 
1464|Child_CrossABC2|2: 1775 568 195 68 32 13 4 1 
1465|Child_CrossABC2|2: 1794 568 195 68 32 13 4 1 
1466|Child_Avg|39: 1858 564 193 67 32 13 4 1 
1468|Child_CrossABC1|7: 1792 568 195 68 32 13 4 1 
1469|Child_Avg|19: 1778 568 195 68 32 13 4 1 
1470|Child_Cross21|42: 1766 568 195 66 32 13 4 1 
1476|Child_Cross21|58: 1832 567 193 66 32 13 4 1 
1481|Child_Cross12|5: 1807 564 193 67 32 13 4 1 
1484|Child_CrossABC1|1: 1792 548 193 68 32 13 4 1 
1489|Child_Cross21|38: 1833 563 195 66 32 13 4 1 
1494|Child_Avg|35: 1786 541 186 69 33 14 4 1 
1502|Survivor|1: 1820 528 217 60 33 14 4 1 
1535|Survivor|1: 1793 528 182 60 33 14 4 1 
1541|Survivor|1: 1832 517 187 60 35 11 4 1 
1554|Child_Cross21|38: 1810 512 186 65 29 10 4 1 
1560|Child_Cross12|49: 1814 504 184 61 29 10 4 1 
1568|Child_CrossABC2|2: 1813 504 184 61 29 10 4 1 
1570|Child_CrossABC1|7: 1811 504 184 61 29 10 4 1 
1571|Child_Avg|51: 1815 505 184 61 29 10 4 1 
1573|Child_Avg|31: 1813 505 184 61 29 10 4 1 
1577|Child_Cross21|50: 1813 505 184 61 29 9 4 1 
1579|Child_CrossABC1|1: 1814 504 184 61 29 9 4 1 
1581|Child_CrossABC1|1: 1813 504 184 61 29 9 4 1 
1589|Child_CrossABC2|2: 1811 504 184 61 29 9 4 1 
1591|Child_Cross12|25: 1815 504 184 61 29 9 4 1 
1600|Child_Avg|39: 1806 500 183 59 30 9 4 1 
1602|Child_CrossABC1|7: 1812 505 183 59 30 9 4 1 
1603|Child_Cross12|25: 1794 503 183 59 30 9 4 1 
1606|Child_CrossABC1|1: 1800 500 183 59 29 9 4 1 
1607|Child_CrossABC1|7: 1795 503 184 59 30 9 4 1 
1610|Child_CrossABC1|1: 1802 494 183 59 29 9 4 1 
1612|Child_LevyP1|9: 1862 493 209 68 30 12 5 1 
1620|Survivor|1: 1750 508 187 55 27 10 4 1 
1627|Survivor|1: 1534 415 183 55 27 10 4 1 
1634|Survivor|1: 1535 423 189 55 27 10 4 1 
1639|Survivor|1: 1568 436 186 55 27 10 4 1 
1653|Child_CrossABC1|7|Mutated: 1349 436 186 65 27 10 4 1 
1656|Child_Cross12|53: 1560 436 186 55 27 10 4 1 
1657|Child_CrossABC2|8: 1272 436 186 69 27 10 4 1 
1660|Child_Avg|19: 1462 436 186 65 27 10 4 1 
1662|Child_Cross21|14: 1513 436 186 55 27 10 4 1 
1671|Child_Cross21|58: 1565 500 186 55 27 10 4 1 
1672|Child_Cross12|57: 1544 436 186 55 27 10 4 1 
1689|Child_LevyP2|4: 2273 685 286 101 35 11 5 1 
1691|Child_LevyP2|4: 2136 628 237 101 36 11 5 1 
1699|Child_Cross21|2: 1797 535 230 81 36 11 5 1 
1700|Child_Levy|12: 1813 538 216 78 35 11 5 1 
1706|Child_Levy|44: 1693 532 217 86 35 11 4 1 
1709|Child_Cross12|41: 1586 484 189 74 35 12 5 1 
1710|Child_Levy|16: 1642 512 198 78 35 11 5 1 
1714|Child_Cross12|49: 1591 493 186 71 35 11 5 1 
1715|Child_Cross21|10: 1553 475 197 73 35 12 5 1 
1725|Child_Avg|19: 1547 452 197 73 35 12 5 1 
1730|Child_Avg|23: 1474 452 196 73 35 11 5 1 
1746|Child_Levy|12: 2498 616 265 89 37 14 4 1 
1747|Child_Avg|11: 1923 557 279 105 31 14 4 1 
1748|Child_Cross21|42: 2498 616 265 89 33 17 5 1 
1751|Child_Cross12|33: 1541 511 195 72 28 13 4 1 
1755|Child_Cross21|22: 1557 506 183 73 32 13 5 1 
1763|Child_Avg|55: 1533 503 186 72 32 13 5 1 
1765|Child_LevyABC1|5: 1650 515 187 72 31 14 5 1 
1769|Child_CrossABC1|7: 1650 505 187 72 31 14 5 1 
1770|Child_Avg|7: 1529 491 192 69 32 13 4 1 
1780|Child_Cross12|53: 1500 467 181 62 32 13 4 1 
1784|Child_Avg|51: 1567 512 217 71 33 13 4 1 
1788|Survivor|1|Mutated: 1520 512 217 71 33 13 4 1 
1795|Child_LevyABC2|6: 1485 504 218 73 32 13 4 1 
1797|Child_CrossABC2|2: 1459 502 218 73 32 13 4 1 
1798|Child_CrossABC1|1: 1451 503 218 73 32 13 4 1 
1817|Survivor|1: 1549 467 200 62 32 13 4 1 
1821|Child_Levy|48|Mutated: 1470 453 195 62 30 12 5 1 
1832|Child_Avg|39: 1751 484 214 69 30 11 4 1 
1835|Child_Cross21|34: 1474 460 197 58 24 9 4 1 
1836|Child_Levy|60: 1642 516 201 73 35 11 5 1 
1854|Child_LevyP2|10: 2889 865 305 94 31 14 5 1 
1860|Child_Cross21|50: 2418 586 237 77 31 14 5 1 
1868|Child_Avg|23: 2235 568 214 73 30 11 5 1 
1872|Child_Cross21|2: 1904 533 205 68 32 13 4 1 
1874|Child_Cross21|46: 1885 563 199 69 30 11 5 1 
1876|Child_Cross12|25: 2055 572 211 65 31 10 4 1 
1877|Child_Cross12|9: 1885 563 199 69 31 10 4 1 
1879|Child_Cross21|26: 1956 584 203 69 28 11 4 1 
1885|Child_Cross21|22: 1831 550 217 69 31 10 4 1 
1893|Child_CrossABC2|8: 2036 532 223 69 30 11 5 1 
1898|Child_Cross12|1: 1724 525 197 64 29 10 4 1 
1901|Child_Cross12|5: 1763 513 202 63 29 10 4 1 
1905|Child_Cross21|6: 1760 511 199 62 29 10 4 1 
1906|Child_Avg|47: 1776 525 198 61 29 9 4 1 
1907|Child_Cross21|30: 1762 515 204 61 29 10 4 1 
1909|Child_Cross21|30: 1754 529 176 63 29 10 4 1 
1912|Child_Cross12|45: 1778 516 175 61 29 9 4 1 
1914|Child_Cross21|50: 1778 516 175 61 29 10 4 1 
1915|Child_Cross21|10: 1760 529 197 61 29 10 4 1 
1919|Child_CrossABC1|7: 1440 516 175 61 29 10 4 1 
1925|Child_CrossABC1|7|Mutated: 1762 526 197 61 29 9 4 1 
1928|Child_CrossABC2|2: 1762 526 197 61 29 10 4 1 
1929|Child_CrossABC1|1: 1758 526 197 61 29 10 4 1 
1940|Child_CrossABC2|8: 1759 526 197 61 29 10 4 1 
1943|Child_CrossABC1|7: 1806 526 197 61 29 10 4 1 
1953|Child_CrossABC2|2: 1801 526 197 61 29 10 4 1 
1954|Child_Cross12|37: 1763 526 197 61 29 10 4 1 
1965|Child_Avg|27: 1733 535 200 61 29 10 4 1 
1969|Child_Avg|23: 1735 526 190 61 29 9 4 1 
1971|Child_Avg|15: 1763 531 195 61 29 9 4 1 
1977|Child_Avg|39: 1797 519 193 61 29 9 4 1 
1979|Child_Cross21|30: 1763 531 195 61 29 10 4 1 
1980|Child_Cross21|6: 1734 522 201 61 29 9 4 1 
1990|Child_Cross12|41: 1749 526 193 61 29 9 4 1 
1992|Child_Cross21|38: 1795 522 201 61 29 9 4 1 
1997|Child_Cross21|22: 1708 526 190 61 29 9 4 1 
2003|Child_Cross12|17: 1725 526 190 61 29 9 4 1 
2005|Child_CrossABC2|8: 1733 526 190 61 29 9 4 1 
2008|Child_Cross21|42: 1726 526 190 61 29 9 4 1 
2011|Child_Cross12|9: 1715 526 190 61 29 9 4 1 
2012|Child_Cross21|22: 1742 526 190 61 29 9 4 1 
2016|Child_Avg|59: 1752 526 190 61 29 9 4 1 
2017|Child_Cross21|34: 1709 526 190 61 29 9 4 1 
2019|Child_Cross21|26: 1689 526 190 61 29 9 4 1 
2021|Child_Cross21|38: 1732 526 190 61 29 9 4 1 
2022|Child_Cross21|30: 1796 526 190 61 29 9 4 1 
2023|Child_Cross21|18: 1723 526 190 61 29 9 4 1 
2024|Child_Cross21|30: 1716 526 190 61 29 9 4 1 
2030|Child_Avg|59: 1749 526 190 61 29 9 4 1 
2031|Child_Avg|23: 1740 526 190 61 29 9 4 1 
2032|Child_Cross21|38: 1777 526 190 61 29 9 4 1 
2033|Child_Cross21|50: 1759 526 190 61 29 9 4 1 
2035|Child_Cross21|18: 1750 526 190 61 29 9 4 1 
2049|Child_Avg|19: 1743 526 190 61 29 9 4 1 
2051|Child_Cross21|46: 1745 526 190 61 29 9 4 1 
2064|Child_Cross21|26: 1820 526 190 61 29 9 4 1 
2070|Child_Cross12|33: 1763 526 190 61 29 9 4 1 
2071|Child_Cross12|1: 1766 526 190 61 29 9 4 1 
2072|Child_Cross12|57: 1769 526 190 61 29 9 4 1 
2076|Child_Cross12|37: 1770 526 190 61 29 9 4 1 
2081|Child_Avg|11: 1786 526 190 61 29 9 4 1 
2082|Child_Cross21|14: 1759 546 190 61 29 9 4 1 
2083|Child_CrossABC1|1: 1782 514 190 61 29 9 4 1 
2084|Child_Avg|7: 1779 526 190 61 29 9 4 1 
2085|Child_Cross12|9: 1767 526 190 61 29 9 4 1 
2091|Child_Cross21|14: 1760 526 190 61 29 9 4 1 
2096|Child_Cross21|14: 1793 526 190 61 29 9 4 1 
2102|Child_Cross12|45: 1762 526 190 61 29 9 4 1 
2110|Child_Cross12|37: 1776 526 190 61 29 9 4 1 
2126|Child_Cross12|13: 1828 526 190 61 29 9 4 1 
2137|Child_Avg|7: 1766 526 181 61 29 9 4 1 
2138|Child_Cross12|17: 1801 526 190 61 29 9 4 1 
2142|Child_Cross21|34: 1773 526 190 61 29 9 4 1 
2147|Child_Avg|55: 1784 526 190 61 29 9 4 1 
2156|Child_Cross21|50: 1787 526 190 61 29 9 4 1 
2160|Child_Cross12|17: 1794 526 190 61 29 9 4 1 
2172|Child_Cross21|42: 1804 526 190 61 29 9 4 1 
2173|Child_Cross21|58: 1783 526 190 61 29 9 4 1 
2178|Child_Levy|60|Mutated: 1787 525 191 62 30 11 5 1 
2193|Child_Cross12|49: 1845 526 190 61 29 9 4 1 
2196|Child_Cross21|30: 1810 526 190 61 29 9 4 1 
2204|Child_CrossABC2|8: 1757 526 190 61 29 9 4 1 
2220|Child_Avg|11: 1756 526 190 61 29 9 4 1 
2241|Child_Cross12|25|Mutated: 1763 526 180 70 29 9 4 1 
2256|Child_Cross12|9: 1757 507 190 61 29 9 4 1 
2273|Child_Avg|19: 1753 526 190 61 29 9 4 1 
2282|Child_Cross12|5: 1816 507 190 61 29 9 4 1 
2312|Child_Avg|15: 2025 585 185 73 27 10 4 1 
2314|Child_Avg|7: 1673 464 165 70 29 9 4 1 
2324|Survivor|1: 1757 487 175 64 29 10 4 1 
2326|Child_Cross12|9: 1732 483 170 61 29 9 4 1 
2327|Child_Cross21|46: 1789 487 171 60 28 11 4 1 
2353|Child_Cross21|54: 1740 474 183 59 29 9 4 1 
2370|Child_Avg|7|Mutated: 1560 446 191 70 29 9 4 1 
2376|Child_Avg|19: 1610 450 175 61 29 10 4 1 
2390|Child_CrossABC2|8: 1499 437 159 62 29 10 4 1 
2391|Child_Cross21|6: 1544 439 169 62 29 10 4 1 
2393|Child_CrossABC2|8: 1663 445 170 62 29 10 4 1 
2395|Child_Avg|23: 1524 426 169 61 29 9 4 1 
2396|Child_Cross12|5: 1570 416 171 61 29 10 4 1 
2397|Child_Levy|60: 1640 458 167 59 29 11 5 1 
2401|Child_Cross12|41: 1496 444 161 55 27 10 4 1 
2403|Child_CrossABC1|7: 1495 430 165 63 27 10 4 1 
2406|Child_CrossABC1|7: 1636 455 169 69 27 10 4 1 
2410|Child_Avg|7: 1592 445 164 62 27 10 4 1 
2413|Child_Avg|27: 1519 445 161 55 27 10 4 1 
2414|Child_CrossABC2|2: 1520 441 161 55 27 10 4 1 
2417|Child_Avg|55: 1547 448 161 55 27 10 4 1 
2418|Child_Avg|59: 1520 446 161 55 27 10 4 1 
2420|Child_Avg|35: 1537 446 161 55 27 10 4 1 
2423|Child_Cross12|41: 1514 443 161 55 27 10 4 1 
2425|Child_Cross12|41: 1516 446 161 55 27 10 4 1 
2428|Child_Avg|35: 1526 444 161 55 27 10 4 1 
2430|Child_Cross12|37|Mutated: 1527 444 161 55 27 10 4 1 
2432|Child_Cross21|6: 1527 445 161 55 27 10 4 1 
2433|Child_Cross21|42: 1533 446 161 55 27 10 4 1 
2441|Child_Cross21|10: 1529 446 161 55 27 10 4 1 
2442|Child_Avg|47: 1514 444 161 55 27 10 4 1 
2444|Child_Cross21|54: 1523 444 161 55 27 10 4 1 
2445|Child_Avg|35: 1521 443 161 55 27 10 4 1 
2449|Child_Cross12|57: 1540 443 161 55 27 10 4 1 
2450|Child_Cross12|57: 1516 445 161 55 27 10 4 1 
2451|Child_Avg|23: 1517 443 161 55 27 10 4 1 
2456|Child_Avg|27: 1525 443 161 55 27 10 4 1 
2458|Child_Cross21|18: 1528 443 161 55 27 10 4 1 
2459|Child_CrossABC1|7: 1532 443 161 55 27 10 4 1 
2460|Child_Cross21|2: 1520 445 161 55 27 10 4 1 
2461|Child_Avg|19: 1536 443 161 55 27 10 4 1 
2462|Child_Avg|3|Mutated: 1526 442 161 65 27 10 4 1 
2475|Child_CrossABC2|8: 1539 443 161 55 27 10 4 1 
2483|Child_Cross21|38: 1500 443 161 55 27 10 4 1 
2485|Child_Avg|51: 1499 443 161 55 27 10 4 1 
2486|Child_Cross21|38: 1451 443 161 55 27 10 4 1 
2489|Child_Cross12|29: 1473 443 161 55 27 10 4 1 
2490|Child_Avg|35: 1518 443 161 55 27 10 4 1 
2495|Child_Avg|27: 1484 443 161 55 27 10 4 1 
2502|Child_Cross21|46: 1495 443 161 55 27 10 4 1 
2504|Child_Cross12|5: 1496 443 161 55 27 10 4 1 
2507|Child_Cross21|30|Mutated: 1489 443 161 65 27 10 4 1 
2509|Child_Cross12|25: 1485 443 161 55 27 10 4 1 
2528|Child_Cross12|41: 1506 443 161 55 27 10 4 1 
2553|Child_Cross12|17: 1481 443 161 55 27 10 4 1 
2570|Child_CrossABC1|1: 1426 443 161 55 27 10 4 1 
2573|Child_Avg|35: 1459 443 161 55 27 10 4 1 
2588|Child_Cross12|41: 1489 443 161 55 27 10 4 1 
2619|Child_Cross12|25: 1488 443 161 55 27 10 4 1 
2650|Child_Cross12|1: 1498 443 174 55 27 10 4 1 
2667|Child_Cross12|49: 1477 443 161 55 27 10 4 1 
2678|Child_Cross12|49: 1422 443 161 55 27 10 4 1 
2700|Child_Cross21|26: 1466 443 161 55 27 10 4 1 
2704|Child_Avg|7: 1480 443 161 55 27 10 4 1 
2720|Child_Avg|59|Mutated: 1492 443 161 55 27 10 4 1 
2738|Child_Cross21|38: 1474 443 161 55 27 10 4 1 
2758|Child_Cross21|6: 1448 443 161 55 27 10 4 1 
2774|Child_Avg|11: 1463 443 161 55 27 10 4 1 
2777|Child_Cross21|22: 1445 443 161 55 27 10 4 1 
2788|Child_Cross21|30: 1441 443 161 55 27 10 4 1 
2793|Child_Cross12|1: 1444 443 161 55 27 10 4 1 
2799|Child_Cross21|50: 1455 443 161 55 27 10 4 1 
2804|Child_Cross21|22: 1462 443 161 55 27 10 4 1 
2809|Child_CrossABC2|2: 1473 443 161 65 27 10 4 1 
2814|Child_Avg|51: 1452 443 161 55 27 10 4 1 
2861|Child_Cross21|54: 1609 722 211 67 30 11 5 1 
2863|Child_Avg|55: 1598 572 207 75 32 13 5 1 
2865|Child_Levy|44: 1499 489 204 76 31 11 4 1 
2866|Child_Avg|11: 2057 649 221 112 40 13 4 1 
2877|Child_Avg|35: 1708 613 223 90 37 13 4 1 
2880|Child_Avg|3: 1756 570 218 91 37 14 4 1 
2906|Child_Levy|56|Mutated: 1764 541 201 73 35 12 5 1 
2921|Child_Avg|47: 1779 546 200 74 35 12 5 1 
2937|Child_CrossABC1|7: 1778 549 200 74 35 12 5 1 
2943|Child_Cross21|42: 1711 472 197 71 36 11 4 1 
2944|Child_Avg|23: 1743 527 208 70 32 11 4 1 
2947|Child_Avg|3: 1731 504 196 69 31 10 4 1 
2949|Child_Cross21|2: 1717 501 190 68 31 10 4 1 
2956|Child_Cross21|26: 1742 491 184 65 31 10 4 1 
2959|Child_CrossABC2|2: 1750 485 184 65 31 10 4 1 
2960|Child_Cross12|17: 1727 481 182 64 29 11 3 1 
2963|Survivor|1: 1727 481 182 64 31 9 4 1 
2965|Child_Levy|32: 1715 469 197 65 31 10 4 1 
2967|Child_Avg|47: 1751 487 179 64 29 9 4 1 
2971|Child_LevyP2|4: 1772 493 185 63 27 10 4 1 
2972|Child_LevyP1|3: 1771 512 173 66 27 10 4 1 
3002|Child_Avg|43: 1623 489 174 62 27 10 4 1 
3008|Child_Levy|4: 1568 461 166 61 29 10 4 1 
3034|Child_Levy|8: 3073 860 263 99 36 11 5 1 
3044|Child_Levy|4|Mutated: 1780 481 172 78 30 11 5 1 
3052|Child_Avg|55: 1480 423 186 71 33 10 3 1 
3056|Child_Cross12|5: 7704 1833 505 156 72 29 10 4 1 
3059|Child_Cross12|1: 1447 480 185 71 29 10 4 1 
3060|Child_Levy|36: 1542 474 179 68 32 13 4 1 
3068|Child_Avg|39: 1524 484 181 64 30 9 4 1 
3078|Child_Cross12|25: 1537 462 179 63 28 11 4 1 
3081|Child_Cross12|57: 1553 473 181 61 28 9 4 1 
3084|Child_Cross21|54: 1517 476 173 59 28 11 4 1 
3089|Child_Avg|27: 1826 649 214 74 29 10 4 1 
3093|Child_Cross21|42: 1283 507 184 61 29 10 4 1 
3094|Child_Cross12|25: 1462 452 176 57 29 9 4 1 
3100|Child_Avg|27: 1467 473 175 61 29 9 4 1 
3106|Child_Avg|31: 1479 431 173 70 29 9 4 1 
3117|Child_CrossABC1|1|Mutated: 1567 471 182 59 29 9 4 1 
3137|Child_Cross12|49: 2269 614 257 84 32 18 5 1 
3141|Child_Avg|35|Mutated: 2035 539 208 65 31 11 4 1 
3143|Survivor|1: 1711 509 233 63 36 13 4 1 
3145|Child_Cross12|53: 1772 539 184 67 31 11 4 1 
3150|Child_Levy|52: 1758 521 183 68 30 12 5 1 
3156|Child_Cross21|18: 1760 525 172 63 28 12 5 1 
3157|Child_Cross21|26: 1719 512 179 62 28 12 5 1 
3163|Child_CrossABC2|8: 1766 513 180 65 28 12 5 1 
3164|Child_Cross12|37: 1801 493 181 59 28 11 4 1 
3174|Child_LevyP1|3: 1690 513 186 82 29 10 3 1 
3183|Child_Avg|43: 1651 518 179 83 29 10 4 1 
3188|Child_Avg|27|Mutated: 1714 491 179 73 29 9 4 1 
3214|Child_Avg|55|Mutated: 1560 458 180 65 31 10 4 1 
3216|Child_Cross12|21: 1575 497 205 75 27 10 4 1 
3219|Child_Cross21|18: 1708 464 173 72 27 10 4 1 
3224|Child_Levy|36|Mutated: 1573 507 168 77 29 9 4 1 
3227|Child_Avg|15|Mutated: 1618 492 167 66 29 9 4 1 
3229|Child_Avg|7: 1565 487 169 61 29 9 4 1 
3231|Child_LevyP1|9: 1541 460 189 71 33 9 4 1 
3233|Child_Cross21|18: 1521 463 178 63 28 11 4 1 
3235|Child_Levy|40: 1513 504 174 65 33 9 4 1 
3236|Child_CrossABC1|7: 1618 444 175 65 33 9 4 1 
3237|Child_Levy|12: 1519 459 181 64 29 9 4 1 
3239|Child_Cross12|1: 1591 483 171 61 33 9 4 1 
3241|Child_Avg|3: 1451 444 173 61 29 9 4 1 
3242|Child_CrossABC1|1: 1441 440 173 61 29 9 4 1 
3245|Child_Avg|39: 1435 446 172 61 29 9 4 1 
3247|Child_Cross21|42: 1438 443 172 61 29 9 4 1 
3249|Child_CrossABC2|2: 1429 447 173 61 29 9 4 1 
3250|Child_CrossABC1|1: 1436 441 173 61 29 9 4 1 
3252|Child_Cross21|10: 1435 451 171 61 29 9 4 1 
3257|Child_Cross12|17: 1441 446 172 61 29 9 4 1 
3260|Child_Cross12|57: 1445 446 172 61 29 9 4 1 
3261|Child_Avg|31: 1444 446 172 61 29 9 4 1 
3262|Child_CrossABC2|8: 1444 447 169 61 29 9 4 1 
3263|Child_Cross21|30: 1436 446 172 61 29 9 4 1 
3267|Child_Cross21|6: 1457 447 170 61 29 9 4 1 
3268|Child_CrossABC2|2: 1462 447 175 61 29 9 4 1 
3271|Child_CrossABC1|7: 1477 444 175 61 29 9 4 1 
3274|Child_Avg|23: 1465 444 175 61 29 9 4 1 
3278|Child_Avg|31: 1472 444 175 61 29 9 4 1 
3282|Child_Cross12|57: 1476 444 175 61 29 9 4 1 
3283|Child_Cross21|22|Mutated: 1464 444 175 61 29 9 4 1 
3286|Child_Cross12|1: 1468 444 175 61 29 9 4 1 
3314|Child_Cross21|42: 1476 444 175 61 29 10 4 1 
3315|Child_Cross12|17: 1472 444 175 61 29 10 4 1 
3319|Child_Cross21|30: 1485 444 175 61 29 9 4 1 
3320|Child_Cross12|5: 1468 444 175 61 29 10 4 1 
3332|Child_Cross12|45: 1456 444 175 61 29 9 4 1 
3333|Child_Cross21|34: 1656 497 175 61 29 10 4 1 
3334|Child_Cross21|22: 1484 444 175 61 29 9 4 1 
3338|Child_Cross12|41: 1525 444 175 61 29 9 4 1 
3340|Child_Cross12|5: 1488 444 175 61 29 9 4 1 
3341|Child_Cross12|53: 1493 444 175 61 29 9 4 1 
3342|Child_Cross21|58: 1501 444 175 61 29 9 4 1 
3343|Child_Cross21|6: 1513 444 175 61 29 9 4 1 
3344|Child_Cross21|58: 1488 444 175 61 29 10 4 1 
3349|Child_Cross12|13: 1496 444 175 61 29 9 4 1 
3350|Child_Cross21|42: 1505 444 175 61 29 9 4 1 
3354|Child_Cross21|46: 1489 444 175 61 29 10 4 1 
3366|Child_Cross12|57: 1455 444 175 61 29 9 4 1 
3376|Child_Avg|27: 1497 444 175 61 29 9 4 1 
3380|Child_Cross12|49: 1492 452 175 61 29 9 4 1 
3387|Child_Cross12|9: 1481 444 175 61 29 9 4 1 
3393|Child_Cross21|58: 1489 444 175 61 29 9 4 1 
3400|Child_Cross12|49: 1461 444 175 61 29 9 4 1 
3405|Child_Cross21|10: 1469 444 175 61 29 9 4 1 
3417|Child_Avg|59|Mutated: 1465 444 175 61 29 10 4 1 
3474|Child_Cross21|30: 1468 465 175 61 29 9 4 1 
3484|Child_Cross12|25: 1467 447 175 61 29 9 4 1 
3486|Child_Cross12|21: 1468 444 182 61 29 9 4 1 
3488|Child_Cross12|41: 1448 444 175 61 29 9 4 1 
3510|Child_LevyP2|4: 3390 986 324 125 40 12 5 1 
3512|Child_LevyP2|10|Mutated: 3329 1046 325 124 42 13 6 1 
3513|Child_Avg|11: 1928 564 213 78 35 11 4 1 
3516|Child_Cross21|6: 1990 566 237 85 35 12 5 1 
3518|Child_Cross21|14: 1706 564 213 78 35 12 5 1 
3519|Child_CrossABC2|8: 2128 564 213 78 35 12 5 1 
3522|Child_CrossABC2|8|Mutated: 1910 605 207 76 35 12 5 1 
3523|Child_LevyP2|10: 1793 571 214 77 36 13 4 1 
3524|Child_Avg|11: 1780 562 207 76 35 12 5 1 
3526|Child_Cross21|22: 1726 545 208 74 35 12 5 1 
3529|Child_Avg|7|Mutated: 1524 542 199 75 35 11 4 1 
3530|Child_Cross21|22: 1887 591 211 73 35 11 5 1 
3533|Child_Cross12|29: 1887 591 211 73 35 12 5 1 
3535|Child_Avg|55: 1762 601 217 74 35 12 5 1 
3537|Child_Cross21|18: 1842 522 197 73 35 12 5 1 
3546|Child_CrossABC2|2: 1763 542 211 73 35 12 5 1 
3553|Child_Cross21|46: 1815 554 204 71 35 11 5 1 
3554|Child_Cross12|53: 1871 580 206 71 35 11 5 1 
3557|Child_CrossABC2|8: 1882 572 207 71 35 11 5 1 
3559|Child_Cross21|58: 1864 575 205 71 35 13 5 1 
3566|Child_CrossABC1|1: 1886 575 205 71 35 13 5 1 
3567|Child_Cross21|22: 1853 575 205 71 35 13 5 1 
3568|Child_CrossABC1|1: 1841 575 205 71 35 13 5 1 
3569|Child_Cross12|17: 1848 575 205 71 35 13 5 1 
3571|Child_Cross21|34: 1846 575 205 71 35 13 5 1 
3576|Child_Cross21|10: 1854 575 205 71 35 13 5 1 
3577|Child_Cross12|5: 1872 575 205 71 35 13 5 1 
3580|Child_Avg|27: 1863 575 205 71 35 13 5 1 
3582|Child_Cross21|34: 1849 575 205 71 35 13 5 1 
3584|Child_Cross21|50: 1833 575 205 71 35 13 5 1 
3587|Child_Cross21|42: 1856 575 205 71 35 13 5 1 
3594|Child_Cross21|18: 1807 575 205 71 35 13 5 1 
3597|Child_Cross12|29: 1831 575 205 71 35 13 5 1 
3598|Child_Cross21|34: 1822 575 205 71 35 13 5 1 
3600|Child_Cross21|26: 1838 575 205 71 35 13 5 1 
3601|Child_Cross21|14: 1809 575 205 71 35 13 5 1 
3603|Child_Cross12|41: 1830 575 205 71 35 13 5 1 
3614|Child_Avg|3: 2070 570 204 74 35 12 5 1 
3615|Child_Levy|40: 2150 563 207 73 37 14 4 1 
3616|Child_Avg|7: 1863 619 199 73 35 11 4 1 
3617|Child_CrossABC1|1: 1902 558 200 74 35 12 5 1 
3621|Child_Avg|3: 1881 571 186 73 35 12 5 1 
3623|Child_Cross21|30: 1904 550 208 73 35 12 5 1 
3631|Child_LevyABC2|12|Mutated: 1901 549 208 86 35 11 4 1 
3634|Child_Cross21|38: 1834 560 200 69 30 11 5 1 
3647|Child_Cross12|21: 1814 531 191 69 30 11 5 1 
3654|Child_CrossABC2|2: 1832 540 191 69 30 11 5 1 
3682|Child_Cross21|50: 1849 542 193 61 29 9 4 1 
3683|Child_Avg|7: 1822 538 191 63 29 10 4 1 
3685|Child_CrossABC2|8: 1821 538 191 63 29 10 4 1 
3686|Child_CrossABC2|2: 1795 538 191 63 29 10 4 1 
3687|Child_CrossABC2|2: 1843 538 191 63 29 10 4 1 
3688|Child_Cross12|25: 1837 544 188 61 29 10 4 1 
3689|Child_Avg|23: 1827 534 191 61 29 10 4 1 
3694|Child_Avg|19: 1826 539 190 61 29 10 4 1 
3696|Child_Cross21|54: 1825 537 191 61 29 9 4 1 
3698|Child_Cross21|38: 1834 544 188 61 29 10 4 1 
3699|Child_Cross12|25: 1825 537 191 61 29 10 4 1 
3704|Child_Avg|51: 1824 533 190 61 29 9 4 1 
3707|Child_Cross21|2: 1826 539 190 61 29 9 4 1 
3716|Child_Cross21|34: 1836 543 187 61 29 10 4 1 
3722|Child_Avg|39: 1818 539 190 61 29 9 4 1 
3723|Child_Avg|59: 1799 541 187 61 29 9 4 1 
3725|Child_Avg|15: 1837 515 188 61 29 9 4 1 
3727|Child_Avg|39: 1825 510 190 61 29 9 4 1 
3728|Child_Cross21|26: 1805 539 190 61 29 9 4 1 
3730|Child_Cross21|2: 1788 539 190 61 29 9 4 1 
3734|Child_Cross21|34: 1796 539 190 61 29 9 4 1 
3735|Child_CrossABC2|8: 1828 539 190 61 29 9 4 1 
3736|Child_Avg|11: 1808 510 190 61 29 9 4 1 
3740|Child_Cross21|14: 1816 510 190 61 29 9 4 1 
3744|Child_Cross21|50: 1802 539 190 61 29 9 4 1 
3746|Child_Cross21|42: 1803 539 190 61 29 9 4 1 
3749|Child_Cross12|5: 1795 539 190 61 29 9 4 1 
3755|Child_Avg|31: 1798 539 190 61 29 9 4 1 
3756|Child_Cross12|49: 1750 539 190 61 29 9 4 1 
3764|Child_Cross12|9: 1787 539 190 61 29 9 4 1 
3766|Child_Cross21|58: 1779 539 190 61 29 9 4 1 
3767|Child_Avg|7: 1765 539 190 61 29 9 4 1 
3769|Child_Cross21|46: 1774 539 190 61 29 9 4 1 
3771|Child_Cross21|14: 1833 539 190 61 29 9 4 1 
3773|Child_Cross12|49: 1758 539 190 61 29 9 4 1 
3775|Child_Avg|51: 1781 539 190 61 29 9 4 1 
3777|Child_Cross21|58: 1772 539 190 61 29 9 4 1 
3790|Child_Avg|7: 1780 539 190 61 29 9 4 1 
3791|Child_Avg|27: 1840 539 190 61 29 9 4 1 
3794|Child_Avg|31: 1797 539 190 61 29 9 4 1 
3798|Child_Cross12|9: 1849 539 190 61 29 9 4 1 
3805|Child_Cross21|10: 1789 539 190 61 29 9 4 1 
3810|Child_Avg|31: 1803 526 190 61 29 9 4 1 
3818|Child_Cross21|14: 1810 539 190 61 29 9 4 1 
3824|Child_Avg|19: 1811 539 190 61 29 9 4 1 
3827|Child_Cross21|6: 1764 539 190 61 29 9 4 1 
3841|Child_Cross21|2: 1775 539 190 61 29 9 4 1 
3858|Child_Cross12|41: 1748 539 190 61 29 9 4 1 
3867|Child_Avg|51: 1819 539 190 61 29 9 4 1 
3868|Child_Avg|51: 1735 539 190 61 29 9 4 1 
3869|Child_Cross21|2: 1757 539 190 61 29 9 4 1 
3911|Child_Avg|7|Mutated: 1550 437 173 64 29 10 4 1 
3913|Child_Cross21|50: 1595 483 167 62 30 11 5 1 
3914|Child_Cross21|2: 1687 487 183 64 29 10 4 1 
3915|Child_Avg|55: 1665 484 179 64 29 9 4 1 
3923|Child_Cross21|34: 1621 486 176 61 29 9 4 1 
3925|Survivor|1|Mutated: 1621 498 176 61 29 9 4 1 
3960|Child_CrossABC1|7: 1487 598 191 80 33 10 4 1 
3965|Survivor|1: 1504 448 162 69 32 11 4 1 
3969|Child_Cross12|21: 1467 428 162 67 35 11 4 1 
3971|Child_Cross21|30: 1448 429 155 64 30 12 5 1 
3977|Child_Avg|55: 1796 515 191 71 33 10 3 1 
3979|Survivor|1|Mutated: 1737 515 191 71 33 10 3 1 
3985|Child_Levy|28: 1661 480 157 71 35 11 5 1 
3986|Child_Cross12|57: 1697 519 193 79 31 11 4 1 
3989|Child_Avg|11: 1650 497 178 73 29 10 4 1 
4002|Child_Cross21|14: 1550 487 174 72 27 10 4 1 
4007|Child_Avg|23: 1590 489 176 71 28 10 3 1 
4009|Child_CrossABC1|1: 1591 487 177 71 28 11 4 1 
4010|Child_CrossABC1|1: 1608 490 181 82 28 11 4 1 
4011|Child_Cross12|9: 1551 463 178 65 28 11 4 1 
4013|Child_Cross21|14: 1543 487 171 60 28 11 4 1 
4017|Child_Cross21|22: 1481 484 177 60 28 11 4 1 
4025|Survivor|1: 1451 509 167 59 28 11 4 1 
4026|Child_LevyABC1|11|Mutated: 1443 445 186 71 29 10 4 1 
4031|Child_LevyP1|9: 1417 439 170 63 28 11 4 1 
4039|Child_Avg|39: 1468 463 167 58 28 11 4 1 
4047|Child_Cross21|50: 1471 459 169 55 27 10 4 1 
4050|Child_CrossABC1|1: 1473 461 169 55 27 10 4 1 
4051|Child_CrossABC2|8: 1471 462 169 55 27 10 4 1 
4052|Child_LevyABC2|12: 1491 478 187 92 30 11 5 1 
4055|Child_Avg|59: 1473 466 177 72 30 11 5 1 
4064|Child_CrossABC2|8: 1409 456 177 77 30 11 5 1 
4086|Child_Cross12|53: 1462 526 196 77 30 11 5 1 
4097|Child_Cross12|13: 1734 529 194 70 30 11 5 1 
4102|Child_Cross21|22: 1697 479 188 70 30 11 5 1 
4103|Child_Levy|28: 1773 520 199 70 31 11 4 1 
4104|Child_Cross21|50: 1688 487 191 66 30 11 5 1 
4105|Child_Cross12|53: 1553 469 182 61 29 9 4 1 
4113|Child_Levy|20: 1546 470 183 62 30 11 5 1 
4115|Child_Avg|35: 1542 472 182 61 29 10 4 1 
4116|Child_Avg|51: 1527 472 181 61 29 10 4 1 
4125|Child_CrossABC1|1: 1532 472 182 61 29 10 4 1 
4129|Child_Avg|31: 1496 470 181 61 29 10 4 1 
4135|Child_Cross12|17: 1489 465 181 59 27 10 4 1 
4137|Child_Cross12|49: 1513 469 181 59 27 10 4 1 
4140|Child_Cross21|6: 1474 468 181 59 29 9 4 1 
4142|Child_Cross21|34: 1484 464 181 59 27 10 4 1 
4143|Child_Cross12|9: 1477 464 181 59 27 10 4 1 
4147|Child_Cross12|17: 1497 464 181 59 27 10 4 1 
4152|Child_Cross12|49: 1508 469 181 59 27 10 4 1 
4153|Child_Cross12|9: 1480 464 181 59 27 10 4 1 
4154|Child_Cross12|9: 1530 467 181 59 29 9 4 1 
4155|Child_Cross21|14: 1535 468 181 59 29 9 4 1 
4156|Child_Cross12|1: 1500 468 181 59 27 10 4 1 
4157|Child_Cross21|30: 1504 465 181 59 29 9 4 1 
4158|Child_Avg|55: 1487 467 181 59 29 9 4 1 
4159|Child_Cross12|25: 1521 468 181 59 29 9 4 1 
4160|Child_Avg|23: 1509 467 181 59 29 9 4 1 
4161|Child_Cross21|38: 1513 469 181 59 29 9 4 1 
4163|Child_Cross21|2: 1526 467 181 59 29 9 4 1 
4165|Child_Cross12|29: 1500 468 181 59 29 9 4 1 
4166|Child_Cross21|34: 1499 466 181 59 29 9 4 1 
4167|Child_CrossABC1|1: 1526 467 181 61 29 9 4 1 
4175|Child_Cross21|38: 1513 467 181 59 29 9 4 1 
4176|Child_Avg|19: 1513 466 181 59 29 9 4 1 
4178|Survivor|1: 1512 467 181 59 29 9 4 1 
4179|Child_Avg|11: 1508 467 181 59 29 9 4 1 
4183|Child_Cross12|45: 1499 467 181 59 29 9 4 1 
4185|Child_CrossABC2|2: 1513 467 181 61 29 9 4 1 
4195|Child_CrossABC2|2: 1497 467 181 61 29 9 4 1 
4198|Child_CrossABC2|2: 1514 467 181 61 29 9 4 1 
4224|Child_Cross21|42: 1514 467 181 61 29 10 4 1 
4243|Child_Levy|16: 1458 471 180 58 30 11 5 1 
4248|Child_Avg|35: 1516 462 171 81 28 10 3 1 
4293|Child_Avg|43: 1463 449 174 79 33 9 4 1 
4310|Child_Avg|59: 1455 465 171 64 33 9 4 1 
4320|Child_Avg|43: 1455 467 166 61 33 9 4 1 
4322|Child_Cross12|49: 1451 467 166 61 33 9 4 1 
4333|Child_CrossABC2|8: 1454 471 164 64 33 9 4 1 
4351|Survivor|1|Mutated: 1556 467 166 61 33 9 4 1 
4361|Child_Levy|4: 1799 520 185 69 30 11 5 1 
4369|Child_Levy|36: 1522 482 216 86 35 12 5 1 
4376|Child_Avg|51: 1521 465 202 73 36 13 4 1 
4389|Child_Avg|43: 1281 483 202 80 35 12 5 1 
4392|Child_Avg|23: 1494 452 189 73 35 12 5 1 
4398|Survivor|1|Mutated: 1296 452 189 73 35 12 5 1 
4399|Child_LevyP1|3: 1852 549 187 68 32 11 4 1 
4407|Child_Cross12|5: 1466 472 189 65 33 9 4 1 
4408|Child_Avg|59: 1752 493 189 64 30 12 5 1 
4409|Child_Levy|28: 1699 483 184 65 28 12 5 1 
4442|Child_Cross21|42: 1481 455 185 61 28 12 5 1 
4452|Child_Avg|3: 1525 453 173 62 28 12 5 1 
4459|Survivor|1|Mutated: 1525 474 187 62 28 12 5 1 
4465|Child_CrossABC2|8: 1506 437 180 61 28 12 5 1 
4476|Child_Avg|47: 1586 491 195 62 28 12 5 1 
4496|Child_CrossABC2|2: 1314 455 178 74 27 13 4 1 
4503|Child_Avg|27: 1526 482 209 78 31 14 4 1 
4504|Survivor|1|Mutated: 1526 482 209 71 31 14 4 1 
4505|Survivor|1|Mutated: 1563 455 209 71 31 14 4 1 
4511|Child_Avg|7: 1763 506 175 61 31 14 4 1 
4512|Child_CrossABC1|1: 1793 500 192 71 31 14 4 1 
4517|Child_Avg|19: 1701 488 177 66 28 13 4 1 
4521|Child_Avg|51: 1715 488 177 66 28 13 4 1 
4522|Child_CrossABC1|1: 1720 488 177 66 28 13 4 1 
4524|Child_Cross21|30: 1699 488 177 66 28 13 4 1 
4526|Child_Avg|43: 1719 490 175 64 28 13 4 1 
4527|Child_Cross12|29: 1697 488 177 66 28 13 4 1 
4530|Child_CrossABC1|1: 1664 475 166 66 28 13 4 1 
4545|Child_CrossABC2|2: 1698 475 166 66 28 13 4 1 
4546|Child_CrossABC1|7: 1697 491 181 63 28 13 4 1 
4571|Child_Avg|55: 1782 490 179 63 31 14 4 1 
4572|Child_Avg|15: 1748 491 181 63 28 13 4 1 
4573|Child_CrossABC1|7: 1784 491 181 63 28 13 4 1 
4574|Child_CrossABC2|2: 1790 491 181 63 28 13 4 1 
4580|Child_Cross12|13: 1774 501 179 62 28 13 4 1 
4583|Child_Avg|11: 1901 496 179 61 28 13 4 1 
4584|Child_Avg|55: 1755 494 178 63 28 13 4 1 
4585|Child_CrossABC2|2: 1772 498 179 61 28 13 4 1 
4587|Child_CrossABC2|2: 1757 497 179 61 28 13 4 1 
4589|Child_CrossABC2|2: 1783 497 179 61 28 13 4 1 
4590|Child_Avg|55: 1764 497 179 61 28 13 4 1 
4591|Child_Avg|27: 1800 502 179 61 28 13 4 1 
4592|Child_Cross12|13: 1751 496 179 61 28 13 4 1 
4593|Child_Avg|47: 1795 497 179 61 28 13 4 1 
4594|Child_Avg|19: 1808 496 179 61 28 13 4 1 
4597|Child_CrossABC2|2: 1825 497 179 61 28 13 4 1 
4599|Child_Cross12|17: 1785 497 179 61 28 13 4 1 
4600|Child_Cross12|1: 1778 497 179 61 28 13 4 1 
4601|Child_Avg|35: 1799 496 179 61 28 13 4 1 
4602|Child_Cross21|30: 1792 496 179 61 28 13 4 1 
4603|Child_Avg|35: 1774 496 179 61 28 13 4 1 
4604|Child_Avg|31: 1771 496 179 61 28 13 4 1 
4606|Child_Cross21|10: 1762 496 179 61 28 13 4 1 
4607|Child_Avg|35: 1802 497 179 61 28 13 4 1 
4610|Child_Cross12|41: 1783 496 179 61 28 13 4 1 
4611|Child_Cross21|34: 1767 496 179 61 28 13 4 1 
4613|Child_Avg|51|Mutated: 1690 496 179 61 28 13 4 1 
4614|Child_Cross21|18|Mutated: 1776 496 179 66 28 13 4 1 
4615|Child_Avg|3: 1779 496 179 63 28 13 4 1 
4616|Child_Avg|3: 1778 496 179 63 28 13 4 1 
4617|Child_Avg|27: 1770 496 179 61 28 13 4 1 
4618|Child_Cross12|49: 1782 496 179 61 28 13 4 1 
4620|Child_Cross21|22: 1714 496 179 61 28 13 4 1 
4621|Child_Cross21|58: 1775 496 179 61 28 13 4 1 
4623|Child_Cross12|1: 1766 496 179 61 28 13 4 1 
4625|Child_Cross12|29: 1758 496 179 61 28 13 4 1 
4628|Child_Cross12|53|Mutated: 1742 496 179 72 28 13 4 1 
4631|Child_Avg|51: 1757 496 179 63 28 13 4 1 
4635|Child_CrossABC1|7: 1770 496 179 63 28 11 4 1 
4639|Child_Cross21|46: 1701 496 179 61 28 13 4 1 
4645|Child_Cross21|22: 1778 496 179 61 28 13 4 1 
4647|Child_Cross12|21: 1754 496 179 61 28 13 4 1 
4649|Child_Cross12|57: 1750 496 179 61 28 13 4 1 
4651|Child_Cross12|21: 1743 496 179 61 28 13 4 1 
4664|Child_Avg|59: 1763 496 179 61 28 13 4 1 
4668|Child_Cross12|5: 1730 496 179 61 28 13 4 1 
4669|Child_Cross21|50: 1755 496 179 61 28 13 4 1 
4672|Child_Cross12|57: 1705 496 179 61 28 13 4 1 
4675|Child_Cross21|26: 1774 487 179 61 28 13 4 1 
4731|Child_Levy|44: 1844 579 214 79 31 11 4 1 
4737|Child_Avg|27: 1874 551 200 71 32 11 4 1 
4746|Child_Cross21|54: 1793 505 210 69 31 10 4 1 
4752|Child_Cross21|46: 1470 466 178 61 30 11 5 1 
4757|Child_Levy|40: 1702 513 189 62 30 11 5 1 
4766|Survivor|1: 1702 482 189 62 30 12 5 1 
4775|Survivor|1: 1716 510 187 56 27 10 4 1 
4779|Survivor|1: 1773 511 192 58 24 9 4 1 
4785|Child_Cross21|30: 1721 532 171 55 27 10 4 1 
4801|Survivor|1: 1652 489 196 79 31 11 4 1 
4802|Child_Cross21|34: 1675 501 190 64 29 10 4 1 
4803|Child_Cross12|1: 1675 501 190 64 29 9 4 1 
4810|Survivor|1: 1471 452 191 61 29 10 4 1 
4814|Child_Avg|31: 1504 453 191 61 29 10 4 1 
4817|Child_Avg|27: 1511 458 189 62 27 10 4 1 
4821|Child_Cross12|29|Mutated: 1511 424 187 65 28 11 4 1 
4846|Child_Cross21|46: 1525 473 174 60 28 11 4 1 
4863|Survivor|1: 1462 486 173 60 28 11 4 1 
4866|Child_Cross21|46: 1533 457 177 60 28 11 4 1 
4869|Survivor|1|Mutated: 1384 457 177 60 28 11 4 1 
4890|Child_CrossABC2|2: 1508 472 186 55 27 10 4 1 
4896|Survivor|1: 1481 448 176 62 29 10 4 1 
4899|Child_CrossABC2|2|Mutated: 1473 568 174 74 35 12 5 1 
4907|Survivor|1: 1463 451 173 60 29 10 4 1 
4908|Child_LevyABC2|6: 1464 446 172 59 30 11 5 1 
4918|Survivor|1: 2026 497 189 67 30 9 4 1 
4935|Survivor|1: 1686 473 193 65 31 10 3 1 
4936|Child_LevyABC1|5: 1809 505 207 65 28 11 4 1 
4940|Child_Cross21|26: 1809 505 207 65 31 9 4 1 
4947|Child_Levy|36|Mutated: 1751 493 201 62 27 10 4 1 
4955|Child_CrossABC1|1: 1761 470 223 73 33 9 4 1 
4957|Child_Avg|27|Mutated: 1657 503 182 58 24 9 4 1 
4996|Child_Cross21|10: 1650 454 177 58 24 9 4 1 
5018|Child_Avg|35|Mutated: 1497 521 149 69 27 10 4 1 
5076|Child_Avg|35: 1777 562 212 59 31 11 4 1 
5084|Child_LevyP2|4: 1529 485 185 58 30 9 4 1 
5090|Child_Avg|55: 1550 493 173 65 31 10 4 1 
5121|Child_Avg|47: 1910 658 231 81 36 13 4 1 
5122|Child_Avg|15: 1900 585 202 93 35 11 4 1 
5125|Child_CrossABC2|8|Mutated: 1640 564 265 76 35 13 5 1 
5129|Child_CrossABC2|2: 1728 525 246 74 35 12 5 1 
5130|Child_Levy|40: 1761 541 227 72 32 11 4 1 
5131|Child_Cross21|38: 1728 523 243 76 35 12 5 1 
5135|Child_Avg|51: 1652 528 234 73 35 12 5 1 
5139|Child_CrossABC1|7: 1583 581 234 73 35 12 5 1 
5140|Child_Levy|36: 1699 537 234 75 35 11 5 1 
5155|Child_Avg|27: 1687 512 230 82 35 13 5 1 
5156|Child_Avg|27: 1726 517 211 75 32 13 4 1 
5157|Survivor|1|Mutated: 1726 517 211 72 32 13 4 1 
5160|Child_Levy|48: 1611 582 236 78 35 12 5 1 
5161|Child_Cross21|6: 1522 545 211 68 35 12 5 1 
5164|Child_Avg|51: 1680 545 225 68 32 13 4 1 
5167|Child_Avg|39: 1837 558 224 69 32 13 4 1 
5184|Survivor|1|Mutated: 1474 558 224 75 32 13 4 1 
5196|Child_Avg|43: 1597 567 214 73 32 13 4 1 
5201|Child_CrossABC2|8: 1660 548 222 73 32 13 4 1 
5215|Child_CrossABC1|1: 1660 548 221 73 32 13 4 1 
5221|Child_Avg|59: 1610 515 212 66 32 13 4 1 
5222|Child_Cross12|29: 1686 496 192 73 32 13 4 1 
5234|Child_Cross12|5: 1676 472 193 62 32 13 4 1 
5238|Survivor|1: 1759 529 216 64 35 13 5 1 
5245|Child_CrossABC1|7: 1693 525 203 64 35 13 5 1 
5261|Survivor|1: 1607 481 175 61 32 13 4 1 
5265|Child_Cross12|33: 1772 483 188 61 30 11 5 1 
5296|Child_Avg|11|Mutated: 2386 632 218 77 37 14 4 1 
5312|Child_Cross12|49: 1761 524 195 71 37 14 4 1 
5319|Child_Cross12|17: 1725 544 203 66 31 14 4 1 
5321|Child_Cross12|33|Mutated: 1762 499 175 73 36 13 4 1 
5330|Child_Levy|52: 1867 538 180 66 35 12 5 1 
5341|Child_Avg|47: 1692 474 179 65 31 11 4 1 
5356|Child_Levy|36: 1759 515 179 58 30 12 5 1 
5369|Child_LevyABC2|12: 1948 499 177 83 30 11 5 1 
5372|Child_LevyP1|3|Mutated: 1849 520 177 84 29 10 4 1 
5373|Child_CrossABC1|1: 1876 503 175 86 31 10 4 1 
5382|Child_Avg|55: 1535 442 165 72 29 10 4 1 
5387|Child_Cross21|2: 1556 480 171 63 29 10 4 1 
5388|Child_LevyABC2|6: 1431 512 175 68 30 12 5 1 
5391|Child_Avg|55: 1528 449 163 63 27 10 4 1 
5393|Child_Cross21|50: 1672 482 166 57 29 9 4 1 
5402|Child_Cross21|50: 1793 510 201 82 33 9 4 1 
5408|Child_Levy|8: 1696 480 182 77 31 10 4 1 
5415|Child_Cross21|46: 1492 423 160 69 31 10 4 1 
5421|Child_Cross12|9: 1640 438 195 61 29 9 4 1 
5423|Child_Avg|27: 1710 470 163 65 31 10 4 1 
5424|Child_Avg|23: 1627 421 184 64 29 9 4 1 
5426|Child_Cross12|17: 1641 437 194 62 30 11 5 1 
5428|Child_Cross21|34: 1708 468 171 62 29 10 4 1 
5431|Child_Avg|23: 1671 452 187 61 29 9 4 1 
5434|Child_CrossABC1|7: 1678 465 176 61 29 9 4 1 
5435|Child_Cross12|57: 1684 464 182 61 29 9 4 1 
5436|Child_CrossABC2|2: 1676 464 181 61 29 9 4 1 
5441|Child_Cross12|13: 1692 471 175 61 24 9 4 1 
5442|Child_Cross21|2: 1670 472 185 61 29 9 4 1 
5467|Child_Avg|15: 1858 682 201 85 33 9 4 1 
5471|Survivor|1|Mutated: 1858 682 201 71 33 9 4 1 
5479|Child_Avg|51: 1776 657 202 74 33 9 4 1 
5496|Child_CrossABC2|2: 1774 506 175 76 31 10 4 1 
5505|Child_Cross21|22: 1749 538 172 69 31 10 4 1 
5506|Child_Levy|60: 1733 495 170 73 27 10 4 1 
5516|Child_Avg|39: 1739 512 169 69 27 10 4 1 
5539|Child_Avg|39: 1671 510 168 82 27 10 4 1 
5544|Child_CrossABC2|2: 1703 503 179 75 27 10 4 1 
5559|Child_Cross21|38: 1686 488 169 66 27 10 4 1 
5562|Child_Avg|39: 1684 488 171 59 27 10 4 1 
5564|Child_CrossABC2|8: 1685 424 168 73 27 10 4 1 
5566|Survivor|1|Mutated: 1685 432 168 73 27 10 4 1 
5568|Child_Avg|15: 1572 482 155 65 27 10 4 1 
5578|Child_CrossABC1|1: 1658 477 155 65 27 10 4 1 
5583|Survivor|1|Mutated: 1503 477 155 65 27 10 4 1 
5599|Survivor|1: 1788 477 155 72 27 10 4 1 
5601|Child_Cross21|2: 1309 461 165 63 27 10 4 1 
5614|Survivor|1: 1507 436 162 63 29 10 4 1 
5616|Child_Cross21|58: 1536 424 158 57 23 10 4 1 
5632|Survivor|1: 1563 491 242 77 40 13 4 1 
5634|Survivor|1: 1749 499 209 72 41 11 4 1 
5637|Survivor|1: 1548 556 204 71 35 13 5 1 
5638|Child_Cross12|29: 1574 486 227 71 35 13 5 1 
5653|Survivor|1|Mutated: 1574 485 227 71 35 13 5 1 
5656|Child_Avg|55: 1696 513 222 76 33 12 5 1 
5657|Child_CrossABC1|1: 1575 484 200 67 35 13 5 1 
5659|Child_Cross21|10: 1575 484 200 67 32 13 4 1 
5660|Child_LevyP2|4: 1613 505 205 69 30 11 5 1 
5680|Child_Avg|23: 1696 467 190 63 28 11 4 1 
5692|Survivor|1: 1451 452 175 59 31 11 4 1 
5700|Child_Levy|48: 1511 517 226 72 35 13 5 1 
5704|Child_Avg|23: 1738 515 223 76 36 13 4 1 
5708|Child_CrossABC2|8: 1699 520 236 81 36 13 4 1 
5722|Survivor|1: 2898 826 246 109 43 13 4 1 
5724|Child_Avg|31|Mutated: 2013 575 198 95 35 11 5 1 
5726|Child_Avg|59: 2070 568 184 81 33 10 4 1 
5727|Child_Cross12|53: 2086 557 196 97 40 13 5 1 
5730|Survivor|1|Mutated: 2086 557 196 97 40 13 4 1 
5738|Child_Avg|31: 1815 503 182 83 38 13 4 1 
5742|Survivor|1: 3130 709 271 92 36 11 4 1 
5745|Child_Levy|60: 2392 606 222 77 35 13 5 1 
5757|Survivor|1: 1599 490 187 91 35 11 5 1 
5758|Child_Avg|47: 1905 551 196 73 35 12 5 1 
5759|Child_Avg|3: 1764 509 184 75 35 11 5 1 
5762|Child_Cross21|46: 1921 536 184 66 35 12 5 1 
5766|Child_Cross12|49: 1692 496 183 63 35 12 5 1 
5770|Child_Cross21|58: 1882 527 187 63 35 12 5 1 
5792|Child_CrossABC1|7: 1871 527 187 63 35 12 5 1 
5793|Child_Cross12|1: 1855 527 187 63 35 12 5 1 
5794|Child_CrossABC1|1: 1881 527 187 63 35 12 5 1 
5797|Child_Cross21|18: 1800 538 187 61 35 12 5 1 
5798|Child_Avg|3: 1866 525 187 63 35 12 5 1 
5802|Child_Cross21|46: 1744 545 187 61 35 12 5 1 
5803|Child_Cross12|9: 1829 528 187 61 35 12 5 1 
5804|Child_CrossABC1|7: 1858 529 187 61 35 12 5 1 
5805|Child_CrossABC2|2: 1884 527 188 61 35 12 5 1 
5806|Child_CrossABC2|2: 1824 529 187 61 35 12 5 1 
5807|Child_CrossABC2|2: 1820 528 187 61 35 12 5 1 
5810|Child_Cross12|49: 1841 529 187 61 35 12 5 1 
5813|Child_Cross12|13: 1829 527 188 61 35 12 5 1 
5814|Child_CrossABC2|8: 1870 527 188 61 35 12 5 1 
5815|Child_Avg|23: 1821 528 187 61 35 12 5 1 
5816|Child_Cross21|42: 1854 528 187 61 35 12 5 1 
5817|Child_Cross12|45: 1817 528 187 61 35 12 5 1 
5819|Child_Cross12|41: 1838 528 187 61 35 12 5 1 
5820|Child_CrossABC1|1: 1846 528 187 61 35 12 5 1 
5821|Child_Cross21|6|Mutated: 1753 528 187 61 35 12 5 1 
5823|Child_Avg|19: 1822 528 187 61 35 12 5 1 
5825|Child_Avg|43: 1842 528 187 61 35 12 5 1 
5826|Child_Cross21|14: 1847 528 187 61 35 12 5 1 
5831|Child_Cross12|41: 1843 528 187 61 35 12 5 1 
5838|Child_Cross12|1: 1825 528 187 61 35 12 5 1 
5840|Child_Cross21|6: 1809 528 187 61 35 12 5 1 
5843|Child_Cross12|1: 1793 528 187 61 35 12 5 1 
5846|Child_Cross21|26: 1849 528 187 61 35 12 5 1 
5847|Child_Avg|31: 1814 528 187 61 35 12 5 1 
5850|Child_Cross21|14: 1810 528 187 61 35 12 5 1 
5861|Child_Avg|19|Mutated: 1816 528 187 61 35 12 5 1 
5864|Child_Avg|43: 1818 528 187 61 35 12 5 1 
5878|Child_Cross21|46: 1689 528 187 61 35 12 5 1 
5879|Child_Cross12|57: 1752 528 187 61 35 12 5 1 
5880|Child_Avg|23|Mutated: 1725 528 187 61 35 12 5 1 
5881|Child_Cross21|50: 1758 528 187 61 35 12 5 1 
5882|Child_Avg|19: 1786 528 187 61 35 12 5 1 
5883|Child_Avg|19: 1805 528 187 61 35 12 5 1 
5885|Child_Cross12|1: 1819 528 187 61 35 12 5 1 
5890|Child_Avg|7: 1790 528 187 61 35 12 5 1 
5893|Child_Cross21|22: 1797 528 187 61 35 12 5 1 
5895|Child_Cross12|45: 1813 528 187 61 35 12 5 1 
5896|Child_Cross21|14: 1789 528 187 61 35 12 5 1 
5899|Child_Cross21|26: 1797 529 187 61 35 12 5 1 
5902|Child_Cross21|22: 1788 528 187 61 35 12 5 1 
5919|Child_Cross21|22: 1845 528 187 61 35 12 5 1 
5921|Child_Cross21|54: 1883 528 187 61 35 12 5 1 
5922|Child_Cross12|57: 1660 528 187 61 35 12 5 1 
5924|Child_Cross12|21: 1777 528 187 61 35 12 5 1 
5927|Child_Cross12|5: 1761 528 187 61 35 12 5 1 
5947|Child_CrossABC2|2: 1792 528 187 61 35 12 5 1 
5949|Child_Cross21|6: 1756 528 187 61 35 12 5 1 
5953|Child_Cross21|14: 1782 528 187 61 35 12 5 1 
5955|Child_Avg|7: 1754 528 187 61 35 12 5 1 
5956|Child_Cross21|10: 1781 528 187 61 35 12 5 1 
5960|Child_Cross21|18: 1748 528 187 61 35 12 5 1 
5967|Child_Cross12|21: 1871 528 187 61 35 12 5 1 
5989|Child_CrossABC2|8: 1765 528 187 61 35 12 5 1 
5990|Child_Cross12|45: 1787 528 187 61 35 12 5 1 
6004|Child_Avg|7: 1801 528 187 61 35 12 5 1 
6034|Child_Cross21|54: 2402 634 224 91 39 11 4 1 
6037|Child_Levy|4: 2145 600 208 87 36 11 4 1 
6040|Child_LevyP1|3: 2180 602 212 90 35 12 5 1 
6045|Child_Cross12|37: 1786 536 197 66 32 13 4 1 
6060|Child_Cross21|50: 1746 490 189 62 30 11 5 1 
6071|Child_Avg|47: 1758 482 195 62 27 10 4 1 
6072|Child_Cross21|50: 1746 490 189 62 27 10 4 1 
6073|Child_Cross12|33: 1723 506 185 61 29 10 4 1 
6075|Child_Cross21|22: 1705 505 184 61 29 9 4 1 
6081|Child_Avg|7: 1687 500 182 61 29 9 4 1 
6082|Child_Cross12|41: 1705 505 184 61 29 10 4 1 
6086|Child_Avg|59: 1681 504 181 61 29 10 4 1 
6088|Child_Cross12|9: 1630 505 184 61 29 10 4 1 
6090|Child_Avg|47|Mutated: 1709 480 182 61 24 9 4 1 
6092|Child_Cross12|41: 1678 497 186 58 30 11 5 1 
6107|Survivor|1|Mutated: 1493 497 186 58 30 11 5 1 
6120|Child_LevyABC2|6: 1740 498 266 79 32 13 5 1 
6125|Child_Avg|35: 1725 461 196 70 33 9 4 1 
6126|Child_Avg|15: 1416 577 211 82 37 13 4 1 
6132|Child_Levy|8: 1498 488 185 72 32 13 4 1 
6142|Child_Levy|24: 1775 551 214 73 35 12 5 1 
6143|Survivor|1|Mutated: 1544 585 214 73 35 12 5 1 
6147|Child_Avg|39: 1780 561 210 68 32 13 4 1 
6155|Child_Cross12|49: 1701 539 210 66 32 13 4 1 
6165|Child_Levy|36: 1703 541 201 63 28 10 3 1 
6176|Child_Avg|39: 1857 560 219 69 31 10 4 1 
6188|Survivor|1: 1855 419 199 101 32 13 5 1 
6192|Child_LevyP1|3|Mutated: 1791 554 163 74 29 11 5 1 
6197|Child_Cross21|10: 1762 489 185 72 29 10 3 1 
6199|Survivor|1|Mutated: 1762 489 156 72 29 10 3 1 
6200|Child_Cross21|10: 1788 515 178 59 27 10 4 1 
6208|Child_CrossABC2|8: 1767 515 178 59 27 10 4 1 
6211|Child_Avg|51: 1776 515 178 59 27 10 4 1 
6212|Child_CrossABC2|8: 1789 515 178 59 27 10 4 1 
6214|Child_Avg|19: 1770 515 178 59 27 10 4 1 
6216|Child_Cross21|34: 1775 515 178 59 27 10 4 1 
6218|Child_Cross12|53: 1769 515 178 59 27 10 4 1 
6222|Child_Cross12|53: 1797 515 178 59 27 10 4 1 
6223|Child_Cross12|5: 1777 515 178 59 27 10 4 1 
6225|Child_Cross12|9: 1771 515 178 59 27 10 4 1 
6230|Child_Cross12|9: 1795 515 178 59 27 10 4 1 
6233|Child_Cross21|26: 1794 515 178 59 27 10 4 1 
6237|Child_Cross21|54: 1791 515 178 59 27 10 4 1 
6254|Child_CrossABC2|2: 1775 515 178 65 27 10 4 1 
6260|Child_Cross21|34: 1774 483 178 59 27 10 4 1 
6264|Child_Cross21|42: 1756 515 178 59 27 10 4 1 
6265|Child_Cross12|45: 1773 499 178 59 27 10 4 1 
6268|Child_Avg|3|Mutated: 1770 515 178 69 27 10 4 1 
6306|Child_Cross12|9|Mutated: 1729 515 178 59 27 10 4 1 
6313|Child_Cross21|26: 1749 515 178 59 27 10 4 1 
6314|Child_CrossABC2|8: 1731 515 178 59 27 10 4 1 
6317|Child_Avg|7|Mutated: 1762 520 178 59 27 10 4 1 
6318|Child_Cross12|5: 1790 515 178 59 27 10 4 1 
6319|Child_Levy|36|Mutated: 1770 514 209 71 28 11 4 1 
6323|Child_Cross12|1: 1789 520 178 59 27 10 4 1 
6324|Child_Cross21|18: 1758 515 178 59 27 10 4 1 
6341|Child_Avg|43: 1848 515 178 59 27 10 4 1 
6343|Child_Avg|19: 1808 515 178 59 27 10 4 1 
6345|Child_Avg|23: 1778 515 178 59 27 10 4 1 
6361|Child_Cross21|18|Mutated: 1776 515 178 69 27 10 4 1 
6370|Child_Cross21|2|Mutated: 1779 515 178 69 27 10 4 1 
6372|Child_Cross12|25: 1768 515 178 59 27 10 4 1 
6373|Child_Avg|27: 1830 515 178 59 27 10 4 1 
6376|Child_Cross21|42: 1750 515 178 59 27 10 4 1 
6419|Child_Cross21|18: 1716 515 178 59 27 10 4 1 
6442|Child_Cross12|5: 1730 515 178 59 27 10 4 1 
6448|Child_Cross12|49: 1738 515 178 59 27 10 4 1 
6452|Child_Avg|23: 1770 518 181 59 27 10 4 1 
6479|Child_Cross21|42: 1835 515 178 59 27 10 4 1 
6480|Child_Cross21|34: 1770 482 178 59 27 10 4 1 
6488|Child_Cross21|34: 1772 498 178 59 27 10 4 1 
6492|Child_Cross12|9: 1770 488 178 59 27 10 4 1 
6493|Child_Cross21|2: 1771 498 178 59 27 10 4 1 
6499|Child_Avg|11: 1770 493 178 59 27 10 4 1 
6509|Child_Cross12|53: 1805 493 178 59 27 10 4 1 
6511|Child_Avg|47: 1768 493 178 59 27 10 4 1 
6512|Child_Avg|51: 1769 493 178 59 27 10 4 1 
6513|Child_Cross12|33: 1822 493 178 59 27 10 4 1 
6516|Child_Cross21|18: 1649 493 178 59 27 10 4 1 
6519|Child_Cross21|42: 1765 493 178 59 27 10 4 1 
6523|Child_Cross12|57: 1709 493 178 59 27 10 4 1 
6525|Child_Cross21|34: 1708 493 178 59 27 10 4 1 
6526|Child_Cross12|9: 1764 493 178 59 27 10 4 1 
6527|Child_Cross12|21: 1801 493 178 59 27 10 4 1 
6531|Child_Cross21|54: 1786 493 178 59 27 10 4 1 
6532|Child_Cross21|22: 1767 493 178 59 27 10 4 1 
6534|Child_Cross12|5: 1728 493 178 59 27 10 4 1 
6536|Child_Cross12|53: 1788 493 178 59 27 10 4 1 
6537|Child_Avg|55: 1747 493 178 59 27 10 4 1 
6542|Child_CrossABC1|7: 1745 493 178 59 27 10 4 1 
6580|Survivor|1: 1564 478 180 55 27 10 4 1 
6584|Survivor|1: 1613 479 180 55 27 10 4 1 
6586|Survivor|1: 1675 477 180 55 27 10 4 1 
6600|Child_Cross12|29: 1667 474 177 53 27 10 4 1 
6612|Child_Avg|11: 1707 475 180 53 27 10 4 1 
6634|Child_Cross21|30: 1742 474 177 53 27 10 4 1 
6653|Survivor|1: 1735 476 181 53 27 10 4 1 
6681|Child_Cross12|5|Mutated: 1743 474 177 62 27 10 4 1 
6721|Child_CrossABC1|7: 1742 466 173 62 27 10 4 1 
6722|Child_Avg|15: 1620 473 181 59 27 10 4 1 
6737|Child_Cross21|30: 1699 491 169 55 27 10 4 1 
6750|Child_Levy|60: 1724 532 185 71 39 10 3 1 
6759|Survivor|1|Mutated: 1717 532 185 71 39 10 3 1 
6772|Child_LevyABC2|12|Mutated: 2614 583 199 78 31 10 4 1 
6775|Child_Avg|27: 1945 522 168 69 35 11 5 1 
6810|Child_LevyABC2|6: 2254 698 246 96 33 13 4 1 
6813|Child_Avg|15: 1964 522 197 79 31 11 4 1 
6817|Child_Cross21|54: 1884 530 193 85 32 13 5 1 
6818|Child_Cross12|21: 1913 528 194 85 32 13 5 1 
6820|Child_Cross21|14: 1957 520 200 75 32 13 4 1 
6821|Child_Cross12|49: 1687 526 169 73 30 11 5 1 
6823|Child_Cross12|37: 1950 563 197 73 30 11 5 1 
6824|Child_LevyP1|9: 1828 532 193 74 26 14 5 1 
6826|Child_CrossABC1|1: 1676 448 158 69 30 11 5 1 
6828|Child_Avg|35: 1703 531 173 71 27 14 4 1 
6837|Child_CrossABC1|7: 1703 524 173 71 27 14 4 1 
6841|Child_Avg|55: 1686 511 173 64 29 14 4 1 
6845|Child_Avg|35: 1706 524 172 61 28 13 4 1 
6849|Child_Cross12|17: 1696 489 175 61 29 14 4 1 
6852|Child_Cross21|42: 1696 489 175 61 29 9 4 1 
6853|Child_CrossABC1|7: 1696 489 175 61 29 10 4 1 
6873|Child_Avg|11: 1701 496 188 65 27 10 4 1 
6881|Survivor|1|Mutated: 1701 496 188 65 32 10 3 1 
6887|Child_Avg|11: 1641 500 181 64 29 9 4 1 
6890|Child_Cross21|42: 1615 493 181 61 29 9 4 1 
6892|Child_CrossABC2|2: 1652 493 181 61 29 9 4 1 
6893|Child_CrossABC1|1: 1639 493 181 61 29 9 4 1 
6894|Child_Cross12|53: 1705 493 181 61 29 9 4 1 
6895|Child_CrossABC2|2: 1751 493 181 61 29 9 4 1 
6897|Child_CrossABC2|8: 1742 493 181 61 29 9 4 1 
6901|Child_CrossABC2|8: 1792 494 181 61 29 9 4 1 
6903|Child_Avg|59: 1666 465 175 61 29 9 4 1 
6905|Child_Avg|19: 2173 643 251 95 35 11 4 1 
6907|Child_Cross21|18: 1696 483 177 55 29 9 4 1 
6908|Child_Levy|56: 1723 478 184 61 29 10 3 1 
6909|Child_Avg|23: 1890 549 202 87 34 9 4 1 
6912|Child_Avg|31: 1725 495 195 77 31 9 4 1 
6913|Child_LevyABC2|6: 1770 509 180 79 28 10 3 1 
6946|Survivor|1: 1278 445 159 58 24 9 4 1 
6958|Child_Avg|39: 1424 431 160 56 25 9 4 1 
6972|Survivor|1: 1631 431 160 56 25 9 4 1 
6984|Child_CrossABC2|2: 1655 539 200 65 31 11 4 1 
6990|Survivor|1: 1687 584 200 63 28 11 4 1 
7006|Child_Cross12|41: 1701 600 197 70 27 10 4 1 
7009|Child_CrossABC1|7: 1657 527 190 75 28 11 4 1 
7013|Child_CrossABC1|7: 1664 499 189 73 28 12 5 1 
7016|Child_Avg|15: 1681 497 212 69 28 12 5 1 
7035|Child_Cross21|14: 2424 708 219 76 35 12 5 1 
7037|Child_Cross21|50: 2424 708 219 76 36 13 4 1 
7038|Child_Levy|60: 2290 663 218 87 37 14 4 1 
7063|Child_Cross12|45: 2245 592 217 86 37 14 4 1 
7066|Child_CrossABC2|8|Mutated: 2234 591 229 86 37 14 4 1 
7068|Child_Avg|47: 2172 627 222 83 36 13 4 1 
7079|Child_Cross12|1: 2163 575 222 81 36 13 4 1 
7086|Child_Cross21|50: 2127 596 219 76 36 13 4 1 
7090|Child_Avg|3: 2112 591 219 76 35 12 5 1 
7091|Child_Cross12|1: 2090 577 222 75 35 12 5 1 
7097|Child_Avg|47: 2023 566 217 74 36 13 4 1 
7099|Child_CrossABC2|8: 2083 573 221 73 35 13 5 1 
7100|Child_Cross21|42: 2186 573 220 73 35 11 4 1 
7101|Child_Cross12|25: 2178 592 223 71 35 13 5 1 
7102|Child_Cross12|49: 2060 567 221 73 35 12 5 1 
7113|Child_Cross12|33: 2183 589 214 73 35 12 5 1 
7117|Child_CrossABC2|2: 2108 617 216 78 35 12 5 1 
7118|Child_Cross12|49: 2126 573 223 66 35 12 5 1 
7122|Child_Cross21|42|Mutated: 2110 568 232 76 35 12 5 1 
7124|Child_Avg|47|Mutated: 1830 559 213 64 35 11 4 1 
7127|Child_Cross21|50: 1857 559 213 64 35 11 5 1 
7162|Child_Cross12|5: 2037 573 206 62 35 11 5 1 
7166|Child_Avg|43: 2038 573 206 62 35 11 5 1 
7168|Child_Cross12|13|Mutated: 2417 573 206 62 35 11 5 1 
7169|Child_CrossABC1|1: 1830 573 206 62 35 11 5 1 
7171|Child_Avg|15: 2132 573 206 62 35 11 5 1 
7173|Child_Avg|3: 2033 573 206 62 35 11 5 1 
7174|Child_Cross12|9: 1934 573 206 62 35 11 5 1 
7177|Child_Avg|51: 1882 573 206 62 35 11 5 1 
7180|Child_CrossABC1|7: 1844 573 206 62 35 11 5 1 
7182|Child_Cross12|41: 1881 573 206 62 35 11 5 1 
7184|Child_Avg|55: 1872 573 206 62 35 11 5 1 
7185|Child_Cross12|17: 1865 573 206 62 35 11 5 1 
7186|Child_Cross21|2: 1859 573 206 62 35 11 5 1 
7187|Child_CrossABC1|1: 1842 573 206 62 35 11 5 1 
7188|Child_Cross21|2: 1837 573 206 62 35 11 5 1 
7189|Child_CrossABC1|1: 1889 573 206 62 35 11 5 1 
7191|Child_Cross21|34: 1864 573 206 62 35 11 5 1 
7193|Child_Cross12|17: 1847 573 206 62 35 11 5 1 
7195|Child_Cross21|50: 1817 573 206 62 35 11 5 1 
7198|Child_Cross12|17: 1901 573 206 62 35 11 5 1 
7200|Child_Cross12|53: 1862 573 206 62 35 11 5 1 
7202|Child_CrossABC2|8: 1874 573 206 62 35 11 5 1 
7205|Child_Cross12|29: 1879 573 206 62 35 11 5 1 
7210|Child_Avg|7: 1884 573 206 62 35 11 5 1 
7212|Child_Cross12|37: 1887 573 206 62 35 11 5 1 
7220|Child_Cross21|46: 1876 573 206 62 35 11 5 1 
7224|Child_CrossABC1|7: 1881 573 206 71 35 11 5 1 
7232|Child_Avg|23: 1869 573 206 62 35 11 5 1 
7236|Child_Avg|27: 1861 573 206 62 35 11 5 1 
7248|Child_Cross21|38: 1879 527 206 62 35 11 5 1 
7254|Child_Cross21|54: 1941 573 206 62 35 11 5 1 
7270|Child_Cross21|42: 1881 511 206 62 35 11 5 1 
7272|Child_Cross12|41|Mutated: 1879 527 206 74 35 11 5 1 
7283|Child_Cross21|14: 1880 561 206 62 35 11 5 1 
7290|Child_Cross21|6: 1889 530 206 62 35 11 5 1 
7296|Child_Cross12|45: 1879 538 206 62 35 11 5 1 
7300|Child_CrossABC2|2: 1879 573 206 62 30 11 5 1 
7304|Child_Avg|35|Mutated: 1881 573 206 71 35 13 5 1 
7320|Child_Levy|8: 1672 506 192 65 28 11 4 1 
7332|Child_Cross12|37|Mutated: 1701 526 177 62 28 12 5 1 
7333|Child_Avg|15: 1670 522 194 65 27 10 4 1 
7338|Child_Cross21|50: 1687 433 169 65 27 10 4 1 
7339|Child_Avg|7: 1648 466 173 63 27 10 4 1 
7340|Child_Cross12|21: 1804 552 181 61 29 9 4 1 
7341|Child_CrossABC1|1: 1622 466 163 75 29 9 4 1 
7359|Child_CrossABC2|2: 1745 479 166 70 29 9 4 1 
7369|Survivor|1|Mutated: 1745 482 166 70 29 10 4 1 
7372|Child_Cross21|22: 1532 479 168 61 29 10 4 1 
7380|Child_Avg|27: 1527 479 168 61 29 10 4 1 
7381|Child_CrossABC1|1: 1531 479 168 61 29 10 4 1 
7384|Child_Cross21|22: 1565 479 176 61 29 10 4 1 
7388|Child_Cross21|46: 1565 479 176 61 29 9 4 1 
7393|Child_CrossABC1|7: 1563 479 184 61 29 10 4 1 
7394|Child_Cross21|54: 1563 479 184 61 29 9 4 1 
7400|Child_Cross21|58: 1566 479 184 61 29 9 4 1 
7402|Child_Avg|39: 1564 479 184 61 29 9 4 1 
7403|Child_CrossABC1|1: 1738 479 184 61 29 9 4 1 
7405|Child_Cross21|38: 1688 479 184 61 29 9 4 1 
7406|Child_Cross21|34: 1701 479 184 61 29 9 4 1 
7407|Child_Avg|43: 1698 479 184 61 29 9 4 1 
7408|Child_Cross12|45: 1689 479 184 61 29 9 4 1 
7409|Child_Cross21|22: 1726 479 184 61 29 9 4 1 
7410|Child_Cross21|26: 1687 479 184 61 29 9 4 1 
7411|Child_Cross21|10: 1675 479 184 61 29 9 4 1 
7412|Child_Cross21|2: 1699 479 184 61 29 9 4 1 
7414|Child_Cross21|34: 1774 479 184 61 29 9 4 1 
7415|Child_CrossABC2|2: 1811 479 184 61 29 9 4 1 
7416|Child_CrossABC1|1: 1710 479 184 61 29 9 4 1 
7417|Child_Avg|3: 1749 479 184 61 29 9 4 1 
7418|Child_Cross21|2: 1711 479 184 61 29 9 4 1 
7421|Child_Avg|43: 1717 479 184 61 29 9 4 1 
7422|Child_Avg|47: 1725 479 184 61 29 9 4 1 
7424|Child_Cross21|34: 1736 479 184 61 29 9 4 1 
7425|Child_Cross21|54: 1752 479 184 61 29 9 4 1 
7427|Child_Cross21|58: 1737 479 184 61 29 9 4 1 
7429|Child_CrossABC1|1: 1724 479 184 61 29 9 4 1 
7432|Child_Cross21|34: 1715 479 184 61 29 9 4 1 
7434|Child_Cross12|57: 1666 479 184 61 29 9 4 1 
7435|Child_Cross12|45: 1686 479 184 61 29 9 4 1 
7436|Child_Cross12|49: 1700 479 184 61 29 9 4 1 
7439|Child_Cross21|22: 1690 479 184 61 29 9 4 1 
7442|Child_Cross21|2|Mutated: 1678 479 184 61 29 9 4 1 
7444|Child_Cross21|22: 1716 479 184 61 29 9 4 1 
7473|Child_Cross21|14: 1739 479 184 61 29 9 4 1 
7480|Child_Cross12|57: 1740 479 184 61 29 9 4 1 
7483|Child_Cross12|57: 1727 479 184 61 29 9 4 1 
7487|Child_Cross21|50: 1748 479 184 61 29 9 4 1 
7488|Child_Avg|31: 1714 479 184 61 29 9 4 1 
7508|Child_Cross21|18: 1723 479 184 61 29 9 4 1 
7512|Child_Cross21|30: 1750 479 184 61 29 9 4 1 
7524|Child_Cross21|10: 1728 479 184 61 29 9 4 1 
7540|Child_CrossABC1|1: 1789 479 184 61 29 9 4 1 
7552|Child_Cross21|38: 1759 479 184 61 29 9 4 1 
7568|Child_Avg|55: 1761 479 184 61 29 9 4 1 
7584|Survivor|1|Mutated: 1789 426 166 61 29 9 4 1 
7586|Child_Cross12|9|Mutated: 1789 472 181 61 29 9 4 1 
7597|Child_CrossABC1|1: 1782 466 181 61 29 9 4 1 
7653|Child_Avg|7: 1597 452 174 65 33 9 4 1 
7667|Child_CrossABC1|7: 1853 586 193 75 29 13 6 1 
7678|Child_LevyABC1|11: 1769 479 201 86 28 12 5 1 
7691|Child_Avg|19: 1927 566 201 83 38 11 4 1 
7693|Child_Cross12|17: 2038 617 205 81 35 13 5 1 
7694|Child_CrossABC2|2|Mutated: 2521 695 303 95 41 11 5 1 
7695|Child_Avg|3: 1769 521 194 77 33 12 5 1 
7697|Child_CrossABC1|7: 1769 521 194 77 27 13 5 1 
7698|Child_Levy|32: 1866 530 237 76 30 12 5 1 
7699|Child_Levy|12: 2016 549 218 80 30 11 5 1 
7700|Child_CrossABC2|2: 1960 533 221 82 30 12 5 1 
7701|Child_Avg|51: 1510 518 203 76 27 13 5 1 
7703|Child_Cross21|34: 1809 514 196 77 30 11 5 1 
7704|Child_Cross12|53: 1623 570 199 72 30 11 5 1 
7706|Child_Cross21|2: 1711 494 194 69 30 11 5 1 
7708|Child_CrossABC2|8: 1641 497 202 69 30 11 5 1 
7722|Child_CrossABC2|8: 1731 499 203 69 30 11 5 1 
7723|Child_Cross21|14: 1680 520 197 64 30 11 5 1 
7724|Child_Avg|55: 1691 517 207 64 29 11 5 1 
7729|Child_Avg|27: 1715 527 208 62 29 10 4 1 
7736|Child_Cross12|5: 1702 516 207 61 29 10 4 1 
7737|Child_Cross12|29: 1678 519 207 61 29 10 4 1 
7739|Child_CrossABC1|1: 1707 514 207 61 29 10 4 1 
7743|Child_Cross21|10: 1685 514 207 61 29 10 4 1 
7749|Child_Cross12|41: 1688 519 207 61 29 10 4 1 
7756|Child_Cross12|25: 1678 519 207 61 29 9 4 1 
7760|Child_Avg|35: 1688 516 207 61 29 9 4 1 
7761|Child_Cross21|26: 1688 519 207 61 29 9 4 1 
7763|Child_Cross12|29: 1680 519 207 61 29 10 4 1 
7764|Child_Cross12|21: 1684 519 207 61 29 9 4 1 
7769|Child_Avg|3: 1742 519 207 61 29 9 4 1 
7770|Child_Cross21|10: 1684 519 207 61 29 10 4 1 
7771|Child_Cross12|53: 1704 519 207 61 29 10 4 1 
7772|Child_Cross21|34: 1806 519 207 61 29 10 4 1 
7773|Child_Cross12|9: 1704 519 207 61 29 9 4 1 
7774|Child_Cross12|49: 1806 519 207 61 29 9 4 1 
7775|Child_Avg|59: 1721 519 207 61 29 9 4 1 
7776|Child_CrossABC1|7: 1698 519 207 61 29 10 4 1 
7779|Child_Cross12|21: 1725 519 207 61 29 9 4 1 
7782|Child_CrossABC2|2: 1738 519 207 61 29 10 4 1 
7783|Child_Cross12|45: 1712 519 207 61 29 10 4 1 
7784|Child_Avg|11: 1721 519 207 61 29 10 4 1 
7788|Child_Cross21|14: 1728 519 207 61 29 9 4 1 
7792|Child_Cross12|57: 1746 519 207 61 29 10 4 1 
7793|Child_Cross21|50: 1718 519 207 61 29 10 4 1 
7810|Child_Avg|19: 1722 519 207 61 29 9 4 1 
7813|Child_Avg|7: 1719 519 207 61 29 10 4 1 
7816|Child_Avg|55: 1718 519 207 61 29 9 4 1 
7817|Child_Cross21|2: 1722 519 207 61 29 10 4 1 
7827|Child_Avg|19: 1705 519 207 61 29 9 4 1 
7829|Child_Cross21|50: 1702 519 207 61 29 10 4 1 
7831|Child_Avg|15: 1711 519 207 61 29 10 4 1 
7838|Child_Cross12|29: 1721 475 213 61 29 9 4 1 
7851|Child_Cross21|50: 1790 519 207 61 29 10 4 1 
7852|Child_CrossABC2|2: 1765 519 207 61 29 10 4 1 
7858|Child_Avg|51: 1738 519 207 61 29 9 4 1 
7859|Child_Cross21|58: 1755 519 207 61 29 9 4 1 
7865|Child_Avg|31: 1729 519 207 61 29 10 4 1 
7868|Child_Cross21|10: 1742 519 207 61 29 10 4 1 
7872|Child_Cross21|58: 1725 519 207 61 29 10 4 1 
7874|Child_Cross21|38: 1834 519 207 61 29 10 4 1 
7878|Child_Cross12|21: 1728 519 207 61 29 10 4 1 
7884|Child_Cross21|46: 1779 519 207 61 29 9 4 1 
7891|Child_Cross12|45: 1763 519 207 61 29 10 4 1 
7903|Child_Cross12|9: 1763 519 207 61 29 9 4 1 
7904|Child_Avg|27: 1782 519 207 61 29 9 4 1 
7906|Child_Avg|55: 1745 519 207 61 29 9 4 1 
7907|Child_LevyP2|10: 1730 526 205 69 30 11 5 1 
7914|Child_Cross12|13: 1782 519 207 61 29 10 4 1 
7915|Child_Cross21|38: 1783 519 207 61 29 9 4 1 
7917|Child_Avg|7: 1746 519 207 61 29 9 4 1 
7919|Child_Cross12|21: 1783 519 207 61 29 10 4 1 
7920|Child_Cross21|14: 1748 519 207 61 29 10 4 1 
7921|Child_Cross12|21: 1789 519 207 61 29 10 4 1 
7926|Child_Cross12|29: 1789 519 207 61 29 9 4 1 
7933|Child_Cross21|14: 1762 519 207 61 29 10 4 1 
7934|Child_Cross21|14: 1780 519 207 61 29 10 4 1 
7938|Child_Cross12|57: 1779 519 207 61 29 10 4 1 
7947|Survivor|1|Mutated: 1783 519 207 71 29 10 4 1 
7960|Child_Cross21|38: 1844 519 207 61 29 9 4 1 
7963|Child_Cross21|30: 1844 519 207 61 29 10 4 1 
7965|Child_Cross21|18: 1813 519 207 61 29 10 4 1 
8004|Child_Cross21|58: 1782 519 207 61 29 10 3 1 
8027|Child_CrossABC1|1: 1843 519 207 61 29 9 4 1 
8036|Child_Cross21|42: 1792 524 208 61 29 10 4 1 
8040|Child_Avg|23: 1719 512 199 59 29 9 4 1 
8041|Child_Avg|43: 1751 515 215 62 27 10 4 1 
8045|Child_CrossABC2|8: 1713 514 208 59 27 10 4 1 
8046|Child_Avg|27: 1690 510 201 59 29 9 4 1 
8047|Child_Cross21|26|Mutated: 1690 504 201 59 28 9 4 1 
8049|Child_Cross12|41: 1728 507 189 59 31 10 4 1 
8050|Child_Cross12|45: 1757 509 188 59 30 9 4 1 
8057|Child_Avg|31: 1736 505 187 59 30 9 4 1 
8063|Child_Cross21|34: 1732 506 187 59 30 9 4 1 
8064|Child_Avg|47: 1784 509 188 59 30 9 4 1 
8069|Child_Cross12|29: 1768 509 188 59 30 9 4 1 
8070|Child_Avg|35: 1794 509 188 59 30 9 4 1 
8071|Child_Cross21|50|Mutated: 1802 509 188 59 30 9 4 1 
8074|Child_Cross12|17: 1764 509 188 59 30 9 4 1 
8078|Child_Cross21|2: 1780 509 188 59 30 9 4 1 
8083|Child_Cross12|37: 1753 509 188 59 30 9 4 1 
8118|Child_Cross21|38|Mutated: 1787 648 201 72 31 14 4 1 
8123|Survivor|1: 1845 548 195 69 41 11 5 1 
8127|Child_Avg|27: 1726 550 192 75 35 13 5 1 
8133|Child_Cross12|25: 1696 530 185 68 35 13 5 1 
8134|Child_Levy|32: 1654 475 180 67 29 14 4 1 
8153|Child_Levy|8: 1805 527 193 76 33 13 4 1 
8154|Child_Avg|3|Mutated: 1647 486 181 71 30 12 5 1 
8161|Child_CrossABC2|8: 1708 486 177 70 30 12 5 1 
8162|Child_LevyABC1|5: 1687 483 184 79 29 14 4 1 
8188|Child_Avg|47|Mutated: 1508 484 181 76 28 11 4 1 
8190|Child_Levy|32: 1506 479 166 62 32 13 4 1 
8191|Child_Levy|20: 1509 493 176 69 29 14 4 1 
8192|Child_Levy|20: 1509 484 169 67 31 14 4 1 
8194|Child_Avg|11: 1536 473 175 63 27 10 4 1 
8198|Child_Cross21|42: 1486 475 173 63 27 10 4 1 
8215|Child_CrossABC2|8: 1537 473 174 62 27 10 4 1 
8216|Child_CrossABC2|2: 1548 479 178 66 27 10 4 1 
8219|Child_CrossABC1|7: 1656 479 180 62 27 10 4 1 
8231|Child_CrossABC1|7: 1658 476 182 65 27 10 4 1 
8233|Child_CrossABC1|7: 1647 469 180 62 27 10 4 1 
8237|Child_CrossABC2|2: 1787 473 182 65 27 10 4 1 
8241|Survivor|1|Mutated: 1787 473 169 65 27 10 4 1 
8246|Child_Cross12|45: 1743 499 165 63 27 10 4 1 
8247|Child_CrossABC1|7: 1810 475 167 66 27 10 4 1 
8297|Child_Cross12|33: 1893 519 215 73 35 11 4 1 
8301|Child_Avg|23: 1787 514 201 73 35 11 4 1 
8302|Child_CrossABC1|1: 1757 516 215 73 35 11 4 1 
8305|Child_Levy|20: 1840 543 198 76 31 11 4 1 
8311|Child_Cross21|38: 1710 495 208 68 31 11 4 1 
8313|Child_Cross12|37: 1777 528 203 69 29 13 6 1 
8314|Child_Cross12|53: 1780 542 204 71 23 10 4 1 
8315|Child_Avg|59: 1774 522 207 67 30 11 5 1 
8323|Child_Cross12|49: 1816 513 211 65 31 10 4 1 
8325|Child_Cross21|10: 1814 523 200 65 31 10 4 1 
8336|Child_Cross21|54: 1879 509 192 62 27 10 4 1 
8339|Child_Avg|59: 1748 534 196 63 29 10 4 1 
8356|Child_CrossABC1|7: 1801 512 195 66 29 9 4 1 
8359|Child_LevyABC1|11: 1482 568 229 65 28 11 4 1 
8364|Survivor|1|Mutated: 1482 568 240 65 28 11 4 1 
8369|Survivor|1: 1752 556 227 63 27 10 4 1 
8385|Child_Cross12|13: 1737 576 208 62 27 10 4 1 
8391|Child_Cross12|53: 1719 522 239 61 29 9 4 1 
8392|Child_Cross21|46: 1464 496 172 61 29 9 4 1 
8394|Child_Avg|3: 1699 519 207 61 29 10 4 1 
8396|Child_LevyP2|10: 1650 495 209 62 30 11 5 1 
8405|Child_Avg|11: 1515 488 196 63 29 10 4 1 
8411|Child_Avg|23: 1525 502 188 61 29 10 4 1 
8413|Child_Avg|51: 1520 511 187 61 29 10 4 1 
8415|Child_Levy|12: 1528 486 188 61 29 9 4 1 
8416|Child_Cross12|49: 1528 486 188 61 29 10 4 1 
8427|Child_Levy|52: 1523 495 182 61 29 9 4 1 
8468|Child_CrossABC2|8: 1479 498 179 61 29 9 4 1 
8470|Child_Avg|51: 1547 471 182 56 27 10 4 1 
8473|Child_Cross21|10: 1502 435 176 59 27 10 4 1 
8480|Survivor|1|Mutated: 1654 437 180 55 29 9 4 1 
8485|Survivor|1: 1602 476 195 61 33 9 4 1 
8491|Child_CrossABC1|1: 1571 464 186 55 27 10 4 1 
8512|Child_Levy|52: 1310 505 189 67 35 11 4 1 
8520|Child_Cross21|14: 1395 435 189 65 28 11 4 1 
8530|Child_Avg|51: 1499 414 199 79 31 10 4 1 
8531|Child_LevyABC2|12|Mutated: 1411 426 187 77 30 12 5 1 
8532|Child_LevyABC2|12: 1393 419 188 76 27 10 4 1 
8537|Child_CrossABC1|7: 1533 419 188 76 27 10 4 1 
8541|Child_Avg|55: 1699 495 201 71 29 10 4 1 
8552|Child_Avg|39: 1363 392 185 71 29 10 4 1 
8554|Child_Avg|15|Mutated: 1441 435 181 74 24 9 4 1 
8583|Child_Avg|47: 1432 457 181 76 25 9 4 1 
8595|Child_Avg|39: 1576 528 195 70 33 9 4 1 
8607|Child_Levy|16: 1580 508 202 78 35 11 5 1 
8620|Child_Avg|35: 2270 543 221 72 27 10 4 1 
8628|Child_Avg|43: 1735 531 192 65 27 10 4 1 
8660|Child_Cross12|45: 1799 528 186 65 27 10 4 1 
8661|Child_CrossABC1|1: 1792 532 186 65 27 10 4 1 
8665|Child_CrossABC2|8: 1798 532 186 65 27 10 4 1 
8674|Child_Levy|56: 1787 517 183 63 27 10 4 1 
8679|Child_CrossABC1|7: 1785 523 183 63 27 10 4 1 
8681|Child_CrossABC2|8: 1784 511 183 63 27 10 4 1 
8682|Child_CrossABC1|1: 1788 547 183 63 27 10 4 1 
8689|Child_Cross12|17: 1578 480 174 55 27 10 4 1 
8705|Child_LevyP1|3: 2043 496 188 79 33 9 4 1 
8713|Child_CrossABC1|1: 1741 506 188 68 33 9 4 1 
8714|Child_Cross12|41: 1590 515 177 67 33 9 4 1 
8718|Survivor|1: 1736 526 187 71 32 11 4 1 
8721|Child_Avg|27: 1679 515 179 69 31 10 4 1 
8724|Child_Avg|19: 1635 471 165 68 31 10 3 1 
8726|Child_Cross21|18: 1635 471 165 68 31 10 4 1 
8753|Child_Levy|48: 1652 448 175 68 31 11 4 1 
8758|Survivor|1: 1724 461 172 63 31 11 4 1 
8763|Child_Cross21|38: 1648 466 184 64 29 10 4 1 
8766|Child_Avg|23: 1690 466 161 80 28 11 4 1 
8777|Child_CrossABC1|7: 1584 461 157 85 29 10 4 1 
8780|Child_CrossABC1|1: 1713 478 157 81 29 10 4 1 
8781|Child_Cross12|21: 1718 470 161 82 28 12 5 1 
8794|Child_Cross12|1: 1723 473 160 59 29 11 5 1 
8796|Child_Cross21|58: 1750 465 158 61 29 9 4 1 
8800|Child_Cross21|30: 1782 464 159 62 30 11 5 1 
8832|Survivor|1: 1720 438 158 55 27 10 4 1 
8833|Child_Avg|11: 1690 494 173 59 27 10 4 1 
8834|Child_LevyABC2|12: 1670 517 182 64 24 11 5 1 
8846|Child_Cross12|21: 1717 501 184 57 23 10 4 1 
8848|Child_CrossABC1|7: 1716 525 180 59 24 9 4 1 
8850|Child_CrossABC2|2: 1714 531 190 58 24 9 4 1 
8866|Survivor|1: 2000 631 207 65 28 11 4 1 
8871|Child_Cross21|54: 1942 575 207 73 45 13 4 1 
8874|Child_CrossABC1|1: 2441 549 193 75 29 11 5 1 
8882|Child_Avg|3: 1843 595 197 69 30 11 5 1 
8885|Child_CrossABC1|7: 1800 562 187 68 31 11 4 1 
8886|Child_Cross21|6: 1835 560 186 65 30 12 5 1 
8887|Child_LevyP2|10: 1796 544 182 69 29 13 6 1 
8889|Child_Avg|11: 1794 557 186 65 29 10 4 1 
8890|Child_Levy|44: 1822 548 228 79 32 12 5 1 
8891|Child_Avg|23: 1727 583 239 75 32 13 4 1 
8897|Child_Cross21|34: 1737 564 212 65 33 14 4 1 
8901|Survivor|1: 1556 507 181 62 28 13 4 1 
8903|Survivor|1: 1492 509 187 62 28 13 4 1 
8904|Child_Avg|35: 1456 459 176 61 29 9 4 1 
8906|Child_Levy|60: 1709 525 200 61 28 12 5 1 
8937|Child_Cross12|49: 1726 520 176 55 27 10 4 1 
8941|Survivor|1|Mutated: 1605 487 188 62 27 10 4 1 
8947|Child_Cross21|22: 1542 482 176 55 27 10 4 1 
8948|Child_Avg|47: 1579 480 179 62 27 10 4 1 
8958|Child_Avg|23: 1566 489 178 59 27 10 4 1 
8959|Child_CrossABC2|8: 1553 479 176 62 27 10 4 1 
8967|Child_CrossABC2|8: 1437 475 176 63 27 10 4 1 
9018|Child_Avg|39: 2114 583 209 69 31 10 4 1 
9042|Child_Avg|11: 1664 472 192 67 33 9 4 1 
9054|Child_Cross21|30: 1694 467 175 64 33 9 4 1 
9058|Child_CrossABC2|2: 1722 471 186 61 24 9 4 1 
9060|Child_CrossABC1|1: 1684 482 189 65 24 9 4 1 
9074|Child_CrossABC1|1: 1785 487 189 65 24 9 4 1 
9075|Child_CrossABC1|1: 1744 482 189 65 24 9 4 1 
9079|Survivor|1|Mutated: 1614 482 189 65 24 9 4 1 
9080|Child_CrossABC2|8: 1605 514 204 67 24 9 4 1 
9093|Child_Cross12|13: 1469 425 163 61 24 9 4 1 
9094|Child_CrossABC2|2: 1468 491 189 61 24 9 4 1 
9100|Child_CrossABC1|7: 1467 492 189 61 24 9 4 1 
9107|Child_CrossABC1|7: 1467 492 190 61 24 9 4 1 
9108|Child_CrossABC1|1: 1478 504 181 67 24 9 4 1 
9119|Random|24: 2191 582 226 78 27 14 4 1 
9125|Survivor|1|Mutated: 2191 582 226 78 29 14 4 1 
9128|Child_Avg|47: 1932 533 192 79 29 9 4 1 
9131|Child_Cross12|29: 1836 508 183 72 30 11 5 1 
9135|Child_Avg|15: 1785 496 189 68 29 9 4 1 
9147|Child_Levy|8: 1580 585 202 72 30 11 5 1 
9170|Child_Avg|15: 1691 501 183 64 29 10 4 1 
9172|Child_CrossABC2|2: 1682 529 197 63 29 10 4 1 
9177|Child_Cross12|57: 1709 516 175 61 29 10 4 1 
9178|Child_Cross21|50: 1720 524 197 62 29 10 4 1 
9181|Child_Cross12|29: 1721 524 191 62 29 10 4 1 
9182|Child_Cross21|46: 1709 516 175 61 29 9 4 1 
9184|Child_CrossABC1|1: 1707 546 178 61 29 9 4 1 
9186|Child_Cross12|13: 1767 501 200 61 30 11 5 1 
9190|Child_Cross21|42: 1710 516 178 61 29 10 4 1 
9200|Survivor|1|Mutated: 1709 516 175 62 29 10 4 1 
9207|Survivor|1: 1402 425 154 65 29 10 4 1 
9209|Child_Cross21|18: 1709 507 174 60 28 11 4 1 
9229|Survivor|1: 1606 468 161 55 27 10 4 1 
9231|Survivor|1: 1660 468 160 55 27 10 4 1 
9234|Child_CrossABC1|1: 1732 497 161 55 27 10 4 1 
9240|Child_CrossABC2|8: 1732 497 161 62 27 10 4 1 
9250|Child_Cross12|53: 1695 496 160 55 27 10 4 1 
9259|Child_Levy|44: 1811 474 184 70 29 10 4 1 
9260|Survivor|1|Mutated: 1811 478 184 70 29 10 4 1 
9268|Child_Avg|19: 1799 480 183 66 29 9 4 1 
9288|Survivor|1: 2117 558 255 76 31 11 4 1 
9289|Child_Avg|47: 1566 553 211 73 30 9 4 1 
9291|Child_Levy|52: 2066 647 237 77 28 13 4 1 
9294|Child_Levy|20: 1697 487 221 69 30 11 5 1 
9346|Survivor|1|Mutated: 1697 485 221 69 30 11 5 1 
9356|Child_Avg|43: 1871 532 189 71 29 10 4 1 
9359|Child_Levy|12: 1713 523 223 70 29 9 4 1 
9374|Child_Cross21|26: 1716 515 222 62 29 10 4 1 
9377|Child_Cross21|26: 1673 499 182 61 29 10 4 1 
9378|Child_CrossABC2|8: 1674 479 185 62 29 10 4 1 
9379|Child_Avg|43: 1703 536 193 61 29 9 4 1 
9381|Child_Avg|39: 1682 504 182 61 29 9 4 1 
9384|Child_Avg|35: 1684 504 190 61 29 9 4 1 
9385|Child_Avg|51: 1686 502 184 61 29 9 4 1 
9390|Child_Cross12|1: 1684 476 184 61 29 9 4 1 
9392|Child_Avg|15|Mutated: 1676 501 183 71 29 10 4 1 
9404|Child_CrossABC2|2: 1676 501 183 62 29 10 4 1 
9405|Child_LevyP1|9: 1560 492 191 62 30 11 5 1 
9412|Child_Cross21|2: 1618 502 184 63 28 11 4 1 
9420|Survivor|1: 1631 497 184 61 29 10 4 1 
9427|Child_CrossABC2|8: 1613 462 178 61 30 11 5 1 
9430|Child_Avg|55: 1722 699 231 80 31 14 4 1 
9444|Child_Levy|48: 1570 580 194 69 30 11 5 1 
9451|Child_Avg|51: 1444 562 184 61 29 10 4 1 
9456|Child_Avg|35: 1455 564 197 61 29 10 4 1 
9459|Child_Cross12|21: 1408 507 174 59 33 9 4 1 
9472|Child_LevyABC1|5: 1651 545 173 60 28 11 4 1 
9525|Child_Cross12|17: 1835 470 187 61 28 10 3 1 
9529|Child_Avg|7: 1765 460 179 62 27 10 4 1 
9541|Child_Cross12|37: 1612 438 169 55 27 10 4 1 
9574|Child_Cross21|22: 1487 448 164 53 27 10 4 1 
9578|Child_Cross12|33: 1494 447 163 53 27 10 4 1 
9580|Child_CrossABC2|8: 1491 447 163 53 27 10 4 1 
9588|Child_Cross21|50: 1510 448 164 53 27 10 4 1 
9591|Survivor|1: 1505 448 164 53 27 10 4 1 
9607|Survivor|1: 1506 448 164 53 27 10 4 1 
9611|Child_Cross12|5: 1495 447 163 53 27 10 4 1 
9616|Child_Cross12|25: 1497 448 164 53 27 10 4 1 
9627|Child_Avg|15: 1503 447 166 59 27 10 4 1 
9635|Child_Cross21|14: 1500 448 164 53 27 10 4 1 
9645|Child_Cross21|58: 1498 447 164 53 27 10 4 1 
9651|Child_Avg|43: 1511 447 164 53 27 10 4 1 
9653|Child_Cross21|26: 1512 447 164 53 27 10 4 1 
9659|Child_Cross12|5: 1513 446 164 53 27 10 4 1 
9666|Child_Cross21|26: 1493 447 164 53 27 10 4 1 
9669|Child_Avg|31: 1474 446 164 53 27 10 4 1 
9677|Child_Avg|43: 1494 446 164 53 27 10 4 1 
9680|Child_Cross21|2: 1486 446 164 53 27 10 4 1 
9681|Child_Cross12|45: 1506 446 164 53 27 10 4 1 
9686|Child_CrossABC1|1: 1498 446 164 53 27 10 4 1 
9694|Child_Cross21|54: 1491 446 164 53 27 10 4 1 
9697|Child_Cross21|38: 1493 447 168 53 27 10 4 1 
9709|Child_Cross21|10: 1568 446 164 53 27 10 4 1 
9717|Child_Cross12|33: 1534 446 164 53 27 10 4 1 
9719|Child_Avg|51: 1539 446 164 53 27 10 4 1 
9723|Child_Avg|27: 1484 446 164 53 27 10 4 1 
9734|Child_CrossABC2|2: 1477 446 164 53 27 10 4 1 
9737|Child_Cross12|45: 1469 446 164 53 27 10 4 1 
9751|Child_Cross21|38: 1496 446 164 53 27 10 4 1 
9797|Child_Levy|4|Mutated: 1900 658 194 79 35 12 5 1 
9808|Child_LevyABC2|6: 1879 631 183 83 36 13 4 1 
9823|Child_Levy|40: 1851 622 185 78 35 12 5 1 
9825|Child_Cross12|49|Mutated: 1640 570 213 86 35 12 5 1 
9829|Child_Avg|19: 1675 580 197 75 35 11 5 1 
9830|Child_Avg|11: 1618 552 189 74 35 12 5 1 
9836|Child_Avg|11: 1650 576 197 75 35 11 5 1 
9873|Child_CrossABC1|7: 1672 556 207 89 35 11 5 1 
9881|Child_Avg|51: 1673 593 198 75 35 11 5 1 
9882|Child_Cross12|53: 1493 539 208 64 35 11 5 1 
9883|Child_Cross12|45: 1878 573 197 67 35 11 5 1 
9889|Child_Avg|43: 1789 571 196 65 35 11 4 1 
9894|Survivor|1|Mutated: 1771 571 196 65 35 11 4 1 
9896|Child_Cross12|21: 1862 566 197 64 35 11 4 1 
9897|Child_CrossABC2|8: 1773 565 196 65 35 11 4 1 
9900|Survivor|1: 1662 546 191 63 35 12 5 1 
9901|Child_CrossABC1|1: 1653 514 197 64 35 11 4 1 
9902|Child_Avg|35: 1719 511 189 66 35 12 5 1 
9907|Child_Cross12|5: 1698 525 189 64 30 12 5 1 
9913|Child_Avg|11|Mutated: 1720 537 192 71 35 13 5 1 
9920|Child_Cross21|26: 1798 539 196 67 35 12 5 1 
9921|Child_Cross12|33: 1710 524 191 64 35 11 5 1 
9925|Survivor|1|Mutated: 1710 524 191 64 35 11 4 1 
9928|Child_Cross12|41: 1699 515 198 62 35 11 4 1 
9930|Child_Levy|56: 1509 475 227 76 30 12 5 1 
9931|Child_Cross21|10: 1805 509 204 62 35 11 5 1 
9933|Survivor|1: 1500 509 204 62 35 11 5 1 
9939|Child_Avg|55: 1788 513 192 59 31 10 4 1 
9948|Child_Cross12|53: 1801 518 185 59 31 10 4 1 
9950|Child_Cross12|25: 1772 515 187 58 31 10 4 1 
9957|Child_Levy|40|Mutated: 1765 519 186 58 30 11 5 1 
10003|Child_LevyABC1|11: 1734 517 194 58 30 11 5 1 
10019|Child_Levy|52|Mutated: 1795 562 213 61 33 9 4 1 
10040|Child_Levy|44: 1823 494 208 74 33 14 4 1 
10046|Child_LevyABC2|12: 2642 645 241 110 40 12 5 1 
10050|Child_CrossABC2|8: 2386 664 256 97 40 12 5 1 
10055|Child_LevyP2|10: 1867 541 239 81 40 12 5 1 
10056|Child_Avg|39: 2106 663 238 96 38 11 4 1 
10057|Child_CrossABC2|2: 1862 548 204 85 40 12 5 1 
10063|Child_Cross21|18: 1989 562 209 73 40 12 5 1 
10064|Child_Cross12|37: 1990 563 208 74 35 12 5 1 
10066|Survivor|1|Mutated: 1747 563 208 74 35 12 5 1 
10076|Child_Cross12|1: 1674 573 208 74 35 12 5 1 
10078|Child_CrossABC1|7: 1659 569 208 74 35 12 5 1 
10079|Child_CrossABC1|1: 1660 569 208 74 35 12 5 1 
10086|Child_CrossABC2|2: 1668 569 208 74 35 12 5 1 
10089|Child_Avg|31: 1707 556 207 73 35 11 4 1 
10091|Child_Avg|3: 1747 562 204 71 33 10 4 1 
10103|Survivor|1|Mutated: 1747 562 204 71 33 10 3 1 
10127|Child_Avg|19: 2033 586 232 76 35 11 4 1 
10130|Survivor|1|Mutated: 1866 586 197 76 35 11 4 1 
10141|Child_Levy|20: 1780 538 216 65 28 12 5 1 
10147|Survivor|1|Mutated: 1968 538 216 65 28 12 5 1 
10153|Child_Avg|15: 1505 477 165 62 27 10 4 1 
10163|Child_Cross12|25: 1484 504 173 59 27 10 4 1 
10166|Child_CrossABC1|7: 1455 503 173 59 27 10 4 1 
10172|Child_Cross12|21: 1482 485 171 59 24 9 4 1 
10203|Child_Avg|35|Mutated: 1488 443 170 55 29 10 4 1 
10224|Child_Cross12|5|Mutated: 1429 528 156 86 31 10 4 1 
10227|Survivor|1: 1688 516 168 69 34 9 4 1 
10228|Child_Cross12|5: 1769 560 186 73 30 9 4 1 
10229|Child_Cross21|10: 1721 519 171 70 29 9 4 1 
10231|Child_Avg|19: 1436 522 175 83 30 11 5 1 
10241|Child_Cross21|22: 1658 530 184 67 30 11 5 1 
10254|Child_Cross21|10: 1632 523 182 65 28 11 4 1 
10270|Child_CrossABC2|2: 1736 514 172 63 28 11 4 1 
10272|Child_CrossABC1|1: 1770 524 179 60 28 11 4 1 
10290|Survivor|1: 1846 603 192 65 29 10 4 1 
10297|Child_Avg|47: 1802 564 189 68 29 9 4 1 
10308|Child_CrossABC2|2: 1859 538 188 64 29 9 4 1 
10334|Child_Avg|59|Mutated: 1789 567 194 79 33 9 4 1 
10335|Child_Avg|43: 2159 645 246 79 33 12 5 1 
10347|Child_Avg|7: 1764 534 179 68 33 9 4 1 
10351|Child_CrossABC2|8: 1776 526 179 68 33 9 4 1 
10354|Child_CrossABC1|1: 1803 518 178 67 33 9 4 1 
10361|Child_CrossABC1|1: 1805 530 166 70 33 9 4 1 
10362|Child_Avg|35: 1864 516 185 65 33 9 4 1 
10363|Child_CrossABC2|8: 1737 510 177 65 33 9 4 1 
10365|Child_Avg|23: 1744 554 181 67 33 9 4 1 
10377|Survivor|1|Mutated: 1664 505 181 67 33 10 4 1 
10378|Child_Avg|39: 1604 499 176 65 31 10 4 1 
10395|Child_Levy|52: 1497 477 186 76 31 10 4 1 
10396|Child_Avg|31: 1682 520 186 67 28 10 3 1 
10402|Child_Avg|3: 1695 479 180 62 29 10 4 1 
10412|Survivor|1|Mutated: 1695 522 180 62 29 10 4 1 
10413|Child_CrossABC1|1: 1715 529 181 60 28 11 4 1 
10449|Child_CrossABC1|7: 1740 701 238 90 41 14 4 1 
10459|Survivor|1|Mutated: 1740 719 238 90 41 14 4 1 
10468|Child_CrossABC2|2: 1757 530 202 88 39 14 6 1 
10469|Child_CrossABC1|1: 2027 535 199 90 41 13 4 1 
10471|Child_Avg|31: 1869 587 220 71 40 13 5 1 
10473|Child_Levy|40: 1729 589 231 81 40 12 5 1 
10474|Child_LevyABC1|11: 1928 559 233 81 36 13 4 1 
10482|Child_Cross21|18: 1780 582 211 73 36 13 4 1 
10483|Child_Avg|35: 1522 477 176 73 35 12 5 1 
10484|Child_CrossABC2|8: 1846 586 233 84 35 12 5 1 
10485|Survivor|1|Mutated: 1546 586 233 84 35 12 5 1 
10493|Child_Avg|59: 1728 540 211 73 35 12 5 1 
10497|Child_Cross12|1: 1736 530 197 74 35 12 5 1 
10498|Child_Levy|48: 1861 587 219 74 33 9 4 1 
10500|Child_Avg|11: 1762 507 199 73 32 13 5 1 
10506|Child_Avg|47: 1834 560 207 72 32 13 4 1 
10507|Child_Cross12|37: 1842 522 199 72 32 13 5 1 
10509|Child_Avg|23: 1829 547 204 69 32 13 4 1 
10513|Child_Levy|44: 1862 539 202 69 30 11 5 1 
10521|Child_Cross12|9: 1832 550 199 70 33 9 4 1 
10522|Child_Cross12|13: 1873 544 201 70 33 9 4 1 
10523|Child_Avg|31: 1718 528 189 69 31 10 4 1 
10524|Child_Cross21|26: 1725 527 189 67 33 9 4 1 
10525|Child_CrossABC1|7: 1853 514 190 73 33 9 4 1 
10540|Child_Cross21|10: 1761 536 187 61 33 9 4 1 
10541|Child_Cross12|57: 1759 493 199 64 29 10 4 1 
10543|Child_CrossABC2|2: 1852 541 194 63 28 9 4 1 
10545|Child_Avg|7: 1795 541 180 62 27 10 4 1 
10548|Child_LevyABC2|12: 1749 482 182 68 29 9 4 1 
10549|Child_Levy|4: 1701 543 185 61 29 10 4 1 
10555|Survivor|1: 1706 522 182 59 28 9 4 1 
10566|Child_Cross21|50: 1665 519 177 56 27 10 4 1 
10569|Child_Avg|11: 1696 518 181 66 31 10 4 1 
10579|Child_Avg|27|Mutated: 1663 456 176 63 29 10 4 1 
10603|Child_Avg|7: 1554 415 165 61 29 10 4 1 
10604|Child_Levy|12: 1651 487 178 64 30 11 5 1 
10610|Survivor|1: 1414 401 162 62 30 11 5 1 
10613|Child_Cross21|26: 1625 446 184 59 30 11 5 1 
10619|Survivor|1: 1693 495 211 58 30 11 5 1 
10625|Child_Avg|15: 1689 475 193 58 28 11 4 1 
10652|Child_CrossABC1|1: 1697 503 180 84 29 9 4 1 
10667|Child_Levy|56: 1689 467 170 61 29 9 4 1 
10670|Child_Levy|28: 1631 487 172 64 30 11 5 1 
10682|Child_Cross12|45: 1657 479 172 59 30 11 5 1 
10695|Child_Cross21|2: 1707 465 167 57 29 9 4 1 
10734|Child_CrossABC1|1: 2119 673 193 84 29 10 4 1 
10740|Survivor|1: 1946 601 246 74 38 11 4 1 
10741|Child_CrossABC1|1: 2204 655 231 86 37 14 4 1 
10784|Survivor|1|Mutated: 2204 655 228 86 37 13 4 1 
10785|Survivor|1|Mutated: 2204 590 228 86 37 13 4 1 
10786|Child_Avg|43: 1580 579 209 68 36 13 4 1 
10787|Child_CrossABC1|1: 1862 596 219 77 36 13 4 1 
10788|Child_CrossABC1|7: 1793 546 220 79 28 13 4 1 
10790|Child_Avg|11: 1617 580 209 68 36 13 4 1 
10794|Child_Avg|39: 1413 547 206 66 32 13 4 1 
10802|Child_Cross12|21: 1484 545 206 66 32 13 4 1 
10830|Survivor|1: 1565 472 189 60 32 11 4 1 
10831|Child_Avg|19: 1547 533 210 69 32 13 4 1 
10841|Survivor|1: 1923 471 198 80 35 11 4 1 
10846|Child_Avg|3: 1718 437 195 83 34 9 4 1 
10847|Child_Cross12|49: 1804 493 185 69 34 9 4 1 
10854|Child_Avg|27: 1703 505 183 62 29 9 4 1 
10856|Survivor|1: 1770 588 181 64 33 9 4 1 
10862|Child_CrossABC2|2: 1770 460 181 64 33 9 4 1 
10891|Child_Cross12|29: 1629 470 183 59 30 9 4 1 
10898|Survivor|1: 1504 455 159 58 33 9 4 1 
10900|Survivor|1: 1504 455 159 58 27 14 4 1 
10901|Child_Avg|39: 1539 442 169 57 32 11 4 1 
10922|Child_Avg|3: 1750 556 193 74 33 9 4 1 
10924|Child_Levy|32: 1953 620 275 99 37 16 6 1 
10931|Child_Avg|11: 1524 489 168 67 35 12 5 1 
10935|Child_Cross21|2: 1790 529 209 66 36 13 4 1 
10940|Child_Levy|56: 1871 639 221 92 36 11 6 1 
10943|Child_Levy|24: 1861 551 234 96 35 12 5 1 
10948|Child_Avg|35: 1691 563 205 78 35 11 4 1 
10949|Child_Avg|43: 1674 533 223 78 35 12 5 1 
10953|Child_Levy|48: 1687 553 213 76 35 12 5 1 
10960|Child_CrossABC2|2: 1602 499 188 66 35 12 5 1 
10964|Child_Avg|59: 1581 510 186 67 35 11 5 1 
10970|Child_Avg|43: 1567 507 186 63 35 12 5 1 
10974|Child_Cross12|9: 1593 488 185 65 31 10 4 1 
10976|Child_Levy|40|Mutated: 1540 521 184 75 35 12 5 1 
10978|Survivor|1: 1576 469 183 62 30 9 4 1 
10985|Child_Cross12|37: 1629 479 183 65 25 9 4 1 
10996|Survivor|1: 1688 463 172 58 24 9 4 1 
10997|Child_Avg|43: 1974 586 226 76 35 11 4 1 
11000|Child_Cross12|49: 1890 597 245 76 36 13 4 1 
11002|Child_Cross21|50: 2039 578 221 76 36 13 4 1 
11003|Child_Levy|48: 1696 566 223 79 35 12 5 1 
11005|Child_Avg|47: 1793 566 211 75 35 12 5 1 
11011|Child_CrossABC2|2|Mutated: 1824 547 209 73 35 12 5 1 
11012|Child_Levy|16: 1866 550 215 74 36 11 5 1 
11020|Child_Cross21|46: 1866 550 215 74 33 10 3 1 
11021|Child_Levy|52: 1792 540 203 71 34 9 4 1 
11026|Child_CrossABC1|1: 1785 538 209 71 33 9 4 1 
11027|Child_Cross12|17: 1779 537 204 70 33 9 4 1 
11031|Child_Avg|59: 1693 523 210 67 33 9 4 1 
11032|Child_CrossABC1|1: 1644 525 206 67 33 9 4 1 
11033|Child_CrossABC2|8: 1623 526 210 67 33 9 4 1 
11041|Survivor|1|Mutated: 1701 526 210 67 33 9 4 1 
11043|Child_CrossABC1|7: 1696 526 211 67 33 9 4 1 
11047|Child_Avg|15: 1695 526 210 67 33 9 4 1 
11049|Child_CrossABC1|1: 1694 526 211 67 33 9 4 1 
11060|Child_Cross21|26: 1636 483 206 65 33 9 4 1 
11062|Child_Cross21|54: 1522 476 207 65 33 9 4 1 
11063|Child_Cross12|49: 1621 495 206 65 33 9 4 1 
11065|Child_Avg|55: 1563 485 206 64 33 9 4 1 
11067|Child_Avg|43: 1627 513 206 65 33 9 4 1 
11068|Child_Cross21|10: 1641 483 206 65 33 9 4 1 
11070|Child_Cross21|10: 1658 472 206 65 33 9 4 1 
11072|Child_Cross12|29: 1593 484 206 64 33 9 4 1 
11076|Child_Cross12|37: 1591 485 206 64 33 9 4 1 
11077|Child_Avg|31: 1593 496 206 64 33 9 4 1 
11079|Child_Cross21|50|Mutated: 1774 551 206 64 33 9 4 1 
11080|Child_Cross12|33: 1615 487 206 64 33 9 4 1 
11086|Child_Cross21|58|Mutated: 1754 539 202 64 33 9 4 1 
11087|Child_Cross12|53: 1832 551 206 64 33 9 4 1 
11089|Child_Cross21|42: 1764 545 204 64 33 9 4 1 
11095|Child_Avg|11: 1784 546 203 64 33 9 4 1 
11096|Child_Avg|3: 1803 551 204 64 33 9 4 1 
11098|Child_Avg|43: 1782 539 204 64 33 9 4 1 
11099|Child_Cross21|42: 1709 517 206 64 33 9 4 1 
11100|Child_Avg|31: 1751 535 203 64 33 9 4 1 
11104|Child_Cross21|58: 1792 545 204 64 33 9 4 1 
11105|Child_Cross21|38: 1740 535 203 64 33 9 4 1 
11106|Child_Cross21|30: 1753 542 203 64 33 9 4 1 
11107|Child_Cross21|30: 1766 539 205 64 33 9 4 1 
11110|Child_CrossABC1|7: 1800 537 204 64 33 9 4 1 
11113|Child_Cross12|57: 1749 539 204 64 33 9 4 1 
11116|Child_Cross12|21: 1783 542 203 64 33 9 4 1 
11121|Child_Cross21|2: 1761 539 204 64 33 9 4 1 
11128|Child_Avg|23: 1775 541 202 64 33 9 4 1 
11129|Child_Cross12|25: 1774 547 204 64 33 9 4 1 
11142|Child_Avg|15: 1774 539 204 64 33 9 4 1 
11149|Child_Cross21|22: 1783 539 202 64 33 9 4 1 
11152|Child_Cross12|41: 1774 539 202 64 33 9 4 1 
11153|Child_Cross12|9: 1756 539 204 64 33 9 4 1 
11156|Child_Cross12|33: 1790 539 202 64 33 9 4 1 
11157|Child_CrossABC1|1: 1768 537 203 64 33 9 4 1 
11161|Child_CrossABC1|1: 1773 539 202 64 33 9 4 1 
11163|Child_Avg|47: 1774 543 202 64 33 9 4 1 
11166|Child_Cross21|30: 1777 541 202 64 33 9 4 1 
11168|Child_CrossABC2|2: 1838 539 202 64 33 9 4 1 
11174|Child_Cross21|38: 1781 541 200 64 33 9 4 1 
11176|Child_CrossABC1|1: 1848 539 202 64 33 9 4 1 
11177|Child_Cross12|9: 1794 539 202 64 33 9 4 1 
11178|Child_Avg|31: 1777 539 202 64 33 9 4 1 
11179|Child_Avg|55: 1801 539 202 64 33 9 4 1 
11183|Child_CrossABC1|1: 1793 539 202 64 33 9 4 1 
11184|Child_Cross12|5: 1797 539 202 64 33 9 4 1 
11187|Child_Cross21|34: 1804 539 202 64 33 9 4 1 
11190|Child_Avg|35: 1780 539 202 64 33 9 4 1 
11194|Child_Cross21|2: 1770 539 202 64 33 9 4 1 
11213|Child_CrossABC2|8: 1776 539 202 64 33 9 4 1 
11217|Child_Cross12|33: 1788 539 202 64 33 9 4 1 
11220|Child_Avg|11: 1791 539 202 64 33 9 4 1 
11222|Child_Avg|43: 1844 539 202 64 33 9 4 1 
11230|Child_Cross12|29|Mutated: 1784 539 202 64 33 9 4 1 
11237|Child_Cross21|38: 1800 539 202 64 33 9 4 1 
11242|Child_Avg|51: 1798 539 202 64 33 9 4 1 
11245|Child_Cross12|53: 1787 539 202 64 33 9 4 1 
11261|Child_Cross21|34: 1834 539 202 64 33 9 4 1 
11265|Child_Cross12|17: 1807 539 202 64 33 9 4 1 
11328|Child_Cross21|30: 1831 539 202 64 33 9 4 1 
11340|Child_Cross12|45|Mutated: 1811 539 202 64 33 9 4 1 
11348|Child_CrossABC2|8: 1800 539 202 73 33 9 4 1 
11365|Child_Avg|59: 1803 539 202 64 33 9 4 1 
11412|Survivor|1|Mutated: 1904 539 202 64 33 9 4 1 
11417|Child_CrossABC2|8: 1963 542 196 67 33 9 4 1 
11437|Child_CrossABC1|1: 1788 539 189 67 33 9 4 1 
11440|Child_Avg|3: 2209 607 223 91 32 13 4 1 
11442|Child_CrossABC1|7: 2206 621 224 90 35 12 5 1 
11446|Child_Avg|11: 1906 519 198 90 35 12 5 1 
11447|Child_Cross12|29: 2244 601 229 90 35 12 5 1 
11457|Survivor|1|Mutated: 2313 601 229 90 35 12 5 1 
11458|Child_CrossABC2|8: 2044 541 223 85 33 12 5 1 
11461|Child_LevyP2|10: 2234 797 216 89 41 14 6 1 
11465|Child_Cross12|41: 2075 538 201 80 35 11 4 1 
11468|Survivor|1: 1970 547 202 74 36 11 5 1 
11469|Child_Cross21|2: 1937 544 197 71 36 11 5 1 
11470|Child_Cross21|22|Mutated: 1545 569 203 83 28 13 4 1 
11473|Child_CrossABC1|1: 2223 490 214 82 29 10 4 1 
11487|Child_LevyP1|3: 1886 530 213 72 27 10 4 1 
11492|Child_Cross12|5: 1829 521 210 65 27 10 4 1 
11494|Child_Cross12|49: 1791 482 209 62 27 10 4 1 
11495|Child_Avg|27: 1871 518 202 65 25 9 4 1 
11499|Child_CrossABC2|2: 1922 513 203 66 31 14 4 1 
11506|Child_LevyABC1|11: 1954 526 207 65 29 10 4 1 
11509|Child_Levy|16: 1863 520 205 66 28 13 4 1 
11523|Survivor|1|Mutated: 1863 520 205 66 32 13 4 1 
11527|Child_Avg|27: 1853 514 197 66 32 13 4 1 
11557|Survivor|1|Mutated: 1572 483 197 66 32 13 4 1 
11567|Child_Avg|51: 1576 483 186 66 32 13 4 1 
11577|Survivor|1: 1738 494 180 59 32 13 4 1 
11581|Child_CrossABC2|8: 1805 502 211 90 33 13 4 1 
11585|Child_Avg|11: 1773 498 202 81 32 11 4 1 
11621|Child_Cross12|25: 1683 471 183 73 30 11 5 1 
11629|Child_Avg|23: 1638 451 172 72 30 11 5 1 
11632|Child_Cross21|26: 1566 462 172 69 30 11 5 1 
11637|Child_Cross12|41: 1648 439 177 67 30 11 5 1 
11640|Survivor|1|Mutated: 1543 419 166 66 30 11 5 1 
11641|Child_Cross21|6: 1507 435 181 63 28 13 4 1 
11644|Child_Cross12|37: 1683 450 182 63 29 10 4 1 
11646|Child_Avg|47: 1424 420 167 63 29 10 4 1 
11647|Child_Avg|11: 1558 463 173 62 29 10 4 1 
11648|Child_CrossABC2|2: 1450 414 176 63 29 10 4 1 
11649|Child_Cross21|10: 1490 435 172 61 29 10 4 1 
11651|Child_Cross21|10: 1490 435 172 61 29 9 4 1 
11653|Child_Avg|19: 1528 431 173 61 29 9 4 1 
11657|Child_Cross12|49|Mutated: 1521 435 172 61 29 9 4 1 
11658|Child_CrossABC1|7: 1504 435 172 61 29 9 4 1 
11660|Child_Cross12|29: 1491 435 172 61 29 9 4 1 
11662|Child_CrossABC1|1: 1493 435 172 61 29 9 4 1 
11663|Child_Cross21|54: 1575 435 172 61 29 9 4 1 
11665|Child_Cross12|21: 1494 435 172 61 29 9 4 1 
11666|Child_Avg|31: 1511 435 172 61 29 9 4 1 
11670|Child_Cross21|34: 1514 435 172 61 29 9 4 1 
11675|Child_Cross12|57: 1501 435 172 61 29 9 4 1 
11684|Child_Avg|39: 1484 435 172 61 29 9 4 1 
11694|Child_Avg|43: 1495 435 172 61 29 9 4 1 
11696|Child_Cross12|49: 1483 435 172 61 29 9 4 1 
11706|Child_Cross21|58: 1512 435 172 61 29 9 4 1 
11731|Child_Cross21|38: 1481 435 172 61 29 9 4 1 
11738|Child_Avg|47: 1505 435 172 61 29 9 4 1 
11741|Child_Avg|23: 1513 435 172 61 29 9 4 1 
11747|Child_Avg|19: 1503 435 172 61 29 9 4 1 
11759|Child_Cross12|17: 1471 435 172 61 29 9 4 1 
11791|Child_CrossABC1|1: 1462 465 172 61 29 9 4 1 
11794|Survivor|1: 1470 446 164 61 29 9 4 1 
11802|Survivor|1: 1397 450 173 61 29 9 4 1 
11806|Child_LevyABC2|12|Mutated: 1584 465 188 65 27 10 4 1 
11814|Survivor|1: 1397 447 175 57 29 9 4 1 
11817|Child_Levy|8: 1883 690 257 84 36 11 5 1 
11818|Child_Levy|20|Mutated: 1634 615 213 69 35 11 4 1 
11831|Child_Cross12|9: 2579 517 204 74 32 13 4 1 
11833|Child_Levy|32: 2177 571 218 76 35 11 5 1 
11839|Child_CrossABC1|7: 2217 616 214 84 35 11 5 1 
11844|Child_Avg|31: 2022 565 204 75 35 12 5 1 
11846|Child_Avg|27: 1829 496 191 69 35 11 5 1 
11847|Child_Avg|51|Mutated: 1872 542 192 67 31 11 4 1 
11848|Child_Cross21|2: 1844 561 204 65 35 11 5 1 
11855|Child_LevyP2|10: 1781 553 187 67 35 11 4 1 
11861|Survivor|1|Mutated: 1781 553 216 67 35 11 4 1 
11870|Child_Avg|19: 1921 521 202 75 37 10 4 1 
11873|Child_Avg|47: 1770 497 195 73 35 9 4 1 
11875|Child_Avg|51: 1647 495 180 74 33 9 4 1 
11876|Child_Levy|4: 1802 505 184 74 35 11 5 1 
11879|Survivor|1|Mutated: 1802 505 184 78 35 11 5 1 
11884|Child_Avg|43: 1646 500 181 75 35 11 4 1 
11888|Child_Cross12|21: 1790 532 207 67 33 10 4 1 
11896|Child_Cross21|6: 1788 526 209 64 33 10 4 1 
11897|Child_Cross21|34: 1789 529 208 65 31 10 4 1 
11899|Child_Cross12|1: 1685 518 185 63 28 11 4 1 
11901|Child_Cross12|1: 1876 529 208 65 31 10 4 1 
11914|Child_LevyABC1|11: 1781 549 203 64 29 10 4 1 
11922|Child_Cross12|37: 1643 500 181 61 29 9 4 1 
11930|Child_CrossABC2|2: 1688 500 181 61 29 9 4 1 
11931|Child_Avg|15: 1620 500 175 61 29 9 4 1 
11934|Child_Cross12|29: 1676 500 172 61 29 9 4 1 
11935|Child_Cross12|29: 1633 498 181 61 29 9 4 1 
11936|Child_CrossABC2|8: 1655 496 182 61 29 9 4 1 
11958|Child_Avg|3: 1459 494 173 55 29 10 4 1 
11963|Survivor|1: 1677 483 166 55 29 9 4 1 
11970|Child_CrossABC2|8: 1703 484 169 75 29 9 4 1 
11972|Child_CrossABC2|8: 1502 451 169 59 29 9 4 1 
11975|Survivor|1: 1681 490 167 57 29 9 4 1 
11992|Survivor|1: 1563 496 172 73 29 9 4 1 
11995|Child_CrossABC1|7: 1550 496 172 61 29 9 4 1 
11997|Child_Avg|27: 1425 450 155 61 29 9 4 1 
12000|Child_CrossABC2|8: 1505 409 150 61 29 9 4 1 
12003|Child_Cross21|14: 1527 485 166 57 29 9 4 1 
12010|Child_Levy|28: 1532 455 178 61 30 9 4 1 
12012|Child_Cross21|6: 1693 540 196 71 33 9 4 1 
12014|Child_Avg|47: 1742 523 180 67 33 9 4 1 
12018|Child_CrossABC2|2: 1710 523 180 67 33 9 4 1 
12023|Child_CrossABC2|2: 1714 523 180 67 33 9 4 1 
12028|Survivor|1: 1508 487 168 62 33 9 4 1 
12044|Survivor|1: 1521 462 165 61 29 9 4 1 
12058|Child_LevyABC2|12|Mutated: 1857 729 192 80 30 11 5 1 
12064|Child_Cross21|26: 1453 535 178 73 30 11 5 1 
12067|Child_Avg|7|Mutated: 1626 568 174 69 31 10 4 1 
12070|Child_Levy|52: 1404 498 178 61 29 10 4 1 
12071|Child_Cross21|18: 1509 579 176 61 30 11 5 1 
12073|Child_CrossABC1|1: 1696 525 178 62 30 11 5 1 
12079|Child_CrossABC2|8: 1696 525 178 62 30 9 4 1 
12080|Child_Avg|55: 1697 502 169 61 29 10 4 1 
12104|Child_Avg|47: 2127 593 239 107 38 11 4 1 
12109|Child_Avg|59: 1791 602 202 85 35 11 5 1 
12113|Child_Cross12|45: 1478 457 154 80 35 11 5 1 
12114|Child_Cross21|46: 1834 527 191 76 35 11 5 1 
12117|Child_CrossABC2|2: 1776 527 191 76 35 11 5 1 
12118|Child_CrossABC2|2: 1821 527 191 76 35 11 5 1 
12119|Child_CrossABC1|7: 1785 527 191 76 35 11 5 1 
12120|Child_CrossABC2|8: 1745 527 191 76 35 11 5 1 
12124|Child_CrossABC1|1: 1796 527 191 76 35 11 5 1 
12132|Child_CrossABC1|7: 1779 530 193 75 35 11 5 1 
12147|Child_CrossABC1|7: 1782 518 206 75 35 11 5 1 
12156|Child_Avg|35: 1896 522 199 80 35 11 5 1 
12158|Child_CrossABC2|8: 1777 519 200 78 35 11 5 1 
12165|Child_Cross21|50: 1814 543 197 87 35 11 5 1 
12197|Child_Cross21|10: 7419 1464 537 184 89 28 12 5 1 
12202|Child_Avg|55: 1670 483 214 72 30 11 5 1 
12205|Child_Avg|47: 1671 522 214 71 29 11 5 1 
12224|Child_LevyP1|9: 1561 512 193 77 30 11 5 1 
12228|Child_LevyP2|10|Mutated: 1894 475 198 81 29 10 4 1 
12236|Child_CrossABC1|7|Mutated: 1873 484 186 81 29 10 4 1 
12237|Child_Cross12|49: 1728 485 184 80 29 10 4 1 
12238|Child_Cross12|13: 1687 513 196 64 29 9 4 1 
12247|Child_Cross12|57: 1761 543 191 61 29 9 4 1 
12249|Child_Cross21|50: 1733 519 193 61 29 9 4 1 
12265|Child_Cross21|46: 1741 505 175 61 29 9 4 1 
12271|Child_Cross21|38: 1689 500 168 61 29 9 4 1 
12272|Child_Cross12|57: 1744 513 193 59 29 9 4 1 
12277|Child_CrossABC2|2: 1747 485 186 58 30 9 4 1 
12278|Child_Levy|32: 1718 509 192 56 27 10 4 1 
12283|Child_CrossABC2|2: 1720 507 192 56 27 10 4 1 
12285|Child_Cross21|14: 1723 499 187 55 27 10 4 1 
12291|Child_Cross21|14: 1720 501 184 55 27 10 4 1 
12293|Child_Cross21|50: 1720 501 186 55 27 10 4 1 
12294|Child_Avg|23: 1722 499 188 55 27 10 4 1 
12295|Child_Cross12|29: 1720 501 188 55 27 10 4 1 
12296|Child_Cross21|6: 1711 500 186 55 27 10 4 1 
12297|Child_Cross12|9: 1722 499 187 55 27 10 4 1 
12301|Child_Cross21|54: 1716 500 186 55 27 10 4 1 
12303|Child_Cross21|30: 1718 498 187 55 27 10 4 1 
12308|Child_Cross12|45: 1716 497 187 55 27 10 4 1 
12309|Child_Cross12|33: 1708 497 187 55 27 10 4 1 
12310|Child_Cross12|49: 1713 498 187 55 27 10 4 1 
12311|Child_Cross12|21: 1714 497 187 55 27 10 4 1 
12312|Child_Cross12|53: 1723 499 188 55 27 10 4 1 
12313|Child_CrossABC2|2: 1726 498 187 55 27 10 4 1 
12316|Child_Avg|59: 1724 498 187 55 27 10 4 1 
12318|Child_Avg|59: 1721 498 187 55 27 10 4 1 
12319|Child_Cross21|10: 1723 498 188 55 27 10 4 1 
12320|Child_Cross21|26: 1722 498 188 55 27 10 4 1 
12326|Child_Avg|27: 1716 498 187 55 27 10 4 1 
12333|Child_Cross12|57: 1720 498 188 55 27 10 4 1 
12339|Child_Cross21|30: 1699 498 187 55 27 10 4 1 
12341|Child_Avg|35: 1715 498 187 55 27 10 4 1 
12343|Child_Cross21|14: 1727 498 187 55 27 10 4 1 
12345|Child_Cross12|33: 1727 497 187 55 27 10 4 1 
12346|Child_Cross21|30: 1721 497 187 55 27 10 4 1 
12348|Child_Cross21|26: 1707 498 187 55 27 10 4 1 
12349|Child_Avg|35: 1725 497 187 55 27 10 4 1 
12353|Child_Cross21|2: 1700 499 187 55 27 10 4 1 
12361|Child_Avg|39: 1712 498 187 55 27 10 4 1 
12362|Child_Cross21|26: 1710 498 187 55 27 10 4 1 
12363|Child_Cross21|10: 1717 497 187 55 27 10 4 1 
12396|Child_Cross12|37: 1723 497 187 55 27 10 4 1 
12424|Child_Cross12|13: 1743 497 187 55 27 10 4 1 
12428|Child_Cross21|38: 1736 497 187 55 27 10 4 1 
12430|Child_Avg|3: 1739 497 187 55 27 10 4 1 
12433|Child_Cross21|38: 1730 497 187 55 27 10 4 1 
12445|Child_Cross12|29: 1732 497 187 55 27 10 4 1 
12472|Child_Cross12|37|Mutated: 1914 497 187 66 27 10 4 1 
12490|Child_Cross21|22: 1719 497 187 55 27 10 4 1 
12497|Child_Cross21|54: 1703 497 187 55 27 10 4 1 
12534|Child_Avg|19: 1588 536 173 64 35 11 5 1 
12545|Survivor|1: 1588 536 173 64 35 11 4 1 
12547|Survivor|1: 1637 560 185 62 35 11 4 1 
12578|Child_Cross21|34: 1569 531 183 76 35 13 5 1 
12579|Child_Levy|60: 1803 558 188 68 33 10 3 1 
12594|Survivor|1|Mutated: 1785 558 188 68 33 10 3 1 
12610|Child_Avg|43|Mutated: 1756 543 173 64 29 9 4 1 
12616|Child_Cross21|18: 1719 529 181 61 29 10 4 1 
12617|Child_Avg|47: 1907 584 211 74 34 9 4 1 
12620|Child_CrossABC1|1: 1687 526 182 61 29 9 4 1 
12623|Child_CrossABC1|1: 1644 494 190 61 29 9 4 1 
12627|Child_CrossABC1|7: 1757 473 195 61 29 9 4 1 
12632|Child_CrossABC1|1: 1771 493 184 64 29 9 4 1 
12658|Child_CrossABC2|2: 1723 490 171 58 33 9 4 1 
12659|Child_CrossABC1|7: 1694 494 173 69 28 9 4 1 
12661|Child_Levy|20: 1682 488 170 65 27 10 4 1 
12672|Survivor|1|Mutated: 1713 499 208 73 35 9 4 1 
12680|Survivor|1: 1313 485 212 80 35 11 4 1 
12685|Child_Levy|48: 2148 695 262 99 40 13 5 1 
12687|Child_Cross21|58|Mutated: 1459 499 202 86 40 13 5 1 
12696|Survivor|1: 1684 440 209 78 38 11 4 1 
12697|Child_Avg|19: 1577 485 199 74 39 11 4 1 
12700|Child_Avg|55: 1700 479 205 71 39 11 4 1 
12701|Child_Levy|36: 1773 512 201 76 36 11 5 1 
12703|Child_Cross12|9: 1728 499 199 73 36 11 5 1 
12704|Child_Cross21|14: 1620 453 194 71 36 11 5 1 
12705|Child_Avg|7: 1751 487 206 71 36 11 5 1 
12707|Child_Cross21|26: 1755 487 201 69 35 11 5 1 
12711|Child_CrossABC2|2: 1755 523 201 69 35 11 5 1 
12713|Child_Levy|20: 1865 508 186 76 35 13 5 1 
12714|Survivor|1|Mutated: 2095 508 186 76 35 13 5 1 
12715|Child_Levy|52: 1886 522 203 75 35 11 5 1 
12716|Survivor|1|Mutated: 1886 597 203 75 35 11 5 1 
12720|Survivor|1|Mutated: 1886 499 188 75 35 11 5 1 
12721|Child_Cross12|49: 1738 483 202 64 35 11 5 1 
12722|Child_Cross21|34: 1776 480 202 62 33 9 4 1 
12732|Child_LevyP2|10: 1731 472 197 67 33 10 4 1 
12745|Child_Cross21|22: 1731 472 197 67 35 11 4 1 
12754|Child_CrossABC2|8: 1563 430 171 61 29 10 4 1 
12755|Child_Cross12|13: 1413 425 188 62 29 10 4 1 
12763|Child_Cross12|37: 1447 436 181 61 29 10 4 1 
12764|Child_CrossABC2|2: 1404 425 188 62 29 10 4 1 
12766|Child_CrossABC1|1|Mutated: 1425 452 187 63 29 10 4 1 
12767|Child_Levy|16: 1391 460 191 64 29 9 4 1 
12769|Child_Cross21|42: 1465 483 175 62 29 10 4 1 
12772|Child_Cross12|45: 1444 444 191 61 29 9 4 1 
12774|Child_Levy|36: 1473 451 183 62 27 10 4 1 
12785|Child_Levy|60|Mutated: 1726 449 212 61 24 9 4 1 
12788|Child_Cross12|25: 1492 430 182 59 24 9 4 1 
12844|Child_Avg|15: 1798 471 166 71 33 10 3 1 
12851|Child_Avg|19: 1671 449 166 71 33 10 3 1 
12852|Child_Cross21|6: 1725 477 166 65 34 9 4 1 
12853|Child_Cross21|38: 1725 477 166 65 31 10 4 1 
12855|Child_CrossABC2|2: 1763 467 169 71 33 10 4 1 
12858|Child_CrossABC1|7: 1725 477 166 65 35 11 5 1 
12860|Child_Avg|23: 1723 479 164 67 32 11 4 1 
12862|Survivor|1: 1725 477 166 65 33 9 4 1 
12863|Child_Cross12|49: 1731 480 167 65 33 9 4 1 
12864|Child_Levy|44: 1805 473 168 64 30 11 5 1 
12871|Child_LevyP2|4: 1743 484 166 65 31 10 4 1 
12892|Child_Avg|3: 1743 482 166 65 31 10 4 1 
12895|Child_Cross21|26: 1743 481 166 65 31 10 4 1 
12900|Child_CrossABC1|1: 1740 421 166 67 30 11 5 1 
12905|Child_CrossABC1|7: 1734 462 166 67 30 11 5 1 
12921|Child_Avg|19: 1785 484 181 65 35 12 5 1 
12923|Survivor|1: 1658 464 188 63 35 11 4 1 
12930|Child_CrossABC1|7: 1418 445 151 65 28 11 4 1 
12941|Survivor|1: 1683 585 196 68 33 10 4 1 
12943|Child_CrossABC1|1: 1732 521 232 74 33 9 4 1 
12946|Child_CrossABC1|7: 1729 543 213 73 33 9 4 1 
12958|Child_LevyP2|10|Mutated: 2120 593 226 96 42 13 4 1 
12974|Child_Cross21|50: 1515 482 202 67 35 13 5 1 
12975|Child_Cross21|54: 1734 516 201 69 35 11 4 1 
12976|Child_Cross12|1: 1820 496 210 77 27 14 4 1 
12979|Child_Cross12|21: 1577 499 188 64 35 11 4 1 
12981|Child_Cross12|37: 1577 499 188 64 35 11 5 1 
12983|Survivor|1|Mutated: 1478 499 188 64 35 11 5 1 
12986|Child_Cross12|33: 1555 493 188 64 35 11 5 1 
12990|Child_Cross21|50: 1580 499 188 64 35 11 5 1 
12992|Child_CrossABC1|7: 1579 499 188 64 35 11 5 1 
13006|Child_Cross12|45: 1527 494 187 62 35 11 5 1 
13008|Child_CrossABC1|1: 1529 494 187 62 35 11 5 1 
13011|Child_CrossABC1|1: 1526 494 187 62 35 11 5 1 
13012|Child_Cross21|38: 1530 494 187 62 35 11 5 1 
13013|Child_Cross21|6: 1528 494 187 62 35 11 5 1 
13015|Child_Avg|23: 1524 494 187 62 35 11 5 1 
13017|Child_Cross12|33: 1631 494 187 62 35 11 5 1 
13019|Child_Cross12|49: 1624 494 187 62 35 11 5 1 
13020|Child_CrossABC1|7: 1565 494 187 62 35 11 5 1 
13028|Child_Cross12|25: 1585 494 187 62 35 11 5 1 
13031|Child_Cross21|38: 1525 494 187 62 35 11 5 1 
13036|Child_Cross12|17: 1769 494 187 62 35 11 5 1 
13037|Child_Cross21|46: 1648 494 187 62 35 11 5 1 
13038|Child_Cross21|54: 1523 494 187 62 35 11 5 1 
13039|Child_Avg|15: 1647 494 187 62 35 11 5 1 
13042|Child_Avg|27: 1707 494 187 62 35 11 5 1 
13046|Child_Cross12|25: 1649 494 187 62 35 11 5 1 
13048|Child_Cross21|14: 1693 494 187 62 35 11 5 1 
13049|Child_Cross12|5: 1711 494 187 62 35 11 5 1 
13050|Child_Cross12|57: 1810 494 187 62 35 11 5 1 
13054|Child_Cross12|37: 1686 494 187 62 35 11 5 1 
13056|Child_Avg|35: 1748 494 187 62 35 11 5 1 
13060|Child_Cross21|30: 1768 494 187 62 35 11 5 1 
13062|Child_Cross12|1: 1772 494 187 62 35 11 5 1 
13063|Child_Cross21|58: 1776 494 187 62 35 11 5 1 
13069|Child_Cross21|54: 1764 494 187 62 35 11 5 1 
13071|Child_Cross12|41|Mutated: 1773 494 187 62 35 11 5 1 
13077|Child_Avg|31: 1770 494 187 62 35 11 5 1 
13084|Child_CrossABC2|8: 1754 494 187 62 35 11 5 1 
13085|Child_Cross21|10: 1752 494 187 62 35 11 5 1 
13093|Child_Avg|39: 1771 494 187 62 35 11 5 1 
13114|Child_Avg|3|Mutated: 1769 507 187 67 35 13 5 1 
13132|Child_CrossABC1|1: 1767 494 187 62 35 11 5 1 
13145|Child_Avg|43: 1815 494 187 62 35 11 5 1 
13148|Child_Cross21|26: 1744 494 187 62 35 11 5 1 
13157|Child_Cross21|46: 1763 494 187 62 35 11 5 1 
13158|Child_Avg|27|Mutated: 1764 521 187 62 35 11 5 1 
13188|Child_CrossABC2|8: 1769 493 187 62 35 11 5 1 
13189|Child_Cross21|22|Mutated: 1769 476 187 62 35 11 5 1 
13201|Child_Cross21|54: 1835 494 187 62 35 11 5 1 
13208|Child_Cross21|30: 1830 494 187 62 35 11 5 1 
13213|Child_Avg|55: 1774 494 187 62 35 11 5 1 
13229|Child_Avg|15: 1745 494 187 62 35 11 5 1 
13251|Child_Cross21|58: 1706 494 187 62 35 11 5 1 
13268|Child_Cross21|6|Mutated: 1769 494 182 71 35 11 4 1 
13274|Child_CrossABC1|1: 1769 494 186 78 35 11 5 1 
13278|Child_CrossABC1|7: 1769 494 186 75 35 11 5 1 
13294|Child_CrossABC2|8: 1765 494 187 62 35 11 5 1 
13297|Child_Cross12|57|Mutated: 1769 494 184 74 35 11 4 1 
13300|Survivor|1|Mutated: 1769 494 184 74 35 11 5 1 
13304|Child_Cross21|42: 1816 494 187 62 35 11 5 1 
13305|Child_CrossABC1|1: 1805 494 187 62 35 11 5 1 
13306|Child_CrossABC2|2: 1811 494 187 62 35 11 5 1 
13308|Child_CrossABC2|2: 1814 494 187 62 35 11 5 1 
13309|Child_CrossABC2|2: 1806 494 187 62 35 11 5 1 
13310|Child_CrossABC2|2: 1813 494 187 62 35 11 5 1 
13315|Child_Cross12|1: 1809 494 187 62 35 11 5 1 
13320|Child_Cross12|53: 1808 494 187 62 35 11 5 1 
13326|Child_Cross21|26|Mutated: 1405 470 216 96 37 14 4 1 
13327|Child_CrossABC1|1: 2056 714 249 95 37 14 4 1 
13333|Child_LevyP1|9: 1841 487 204 87 32 13 4 1 
13339|Child_Levy|28: 1617 545 207 81 32 13 4 1 
13340|Child_Cross12|41: 1393 517 210 81 36 13 4 1 
13341|Child_Cross12|33: 1794 542 204 77 32 12 5 1 
13342|Child_Avg|43: 1767 522 178 84 29 14 4 1 
13351|Child_Avg|55: 1795 527 176 77 29 14 4 1 
13357|Survivor|1|Mutated: 1795 567 176 69 29 14 4 1 
13358|Child_Cross21|18: 1690 511 178 72 27 14 4 1 
13360|Child_Cross12|53: 1684 511 198 77 28 13 4 1 
13367|Child_LevyP1|9: 1767 515 188 73 30 11 5 1 
13377|Child_Avg|43: 1767 477 181 63 28 10 3 1 
13378|Child_Levy|56: 1689 500 183 66 29 9 4 1 
13379|Child_Cross21|50: 1655 492 180 65 27 10 4 1 
13380|Child_CrossABC1|1: 1697 499 183 63 27 10 4 1 
13383|Child_Avg|27: 1700 495 182 61 29 10 4 1 
13384|Child_Cross21|26: 1700 495 182 61 29 9 4 1 
13386|Child_Avg|31: 1675 492 177 64 28 11 4 1 
13392|Random|27: 7185 1701 630 251 100 29 10 4 1 
13393|Child_CrossABC2|2: 1700 520 182 63 29 10 4 1 
13395|Child_Levy|4: 1760 517 202 70 30 11 5 1 
13396|Child_Avg|27: 1725 503 190 64 29 10 4 1 
13402|Child_Avg|11: 1722 504 185 61 29 9 4 1 
13403|Child_Avg|35: 1783 499 184 61 29 9 4 1 
13404|Child_Avg|3: 1752 501 184 61 29 9 4 1 
13405|Child_CrossABC2|8: 1783 500 184 61 29 9 4 1 
13406|Child_CrossABC2|8: 1733 503 184 61 29 9 4 1 
13407|Child_Cross12|49: 1759 500 184 61 29 9 4 1 
13408|Child_Avg|11: 1730 504 185 61 29 9 4 1 
13409|Child_CrossABC1|7: 1698 503 184 61 29 9 4 1 
13412|Child_CrossABC2|8: 1720 504 185 61 29 9 4 1 
13429|Child_Levy|44: 1665 460 167 69 25 9 4 1 
13436|Survivor|1: 1676 473 171 76 25 9 4 1 
13440|Survivor|1: 1746 474 167 74 25 9 4 1 
13441|Child_CrossABC2|2: 1719 517 159 63 25 9 4 1 
13446|Child_CrossABC1|1: 1752 517 159 63 25 9 4 1 
13448|Child_Cross12|9: 1775 517 159 63 25 9 4 1 
13450|Child_CrossABC1|1: 1744 517 159 63 25 9 4 1 
13487|Child_Avg|35: 1681 510 232 79 31 10 3 1 
13492|Child_Levy|20: 2273 538 169 87 32 13 4 1 
13493|Child_Cross12|9: 1681 510 232 79 32 13 4 1 
13496|Survivor|1|Mutated: 1681 510 210 79 32 13 4 1 
13506|Child_CrossABC1|7: 1561 495 202 67 32 13 4 1 
13507|Child_Avg|55: 1547 477 202 68 32 13 4 1 
13508|Child_Cross21|22: 1620 475 206 68 31 11 4 1 
13511|Child_Levy|60: 1530 479 196 66 30 11 5 1 
13517|Child_Cross12|29: 1702 470 184 67 30 11 5 1 
13523|Child_Cross21|42: 1532 453 190 64 29 10 4 1 
13526|Child_Cross21|18: 1532 453 190 64 29 9 4 1 
13536|Survivor|1|Mutated: 1706 453 190 64 29 9 4 1 
13539|Child_Avg|3: 1571 451 188 61 29 9 4 1 
13540|Child_Cross12|33: 1574 445 185 61 29 9 4 1 
13541|Child_Cross12|53: 1649 449 184 61 29 9 4 1 
13543|Child_Avg|27: 1641 449 184 61 29 9 4 1 
13548|Child_Cross12|29: 1599 449 184 61 29 9 4 1 
13549|Child_Avg|47: 1597 448 184 61 29 9 4 1 
13550|Child_Avg|55: 1643 448 184 61 29 9 4 1 
13551|Child_Cross21|14: 1649 534 184 61 29 9 4 1 
13554|Child_Cross21|46: 1642 447 184 61 29 9 4 1 
13555|Child_Avg|27: 1721 449 184 61 29 9 4 1 
13557|Child_Avg|59: 1717 448 184 61 29 9 4 1 
13558|Child_Avg|35: 1678 448 184 61 29 9 4 1 
13560|Child_Cross21|6: 1660 447 184 61 29 9 4 1 
13561|Child_CrossABC2|8: 1684 448 184 61 29 9 4 1 
13562|Child_Cross12|53: 1721 447 184 61 29 9 4 1 
13563|Child_Cross21|34: 1699 448 184 61 29 9 4 1 
13568|Child_Cross21|10: 1722 449 184 61 29 9 4 1 
13569|Child_Cross21|34: 1714 447 184 61 29 9 4 1 
13571|Child_Cross21|14: 1716 446 184 61 29 9 4 1 
13573|Child_Avg|43: 1698 448 184 61 29 9 4 1 
13574|Child_Cross21|34: 1699 447 184 61 29 9 4 1 
13575|Child_Avg|15: 1719 448 184 61 29 9 4 1 
13578|Child_Cross12|53|Mutated: 1715 447 184 61 29 9 4 1 
13581|Child_Cross12|33: 1716 448 184 61 29 9 4 1 
13583|Child_CrossABC1|1: 1723 448 184 61 29 9 4 1 
13589|Child_Cross12|1: 1719 505 184 61 29 9 4 1 
13593|Child_Cross12|13: 1717 435 172 61 29 9 4 1 
13595|Child_CrossABC2|8: 1722 448 184 61 29 9 4 1 
13596|Child_Cross21|38: 1716 447 184 61 29 9 4 1 
13602|Child_Cross12|41: 1720 447 184 61 29 9 4 1 
13603|Child_Avg|7: 1720 448 184 61 29 9 4 1 
13605|Child_Cross12|5: 1704 447 184 61 29 9 4 1 
13606|Child_Cross12|57: 1526 449 184 61 29 9 4 1 
13610|Child_Cross21|50: 1721 448 184 61 29 9 4 1 
13617|Child_Cross21|22: 1716 446 184 61 29 10 4 1 
13623|Child_Cross21|34: 1718 446 184 61 29 9 4 1 
13625|Child_Avg|3: 1717 446 184 61 29 9 4 1 
13628|Child_Cross12|37: 1719 446 184 61 29 9 4 1 
13629|Child_Cross21|38: 1717 502 184 61 29 9 4 1 
13635|Child_CrossABC1|7: 1717 472 184 61 29 9 4 1 
13637|Child_CrossABC1|7: 1715 477 184 61 29 9 4 1 
13638|Child_Cross21|30: 1718 474 184 61 29 9 4 1 
13640|Child_Cross12|25: 1717 474 184 61 29 9 4 1 
13648|Child_CrossABC2|8: 1813 474 184 61 29 9 4 1 
13659|Child_Avg|19|Mutated: 1716 474 200 61 29 9 4 1 
13666|Child_Cross12|25: 1882 502 184 61 29 9 4 1 
13667|Child_Cross21|6: 1716 478 193 61 29 9 4 1 
13670|Child_Cross21|10: 1799 474 184 61 29 9 4 1 
13674|Child_CrossABC2|2: 1807 478 184 61 29 9 4 1 
13675|Child_Cross21|42: 1750 474 184 61 29 9 4 1 
13678|Child_Cross12|41: 1722 474 184 61 29 9 4 1 
13679|Child_CrossABC2|2: 1671 478 184 61 29 9 4 1 
13682|Child_Cross21|50: 1746 478 184 61 29 9 4 1 
13684|Child_Cross21|38: 1672 478 184 61 29 9 4 1 
13685|Child_Cross12|45: 1773 476 184 61 29 9 4 1 
13686|Child_Cross21|18: 1733 478 184 61 29 9 4 1 
13687|Child_Cross21|22: 1764 473 184 61 29 9 4 1 
13688|Child_Cross21|30: 1762 478 184 61 29 9 4 1 
13689|Child_Cross21|58: 1769 475 184 61 29 9 4 1 
13691|Child_Cross12|5: 1776 472 184 61 29 9 4 1 
13692|Child_Cross12|33: 1756 475 184 61 29 9 4 1 
13695|Child_Cross12|9: 1721 475 184 61 29 9 4 1 
13696|Child_Cross12|57: 1722 475 184 61 29 9 4 1 
13698|Child_Cross12|41: 1770 472 184 61 29 9 4 1 
13701|Child_Cross12|25|Mutated: 1745 478 184 61 29 10 4 1 
13702|Child_Cross21|38: 1753 474 184 61 29 9 4 1 
13703|Child_Avg|19: 1745 478 184 61 29 9 4 1 
13704|Child_Cross21|42: 1746 477 184 61 29 9 4 1 
13708|Child_CrossABC1|7: 1732 478 184 61 29 9 4 1 
13709|Child_Cross21|22: 1744 478 184 61 29 9 4 1 
13710|Child_Cross12|1: 1739 505 184 61 29 9 4 1 
13712|Child_Cross21|26: 1741 475 184 61 29 9 4 1 
13713|Child_Cross21|26: 1737 475 184 61 29 9 4 1 
13714|Child_Cross12|45: 1753 475 184 61 29 9 4 1 
13715|Child_Cross12|21: 1744 476 184 61 29 9 4 1 
13722|Child_Cross21|6: 1726 475 184 61 29 9 4 1 
13724|Child_Cross12|49: 1735 474 184 61 29 9 4 1 
13725|Child_Cross21|6|Mutated: 1707 475 184 66 29 9 4 1 
13726|Child_Cross21|34: 1733 477 184 61 29 9 4 1 
13732|Child_Cross12|5: 1737 472 184 61 29 9 4 1 
13734|Child_Avg|11: 1736 474 184 61 29 9 4 1 
13736|Child_Cross21|54: 1729 477 184 61 29 9 4 1 
13738|Child_Avg|59: 1742 475 184 61 29 9 4 1 
13741|Child_Cross12|9: 1729 476 184 61 29 9 4 1 
13743|Child_Cross12|45: 1733 474 184 61 29 9 4 1 
13746|Child_Avg|3: 1735 478 184 61 29 9 4 1 
13751|Child_Cross21|30: 1730 476 184 61 29 9 4 1 
13753|Child_Cross21|10: 1732 477 184 61 29 9 4 1 
13754|Child_Cross21|18: 1732 539 184 61 29 9 4 1 
13761|Child_Cross12|9: 1738 475 184 61 29 9 4 1 
13765|Child_Cross21|30: 1740 475 184 61 29 9 4 1 
13768|Child_Cross12|9: 1738 475 213 61 29 9 4 1 
13770|Child_CrossABC1|1: 1767 475 184 61 29 9 4 1 
13772|Child_Avg|7: 1752 475 184 61 29 9 4 1 
13777|Child_Avg|11: 1739 475 184 61 29 9 4 1 
13788|Child_Cross12|5: 1736 474 184 61 29 10 4 1 
13791|Child_Levy|28: 1755 488 185 69 30 11 5 1 
13800|Survivor|1|Mutated: 1736 474 185 61 29 9 4 1 
13801|Child_Levy|44: 1890 480 187 61 29 10 4 1 
13802|Child_Cross12|13: 1807 481 187 61 29 9 4 1 
13803|Child_Cross12|13: 1807 481 187 61 29 10 4 1 
13808|Survivor|1: 1807 481 213 64 29 10 4 1 
13809|Child_CrossABC1|1: 1788 478 194 65 29 10 4 1 
13825|Child_Levy|16: 1885 514 184 79 29 14 4 1 
13834|Child_Cross12|21: 1982 543 218 80 30 13 5 1 
13836|Child_Levy|16: 1619 480 169 65 30 12 5 1 
13837|Child_Cross21|58: 1681 495 174 69 28 11 4 1 
13845|Child_Avg|55: 1718 486 177 60 28 11 4 1 
13862|Child_Cross21|34|Mutated: 1718 486 177 71 28 12 5 1 
13870|Child_Cross12|5: 1726 495 179 59 28 12 5 1 
13872|Child_Avg|15: 2310 627 195 100 31 10 4 1 
13876|Child_LevyP2|4|Mutated: 2286 675 214 104 30 13 5 1 
13885|Child_Cross21|34: 2018 609 202 92 29 14 4 1 
13887|Child_Avg|3: 1884 547 190 75 28 13 4 1 
13893|Child_CrossABC1|1: 1388 474 175 74 28 13 4 1 
13899|Child_Avg|35: 1776 539 192 63 28 13 4 1 
13924|Child_Avg|59|Mutated: 1436 533 192 77 28 12 5 1 
13938|Child_CrossABC1|7: 1741 530 167 66 28 12 5 1 
13942|Child_Levy|24: 1571 538 179 65 28 11 4 1 
13943|Child_CrossABC1|7: 1696 526 180 65 28 11 4 1 
13968|Child_Cross21|50: 1681 491 179 60 28 11 4 1 
13969|Child_Cross12|13: 1643 514 177 60 28 11 4 1 
13982|Child_Levy|40: 1421 389 169 63 27 10 4 1 
13983|Child_Cross21|46: 1717 508 176 65 29 14 4 1 
13992|Child_Levy|4: 1538 502 165 59 30 11 5 1 
14000|Child_Cross21|38: 1541 461 168 55 27 10 4 1 
14009|Survivor|1: 1520 512 173 59 27 10 4 1 
14020|Child_Avg|47: 1882 544 185 62 29 10 4 1 
14028|Child_Levy|44: 1824 603 185 69 31 10 4 1 
14037|Child_CrossABC2|2: 1561 548 192 77 31 10 4 1 
14042|Child_CrossABC1|7: 2101 548 192 77 31 10 4 1 
14044|Child_Avg|15: 2092 548 192 77 31 10 4 1 
14045|Child_CrossABC1|1: 2090 548 192 77 31 10 4 1 
14046|Child_CrossABC2|8|Mutated: 2089 548 192 77 31 10 4 1 
14047|Child_Levy|44|Mutated: 1831 518 178 69 30 11 5 1 
14060|Child_Levy|36: 1778 520 188 64 29 9 4 1 
14065|Child_Avg|55: 1843 520 179 59 31 11 4 1 
14068|Child_Avg|51: 1843 519 179 59 31 11 4 1 
14071|Child_Levy|4: 1825 502 181 59 30 11 5 1 
14072|Child_Levy|4|Mutated: 1918 653 200 85 41 13 4 1 
14083|Child_Levy|16: 1824 590 196 73 35 11 5 1 
14087|Child_CrossABC1|7: 1842 649 185 73 35 11 5 1 
14094|Child_Levy|40: 1855 557 203 65 33 9 4 1 
14096|Child_CrossABC1|1: 1807 587 178 64 35 11 5 1 
14099|Child_Cross21|14|Mutated: 1485 507 174 67 30 11 5 1 
14103|Child_LevyABC1|11: 1750 494 179 71 29 10 4 1 
14110|Child_Avg|35: 1652 508 175 61 29 10 4 1 
14113|Child_Cross21|34: 1682 483 170 59 30 11 5 1 
14118|Survivor|1: 1683 499 172 59 29 9 4 1 
14137|Child_Avg|31: 1569 458 180 62 29 10 4 1 
14144|Child_CrossABC2|8: 1453 447 172 75 29 10 4 1 
14148|Child_CrossABC1|1: 1497 493 173 71 29 10 4 1 
14149|Child_LevyP2|10: 1533 478 172 89 29 10 4 1 
14156|Child_Avg|11|Mutated: 2048 634 188 83 28 13 4 1 
14157|Child_CrossABC1|1: 2050 671 187 84 27 14 4 1 
14159|Child_Levy|56: 2050 653 188 84 27 13 5 1 
14162|Child_Cross12|9: 1694 582 183 73 27 13 5 1 
14168|Child_CrossABC1|7: 1682 518 183 73 27 13 5 1 
14169|Child_CrossABC2|2: 1683 522 182 73 27 13 5 1 
14173|Child_LevyP1|3: 1686 514 181 71 28 9 4 1 
14175|Child_Cross21|50: 1685 538 183 73 29 10 4 1 
14221|Survivor|1|Mutated: 1769 538 183 73 29 10 4 1 
14231|Child_Cross12|49|Mutated: 1595 455 165 72 27 10 4 1 
14234|Child_Avg|59: 1592 467 163 63 29 10 4 1 
14235|Child_CrossABC2|8: 1634 498 167 69 30 11 5 1 
14237|Child_LevyP1|3: 1687 501 169 71 29 10 4 1 
14244|Child_Cross21|2: 1687 501 169 71 28 11 4 1 
14246|Survivor|1: 1662 501 174 62 30 9 4 1 
14247|Child_Avg|3: 1552 484 161 70 29 9 4 1 
14248|Child_Cross12|21: 1768 501 175 63 27 10 4 1 
14258|Child_Avg|39: 1730 495 178 65 27 10 4 1 
14284|Child_Levy|56: 1632 482 175 63 27 10 4 1 
14309|Child_CrossABC1|7: 1632 425 175 63 27 10 4 1 
14311|Child_Cross12|57: 1517 451 174 63 27 10 4 1 
14317|Child_Cross21|6: 1548 450 173 62 27 10 4 1 
14323|Survivor|1: 1831 484 167 55 29 10 4 1 
14350|Child_Avg|59: 1754 532 179 69 31 9 4 1 
14354|Child_Levy|44: 1693 494 178 59 31 11 4 1 
14359|Child_Avg|39: 1805 563 193 60 32 11 4 1 
14363|Child_LevyABC2|6: 1812 515 246 71 29 10 3 1 
14367|Child_LevyABC1|11: 1551 502 216 69 28 11 4 1 
14372|Child_Levy|16: 1701 549 196 74 31 11 3 1 
14374|Child_Avg|59: 1463 475 177 68 32 11 4 1 
14377|Survivor|1: 1531 440 181 61 29 10 4 1 
14381|Child_CrossABC1|7: 1523 413 184 61 29 10 4 1 
14382|Survivor|1|Mutated: 1523 486 172 61 29 9 4 1 
14436|Child_LevyP1|3: 2330 634 224 95 35 11 4 1 
14441|Child_Levy|8: 1848 695 245 77 30 11 5 1 
14442|Child_Avg|15: 1905 616 203 74 30 12 5 1 
14444|Child_Avg|51: 2048 562 213 75 35 11 4 1 
14445|Child_Avg|55: 1672 510 177 67 30 11 5 1 
14457|Child_LevyP1|3: 1696 467 168 64 30 11 5 1 
14458|Child_Avg|39: 1689 470 170 62 29 10 4 1 
14470|Child_Cross12|33: 1609 444 166 61 30 11 5 1 
14472|Child_Cross12|53: 1644 476 167 60 28 11 4 1 
14478|Child_CrossABC2|8: 1625 456 165 59 30 11 5 1 
14493|Child_CrossABC1|1: 1646 456 164 69 30 11 5 1 
14502|Child_Avg|55: 1569 440 170 67 30 11 5 1 
14546|Child_Cross21|30: 1648 426 171 64 30 11 5 1 
14547|Child_Cross12|41: 1498 450 165 61 29 10 4 1 
14549|Child_CrossABC2|2: 1557 450 165 61 29 10 4 1 
14577|Child_Levy|52: 1671 585 206 85 29 10 4 1 
14579|Child_LevyP1|3: 1758 628 202 78 29 11 5 1 
14580|Child_Avg|7: 1645 519 177 78 35 11 4 1 
14582|Child_Levy|32: 1684 536 194 71 36 11 5 1 
14591|Child_Avg|31: 1562 501 177 68 31 11 4 1 
14595|Child_Cross12|41: 1534 492 178 67 31 10 4 1 
14600|Child_CrossABC1|7: 1522 468 173 65 31 10 4 1 
14601|Child_CrossABC1|7: 1541 463 171 65 31 10 4 1 
14602|Child_Cross21|2: 1559 502 179 65 31 10 4 1 
14603|Child_Avg|47: 1540 474 173 65 31 10 4 1 
14607|Child_Cross21|30: 1545 468 179 65 31 10 4 1 
14610|Child_Cross12|53: 1538 469 175 64 31 10 4 1 
14613|Child_Cross12|33: 1541 475 177 64 33 9 4 1 
14617|Child_Cross21|30: 1538 469 175 64 33 9 4 1 
14633|Child_Avg|51: 1474 469 175 64 33 9 4 1 
14635|Child_Cross12|13: 1815 469 175 64 33 9 4 1 
14641|Child_Cross12|49: 1760 469 175 64 33 9 4 1 
14647|Child_Cross12|49: 1704 469 175 64 33 9 4 1 
14650|Child_Cross12|5: 1768 469 175 64 33 9 4 1 
14652|Child_Cross21|58: 1759 469 175 64 33 9 4 1 
14657|Child_Cross21|14: 1763 469 175 64 33 9 4 1 
14660|Child_Cross12|33: 1746 469 175 64 33 9 4 1 
14662|Child_Avg|39: 1713 469 175 64 33 9 4 1 
14663|Child_Cross21|34: 1682 469 175 64 33 9 4 1 
14664|Child_Cross12|25: 1754 469 175 64 33 9 4 1 
14666|Child_Avg|3: 1784 469 175 64 33 9 4 1 
14670|Child_Cross21|6: 1712 469 175 64 33 9 4 1 
14673|Child_Avg|19: 1742 469 175 64 33 9 4 1 
14674|Child_CrossABC2|8: 1699 469 175 64 33 9 4 1 
14676|Child_Cross12|33: 1720 469 175 64 33 9 4 1 
14677|Child_Cross21|42: 1751 469 175 64 33 9 4 1 
14679|Child_Cross21|10: 1721 469 175 64 33 9 4 1 
14682|Child_Cross12|5: 1707 469 175 64 33 9 4 1 
14685|Child_Cross21|54: 1690 469 175 64 33 9 4 1 
14688|Child_Cross12|37: 1737 469 175 64 33 9 4 1 
14706|Child_Avg|59: 1525 564 197 114 41 13 4 1 
14709|Child_Avg|39|Mutated: 1628 635 263 82 32 11 4 1 
14717|Child_Cross12|5: 1611 570 247 78 32 11 4 1 
14721|Child_Levy|32: 2252 736 219 98 45 13 4 1 
14733|Child_Levy|52: 1904 567 219 88 35 11 5 1 
14734|Child_Cross12|17: 1811 560 223 77 35 11 5 1 
14741|Child_Cross12|41: 1667 533 213 75 35 11 5 1 
14748|Survivor|1|Mutated: 1667 533 213 75 40 11 5 1 
14750|Child_Cross21|54: 1668 487 179 65 35 11 5 1 
14751|Child_Avg|51: 1728 530 213 74 36 11 5 1 
14754|Survivor|1|Mutated: 1728 530 213 85 36 11 5 1 
14811|Child_Avg|51: 1699 527 211 73 36 11 5 1 
14812|Child_Levy|40: 1706 507 198 72 34 11 3 1 
14814|Child_CrossABC2|8|Mutated: 1758 513 205 71 35 11 5 1 
14843|Child_Cross12|57: 1357 495 171 75 35 12 5 1 
14844|Child_Avg|11: 1704 497 182 64 35 11 4 1 
14848|Child_Cross21|30: 1613 476 188 63 28 12 5 1 
14856|Child_Cross12|49: 1703 499 188 61 29 10 4 1 
14885|Survivor|1: 1672 498 183 55 27 10 4 1 
14890|Child_Cross21|58: 1478 561 225 70 27 10 4 1 
14906|Child_Cross21|10|Mutated: 1449 470 157 62 27 10 4 1 
14910|Child_Levy|36: 1477 483 194 58 28 11 4 1 
14924|Child_Cross12|13: 1545 465 176 55 27 10 4 1 
14926|Child_Cross12|37: 1567 511 177 55 27 10 4 1 
14928|Child_Cross21|26: 1577 462 180 55 27 10 4 1 
14962|Survivor|1: 1735 477 176 84 36 11 5 1 
14969|Child_Levy|8: 1721 481 174 86 35 12 5 1 
14971|Child_Cross21|6: 1670 467 186 68 35 12 5 1 
14972|Child_Levy|24: 1652 459 172 73 35 11 5 1 
14981|Child_CrossABC1|7: 1676 460 170 67 35 11 5 1 
14983|Survivor|1|Mutated: 1676 460 170 67 35 11 4 1 
14985|Child_Cross12|25: 1612 457 187 67 35 11 5 1 
14986|Child_Avg|11|Mutated: 1655 463 184 67 35 11 5 1 
14987|Child_LevyABC1|5: 1665 477 181 68 31 10 4 1 
14988|Child_Levy|24: 1729 438 174 68 33 9 4 1 
14992|Child_Avg|47|Mutated: 1734 462 181 73 33 9 4 1 
15009|Child_CrossABC1|7: 1755 462 169 73 33 9 4 1 
15019|Child_LevyP1|3: 2344 610 243 89 28 13 4 1 
15026|Child_Avg|15: 1882 513 206 80 28 11 4 1 
15041|Child_Avg|59: 1442 472 176 66 29 9 4 1 
15047|Child_Avg|7: 1473 461 170 61 29 9 4 1 
15054|Child_Cross21|18: 1477 466 177 61 24 9 4 1 
15056|Child_Cross21|50: 1476 468 169 59 24 9 4 1 
15064|Child_CrossABC2|8: 1466 464 176 59 24 9 4 1 
15073|Survivor|1: 1505 527 169 59 24 9 4 1 
15077|Survivor|1: 1515 558 156 65 24 9 4 1 
15109|Child_CrossABC2|8: 2825 630 234 113 45 13 4 1 
15112|Child_Cross21|30: 2268 638 229 94 37 14 6 1 
15113|Child_Cross21|50: 2211 600 232 97 40 12 5 1 
15114|Child_Cross12|41: 2268 638 229 94 35 13 5 1 
15116|Child_Cross21|58: 2262 609 231 94 35 13 5 1 
15120|Child_Cross12|53: 2156 593 223 93 35 13 5 1 
15145|Survivor|1|Mutated: 1989 593 201 82 35 13 5 1 
15146|Child_CrossABC2|2: 1994 528 206 86 35 13 5 1 
15147|Child_Cross21|10: 1926 497 186 73 35 13 5 1 
15149|Child_Avg|51: 1784 488 181 74 35 12 5 1 
15152|Child_Avg|35: 1689 464 171 67 35 13 5 1 
15163|Child_Avg|15: 1740 491 184 71 35 11 5 1 
15171|Child_Cross21|26: 1818 475 182 64 35 11 5 1 
15176|Child_CrossABC1|7: 1790 473 173 64 35 11 5 1 
15194|Child_Cross12|45: 1644 466 190 64 35 11 5 1 
15206|Child_LevyP2|4: 1857 509 177 65 33 9 4 1 
15211|Child_Cross12|21: 1721 482 174 62 33 9 4 1 
15213|Child_Avg|7: 1547 440 206 91 32 11 4 1 
15232|Child_Cross12|57: 1483 450 183 73 30 11 5 1 
15235|Child_Avg|7: 1550 466 171 72 29 10 4 1 
15238|Child_Avg|59: 1596 459 165 70 29 10 4 1 
15241|Child_Cross12|29: 1538 425 174 64 24 11 5 1 
15254|Child_Avg|31: 1699 459 182 69 30 11 5 1 
15260|Child_Avg|19|Mutated: 1487 473 153 76 27 10 4 1 
15268|Child_Cross21|58: 1541 441 160 72 27 10 4 1 
15271|Child_Cross12|9|Mutated: 1479 474 160 66 27 10 4 1 
15291|Survivor|1: 1493 471 170 59 29 11 5 1 
15293|Child_Cross12|41: 1465 482 166 57 29 9 4 1 
15304|Child_Avg|59: 1476 463 165 57 29 9 4 1 
15306|Child_Cross21|34: 1479 488 167 57 29 9 4 1 
15311|Child_Avg|19: 1464 446 170 59 29 9 4 1 
15312|Child_Cross21|30: 1469 463 165 57 29 9 4 1 
15314|Child_Cross12|53: 1477 485 167 57 29 9 4 1 
15315|Child_Cross21|50: 1462 463 167 57 29 9 4 1 
15317|Child_CrossABC1|1: 1477 461 167 57 29 9 4 1 
15318|Child_CrossABC1|7: 1466 462 167 57 29 9 4 1 
15319|Child_Cross12|45: 1479 459 166 57 29 9 4 1 
15320|Child_Cross21|30: 1474 461 166 57 29 9 4 1 
15322|Child_CrossABC2|8: 1479 461 166 57 29 9 4 1 
15327|Child_Avg|47: 1469 461 167 57 29 9 4 1 
15328|Child_Cross21|22: 1477 459 167 57 29 9 4 1 
15331|Child_Cross12|53: 1473 462 167 57 29 9 4 1 
15333|Child_Cross12|57: 1475 460 167 57 29 9 4 1 
15340|Child_Cross21|42: 1472 460 167 57 29 9 4 1 
15348|Child_Cross12|21: 1478 459 167 57 29 9 4 1 
15349|Child_Cross21|38: 1483 460 167 57 29 9 4 1 
15353|Child_CrossABC1|1: 1469 462 167 57 29 9 4 1 
15360|Child_Cross21|26: 1473 459 167 57 29 9 4 1 
15363|Child_Avg|43: 1482 459 167 57 29 9 4 1 
15364|Child_Cross12|41: 1486 459 167 57 29 9 4 1 
15366|Child_Cross21|58: 1471 459 167 57 29 9 4 1 
15369|Child_Avg|15: 1474 459 167 57 29 9 4 1 
15373|Child_Cross21|50: 1479 460 167 57 29 9 4 1 
15374|Child_Avg|51: 1485 459 167 57 29 9 4 1 
15375|Child_Avg|43: 1471 459 166 57 29 9 4 1 
15377|Child_Cross12|13: 1487 460 167 57 29 9 4 1 
15378|Child_CrossABC1|1: 1468 460 167 57 29 9 4 1 
15383|Child_Cross12|9: 1470 459 167 57 29 9 4 1 
15386|Child_Avg|27: 1472 459 166 57 29 9 4 1 
15404|Child_Levy|28: 1365 406 161 62 30 11 5 1 
15410|Child_Avg|59|Mutated: 1359 397 161 62 27 10 4 1 
15415|Child_Cross12|29: 1415 422 157 61 30 11 5 1 
15423|Survivor|1: 1260 457 164 59 30 11 5 1 
15435|Child_Levy|52: 1524 456 151 65 27 10 4 1 
15445|Child_Levy|24: 1501 450 154 62 27 10 4 1 
15465|Child_Avg|55: 1591 535 207 70 29 9 4 1 
15467|Child_CrossABC1|7: 1579 500 206 70 29 9 4 1 
15478|Child_CrossABC2|8: 1547 508 192 75 29 9 4 1 
15484|Child_Levy|28: 1576 488 192 63 29 10 4 1 
15486|Survivor|1: 1536 453 173 61 29 9 4 1 
15491|Survivor|1: 1535 478 176 57 29 9 4 1 
15502|Child_CrossABC1|1: 1537 479 176 57 29 9 4 1 
15506|Child_CrossABC2|2: 1537 478 176 57 29 9 4 1 
15507|Child_Avg|55|Mutated: 2067 560 221 76 33 9 4 1 
15510|Child_Avg|47: 1704 471 171 61 29 10 4 1 
15512|Survivor|1: 1528 381 171 61 29 10 4 1 
15516|Child_CrossABC2|2: 1479 435 176 65 29 10 4 1 
15546|Survivor|1: 1513 463 184 52 29 9 4 1 
15557|Child_Avg|7: 1514 463 183 52 29 9 4 1 
15579|Survivor|1: 1520 442 183 52 29 9 4 1 
15611|Child_Cross12|21: 1496 442 183 52 29 9 4 1 
15630|Child_Cross12|57: 1513 473 183 52 29 9 4 1 
15679|Survivor|1: 1510 473 183 52 29 9 4 1 
15688|Child_CrossABC2|2: 1467 468 184 62 35 11 5 1 
15695|Child_CrossABC1|1: 1748 525 206 76 31 10 4 1 
15706|Survivor|1|Mutated: 1493 538 206 76 31 10 4 1 
15711|Child_CrossABC1|1: 1454 533 205 69 31 10 4 1 
15736|Child_CrossABC2|8: 1440 516 191 69 31 10 4 1 
15752|Child_Cross21|34: 1437 497 193 59 30 11 5 1 
15759|Survivor|1: 1430 538 188 65 30 11 5 1 
15767|Child_LevyP2|4: 1794 512 191 71 28 12 5 1 
15768|Child_CrossABC2|8: 1771 500 210 72 27 10 4 1 
15785|Child_Levy|44: 1518 482 219 82 32 13 4 1 
15787|Child_Cross21|30: 1797 493 209 73 32 13 4 1 
15792|Child_Cross12|21: 1797 493 209 73 35 12 5 1 
15810|Child_Avg|27|Mutated: 1774 494 199 74 30 12 5 1 
15812|Child_Cross12|1: 1759 493 198 73 30 12 5 1 
15813|Child_CrossABC2|8: 1704 476 209 77 28 12 5 1 
15818|Child_LevyABC2|12: 1837 543 199 84 36 13 4 1 
15832|Child_Avg|59: 1827 599 209 83 36 13 4 1 
15833|Child_Cross12|33: 1745 510 198 74 35 12 5 1 
15835|Child_Levy|4: 1682 503 189 73 35 13 6 1 
15836|Child_Cross21|34: 1682 503 189 73 35 12 5 1 
15837|Child_Cross12|53: 1791 498 191 73 35 11 4 1 
15841|Child_Levy|20: 1794 506 191 75 35 11 5 1 
15861|Child_Cross21|18: 1746 476 187 61 30 11 5 1 
15862|Child_Cross12|41: 1710 500 188 61 35 12 5 1 
15872|Child_Avg|47: 1641 483 184 63 36 13 4 1 
15874|Child_Levy|24: 2628 754 247 90 35 13 5 1 
15890|Child_Cross12|57: 2359 708 226 73 35 13 5 1 
15894|Child_Cross12|53: 1754 531 189 65 33 12 5 1 
15918|Child_Levy|24: 1754 521 184 63 35 11 4 1 
15936|Child_Levy|60: 1677 495 187 67 35 12 5 1 
15938|Survivor|1: 1586 495 187 67 35 11 5 1 
15939|Child_CrossABC1|1|Mutated: 1598 493 193 62 30 11 5 1 
15944|Child_CrossABC2|8: 1615 487 198 64 30 11 5 1 
15953|Child_Avg|55: 1541 478 185 61 29 10 4 1 
15957|Child_LevyABC1|11: 1675 471 183 62 32 13 5 1 
15960|Child_Cross12|49: 1560 474 182 59 30 11 5 1 
15965|Child_Cross12|29: 1555 478 172 59 29 9 4 1 
15974|Child_Cross21|54: 1745 622 225 73 39 9 4 1 
15979|Child_Levy|48: 1742 594 199 74 36 11 5 1 
15989|Child_Avg|39: 1775 630 186 77 33 14 4 1 
15997|Child_Cross21|38: 1811 527 218 73 33 14 4 1 
16000|Child_Levy|4|Mutated: 2046 552 199 71 30 12 5 1 
16003|Child_Cross21|58: 1880 532 212 67 32 13 4 1 
16005|Child_LevyABC2|12: 1875 511 212 74 31 14 5 1 
16010|Child_Avg|51: 1822 530 219 71 32 11 4 1 
16017|Child_Levy|12: 1776 536 204 63 36 13 4 1 
16018|Child_Levy|4: 1853 530 216 65 30 12 5 1 
16022|Child_Levy|60|Mutated: 1764 502 198 73 32 13 4 1 
16028|Child_Avg|31: 1710 492 204 67 31 10 4 1 
16049|Child_Cross12|17: 1462 523 197 67 35 11 4 1 
16053|Child_Cross12|17: 1474 496 194 65 31 10 4 1 
16060|Child_Avg|7: 1523 493 191 65 31 10 4 1 
16062|Child_CrossABC1|1: 1541 491 190 65 31 10 4 1 
16063|Child_CrossABC1|7: 1542 493 191 65 31 10 4 1 
16064|Child_Cross21|46: 1532 499 191 63 29 10 4 1 
16066|Child_Avg|39: 1591 482 198 61 29 10 4 1 
16073|Child_Cross21|10: 1519 473 198 61 29 10 4 1 
16075|Child_Cross21|22: 1547 490 194 61 29 10 4 1 
16076|Child_Cross12|13: 1525 508 197 63 29 10 4 1 
16078|Child_CrossABC2|8: 1532 485 192 63 29 10 4 1 
16091|Survivor|1: 1614 415 171 68 29 9 4 1 
16096|Child_Levy|36: 1412 482 191 61 29 9 4 1 
16101|Child_Cross21|50|Mutated: 1412 444 191 61 29 10 4 1 
16106|Child_CrossABC1|1: 1426 447 191 60 28 11 4 1 
16116|Child_Cross12|49: 1462 450 182 55 27 10 4 1 
16121|Survivor|1: 1399 434 167 55 29 10 4 1 
16158|Child_Avg|59: 2327 917 278 94 41 13 4 1 
16162|Child_Cross21|26: 2051 592 197 81 32 11 4 1 
16163|Child_LevyABC2|6: 1911 530 181 81 33 10 3 1 
16164|Child_LevyP1|3: 1530 503 200 77 28 12 5 1 
16178|Child_Cross12|21: 1588 499 179 71 28 11 4 1 
16180|Child_CrossABC2|8: 1550 494 191 81 28 12 5 1 
16181|Child_Cross21|50: 1565 455 173 63 28 13 4 1 
16182|Child_LevyP2|10: 1549 505 192 83 29 10 4 1 
16198|Child_Avg|7: 1575 496 172 61 29 10 4 1 
16204|Child_Avg|31: 1458 504 173 59 28 10 3 1 
16208|Child_Cross21|30: 1458 504 173 59 28 11 4 1 
16209|Child_Avg|19: 2161 522 189 74 30 9 4 1 
16214|Survivor|1: 1368 499 183 59 30 9 4 1 
16223|Child_Avg|19: 1782 504 204 67 31 10 4 1 
16226|Survivor|1: 1426 458 158 59 30 11 5 1 
16254|Child_Avg|39: 2072 505 283 88 31 11 4 1 
16257|Child_LevyP2|4: 2136 498 296 90 35 12 5 1 
16258|Child_Levy|36|Mutated: 1811 474 232 77 30 11 5 1 
16267|Survivor|1: 1601 461 192 71 29 11 5 1 
16268|Child_CrossABC1|1: 1480 502 182 71 29 10 4 1 
16271|Child_Avg|39|Mutated: 1406 431 167 73 29 10 4 1 
16279|Child_Cross12|41: 1528 548 189 71 29 10 4 1 
16280|Child_CrossABC2|8: 1400 426 166 63 29 10 4 1 
16285|Survivor|1: 1419 400 170 62 29 10 4 1 
16286|Child_Cross21|18: 1424 415 155 61 29 10 4 1 
16294|Survivor|1: 1422 407 179 61 29 9 4 1 
16296|Child_Cross12|21: 1416 405 173 61 29 9 4 1 
16297|Child_CrossABC2|8: 1440 412 184 61 29 10 4 1 
16300|Child_Cross21|10: 1440 412 184 61 29 9 4 1 
16303|Child_CrossABC2|2: 1431 412 184 61 29 9 4 1 
16308|Child_Avg|55: 1454 411 185 61 29 10 4 1 
16316|Child_Cross21|38: 1462 494 182 59 29 11 5 1 
16319|Child_Avg|47: 1430 436 182 59 29 9 4 1 
16321|Child_Cross12|49: 1430 436 182 59 30 11 5 1 
16326|Child_Cross21|30: 1440 435 183 59 30 11 5 1 
16327|Child_Cross21|10: 1442 437 182 59 30 11 5 1 
16329|Child_Avg|7: 1444 439 182 59 30 11 5 1 
16331|Child_Avg|59: 1437 466 182 59 30 11 5 1 
16335|Child_Avg|7: 1431 437 182 59 30 11 5 1 
16337|Child_CrossABC2|2: 1438 436 182 59 30 11 5 1 
16340|Child_Cross21|38: 1466 436 182 59 30 11 5 1 
16344|Child_CrossABC1|7: 1437 437 182 59 30 11 5 1 
16345|Child_Cross12|45: 1440 437 182 59 30 11 5 1 
16364|Child_Avg|19: 1440 440 181 58 30 11 5 1 
16367|Child_Cross21|54: 1453 440 181 58 30 11 5 1 
16368|Child_Levy|24: 1450 442 182 59 31 10 4 1 
16370|Child_Cross21|26: 1698 440 181 58 30 11 5 1 
16372|Child_Cross21|18: 1471 440 181 58 30 11 5 1 
16373|Child_Cross12|5: 1447 440 181 58 30 11 5 1 
16374|Child_Cross21|46: 1439 440 181 58 30 11 5 1 
16376|Child_Cross12|53: 1458 440 181 58 30 11 5 1 
16381|Child_Cross21|18: 1452 440 181 58 30 11 5 1 
16383|Child_Cross21|18: 1459 440 181 58 30 11 5 1 
16384|Child_Avg|51: 1464 440 181 58 30 11 5 1 
16385|Child_Cross12|21: 1472 440 181 58 30 11 5 1 
16387|Child_Avg|39: 1466 440 181 58 30 11 5 1 
16395|Child_Cross21|2: 1517 440 181 58 30 11 5 1 
16396|Child_Cross21|38: 1460 440 181 58 30 11 5 1 
16399|Child_Cross12|37: 1465 440 181 58 30 11 5 1 
16427|Child_Levy|8|Mutated: 1527 516 189 71 32 11 4 1 
16428|Child_LevyABC2|12|Mutated: 1649 537 187 79 32 11 4 1 
16434|Child_Avg|3: 1674 524 193 86 33 14 4 1 
16437|Child_Levy|32: 1584 471 250 91 32 13 4 1 
16443|Child_Levy|8: 1512 459 181 70 32 11 4 1 
16444|Child_LevyABC2|12: 1422 443 187 72 31 14 5 1 
16446|Child_Avg|43: 1510 450 207 76 32 13 4 1 
16447|Child_Avg|23: 1482 452 193 72 32 13 4 1 
16451|Child_Avg|51: 1633 456 187 69 32 13 4 1 
16452|Child_Cross12|13: 1469 453 194 72 32 13 4 1 
16457|Child_Cross21|22: 1412 445 186 66 32 13 4 1 
16472|Survivor|1|Mutated: 1267 435 168 62 32 13 4 1 
16473|Child_Cross12|25: 1420 435 179 59 32 13 4 1 
16476|Child_Avg|55: 2219 613 186 67 28 10 3 1 
16477|Child_Levy|52: 1815 506 181 62 28 12 5 1 
16480|Child_Cross21|22: 1416 428 179 59 32 13 4 1 
16484|Child_Cross21|46: 1418 431 179 59 32 13 4 1 
16486|Child_Avg|55: 1414 431 179 59 32 13 4 1 
16487|Child_Cross12|13: 1415 426 179 59 32 13 4 1 
16488|Child_Cross12|13: 1418 430 179 59 32 13 4 1 
16490|Child_Cross21|2: 1415 430 179 59 32 13 4 1 
16491|Child_Cross21|10: 1439 430 179 59 32 13 4 1 
16492|Child_CrossABC1|7: 1449 431 179 59 32 13 4 1 
16493|Child_Cross21|38: 1413 426 179 59 32 13 4 1 
16496|Child_Cross12|53: 1444 430 179 59 32 13 4 1 
16497|Child_Cross21|50: 1452 433 179 59 32 13 4 1 
16502|Child_Cross21|22: 1417 426 179 59 32 13 4 1 
16505|Child_Cross21|2: 1421 428 179 59 32 13 4 1 
16509|Child_Cross21|46: 1442 426 179 59 32 13 4 1 
16511|Child_Cross12|9: 1460 428 179 59 32 13 4 1 
16512|Child_Cross12|33: 1449 426 179 59 32 13 4 1 
16514|Child_Cross21|54: 1545 428 179 59 32 13 4 1 
16516|Child_Cross12|5: 1480 428 179 59 32 13 4 1 
16518|Child_Cross21|22: 1436 433 179 59 32 13 4 1 
16520|Child_Cross21|42: 1444 428 179 59 32 13 4 1 
16523|Child_Cross21|58: 1425 428 179 59 32 13 4 1 
16524|Child_Cross12|37: 1429 426 179 59 32 13 4 1 
16529|Child_Avg|51: 1464 428 179 59 32 13 4 1 
16531|Child_Cross21|54: 1473 428 179 59 32 13 4 1 
16534|Child_Avg|19: 1459 430 179 59 32 13 4 1 
16536|Child_Cross12|29: 1440 426 179 59 32 13 4 1 
16538|Child_Cross12|9: 1438 426 179 59 32 13 4 1 
16539|Child_Cross21|58: 1451 428 179 59 32 13 4 1 
16541|Child_Cross21|34: 1438 431 179 59 32 13 4 1 
16543|Child_Cross12|49: 1453 428 179 59 32 13 4 1 
16547|Child_Cross21|46: 1430 431 179 59 32 13 4 1 
16552|Child_Cross12|53: 1431 430 179 59 32 13 4 1 
16554|Child_Cross12|13: 1558 426 179 59 32 13 4 1 
16561|Child_Cross12|9: 1440 430 179 59 32 13 4 1 
16562|Child_Cross12|17: 1488 430 179 59 32 13 4 1 
16564|Child_Cross12|9: 1447 426 179 59 32 13 4 1 
16565|Child_Cross21|10|Mutated: 1520 430 179 59 32 13 4 1 
16569|Child_Cross21|50: 1445 431 179 59 32 13 4 1 
16573|Child_Avg|7: 1457 428 179 59 32 13 4 1 
16574|Child_Cross12|13: 1475 428 179 59 32 13 4 1 
16577|Child_Cross21|26: 1481 431 179 59 32 13 4 1 
16584|Child_Cross12|45: 1462 428 179 59 32 13 4 1 
16593|Child_Cross21|38: 1455 428 179 59 32 13 4 1 
16607|Child_CrossABC1|7: 1461 430 179 59 32 13 4 1 
16612|Child_Cross12|17: 1442 428 179 59 32 13 4 1 
16614|Child_Cross12|57: 1445 426 179 59 32 13 4 1 
16616|Child_CrossABC1|7: 1455 430 179 59 32 13 4 1 
16623|Child_Cross12|53: 1445 463 179 59 32 13 4 1 
16632|Child_CrossABC1|7: 1435 426 179 59 32 13 4 1 
16639|Child_Avg|19: 1424 426 179 59 32 13 4 1 
16645|Child_Cross21|14: 1462 430 179 59 32 13 4 1 
16654|Child_Cross12|25: 1438 455 179 59 32 13 4 1 
16659|Child_Cross12|33: 1466 428 179 59 32 13 4 1 
16663|Child_Cross12|29: 1436 426 179 59 32 13 4 1 
16676|Child_Avg|3|Mutated: 1440 435 179 59 32 13 4 1 
16678|Child_Cross12|57: 1455 431 179 59 32 13 4 1 
16680|Child_Cross12|21: 1455 465 179 59 32 13 4 1 
16682|Child_Cross12|5: 1485 426 179 59 32 13 4 1 
16683|Child_Cross12|37: 1446 428 179 59 32 13 4 1 
16685|Child_Cross12|5: 1449 435 179 59 32 13 4 1 
16687|Child_Cross12|25: 1447 431 179 59 32 13 4 1 
16690|Child_Cross12|5: 1458 435 179 59 32 13 4 1 
16692|Child_Avg|59: 1453 435 179 59 32 13 4 1 
16696|Child_Avg|7: 1463 431 179 59 32 13 4 1 
16697|Child_Cross21|38: 1448 434 179 59 32 13 4 1 
16702|Child_Cross21|46: 1445 433 179 59 32 13 4 1 
16704|Child_Cross12|29: 1450 431 179 59 32 13 4 1 
16707|Child_Cross12|41: 1451 435 179 59 32 13 4 1 
16714|Child_Avg|7|Mutated: 1448 430 179 59 32 13 4 1 
16726|Child_Cross21|18: 1448 467 179 59 32 13 4 1 
16736|Child_Cross21|22: 1450 455 179 59 32 13 4 1 
16740|Child_Cross12|57: 1454 494 179 59 32 13 4 1 
16745|Child_Cross12|13: 1450 458 179 59 32 13 4 1 
16747|Child_Avg|43: 1461 458 179 59 32 13 4 1 
16748|Child_Avg|7: 1472 460 179 59 32 13 4 1 
16756|Child_Avg|31: 1448 458 179 59 32 13 4 1 
16761|Child_Avg|51: 1474 460 179 59 32 13 4 1 
16766|Child_Cross21|34: 1467 460 179 59 32 13 4 1 
16768|Child_Cross21|22: 1464 459 179 59 32 13 4 1 
16769|Child_Cross12|37: 1466 458 179 59 32 13 4 1 
16770|Child_Avg|39: 1464 458 179 59 32 13 4 1 
16773|Child_Avg|15: 1463 458 179 59 32 13 4 1 
16774|Child_Cross12|53: 1465 460 179 59 32 13 4 1 
16778|Child_Cross12|49: 1454 460 179 59 32 13 4 1 
16797|Child_Cross21|54: 1520 458 179 59 32 13 4 1 
16803|Child_Avg|31: 1468 458 179 59 32 13 4 1 
16806|Child_Avg|23: 1465 458 179 59 32 13 4 1 
16810|Child_CrossABC1|1: 1525 458 179 59 32 13 4 1 
16812|Child_Cross12|5|Mutated: 1717 458 179 59 32 13 4 1 
16822|Child_Avg|51: 1509 458 179 59 32 13 4 1 
16825|Child_Cross21|2: 1545 458 179 59 32 13 4 1 
16828|Child_Cross12|9: 1506 458 179 59 32 13 4 1 
16831|Child_Cross21|22: 1481 458 179 59 32 13 4 1 
16832|Child_Cross12|53: 1507 458 179 59 32 13 4 1 
16836|Child_Cross12|21: 1486 458 179 59 32 13 4 1 
16852|Child_Cross12|1: 1520 458 179 59 27 14 4 1 
16855|Child_Cross12|53: 1520 458 179 59 31 11 4 1 
16857|Child_Cross12|33|Mutated: 2179 639 214 74 36 11 5 1 
16867|Child_Avg|31: 1880 571 219 71 36 11 5 1 
16870|Child_CrossABC2|8: 2311 542 212 63 35 13 5 1 
16873|Child_Cross12|49: 1732 520 201 63 35 11 5 1 
16875|Child_Avg|7|Mutated: 1775 525 201 63 35 11 4 1 
16896|Child_CrossABC1|7: 1717 525 201 63 35 11 4 1 
16899|Child_Avg|39: 1734 493 191 65 34 9 4 1 
16905|Child_LevyABC2|12|Mutated: 1715 493 195 74 33 12 5 1 
16909|Child_Cross12|53: 1693 532 197 58 30 11 5 1 
16922|Child_CrossABC1|1|Mutated: 1693 532 197 70 30 12 5 1 
16923|Child_CrossABC1|7: 1693 532 197 74 30 13 5 1 
16926|Survivor|1: 1926 581 198 63 28 11 4 1 
16932|Child_Cross12|37: 1681 516 203 59 27 10 4 1 
16935|Child_CrossABC1|7: 1726 532 203 59 27 10 4 1 
16972|Child_Avg|23: 1964 678 233 96 33 13 4 1 
16975|Child_CrossABC1|1: 2026 559 189 92 31 14 4 1 
16980|Survivor|1|Mutated: 2249 605 189 92 31 14 4 1 
16987|Child_Avg|7: 2191 555 186 88 33 14 4 1 
16991|Child_Levy|12: 1680 500 184 81 31 14 4 1 
16998|Child_Avg|7: 1698 502 185 78 32 13 4 1 
16999|Child_Cross12|29: 1693 508 185 75 32 13 4 1 
17009|Child_Levy|56: 1793 497 186 72 32 13 4 1 
17012|Child_CrossABC1|7: 1836 508 189 79 32 13 4 1 
17014|Child_Avg|7: 1836 501 187 72 32 13 4 1 
17016|Child_Avg|59: 1829 473 190 66 32 13 4 1 
17017|Child_CrossABC1|1: 1832 489 186 68 32 13 4 1 
17018|Child_CrossABC1|1: 1837 484 187 69 32 13 4 1 
17030|Child_CrossABC2|2: 1835 474 187 69 32 13 4 1 
17031|Child_CrossABC2|8: 1839 474 187 69 32 13 4 1 
17042|Survivor|1|Mutated: 1807 474 187 69 32 13 4 1 
17046|Child_CrossABC2|2: 1812 476 187 62 32 13 4 1 
17047|Child_CrossABC2|2: 1810 475 187 67 32 13 4 1 
17052|Survivor|1|Mutated: 1810 542 187 67 32 13 4 1 
17060|Child_Levy|60: 1723 458 188 61 30 11 5 1 
17063|Survivor|1: 1670 497 197 59 30 11 5 1 
17065|Child_Levy|56: 1708 491 194 58 30 11 5 1 
17072|Child_LevyABC2|6: 2042 479 183 65 31 10 4 1 
17073|Child_Avg|3: 1797 491 186 58 30 11 5 1 
17076|Survivor|1|Mutated: 1797 491 186 65 30 11 5 1 
17082|Child_CrossABC2|2: 1789 473 194 72 30 11 5 1 
17101|Survivor|1|Mutated: 1789 473 194 69 30 11 5 1 
17121|Child_Levy|12: 1713 463 192 65 30 12 5 1 
17123|Child_LevyP2|10: 1719 477 194 64 28 11 4 1 
17129|Survivor|1: 1644 463 185 59 30 11 5 1 
17135|Survivor|1: 1498 452 186 61 30 11 5 1 
17142|Child_Cross21|42: 1649 469 186 58 30 11 5 1 
17146|Child_Avg|55: 1580 446 180 69 30 11 5 1 
17148|Child_Levy|48: 1563 447 179 65 28 11 4 1 
17158|Child_Levy|8: 1568 454 184 61 28 12 5 1 
17159|Child_Cross21|38: 1528 417 183 60 28 11 4 1 
17173|Child_CrossABC2|2: 1525 417 183 60 28 11 4 1 
17174|Child_CrossABC2|2: 1526 417 183 60 28 11 4 1 
17176|Child_CrossABC2|8|Mutated: 1532 447 192 58 28 11 4 1 
17188|Survivor|1: 1578 451 179 56 27 10 4 1 
17197|Child_Cross21|10: 1583 451 179 56 27 10 4 1 
17198|Child_CrossABC2|2: 1571 451 179 56 27 10 4 1 
17202|Child_Cross21|18: 1568 453 183 55 27 10 4 1 
17214|Child_Avg|27: 1853 582 231 85 41 13 4 1 
17216|Child_Avg|47: 1628 484 201 75 28 11 4 1 
17234|Child_Cross21|34: 1643 454 163 63 29 10 4 1 
17235|Child_Avg|7: 1897 678 233 71 29 10 4 1 
17239|Child_Cross12|5: 7067 1573 478 193 71 29 10 4 1 
17268|Child_LevyP1|3: 7231 1533 486 197 73 30 11 5 1 
17270|Survivor|1|Mutated: 7231 1533 534 197 78 30 11 5 1 
17275|Child_Cross21|10: 1412 436 179 61 29 10 4 1 
17276|Child_Avg|11: 1482 454 183 65 29 10 4 1 
17281|Child_Avg|23: 1450 432 182 63 27 10 4 1 
17285|Child_CrossABC1|1: 1441 452 182 67 33 10 4 1 
17291|Survivor|1: 1469 472 179 67 31 10 4 1 
17292|Child_Cross12|45: 1363 436 176 64 29 9 4 1 
17293|Child_Avg|35|Mutated: 1441 471 178 67 33 9 4 1 
17296|Child_CrossABC2|8: 1699 456 177 66 28 13 4 1 
17327|Child_CrossABC1|7: 1582 468 169 63 28 11 4 1 
17328|Child_Cross12|21: 1466 441 171 60 28 11 4 1 
17335|Survivor|1: 1428 450 167 59 28 11 4 1 
17341|Child_Cross21|30: 1488 483 177 55 27 10 4 1 
17347|Child_CrossABC1|7: 1525 479 195 63 27 10 4 1 
17353|Child_Avg|3: 1507 485 198 59 27 10 4 1 
17374|Child_CrossABC1|7: 1572 481 178 63 27 10 4 1 
17382|Child_CrossABC1|1: 1581 480 179 62 27 10 4 1 
17384|Child_CrossABC1|1: 1578 499 178 76 27 10 4 1 
17396|Child_Levy|16: 1486 440 173 70 27 10 4 1 
17397|Child_Cross12|33: 1618 493 181 68 33 9 4 1 
17401|Child_Cross21|34: 1478 469 171 64 33 9 4 1 
17431|Random|14: 2288 652 261 103 45 14 4 1 
17438|Child_Cross12|17: 2451 638 239 92 45 14 4 1 
17439|Child_Avg|47: 2225 614 238 85 40 13 4 1 
17447|Child_Levy|40: 1860 514 200 73 36 13 4 1 
17449|Child_Cross12|53: 1557 477 191 73 36 13 4 1 
17451|Child_Cross21|50: 1827 503 198 72 40 13 5 1 
17452|Child_Avg|47: 1672 499 218 71 39 14 4 1 
17453|Child_Cross21|6: 1882 608 201 71 37 13 4 1 
17455|Child_LevyP2|4: 1927 561 209 86 35 12 5 1 
17468|Child_Cross21|14: 1790 566 209 73 35 12 5 1 
17473|Child_CrossABC1|1: 1788 561 211 73 35 12 5 1 
17477|Child_CrossABC2|8: 1786 559 212 73 35 12 5 1 
17479|Child_Levy|12: 1773 564 213 74 36 13 4 1 
17481|Child_Avg|51: 1774 555 207 73 35 11 5 1 
17494|Child_Avg|39: 1796 561 207 73 35 11 5 1 
17503|Survivor|1|Mutated: 1796 561 207 73 35 11 4 1 
17507|Child_Cross21|46: 1778 564 206 71 35 11 5 1 
17508|Child_Cross21|22: 1787 538 206 71 35 11 5 1 
17509|Child_Cross12|57: 1786 565 206 71 35 11 5 1 
17510|Child_Cross21|34: 1779 564 206 71 35 11 5 1 
17512|Child_Cross21|38: 1792 565 206 71 35 11 5 1 
17516|Child_Cross21|34: 1782 564 206 71 35 11 5 1 
17518|Child_Cross21|6: 1789 564 206 71 35 11 5 1 
17519|Child_Cross21|54: 1788 564 206 71 35 11 5 1 
17524|Child_Cross12|21: 1784 564 206 71 35 11 5 1 
17528|Child_Cross12|53: 1829 564 206 71 35 11 5 1 
17531|Child_Cross12|41: 1819 564 206 71 35 11 5 1 
17536|Child_Cross12|21: 1785 564 206 71 35 11 5 1 
17537|Child_Avg|35: 1786 564 206 71 35 11 5 1 
17538|Child_CrossABC1|1: 1791 564 206 71 35 11 5 1 
17539|Child_Cross21|50: 1786 608 206 71 35 11 5 1 
17543|Child_Cross12|49: 1802 564 206 71 35 11 5 1 
17546|Child_Cross12|1: 1801 564 206 71 35 11 5 1 
17551|Child_Cross12|29: 1815 564 206 71 35 11 5 1 
17554|Child_CrossABC2|8: 1817 538 206 71 35 11 5 1 
17558|Child_Avg|3: 1794 564 206 71 35 11 5 1 
17559|Child_Cross21|46|Mutated: 1765 564 206 71 35 11 5 1 
17564|Child_Cross21|42: 1787 573 206 71 35 11 5 1 
17578|Child_Cross21|22: 1792 564 206 71 35 11 5 1 
17581|Child_CrossABC1|1: 1796 538 206 71 35 11 5 1 
17584|Child_Avg|11: 1789 538 206 71 35 11 5 1 
17586|Child_Cross21|22: 1791 538 206 71 35 11 5 1 
17590|Child_Avg|43|Mutated: 1785 535 206 78 35 11 5 1 
17618|Child_Cross12|45: 1842 564 206 71 35 11 5 1 
17625|Child_Avg|31: 1812 564 206 71 35 11 5 1 
17626|Child_Cross21|2: 1805 564 206 71 35 11 5 1 
17628|Child_Cross21|50: 1856 564 206 71 35 11 5 1 
17629|Child_Cross21|42: 1831 557 206 71 35 11 5 1 
17630|Child_Cross21|10: 1825 564 206 71 35 11 5 1 
17634|Child_Cross21|34: 1823 564 206 71 35 11 5 1 
17635|Child_CrossABC2|8: 1818 564 206 71 35 11 5 1 
17639|Child_Cross21|2: 1828 564 206 71 35 11 5 1 
17640|Child_Cross12|5: 1821 564 206 71 35 11 5 1 
17643|Child_Cross12|5: 1833 564 206 71 35 11 5 1 
17645|Child_Cross12|5: 1848 543 206 71 35 11 5 1 
17647|Child_Cross12|33: 1823 564 218 71 35 11 5 1 
17660|Child_Cross21|34: 1823 564 218 71 35 13 5 1 
17666|Child_Cross12|41: 1809 564 206 71 35 11 5 1 
17681|Child_Cross12|13: 1819 564 206 71 35 13 5 1 
17682|Child_Cross21|58: 1855 564 218 71 35 13 5 1 
17685|Child_Avg|31: 1837 564 218 71 35 11 5 1 
17686|Child_Cross12|21: 1762 564 206 71 35 11 5 1 
17688|Child_Cross12|37: 1819 564 206 71 28 11 4 1 
17690|Child_Cross21|38: 1818 564 206 71 28 11 4 1 
17694|Child_Cross12|9: 1837 564 218 71 28 11 4 1 
17698|Child_Cross12|41: 1815 564 206 71 28 11 4 1 
17699|Child_Cross21|6: 1828 564 206 71 28 11 4 1 
17708|Child_Cross21|38: 1816 564 206 71 28 11 4 1 
17721|Child_Avg|3: 1818 551 206 71 28 11 4 1 
17722|Child_Cross21|42: 1825 564 206 71 28 11 4 1 
17734|Child_Avg|39: 1833 564 206 71 28 11 4 1 
17746|Child_Cross21|22: 1821 564 206 71 28 11 4 1 
17755|Child_Cross12|21: 1809 564 206 71 28 11 4 1 
17756|Child_Cross21|42: 1811 551 206 71 28 11 4 1 
17757|Child_Cross12|25: 1809 551 206 71 28 11 4 1 
17759|Child_Cross21|38: 1810 551 206 71 28 11 4 1 
17760|Child_CrossABC2|2: 1812 551 206 71 28 11 4 1 
17765|Child_Avg|7: 1825 557 206 71 28 11 4 1 
17766|Child_Cross12|1: 1843 551 206 71 28 11 4 1 
17771|Child_Avg|15: 1814 551 206 71 28 11 4 1 
17772|Child_Avg|7: 1830 551 206 71 28 11 4 1 
17773|Child_Cross21|10: 1826 551 206 71 28 11 4 1 
17780|Child_Cross12|13: 1831 557 206 71 28 11 4 1 
17791|Survivor|1|Mutated: 1510 557 206 71 28 11 4 1 
17795|Child_Cross12|25|Mutated: 1506 485 212 82 28 11 4 1 
17805|Child_Levy|56: 1683 547 204 69 28 11 4 1 
17808|Child_CrossABC1|7: 1570 570 204 69 28 11 4 1 
17811|Child_Cross12|33: 1770 564 199 65 27 10 4 1 
17814|Child_Cross12|1: 1739 552 199 65 27 10 4 1 
17815|Child_Cross12|25|Mutated: 1749 566 194 72 27 10 4 1 
17823|Child_CrossABC2|8: 1779 567 195 73 27 10 4 1 
17824|Child_CrossABC2|2: 1785 559 197 79 27 10 4 1 
17825|Survivor|1|Mutated: 1785 559 229 79 27 10 4 1 
17828|Child_Levy|20: 1782 542 200 67 24 11 5 1 
17840|Child_Avg|31: 1512 448 187 65 27 10 4 1 
17841|Child_CrossABC1|7: 1589 475 188 67 25 9 4 1 
17843|Child_Cross12|21: 1823 502 177 61 24 9 4 1 
17844|Child_Cross21|26: 1458 435 169 55 27 10 4 1 
17845|Child_Avg|7: 2476 656 191 89 31 10 4 1 
17851|Child_Cross12|9: 1634 515 193 59 31 10 4 1 
17870|Survivor|1: 1445 449 175 59 28 10 3 1 
17875|Survivor|1: 2043 606 239 86 29 18 4 1 
17879|Survivor|1: 2043 606 239 86 27 13 4 1 
17881|Child_Avg|43: 1859 549 202 81 30 12 5 1 
17882|Child_Avg|31: 1615 549 193 76 28 11 4 1 
17903|Child_LevyABC2|12: 1940 549 191 80 30 11 5 1 
17906|Child_Avg|43: 1798 554 191 84 30 11 5 1 
17909|Child_LevyP1|9: 1669 537 194 86 31 10 4 1 
17911|Child_Avg|27|Mutated: 1815 470 176 69 28 11 4 1 
17912|Child_Cross12|17: 1680 516 175 62 29 10 4 1 
17914|Child_Cross12|29: 1739 532 189 65 28 11 4 1 
17915|Child_Levy|12|Mutated: 2024 484 187 76 30 12 5 1 
17926|Child_Avg|51: 2071 539 184 78 29 11 5 1 
17927|Child_Avg|11|Mutated: 1768 494 181 73 30 11 5 1 
17928|Child_CrossABC1|7: 1792 530 185 77 30 11 5 1 
17954|Child_Cross12|53: 1610 497 191 61 29 9 4 1 
17958|Child_Avg|59: 1622 508 173 61 29 9 4 1 
17960|Child_Levy|60: 1566 501 178 62 30 11 5 1 
17997|Survivor|1: 1615 511 175 71 29 10 3 1 
18001|Child_Levy|40: 1605 506 171 64 30 11 5 1 
18003|Child_Cross21|6: 1932 596 197 62 30 11 5 1 
18012|Child_Cross21|42: 1685 477 198 82 37 12 5 1 
18015|Child_Levy|48: 1974 500 211 80 35 11 5 1 
18017|Child_Cross12|1: 2170 564 233 78 37 12 5 1 
18018|Child_Cross21|14|Mutated: 1714 504 185 76 35 12 5 1 
18020|Child_Avg|11: 2139 535 233 80 35 13 5 1 
18023|Child_Cross12|49: 1903 578 203 72 32 11 4 1 
18027|Child_Levy|16: 1820 511 192 72 33 14 4 1 
18029|Child_CrossABC2|2: 1783 533 188 72 33 14 4 1 
18031|Child_Avg|31|Mutated: 1948 533 200 70 33 12 5 1 
18033|Child_Cross12|13: 1782 544 199 70 33 12 5 1 
18034|Child_Cross12|1: 1865 533 194 71 28 11 4 1 
18038|Child_Cross21|6: 1883 552 195 69 28 11 4 1 
18039|Child_CrossABC2|2: 1759 486 211 69 29 13 6 1 
18040|Child_Cross12|25: 1719 507 184 71 24 11 4 1 
18042|Child_Levy|52: 1703 486 184 67 30 11 5 1 
18044|Child_Avg|35: 1860 550 203 67 30 11 5 1 
18049|Child_Avg|39: 1754 525 196 64 29 10 4 1 
18050|Child_Levy|60: 1792 554 198 73 30 11 5 1 
18051|Child_Avg|43: 1750 546 193 65 29 10 4 1 
18054|Child_Avg|7: 1822 540 194 65 30 11 5 1 
18055|Child_Avg|43: 1766 516 199 65 29 10 4 1 
18058|Child_Cross12|37: 1766 516 199 65 28 11 4 1 
18060|Child_Cross12|41: 1830 516 199 65 29 10 4 1 
18065|Child_Cross12|21: 1777 521 202 63 29 10 4 1 
18066|Child_Cross21|46: 1727 498 192 63 29 10 4 1 
18069|Child_Cross21|34: 1669 521 197 63 29 10 4 1 
18070|Child_CrossABC1|7: 1726 494 193 62 29 10 4 1 
18072|Child_Cross12|25|Mutated: 1763 519 199 70 29 9 4 1 
18088|Child_CrossABC1|1: 1762 538 198 73 29 9 4 1 
18126|Child_Avg|11: 1649 522 182 73 27 10 4 1 
18129|Child_Cross21|58: 1801 538 172 73 27 10 4 1 
18142|Child_CrossABC1|1: 1761 555 208 74 33 9 4 1 
18143|Child_LevyP1|3: 1823 575 171 75 28 11 4 1 
18151|Child_Cross12|5: 1749 543 173 62 28 9 4 1 
18154|Child_CrossABC2|8: 1866 563 176 65 31 10 4 1 
18159|Child_Cross12|49: 1754 482 163 61 29 9 4 1 
18164|Child_CrossABC1|1: 1699 525 163 61 29 9 4 1 
18191|Child_Avg|3: 1784 526 177 84 29 9 4 1 
18195|Child_Cross12|49: 1805 517 172 70 29 9 4 1 
18200|Child_Cross21|6: 1805 517 172 70 24 9 4 1 
18204|Child_Levy|20: 1823 536 206 71 36 13 4 1 
18208|Child_Cross12|1|Mutated: 1823 536 206 71 33 9 4 1 
18213|Child_Levy|48|Mutated: 1793 582 192 67 30 11 5 1 
18231|Child_Avg|15: 1766 544 187 61 29 10 4 1 
18232|Child_Avg|43: 1825 550 190 64 29 9 4 1 
18233|Child_CrossABC2|2: 1804 543 187 63 29 10 4 1 
18237|Child_Cross12|41: 1750 523 208 61 29 10 4 1 
18238|Child_Avg|51: 1784 525 198 61 29 10 4 1 
18241|Child_Cross12|17: 1781 532 191 61 29 10 4 1 
18244|Child_Avg|55: 1765 522 210 61 29 10 4 1 
18245|Child_Cross21|14: 1765 523 204 61 29 9 4 1 
18246|Child_CrossABC1|7: 1795 538 184 61 29 10 4 1 
18247|Child_Cross21|38: 1781 519 191 61 29 10 4 1 
18251|Child_Avg|31: 1783 531 198 61 29 10 4 1 
18254|Child_Cross21|58: 1775 531 195 61 29 10 4 1 
18255|Child_Cross21|14: 1774 526 197 61 29 10 4 1 
18256|Child_CrossABC1|1: 1777 489 197 61 29 10 4 1 
18257|Child_Cross21|34: 1773 505 195 61 29 9 4 1 
18258|Child_Cross21|22: 1781 487 187 61 29 10 4 1 
18259|Child_Cross12|49: 1775 531 195 61 29 9 4 1 
18265|Child_Cross21|10: 1783 531 198 61 29 9 4 1 
18268|Child_Cross21|22: 1774 511 194 61 29 10 4 1 
18273|Child_Cross21|22: 1781 532 191 61 29 9 4 1 
18274|Child_Cross21|34: 1778 529 197 61 29 10 4 1 
18281|Child_Cross21|10: 1779 529 197 61 29 10 4 1 
18287|Child_Cross12|45: 1773 529 191 61 29 10 4 1 
18295|Child_Cross12|53: 1780 529 197 61 29 10 4 1 
18299|Child_Cross21|2: 1792 529 197 61 29 10 4 1 
18300|Child_Cross21|46: 1792 526 197 61 29 10 4 1 
18302|Child_Cross12|25: 1769 543 197 61 29 10 4 1 
18306|Child_Cross21|22: 1789 529 197 61 29 10 4 1 
18307|Child_Cross12|9: 1778 500 197 61 29 10 4 1 
18311|Child_Avg|27: 1776 529 197 61 29 10 4 1 
18320|Child_Cross12|41: 1778 514 197 61 29 10 4 1 
18324|Child_Cross21|26: 1777 529 197 61 29 10 4 1 
18328|Child_Cross21|6: 1777 514 197 61 29 10 4 1 
18373|Child_Avg|35: 1794 529 197 61 29 10 4 1 
18377|Child_Avg|11: 1785 521 197 61 29 10 4 1 
18378|Child_Avg|19: 1855 529 197 61 29 10 4 1 
18381|Child_Avg|7: 1793 529 197 61 29 10 4 1 
18382|Child_Cross12|49: 1842 561 197 61 29 10 4 1 
18383|Child_Avg|43: 1806 529 197 61 29 10 4 1 
18388|Child_Cross21|10: 1793 514 197 61 29 10 4 1 
18398|Child_Cross21|22: 1808 529 197 61 29 10 4 1 
18411|Child_Avg|43: 1792 503 197 61 29 10 4 1 
18412|Child_Cross21|30: 1807 529 197 61 29 10 4 1 
18413|Child_Avg|43: 1835 529 197 61 29 10 4 1 
18416|Child_Cross21|18: 1804 503 197 61 29 10 4 1 
18422|Child_Cross12|57: 1790 529 197 61 29 10 4 1 
18423|Child_Cross21|34: 1751 503 197 61 29 10 4 1 
18435|Child_Cross12|45: 1790 503 197 61 29 10 4 1 
18441|Child_Cross12|9: 1758 503 197 61 29 10 4 1 
18447|Child_Cross21|38: 1783 503 197 61 29 10 4 1 
18450|Child_CrossABC2|2: 1777 503 197 61 29 10 4 1 
18452|Child_Cross21|54: 1785 503 197 61 29 10 4 1 
18453|Child_Avg|55: 1772 503 197 61 29 10 4 1 
18460|Child_Cross21|22: 1776 503 197 61 29 10 4 1 
18464|Child_Cross21|34: 1763 503 197 61 29 10 4 1 
18466|Child_Avg|11: 1770 503 197 61 29 10 4 1 
18472|Child_Cross12|17: 1457 503 197 61 29 10 4 1 
18478|Child_Cross12|33: 1867 503 197 61 29 10 4 1 
18480|Child_Avg|11: 1811 503 197 61 29 10 4 1 
18481|Child_CrossABC2|8: 1824 503 197 61 29 10 4 1 
18482|Child_Cross21|26: 1764 503 197 61 29 10 4 1 
18486|Child_Cross12|33: 1806 503 197 61 29 10 4 1 
18491|Child_Cross12|29: 1778 503 197 61 29 10 4 1 
18494|Child_Cross12|1: 1791 503 197 61 29 10 4 1 
18497|Child_Cross21|50: 1853 503 197 61 29 10 4 1 
18502|Child_Cross12|25: 1819 503 197 61 29 10 4 1 
18504|Child_Avg|3: 1797 503 197 61 29 10 4 1 
18517|Child_Cross12|37: 1833 503 197 61 29 10 4 1 
18558|Child_CrossABC2|2: 1826 516 187 100 31 10 4 1 
18560|Child_Avg|11: 1797 508 201 79 31 10 4 1 
18565|Child_Cross12|53: 1797 508 201 79 30 9 4 1 
18571|Child_Avg|35: 1513 439 168 61 29 9 4 1 
18582|Survivor|1: 1587 445 155 61 29 9 4 1 
18583|Child_Levy|52: 2483 666 207 102 40 12 5 1 
18590|Child_Avg|39: 1431 437 149 64 28 11 4 1 
18618|Survivor|1: 1794 603 207 124 29 16 5 1 
18626|Child_Cross21|30: 1431 485 157 67 28 12 5 1 
18633|Child_Cross12|57: 1812 478 192 67 28 12 5 1 
18662|Child_Cross21|10: 1846 483 187 59 31 11 4 1 
18663|Child_Cross21|38: 1811 480 157 67 28 12 5 1 
18664|Child_Cross21|54: 1849 490 187 62 28 12 5 1 
18668|Child_Avg|11: 1824 495 182 58 28 11 4 1 
18673|Child_Cross12|37|Mutated: 1817 488 177 58 28 11 4 1 
18676|Child_Levy|36|Mutated: 1960 525 204 89 32 11 3 1 
18684|Survivor|1: 1295 448 191 63 27 10 4 1 
18692|Child_CrossABC2|2: 1655 466 191 62 29 10 4 1 
18697|Child_LevyABC1|11: 1496 431 181 62 29 10 4 1 
18700|Child_Cross12|53: 1304 480 200 61 29 10 4 1 
18738|Child_Levy|44: 1576 498 195 63 28 12 5 1 
18754|Child_Levy|16: 1703 577 230 110 36 13 4 1 
18760|Survivor|1: 1550 528 184 70 33 9 4 1 
18774|Child_Levy|48: 1724 537 211 68 37 13 4 1 
18777|Child_Cross21|26: 1741 506 188 78 35 12 5 1 
18778|Child_Cross12|45: 1821 530 187 68 36 13 4 1 
18781|Child_Cross12|33: 1726 527 200 70 36 11 5 1 
18782|Child_LevyP2|10: 1703 514 191 80 35 13 5 1 
18785|Child_Cross21|10: 1720 540 197 67 35 11 5 1 
18787|Child_Avg|55|Mutated: 1780 533 188 77 35 13 5 1 
18791|Survivor|1|Mutated: 1581 533 188 77 35 13 5 1 
18797|Child_Cross12|25: 1744 527 197 62 29 10 4 1 
18798|Child_Avg|35: 1742 537 196 64 35 13 5 1 
18801|Child_CrossABC2|2: 1630 515 187 69 35 13 5 1 
18802|Child_Levy|56: 1676 533 205 68 32 11 4 1 
18805|Child_LevyP1|9: 1828 558 179 63 33 14 4 1 
18807|Child_Cross12|1: 2185 542 193 62 35 11 5 1 
18808|Child_Levy|48: 1909 539 194 65 35 11 5 1 
18811|Child_CrossABC1|1|Mutated: 1985 540 193 64 35 11 5 1 
18812|Child_CrossABC2|2: 1983 541 197 64 35 11 5 1 
18818|Child_Avg|3: 1733 506 189 58 33 9 4 1 
18829|Child_Levy|8: 1687 505 187 55 29 9 4 1 
18844|Survivor|1: 1697 507 186 55 29 10 4 1 
18850|Child_CrossABC1|1: 1693 507 186 55 29 10 4 1 
18867|Survivor|1: 1707 494 169 55 27 10 4 1 
18870|Child_CrossABC2|8: 1481 525 182 66 31 10 4 1 
18898|Survivor|1: 1960 645 256 89 30 9 4 1 
18901|Child_Cross12|37: 1474 439 199 69 31 10 3 1 
18902|Child_Levy|36: 1683 510 220 89 40 12 5 1 
18927|Child_Avg|39: 1558 501 192 81 40 12 5 1 
18944|Child_Levy|36: 1643 483 173 89 35 11 5 1 
18947|Child_CrossABC2|8: 1735 503 177 102 35 11 4 1 
18948|Child_Cross21|54: 1768 480 188 75 35 11 4 1 
18964|Survivor|1|Mutated: 1768 557 188 75 35 11 4 1 
18967|Child_Cross21|30: 1768 557 188 75 35 11 5 1 
18974|Child_Cross21|50: 1737 541 188 73 35 11 5 1 
18977|Child_Cross12|49: 1734 549 200 74 35 12 5 1 
19005|Child_LevyABC1|5: 1632 689 182 93 36 13 4 1 
19013|Child_Levy|16: 1514 596 184 86 35 11 5 1 
19016|Child_Cross12|5: 1451 528 171 71 35 11 5 1 
19030|Child_Cross21|2: 1797 577 179 62 30 12 5 1 
19033|Child_Avg|31: 1525 545 188 61 30 11 5 1 
19038|Child_Cross21|54: 1490 544 187 61 30 11 5 1 
19044|Child_Cross21|30: 1500 540 187 61 30 11 5 1 
19046|Child_CrossABC1|1: 1499 541 187 61 30 11 5 1 
19047|Child_CrossABC2|2: 1509 540 187 61 30 11 5 1 
19048|Child_CrossABC1|1: 1494 541 187 61 30 11 5 1 
19049|Child_CrossABC1|7: 1483 543 187 61 30 11 5 1 
19050|Child_Cross12|41|Mutated: 1535 575 186 63 29 10 4 1 
19063|Survivor|1: 1664 492 177 71 29 10 4 1 
19066|Child_Cross12|5: 1808 543 174 67 30 9 4 1 
19067|Child_Cross12|45: 1430 438 167 66 29 11 5 1 
19068|Child_Avg|55: 1883 531 188 65 27 10 4 1 
19070|Child_Cross21|22: 1808 543 174 67 30 11 5 1 
19071|Child_Avg|11: 1590 442 160 62 29 10 4 1 
19073|Child_Levy|32: 3083 782 219 124 35 13 5 1 
19075|Child_Cross12|45: 1575 461 162 63 29 10 4 1 
19077|Child_Avg|51|Mutated: 1413 424 152 62 27 10 4 1 
19081|Child_Avg|11: 1438 440 153 61 29 9 4 1 
19085|Child_Avg|39: 1423 465 160 62 27 10 4 1 
19100|Child_Cross21|14: 1438 413 169 55 27 10 4 1 
19106|Survivor|1: 1451 447 159 56 27 10 4 1 
19107|Child_Avg|11: 1583 493 179 61 29 9 4 1 
19148|Child_Levy|36: 1464 490 192 67 33 9 4 1 
19157|Child_CrossABC2|2: 1461 447 186 86 33 9 4 1 
19161|Child_Avg|35: 1499 523 192 67 33 9 4 1 
19163|Child_Avg|55: 1523 543 188 70 33 9 4 1 
19172|Child_CrossABC1|7: 1524 547 194 78 34 9 4 1 
19173|Child_Levy|36: 1529 553 189 64 30 9 4 1 
19185|Child_Cross12|25: 1527 553 189 64 30 12 5 1 
19233|Survivor|1: 1401 412 156 63 27 10 4 1 
19253|Survivor|1: 1613 465 198 68 29 9 4 1 
19255|Child_CrossABC1|7: 1557 472 197 70 29 9 4 1 
19271|Child_Avg|51: 1434 453 184 68 30 9 4 1 
19276|Child_Avg|7: 1585 448 176 62 29 9 4 1 
19319|Child_LevyP1|3: 2100 561 288 97 35 12 5 1 
19322|Child_Levy|44: 1768 521 227 76 31 10 4 1 
19323|Child_Cross21|46: 1768 521 227 76 35 13 5 1 
19331|Child_Avg|47: 1688 522 225 76 35 12 5 1 
19333|Child_CrossABC2|8: 1697 523 224 78 35 11 5 1 
19350|Survivor|1|Mutated: 1697 523 224 84 30 11 5 1 
19359|Child_CrossABC1|1: 1665 523 223 81 30 11 5 1 
19362|Child_Cross12|17: 1679 527 231 69 30 11 5 1 
19366|Child_Avg|31: 1723 523 228 71 29 11 5 1 
19371|Child_Avg|19: 1715 497 217 68 28 9 4 1 
19375|Child_CrossABC2|2|Mutated: 1833 500 157 68 24 9 4 1 
19378|Child_Cross21|50: 1797 493 237 75 35 11 4 1 
19384|Child_Levy|40: 1774 533 191 68 31 10 4 1 
19385|Child_Cross12|45|Mutated: 1754 511 198 62 27 10 4 1 
19387|Child_Cross21|34|Mutated: 1655 509 192 72 27 10 4 1 
19391|Child_CrossABC2|2: 1745 517 213 69 27 10 4 1 
19392|Child_CrossABC1|1: 1668 512 211 70 27 10 4 1 
19393|Child_CrossABC1|7: 1690 509 195 62 27 10 4 1 
19395|Child_Avg|51: 1535 512 200 65 29 10 4 1 
19400|Child_LevyP2|10: 1523 494 196 91 30 11 5 1 
19409|Child_Avg|51: 1579 500 204 82 29 10 4 1 
19413|Child_Avg|51: 1460 445 181 68 29 9 4 1 
19416|Child_Cross12|49: 1728 487 195 68 31 10 4 1 
19427|Child_CrossABC1|7: 1834 481 194 70 29 10 4 1 
19431|Child_Levy|24: 1739 471 188 66 30 11 5 1 
19437|Child_Levy|32: 1660 538 191 65 28 12 5 1 
19442|Child_Cross21|2|Mutated: 1465 485 177 61 30 11 5 1 
19445|Child_Cross21|58: 1619 510 188 61 29 10 4 1 
19447|Random|15: 5665 1310 526 221 97 29 14 4 1 
19452|Child_Cross12|49: 2187 615 206 79 29 14 4 1 
19457|Child_CrossABC1|1: 2219 553 206 77 28 13 4 1 
19463|Child_Avg|15|Mutated: 1683 507 173 72 32 13 4 1 
19472|Child_Cross21|6: 1555 587 163 68 32 13 4 1 
19473|Child_Levy|4: 1784 501 182 71 30 13 5 1 
19488|Child_Cross21|14: 1567 474 173 69 32 13 4 1 
19489|Child_Levy|20: 1551 463 171 64 30 11 5 1 
19490|Child_Cross21|42: 5819 1210 429 156 69 32 13 4 1 
19491|Child_Cross21|30: 1573 478 225 66 32 13 4 1 
19493|Child_Cross21|10: 1515 463 177 64 28 11 4 1 
19495|Child_Avg|15: 1538 485 173 63 28 11 4 1 
19506|Survivor|1: 1433 465 173 60 28 11 4 1 
19517|Child_CrossABC2|8: 1474 467 183 65 28 11 4 1 
19538|Survivor|1: 1575 484 173 55 29 10 4 1 
19572|Child_CrossABC1|1: 1398 438 153 56 27 10 4 1 
19576|Survivor|1: 1341 439 156 59 27 10 4 1 
19582|Survivor|1|Mutated: 1572 439 156 59 27 10 4 1 
19583|Child_Avg|31: 1417 444 182 61 29 10 4 1 
19584|Child_CrossABC1|1|Mutated: 1508 439 156 59 27 10 4 1 
19620|Child_Cross12|21: 1490 456 169 65 27 10 4 1 
19630|Survivor|1: 1603 467 162 58 28 11 4 1 
19632|Child_Levy|8|Mutated: 4503 981 316 107 41 13 4 1 
19656|Child_LevyP1|3: 1452 485 203 69 28 10 3 1 
19662|Child_Levy|56: 1507 489 179 61 29 9 4 1 
19676|Child_Avg|23|Mutated: 1377 509 186 76 33 9 4 1 
19703|Child_Cross21|14: 1703 537 200 68 31 10 3 1 
19705|Child_LevyP2|4: 1671 571 199 71 30 9 4 1 
19711|Child_Avg|31: 1481 446 177 73 29 10 4 1 
19714|Child_Avg|7: 1490 492 181 74 29 10 4 1 
19716|Child_CrossABC2|8: 1489 536 185 82 30 12 5 1 
19718|Child_Cross21|30: 1493 452 189 62 29 10 4 1 
19719|Child_Cross12|33: 1483 413 171 65 29 10 4 1 
19720|Child_CrossABC1|1: 1492 439 181 72 29 9 4 1 
19724|Child_Avg|15: 1423 452 179 64 29 9 4 1 
19727|Child_Cross12|9: 1474 449 184 61 29 9 4 1 
19732|Child_Avg|47: 1488 472 184 61 29 9 4 1 
19740|Survivor|1|Mutated: 1474 504 184 61 29 9 4 1 
19749|Child_Levy|24|Mutated: 1559 420 173 69 28 11 4 1 
19755|Child_CrossABC1|7: 1489 428 193 62 29 10 4 1 
19767|Child_Levy|4: 1548 529 193 64 35 11 5 1 
19779|Survivor|1|Mutated: 1548 529 193 64 35 11 4 1 
19781|Child_Avg|31: 1753 499 217 73 29 10 4 1 
19794|Child_Cross21|18: 1517 489 188 61 29 10 4 1 
19802|Child_Cross12|41: 1525 459 187 61 29 10 4 1 
19805|Child_Avg|27: 1544 497 190 61 29 9 4 1 
19823|Child_Cross12|49: 1464 493 190 61 29 10 4 1 
19833|Child_Avg|27: 1496 456 179 61 29 9 4 1 
19844|Child_CrossABC1|7: 1400 546 173 61 29 9 4 1 
19845|Child_CrossABC2|2: 1728 507 177 79 29 9 4 1 
19847|Child_Avg|15: 1573 486 178 70 29 9 4 1 
19854|Child_Cross12|33: 1524 460 179 61 29 9 4 1 
19860|Child_CrossABC1|1: 1522 457 179 61 29 9 4 1 
19863|Child_Cross12|13: 1483 469 181 59 29 9 4 1 
19872|Child_CrossABC1|1|Mutated: 1483 469 181 62 29 10 4 1 
19874|Child_CrossABC2|8: 1483 469 181 63 28 11 4 1 
19877|Child_CrossABC1|7: 1470 472 176 63 29 10 4 1 
19889|Child_Avg|43: 1422 515 184 58 28 11 4 1 
19899|Survivor|1: 1558 557 181 63 29 9 4 1 
19903|Child_CrossABC1|1: 1461 571 161 61 29 9 4 1 
19925|Child_Cross21|30: 2131 561 239 96 37 14 4 1 
19926|Survivor|1|Mutated: 2131 561 201 96 37 14 4 1 
19928|Survivor|1|Mutated: 1583 508 191 76 40 14 5 1 
19930|Child_Levy|4: 1551 563 209 80 39 14 6 1 
19933|Child_Avg|59: 1720 545 204 79 39 14 6 1 
19937|Child_Levy|56: 1743 550 194 73 37 14 6 1 
19939|Child_Cross12|53: 1661 524 193 75 39 11 4 1 
19951|Survivor|1|Mutated: 1661 603 193 75 39 11 4 1 
19960|Child_Cross21|26: 1640 581 192 71 27 14 4 1 
19968|Child_CrossABC2|8: 1676 557 214 71 27 14 4 1 
19972|Child_Levy|12|Mutated: 1511 505 187 73 36 13 4 1 
19981|Child_CrossABC2|2: 1524 515 187 69 39 14 4 1 
19992|Survivor|1: 1512 434 171 58 33 9 4 1 
19995|Child_Cross12|57: 1460 444 173 59 33 9 4 1 
19999|Child_CrossABC1|1: 1467 443 173 59 33 9 4 1 
20020|Child_Levy|28: 2355 691 244 101 37 13 5 1 
20022|Child_Cross12|45|Mutated: 1846 523 182 92 43 14 6 1 
20024|Child_Avg|35: 1547 497 183 65 31 10 4 1 
20029|Survivor|1|Mutated: 1547 497 183 65 27 10 4 1 
20035|Child_Avg|7: 1659 538 183 65 29 10 4 1 
20039|Child_Cross12|21: 1659 538 183 65 28 11 4 1 
20043|Child_CrossABC1|7: 1553 560 172 63 28 11 4 1 
20044|Child_Avg|31: 1697 465 177 62 27 10 4 1 
20046|Child_Cross12|25: 1534 484 174 63 28 11 4 1 
20047|Child_Cross21|58: 1545 485 173 63 28 11 4 1 
20051|Child_CrossABC2|8: 1553 497 173 63 28 11 4 1 
20061|Child_Cross12|17: 1613 505 179 62 27 10 4 1 
20062|Survivor|1|Mutated: 1697 505 179 62 27 10 4 1 
20074|Survivor|1: 1284 451 167 60 28 11 4 1 
20083|Child_CrossABC2|2: 1578 458 176 59 28 11 4 1 
20084|Child_LevyABC1|11|Mutated: 1612 449 186 69 27 10 4 1 
20094|Survivor|1|Mutated: 1436 499 186 69 27 10 4 1 
20095|Child_CrossABC1|1|Mutated: 1683 472 186 63 27 10 4 1 
20096|Child_Cross12|1: 1683 472 186 63 28 11 4 1 
20100|Survivor|1: 1616 478 176 59 27 10 4 1 
20104|Survivor|1: 1630 479 181 56 27 10 4 1 
20106|Child_Avg|35: 1582 501 179 65 28 11 4 1 
20121|Survivor|1: 1687 503 179 65 28 11 4 1 
20122|Child_Avg|51: 1771 504 183 65 31 10 3 1 
20133|Child_Cross21|22: 1497 468 177 58 24 9 4 1 
20150|Child_Levy|8: 1363 423 161 66 28 12 5 1 
20151|Child_Cross21|54: 1666 502 188 65 28 12 5 1 
20162|Child_LevyABC2|12: 1703 521 183 69 32 11 4 1 
20178|Survivor|1: 1571 482 181 57 28 12 5 1 
20183|Child_Avg|11: 1731 592 205 67 35 11 4 1 
20188|Child_Levy|24: 2263 609 196 90 35 12 5 1 
20191|Child_CrossABC2|2: 1822 674 194 99 35 12 5 1 
20192|Child_Avg|15: 2292 546 189 80 35 11 4 1 
20197|Child_Levy|20: 1584 545 186 75 35 11 5 1 
20210|Child_Avg|15: 1763 522 185 63 36 11 5 1 
20212|Child_Avg|3: 1816 526 184 67 35 11 5 1 
20214|Child_Avg|59: 1804 527 181 67 35 11 5 1 
20218|Survivor|1|Mutated: 1804 527 181 75 35 11 5 1 
20220|Child_Cross12|53: 1718 495 188 64 35 11 5 1 
20236|Child_Cross21|54: 1822 489 191 64 35 11 5 1 
20242|Child_Cross21|58: 1656 481 187 57 29 9 4 1 
20253|Child_Avg|51: 1831 479 223 65 29 10 4 1 
20255|Child_Levy|60: 1733 450 183 63 29 9 4 1 
20257|Child_CrossABC2|8: 1728 482 208 61 29 10 4 1 
20259|Child_Cross21|26: 1728 482 208 61 29 9 4 1 
20294|Child_Cross21|26: 1725 476 201 59 29 9 4 1 
20296|Child_CrossABC1|7: 1724 476 202 59 29 9 4 1 
20324|Survivor|1: 1437 414 176 61 29 9 4 1 
20327|Child_CrossABC2|8: 1375 415 176 61 29 9 4 1 
20343|Child_CrossABC2|8: 2213 604 192 71 27 14 4 1 
20395|Survivor|1: 1614 614 176 81 29 10 4 1 
20402|Child_LevyABC2|12: 1478 578 170 83 33 9 4 1 
20407|Survivor|1: 1431 456 155 61 29 9 4 1 
20413|Child_CrossABC2|8: 1266 465 167 64 29 9 4 1 
20416|Survivor|1: 2763 663 222 86 40 13 4 1 
20418|Child_Levy|60: 2055 534 185 73 35 11 5 1 
20435|Survivor|1: 1648 464 177 65 35 11 5 1 
20439|Child_Avg|27: 1734 473 173 64 35 11 5 1 
20463|Child_Avg|15: 1792 481 215 79 31 10 3 1 
20465|Child_LevyP1|3: 1704 515 188 91 40 12 5 1 
20470|Child_LevyABC1|11: 1726 543 201 92 36 11 5 1 
20472|Child_Avg|39: 1682 511 205 84 35 11 4 1 
20474|Child_Avg|3: 1778 550 207 85 35 12 5 1 
20479|Child_CrossABC2|8: 1752 578 206 87 35 12 5 1 
20483|Child_Cross12|37: 1752 562 206 86 35 12 5 1 
20484|Child_Avg|39|Mutated: 1713 477 208 81 30 11 5 1 
20492|Survivor|1|Mutated: 1926 477 208 81 30 11 5 1 
20497|Child_Avg|55: 1706 528 195 74 29 10 4 1 
20499|Child_Cross21|54: 1784 629 227 71 29 10 4 1 
20500|Child_Avg|43: 1749 567 212 75 29 10 4 1 
20502|Child_CrossABC2|2: 1767 575 224 80 29 10 4 1 
20507|Child_Avg|7: 1740 517 212 69 28 11 4 1 
20513|Child_Avg|19: 1825 537 208 65 27 10 4 1 
20514|Child_Cross21|38: 1722 507 190 65 28 11 4 1 
20517|Child_Avg|59: 1691 510 187 65 28 11 4 1 
20530|Child_Cross12|37: 1675 512 185 63 27 10 4 1 
20533|Child_Cross21|46: 1654 493 193 62 29 10 4 1 
20534|Child_CrossABC2|2: 1659 508 177 63 27 10 4 1 
20536|Child_Cross21|30: 1670 501 202 63 27 10 4 1 
20540|Child_CrossABC2|2: 1482 528 195 62 27 10 4 1 
20565|Child_CrossABC2|8: 1514 560 209 66 27 10 4 1 
20568|Child_CrossABC2|2: 1511 556 207 66 27 10 4 1 
20571|Child_Avg|59: 1478 447 207 64 29 9 4 1 
20590|Survivor|1: 1401 571 182 72 31 11 4 1 
20594|Child_Avg|7: 1483 459 180 71 29 10 4 1 
20616|Child_LevyP1|9: 1587 468 181 69 30 11 5 1 
20620|Child_Avg|15: 1547 486 183 70 29 9 4 1 
20630|Child_Cross21|10: 1526 467 181 63 27 10 4 1 
20643|Child_Levy|12: 1496 476 183 58 30 11 5 1 
20654|Survivor|1: 1645 594 226 64 29 9 4 1 
20656|Child_Cross12|21: 7409 1508 379 182 64 29 9 4 1 
20657|Child_CrossABC1|1: 1497 408 170 64 29 9 4 1 
20659|Child_Avg|59: 1733 556 181 89 32 11 4 1 
20660|Child_Avg|55: 1696 522 171 77 31 11 4 1 
20663|Child_Avg|27: 1630 503 185 70 29 9 4 1 
20664|Child_CrossABC1|1: 1595 497 176 68 30 9 4 1 
20668|Child_Avg|19: 1789 495 211 74 29 10 4 1 
20680|Child_Levy|52: 1823 481 196 66 30 11 5 1 
20694|Child_Avg|3: 1830 457 181 63 28 11 4 1 
20700|Survivor|1: 1718 477 184 59 28 11 4 1 
20701|Child_Cross21|10: 1695 459 178 59 28 11 4 1 
20705|Child_Cross21|50: 1695 465 181 58 28 11 4 1 
20706|Child_Cross12|21: 1723 466 182 59 29 9 4 1 
20725|Child_CrossABC1|7: 1455 450 169 68 29 9 4 1 
20726|Child_Avg|27: 1469 587 178 74 34 9 4 1 
20732|Child_Avg|55: 1581 484 185 70 31 11 4 1 
20733|Child_Cross12|25: 1469 587 178 74 28 13 4 1 
20737|Child_Avg|7: 1575 495 181 63 29 9 4 1 
20738|Child_Cross21|2: 1510 462 185 59 27 10 4 1 
20739|Child_Avg|43: 1665 522 193 62 29 10 4 1 
20760|Survivor|1|Mutated: 1805 522 193 62 29 10 4 1 
20781|Child_CrossABC2|2: 1806 526 193 62 29 10 4 1 
20789|Child_Avg|23: 1871 560 202 76 33 9 4 1 
20797|Child_CrossABC1|7: 1835 513 189 69 32 11 4 1 
20810|Child_CrossABC1|7: 1856 509 189 69 32 11 4 1 
20811|Child_Levy|24: 1852 504 183 65 31 10 4 1 
20844|Survivor|1|Mutated: 2201 504 183 65 31 10 4 1 
20856|Child_Levy|32: 1807 488 194 64 29 10 4 1 
20874|Child_Cross12|1: 1785 528 189 62 29 10 4 1 
20885|Child_Levy|12: 1528 467 161 55 27 10 4 1 
20900|Child_Cross12|37: 1810 487 184 70 29 9 4 1 
20907|Child_Cross21|34: 1810 487 184 70 33 9 4 1 
20936|Child_Cross21|50: 1849 496 183 68 33 9 4 1 
20945|Child_Cross12|45: 1756 482 176 61 33 9 4 1 
20949|Child_Cross12|41: 1803 490 179 61 30 11 5 1 
20953|Child_Cross12|21: 1781 485 176 61 30 11 5 1 
20954|Child_Cross12|5: 1785 487 177 61 30 11 5 1 
20958|Child_Cross21|26: 1774 489 175 61 29 10 4 1 
20964|Child_Cross12|17: 1733 489 175 61 29 10 4 1 
20965|Child_Cross21|22: 1784 492 175 61 29 10 4 1 
20966|Child_CrossABC1|1: 1751 489 175 61 29 10 4 1 
20972|Child_Cross21|58: 1749 489 175 61 29 10 4 1 
20978|Child_Cross21|10: 1800 485 178 61 29 10 4 1 
20980|Child_CrossABC2|2: 1743 489 175 61 29 10 4 1 
20981|Child_Avg|39: 1786 489 175 61 29 9 4 1 
20982|Child_Avg|39: 1734 489 175 61 29 10 4 1 
20983|Child_Cross21|26: 1741 489 175 61 29 10 4 1 
20984|Child_Cross12|13: 1752 489 175 61 29 10 4 1 
20998|Child_Cross21|54: 1743 489 175 61 29 9 4 1 
21004|Child_Cross12|25|Mutated: 1768 489 175 61 29 10 4 1 
21011|Child_Cross12|25: 1741 489 175 61 29 9 4 1 
21013|Child_Cross21|50: 1733 489 175 61 29 9 4 1 
21015|Child_Cross12|41: 1655 489 175 61 29 10 4 1 
21016|Child_CrossABC2|8: 1766 489 175 61 29 10 4 1 
21017|Child_Avg|55: 1710 489 175 61 29 10 4 1 
21021|Child_Cross12|29: 1749 489 175 61 29 9 4 1 
21041|Child_Cross21|46: 1768 489 175 61 29 9 4 1 
21043|Child_Avg|11: 1777 489 175 61 29 9 4 1 
21089|Child_Cross21|38: 1720 500 174 61 29 10 4 1 
21104|Child_Levy|16|Mutated: 1687 458 176 59 27 10 4 1 
21148|Child_Avg|3: 1881 543 208 64 29 10 4 1 
21152|Child_Avg|15|Mutated: 2456 710 229 82 39 11 4 1 
21165|Survivor|1|Mutated: 2456 582 226 82 39 11 4 1 
21184|Child_Avg|43: 2211 567 200 70 36 13 4 1 
21185|Child_Levy|8: 1842 530 184 73 32 11 4 1 
21191|Child_LevyP2|4: 1710 494 169 70 36 11 5 1 
21192|Child_CrossABC1|7: 1692 459 167 71 28 11 4 1 
21194|Child_Levy|32: 1670 471 171 69 28 12 5 1 
21213|Child_Cross12|1: 1505 436 171 59 27 10 4 1 
21214|Child_CrossABC1|1: 1548 436 171 59 27 10 4 1 
21231|Child_Levy|32: 2656 653 236 77 35 13 5 1 
21236|Child_CrossABC1|7: 2486 730 245 82 35 13 5 1 
21237|Child_Levy|28: 2127 557 198 70 36 13 4 1 
21242|Child_Levy|32: 2420 617 198 77 35 12 5 1 
21246|Survivor|1|Mutated: 1969 733 198 90 35 12 5 1 
21247|Child_LevyABC1|5: 2057 592 231 89 35 13 6 1 
21251|Child_Levy|20: 1750 539 188 78 35 12 5 1 
21252|Child_CrossABC2|8: 1815 549 215 74 35 12 5 1 
21256|Child_Avg|11: 1765 546 207 71 32 11 4 1 
21259|Child_Avg|47: 1775 537 203 70 32 11 4 1 
21261|Child_Cross21|14: 1737 508 191 69 35 11 4 1 
21264|Child_Cross12|5: 1812 558 201 65 35 11 4 1 
21265|Child_Cross21|46: 1842 541 199 65 35 11 4 1 
21267|Child_Cross12|57: 1655 484 182 65 33 9 4 1 
21268|Child_Avg|35: 1795 508 185 62 35 11 4 1 
21271|Child_Avg|7: 1735 509 196 62 33 9 4 1 
21272|Child_Cross21|50: 1849 523 196 62 33 9 4 1 
21279|Child_Cross12|41: 1792 515 190 61 33 9 4 1 
21299|Child_Levy|60: 1756 525 234 77 31 11 4 1 
21300|Child_CrossABC2|8: 1640 518 209 92 32 13 4 1 
21304|Child_Cross21|58: 1759 501 188 66 29 11 5 1 
21327|Survivor|1: 1612 472 202 85 27 10 4 1 
21329|Child_Avg|27: 1609 466 182 69 27 10 4 1 
21332|Child_Avg|27: 1505 471 182 56 27 10 4 1 
21337|Child_Cross21|18: 1510 467 182 56 27 10 4 1 
21339|Child_CrossABC1|1: 1546 463 175 56 27 10 4 1 
21340|Child_Avg|51: 1528 465 178 56 27 10 4 1 
21342|Child_Cross21|34: 1665 462 180 55 27 10 4 1 
21370|Child_Cross12|21: 2440 759 243 82 37 14 4 1 
21389|Child_Levy|16: 2227 543 228 77 31 14 5 1 
21396|Child_CrossABC2|8: 2067 550 231 84 31 14 5 1 
21397|Child_LevyP1|3: 2286 548 212 81 32 13 4 1 
21412|Child_Levy|16|Mutated: 1692 458 186 65 27 13 5 1 
21413|Child_Avg|11: 2631 600 213 91 36 13 4 1 
21414|Child_Cross21|18|Mutated: 2074 568 202 77 28 11 4 1 
21419|Child_Cross21|18: 1909 551 201 69 28 11 4 1 
21428|Child_Cross21|46: 1890 524 201 63 29 10 4 1 
21430|Child_LevyABC1|5: 1714 495 203 68 32 13 4 1 
21433|Child_CrossABC1|1|Mutated: 1726 467 202 75 33 10 4 1 
21434|Child_Levy|12: 1784 496 189 61 30 11 5 1 
21442|Child_Levy|12: 1879 503 200 61 33 9 4 1 
21443|Child_Cross21|34: 1791 504 187 58 33 9 4 1 
21444|Child_Cross12|29: 1766 495 196 61 33 9 4 1 
21465|Child_Avg|3: 1634 561 194 65 34 9 4 1 
21472|Child_CrossABC2|2: 1799 525 186 68 31 10 4 1 
21476|Survivor|1: 1721 497 183 58 31 10 4 1 
21499|Survivor|1: 1671 508 193 55 29 9 4 1 
21509|Survivor|1: 1666 489 177 55 29 9 4 1 
21517|Child_CrossABC1|1: 1830 464 161 70 29 9 4 1 
21521|Child_Avg|47: 1570 466 161 64 29 9 4 1 
21524|Survivor|1: 1914 683 193 75 27 10 4 1 
21534|Child_Levy|40: 1832 544 203 72 27 10 4 1 
21550|Child_Levy|8: 1533 456 173 65 28 11 4 1 
21551|Child_Levy|44: 1503 460 180 62 29 10 4 1 
21560|Child_Avg|39: 1497 458 179 62 29 10 4 1 
21562|Child_CrossABC1|1: 1502 458 179 62 29 10 4 1 
21564|Child_Cross12|57: 1459 450 175 61 29 10 4 1 
21566|Child_Cross21|26: 1451 450 175 61 29 10 4 1 
21570|Child_Avg|51: 1486 451 188 61 29 10 4 1 
21571|Child_Avg|59: 1447 457 173 61 29 9 4 1 
21572|Child_Cross12|53: 1454 450 175 61 29 9 4 1 
21573|Child_CrossABC2|8: 1452 450 175 61 29 10 4 1 
21579|Child_Cross21|54: 1451 450 175 61 29 9 4 1 
21580|Child_Cross12|53: 1485 450 175 61 29 9 4 1 
21582|Child_Cross21|38: 1460 450 175 61 29 9 4 1 
21583|Child_Cross12|1: 1491 450 175 61 29 9 4 1 
21584|Child_Cross21|10: 1459 450 175 61 29 9 4 1 
21585|Child_Cross12|49: 1493 450 175 61 29 9 4 1 
21588|Child_Cross21|30: 1485 450 175 61 29 10 4 1 
21591|Child_Cross12|25: 1491 450 175 61 29 10 4 1 
21592|Child_Avg|27: 1476 450 175 61 29 9 4 1 
21594|Child_Cross12|5: 1477 450 175 61 29 9 4 1 
21595|Child_CrossABC1|1: 1471 450 175 61 29 9 4 1 
21596|Child_Cross12|21: 1485 418 175 61 29 9 4 1 
21612|Child_Avg|15: 1474 450 175 61 29 9 4 1 
21615|Child_Cross21|14: 1474 534 175 61 29 9 4 1 
21616|Child_Cross21|10: 1476 450 175 61 29 10 4 1 
21617|Child_Cross12|37: 1474 428 175 61 29 9 4 1 
21623|Child_Cross12|49: 1476 465 175 61 29 9 4 1 
21625|Child_Cross12|25|Mutated: 1476 455 175 61 29 9 4 1 
21626|Child_Cross21|30: 1712 450 175 61 29 9 4 1 
21628|Child_Cross12|9: 1476 465 175 61 29 10 4 1 
21630|Child_Cross21|22: 1476 455 175 61 29 10 4 1 
21634|Child_Cross12|9: 1471 452 175 61 29 9 4 1 
21636|Child_Cross12|1: 1488 452 175 61 29 9 4 1 
21646|Child_Avg|3: 1475 465 175 61 29 9 4 1 
21647|Child_Cross21|6: 1488 452 175 61 29 10 4 1 
21649|Child_Avg|27: 1477 465 175 61 29 9 4 1 
21650|Child_Cross12|45: 1474 465 175 61 29 9 4 1 
21653|Child_Cross12|49: 1481 455 175 61 29 9 4 1 
21654|Child_Cross21|38: 1475 465 175 61 29 10 4 1 
21658|Child_Cross21|34: 1475 457 175 61 29 9 4 1 
21674|Child_Cross21|54: 1474 465 175 61 29 10 4 1 
21681|Child_CrossABC1|1: 1466 465 175 61 29 9 4 1 
21686|Child_Avg|15: 1473 465 175 61 29 9 4 1 
21687|Child_Avg|31: 1467 465 175 61 29 9 4 1 
21695|Child_Cross12|41: 1467 472 182 61 29 9 4 1 
21698|Child_Avg|19: 1468 465 175 61 29 10 4 1 
21706|Child_Cross21|10: 1468 465 181 61 29 9 4 1 
21710|Child_Cross12|37: 1467 465 175 61 29 10 4 1 
21711|Child_Cross12|5: 1498 465 175 61 29 9 4 1 
21713|Child_Cross12|45: 1467 465 190 61 29 9 4 1 
21714|Child_Cross12|9: 1466 465 181 61 29 9 4 1 
21725|Child_Cross12|21: 1529 465 175 61 29 9 4 1 
21730|Child_Cross21|6: 1467 465 181 61 29 9 4 1 
21734|Child_Cross21|10: 1491 465 175 61 29 9 4 1 
21754|Child_Cross21|34: 1465 465 181 61 29 9 4 1 
21755|Child_Cross12|5: 1470 465 181 61 29 9 4 1 
21776|Child_Cross12|41: 1491 465 181 61 29 9 4 1 
21777|Child_Cross21|38: 1529 465 181 61 29 9 4 1 
21778|Child_CrossABC1|1: 1524 465 181 61 29 9 4 1 
21780|Child_Avg|27: 1484 465 181 61 29 9 4 1 
21781|Child_Avg|7: 1510 465 181 61 29 9 4 1 
21782|Child_Cross12|29: 1722 465 181 61 29 9 4 1 
21783|Child_Avg|7: 1480 465 181 61 29 9 4 1 
21784|Child_Avg|43: 1478 465 181 61 29 9 4 1 
21785|Child_Cross12|1: 1489 465 181 61 29 9 4 1 
21786|Child_Cross21|6: 1506 465 181 61 29 9 4 1 
21787|Child_Cross12|57: 1493 465 181 61 29 9 4 1 
21792|Child_CrossABC2|8: 1463 465 181 61 29 9 4 1 
21798|Child_Cross21|54: 1522 465 181 61 29 9 4 1 
21805|Child_Cross21|34: 1499 465 181 61 29 9 4 1 
21807|Child_Cross12|17: 1527 465 181 61 29 9 4 1 
21826|Child_Cross12|37: 1482 465 181 61 29 9 4 1 
21828|Child_Avg|19: 1472 465 181 61 29 9 4 1 
21830|Child_Cross12|45: 1571 465 181 61 29 9 4 1 
21843|Child_CrossABC2|2: 1461 465 181 61 29 9 4 1 
21848|Child_Avg|39: 1464 465 181 61 29 9 4 1 
21850|Child_Avg|43: 1462 465 181 61 29 9 4 1 
21899|Child_Levy|48: 1684 544 244 77 37 14 4 1 
21902|Child_LevyP1|9: 1886 629 228 85 40 14 5 1 
21905|Child_Cross12|13: 1427 439 164 70 32 11 4 1 
21907|Child_Avg|3: 1571 480 212 73 35 12 5 1 
21908|Child_Cross21|2: 1571 480 212 73 36 13 4 1 
21917|Child_Levy|44|Mutated: 1529 522 199 66 32 13 4 1 
21918|Child_CrossABC1|1: 1511 489 204 72 35 13 5 1 
21934|Child_Levy|36: 1471 477 198 74 32 13 4 1 
21939|Child_Cross21|38: 1611 492 168 65 31 10 4 1 
21945|Child_Cross12|49: 1597 498 173 64 29 10 4 1 
21950|Child_Cross12|57: 1450 469 172 61 33 9 4 1 
21953|Child_Cross21|10: 1657 477 185 61 29 10 4 1 
21980|Child_Cross21|10: 1657 480 185 61 29 10 4 1 
22006|Child_Levy|60: 2186 636 200 79 35 12 5 1 
22009|Child_Cross21|26: 1782 523 193 75 35 12 5 1 
22010|Child_CrossABC1|7: 1931 513 189 78 35 12 5 1 
22017|Child_Avg|23: 1834 499 182 73 35 11 4 1 
22018|Child_Cross21|22: 1891 504 194 73 35 12 5 1 
22021|Child_Levy|4: 1699 530 179 67 33 9 4 1 
22035|Survivor|1: 1829 530 208 67 33 10 4 1 
22038|Child_Avg|43: 1790 503 186 70 32 11 4 1 
22047|Survivor|1|Mutated: 1624 503 186 70 32 11 4 1 
22054|Child_Levy|16: 1743 509 185 66 31 10 4 1 
22057|Survivor|1|Mutated: 1676 518 185 66 31 10 4 1 
22058|Child_LevyP1|9: 1733 532 183 69 30 11 5 1 
22064|Child_Avg|55: 1805 520 178 59 31 11 4 1 
22066|Child_Cross21|34: 1793 525 172 61 29 10 4 1 
22076|Child_Cross21|6: 6777 1632 414 155 61 29 10 4 1 
22094|Child_CrossABC2|2: 6779 1605 465 154 69 31 10 4 1 
22096|Child_CrossABC1|1: 6777 1586 460 153 74 29 10 4 1 
22099|Child_Cross21|58: 7209 1547 467 149 74 29 10 4 1 
22100|Child_Avg|15: 6787 1567 460 151 71 28 11 4 1 
22105|Child_CrossABC2|2: 1748 477 197 61 29 10 4 1 
22114|Child_CrossABC2|8: 1799 485 207 61 29 10 4 1 
22115|Child_Cross12|49: 1655 447 163 61 29 9 4 1 
22116|Child_Cross21|54: 1694 474 187 61 29 10 4 1 
22118|Child_Avg|31: 1593 456 161 61 29 9 4 1 
22120|Child_Cross12|53: 1629 464 163 61 29 9 4 1 
22122|Child_CrossABC2|2|Mutated: 1663 471 211 61 29 9 4 1 
22127|Survivor|1: 1694 474 184 59 29 9 4 1 
22129|Child_Avg|15: 1857 494 190 64 29 9 4 1 
22132|Child_Cross12|37|Mutated: 1481 426 170 59 24 9 4 1 
22138|Child_Avg|27: 1542 436 180 59 24 9 4 1 
22139|Child_Cross21|54: 1524 434 173 59 24 9 4 1 
22145|Child_CrossABC1|7: 1404 434 173 59 24 9 4 1 
22152|Survivor|1: 1630 429 165 58 24 9 4 1 
22163|Survivor|1: 1488 421 162 53 24 9 4 1 
22182|Child_Avg|27: 1458 417 159 58 24 9 4 1 
22192|Child_CrossABC1|1: 1383 475 201 70 24 9 4 1 
22199|Child_Levy|36: 1699 447 169 62 29 10 4 1 
22201|Child_Cross12|57: 1747 443 184 61 29 10 4 1 
22203|Child_LevyABC2|12: 1730 459 189 61 30 11 5 1 
22208|Survivor|1: 1692 454 177 64 35 11 4 1 
22234|Child_Levy|28: 1709 435 173 75 35 11 5 1 
22251|Child_Cross21|14: 1709 435 173 75 35 11 4 1 
22253|Child_Cross12|1: 1863 482 173 73 35 12 5 1 
22265|Child_LevyP1|3: 1708 485 177 63 36 13 4 1 
22268|Child_LevyP2|10: 2118 661 237 82 33 14 4 1 
22274|Child_LevyABC2|6: 1813 537 177 74 30 12 5 1 
22281|Child_Cross21|18: 6040 1261 473 151 76 30 13 5 1 
22285|Survivor|1: 1948 569 191 69 31 13 4 1 
22287|Survivor|1: 1878 530 174 64 29 14 4 1 
22290|Child_Levy|48: 1409 431 203 67 35 13 5 1 
22293|Child_Cross12|9: 1779 539 173 59 32 13 4 1 
22310|Child_LevyP2|10: 1784 573 335 86 35 12 5 1 
22313|Child_Avg|31: 1928 631 214 87 33 10 4 1 
22316|Child_CrossABC2|8: 1869 562 251 87 33 10 4 1 
22317|Child_CrossABC1|7: 1875 581 236 87 33 10 4 1 
22332|Child_LevyP2|10: 1906 563 182 86 30 11 5 1 
22345|Child_Cross21|50: 2052 497 183 75 31 10 4 1 
22347|Child_CrossABC2|8: 1767 520 170 73 30 11 5 1 
22350|Child_Avg|7: 1767 499 189 71 28 11 4 1 
22353|Child_Avg|3: 2154 559 227 77 35 13 5 1 
22354|Child_Cross21|6: 1830 492 191 66 30 11 5 1 
22356|Child_Levy|32: 1910 508 191 68 30 12 5 1 
22357|Child_CrossABC1|1: 1970 526 189 71 29 10 4 1 
22358|Child_Avg|59: 1826 486 179 62 27 10 4 1 
22360|Child_Avg|47: 1804 507 181 62 27 10 4 1 
22361|Child_LevyABC2|6: 1810 482 201 69 30 11 5 1 
22382|Child_Cross21|22: 1803 478 199 67 30 11 5 1 
22389|Child_Levy|32: 1718 476 190 65 28 11 4 1 
22390|Child_Cross12|37: 1691 494 179 60 28 11 4 1 
22392|Child_Cross21|50: 1619 469 175 62 29 10 4 1 
22405|Child_CrossABC1|1: 1613 491 176 61 29 9 4 1 
22420|Child_Levy|8: 1592 544 207 83 30 11 5 1 
22424|Child_Avg|11: 1656 556 207 83 29 10 4 1 
22425|Child_CrossABC1|1: 1718 544 223 78 30 11 5 1 
22426|Child_Cross12|37: 1476 536 209 81 30 11 5 1 
22432|Survivor|1|Mutated: 1476 543 202 89 30 11 5 1 
22445|Survivor|1: 1639 519 174 74 30 11 5 1 
22450|Child_Avg|59: 1513 493 205 63 28 11 4 1 
22453|Child_Avg|3: 1601 496 171 67 32 11 4 1 
22460|Survivor|1: 1663 485 164 59 31 10 4 1 
22461|Child_CrossABC1|7: 1542 487 210 75 29 10 4 1 
22462|Child_Avg|55: 1586 480 162 63 29 10 4 1 
22470|Survivor|1: 2144 509 198 69 31 10 4 1 
22471|Child_Avg|11: 1796 552 199 68 31 11 4 1 
22475|Child_CrossABC1|1: 2007 545 200 68 31 11 4 1 
22476|Child_Levy|4: 1801 552 199 74 33 12 5 1 
22481|Child_Cross21|2: 1796 546 199 67 32 11 4 1 
22483|Child_Levy|36: 1785 545 189 65 30 9 4 1 
22485|Child_Levy|32: 1646 516 187 63 29 10 4 1 
22500|Child_Avg|59: 1691 528 195 61 29 9 4 1 
22504|Child_Cross21|34: 1773 522 183 59 30 11 5 1 
22506|Child_Cross12|13: 1721 503 190 59 30 11 5 1 
22514|Child_Cross12|33: 1723 503 190 59 30 11 5 1 
22515|Child_CrossABC1|7: 1753 506 190 59 30 11 5 1 
22516|Child_Cross21|26: 1782 519 190 59 30 11 5 1 
22518|Child_Avg|35|Mutated: 1738 504 198 71 29 11 5 1 
22527|Child_Cross12|37: 1729 505 190 59 29 11 5 1 
22528|Child_Cross21|46: 1733 505 190 59 30 11 5 1 
22530|Child_Cross21|42: 1736 505 190 59 30 11 5 1 
22531|Child_Cross12|41: 1718 503 190 59 30 11 5 1 
22532|Child_Cross12|57: 1803 503 190 59 30 11 5 1 
22533|Child_Cross21|58: 1729 505 190 59 30 11 5 1 
22534|Child_Cross21|50|Mutated: 1778 503 190 69 30 11 5 1 
22548|Child_Cross12|49: 1764 503 190 59 30 11 5 1 
22550|Child_Avg|23: 1749 503 190 59 30 11 5 1 
22552|Child_Cross21|2: 1736 503 190 59 30 11 5 1 
22553|Child_Cross12|21: 1737 504 190 59 30 11 5 1 
22554|Child_Cross12|45: 1759 503 190 59 30 11 5 1 
22555|Child_Cross12|29: 1839 503 190 59 30 11 5 1 
22556|Child_Avg|39: 1751 503 190 59 30 11 5 1 
22558|Child_Cross21|18: 1741 503 190 59 30 11 5 1 
22559|Child_Cross21|58: 1733 504 190 59 30 11 5 1 
22561|Child_Avg|43: 1778 503 190 59 30 11 5 1 
22563|Child_Cross21|14: 1772 503 190 59 30 11 5 1 
22567|Child_Avg|19: 1754 503 190 59 30 11 5 1 
22568|Child_Cross12|37: 1757 503 190 59 30 11 5 1 
22569|Child_Cross12|37: 1770 503 190 59 30 11 5 1 
22570|Child_Cross12|53: 1785 503 190 59 30 11 5 1 
22574|Child_Cross21|50: 1765 503 190 59 30 11 5 1 
22582|Child_Cross21|2: 1708 503 190 59 30 11 5 1 
22583|Child_Cross21|2: 1756 503 190 59 30 11 5 1 
22584|Child_Cross12|29: 1705 503 190 59 30 11 5 1 
22588|Child_Avg|43: 1767 503 190 59 30 11 5 1 
22604|Child_Cross21|22: 1692 503 190 59 30 11 5 1 
22609|Child_Cross21|34: 1713 503 190 59 30 11 5 1 
22613|Child_Cross21|58: 1739 503 190 59 30 11 5 1 
22618|Child_Cross21|14: 1752 503 190 59 30 11 5 1 
22628|Child_Cross12|21: 1775 503 190 59 30 11 5 1 
22629|Child_Cross12|53: 1738 503 190 59 30 11 5 1 
22633|Child_Cross21|34: 1790 503 190 59 30 11 5 1 
22634|Child_CrossABC1|1: 1780 503 190 59 30 11 5 1 
22636|Child_Cross21|22: 1769 503 190 59 30 11 5 1 
22643|Child_Cross12|29: 1734 503 190 59 30 11 5 1 
22649|Child_Cross12|25: 1762 503 190 59 30 11 5 1 
22659|Child_Cross21|34|Mutated: 1757 503 182 59 30 11 5 1 
22684|Child_Cross21|10: 1757 533 190 59 30 11 5 1 
22689|Child_Cross21|14: 1755 505 190 59 30 11 5 1 
22701|Child_Cross21|50: 1755 518 190 59 30 11 5 1 
22705|Child_Avg|59: 1677 503 190 59 30 11 5 1 
22707|Child_Cross12|21|Mutated: 1756 504 190 69 30 11 5 1 
22744|Child_Avg|31: 1777 503 190 59 30 11 5 1 
22778|Child_CrossABC1|1: 1818 503 190 59 30 11 5 1 
22782|Child_Cross21|30|Mutated: 1769 503 190 69 30 11 5 1 
22786|Child_LevyABC2|12: 1802 522 189 62 29 10 4 1 
22789|Child_Cross12|13: 1793 503 190 59 30 11 5 1 
22794|Child_CrossABC2|2: 1764 505 190 78 30 11 5 1 
22798|Survivor|1|Mutated: 1764 505 215 78 30 11 5 1 
22814|Child_Avg|39: 1721 515 207 61 30 11 5 1 
22816|Child_Levy|40: 2093 531 188 70 30 11 5 1 
22817|Child_CrossABC2|8: 1605 516 185 70 29 11 5 1 
22818|Child_Cross21|34|Mutated: 1678 480 173 59 30 11 5 1 
22820|Child_Avg|3: 1710 535 191 61 29 10 4 1 
22826|Child_Levy|52: 1461 452 171 62 27 10 4 1 
22829|Child_Avg|59: 1505 653 223 81 29 14 4 1 
22833|Child_Avg|43: 1466 573 201 69 28 11 4 1 
22840|Child_Cross21|38: 2299 685 287 98 32 13 4 1 
22847|Child_CrossABC1|7: 2245 609 304 98 32 13 4 1 
22848|Child_Levy|24: 1955 581 241 89 32 12 5 1 
22849|Child_Avg|7: 1676 478 198 83 30 11 5 1 
22853|Child_Cross21|26: 1497 469 178 78 30 11 5 1 
22855|Child_Levy|48|Mutated: 1655 541 207 76 28 11 4 1 
22860|Child_Cross12|5: 1641 517 194 70 30 11 5 1 
22863|Child_Cross12|21: 1573 489 189 72 29 10 4 1 
22866|Child_Levy|8: 1518 455 186 71 29 10 4 1 
22867|Child_CrossABC1|7: 1549 487 191 71 29 10 4 1 
22868|Child_LevyABC2|6: 1532 474 191 72 30 11 5 1 
22869|Child_Cross12|37: 1644 507 195 71 29 10 4 1 
22872|Child_CrossABC1|1: 1640 513 194 71 29 10 4 1 
22873|Child_Cross12|17: 1601 517 195 70 29 10 4 1 
22874|Child_Cross12|25: 1601 517 195 70 29 9 4 1 
22875|Child_Avg|19: 1615 515 200 73 29 9 4 1 
22879|Child_Cross21|2: 1554 463 195 66 29 9 4 1 
22882|Child_Cross21|26: 1650 466 197 64 29 9 4 1 
22909|Child_Cross21|34: 1751 505 199 66 31 14 4 1 
22914|Child_Cross21|22: 1670 493 182 64 29 14 4 1 
22920|Child_CrossABC2|8: 1697 492 196 63 36 13 4 1 
22925|Child_Cross21|58: 1624 478 189 61 35 12 5 1 
22926|Child_Avg|55: 1655 498 186 69 29 14 4 1 
22941|Survivor|1|Mutated: 1702 523 186 69 29 14 4 1 
22946|Child_LevyP2|4: 1608 520 205 68 32 13 5 1 
22948|Survivor|1: 1573 495 181 58 28 11 4 1 
22949|Child_Cross21|34: 1573 495 181 58 30 11 5 1 
22955|Child_Avg|39|Mutated: 2183 476 234 98 35 12 5 1 
22961|Child_Cross21|26: 1894 472 205 77 35 12 5 1 
22964|Child_CrossABC1|1: 1673 481 188 74 28 11 4 1 
22969|Child_Cross12|45: 1805 482 197 69 28 11 4 1 
22975|Child_CrossABC2|8: 1812 514 194 71 28 11 4 1 
22989|Child_Avg|55: 1770 507 181 63 29 10 4 1 
22996|Child_LevyABC2|6: 1708 478 192 73 29 10 3 1 
23007|Child_CrossABC2|8|Mutated: 1666 554 233 74 29 10 4 1 
23008|Child_Levy|48: 2131 604 241 73 33 9 4 1 
23011|Survivor|1: 1566 463 186 64 28 13 4 1 
23014|Child_Levy|16: 1673 511 168 59 27 10 4 1 
23015|Child_Cross21|2: 1561 473 182 64 30 9 4 1 
23016|Child_Avg|15: 1617 471 179 62 27 10 4 1 
23020|Child_Avg|3|Mutated: 1390 487 176 63 29 10 4 1 
23022|Child_Cross21|26: 1637 451 175 59 31 10 4 1 
23023|Child_Cross21|34: 1613 480 175 62 29 10 4 1 
23037|Child_Avg|51: 1563 479 175 61 29 10 4 1 
23041|Child_CrossABC2|2: 1549 479 175 61 29 10 4 1 
23044|Child_Cross12|45: 1498 484 176 61 30 11 5 1 
23045|Child_Cross12|25: 1517 479 172 59 30 11 5 1 
23046|Child_Cross12|33: 1493 473 173 59 30 11 5 1 
23052|Child_CrossABC2|2: 1500 475 172 59 30 11 5 1 
23053|Child_Cross12|25: 1500 476 172 59 30 11 5 1 
23054|Child_Cross12|13: 1497 478 172 59 30 11 5 1 
23055|Child_Avg|59: 1507 473 171 59 30 11 5 1 
23057|Child_Cross12|57: 1512 478 172 59 30 11 5 1 
23058|Child_CrossABC2|2: 1490 478 172 59 30 11 5 1 
23065|Child_Cross21|14: 1479 478 172 59 30 11 5 1 
23066|Child_Avg|31: 1502 478 172 59 30 11 5 1 
23068|Child_Cross21|54: 1484 476 172 59 30 11 5 1 
23069|Child_Cross21|58: 1468 478 172 59 30 11 5 1 
23073|Child_Cross21|22: 1710 478 172 59 30 11 5 1 
23074|Child_Avg|43: 1508 478 172 59 30 11 5 1 
23075|Child_Cross12|17: 1473 448 172 59 30 11 5 1 
23076|Child_Cross21|58: 1470 478 172 59 30 11 5 1 
23078|Child_CrossABC2|8: 1475 478 172 59 30 11 5 1 
23079|Child_Cross12|49: 1473 478 172 59 30 11 5 1 
23081|Child_Cross21|50: 1780 478 172 59 30 11 5 1 
23088|Child_Cross21|42: 1712 478 172 59 30 11 5 1 
23089|Child_Cross21|54: 1705 478 172 59 30 11 5 1 
23091|Child_Cross21|30|Mutated: 1527 478 172 59 30 11 5 1 
23092|Child_Cross21|58: 1694 478 172 59 30 11 5 1 
23093|Child_Avg|23: 1556 478 172 59 30 11 5 1 
23095|Child_Cross21|42|Mutated: 1700 478 203 69 30 11 5 1 
23097|Child_Cross21|54: 1674 478 172 59 30 11 5 1 
23099|Child_Avg|59: 1699 478 172 59 30 11 5 1 
23100|Child_Cross21|6: 1683 478 172 59 30 11 5 1 
23104|Child_Cross21|54: 1685 478 172 59 30 11 5 1 
23105|Child_Avg|43|Mutated: 1658 478 172 59 30 11 5 1 
23106|Child_Cross21|2: 1722 478 172 59 30 11 5 1 
23113|Child_Avg|15|Mutated: 1669 478 172 59 30 11 5 1 
23114|Child_Cross21|14: 1701 478 172 59 30 11 5 1 
23119|Child_Avg|23: 1695 478 172 59 30 11 5 1 
23123|Child_Cross21|18: 1716 478 172 59 30 11 5 1 
23124|Child_Avg|35: 1696 478 172 59 30 11 5 1 
23128|Child_Cross12|41|Mutated: 1689 478 172 59 30 11 5 1 
23130|Child_Avg|51: 1706 478 172 59 30 11 5 1 
23148|Child_Cross21|22: 1700 478 172 59 30 11 5 1 
23158|Child_Cross21|38: 1737 478 172 59 30 11 5 1 
23164|Child_Avg|59: 1704 478 172 59 30 11 5 1 
23174|Child_CrossABC1|7: 1717 478 172 59 30 11 5 1 
23179|Child_Cross12|29: 1732 478 172 59 30 11 5 1 
23180|Child_Cross12|25: 1715 478 172 59 30 11 5 1 
23182|Child_Avg|43: 1726 478 172 59 30 11 5 1 
23183|Child_CrossABC2|8: 1726 478 172 77 30 11 5 1 
23208|Child_Cross12|29: 1753 478 172 59 30 11 5 1 
23212|Child_CrossABC2|2: 1727 478 172 59 30 11 5 1 
23235|Child_Cross21|46: 1743 478 172 59 30 11 5 1 
23239|Child_Avg|47: 1567 478 172 59 30 11 5 1 
23240|Child_Cross21|50: 1733 478 172 59 30 11 5 1 
23261|Child_Cross21|58: 1744 478 172 59 30 11 5 1 
23264|Child_Cross21|14: 1803 478 172 59 30 11 5 1 
23265|Child_Cross21|38: 1738 478 172 59 30 11 5 1 
23268|Child_Cross12|17: 1754 478 172 59 30 11 5 1 
23273|Child_Cross21|26: 1748 478 172 59 30 11 5 1 
23274|Child_Cross12|1: 1758 478 172 59 30 11 5 1 
23283|Child_Cross21|58: 1742 478 172 59 30 11 5 1 
23284|Child_Cross12|17: 1731 478 172 59 30 11 5 1 
23295|Child_CrossABC2|8: 1729 478 172 77 30 11 5 1 
23299|Child_Cross21|34: 1739 478 172 59 30 11 5 1 
23310|Child_Avg|59: 1728 478 172 59 30 11 5 1 
23311|Child_Avg|55: 1755 478 172 59 30 11 5 1 
23335|Child_LevyP2|4: 1821 475 182 61 29 9 4 1 
23372|Child_Avg|3: 1819 549 214 68 30 9 4 1 
23374|Child_Avg|47|Mutated: 1769 541 195 64 24 9 4 1 
23379|Child_Levy|44: 1591 485 187 61 29 10 4 1 
23380|Child_Cross12|13: 1643 487 192 58 28 11 4 1 
23391|Child_CrossABC2|8: 1726 484 176 59 27 10 4 1 
23401|Child_CrossABC2|2: 3355 678 230 95 33 14 4 1 
23405|Child_Cross21|42: 1909 544 192 66 31 10 4 1 
23406|Child_CrossABC1|7: 1938 550 217 69 31 10 4 1 
23409|Child_LevyP2|10|Mutated: 1788 594 181 74 30 12 5 1 
23412|Child_Avg|27: 1762 503 199 69 30 11 5 1 
23433|Child_Avg|43: 1697 546 200 74 29 10 4 1 
23436|Child_Cross21|50|Mutated: 1809 546 200 74 29 10 4 1 
23438|Child_Cross21|54: 1762 503 199 69 31 10 4 1 
23442|Child_Cross12|17: 1762 503 199 69 32 11 4 1 
23444|Child_Cross21|18: 1763 496 195 67 30 9 4 1 
23446|Child_Cross12|33: 1778 538 196 69 31 10 4 1 
23450|Child_Avg|35: 1775 535 216 69 31 10 4 1 
23452|Child_CrossABC2|2: 1777 535 215 69 31 10 4 1 
23454|Child_Cross21|54: 1773 527 196 68 31 10 4 1 
23455|Child_Cross21|10: 1777 534 208 67 31 10 4 1 
23456|Child_Cross21|22: 1761 537 205 68 31 10 4 1 
23461|Child_Cross21|18: 1729 534 196 65 31 10 4 1 
23462|Child_Cross21|34: 1795 537 205 68 31 10 4 1 
23463|Child_CrossABC2|8: 1803 537 205 68 31 10 4 1 
23469|Child_Cross21|58: 1783 537 205 68 31 10 4 1 
23470|Survivor|1|Mutated: 1783 537 205 68 31 9 4 1 
23473|Child_Avg|15: 1714 543 203 65 27 10 4 1 
23474|Child_Cross21|26: 1752 536 203 64 29 10 4 1 
23476|Child_CrossABC1|7: 1847 536 203 64 29 10 4 1 
23477|Child_CrossABC1|1: 1806 533 200 64 29 10 4 1 
23478|Child_CrossABC2|8: 1815 535 206 64 29 10 4 1 
23479|Child_Cross12|9: 1687 531 202 63 29 10 4 1 
23481|Child_Avg|47: 1745 528 230 70 29 9 4 1 
23482|Child_Avg|3: 1778 466 196 63 29 10 4 1 
23484|Child_Cross21|38: 1695 519 195 61 29 10 4 1 
23486|Child_Cross21|50: 1774 608 204 61 29 10 4 1 
23487|Child_Avg|35: 1754 543 197 61 29 10 4 1 
23488|Child_Cross12|37: 1848 531 213 61 29 10 4 1 
23490|Child_Cross21|50: 1848 531 213 61 29 9 4 1 
23493|Child_Cross12|37: 1774 556 205 61 29 10 4 1 
23494|Child_Cross12|25: 1812 519 195 61 29 9 4 1 
23495|Child_Cross12|49: 1695 519 195 61 29 9 4 1 
23496|Child_LevyP1|3: 1730 538 200 67 30 11 5 1 
23499|Child_Avg|27: 1802 526 204 61 29 9 4 1 
23500|Child_Cross12|13: 1729 517 194 61 29 10 4 1 
23502|Child_Cross21|46: 1821 530 210 61 29 9 4 1 
23503|Child_Cross21|22: 1684 514 190 61 29 9 4 1 
23504|Child_Cross12|17: 1835 530 210 61 29 9 4 1 
23505|Child_Avg|27: 1751 528 202 61 29 9 4 1 
23509|Child_Cross12|17: 1832 529 211 61 29 9 4 1 
23511|Child_Cross12|33: 1835 529 211 61 29 9 4 1 
23514|Child_Cross21|42: 1837 529 211 61 29 9 4 1 
23521|Child_CrossABC2|2: 1805 529 211 61 29 9 4 1 
23522|Child_Cross21|58: 1833 529 211 61 29 9 4 1 
23523|Child_Cross12|17: 1817 529 211 61 29 9 4 1 
23524|Child_Avg|15: 1820 529 211 61 29 9 4 1 
23528|Child_Cross12|21: 1836 529 210 61 29 9 4 1 
23534|Child_Cross21|54: 1825 529 211 61 29 9 4 1 
23537|Child_Cross12|9: 1827 529 210 61 29 9 4 1 
23539|Child_Cross21|14: 1779 529 211 61 29 9 4 1 
23540|Child_Cross12|57: 1774 529 211 61 29 9 4 1 
23541|Child_Cross12|37: 1809 529 211 61 29 9 4 1 
23543|Child_Cross12|29: 1787 529 211 61 29 9 4 1 
23545|Child_Cross21|58: 1776 529 211 61 29 9 4 1 
23547|Child_Avg|59|Mutated: 1878 529 211 70 29 9 4 1 
23550|Child_Cross21|14: 1822 529 211 61 29 9 4 1 
23551|Child_Avg|23: 1781 529 211 61 29 9 4 1 
23558|Child_Cross12|5: 1764 529 211 61 29 9 4 1 
23564|Child_Avg|31: 1759 529 211 61 29 9 4 1 
23568|Child_Cross12|57: 1777 529 211 61 29 9 4 1 
23575|Child_Cross12|33: 1761 529 211 61 29 9 4 1 
23576|Child_Avg|47: 1771 529 211 61 29 9 4 1 
23585|Child_Avg|55: 1772 529 211 61 29 9 4 1 
23601|Child_Avg|3: 1774 529 213 61 29 9 4 1 
23617|Child_Avg|55: 1766 529 211 61 29 9 4 1 
23619|Child_Cross21|34: 1763 529 211 61 29 9 4 1 
23648|Child_Avg|59: 1727 502 222 68 31 10 4 1 
23656|Survivor|1: 1830 525 228 70 30 11 5 1 
23661|Child_Cross21|18: 1789 504 232 69 30 11 5 1 
23667|Child_LevyABC1|11: 1695 452 182 79 27 10 4 1 
23671|Child_Cross12|57: 1695 452 182 79 29 14 4 1 
23677|Child_Levy|32: 1819 488 187 63 27 13 4 1 
23678|Child_Levy|20|Mutated: 1589 430 183 68 29 14 4 1 
23680|Child_Cross21|26: 1609 497 191 63 29 14 4 1 
23687|Child_Cross21|58: 1658 511 187 63 29 14 4 1 
23690|Child_Avg|15: 1687 522 187 62 28 13 4 1 
23694|Child_Avg|35: 1784 527 192 61 28 13 4 1 
23696|Child_Cross12|21: 1788 536 184 61 28 13 4 1 
23697|Child_Cross21|26: 1857 503 184 61 28 13 4 1 
23698|Child_Cross21|34: 1857 503 184 61 28 12 5 1 
23701|Child_Avg|59: 1794 528 186 59 28 13 4 1 
23702|Child_Cross12|17: 1791 529 183 59 27 14 4 1 
23705|Child_Cross12|13: 1817 514 179 59 27 14 4 1 
23706|Child_Cross12|37: 1750 539 184 59 27 14 4 1 
23709|Child_CrossABC2|8: 1826 534 184 59 27 14 4 1 
23712|Child_Cross12|57: 1801 537 185 58 27 14 4 1 
23713|Child_CrossABC2|2: 1839 534 184 59 27 14 4 1 
23714|Child_Avg|51: 1853 679 231 81 32 13 4 1 
23718|Child_Levy|8: 1782 550 175 67 28 12 5 1 
23723|Child_Cross12|1: 1756 536 180 57 28 12 5 1 
23726|Child_CrossABC1|1: 1749 535 180 57 28 12 5 1 
23732|Child_Cross12|33: 1751 534 180 57 28 12 5 1 
23733|Child_Avg|23: 1742 536 180 57 28 12 5 1 
23735|Child_Cross21|54: 1753 534 180 57 28 12 5 1 
23736|Child_Cross21|10: 1744 535 180 57 28 12 5 1 
23739|Child_Cross21|10|Mutated: 1751 536 191 62 28 12 5 1 
23754|Child_Cross12|45: 1748 534 180 57 28 12 5 1 
23757|Child_Cross21|30: 1727 534 180 57 28 12 5 1 
23760|Child_Cross21|22: 1750 534 180 57 28 12 5 1 
23761|Child_Avg|55|Mutated: 1886 534 180 63 28 12 5 1 
23764|Child_Cross21|22: 1750 497 180 57 28 12 5 1 
23777|Child_Levy|40: 1785 525 183 64 30 12 5 1 
23778|Child_LevyP1|3: 1782 528 195 68 31 11 4 1 
23793|Child_Cross21|34: 1749 506 180 57 28 12 5 1 
23797|Child_Avg|11: 1756 506 180 57 28 12 5 1 
23799|Child_Cross12|25: 1738 506 180 57 28 12 5 1 
23802|Child_Cross12|1: 1724 506 180 57 28 12 5 1 
23803|Child_Avg|51: 1733 506 180 57 28 12 5 1 
23804|Child_Avg|39: 1731 506 180 57 28 12 5 1 
23809|Child_Cross12|57: 1740 506 180 57 28 12 5 1 
23812|Child_Cross21|34: 1729 506 180 57 28 12 5 1 
23813|Child_Avg|47: 1736 506 180 57 28 12 5 1 
23814|Child_CrossABC1|7: 1736 506 180 67 28 12 5 1 
23818|Child_Cross21|38: 1777 506 180 57 28 12 5 1 
23826|Child_CrossABC1|7: 1783 506 180 57 28 12 5 1 
23829|Child_Cross21|50: 1770 506 180 57 28 12 5 1 
23832|Child_Cross12|49: 1774 506 180 57 28 12 5 1 
23836|Child_Cross21|38: 1761 506 180 57 28 12 5 1 
23837|Child_Cross12|9: 1752 506 180 57 28 12 5 1 
23838|Child_Cross12|29: 1763 506 180 57 28 12 5 1 
23840|Child_Cross12|53: 1781 506 180 57 28 12 5 1 
23841|Child_CrossABC1|7: 1790 506 180 57 28 12 5 1 
23842|Child_Avg|11: 1751 506 180 57 28 12 5 1 
23848|Child_Cross12|5: 1786 506 180 57 28 12 5 1 
23857|Child_Cross12|41: 1772 506 180 57 28 12 5 1 
23860|Child_Cross12|45: 1815 506 180 57 28 12 5 1 
23861|Child_CrossABC2|8: 1768 506 180 57 28 12 5 1 
23863|Child_Cross21|18|Mutated: 1779 506 180 67 28 12 5 1 
23871|Child_Avg|15|Mutated: 1773 506 180 63 28 12 5 1 
23896|Child_Avg|39: 1795 506 180 57 28 12 5 1 
23909|Child_Cross21|38: 1806 506 180 57 28 12 5 1 
23942|Child_Levy|24: 1620 561 191 94 35 13 5 1 
23948|Child_Avg|35: 1667 540 191 94 35 13 5 1 
23950|Child_Avg|31: 1555 547 191 94 35 13 5 1 
23951|Child_Avg|19: 1523 558 191 94 35 13 5 1 
23958|Child_CrossABC1|1: 1523 561 191 94 35 13 5 1 
23963|Child_CrossABC2|2: 1523 555 191 94 35 13 5 1 
23968|Child_Cross21|10: 2107 672 233 89 35 13 5 1 
23986|Child_Cross12|33: 1879 626 217 85 35 13 5 1 
23992|Child_CrossABC1|1: 1927 706 218 89 35 13 5 1 
24009|Child_Avg|7: 1905 641 212 87 35 12 5 1 
24017|Child_Levy|32: 1759 585 206 73 35 12 5 1 
24020|Child_Levy|48: 1633 524 188 73 35 12 5 1 
24023|Child_CrossABC1|1: 1649 628 217 78 35 12 5 1 
24026|Child_Cross21|42: 1713 578 192 74 35 12 5 1 
24030|Child_CrossABC1|1: 1681 535 205 71 35 13 5 1 
24036|Child_Cross21|26|Mutated: 1674 526 201 69 35 11 5 1 
24037|Child_Avg|55: 1762 559 193 67 35 13 5 1 
24049|Child_Avg|43: 1788 517 197 63 35 12 5 1 
24051|Child_Cross12|33: 1788 517 197 63 35 13 5 1 
24053|Child_Cross21|30: 1788 517 197 63 35 11 4 1 
24057|Child_Cross12|37: 1768 511 198 62 35 11 5 1 
24058|Child_CrossABC1|7: 1763 517 197 63 35 11 4 1 
24061|Child_CrossABC1|1: 1735 517 197 63 35 11 4 1 
24062|Child_Avg|31: 1786 518 195 62 35 11 4 1 
24083|Child_Avg|51: 1728 491 207 70 31 10 4 1 
24092|Child_Cross12|33: 1649 486 186 58 33 9 4 1 
24095|Child_CrossABC1|7: 1729 490 186 58 33 9 4 1 
24110|Child_Levy|52: 1707 666 215 89 30 11 5 1 
24114|Child_Cross12|25: 1640 633 214 83 30 11 5 1 
24119|Child_Avg|7: 1415 483 173 71 28 11 4 1 
24122|Child_Levy|32: 1446 513 165 65 31 11 5 1 
24126|Survivor|1: 1353 476 174 65 29 10 4 1 
24127|Child_CrossABC1|1: 1387 501 172 65 29 10 4 1 
24130|Child_Cross12|25: 1455 493 171 62 29 10 4 1 
24141|Child_CrossABC1|1: 1473 529 159 61 29 10 4 1 
24165|Survivor|1: 1512 499 149 59 27 10 4 1 
24189|Survivor|1: 5687 1278 361 163 55 31 10 4 1 
24220|Survivor|1: 1559 458 178 59 28 10 3 1 
24232|Child_LevyABC1|11: 1438 472 186 69 34 9 4 1 
24235|Child_Cross21|10: 2333 645 229 64 29 9 4 1 
24237|Child_Levy|28: 1674 499 182 64 33 9 4 1 
24242|Child_Cross12|1: 1673 512 180 61 24 9 4 1 
24250|Child_CrossABC1|7: 1727 512 194 61 29 9 4 1 
24254|Child_LevyABC1|11: 1645 560 205 77 24 9 4 1 
24264|Child_Levy|60: 1473 502 194 70 29 9 4 1 
24271|Child_Cross12|53: 1684 517 186 65 30 11 5 1 
24275|Child_Cross21|18: 1421 450 182 60 27 10 4 1 
24276|Child_Cross21|10: 1582 446 172 59 30 11 5 1 
24281|Child_Cross12|25: 1445 460 169 58 31 10 4 1 
24287|Child_Levy|44: 1992 568 197 82 28 11 4 1 
24291|Child_LevyABC1|5: 1453 473 167 59 22 13 5 1 
24300|Child_Levy|52: 1630 521 216 71 27 13 5 1 
24302|Child_Avg|3: 1589 466 195 67 24 11 4 1 
24318|Child_Avg|55: 1471 435 177 61 30 11 5 1 
24320|Child_Levy|28: 2934 692 247 102 35 12 5 1 
24325|Child_Levy|36: 2133 594 233 97 41 11 5 1 
24328|Child_Avg|3: 1421 456 166 66 31 10 4 1 
24333|Child_Levy|44: 1457 461 168 64 30 11 5 1 
24334|Child_CrossABC2|2: 1445 441 169 65 31 10 4 1 
24339|Child_CrossABC1|1: 1482 429 167 60 28 11 4 1 
24344|Child_Cross12|21: 1446 465 178 62 30 11 5 1 
24357|Survivor|1: 1416 496 172 59 30 11 5 1 
24359|Child_LevyABC2|6|Mutated: 1409 514 169 71 30 9 4 1 
24374|Child_Avg|59: 1431 505 165 67 30 9 4 1 
24382|Child_Avg|19: 1535 481 159 61 29 9 4 1 
24437|Survivor|1: 2801 625 297 97 49 13 4 1 
24445|Child_Levy|4: 2247 628 229 82 43 14 4 1 
24448|Child_Avg|7: 2088 613 216 84 38 13 4 1 
24450|Child_LevyP1|3: 2220 627 236 77 35 11 4 1 
24453|Child_Cross21|2: 2240 628 243 74 33 14 4 1 
24455|Child_LevyABC2|6: 2341 535 237 75 35 11 4 1 
24457|Child_Cross21|14: 2339 632 244 73 35 11 4 1 
24471|Child_Avg|19: 1860 477 234 76 27 10 4 1 
24477|Child_Cross12|57: 2300 527 226 69 30 11 5 1 
24482|Survivor|1|Mutated: 2300 497 226 69 30 11 5 1 
24485|Child_Cross12|21|Mutated: 1944 538 233 78 32 11 4 1 
24486|Survivor|1|Mutated: 1944 604 233 78 28 13 4 1 
24488|Child_Avg|27: 2060 567 225 71 28 11 4 1 
24493|Child_Avg|55: 1983 526 212 69 30 11 5 1 
24495|Child_Cross12|41: 2028 537 197 63 28 11 4 1 
24496|Child_Levy|28|Mutated: 2085 555 226 76 34 11 5 1 
24498|Child_Avg|31|Mutated: 1506 465 193 70 30 11 5 1 
24502|Child_Avg|39: 1853 506 195 66 31 10 4 1 
24517|Child_Cross21|10: 1668 517 175 64 31 10 4 1 
24524|Child_Cross21|42: 1485 413 193 63 29 11 5 1 
24530|Child_Avg|19: 1482 432 181 59 27 10 4 1 
24548|Child_Avg|19: 1433 446 179 56 27 10 4 1 
24554|Child_Avg|43: 1815 572 187 63 29 10 4 1 
24555|Child_CrossABC2|8: 1428 444 187 55 27 10 4 1 
24568|Survivor|1: 1817 667 242 102 49 12 5 1 
24570|Child_CrossABC2|8|Mutated: 1701 538 204 75 40 11 5 1 
24575|Child_Levy|16: 1499 538 198 79 37 11 4 1 
24577|Child_LevyABC1|5: 1851 632 219 84 35 12 5 1 
24582|Survivor|1: 1901 549 208 97 38 10 3 1 
24584|Child_Levy|60: 1700 549 197 80 34 9 4 1 
24585|Child_LevyP2|10: 1685 522 186 86 35 12 5 1 
24586|Child_Cross12|25: 1549 544 188 79 35 12 5 1 
24593|Child_Cross21|22|Mutated: 1407 549 212 78 35 12 5 1 
24596|Child_Avg|43: 1520 578 217 78 35 12 5 1 
24598|Child_CrossABC1|7: 1563 582 212 78 35 12 5 1 
24602|Child_CrossABC2|8: 1525 582 212 78 35 12 5 1 
24607|Child_Avg|7: 1516 569 208 77 35 11 5 1 
24609|Child_CrossABC1|7: 1525 564 207 73 35 11 5 1 
24611|Child_Cross21|34: 1716 537 200 64 35 11 5 1 
24612|Child_Avg|3|Mutated: 1489 564 197 74 35 12 5 1 
24617|Survivor|1|Mutated: 1775 564 197 74 35 12 5 1 
24618|Child_Avg|39: 1755 558 199 73 35 12 5 1 
24622|Child_CrossABC2|2: 1775 564 200 74 35 12 5 1 
24641|Child_Cross12|21: 1729 553 200 74 35 12 5 1 
24643|Child_Cross21|54: 1720 559 206 73 35 12 5 1 
24644|Random|18: 7063 1723 649 247 118 41 13 4 1 
24645|Child_Cross12|33: 1840 560 196 73 35 12 5 1 
24655|Child_Avg|47: 1708 560 193 68 31 11 4 1 
24659|Child_Levy|52: 1779 534 181 63 29 9 4 1 
24662|Child_Avg|23: 1685 525 178 63 28 10 3 1 
24666|Child_LevyP2|10: 1597 476 173 61 29 9 4 1 
24675|Survivor|1: 1548 465 166 61 29 9 4 1 
24677|Child_CrossABC2|8: 1524 459 164 62 30 9 4 1 
24679|Child_Levy|48: 2095 530 179 75 27 10 4 1 
24680|Child_Cross21|14: 1730 477 175 57 29 9 4 1 
24701|Child_Avg|19: 1867 558 194 69 33 14 4 1 
24725|Child_Cross21|10: 1817 530 178 65 30 11 5 1 
24727|Child_Avg|31: 1859 532 197 74 31 14 6 1 
24728|Child_Avg|15: 1843 533 185 68 32 13 4 1 
24731|Child_Avg|3: 1827 532 184 66 35 12 5 1 
24765|Child_Avg|23: 1833 491 169 74 35 12 5 1 
24767|Child_Cross21|18: 1759 547 177 66 35 12 5 1 
24775|Survivor|1: 1701 515 171 63 35 12 5 1 
24778|Child_Cross12|25: 1686 515 171 63 35 12 5 1 
24782|Child_Cross12|1: 1699 515 171 63 35 12 5 1 
24783|Child_CrossABC1|1: 1692 515 171 63 35 12 5 1 
24785|Child_CrossABC1|7: 1677 515 171 63 35 12 5 1 
24786|Child_Avg|19: 1688 515 171 63 35 12 5 1 
24787|Child_CrossABC1|7: 1683 515 171 63 35 12 5 1 
24791|Child_CrossABC1|1: 1679 515 171 63 35 12 5 1 
24800|Child_Cross12|53: 1583 545 187 61 35 12 5 1 
24801|Child_Cross21|6: 1558 506 176 61 35 12 5 1 
24803|Child_Avg|35: 1611 515 176 61 35 12 5 1 
24804|Child_Cross21|46: 1745 486 184 61 35 12 5 1 
24805|Child_Cross12|53: 1567 509 188 61 35 12 5 1 
24806|Child_CrossABC1|1: 1738 493 186 61 35 12 5 1 
24807|Child_Cross21|2: 1645 495 184 61 35 12 5 1 
24811|Child_Cross12|5: 1740 490 186 61 35 12 5 1 
24813|Child_Avg|27: 1720 497 185 61 35 12 5 1 
24815|Child_Avg|31: 1695 495 186 61 35 12 5 1 
24818|Child_Avg|31|Mutated: 1709 499 187 61 35 12 5 1 
24820|Child_Cross21|18: 1661 512 187 61 35 12 5 1 
24821|Child_Cross12|53: 1714 501 186 61 35 12 5 1 
24822|Child_CrossABC1|7: 1789 499 187 61 35 12 5 1 
24823|Child_Avg|47: 1733 503 187 61 35 12 5 1 
24824|Child_Cross12|49|Mutated: 1706 501 188 61 35 12 5 1 
24828|Child_CrossABC2|8: 1730 501 188 61 35 12 5 1 
24831|Child_Cross21|2: 1715 501 186 61 35 12 5 1 
24833|Child_Cross21|10: 1726 501 186 61 35 12 5 1 
24836|Child_Cross12|33: 1734 501 188 61 35 12 5 1 
24839|Child_Cross21|18: 1732 501 188 61 35 12 5 1 
24840|Child_Cross12|21: 1715 501 188 61 35 12 5 1 
24847|Child_Cross12|29|Mutated: 1728 501 188 61 35 12 5 1 
24848|Survivor|1|Mutated: 1728 501 188 74 35 12 5 1 
24852|Child_CrossABC1|1: 1846 501 188 74 35 12 5 1 
24879|Child_CrossABC1|1: 1780 501 188 74 35 12 5 1 
24882|Child_Avg|35: 1797 501 188 74 35 12 5 1 
24884|Child_Cross12|45: 1807 501 188 74 35 12 5 1 
24892|Child_Cross21|50: 1793 501 188 61 35 12 5 1 
24894|Child_Cross12|41: 1729 501 188 61 35 12 5 1 
24897|Child_Cross21|42: 1775 501 188 61 35 12 5 1 
24899|Child_CrossABC2|8: 1794 501 188 61 35 12 5 1 
24900|Child_Cross12|29: 1799 501 188 61 35 12 5 1 
24904|Child_Cross21|18: 1787 501 188 61 35 12 5 1 
24905|Child_Avg|55: 1792 501 188 61 35 12 5 1 
24908|Child_Cross12|41: 1791 501 188 61 35 12 5 1 
24911|Child_CrossABC2|2: 1798 501 188 61 35 12 5 1 
24913|Child_Cross21|10: 1796 501 188 61 35 12 5 1 
24927|Child_Cross21|46: 1795 501 188 61 35 12 5 1 
24928|Child_Cross12|45: 1853 501 188 61 35 12 5 1 
24936|Child_Cross12|13: 1789 501 188 61 35 12 5 1 
24941|Child_Cross21|14: 1797 501 188 61 35 12 5 1 
24951|Child_Avg|39: 1790 501 188 61 35 12 5 1 
24978|Child_Cross12|21: 1778 501 188 61 35 12 5 1 
24979|Child_CrossABC1|1: 1779 501 188 61 35 12 5 1 
24984|Child_LevyP2|4: 1826 487 191 81 36 13 4 1 
24990|Child_Cross12|21: 1777 501 188 61 35 12 5 1 
24993|Child_LevyABC2|6: 1796 499 198 83 36 13 4 1 
24997|Child_Cross21|22: 1772 501 188 61 35 12 5 1 
25000|Child_Cross12|57: 1774 501 188 61 35 12 5 1 
25009|Child_Cross21|18: 1800 501 188 61 35 12 5 1 
25019|Child_Avg|59: 1776 501 188 61 35 12 5 1 
25025|Child_CrossABC1|7: 1782 501 188 61 35 12 5 1 
25043|Child_Avg|47: 1786 501 188 61 35 12 5 1 
25080|Child_Cross12|13: 1773 501 188 61 35 12 5 1 
25098|Child_Cross12|37: 1791 500 188 61 35 12 5 1 
25104|Child_Avg|51: 1790 500 188 61 35 12 5 1 
25115|Child_Cross21|38: 1789 500 188 61 35 12 5 1 
25117|Child_Avg|7: 1795 500 188 61 35 12 5 1 
25119|Child_Avg|27: 1793 500 188 61 35 12 5 1 
25127|Child_Avg|15: 1732 500 188 61 35 12 5 1 
25128|Child_Cross21|18: 1727 500 188 61 35 12 5 1 
25131|Child_CrossABC1|1: 1729 500 188 61 35 12 5 1 
25132|Child_Avg|47: 1731 500 188 61 35 12 5 1 
25134|Child_Cross12|29: 1788 500 188 61 35 12 5 1 
25137|Child_Cross12|1: 1776 500 188 61 35 12 5 1 
25147|Child_Cross12|49: 1773 500 188 61 35 12 5 1 
25152|Child_Cross21|18: 1786 500 188 61 35 12 5 1 
25156|Child_Avg|47: 1787 500 188 61 35 12 5 1 
25158|Child_Avg|19: 1768 500 188 61 35 12 5 1 
25164|Child_Cross21|50: 1853 500 188 61 35 12 5 1 
25174|Child_Cross12|49: 1794 500 188 61 35 12 5 1 
25183|Child_Cross12|45: 1775 500 188 61 35 12 5 1 
25184|Child_Cross12|5: 1724 500 188 61 35 12 5 1 
25194|Child_Cross21|10: 1774 500 188 61 35 12 5 1 
25195|Child_CrossABC1|7|Mutated: 1793 500 188 74 35 12 5 1 
25199|Child_CrossABC1|7: 1786 500 188 73 35 12 5 1 
25208|Child_Cross12|57: 1792 500 188 61 35 12 5 1 
25213|Child_Avg|39: 1781 500 188 61 35 12 5 1 
25240|Child_Avg|7|Mutated: 1723 521 209 77 31 14 4 1 
25260|Survivor|1|Mutated: 1723 498 209 77 31 14 4 1 
25288|Child_Levy|40: 1640 478 197 72 32 13 4 1 
25295|Child_CrossABC2|8: 1630 482 200 78 33 14 4 1 
25312|Survivor|1: 1591 408 192 67 30 11 5 1 
25325|Child_Avg|43: 1620 438 183 62 30 11 5 1 
25330|Child_Levy|52: 1557 433 179 60 28 11 4 1 
25340|Child_Levy|60: 1547 414 177 66 28 12 5 1 
25354|Child_CrossABC2|8: 1550 438 176 55 27 10 4 1 
25405|Child_Avg|11|Mutated: 1527 463 182 73 32 10 3 1 
25406|Child_Levy|4: 1966 570 209 91 33 9 4 1 
25422|Survivor|1: 1438 420 176 57 29 9 4 1 
25426|Child_Avg|43: 2342 640 232 94 45 13 4 1 
25428|Child_CrossABC1|7: 2387 746 228 95 37 13 4 1 
25430|Child_Cross21|14: 2092 479 174 69 32 13 4 1 
25431|Child_Cross21|18: 2200 746 228 77 35 12 5 1 
25434|Child_Levy|12: 1912 584 172 73 35 11 5 1 
25441|Child_Avg|35: 1810 480 177 65 35 11 5 1 
25446|Child_Avg|39: 1801 502 181 65 33 10 4 1 
25451|Survivor|1: 1886 500 179 63 35 11 4 1 
25454|Child_Cross12|45: 1895 536 173 63 35 11 4 1 
25459|Survivor|1: 1742 505 185 62 35 11 4 1 
25463|Child_Avg|39: 1746 505 185 62 35 11 4 1 
25465|Child_Cross21|54: 1802 515 185 62 35 11 4 1 
25468|Child_Avg|3: 1683 455 184 84 35 12 5 1 
25485|Child_CrossABC2|8: 1697 466 187 63 35 12 5 1 
25488|Child_Avg|3|Mutated: 1565 483 185 61 29 10 4 1 
25490|Survivor|1|Mutated: 1709 483 185 61 29 10 4 1 
25498|Child_Cross12|25: 1753 480 171 59 30 9 4 1 
25499|Child_Avg|31: 1712 495 176 61 29 10 4 1 
25502|Survivor|1: 1753 480 171 59 27 10 4 1 
25504|Child_Levy|56: 2220 571 194 99 35 11 5 1 
25509|Child_Avg|39: 1717 532 203 64 29 10 4 1 
25511|Child_Cross21|26: 1699 478 182 55 29 10 4 1 
25528|Child_Avg|31: 1732 478 182 55 29 10 4 1 
25531|Child_CrossABC1|1: 1551 478 182 55 29 10 4 1 
25533|Survivor|1: 1665 478 182 55 29 10 4 1 
25546|Child_Avg|47: 2239 776 219 79 32 11 4 1 
25568|Child_Avg|19: 2045 637 224 108 33 13 4 1 
25570|Child_Levy|28: 1707 561 204 80 35 11 5 1 
25573|Child_Levy|24: 1666 518 195 99 30 11 5 1 
25574|Child_Cross12|17: 1707 561 204 80 30 11 5 1 
25584|Child_Levy|32: 1586 523 192 75 29 10 4 1 
25585|Child_Avg|59: 1522 490 181 72 29 10 4 1 
25586|Child_Avg|3: 1406 487 192 67 30 11 5 1 
25596|Survivor|1|Mutated: 1674 487 192 67 30 11 5 1 
25597|Child_Cross21|26: 1381 473 181 62 30 11 5 1 
25599|Child_CrossABC2|2: 1415 465 179 61 29 10 4 1 
25602|Child_Levy|12: 1341 485 178 62 30 11 5 1 
25603|Child_Avg|3: 1673 470 182 61 29 10 4 1 
25606|Child_CrossABC1|1: 1451 473 182 61 29 10 4 1 
25607|Child_Avg|39|Mutated: 1470 466 182 61 29 10 4 1 
25609|Child_Levy|24: 2206 661 237 104 33 13 4 1 
25613|Child_Avg|19: 1546 474 203 72 32 11 4 1 
25614|Child_Cross12|45: 1489 469 181 61 29 10 4 1 
25618|Child_Avg|19: 1555 474 184 61 29 10 4 1 
25642|Survivor|1: 1489 530 181 61 32 11 4 1 
25670|Child_Avg|43: 1906 611 267 80 37 13 4 1 
25673|Child_Avg|23: 1819 594 275 73 32 13 4 1 
25675|Child_Levy|48: 1346 479 177 76 35 11 5 1 
25685|Child_Cross12|57: 2245 710 204 75 35 11 4 1 
25686|Child_Avg|31: 1619 490 182 67 33 10 4 1 
25688|Child_Levy|32: 1912 585 194 84 35 11 5 1 
25692|Child_Cross21|38: 1674 498 182 71 35 11 5 1 
25699|Child_Avg|31: 2106 580 195 70 33 9 4 1 
25707|Child_CrossABC1|1|Mutated: 1621 494 183 70 33 9 4 1 
25715|Child_CrossABC2|8: 1713 497 191 64 35 11 4 1 
25718|Child_Levy|36: 1712 502 181 64 33 9 4 1 
25732|Child_Levy|48: 1735 504 174 59 33 9 4 1 
25745|Child_Cross12|1: 1736 533 181 59 29 9 4 1 
25768|Child_Cross12|41: 1491 392 159 72 32 13 4 1 
25770|Child_Cross21|58: 1907 583 201 77 35 13 5 1 
25776|Child_Avg|19: 1560 473 197 77 31 11 4 1 
25780|Child_Cross12|29|Mutated: 1834 471 186 71 37 14 4 1 
25783|Child_Cross21|54: 1815 552 202 67 35 12 5 1 
25795|Child_LevyABC1|5: 1768 529 201 70 32 11 4 1 
25796|Child_Cross21|26: 1700 537 195 66 35 12 5 1 
25797|Child_Cross12|49: 1801 541 196 66 36 13 4 1 
25798|Child_Avg|51: 1763 540 207 65 35 11 4 1 
25799|Child_Cross12|41: 1763 540 207 65 35 11 5 1 
25803|Child_CrossABC2|8: 1755 543 212 65 35 11 5 1 
25810|Child_CrossABC2|2: 1764 541 210 68 35 12 5 1 
25812|Child_Avg|43: 1768 539 200 64 35 11 4 1 
25820|Child_Cross12|53: 1815 537 198 61 35 12 5 1 
25822|Child_CrossABC2|8: 1768 552 198 61 35 12 5 1 
25825|Child_CrossABC1|7: 1826 534 198 61 35 12 5 1 
25827|Child_CrossABC1|7: 1795 537 198 61 35 12 5 1 
25828|Child_CrossABC2|2: 1806 537 198 61 35 12 5 1 
25832|Child_Avg|55: 1807 537 198 61 35 12 5 1 
25834|Child_Levy|24: 1850 537 200 81 35 13 5 1 
25839|Child_Avg|35: 1820 537 198 63 35 12 5 1 
25840|Child_CrossABC1|7: 1866 537 201 79 35 12 5 1 
25865|Child_CrossABC1|7: 1852 537 198 77 35 12 5 1 
25866|Child_CrossABC1|1: 1856 531 217 86 35 11 5 1 
25872|Child_CrossABC1|1: 1828 528 234 99 35 11 5 1 
25876|Child_Avg|43: 1758 525 212 80 35 11 5 1 
25882|Child_CrossABC1|1: 1780 522 206 73 35 11 5 1 
25891|Child_CrossABC1|7: 1781 523 207 73 35 11 5 1 
25892|Survivor|1|Mutated: 1781 523 226 73 35 11 5 1 
25898|Child_Cross21|10: 1884 541 197 72 29 10 4 1 
25899|Child_Avg|3: 1804 521 206 75 35 11 5 1 
25907|Survivor|1|Mutated: 1490 598 206 75 35 11 4 1 
25913|Child_Cross21|38: 1550 508 195 69 31 10 4 1 
25914|Child_Levy|44: 1801 540 211 67 33 9 4 1 
25917|Child_CrossABC2|2: 1676 529 186 67 33 9 4 1 
25918|Child_Cross12|5: 1749 515 197 67 33 9 4 1 
25928|Child_Cross21|38|Mutated: 1751 546 197 67 33 9 4 1 
25936|Child_Levy|8: 1808 502 196 63 29 10 4 1 
25962|Child_Cross21|10: 1715 503 197 61 29 10 4 1 
25963|Child_CrossABC1|7: 1683 502 196 63 29 10 4 1 
25986|Child_Avg|3|Mutated: 1662 491 199 82 37 14 4 1 
25990|Child_Cross21|26: 1554 485 192 77 37 14 4 1 
25992|Child_Levy|36|Mutated: 1739 521 193 79 30 13 5 1 
25997|Child_Cross21|54: 1496 487 178 63 31 14 4 1 
26001|Child_Levy|60|Mutated: 1712 480 182 73 32 13 5 1 
26002|Child_CrossABC2|2: 1511 482 178 69 33 14 4 1 
26032|Survivor|1: 1634 493 181 58 30 9 4 1 
26042|Child_Levy|40: 1553 495 167 58 30 12 5 1 
26063|Child_CrossABC1|7: 1628 476 187 55 27 10 4 1 
26074|Child_Levy|12: 1667 452 180 62 29 10 4 1 
26080|Child_Avg|31: 1792 471 185 62 29 9 4 1 
26081|Child_LevyABC2|12: 1671 468 209 80 28 11 4 1 
26088|Child_Cross21|6: 1693 519 214 71 28 11 4 1 
26089|Child_CrossABC2|2: 1679 501 214 81 28 11 4 1 
26095|Child_Avg|11: 1526 486 224 69 27 10 4 1 
26096|Child_Cross12|29: 1556 481 213 69 28 11 4 1 
26100|Child_Cross21|14: 1563 483 182 65 28 11 4 1 
26102|Child_Cross12|9: 1473 434 185 66 28 11 4 1 
26103|Child_Cross12|1: 1496 463 187 65 28 11 4 1 
26104|Child_Cross12|41: 1479 438 183 65 28 11 4 1 
26105|Child_Avg|43: 1500 442 190 65 28 11 4 1 
26110|Child_Avg|15: 1493 442 184 62 27 10 4 1 
26111|Child_Avg|51: 1494 449 185 63 28 10 3 1 
26114|Child_Cross21|50: 1505 448 184 61 29 9 4 1 
26115|Child_CrossABC2|8: 1699 430 200 61 28 12 5 1 
26116|Child_CrossABC1|1: 1413 442 181 63 29 10 4 1 
26117|Child_Avg|19: 1462 445 185 62 27 10 4 1 
26128|Child_Cross12|13: 1459 442 183 59 29 9 4 1 
26130|Child_Cross12|57: 1455 443 184 59 31 10 4 1 
26140|Survivor|1: 1509 433 181 58 28 11 4 1 
26146|Child_CrossABC2|2: 1471 439 182 59 30 9 4 1 
26160|Child_CrossABC2|8: 2330 735 259 91 40 12 5 1 
26161|Child_LevyP1|9|Mutated: 2306 703 249 90 40 12 5 1 
26162|Child_Avg|31: 2318 719 254 90 40 13 5 1 
26167|Child_Avg|15: 1956 582 205 85 36 11 4 1 
26171|Child_Cross12|49: 1802 546 198 71 36 11 4 1 
26174|Child_Cross21|42: 1783 548 191 73 36 11 4 1 
26177|Child_Levy|52: 1773 550 192 65 35 12 5 1 
26179|Child_Levy|44: 1691 499 211 68 32 11 4 1 
26180|Child_CrossABC2|8: 1770 552 193 65 35 11 5 1 
26181|Child_Cross21|34: 1783 537 197 65 35 11 5 1 
26182|Child_CrossABC1|7: 1796 544 199 65 35 11 5 1 
26185|Child_Cross21|54: 1718 508 185 64 35 11 5 1 
26189|Child_Cross12|9: 1698 516 201 62 35 11 5 1 
26198|Child_Avg|39: 1686 512 201 62 35 11 5 1 
26199|Child_CrossABC2|8: 1698 507 203 62 35 11 5 1 
26205|Child_Avg|3: 1714 518 202 69 35 11 4 1 
26213|Survivor|1|Mutated: 1714 518 212 69 35 11 4 1 
26218|Child_Avg|23|Mutated: 1754 501 178 75 29 10 4 1 
26221|Child_Levy|52: 1728 520 182 76 31 11 4 1 
26224|Child_Avg|47: 1656 522 173 71 29 10 4 1 
26225|Child_Avg|31: 1629 534 179 80 28 11 4 1 
26230|Child_Cross12|9: 1669 510 187 65 28 11 4 1 
26245|Child_Avg|19: 1677 500 188 65 28 11 4 1 
26248|Child_CrossABC1|1: 1716 485 177 71 28 11 4 1 
26253|Child_Avg|3: 1675 500 180 62 27 10 4 1 
26275|Child_Levy|4|Mutated: 1849 529 183 55 24 9 4 1 
26331|Child_CrossABC1|1: 1732 531 158 66 28 13 4 1 
26333|Survivor|1: 1388 560 194 79 41 13 4 1 
26335|Survivor|1: 1679 519 158 67 30 9 4 1 
26336|Child_Levy|4: 2092 519 199 73 36 13 4 1 
26341|Child_LevyABC1|11: 1529 522 244 72 30 11 5 1 
26343|Survivor|1: 1575 508 177 67 31 10 4 1 
26346|Child_Avg|7: 1494 474 171 65 27 10 4 1 
26349|Child_Avg|39: 1480 486 165 64 29 10 4 1 
26353|Child_Cross12|45: 1495 464 156 63 27 10 4 1 
26354|Child_Levy|40|Mutated: 1472 423 199 66 28 12 5 1 
26356|Survivor|1: 1581 528 201 79 31 10 3 1 
26358|Child_Avg|47: 1541 490 163 63 29 10 4 1 
26361|Child_Cross12|57: 1657 524 182 59 30 11 5 1 
26367|Survivor|1: 1674 520 178 59 28 13 4 1 
26370|Survivor|1: 1496 549 169 65 28 11 4 1 
26373|Child_Levy|44: 1567 524 162 63 29 10 4 1 
26395|Child_LevyP1|3: 1624 522 206 75 29 9 4 1 
26396|Child_Avg|19: 1705 523 188 62 28 9 4 1 
26397|Child_Cross12|1: 1941 585 222 73 29 9 4 1 
26402|Child_Cross21|38: 1828 560 227 73 29 9 4 1 
26420|Survivor|1: 1561 467 182 59 29 9 4 1 
26424|Child_CrossABC2|8: 1763 523 181 59 29 9 4 1 
26429|Child_Cross12|1: 1669 496 182 59 29 9 4 1 
26430|Child_CrossABC2|8: 1727 469 181 59 29 9 4 1 
26433|Child_Cross21|14: 1692 495 182 59 29 9 4 1 
26437|Child_Avg|23: 1725 497 181 59 29 9 4 1 
26441|Child_Cross12|45: 1726 503 182 59 29 9 4 1 
26446|Child_Cross21|58: 1704 497 181 59 29 9 4 1 
26449|Child_Cross12|57: 1738 497 181 59 29 9 4 1 
26451|Child_Cross12|45: 1721 497 181 59 29 9 4 1 
26453|Child_Avg|3: 1723 498 181 59 29 9 4 1 
26458|Child_Avg|31: 1756 497 181 61 29 9 4 1 
26463|Child_Avg|7: 1699 497 181 59 29 9 4 1 
26464|Child_Avg|43: 1741 496 181 61 29 9 4 1 
26465|Child_CrossABC2|2: 1721 497 181 61 29 9 4 1 
26467|Child_Avg|59: 1725 497 181 61 29 9 4 1 
26469|Child_CrossABC2|2: 1723 497 181 61 29 9 4 1 
26471|Child_CrossABC1|1: 1726 497 181 61 29 9 4 1 
26480|Child_Cross12|49: 1716 497 181 59 29 9 4 1 
26482|Child_Cross21|10: 1718 496 182 59 29 9 4 1 
26483|Child_Cross21|30: 1719 496 181 59 29 9 4 1 
26485|Child_Cross12|25: 1723 496 181 59 30 11 5 1 
26486|Child_Cross12|29: 1716 497 181 59 30 11 5 1 
26487|Child_Cross12|17: 1719 495 181 59 29 9 4 1 
26490|Child_Cross21|46: 1720 497 181 59 30 11 5 1 
26495|Child_Cross12|33: 1718 496 182 59 30 11 5 1 
26498|Child_Cross21|42: 1721 497 181 59 30 11 5 1 
26499|Child_CrossABC2|2: 1724 497 181 59 30 11 5 1 
26505|Child_CrossABC1|7: 1818 497 181 59 30 11 5 1 
26508|Child_Cross21|42: 1742 497 181 59 30 11 5 1 
26510|Child_Cross21|22: 1737 497 181 59 30 11 5 1 
26511|Child_Cross12|29: 1780 497 181 59 30 11 5 1 
26515|Child_Cross12|21: 1728 497 181 59 30 11 5 1 
26517|Child_Cross21|42: 1771 497 181 59 30 11 5 1 
26518|Child_Cross12|37: 1725 497 181 59 30 11 5 1 
26522|Child_Cross12|25: 1800 497 181 59 30 11 5 1 
26525|Child_Cross21|42: 1775 497 181 59 30 11 5 1 
26526|Child_Cross21|2: 1758 497 181 59 30 11 5 1 
26531|Child_Cross21|58: 1738 497 181 59 30 11 5 1 
26532|Child_Avg|11: 1770 497 181 59 30 11 5 1 
26539|Child_Avg|35|Mutated: 1763 497 181 62 30 11 5 1 
26541|Child_Cross12|13|Mutated: 1753 497 181 69 30 11 5 1 
26548|Child_CrossABC2|8: 1758 497 181 78 30 11 5 1 
26567|Child_Cross21|22: 1741 497 181 59 30 11 5 1 
26568|Child_Avg|51: 1746 497 181 59 30 11 5 1 
26570|Child_Cross21|42: 1754 497 181 59 30 11 5 1 
26577|Child_Cross21|26: 1745 497 181 59 30 11 5 1 
26581|Child_Avg|55: 1700 497 181 59 30 11 5 1 
26582|Child_Avg|3|Mutated: 1721 497 181 70 30 11 5 1 
26583|Child_CrossABC2|2: 1713 497 181 80 30 11 5 1 
26585|Child_CrossABC1|7: 1742 497 181 67 30 11 5 1 
26586|Child_Avg|51: 1717 497 181 69 30 11 5 1 
26588|Child_CrossABC1|1: 1698 497 181 78 30 11 5 1 
26604|Survivor|1: 2543 688 213 77 37 14 4 1 
26606|Child_Cross12|13: 2149 583 192 73 35 11 5 1 
26608|Child_Avg|47: 1705 724 230 85 32 13 4 1 
26621|Child_Avg|27: 1806 570 211 75 32 13 4 1 
26653|Child_Cross12|13: 1848 592 221 83 29 14 4 1 
26656|Child_Levy|52: 1850 561 193 65 30 12 5 1 
26659|Child_Avg|35: 1604 494 175 66 32 13 4 1 
26660|Child_Cross21|34: 1850 561 193 65 29 10 4 1 
26662|Child_LevyABC2|12|Mutated: 1862 533 191 63 29 14 4 1 
26669|Child_Avg|15: 1794 530 192 59 32 13 4 1 
26672|Child_Avg|35: 1526 487 167 71 29 11 5 1 
26673|Child_CrossABC1|7: 1770 548 192 59 32 13 4 1 
26675|Child_Cross21|50: 1795 521 179 60 28 11 4 1 
26682|Child_CrossABC2|8: 1757 570 187 62 28 13 4 1 
26684|Child_Avg|23: 1810 529 179 64 29 10 4 1 
26689|Child_CrossABC1|7: 1781 566 192 62 27 10 4 1 
26692|Child_CrossABC2|2: 1703 505 179 56 27 10 4 1 
26696|Child_CrossABC1|7: 1813 516 179 56 27 10 4 1 
26701|Child_Cross12|17: 1733 509 177 55 27 10 4 1 
26704|Child_Cross12|49: 1590 492 186 55 27 10 4 1 
26705|Child_CrossABC2|8: 1643 467 169 55 27 10 4 1 
26709|Survivor|1: 1721 475 171 56 27 10 4 1 
26717|Child_Cross21|50: 1705 496 176 55 27 10 4 1 
26719|Child_Cross12|41: 1716 497 177 55 27 10 4 1 
26720|Child_Cross12|25: 1721 497 177 55 27 10 4 1 
26723|Child_CrossABC2|8: 1708 497 177 55 27 10 4 1 
26724|Child_Avg|7: 1718 497 177 55 27 10 4 1 
26726|Child_Cross21|22: 1720 494 175 55 27 10 4 1 
26730|Child_Cross12|33: 1709 493 176 55 27 10 4 1 
26737|Child_CrossABC2|2: 1719 497 177 55 27 10 4 1 
26739|Child_Avg|43: 1715 497 177 55 27 10 4 1 
26747|Child_Cross21|14: 1716 497 176 55 27 10 4 1 
26754|Child_Cross21|46: 1716 497 188 55 27 10 4 1 
26757|Child_Cross12|13: 1716 499 177 55 27 10 4 1 
26758|Child_Cross21|34: 1782 497 176 55 27 10 4 1 
26759|Child_Cross21|14: 1732 497 176 55 27 10 4 1 
26760|Child_Cross12|57: 1765 497 176 55 27 10 4 1 
26765|Child_Avg|3: 1771 497 176 55 27 10 4 1 
26769|Child_Cross21|58: 1728 497 176 55 27 10 4 1 
26772|Child_Cross12|57: 1747 497 176 55 27 10 4 1 
26774|Child_Avg|11: 1725 497 176 55 27 10 4 1 
26787|Child_Cross21|50: 1756 497 176 55 27 10 4 1 
26788|Child_Avg|35: 1727 497 188 55 27 10 4 1 
26793|Child_Cross21|58: 1738 497 188 55 27 10 4 1 
26796|Child_Cross21|26: 1741 497 176 55 27 10 4 1 
26798|Child_CrossABC1|1: 1717 497 188 55 27 10 4 1 
26803|Child_Cross12|9: 1738 497 176 55 27 10 4 1 
26807|Child_Avg|35|Mutated: 1727 498 182 63 27 10 4 1 
26811|Child_Cross21|46: 1760 497 188 55 27 10 4 1 
26812|Child_Cross21|2: 1793 497 188 55 27 10 4 1 
26813|Child_Cross12|1: 1771 497 188 55 27 10 4 1 
26816|Child_Cross21|10: 1782 497 188 55 27 10 4 1 
26818|Child_Cross12|49: 1775 497 188 55 27 10 4 1 
26821|Child_Cross21|42: 1772 497 188 55 27 10 4 1 
26826|Child_CrossABC2|2: 1741 497 188 55 27 10 4 1 
26835|Child_Cross12|53: 1752 497 188 55 27 10 4 1 
26839|Child_Cross21|26: 1729 497 188 55 27 10 4 1 
26841|Child_Cross21|14: 1763 497 188 55 27 10 4 1 
26842|Child_CrossABC2|8: 1705 497 188 55 27 10 4 1 
26852|Child_Cross21|34: 1807 497 188 55 27 10 4 1 
26860|Child_Cross21|22: 1749 497 188 55 27 10 4 1 
26877|Child_Cross12|1: 1794 497 188 55 27 10 4 1 
26891|Child_Cross12|53: 1783 497 188 55 27 10 4 1 
26892|Child_CrossABC1|7: 1770 497 188 55 27 10 4 1 
26900|Child_CrossABC1|1: 1785 497 188 55 27 10 4 1 
26903|Child_Avg|39: 1796 497 188 55 27 10 4 1 
26904|Child_Avg|47: 1774 497 188 55 27 10 4 1 
26910|Child_Cross21|42: 1784 497 188 55 27 10 4 1 
26919|Child_Cross12|17: 1786 497 188 55 27 10 4 1 
26937|Child_LevyP1|9: 3093 676 307 105 40 14 5 1 
26940|Child_CrossABC1|1: 3066 622 249 90 40 12 5 1 
26943|Child_Avg|7: 2168 615 215 85 41 13 4 1 
26956|Child_Avg|19: 2074 540 205 77 37 12 5 1 
26959|Child_Cross21|6: 2198 591 214 74 36 13 6 1 
26963|Child_Avg|31: 2105 624 224 75 35 11 4 1 
26971|Child_CrossABC1|1: 2262 623 219 76 35 11 4 1 
26981|Child_Avg|15: 2372 557 213 80 35 11 5 1 
26991|Child_Avg|31|Mutated: 1786 539 212 78 35 12 5 1 
27005|Child_Avg|31: 1754 482 196 67 32 11 4 1 
27011|Child_Cross21|2: 1688 469 183 60 32 13 4 1 
27015|Child_Avg|15: 1636 478 185 61 29 10 4 1 
27016|Child_LevyABC1|11: 1775 518 191 64 30 12 5 1 
27032|Survivor|1: 2077 510 199 68 28 13 4 1 
27041|Survivor|1: 1606 499 187 60 28 11 4 1 
27042|Child_Avg|23: 1705 518 186 61 28 12 5 1 
27044|Child_Levy|24: 1896 583 199 68 32 11 4 1 
27045|Child_LevyP2|4: 1811 595 202 70 32 11 4 1 
27052|Survivor|1|Mutated: 1748 631 202 70 32 11 4 1 
27063|Survivor|1: 1759 627 194 63 31 11 4 1 
27065|Survivor|1|Mutated: 1759 534 194 63 31 11 4 1 
27077|Survivor|1: 1745 497 189 59 31 10 4 1 
27085|Survivor|1: 1756 492 180 55 27 10 4 1 
27099|Survivor|1: 1760 528 186 55 29 10 4 1 
27105|Child_Levy|56: 2071 581 195 88 32 13 4 1 
27118|Child_Levy|44: 2088 653 212 91 28 11 4 1 
27120|Child_Avg|3: 1452 437 177 63 27 10 4 1 
27123|Child_Levy|40: 1547 452 172 67 28 12 5 1 
27141|Child_LevyP2|10: 1799 497 208 70 30 11 5 1 
27144|Child_Levy|12: 1865 581 176 85 28 13 4 1 
27148|Child_Cross21|14: 1841 617 223 73 37 14 4 1 
27149|Child_Avg|19: 1847 527 190 70 36 13 4 1 
27154|Child_Cross21|14: 1766 543 194 72 32 13 4 1 
27158|Child_Avg|3: 1706 498 177 67 32 13 4 1 
27160|Child_Levy|4: 1651 499 177 67 30 11 5 1 
27163|Child_Avg|51: 1692 499 177 67 30 11 5 1 
27165|Child_CrossABC1|1: 1657 499 177 67 30 11 5 1 
27166|Child_CrossABC2|8: 1678 499 177 67 30 11 5 1 
27168|Child_Avg|11: 1718 499 177 67 30 11 5 1 
27169|Child_Avg|39: 1673 499 177 67 30 11 5 1 
27171|Child_Cross21|18: 1732 499 177 67 30 11 5 1 
27173|Child_Avg|47: 1689 499 177 67 30 11 5 1 
27174|Child_Cross21|42: 1707 499 177 67 30 11 5 1 
27179|Child_Cross12|57: 1708 499 177 67 30 11 5 1 
27182|Child_Cross21|10: 1715 499 177 67 30 11 5 1 
27188|Child_Cross21|38: 1721 499 177 67 30 11 5 1 
27190|Child_Cross12|9: 1716 499 177 67 30 11 5 1 
27192|Child_Cross21|10: 1726 499 177 67 30 11 5 1 
27193|Child_Cross21|30: 1724 499 177 67 30 11 5 1 
27196|Child_Cross12|9: 1727 499 177 67 30 11 5 1 
27213|Child_Cross12|17: 1722 490 177 67 30 11 5 1 
27215|Child_Cross12|29: 1723 510 177 67 30 11 5 1 
27217|Child_Cross12|17: 1722 496 177 67 30 11 5 1 
27218|Child_Cross21|34: 1726 503 177 67 30 11 5 1 
27242|Child_Cross21|14: 1724 497 177 67 30 11 5 1 
27245|Child_Cross21|46: 1855 499 177 67 30 11 5 1 
27248|Child_Avg|59: 1723 496 177 67 30 11 5 1 
27249|Child_Cross12|45: 1725 492 177 67 30 11 5 1 
27261|Child_Cross21|34: 1722 503 177 67 30 11 5 1 
27282|Child_Avg|15: 1734 496 177 67 30 11 5 1 
27283|Child_Cross21|18: 1766 496 177 67 30 11 5 1 
27284|Child_CrossABC1|1: 1763 496 177 67 30 11 5 1 
27285|Child_Cross21|10: 1765 496 177 67 30 11 5 1 
27288|Child_Avg|39: 1757 496 177 67 30 11 5 1 
27291|Child_Cross21|6: 1749 496 177 67 30 11 5 1 
27294|Child_Cross12|37: 1737 497 177 67 30 11 5 1 
27301|Child_Cross12|57: 1741 496 177 67 30 11 5 1 
27308|Child_Cross12|29: 1733 497 177 67 30 11 5 1 
27310|Child_Avg|51|Mutated: 1838 496 177 80 30 11 5 1 
27316|Child_Cross21|42: 1747 496 177 67 30 11 5 1 
27319|Child_Cross12|45: 1774 496 177 67 30 11 5 1 
27336|Child_Cross12|53: 1798 496 177 67 30 11 5 1 
27343|Child_Avg|11: 1781 496 177 67 30 11 5 1 
27350|Child_Cross21|26: 1758 496 177 67 30 11 5 1 
27354|Child_Cross12|25: 1790 496 177 67 30 11 5 1 
27355|Child_LevyP1|3: 1793 519 175 71 29 10 4 1 
27357|Child_Cross21|22: 1773 496 177 67 30 11 5 1 
27361|Child_Avg|27: 1785 496 177 67 30 11 5 1 
27365|Child_Cross12|21: 1809 496 177 67 30 11 5 1 
27379|Child_Cross12|29: 1766 496 199 67 30 11 5 1 
27395|Child_Levy|60: 1776 491 172 65 29 10 4 1 
27399|Child_Cross21|46: 1869 569 175 61 29 10 4 1 
27459|Child_Avg|23|Mutated: 1939 598 204 79 35 12 5 1 
27474|Survivor|1: 1810 476 165 58 31 10 4 1 
27475|Child_Levy|56: 1802 493 173 72 27 10 4 1 
27478|Child_CrossABC1|1: 1849 486 174 62 27 10 4 1 
27479|Child_Cross12|1: 1704 461 165 62 27 10 4 1 
27485|Survivor|1: 1679 459 156 61 29 10 4 1 
27489|Survivor|1: 1653 469 158 61 29 10 4 1 
27516|Survivor|1: 1789 511 184 59 30 9 4 1 
27517|Child_Levy|60|Mutated: 2820 788 271 88 42 12 5 1 
27518|Child_Avg|35: 1987 572 199 73 35 11 4 1 
27526|Child_Cross12|25: 1987 572 199 73 35 11 5 1 
27557|Child_Avg|31: 1800 480 197 67 35 11 4 1 
27560|Child_Cross12|5: 1807 567 188 65 35 11 4 1 
27564|Child_LevyP2|4: 1697 491 180 67 34 9 4 1 
27573|Child_Levy|24|Mutated: 1683 487 181 62 27 10 4 1 
27585|Child_CrossABC1|1: 1709 503 182 63 29 10 4 1 
27592|Child_Avg|59: 1710 474 181 59 27 10 4 1 
27593|Child_Cross21|58: 1729 475 179 56 27 10 4 1 
27594|Child_Avg|47: 1713 475 184 59 30 9 4 1 
27597|Survivor|1: 1793 477 180 55 29 10 4 1 
27599|Child_Cross21|14: 1793 477 180 55 27 10 4 1 
27601|Child_CrossABC2|8: 1782 466 180 55 27 10 4 1 
27608|Child_CrossABC1|1: 1787 476 180 55 27 10 4 1 
27612|Child_Avg|15: 1781 476 180 55 27 10 4 1 
27614|Child_Cross12|33: 1790 478 180 55 27 10 4 1 
27615|Child_Cross12|49: 1796 477 180 55 27 10 4 1 
27616|Child_Avg|23: 1777 476 180 55 27 10 4 1 
27617|Child_Avg|51: 1794 477 180 55 27 10 4 1 
27622|Child_CrossABC2|2: 1780 477 180 55 27 10 4 1 
27623|Child_CrossABC1|1: 1781 478 180 55 27 10 4 1 
27638|Child_Cross21|10|Mutated: 1510 473 174 62 27 10 4 1 
27652|Child_Cross12|25: 1800 476 178 53 27 10 4 1 
27659|Child_Cross21|6|Mutated: 1775 473 177 63 27 10 4 1 
27660|Child_CrossABC1|7: 1800 473 177 62 27 10 4 1 
27661|Child_CrossABC2|8: 1752 473 177 62 27 10 4 1 
27702|Child_Avg|3|Mutated: 1744 458 177 56 27 10 4 1 
27746|Child_Avg|11: 1562 547 229 80 27 10 4 1 
27749|Survivor|1: 2048 652 211 82 32 13 4 1 
27750|Child_Avg|11: 1809 619 194 75 32 13 4 1 
27751|Child_CrossABC1|7: 1902 635 196 86 32 13 4 1 
27755|Child_Avg|39: 1703 530 182 71 30 13 5 1 
27764|Child_Avg|59: 1730 552 180 77 35 12 5 1 
27784|Child_Cross21|50: 1743 506 179 66 28 13 4 1 
27805|Child_Avg|47: 1629 527 194 65 31 10 4 1 
27814|Child_Avg|3: 1578 496 189 67 31 10 4 1 
27815|Child_Avg|23: 1654 503 176 71 29 10 4 1 
27816|Child_Cross21|42|Mutated: 1827 524 174 67 30 11 5 1 
27829|Survivor|1|Mutated: 1827 524 174 67 30 12 5 1 
27832|Child_Cross21|30: 1758 510 177 61 30 11 5 1 
27836|Child_Levy|16: 3140 781 246 87 35 12 5 1 
27843|Child_Levy|60: 2090 546 201 66 29 9 4 1 
27844|Child_Avg|47: 2325 556 217 70 30 9 4 1 
27845|Child_Cross12|29: 2065 543 200 66 27 10 4 1 
27848|Child_Cross12|41: 1837 537 188 61 29 9 4 1 
27852|Child_CrossABC1|1: 1939 696 258 107 40 15 4 1 
27855|Child_Avg|11: 1940 680 267 110 40 13 5 1 
27860|Child_Cross21|38: 1675 554 218 85 40 13 5 1 
27862|Child_CrossABC2|2: 1671 621 242 86 40 13 4 1 
27863|Survivor|1|Mutated: 1671 621 274 86 40 13 4 1 
27866|Child_Cross12|53: 1503 550 214 83 40 13 4 1 
27867|Child_CrossABC1|7: 1764 657 262 88 40 13 4 1 
27868|Child_Levy|32: 1778 543 186 71 37 14 4 1 
27870|Child_Cross21|34: 1400 528 211 80 37 13 4 1 
27873|Child_Cross12|25: 1589 563 214 74 36 13 4 1 
27876|Child_Cross21|50: 1469 546 205 71 36 13 4 1 
27877|Child_CrossABC1|1: 1469 556 205 71 36 13 4 1 
27878|Child_LevyP1|3: 1448 550 199 73 36 13 4 1 
27882|Child_Cross12|13: 1624 528 206 67 35 11 4 1 
27884|Survivor|1: 2731 986 283 108 46 13 4 1 
27885|Child_Avg|15: 2093 557 209 67 37 13 4 1 
27886|Child_Levy|40: 2281 756 236 87 40 12 5 1 
27890|Survivor|1: 1793 561 211 65 35 12 5 1 
27891|Child_CrossABC1|1: 1993 603 232 71 28 12 5 1 
27905|Survivor|1: 1441 445 181 61 32 11 4 1 
27909|Survivor|1: 1431 461 186 58 28 11 4 1 
27912|Child_Cross21|18: 1421 457 184 58 28 11 4 1 
27914|Child_Cross21|46: 1431 457 184 58 28 11 4 1 
27916|Child_Levy|56: 1533 620 212 79 42 11 4 1 
27919|Child_CrossABC1|1: 1531 555 186 100 30 11 5 1 
27940|Child_Cross12|9: 1531 493 186 100 30 11 5 1 
27941|Child_Cross21|58: 1531 555 186 89 30 11 5 1 
27942|Child_Cross12|17: 1512 468 183 80 30 11 5 1 
27945|Child_Cross12|17: 1497 517 189 62 30 11 5 1 
27956|Child_CrossABC1|7: 1526 500 182 71 28 11 4 1 
27965|Child_Avg|51: 1752 501 169 62 29 10 4 1 
27969|Child_CrossABC2|2|Mutated: 1557 459 197 61 29 10 4 1 
27970|Child_Avg|11: 1450 438 169 65 27 10 4 1 
27975|Child_Avg|23: 1441 443 165 63 27 10 4 1 
27993|Child_Cross21|58: 1537 480 166 55 29 9 4 1 
27995|Child_Avg|23: 1896 524 206 77 31 11 4 1 
28003|Child_CrossABC1|7: 1994 552 257 77 31 14 4 1 
28009|Child_Levy|52: 1707 718 218 81 36 13 4 1 
28014|Child_Levy|8: 1724 482 177 78 31 11 4 1 
28017|Child_Avg|35: 1689 498 194 74 31 11 4 1 
28026|Child_Avg|31: 1420 453 177 67 31 11 4 1 
28038|Child_Cross12|21: 1461 455 176 59 27 10 4 1 
28039|Child_Avg|55: 1514 463 179 60 28 11 4 1 
28050|Child_Avg|3: 1529 458 184 64 31 10 4 1 
28052|Child_Avg|43: 1670 482 182 71 28 11 4 1 
28064|Child_Avg|23: 1616 467 171 59 27 10 4 1 
28080|Child_LevyP1|9: 1954 571 227 70 24 9 4 1 
28092|Child_Avg|43: 1564 461 180 59 24 9 4 1 
28101|Child_CrossABC1|7: 1610 461 180 59 24 9 4 1 
28102|Child_CrossABC2|8: 1635 461 180 59 24 9 4 1 
28105|Child_CrossABC1|1: 1634 461 180 59 24 9 4 1 
28106|Child_Avg|59: 1437 458 203 62 29 10 4 1 
28117|Child_Levy|12: 1849 571 214 81 32 13 4 1 
28123|Child_Avg|7: 1410 482 203 69 28 11 4 1 
28125|Child_LevyP1|3: 1492 465 202 69 31 14 5 1 
28130|Child_Levy|16: 1456 430 185 64 28 11 4 1 
28131|Child_Cross12|17|Mutated: 1552 430 185 64 29 10 4 1 
28132|Child_Levy|16: 1564 473 178 65 27 10 4 1 
28134|Child_Avg|19: 1495 467 182 63 29 10 4 1 
28135|Child_Cross21|38: 1543 450 174 62 27 10 4 1 
28156|Survivor|1: 2489 690 263 98 42 11 4 1 
28159|Child_Levy|56|Mutated: 2285 617 231 88 32 13 5 1 
28162|Child_Levy|32: 1695 573 221 78 35 12 5 1 
28163|Child_Cross21|10: 1866 574 211 86 30 11 5 1 
28164|Child_Avg|35: 1782 556 218 81 36 11 5 1 
28166|Child_CrossABC1|7: 1679 525 215 82 28 12 5 1 
28182|Child_Cross21|2: 1712 509 208 71 28 12 5 1 
28183|Child_Avg|27: 1703 513 209 73 28 12 5 1 
28185|Child_Levy|44: 1862 529 197 74 28 12 5 1 
28186|Child_Cross21|6: 1703 519 206 74 28 11 4 1 
28189|Child_Cross21|46: 1641 491 201 72 27 10 4 1 
28190|Child_CrossABC2|2: 1696 559 201 72 27 10 4 1 
28191|Child_Avg|35|Mutated: 1743 448 204 72 27 10 4 1 
28194|Child_Levy|60: 1762 479 202 69 30 11 5 1 
28196|Child_Cross12|5: 1762 554 199 67 30 11 5 1 
28197|Child_Cross12|45: 1769 518 200 69 30 11 5 1 
28202|Child_Cross12|9: 1766 493 203 67 30 11 5 1 
28221|Child_CrossABC2|8: 1761 486 203 67 30 11 5 1 
28226|Child_CrossABC2|2: 1763 493 203 67 30 11 5 1 
28227|Child_CrossABC1|7: 1751 499 203 67 30 11 5 1 
28273|Child_CrossABC2|2: 1708 495 191 61 29 10 4 1 
28274|Child_CrossABC1|1: 1653 484 194 70 29 10 4 1 
28302|Child_Cross12|41: 1915 562 167 73 27 10 4 1 
28306|Child_Cross21|14|Mutated: 1662 649 203 69 27 10 4 1 
28307|Child_Cross12|5: 1709 502 193 69 27 10 4 1 
28315|Survivor|1: 1707 517 158 66 27 10 4 1 
28316|Child_Avg|47: 1723 518 170 66 27 10 4 1 
28319|Child_Avg|7: 1720 519 180 65 27 10 4 1 
28326|Child_Cross12|45: 1709 523 166 63 27 10 4 1 
28327|Child_Cross21|42: 1697 521 167 63 27 10 4 1 
28332|Child_CrossABC1|1: 1696 523 166 63 27 10 4 1 
28336|Child_Cross21|50: 1666 524 165 63 27 10 4 1 
28337|Child_CrossABC1|1: 1756 537 166 63 27 10 4 1 
28338|Child_Cross12|25: 1663 526 165 63 27 10 4 1 
28339|Child_Cross21|2: 1700 514 165 63 27 10 4 1 
28340|Child_Cross12|45: 1681 520 165 63 27 10 4 1 
28342|Child_Avg|3: 1666 520 165 62 27 10 4 1 
28345|Child_Cross21|58: 1662 521 165 62 27 10 4 1 
28351|Child_Avg|15: 1677 520 165 62 27 10 4 1 
28352|Child_Avg|11: 1671 520 172 62 27 10 4 1 
28355|Child_Avg|19: 1675 518 172 62 27 10 4 1 
28357|Child_Cross21|18: 1681 520 165 62 27 10 4 1 
28361|Child_Cross12|45: 1743 520 165 62 27 10 4 1 
28362|Child_Cross12|45: 1809 520 165 62 27 10 4 1 
28364|Child_Cross12|37: 1747 520 165 62 27 10 4 1 
28368|Child_Avg|7: 1765 520 165 62 27 10 4 1 
28371|Child_Cross12|49: 1722 520 165 62 27 10 4 1 
28376|Child_Cross12|33: 1718 520 165 62 27 10 4 1 
28378|Child_Cross21|26: 1706 520 165 62 27 10 4 1 
28379|Child_Cross21|26: 1730 491 165 62 27 10 4 1 
28381|Child_Cross12|53: 1728 520 165 62 27 10 4 1 
28390|Child_Cross12|25: 1790 520 165 62 27 10 4 1 
28391|Child_CrossABC1|7: 1772 520 165 62 27 10 4 1 
28397|Child_Cross21|10: 1788 520 165 62 27 10 4 1 
28398|Child_Cross21|58: 1773 520 165 62 27 10 4 1 
28400|Child_Avg|31: 1805 520 165 62 27 10 4 1 
28401|Child_Avg|15: 1780 520 165 62 27 10 4 1 
28404|Child_Avg|55: 1769 520 165 62 27 10 4 1 
28406|Child_Cross12|49: 1831 520 165 62 27 10 4 1 
28407|Child_Cross12|17: 1784 520 165 62 27 10 4 1 
28409|Child_Cross12|1: 1781 520 165 62 27 10 4 1 
28412|Child_Cross12|29: 1777 520 165 62 27 10 4 1 
28423|Child_Cross12|29: 1776 520 165 62 27 10 4 1 
28424|Child_Cross12|57: 1768 520 165 62 27 10 4 1 
28474|Child_CrossABC1|7: 1716 485 177 64 24 11 5 1 
28487|Child_Cross21|34: 1716 438 181 61 29 9 4 1 
28492|Child_Avg|35: 1742 508 177 60 28 11 4 1 
28502|Child_Levy|44: 2186 629 214 91 33 14 4 1 
28520|Child_Avg|7: 1804 549 199 75 32 13 4 1 
28521|Child_Cross21|2: 1804 544 199 72 32 13 4 1 
28524|Child_Cross21|10: 1687 607 186 72 32 13 4 1 
28525|Child_CrossABC2|8: 1666 628 179 74 32 13 4 1 
28529|Child_CrossABC1|1: 1495 507 175 74 32 13 4 1 
28536|Child_Avg|27: 1511 491 166 66 30 11 5 1 
28541|Child_Avg|23: 1624 485 168 61 29 10 4 1 
28544|Child_CrossABC1|7|Mutated: 1786 493 168 66 29 9 4 1 
28549|Child_Cross12|1: 1530 508 173 59 29 9 4 1 
28550|Child_Cross12|17|Mutated: 1674 508 173 61 29 9 4 1 
28557|Child_CrossABC1|1: 1691 494 175 61 29 9 4 1 
28577|Child_Levy|32: 1602 483 175 59 31 10 4 1 
28584|Child_CrossABC1|7: 1583 483 175 59 31 10 4 1 
28587|Child_CrossABC1|1: 1585 483 175 59 31 10 4 1 
28610|Child_Avg|51: 1618 525 211 66 31 10 4 1 
28624|Child_Cross21|10: 1508 464 179 61 29 9 4 1 
28637|Child_Cross12|5: 1527 461 181 61 29 9 4 1 
28638|Child_Cross21|46: 1531 467 181 61 29 9 4 1 
28640|Child_Cross12|41: 1520 467 181 59 29 9 4 1 
28643|Child_CrossABC2|8: 1442 441 175 61 29 9 4 1 
28648|Child_Cross21|22: 1525 460 181 59 27 10 4 1 
28649|Child_Avg|35: 1520 464 181 59 29 9 4 1 
28651|Child_CrossABC1|7: 1520 469 181 59 29 9 4 1 
28654|Child_Avg|59: 1523 464 181 59 29 9 4 1 
28655|Child_Cross12|41: 1552 464 181 59 29 9 4 1 
28657|Child_Cross21|18: 1517 467 181 59 29 9 4 1 
28661|Child_Avg|19: 1516 467 181 59 29 9 4 1 
28662|Child_Cross12|13: 1519 464 181 59 29 9 4 1 
28664|Child_Avg|7: 1517 466 181 59 29 9 4 1 
28667|Child_CrossABC1|7|Mutated: 1516 467 171 68 29 9 4 1 
28670|Child_Cross21|18: 1535 464 181 59 29 9 4 1 
28680|Child_Avg|35: 1516 467 181 61 29 9 4 1 
28689|Child_CrossABC1|7: 1518 467 181 61 29 9 4 1 
28705|Child_Cross12|37: 1516 465 181 59 29 9 4 1 
28706|Child_Avg|55: 1536 466 181 59 29 9 4 1 
28708|Child_Cross21|38: 1517 466 182 59 29 9 4 1 
28717|Child_Cross21|10: 1524 469 181 59 29 9 4 1 
28720|Child_CrossABC2|8: 1512 467 181 61 29 9 4 1 
28723|Child_Cross21|2: 1521 466 181 59 29 9 4 1 
28726|Child_Cross21|26: 1517 468 181 59 29 9 4 1 
28727|Child_Avg|19: 1519 466 181 59 29 9 4 1 
28731|Child_CrossABC2|2: 1508 469 181 59 29 9 4 1 
28740|Child_Avg|35: 1520 465 181 59 29 9 4 1 
28741|Child_Cross12|53|Mutated: 1514 465 181 64 29 9 4 1 
28742|Child_CrossABC1|1: 1512 465 181 61 29 9 4 1 
28750|Child_CrossABC1|1: 1617 467 181 61 29 9 4 1 
28759|Child_Avg|59: 1517 466 181 61 29 9 4 1 
28762|Child_Avg|43: 1515 466 181 61 29 9 4 1 
28763|Child_CrossABC1|1: 1513 466 181 61 29 9 4 1 
28766|Child_CrossABC2|8: 1501 466 181 61 29 9 4 1 
28769|Child_CrossABC1|1: 1546 466 181 61 29 9 4 1 
28776|Child_Cross12|9: 1530 467 182 61 29 9 4 1 
28800|Child_CrossABC2|8: 1531 466 181 59 29 9 4 1 
28801|Child_Cross12|41: 1495 466 181 59 29 9 4 1 
28805|Child_Cross12|25: 1514 465 181 59 29 9 4 1 
28807|Child_Avg|35: 1514 465 181 61 29 9 4 1 
28827|Child_Cross21|50: 1533 467 181 59 29 9 4 1 
28828|Child_Avg|23: 1519 466 181 61 29 9 4 1 
28829|Child_Avg|35: 1518 465 181 61 29 9 4 1 
28848|Child_Cross21|22: 1537 467 181 59 29 9 4 1 
28849|Child_Cross21|42: 1529 467 181 59 29 9 4 1 
28851|Child_Cross21|46: 1721 466 181 59 29 9 4 1 
28853|Child_Cross12|25: 1523 466 181 59 29 9 4 1 
28854|Child_Cross12|49: 1663 466 181 59 29 9 4 1 
28856|Child_Cross21|30: 1698 466 181 59 29 9 4 1 
28863|Child_Cross12|37: 1525 467 181 59 29 9 4 1 
28864|Child_Cross21|58: 1680 466 181 59 29 9 4 1 
28866|Child_Cross12|25: 1653 466 181 59 29 9 4 1 
28869|Child_CrossABC1|7: 1474 467 181 59 29 9 4 1 
28872|Child_Cross21|38: 1676 466 181 59 29 9 4 1 
28877|Child_Cross21|30: 1471 467 181 59 29 9 4 1 
28884|Child_Cross12|5: 1541 466 181 59 29 9 4 1 
28889|Child_Cross21|30: 1537 466 181 59 29 9 4 1 
28894|Child_CrossABC2|2: 1523 466 181 61 29 9 4 1 
28901|Child_Cross12|33: 1531 468 181 59 29 9 4 1 
28903|Child_Cross21|46: 1500 466 181 59 29 9 4 1 
28905|Child_Cross21|38|Mutated: 1545 466 162 67 33 9 4 1 
28906|Child_Cross12|25: 1538 467 181 59 29 9 4 1 
28912|Child_Cross21|34: 1529 465 181 59 29 9 4 1 
28915|Child_Cross12|13: 1534 467 181 59 29 9 4 1 
28921|Child_CrossABC1|7: 1529 467 181 61 29 9 4 1 
28933|Child_Cross12|29: 1523 469 181 59 29 9 4 1 
28935|Child_CrossABC2|8: 1763 466 181 59 29 9 4 1 
28940|Child_Cross12|49: 1491 467 181 59 29 9 4 1 
28952|Child_Cross12|45|Mutated: 1520 469 181 64 29 9 4 1 
28974|Child_Cross12|1: 1697 467 181 59 29 9 4 1 
28979|Child_Cross12|37: 1694 467 181 59 29 9 4 1 
28980|Child_Cross21|46: 1740 467 181 59 29 9 4 1 
28982|Child_Cross12|21|Mutated: 1443 467 181 68 29 9 4 1 
28985|Child_Cross12|33: 1756 467 181 59 29 9 4 1 
28994|Child_Cross21|14: 1572 467 181 59 29 9 4 1 
28995|Child_Avg|51: 1529 467 181 61 29 10 4 1 
29003|Child_Cross12|13: 1710 467 181 59 29 9 4 1 
29005|Child_Cross12|17: 1731 467 181 59 29 9 4 1 
29009|Child_Cross12|9: 1714 467 181 59 29 9 4 1 
29010|Child_Cross12|21: 1718 467 181 59 29 9 4 1 
29014|Child_Cross21|18: 1677 467 181 59 29 9 4 1 
29015|Child_Avg|7: 1685 467 181 59 29 9 4 1 
29017|Child_Cross21|50: 1676 467 181 59 29 9 4 1 
29019|Child_Cross12|9: 1651 467 181 59 29 9 4 1 
29020|Child_Cross12|29: 1707 467 181 59 29 9 4 1 
29029|Child_Cross21|58: 1690 467 181 59 29 9 4 1 
29031|Child_Cross21|50: 1706 467 181 59 29 9 4 1 
29039|Child_Cross12|17: 1693 467 181 59 29 9 4 1 
29040|Child_Cross12|57|Mutated: 1707 467 181 68 29 9 4 1 
29044|Child_CrossABC1|1: 1713 467 181 61 29 9 4 1 
29048|Child_CrossABC1|7: 1709 467 181 61 29 9 4 1 
29053|Child_Cross21|26: 1698 467 181 59 29 9 4 1 
29058|Child_Cross21|34: 1669 467 181 59 29 9 4 1 
29059|Child_CrossABC1|7: 1673 467 181 59 29 9 4 1 
29065|Child_Avg|15: 1703 467 181 59 29 9 4 1 
29069|Child_Cross12|5: 1701 467 181 59 29 9 4 1 
29071|Child_Cross12|29|Mutated: 1697 467 181 61 29 9 4 1 
29078|Child_Cross12|9: 1723 467 181 59 29 9 4 1 
29096|Child_Cross12|29: 1769 503 219 85 45 13 4 1 
29097|Child_Cross12|21: 1804 621 194 88 37 13 5 1 
29099|Survivor|1: 2241 611 207 92 37 13 4 1 
29100|Child_Levy|24: 2384 630 232 85 41 13 4 1 
29102|Child_Levy|16: 2499 695 232 74 35 12 5 1 
29103|Child_Levy|4: 2319 605 207 82 40 12 5 1 
29106|Child_Avg|39: 2339 632 227 78 33 10 4 1 
29107|Child_Cross21|30: 2359 613 212 73 35 11 5 1 
29110|Child_Avg|19: 2223 604 208 75 35 11 4 1 
29111|Survivor|1|Mutated: 2223 604 208 75 35 11 5 1 
29112|Child_Cross12|13: 2162 587 202 75 35 11 5 1 
29114|Child_CrossABC2|2: 1888 579 202 75 35 11 5 1 
29115|Child_CrossABC2|2: 1914 585 202 75 35 11 5 1 
29127|Child_CrossABC1|1: 1906 585 202 75 35 11 5 1 
29133|Child_CrossABC1|1: 1902 585 202 75 35 11 5 1 
29141|Survivor|1|Mutated: 1902 585 202 86 35 11 5 1 
29143|Child_Cross12|41: 1922 624 192 82 35 11 5 1 
29147|Child_Cross21|14|Mutated: 1937 606 198 78 35 11 5 1 
29148|Survivor|1|Mutated: 1937 606 198 78 35 11 4 1 
29149|Child_Cross21|10: 1921 500 202 80 35 11 5 1 
29151|Child_Cross12|25: 1926 549 203 79 33 14 4 1 
29154|Child_Levy|28|Mutated: 1886 542 202 86 35 11 4 1 
29156|Child_LevyP1|3|Mutated: 1871 540 214 88 29 11 5 1 
29160|Child_Avg|11: 1876 533 206 75 31 10 4 1 
29167|Child_LevyP1|3: 1816 509 198 69 31 10 4 1 
29170|Survivor|1|Mutated: 1816 509 198 81 31 11 4 1 
29174|Child_Avg|19: 1835 528 191 72 29 10 4 1 
29183|Child_LevyP2|10: 1755 559 190 73 30 11 5 1 
29184|Child_Cross21|58: 1821 529 179 64 29 10 4 1 
29188|Child_Levy|48: 1754 521 185 70 29 9 4 1 
29195|Child_Cross12|25: 1791 512 187 66 29 9 4 1 
29199|Child_Avg|23: 1751 508 173 61 29 9 4 1 
29200|Child_Cross12|29: 1635 503 175 61 29 9 4 1 
29203|Child_Avg|47: 1758 508 184 61 29 9 4 1 
29207|Child_CrossABC1|7: 1760 508 184 61 29 9 4 1 
29208|Child_Avg|39: 1776 510 192 61 29 9 4 1 
29210|Child_Cross21|22: 1721 497 179 61 29 9 4 1 
29218|Child_CrossABC1|1: 1722 493 179 60 28 11 4 1 
29226|Child_LevyP1|3: 1607 515 196 64 29 9 4 1 
29228|Child_Avg|27: 1681 551 189 69 32 11 4 1 
29231|Child_CrossABC2|8: 1789 565 189 69 32 11 4 1 
29241|Child_LevyP2|10|Mutated: 1622 476 177 81 30 11 5 1 
29246|Child_Cross12|29: 1850 540 184 59 31 11 4 1 
29248|Child_Cross21|42: 1712 495 184 62 28 9 4 1 
29252|Survivor|1: 1762 596 234 87 28 10 3 1 
29256|Survivor|1: 1632 566 181 61 29 9 4 1 
29260|Child_Cross21|38: 1746 549 178 59 28 9 4 1 
29277|Child_LevyP1|9: 1673 679 203 92 32 11 4 1 
29280|Child_Avg|47: 1501 576 187 92 32 11 4 1 
29283|Child_LevyP2|10: 1647 607 213 89 33 12 5 1 
29290|Child_Avg|3: 1446 471 193 65 31 10 4 1 
29292|Child_Levy|48|Mutated: 1671 506 193 65 29 10 4 1 
29296|Child_Cross21|34: 1671 506 193 65 31 10 4 1 
29299|Survivor|1|Mutated: 1381 506 193 65 31 10 4 1 
29321|Survivor|1: 1176 436 162 67 30 11 5 1 
29337|Child_Cross21|18: 1289 465 181 63 27 10 4 1 
29342|Survivor|1: 1358 407 184 63 27 10 4 1 
29351|Survivor|1: 1452 405 176 63 27 10 4 1 
29363|Survivor|1|Mutated: 1662 463 176 63 27 10 4 1 
29376|Child_Avg|19: 1746 532 193 62 27 10 4 1 
29377|Child_Avg|47|Mutated: 1463 467 181 63 27 10 4 1 
29385|Child_Cross21|6: 1491 467 185 59 27 10 4 1 
29396|Child_Cross21|50: 1357 414 176 55 27 10 4 1 
29404|Child_Avg|3: 1870 450 175 83 30 9 4 1 
29410|Child_Cross12|37: 1485 427 182 62 28 9 4 1 
29415|Child_Cross21|10: 1493 436 172 61 29 9 4 1 
29419|Survivor|1: 1506 430 173 62 30 9 4 1 
29428|Child_Cross12|49: 1439 423 171 59 33 9 4 1 
29430|Child_Avg|43: 1802 561 164 62 32 13 4 1 
29437|Child_CrossABC1|7: 1774 601 225 71 32 11 4 1 
29445|Survivor|1|Mutated: 1847 601 225 71 32 11 4 1 
29447|Child_Avg|35: 1745 571 212 68 33 14 4 1 
29473|Child_Cross12|5: 1773 515 202 60 32 13 4 1 
29485|Child_Avg|47: 2524 650 237 75 35 11 4 1 
29489|Child_CrossABC1|7: 1718 500 198 59 32 13 4 1 
29495|Survivor|1: 1652 508 197 59 32 13 4 1 
29501|Child_LevyABC2|6: 1735 547 231 67 31 11 4 1 
29504|Survivor|1: 1681 500 175 61 29 10 3 1 
29507|Child_CrossABC2|8: 1834 496 178 73 31 13 4 1 
29511|Child_Avg|47: 1745 637 179 74 28 11 4 1 
29512|Child_Avg|47: 1758 499 180 59 32 13 4 1 
29513|Child_Levy|48: 1796 486 178 69 28 11 4 1 
29515|Child_CrossABC2|8: 1699 597 178 79 32 11 4 1 
29517|Child_Avg|59: 1514 451 174 62 27 10 4 1 
29524|Child_Levy|8: 1513 454 170 67 24 9 4 1 
29529|Child_Cross21|38: 1517 484 169 62 29 10 4 1 
29532|Child_Cross12|57: 1508 464 169 62 29 10 4 1 
29535|Child_CrossABC1|1: 1465 472 171 62 29 10 4 1 
29537|Child_Cross12|33: 1474 465 168 61 29 9 4 1 
29538|Child_Cross12|21: 1539 449 156 61 29 10 4 1 
29552|Survivor|1: 1694 449 156 61 29 10 4 1 
29558|Child_Levy|8: 1360 479 175 57 29 9 4 1 
29601|Child_Avg|11: 1363 483 193 62 29 14 4 1 
29626|Child_Avg|47: 2258 559 211 80 30 12 5 1 
29628|Child_CrossABC1|7: 2383 515 217 79 29 13 6 1 
29654|Child_Levy|32: 1578 573 205 101 30 13 5 1 
29655|Child_Avg|59: 4742 1345 455 187 73 29 10 4 1 
29656|Child_Levy|44: 1768 557 233 78 35 12 5 1 
29660|Child_LevyP1|3: 1771 544 232 79 36 13 4 1 
29674|Child_LevyP1|9: 1892 513 212 79 33 12 5 1 
29675|Child_CrossABC1|1: 1772 520 229 77 35 13 5 1 
29678|Child_Cross21|2: 1749 494 192 73 35 13 5 1 
29679|Child_LevyABC1|11: 1673 569 213 75 32 13 4 1 
29689|Child_Levy|20: 1533 531 202 69 30 11 5 1 
29698|Child_Cross12|37: 1652 512 201 59 30 11 5 1 
29699|Child_Avg|3: 1503 511 202 79 32 11 4 1 
29704|Child_Avg|23: 1529 506 201 65 29 10 4 1 
29711|Child_Avg|15|Mutated: 1526 505 214 72 29 10 4 1 
29713|Child_Cross21|54: 1526 505 214 72 30 11 5 1 
29714|Child_Avg|43: 1497 496 201 71 29 10 4 1 
29719|Child_CrossABC2|8: 1586 484 201 71 29 10 4 1 
29722|Child_LevyP2|10: 1658 481 203 72 30 11 5 1 
29725|Child_Cross21|50: 1380 457 187 63 29 10 4 1 
29729|Child_CrossABC1|7: 1516 509 196 63 29 10 4 1 
29732|Child_Cross21|30: 1427 476 187 61 29 10 4 1 
29734|Child_Avg|35: 1507 546 190 61 29 9 4 1 
29735|Child_CrossABC1|1: 1477 453 190 61 29 9 4 1 
29759|Child_Avg|27|Mutated: 1728 470 189 59 28 9 4 1 
29760|Child_Cross21|50: 1491 469 182 59 29 9 4 1 
29764|Child_Cross12|21: 1452 485 189 59 28 9 4 1 
29768|Child_Avg|43: 1468 459 176 59 28 9 4 1 
29785|Child_Cross12|33|Mutated: 1520 557 189 65 33 9 4 1 
29786|Child_Levy|52: 1550 463 181 58 30 11 5 1 
29787|Child_Cross21|6: 1752 463 189 59 28 9 4 1 
29792|Child_Avg|55: 1471 456 175 59 28 9 4 1 
29799|Child_Cross21|22|Mutated: 1477 470 189 65 28 11 4 1 
29803|Child_Cross12|1|Mutated: 1488 458 176 59 28 9 4 1 
29804|Child_Avg|27: 1504 459 179 59 28 9 4 1 
29806|Child_Avg|11: 1479 457 175 59 28 9 4 1 
29809|Child_CrossABC1|1: 1488 458 176 59 27 10 4 1 
29814|Child_Cross12|13: 1485 457 176 59 27 10 4 1 
29819|Child_Cross21|34: 1487 458 176 59 27 10 4 1 
29822|Child_Cross12|49: 1481 457 176 59 27 10 4 1 
29831|Child_Cross12|21: 1657 457 176 59 27 10 4 1 
29833|Child_Cross12|5|Mutated: 1484 457 176 59 27 10 4 1 
29834|Child_Cross21|50: 1483 457 176 59 27 10 4 1 
29838|Child_Cross21|18: 1463 455 176 59 27 10 4 1 
29844|Child_Cross12|33: 1480 457 176 59 27 10 4 1 
29851|Child_Avg|39: 1494 457 176 59 27 10 4 1 
29866|Child_Cross21|30: 1544 493 176 59 27 10 4 1 
29871|Child_CrossABC2|2: 1410 451 181 74 29 10 4 1 
29879|Child_Avg|39: 1401 453 181 72 29 10 4 1 
29898|Child_CrossABC1|7: 1410 459 185 70 29 9 4 1 
29901|Child_Cross12|41: 1462 437 172 63 29 10 4 1 
29902|Child_Cross21|18: 1387 429 165 61 29 10 4 1 
29903|Child_CrossABC2|2: 1464 438 176 65 29 10 4 1 
29913|Child_Levy|52: 1716 482 181 68 31 11 4 1 
29920|Child_CrossABC2|2: 1639 495 180 65 31 10 4 1 
29922|Survivor|1: 1716 482 181 68 31 10 4 1 
29933|Survivor|1: 1668 479 165 65 31 11 4 1 
29947|Survivor|1: 1732 414 189 64 29 10 4 1 
29951|Child_Avg|23: 1714 462 193 60 28 11 4 1 
29956|Child_Levy|12: 1724 461 187 65 28 11 4 1 
29960|Child_CrossABC2|8: 1711 451 189 74 28 11 4 1 
29974|Child_Avg|51: 1557 438 175 72 27 10 4 1 
29979|Random|12: 2163 509 195 92 29 10 4 1 
29984|Child_LevyABC2|6: 1424 473 181 76 27 14 4 1 
29985|Child_Avg|31: 1700 444 179 80 30 12 5 1 
29992|Child_CrossABC2|2: 1873 503 219 83 27 10 4 1 
30001|Child_CrossABC2|8: 1436 465 181 64 29 9 4 1 
30002|Child_CrossABC1|1: 1748 499 234 76 27 10 4 1 
30003|Child_Cross21|30: 1449 482 183 65 27 10 4 1 
30011|Child_Avg|51: 1501 446 191 62 27 10 4 1 
30022|Survivor|1: 1446 457 177 58 28 11 4 1 
30034|Child_Avg|43|Mutated: 1461 459 177 58 28 11 4 1 
30037|Child_Cross12|41: 1487 466 176 55 27 10 4 1 
30043|Child_Avg|31: 1456 464 175 55 27 10 4 1 
30046|Child_Cross12|57: 1462 471 177 55 27 10 4 1 
30047|Child_Cross12|25: 1455 471 177 55 27 10 4 1 
30050|Child_Cross21|30: 1453 471 177 55 27 10 4 1 
30051|Child_CrossABC2|8: 1453 487 177 63 27 10 4 1 
30053|Child_Cross21|18: 1457 471 177 55 27 10 4 1 
30054|Child_Cross21|46: 1454 467 176 55 27 10 4 1 
30057|Child_Avg|59: 1459 466 176 55 27 10 4 1 
30058|Child_Cross21|54: 1465 471 177 55 27 10 4 1 
30059|Child_Cross21|6|Mutated: 1460 471 177 55 27 10 4 1 
30062|Child_Cross21|18: 1496 471 177 55 27 10 4 1 
30063|Child_Cross21|50: 1456 469 176 55 27 10 4 1 
30067|Child_Avg|15: 1464 471 177 55 27 10 4 1 
30073|Child_Cross21|42: 1450 471 177 55 27 10 4 1 
30089|Child_Cross12|25: 1477 471 177 55 27 10 4 1 
30094|Child_Cross12|13: 1459 471 177 55 27 10 4 1 
30097|Child_Cross12|21: 1491 471 177 55 27 10 4 1 
30102|Child_Avg|27: 1469 471 177 55 27 10 4 1 
30103|Child_CrossABC1|1: 1448 471 177 55 27 10 4 1 
30105|Child_Cross21|22: 1488 471 177 55 27 10 4 1 
30109|Child_CrossABC2|2: 1467 471 177 55 27 10 4 1 
30116|Child_Cross21|38: 1476 471 177 55 27 10 4 1 
30121|Child_Cross21|54: 1472 471 177 55 27 10 4 1 
30123|Child_Cross12|29: 1479 471 177 55 27 10 4 1 
30139|Child_Levy|48|Mutated: 1873 689 211 78 29 11 5 1 
30156|Child_Avg|59: 1497 474 169 62 27 10 4 1 
30167|Survivor|1: 1448 452 168 59 28 13 4 1 
30172|Child_Cross12|37|Mutated: 1483 450 167 59 28 11 4 1 
30173|Child_CrossABC2|8: 1475 450 167 59 28 11 4 1 
30194|Child_Avg|31: 1450 450 167 63 28 11 4 1 
30196|Child_Avg|15: 1462 453 167 60 28 11 4 1 
30205|Child_Cross21|30: 1531 458 167 58 28 11 4 1 
30206|Child_Avg|43: 1516 444 167 58 28 11 4 1 
30209|Child_Cross21|58: 1530 458 167 58 28 11 4 1 
30210|Child_Cross21|10: 1481 451 167 58 28 11 4 1 
30211|Child_Cross21|34: 1482 451 167 58 28 11 4 1 
30215|Child_Cross21|14: 1518 456 167 58 28 11 4 1 
30219|Child_Avg|59: 1480 451 167 58 28 11 4 1 
30223|Child_Cross12|13: 1515 458 167 58 28 11 4 1 
30224|Child_Cross12|37: 1517 442 167 58 28 11 4 1 
30227|Child_Cross21|34: 1480 449 167 58 28 11 4 1 
30240|Child_Cross12|25: 1498 435 167 58 28 11 4 1 
30242|Child_Cross12|41: 1488 451 167 58 28 11 4 1 
30246|Child_Avg|55|Mutated: 1489 443 192 58 28 11 4 1 
30258|Child_Avg|55: 1460 453 167 60 28 11 4 1 
30261|Child_Cross21|34: 1490 443 192 58 28 11 4 1 
30264|Child_Avg|7|Mutated: 1471 443 192 58 28 11 4 1 
30265|Child_Cross21|6: 1488 443 192 58 28 11 4 1 
30267|Child_Avg|7: 1470 443 192 58 28 11 4 1 
30278|Child_Cross12|5: 1469 443 192 58 28 11 4 1 
30280|Child_Cross12|25: 1489 473 192 58 28 11 4 1 
30287|Child_Cross12|57: 1488 437 184 58 28 11 4 1 
30292|Child_CrossABC1|7: 1459 443 192 58 28 11 4 1 
30294|Child_Cross21|2: 1476 443 192 58 28 11 4 1 
30297|Child_Cross21|34: 1431 443 192 58 28 11 4 1 
30304|Child_Cross21|30: 1450 443 192 58 28 11 4 1 
30305|Child_Avg|7: 1508 443 192 58 28 11 4 1 
30317|Child_Cross21|50: 1493 449 192 58 28 11 4 1 
30319|Child_Cross12|45: 1456 443 192 58 28 11 4 1 
30321|Child_Cross12|45: 1437 443 192 58 28 11 4 1 
30330|Child_CrossABC2|8: 1480 449 192 58 28 11 4 1 
30335|Child_Cross12|49: 1458 443 192 58 28 11 4 1 
30344|Child_Cross12|37: 1451 443 192 58 28 11 4 1 
30346|Child_CrossABC2|8: 1449 443 192 58 28 11 4 1 
30348|Child_Cross21|18: 1451 499 192 58 28 11 4 1 
30349|Child_Cross12|33: 1454 461 192 58 28 11 4 1 
30365|Child_Avg|31: 1452 443 192 58 28 11 4 1 
30368|Child_Cross12|33: 1457 463 192 58 28 11 4 1 
30386|Child_Avg|15: 1436 443 192 58 28 11 4 1 
30403|Child_CrossABC1|1: 1448 570 201 76 31 11 4 1 
30407|Child_Cross21|46: 1493 482 189 70 33 9 4 1 
30411|Child_Levy|8: 1779 491 183 70 30 11 5 1 
30427|Child_LevyP2|10: 1810 491 161 72 29 10 4 1 
30439|Child_CrossABC1|7: 1767 494 181 64 29 10 4 1 
30446|Child_Levy|28: 1685 472 172 63 28 11 4 1 
30447|Child_Cross21|6: 1713 497 169 61 29 10 4 1 
30477|Child_Avg|31|Mutated: 1817 492 170 64 29 9 4 1 
30510|Child_LevyP2|4: 1892 598 198 90 31 11 4 1 
30515|Child_LevyABC2|6: 1813 516 197 73 30 12 5 1 
30519|Child_CrossABC2|2: 1531 506 198 79 28 13 4 1 
30525|Child_Avg|15: 1732 529 172 61 28 12 5 1 
30532|Child_Levy|56|Mutated: 1756 498 163 63 29 14 4 1 
30543|Survivor|1: 1746 519 181 58 28 11 4 1 
30549|Child_Avg|11: 1676 495 184 58 28 11 4 1 
30556|Child_Cross12|13|Mutated: 1416 517 184 58 28 11 4 1 
30579|Survivor|1: 1516 539 177 57 31 11 4 1 
30587|Child_LevyP1|3: 1672 576 194 70 29 9 4 1 
30591|Child_CrossABC2|2: 1654 569 191 70 29 9 4 1 
30592|Child_CrossABC1|7: 1658 567 194 70 29 9 4 1 
30596|Child_CrossABC2|8: 1561 501 173 64 29 10 4 1 
30601|Child_Cross12|41: 1562 500 168 61 29 10 4 1 
30605|Child_LevyP2|4|Mutated: 1568 525 177 73 29 10 4 1 
30614|Survivor|1|Mutated: 1568 541 177 73 29 10 4 1 
30623|Child_Cross12|41|Mutated: 1476 517 179 61 29 10 4 1 
30624|Child_Avg|3|Mutated: 1789 526 182 61 29 9 4 1 
30628|Child_CrossABC1|1: 1708 537 184 61 29 10 4 1 
30631|Child_Cross21|26: 1708 537 184 61 29 9 4 1 
30635|Child_Avg|47: 1702 531 175 61 29 9 4 1 
30647|Survivor|1|Mutated: 1702 531 163 61 29 9 4 1 
30657|Child_Avg|19: 1830 525 199 77 28 10 3 1 
30658|Child_Avg|31: 1493 467 167 66 29 9 4 1 
30661|Child_LevyABC2|12: 1706 517 199 73 29 9 4 1 
30667|Child_CrossABC2|2: 1676 492 177 71 28 11 4 1 
30670|Child_Cross12|21: 1950 517 199 73 29 9 4 1 
30671|Survivor|1|Mutated: 1950 567 198 73 29 9 4 1 
30675|Child_Cross21|38: 1778 520 189 67 33 10 4 1 
30677|Child_Levy|20: 1801 525 191 65 33 10 3 1 
30687|Survivor|1: 1766 540 194 65 31 9 4 1 
30689|Child_CrossABC2|8: 1701 554 200 64 29 9 4 1 
30690|Child_Avg|55: 1742 470 187 63 29 10 4 1 
30694|Child_Avg|15: 1653 475 183 62 29 10 4 1 
30695|Child_CrossABC1|7: 1464 446 175 62 29 10 4 1 
30700|Child_CrossABC2|2: 1404 445 176 63 29 10 4 1 
30704|Child_CrossABC1|1: 1549 468 171 61 29 10 4 1 
30713|Survivor|1: 1666 470 172 59 29 9 4 1 
30743|Child_Avg|15: 1609 506 214 79 31 11 4 1 
30747|Child_Avg|39: 1549 472 199 80 31 10 4 1 
30748|Child_Avg|51: 1549 472 199 80 27 10 4 1 
30750|Child_Avg|27: 1549 472 199 80 29 10 4 1 
30751|Child_Levy|44: 1475 464 188 79 31 11 4 1 
30765|Child_Levy|60: 1431 435 181 62 29 9 4 1 
30771|Survivor|1: 1453 459 185 60 27 10 4 1 
30775|Child_Avg|7: 2078 596 215 92 29 10 3 1 
30786|Child_Levy|56|Mutated: 1548 478 186 59 27 10 4 1 
30799|Child_CrossABC2|2: 1541 486 191 62 27 10 4 1 
30803|Child_CrossABC1|7: 1624 511 192 63 27 10 4 1 
30804|Survivor|1|Mutated: 1624 578 192 63 27 10 4 1 
30805|Child_Avg|7: 1890 573 189 92 30 9 4 1 
30807|Survivor|1: 1617 502 204 73 30 11 5 1 
30808|Child_Levy|60: 1735 501 194 72 30 11 5 1 
30811|Child_Cross12|33: 1780 501 183 62 30 11 5 1 
30820|Child_CrossABC2|8: 1655 439 197 61 29 10 4 1 
30861|Survivor|1: 1779 550 186 56 27 10 4 1 
30878|Survivor|1: 1918 527 181 59 29 9 4 1 
30887|Survivor|1: 1766 463 175 53 24 9 4 1 
30900|Survivor|1: 1492 467 159 55 24 9 4 1 
30914|Child_CrossABC2|8: 1486 442 163 57 23 10 4 1 
30921|Child_Levy|40: 1450 445 194 64 35 13 5 1 
30944|Child_Avg|23: 1962 531 220 76 31 11 4 1 
30947|Survivor|1|Mutated: 1877 560 220 76 31 11 4 1 
30954|Child_Cross21|30: 1852 574 217 68 30 12 5 1 
30956|Child_Cross12|49: 1852 574 217 68 31 11 4 1 
30959|Child_Cross21|34: 1655 521 191 64 30 12 5 1 
30960|Child_Levy|20: 1666 532 199 71 29 10 4 1 
30966|Child_Cross21|38|Mutated: 1699 444 187 72 30 11 5 1 
30976|Child_Levy|20: 1635 467 188 62 28 9 4 1 
30978|Child_Avg|35: 1681 464 188 62 27 10 4 1 
30982|Child_Cross12|21: 1511 475 181 62 29 10 4 1 
30992|Survivor|1: 1556 447 178 55 27 10 4 1 
30997|Child_Cross12|41: 1494 449 180 55 27 10 4 1 
30999|Child_Avg|11: 1503 456 176 55 27 10 4 1 
31008|Child_CrossABC2|8: 1445 433 177 56 27 10 4 1 
31010|Child_CrossABC2|2: 1429 430 178 59 27 10 4 1 
31046|Child_Cross12|1: 1721 499 195 61 29 10 4 1 
31052|Child_Cross12|53|Mutated: 1511 448 185 55 24 9 4 1 
31054|Survivor|1: 1705 489 195 63 29 10 4 1 
31058|Child_CrossABC2|2: 1740 516 197 65 29 10 4 1 
31059|Child_CrossABC2|2: 1772 499 199 64 29 10 4 1 
31063|Survivor|1|Mutated: 1748 499 199 64 29 10 4 1 
31064|Child_Avg|47: 1780 511 195 81 28 13 4 1 
31075|Survivor|1: 1605 518 189 73 31 13 4 1 
31078|Child_LevyP2|4: 1636 470 182 65 25 14 4 1 
31080|Child_Avg|55: 1618 490 185 66 28 11 4 1 
31090|Child_CrossABC1|7: 1551 468 181 59 30 9 4 1 
31096|Child_Cross21|26: 1551 468 181 59 33 9 4 1 
31104|Survivor|1: 1472 446 191 61 30 11 5 1 
31106|Child_CrossABC2|8: 1473 440 203 67 30 11 5 1 
31116|Child_Avg|7: 1796 636 269 72 30 11 5 1 
31119|Child_Cross21|2: 1611 517 221 62 30 11 5 1 
31120|Child_Levy|16: 1673 532 235 86 30 11 5 1 
31130|Child_Cross21|30: 1618 507 224 80 30 11 5 1 
31131|Child_Levy|12: 1539 485 197 66 28 11 4 1 
31132|Child_Cross21|54: 1577 508 210 72 27 10 4 1 
31136|Survivor|1|Mutated: 1577 497 210 72 27 10 4 1 
31149|Child_Levy|28: 1541 477 191 65 28 12 5 1 
31178|Survivor|1: 2591 701 234 82 32 15 4 1 
31179|Child_Avg|19: 1632 608 215 83 28 13 4 1 
31188|Child_Avg|15: 1838 525 179 73 35 11 4 1 
31193|Child_Levy|16: 1770 538 179 71 28 12 5 1 
31196|Child_Avg|31: 1721 551 182 66 28 13 4 1 
31200|Child_Cross21|34: 1706 535 189 66 28 13 4 1 
31202|Child_Cross12|17: 1699 553 184 63 28 11 4 1 
31204|Child_Cross12|21: 1686 528 181 61 29 9 4 1 
31209|Child_Cross12|41: 1687 529 182 61 29 10 4 1 
31212|Child_Avg|35|Mutated: 1649 525 181 61 29 10 4 1 
31214|Child_CrossABC1|7: 1732 525 181 61 29 10 4 1 
31215|Child_CrossABC1|1: 1771 525 181 61 29 10 4 1 
31218|Child_CrossABC1|7: 1763 523 181 59 31 10 4 1 
31229|Child_Avg|27: 1732 508 185 61 29 10 3 1 
31254|Child_Avg|47: 1676 525 203 72 32 11 4 1 
