1|Random|74: 1712 451 102 28 13 4 1 
4|Child_CrossABC1|7|Mutated: 1602 327 94 28 13 4 1 
6|Child_Levy|32: 2644 501 143 40 14 5 1 
7|Child_Levy|4: 1183 358 88 40 13 5 1 
10|Child_LevyP1|3: 1168 355 93 39 14 4 1 
12|Child_LevyABC1|5: 1041 252 98 40 13 5 1 
24|Child_Levy|12: 1054 309 159 45 16 5 1 
26|Child_Cross12|29: 1430 370 121 45 16 5 1 
30|Child_Cross12|25: 1052 281 90 41 13 4 1 
32|Child_Avg|55|Mutated: 1439 341 112 45 13 4 1 
42|Child_CrossABC1|7: 1143 317 98 45 13 4 1 
43|Child_Cross12|21: 1382 329 98 45 13 4 1 
44|Child_Cross12|17: 1158 317 98 45 13 4 1 
46|Child_Avg|15: 1193 321 100 45 13 4 1 
47|Child_CrossABC1|1: 1210 295 101 45 13 4 1 
48|Child_Cross12|29: 1400 342 95 42 13 4 1 
49|Child_Cross12|17: 1220 309 94 45 13 4 1 
56|Child_Avg|51: 1194 313 92 45 13 4 1 
57|Child_Cross12|9: 1098 328 92 45 13 4 1 
59|Child_Avg|35: 1162 331 92 45 13 4 1 
62|Child_Cross12|17: 1203 321 88 45 13 4 1 
67|Child_CrossABC1|1: 1172 325 88 45 13 4 1 
80|Child_Levy|40|Mutated: 1215 332 87 47 12 5 1 
82|Child_LevyABC2|12: 1293 332 77 41 13 4 1 
83|Child_Cross12|1: 1149 321 81 43 14 6 1 
84|Child_Levy|52: 1162 311 81 43 14 6 1 
86|Child_Cross12|1: 1187 322 81 43 14 6 1 
92|Child_CrossABC1|7: 1168 316 81 45 13 4 1 
93|Survivor|1|Mutated: 1347 292 85 45 13 4 1 
94|Child_Cross21|22: 1184 321 82 45 13 4 1 
97|Child_Avg|3: 1118 307 79 45 13 4 1 
98|Child_Avg|27: 1124 311 79 45 13 4 1 
99|Child_CrossABC2|2: 1207 307 79 45 13 4 1 
100|Child_Avg|43: 1026 306 79 45 13 4 1 
102|Child_CrossABC2|8: 1051 297 112 45 13 4 1 
106|Child_Levy|16: 1027 295 104 47 12 5 1 
107|Child_Cross12|33: 1109 267 92 45 13 4 1 
108|Child_Avg|7: 1115 293 121 44 13 4 1 
109|Child_Avg|27: 1068 283 88 41 13 4 1 
113|Child_Avg|43|Mutated: 1467 306 122 39 14 5 1 
114|Child_Cross12|49: 1068 282 82 45 12 5 1 
115|Child_Avg|11: 1070 277 87 40 13 4 1 
116|Child_Avg|3: 1062 271 85 40 13 4 1 
117|Child_CrossABC2|8: 1195 278 111 35 12 5 1 
118|Child_Cross21|14: 1062 271 85 40 13 5 1 
127|Child_Avg|19: 1089 268 86 35 12 5 1 
128|Child_Avg|43: 1073 272 94 32 13 5 1 
129|Child_Avg|11: 1068 245 83 36 13 4 1 
145|Child_Cross12|1: 1116 254 81 36 13 4 1 
154|Child_Avg|7: 1199 357 116 33 14 4 1 
159|Child_Avg|11|Mutated: 1376 361 105 39 14 4 1 
165|Child_CrossABC2|2: 1345 357 103 40 14 5 1 
169|Child_LevyP1|9: 1287 359 102 41 13 4 1 
171|Child_Levy|16: 1120 309 102 41 11 5 1 
177|Child_Levy|40: 1045 302 90 40 13 5 1 
183|Child_Cross21|50: 1054 311 85 40 13 4 1 
184|Child_Avg|11: 1077 282 83 40 13 4 1 
185|Child_Avg|31|Mutated: 1112 288 105 41 13 4 1 
203|Child_LevyABC2|12|Mutated: 1313 285 113 37 14 4 1 
205|Child_Cross12|37: 1098 292 89 37 14 4 1 
210|Child_Cross21|26: 1076 286 90 39 14 4 1 
213|Survivor|1|Mutated: 1076 249 90 39 14 4 1 
214|Child_Avg|31: 1079 305 87 36 13 4 1 
215|Child_Avg|15: 1029 268 83 36 13 4 1 
218|Survivor|1|Mutated: 1029 268 97 36 13 4 1 
225|Child_Cross21|22: 1028 277 81 36 13 4 1 
227|Child_CrossABC2|8: 1026 277 81 36 13 4 1 
232|Child_CrossABC1|7: 950 283 78 35 12 5 1 
234|Child_Avg|43: 980 278 77 35 13 5 1 
236|Child_Avg|31: 1017 283 76 35 12 5 1 
237|Child_Cross21|42: 1035 296 76 35 13 5 1 
238|Child_Avg|55: 1026 289 76 35 12 5 1 
239|Child_Cross21|18: 987 279 74 35 12 5 1 
244|Child_CrossABC2|8: 1017 283 74 35 12 5 1 
246|Child_CrossABC1|7: 924 279 73 35 12 5 1 
249|Child_CrossABC1|1: 932 278 74 35 12 5 1 
250|Child_CrossABC1|7: 920 278 74 35 12 5 1 
251|Child_CrossABC1|7: 938 278 74 35 12 5 1 
252|Child_CrossABC1|1: 902 277 75 35 11 5 1 
255|Child_Cross21|42: 943 277 73 35 11 5 1 
256|Child_CrossABC1|1|Mutated: 930 279 75 35 11 5 1 
257|Child_Avg|43: 918 287 73 35 12 5 1 
260|Child_Cross21|58: 922 288 73 35 11 5 1 
262|Child_Cross12|29: 922 288 73 35 12 5 1 
263|Child_Cross12|21: 931 281 73 35 12 5 1 
265|Child_Cross21|58: 920 287 73 35 12 5 1 
267|Child_Cross21|34: 965 282 73 35 12 5 1 
269|Child_Avg|15: 916 287 73 35 12 5 1 
270|Child_Avg|11: 921 287 73 35 12 5 1 
271|Child_Cross21|30: 915 288 73 35 12 5 1 
273|Child_Cross21|14: 945 284 73 35 12 5 1 
279|Child_Cross12|13: 918 288 73 35 12 5 1 
281|Child_Cross21|42|Mutated: 917 287 73 35 12 5 1 
282|Child_Avg|43: 931 272 73 35 12 5 1 
284|Child_Cross12|9: 922 287 73 35 12 5 1 
287|Child_Cross12|1: 915 284 73 35 12 5 1 
288|Child_Cross21|50: 916 249 73 35 12 5 1 
297|Child_Cross12|5: 916 285 73 35 12 5 1 
299|Child_Cross21|22: 953 284 73 35 12 5 1 
300|Child_Cross12|29: 917 267 73 35 12 5 1 
303|Child_Cross12|25: 917 252 73 35 12 5 1 
304|Child_Cross12|41: 921 282 73 35 12 5 1 
306|Child_Cross21|46: 906 258 73 35 12 5 1 
307|Child_Cross21|2: 870 249 73 35 12 5 1 
309|Child_Cross21|42: 919 249 73 35 12 5 1 
311|Child_Avg|23: 918 250 73 35 12 5 1 
312|Child_Cross12|49: 915 250 73 35 12 5 1 
314|Child_CrossABC1|1: 915 246 73 35 12 5 1 
317|Child_Avg|43: 910 261 73 35 12 5 1 
319|Child_Avg|3: 892 247 73 35 12 5 1 
320|Child_Cross21|26: 908 259 73 35 12 5 1 
321|Child_Cross12|41: 918 246 73 35 12 5 1 
323|Child_Cross12|13: 910 247 73 35 12 5 1 
326|Child_Cross12|21: 911 259 73 35 12 5 1 
330|Child_CrossABC2|8: 920 247 73 35 12 5 1 
332|Child_Cross21|10: 902 246 73 35 12 5 1 
334|Child_Cross12|49: 912 246 73 35 12 5 1 
336|Child_Cross21|22: 907 258 73 35 12 5 1 
340|Child_Cross21|58: 914 247 73 35 12 5 1 
345|Child_Avg|19: 909 258 73 35 12 5 1 
349|Child_CrossABC2|2|Mutated: 912 246 89 35 12 5 1 
350|Child_CrossABC1|7: 908 246 89 35 12 5 1 
352|Child_CrossABC1|1: 910 246 89 35 12 5 1 
357|Child_CrossABC1|7: 1156 277 99 35 12 5 1 
361|Child_CrossABC2|2: 946 255 97 35 12 5 1 
364|Child_CrossABC1|7: 934 254 97 35 12 5 1 
370|Child_CrossABC2|8: 914 250 101 35 12 5 1 
372|Child_CrossABC1|7: 912 250 97 35 12 5 1 
374|Child_CrossABC1|1: 910 250 98 35 12 5 1 
393|Child_Cross12|25: 899 246 73 35 12 5 1 
394|Child_Avg|7|Mutated: 909 246 85 35 12 5 1 
406|Child_CrossABC1|1: 906 246 85 35 12 5 1 
407|Child_CrossABC1|1: 907 246 85 35 12 5 1 
424|Survivor|1|Mutated: 907 246 85 37 14 6 1 
429|Child_Avg|15: 884 239 74 35 12 5 1 
444|Child_CrossABC1|7: 875 246 73 35 12 5 1 
445|Survivor|1|Mutated: 875 246 84 35 12 5 1 
450|Child_Cross12|41: 885 239 73 35 11 5 1 
454|Child_Cross21|6: 921 250 73 35 12 5 1 
455|Child_Cross21|6: 888 239 73 35 11 5 1 
457|Child_Cross21|10: 921 250 73 35 11 5 1 
458|Child_Avg|39: 885 240 73 35 12 5 1 
461|Child_Cross21|42: 879 239 73 35 11 5 1 
462|Child_Avg|55: 882 239 73 35 11 5 1 
475|Child_Cross21|38: 905 239 73 35 11 5 1 
477|Child_Avg|31: 882 242 73 35 11 5 1 
482|Child_Avg|35: 908 239 73 35 11 5 1 
489|Child_CrossABC2|2: 905 239 93 35 11 5 1 
493|Child_Avg|43: 897 240 86 35 11 5 1 
498|Child_CrossABC2|2: 891 241 97 35 11 5 1 
516|Child_CrossABC1|1: 896 239 108 35 11 5 1 
532|Survivor|1|Mutated: 777 239 126 35 11 5 1 
535|Child_LevyP2|4: 1107 327 127 60 17 5 1 
537|Child_Avg|7: 775 250 104 39 14 4 1 
538|Child_Cross12|37: 1074 341 101 39 14 4 1 
541|Child_Cross21|50: 955 279 98 40 13 5 1 
547|Child_Avg|31: 927 298 95 35 13 5 1 
557|Child_CrossABC2|8: 936 291 89 35 13 5 1 
558|Child_CrossABC2|8: 933 305 99 35 13 5 1 
561|Child_Cross21|22: 976 291 84 35 11 5 1 
562|Child_CrossABC2|2: 1026 289 86 35 11 5 1 
565|Child_Cross12|25: 998 297 86 35 11 5 1 
566|Child_CrossABC2|8: 983 289 86 35 11 5 1 
567|Child_CrossABC1|1: 988 291 86 35 12 5 1 
574|Child_Avg|35|Mutated: 985 291 86 35 12 5 1 
575|Child_Avg|19: 984 291 85 35 12 5 1 
576|Child_CrossABC2|8: 984 291 86 35 12 5 1 
615|Child_CrossABC2|8: 983 291 86 35 12 5 1 
621|Child_Avg|27: 1047 316 86 35 11 5 1 
629|Child_CrossABC2|2: 1055 328 95 35 13 5 1 
631|Child_Avg|19|Mutated: 1008 302 85 35 13 5 1 
632|Child_Levy|36: 880 260 99 35 11 5 1 
636|Child_Cross12|45|Mutated: 947 272 84 35 11 5 1 
638|Child_CrossABC1|1: 959 277 84 35 11 5 1 
653|Child_CrossABC2|2|Mutated: 973 285 88 35 12 5 1 
654|Child_CrossABC2|8: 961 278 86 35 11 5 1 
659|Child_Cross21|42: 906 247 73 35 11 4 1 
660|Child_Levy|56: 1012 272 109 40 12 5 1 
662|Child_CrossABC1|1: 977 273 122 37 14 6 1 
670|Child_Levy|20: 941 257 99 35 13 5 1 
671|Child_CrossABC1|1: 933 257 89 40 13 5 1 
672|Child_LevyABC2|6: 931 250 92 41 14 6 1 
676|Child_Cross21|14: 908 251 92 41 14 6 1 
681|Child_Cross21|30: 921 254 88 40 13 5 1 
682|Child_Cross12|41: 940 270 87 40 13 5 1 
683|Survivor|1|Mutated: 1081 270 101 40 13 5 1 
684|Child_Avg|59: 917 261 85 40 13 4 1 
685|Child_Levy|44: 973 258 90 41 13 4 1 
690|Child_Cross21|2: 959 257 87 41 13 4 1 
691|Child_Avg|23: 926 261 85 40 12 5 1 
695|Child_Cross12|25: 906 248 77 41 13 4 1 
700|Child_Avg|23|Mutated: 918 262 103 40 13 5 1 
707|Child_Avg|7: 953 247 99 40 13 5 1 
711|Child_Levy|28: 941 261 93 39 14 6 1 
712|Child_Avg|27: 1492 364 102 43 13 5 1 
713|Child_LevyP2|10: 905 262 86 35 12 5 1 
714|Child_CrossABC2|8: 1150 301 90 37 12 5 1 
719|Child_Cross12|57: 1130 263 77 40 13 5 1 
720|Child_Avg|43: 1114 295 86 35 11 4 1 
721|Child_Avg|7: 1031 278 83 37 12 5 1 
723|Child_CrossABC2|8: 1024 268 81 36 13 4 1 
739|Child_CrossABC2|2: 1008 267 86 36 13 4 1 
741|Child_Avg|35: 1000 292 82 37 13 4 1 
747|Child_Cross12|29: 979 287 78 35 12 5 1 
751|Child_Avg|11: 971 290 78 35 12 5 1 
753|Child_Cross21|26|Mutated: 1034 295 86 35 12 5 1 
754|Child_CrossABC2|8: 1004 296 85 35 12 5 1 
756|Survivor|1|Mutated: 843 296 85 35 12 5 1 
758|Child_Avg|51|Mutated: 984 292 86 35 11 5 1 
765|Child_CrossABC2|8: 986 293 96 35 12 5 1 
773|Child_LevyABC1|5: 1007 292 86 36 13 4 1 
775|Child_Cross21|14: 972 284 73 35 12 5 1 
778|Child_Cross12|57: 943 282 73 35 12 5 1 
779|Child_Cross12|45: 978 284 73 35 12 5 1 
781|Child_Cross21|22: 975 284 73 35 12 5 1 
782|Child_Cross12|21: 970 284 73 35 12 5 1 
793|Survivor|1|Mutated: 1064 284 73 35 12 5 1 
794|Child_Cross12|13|Mutated: 1172 284 86 35 12 5 1 
798|Child_CrossABC1|1: 1061 284 86 35 12 5 1 
802|Child_LevyP2|4: 1045 278 86 36 13 4 1 
835|Child_Levy|20: 1457 395 125 44 16 5 1 
841|Survivor|1|Mutated: 1457 395 142 44 16 5 1 
846|Child_Avg|35: 1213 327 105 41 13 4 1 
847|Child_Cross21|26: 1213 327 105 41 14 4 1 
848|Child_Cross12|41: 1147 313 102 41 13 4 1 
849|Survivor|1|Mutated: 1147 257 102 41 13 4 1 
850|Child_CrossABC1|1: 1191 299 100 41 13 4 1 
851|Child_LevyP1|9|Mutated: 1210 343 103 37 14 4 1 
852|Child_Cross21|58: 1159 306 104 40 13 5 1 
853|Child_Cross21|46: 1158 307 103 40 13 5 1 
856|Child_Levy|36: 1107 318 102 40 13 5 1 
857|Child_Avg|7: 1165 321 102 40 13 5 1 
864|Child_Cross12|49: 1143 321 99 40 13 5 1 
865|Child_Cross21|38: 1101 319 98 40 13 5 1 
867|Child_CrossABC2|2: 1171 304 98 40 13 5 1 
873|Child_Levy|48: 1122 317 103 40 13 5 1 
887|Child_Avg|27: 1192 321 97 40 13 5 1 
888|Child_Avg|35: 1175 318 98 40 13 5 1 
890|Child_Avg|51: 1144 342 99 41 14 6 1 
891|Child_CrossABC1|1: 1171 318 98 40 13 5 1 
892|Child_Avg|7: 1171 324 98 40 13 5 1 
893|Child_Cross12|13: 1183 319 98 40 13 5 1 
894|Child_Cross21|38: 1066 309 98 40 13 5 1 
895|Child_Cross21|10: 1289 319 98 40 13 5 1 
897|Child_CrossABC2|8: 1147 318 98 40 13 5 1 
921|Child_Avg|35: 1152 280 96 41 13 4 1 
923|Child_Avg|43: 1024 283 92 41 13 4 1 
928|Child_Cross12|1: 1065 283 87 41 13 4 1 
936|Child_Cross21|58: 1146 292 85 41 13 4 1 
937|Child_Avg|7: 1053 286 84 40 13 5 1 
940|Child_Cross21|6: 1145 279 85 41 13 4 1 
943|Child_CrossABC2|8: 1144 285 85 41 13 4 1 
946|Child_Avg|39: 1152 285 85 41 13 4 1 
947|Child_Cross12|41|Mutated: 1080 282 92 41 13 4 1 
956|Child_Levy|52: 784 300 79 27 10 4 1 
958|Child_Cross12|37: 1124 325 87 36 13 4 1 
959|Child_Levy|28: 902 248 75 35 11 5 1 
970|Child_CrossABC2|8: 903 248 75 35 11 5 1 
972|Child_Cross12|41: 805 248 75 35 11 5 1 
974|Child_Avg|43: 883 249 76 35 11 5 1 
975|Child_Avg|27: 800 248 75 35 11 5 1 
977|Child_Cross12|29: 915 248 75 35 11 5 1 
979|Child_CrossABC1|7: 885 248 75 35 11 5 1 
982|Random|15: 1219 370 102 41 13 4 1 
991|Child_Levy|8: 1234 341 111 40 14 5 1 
997|Survivor|1|Mutated: 1081 341 103 40 14 5 1 
1003|Child_CrossABC2|2|Mutated: 1053 258 97 40 13 5 1 
1017|Child_Cross12|13|Mutated: 927 290 83 40 13 4 1 
1018|Child_Cross12|45|Mutated: 1013 258 90 40 13 5 1 
1019|Child_Cross12|1: 970 284 85 40 13 5 1 
1023|Child_Cross21|50: 979 279 85 40 13 5 1 
1029|Child_Avg|35: 1028 293 82 40 12 5 1 
1030|Child_Avg|19: 1017 293 81 40 12 5 1 
1032|Child_Avg|15: 952 289 77 40 13 5 1 
1036|Child_LevyP1|9: 949 278 82 42 13 4 1 
1037|Child_Cross12|45: 952 289 77 40 12 5 1 
1039|Child_Cross12|9: 967 304 77 40 13 5 1 
1040|Child_Avg|23: 1244 300 97 36 15 4 1 
1043|Child_LevyABC2|6: 847 218 108 35 13 5 1 
1044|Child_CrossABC2|8: 1164 317 93 35 13 5 1 
1047|Child_Cross12|57: 1106 292 93 35 13 5 1 
1051|Child_Avg|51: 1037 297 82 35 13 5 1 
1077|Child_CrossABC2|2: 1036 304 85 35 13 5 1 
1081|Random|15: 1456 368 121 39 14 4 1 
1084|Child_CrossABC1|1: 1070 335 124 35 13 5 1 
1097|Survivor|1|Mutated: 1070 335 124 35 11 5 1 
1098|Child_Avg|39: 1013 292 94 35 13 5 1 
1099|Child_LevyABC2|6: 1144 340 114 33 14 6 1 
1101|Child_Avg|27: 1001 313 95 35 13 6 1 
1103|Child_Avg|39: 814 253 81 32 13 4 1 
1105|Child_Avg|31: 906 277 85 35 12 5 1 
1106|Child_Avg|35: 947 272 86 35 13 6 1 
1107|Child_Avg|19: 941 284 84 35 12 5 1 
1108|Child_Cross21|38: 947 272 86 35 12 5 1 
1114|Child_Cross12|33: 947 272 86 35 11 5 1 
1116|Child_CrossABC1|7|Mutated: 947 272 86 35 13 5 1 
1126|Child_CrossABC1|1: 964 265 89 35 11 5 1 
1129|Child_Avg|3: 947 268 85 35 12 5 1 
1135|Child_Avg|3: 927 270 79 35 12 5 1 
1136|Child_CrossABC1|7: 941 270 79 35 12 5 1 
1137|Child_CrossABC2|8: 919 270 79 35 12 5 1 
1138|Child_Avg|7: 930 270 79 35 12 5 1 
1139|Child_Cross21|18: 934 274 78 35 12 5 1 
1141|Child_CrossABC1|7: 945 271 78 35 12 5 1 
1143|Child_CrossABC2|2: 927 271 78 35 12 5 1 
1152|Child_CrossABC1|7: 928 263 78 35 12 5 1 
1161|Child_Cross21|6|Mutated: 1066 266 74 35 12 5 1 
1162|Child_Cross21|34: 929 267 74 35 12 5 1 
1166|Child_CrossABC2|8: 927 267 74 35 12 5 1 
1168|Child_Cross21|26: 1130 267 73 35 12 5 1 
1169|Child_Cross21|18: 929 267 73 35 12 5 1 
1170|Child_Cross21|46: 931 269 73 35 12 5 1 
1171|Child_Avg|43|Mutated: 961 270 86 35 11 5 1 
1172|Survivor|1|Mutated: 961 270 86 35 13 5 1 
1175|Child_Avg|59: 930 267 73 35 12 5 1 
1176|Child_Cross21|18|Mutated: 914 267 73 35 12 5 1 
1178|Child_Avg|39: 930 264 73 35 12 5 1 
1181|Child_CrossABC2|2: 931 269 79 35 12 5 1 
1182|Child_Cross21|58: 929 246 73 35 12 5 1 
1198|Child_Avg|27: 868 249 76 35 11 4 1 
1200|Child_Avg|35: 882 274 84 35 11 4 1 
1203|Child_Levy|44: 912 261 82 37 12 5 1 
1213|Child_Avg|3: 924 280 99 44 15 4 1 
1217|Child_Avg|19: 897 268 92 41 14 4 1 
1226|Child_Levy|48: 899 268 89 40 14 5 1 
1229|Child_Cross12|21: 903 266 77 41 13 4 1 
1230|Child_Levy|60: 899 243 77 36 15 4 1 
1231|Child_Avg|23: 1161 321 145 50 13 4 1 
1232|Child_Avg|39: 898 247 76 40 13 5 1 
1233|Child_Avg|47: 965 268 95 42 13 4 1 
1234|Child_CrossABC2|8: 999 254 100 43 13 5 1 
1238|Child_Cross21|14: 928 249 79 43 13 5 1 
1240|Child_Avg|23: 949 250 77 41 13 4 1 
1243|Child_Cross12|1: 906 255 82 40 12 5 1 
1247|Child_CrossABC2|8: 1109 261 81 40 14 5 1 
1250|Child_Avg|59: 1070 263 77 37 13 4 1 
1251|Child_CrossABC1|7: 1043 257 83 40 14 5 1 
1254|Child_Cross21|26: 1035 256 75 40 12 5 1 
1257|Child_LevyP1|3: 1052 260 74 41 13 4 1 
1258|Child_Cross21|46: 1062 245 72 40 13 4 1 
1259|Child_Levy|52: 1005 243 76 35 13 5 1 
1260|Child_Cross21|26: 1060 249 76 35 13 5 1 
1267|Child_Avg|23: 1145 279 96 37 14 4 1 
1274|Child_Avg|31|Mutated: 1128 309 92 37 13 4 1 
1276|Child_LevyABC2|6: 1132 295 113 35 12 5 1 
1283|Child_CrossABC1|1: 1055 289 98 35 13 5 1 
1284|Child_Levy|24: 1085 303 91 35 12 5 1 
1290|Child_Levy|40: 1052 276 85 35 13 5 1 
1295|Child_LevyP1|3: 1058 275 94 37 14 6 1 
1298|Child_Avg|43: 874 254 85 35 12 5 1 
1300|Child_Avg|55: 931 238 86 35 12 5 1 
1302|Child_Avg|11: 878 256 85 35 12 5 1 
1304|Child_Cross12|17: 1011 278 82 35 13 5 1 
1316|Child_Avg|7: 1060 279 78 35 12 5 1 
1318|Child_CrossABC1|1: 1055 279 86 35 12 5 1 
1328|Child_Levy|12: 1111 314 93 36 13 4 1 
1330|Child_CrossABC2|8: 1080 286 86 35 12 5 1 
1331|Child_CrossABC1|7|Mutated: 1080 268 86 35 12 5 1 
1332|Survivor|1|Mutated: 1080 251 86 35 12 5 1 
1333|Child_Avg|27|Mutated: 948 280 87 41 13 4 1 
1337|Survivor|1|Mutated: 1039 280 87 41 13 4 1 
1339|Child_LevyP2|10: 1060 277 89 45 14 5 1 
1347|Child_Avg|27: 1043 277 84 41 11 5 1 
1348|Child_Avg|3: 1066 277 85 40 13 5 1 
1350|Child_Levy|48: 1035 285 83 42 13 6 1 
1353|Child_Avg|59|Mutated: 1065 303 85 41 13 4 1 
1363|Child_CrossABC1|1: 1041 291 85 40 13 5 1 
1364|Child_LevyABC1|5: 1090 302 85 35 13 6 1 
1365|Child_LevyP1|3: 1049 301 85 41 14 4 1 
1367|Child_Avg|7: 1013 300 85 41 13 4 1 
1368|Child_Cross12|9|Mutated: 975 313 99 40 13 4 1 
1370|Child_Cross21|54: 1006 295 86 40 15 4 1 
1371|Child_Levy|48: 985 278 87 41 14 4 1 
1372|Child_Cross21|2|Mutated: 1051 279 83 40 13 4 1 
1374|Child_Cross12|41: 1024 293 86 42 13 4 1 
1375|Child_CrossABC1|1: 1050 281 88 41 13 4 1 
1379|Child_Levy|56: 1029 285 84 40 13 5 1 
1383|Child_Levy|48: 1516 472 123 45 14 4 1 
1389|Child_Levy|40: 1330 388 103 43 14 4 1 
1392|Child_Cross12|33: 994 370 101 39 14 4 1 
1396|Child_Avg|11: 1104 342 98 45 13 4 1 
1398|Child_Cross21|50: 1106 319 88 45 13 4 1 
1402|Child_Cross21|50|Mutated: 1281 317 101 45 13 4 1 
1404|Child_Cross12|25: 891 267 77 44 13 4 1 
1405|Child_Avg|51: 1040 313 87 41 13 4 1 
1412|Child_Avg|43: 1074 323 85 40 13 4 1 
1413|Child_Avg|7: 961 291 77 41 13 4 1 
1418|Child_Levy|40: 1306 328 98 39 11 4 1 
1421|Child_Avg|11: 1061 289 93 43 11 4 1 
1422|Child_Levy|24: 908 304 83 40 13 5 1 
1423|Child_Cross21|46: 964 303 76 41 13 4 1 
1424|Child_CrossABC2|2: 1019 301 79 38 11 4 1 
1426|Child_CrossABC1|1: 685 265 87 40 12 5 1 
1427|Child_Avg|35|Mutated: 797 286 81 39 11 4 1 
1432|Random|26: 1313 341 132 49 13 4 1 
1433|Child_Levy|12: 835 267 81 45 13 4 1 
1435|Child_Levy|60: 930 291 88 41 13 4 1 
1447|Child_CrossABC2|8: 914 242 89 41 13 4 1 
1449|Child_Levy|24: 876 271 79 41 13 4 1 
1450|Child_CrossABC1|1: 914 235 89 41 13 4 1 
1454|Child_Levy|60: 912 253 85 40 13 5 1 
1459|Child_Levy|32: 954 260 82 37 14 4 1 
1462|Child_Cross21|22: 942 255 77 37 14 4 1 
1463|Child_Cross21|22: 883 256 77 37 14 4 1 
1464|Child_CrossABC1|7: 916 261 77 39 14 4 1 
1465|Child_Cross21|50: 916 261 77 40 12 5 1 
1466|Child_Avg|31: 925 261 77 40 12 5 1 
1467|Child_Levy|24: 937 273 94 37 14 4 1 
1476|Child_CrossABC2|2: 935 277 93 37 13 4 1 
1479|Child_Avg|39: 927 263 80 37 13 4 1 
1484|Child_CrossABC2|8: 908 282 80 37 14 4 1 
1485|Child_Cross21|30: 924 254 78 37 12 5 1 
1486|Child_Cross12|21: 929 262 80 37 14 4 1 
1488|Child_LevyABC1|11: 914 237 89 40 13 5 1 
1489|Child_Avg|19: 979 256 77 37 13 4 1 
1490|Child_Cross21|50: 979 256 77 37 14 4 1 
1491|Child_Levy|12: 1205 301 97 33 14 6 1 
1495|Child_Avg|47: 1066 279 86 35 12 5 1 
1507|Child_Cross12|57: 983 263 77 35 12 5 1 
1509|Child_CrossABC2|8: 1050 292 77 35 12 5 1 
1511|Child_Cross12|49: 1027 277 80 35 13 5 1 
1513|Child_Cross12|33: 964 275 77 35 12 5 1 
1514|Child_Cross12|33|Mutated: 983 263 91 35 13 5 1 
1519|Child_Cross12|57|Mutated: 1107 321 82 35 13 5 1 
1520|Child_CrossABC1|1: 1165 347 85 35 12 5 1 
1521|Child_Levy|4: 1071 317 81 36 13 4 1 
1524|Child_Cross21|54: 948 271 73 36 13 4 1 
1525|Child_Cross12|13: 957 271 77 35 12 5 1 
1527|Child_CrossABC1|7: 927 275 73 36 13 4 1 
1528|Child_CrossABC2|8|Mutated: 1092 270 79 35 12 5 1 
1530|Child_Avg|59: 978 272 73 35 12 5 1 
1532|Child_Avg|59: 1024 275 74 35 12 5 1 
1535|Child_Avg|55: 993 275 74 35 12 5 1 
1546|Child_Cross21|46: 974 281 73 35 12 5 1 
1547|Child_Cross12|37: 978 271 73 35 12 5 1 
1548|Child_Avg|47: 971 256 74 35 12 5 1 
1549|Child_Cross21|58: 973 256 73 35 12 5 1 
1551|Child_Levy|16: 975 267 74 36 13 4 1 
1552|Child_Avg|59: 975 271 73 35 12 5 1 
1553|Child_Cross21|2: 972 265 73 35 12 5 1 
1555|Child_Cross12|33: 974 258 73 35 12 5 1 
1560|Child_Cross12|57: 972 271 73 35 12 5 1 
1561|Child_Cross12|33: 926 271 73 35 12 5 1 
1568|Child_Cross12|17: 981 271 73 35 12 5 1 
1574|Child_Cross21|46: 950 264 73 35 12 5 1 
1576|Child_Avg|3: 973 258 73 35 12 5 1 
1578|Child_Cross21|38: 871 258 73 35 12 5 1 
1579|Child_Cross12|45: 1081 258 73 35 12 5 1 
1581|Child_Avg|7: 905 258 73 35 12 5 1 
1585|Child_Avg|27: 936 258 73 35 12 5 1 
1586|Child_Cross12|29: 905 259 73 35 12 5 1 
1587|Child_Cross21|46: 901 258 73 35 12 5 1 
1588|Child_Cross12|21: 939 258 73 35 12 5 1 
1590|Child_Cross12|13|Mutated: 940 258 73 35 12 5 1 
1591|Child_Cross12|45: 904 258 73 35 12 5 1 
1598|Child_Avg|23: 939 258 80 35 13 5 1 
1604|Child_Avg|7: 934 258 73 35 12 5 1 
1608|Child_Avg|55: 938 258 73 35 12 5 1 
1611|Child_Cross21|54: 935 258 73 35 12 5 1 
1637|Child_Avg|43: 973 258 77 35 12 5 1 
1642|Child_Avg|59: 978 258 73 35 12 5 1 
1647|Child_Cross12|49: 867 258 73 35 12 5 1 
1648|Child_Cross21|38: 899 258 73 35 12 5 1 
1652|Child_Cross21|58: 902 258 73 35 12 5 1 
1654|Child_Cross21|6: 902 247 73 35 12 5 1 
1662|Child_Avg|59: 900 258 73 35 12 5 1 
1663|Child_CrossABC2|2: 994 258 96 35 12 5 1 
1664|Child_LevyP1|3: 967 264 97 36 13 4 1 
1679|Child_CrossABC2|2: 904 258 85 35 12 5 1 
1700|Child_Levy|56: 1204 295 93 36 11 3 1 
1701|Child_Cross21|14: 830 226 90 35 14 5 1 
1702|Child_Avg|11: 1048 265 94 38 11 4 1 
1703|Child_Avg|51: 1512 349 145 41 14 4 1 
1708|Child_Avg|51: 975 268 99 40 13 5 1 
1715|Child_Avg|31: 980 258 93 37 13 4 1 
1716|Child_Levy|16: 983 261 91 36 14 5 1 
1718|Child_Cross21|22: 961 245 87 40 13 5 1 
1720|Child_Avg|31: 948 257 79 37 13 4 1 
1721|Child_Levy|52|Mutated: 979 251 85 36 11 5 1 
1723|Child_LevyP2|10: 900 263 101 35 12 5 1 
1726|Child_CrossABC2|8: 899 270 79 35 12 5 1 
1728|Child_Cross21|54: 937 246 73 35 12 5 1 
1730|Child_CrossABC2|2: 900 256 86 35 11 4 1 
1731|Child_Levy|28: 915 263 77 37 12 5 1 
1732|Child_Avg|27: 888 256 78 35 12 5 1 
1733|Child_Levy|4: 1029 318 111 34 16 5 1 
1739|Child_Avg|11: 1021 277 89 34 16 5 1 
1740|Child_CrossABC1|7: 1025 299 110 34 16 5 1 
1741|Child_Cross21|58: 948 261 78 34 16 5 1 
1742|Child_Cross12|29: 874 254 81 34 16 5 1 
1743|Child_Avg|47: 908 245 84 33 14 4 1 
1744|Child_Avg|15: 891 255 81 32 13 4 1 
1745|Child_LevyABC1|11: 896 222 100 31 14 5 1 
1746|Child_Avg|7: 875 245 88 32 13 4 1 
1748|Child_Levy|36: 891 248 78 35 12 5 1 
1754|Child_Cross21|26: 891 249 79 32 13 4 1 
1764|Child_Cross21|26: 912 251 72 32 13 4 1 
1766|Child_Avg|31: 939 250 89 32 11 4 1 
1774|Child_Avg|43|Mutated: 903 261 76 28 11 4 1 
1775|Child_CrossABC1|1: 842 257 76 31 11 4 1 
1776|Child_LevyABC1|11: 896 249 85 28 12 5 1 
1778|Child_Avg|27: 1086 299 86 35 12 5 1 
1780|Child_Levy|16: 970 304 98 35 13 5 1 
1799|Survivor|1|Mutated: 970 304 98 35 11 5 1 
1801|Child_Avg|31: 881 272 88 35 12 5 1 
1809|Child_Cross12|41: 937 276 87 35 12 5 1 
1810|Child_Cross12|5|Mutated: 985 275 86 35 12 5 1 
1812|Child_Cross12|45: 934 267 88 35 12 5 1 
1814|Child_CrossABC2|2: 925 265 89 35 12 5 1 
1819|Child_CrossABC1|7: 906 276 87 35 12 5 1 
1820|Child_Avg|51: 931 276 85 35 12 5 1 
1822|Child_CrossABC1|7: 917 281 84 35 11 5 1 
1834|Child_Avg|47: 930 279 85 35 12 5 1 
1849|Child_CrossABC1|7: 953 261 76 35 12 5 1 
1850|Child_LevyP1|3: 926 277 81 36 13 4 1 
1851|Child_CrossABC2|2: 1039 270 78 35 12 5 1 
1852|Child_CrossABC1|7: 898 271 79 35 12 5 1 
1853|Child_Avg|43: 963 270 78 35 11 5 1 
1854|Child_Levy|32|Mutated: 925 275 93 36 13 4 1 
1857|Child_LevyABC1|5: 997 275 104 32 11 4 1 
1859|Child_Levy|20: 954 279 91 35 11 5 1 
1867|Child_Cross12|1: 950 268 84 35 11 5 1 
1869|Child_CrossABC2|2: 1020 273 86 35 11 5 1 
1881|Child_Cross21|26: 1018 273 85 35 12 5 1 
1905|Survivor|1|Mutated: 977 273 85 35 12 5 1 
1906|Child_CrossABC2|8: 966 293 84 35 12 5 1 
1914|Child_Cross12|45|Mutated: 960 291 85 35 12 5 1 
1916|Child_Cross12|17: 963 292 84 35 12 5 1 
1918|Child_CrossABC1|1: 912 293 87 36 13 4 1 
1919|Child_Cross12|45: 965 282 79 35 12 5 1 
1923|Child_CrossABC2|2: 1609 309 109 47 12 5 1 
1925|Survivor|1|Mutated: 1316 367 109 47 12 5 1 
1927|Child_Avg|15: 1150 314 95 41 11 5 1 
1935|Child_CrossABC2|8: 1279 278 88 42 13 6 1 
1937|Child_LevyABC2|12: 1372 279 84 41 11 5 1 
1939|Child_CrossABC2|2: 1073 265 82 39 11 4 1 
1941|Child_Cross21|58: 1086 254 87 39 11 4 1 
1944|Child_CrossABC2|2: 1051 251 93 40 11 5 1 
1952|Survivor|1|Mutated: 905 251 93 40 12 5 1 
1954|Child_Avg|11: 1039 272 85 41 13 4 1 
1964|Child_Cross12|33: 1135 261 81 40 12 5 1 
1973|Child_Avg|55: 1098 374 103 40 13 5 1 
1978|Child_LevyP1|9: 1107 394 105 41 14 6 1 
1992|Survivor|1|Mutated: 1107 394 100 41 14 6 1 
1994|Child_CrossABC1|7: 1056 310 101 40 13 5 1 
1997|Child_Avg|43: 1050 316 93 40 12 5 1 
1999|Child_Cross12|41: 1061 300 87 41 14 4 1 
2002|Child_CrossABC1|7: 1084 319 89 40 13 5 1 
2006|Child_CrossABC2|2: 1057 322 98 40 13 5 1 
2008|Child_LevyP2|4: 1047 320 100 37 14 6 1 
2009|Child_CrossABC1|7: 1055 317 89 40 13 5 1 
2013|Child_Cross12|29: 1099 347 85 40 12 5 1 
2014|Child_Avg|3: 1035 292 81 40 12 5 1 
2015|Child_Avg|51: 1062 295 79 38 13 4 1 
2017|Child_CrossABC2|8: 1008 285 79 40 14 5 1 
2018|Child_Avg|15: 1163 349 113 44 13 4 1 
2019|Child_Avg|11: 970 290 113 40 13 4 1 
2024|Child_CrossABC1|7: 1084 327 99 37 13 4 1 
2025|Child_Cross21|50|Mutated: 1079 311 113 35 11 4 1 
2027|Child_Levy|60: 1041 293 97 35 11 5 1 
2028|Child_Levy|4: 1063 297 93 40 12 5 1 
2029|Child_Avg|39: 1033 298 93 36 13 4 1 
2030|Child_Cross12|53: 1075 298 91 36 13 4 1 
2038|Child_Levy|32: 1015 291 91 35 11 5 1 
2040|Child_Levy|4|Mutated: 1020 284 90 35 12 5 1 
2044|Child_Avg|15|Mutated: 1063 276 87 35 12 5 1 
2045|Child_Cross21|54: 921 283 86 35 12 5 1 
2050|Child_Cross12|53: 964 279 86 35 12 5 1 
2058|Child_Avg|47: 1015 273 85 35 12 5 1 
2066|Child_CrossABC1|1|Mutated: 1134 258 98 35 12 5 1 
2067|Child_Avg|59: 1013 273 85 35 12 5 1 
2068|Child_Avg|47: 1014 273 85 35 12 5 1 
2077|Child_Cross21|58: 1036 279 84 35 12 5 1 
2078|Child_Cross21|30: 988 263 85 35 12 5 1 
2079|Child_Cross21|22: 1036 279 84 35 11 5 1 
2082|Child_CrossABC1|1: 1036 279 85 35 12 5 1 
2083|Child_CrossABC1|7: 1036 279 86 35 13 5 1 
2086|Child_Avg|7: 1030 307 85 35 12 5 1 
2099|Child_CrossABC1|1: 1030 303 85 35 12 5 1 
2109|Child_Avg|43|Mutated: 1084 309 85 35 12 5 1 
2112|Child_CrossABC2|2: 1126 306 91 35 12 5 1 
2113|Child_CrossABC2|8: 1196 314 85 35 12 5 1 
2114|Child_CrossABC2|8: 1100 300 89 35 12 5 1 
2116|Child_Avg|31: 1154 312 95 35 11 5 1 
2117|Child_CrossABC1|1: 1081 309 97 35 11 5 1 
2143|Child_Avg|19: 1109 311 97 35 11 5 1 
2179|Child_Cross21|34: 1109 311 97 35 12 5 1 
2181|Child_CrossABC1|1: 1091 313 97 35 12 5 1 
2182|Child_Avg|31: 1100 312 97 35 12 5 1 
2205|Child_CrossABC1|1: 1088 309 89 35 12 5 1 
2206|Child_Avg|15: 1081 300 87 35 11 4 1 
2207|Child_Cross21|58|Mutated: 1044 289 92 32 11 4 1 
2209|Child_Avg|31: 1134 291 84 35 11 4 1 
2215|Child_LevyP2|4: 1141 288 78 32 11 4 1 
2216|Child_Avg|27: 1068 269 80 35 12 5 1 
2217|Child_Avg|27|Mutated: 1102 281 92 31 11 4 1 
2219|Child_CrossABC1|1: 1109 282 89 32 11 4 1 
2227|Child_Avg|15: 1124 267 85 32 13 4 1 
2233|Child_CrossABC1|7: 1162 279 86 36 13 4 1 
2235|Survivor|1|Mutated: 1012 279 103 36 13 4 1 
2236|Child_Cross21|30: 960 262 76 39 11 4 1 
2238|Child_Avg|15: 1044 272 89 35 13 5 1 
2243|Child_LevyP1|3: 1087 261 97 36 13 4 1 
2266|Child_Cross12|9: 951 262 94 36 13 4 1 
2269|Child_Cross12|13: 1095 255 89 37 14 4 1 
2271|Child_Cross12|33: 1095 255 89 37 14 6 1 
2272|Child_LevyP1|9: 962 262 98 35 12 5 1 
2282|Child_Avg|31: 935 267 86 35 12 5 1 
2284|Child_CrossABC2|2: 956 271 87 35 12 5 1 
2285|Child_CrossABC2|2: 1044 272 85 35 12 5 1 
2291|Child_Cross21|46: 980 269 85 35 12 5 1 
2299|Child_Avg|19: 1033 270 84 35 11 5 1 
2301|Child_Cross21|18: 973 270 84 35 11 5 1 
2303|Child_Cross21|6: 917 270 84 35 11 5 1 
2307|Child_CrossABC1|1: 917 267 84 35 11 5 1 
2309|Child_Avg|47: 938 269 84 35 11 5 1 
2310|Child_Cross12|13: 952 282 84 35 11 5 1 
2313|Child_Cross12|9|Mutated: 957 268 84 35 11 5 1 
2315|Child_Cross21|18: 980 269 84 35 11 5 1 
2317|Child_Avg|15: 917 268 84 35 11 5 1 
2318|Child_Cross12|25: 934 270 84 35 11 5 1 
2319|Child_Cross12|9: 952 270 84 35 11 5 1 
2320|Child_CrossABC2|2: 920 270 84 35 11 5 1 
2325|Child_Cross12|17: 931 269 84 35 11 5 1 
2326|Child_Cross21|58: 917 269 84 35 11 5 1 
2329|Child_Cross12|33: 917 283 84 35 11 5 1 
2345|Child_Avg|11: 917 256 84 35 11 5 1 
2350|Child_Avg|43: 917 261 84 35 11 5 1 
2355|Child_Cross21|26: 917 272 84 35 11 5 1 
2365|Child_Avg|31: 917 268 89 35 11 5 1 
2366|Child_Avg|23: 917 277 84 35 11 5 1 
2367|Child_Avg|59: 917 267 86 35 11 5 1 
2369|Child_Cross21|26: 917 292 84 35 11 5 1 
2390|Child_Cross12|33: 935 276 84 35 11 5 1 
2398|Survivor|1|Mutated: 935 276 84 35 11 6 1 
2399|Child_Cross12|25|Mutated: 1145 302 90 49 12 5 1 
2400|Child_Levy|48|Mutated: 855 321 112 40 13 5 1 
2401|Child_Avg|39: 975 270 98 40 13 5 1 
2402|Child_Cross21|6: 1000 285 88 40 13 5 1 
2403|Child_Avg|35: 1029 307 97 40 13 5 1 
2405|Child_CrossABC1|1: 1023 287 99 40 13 5 1 
2411|Survivor|1|Mutated: 1023 287 99 40 13 4 1 
2415|Child_CrossABC2|2: 1020 288 99 40 13 4 1 
2417|Child_Cross21|18: 1041 298 88 40 13 4 1 
2418|Child_Avg|39: 1024 295 93 40 12 5 1 
2421|Child_Avg|27: 1022 293 94 40 12 5 1 
2423|Child_Cross21|26: 1002 292 91 40 12 5 1 
2424|Child_CrossABC1|7: 1064 289 90 40 13 4 1 
2426|Child_Avg|23: 1367 386 112 40 13 4 1 
2443|Child_Avg|7: 1144 321 88 37 13 4 1 
2444|Child_Cross21|18: 1088 315 85 41 13 4 1 
2445|Child_Avg|51: 1163 266 90 40 13 4 1 
2450|Child_Cross21|6: 1136 281 83 40 13 5 1 
2451|Child_CrossABC2|8: 1145 285 84 40 13 5 1 
2465|Child_CrossABC2|8|Mutated: 1145 285 101 40 13 5 1 
2467|Child_CrossABC2|8: 1133 281 93 37 13 4 1 
2468|Child_LevyABC2|6: 1155 280 115 41 14 6 1 
2471|Child_CrossABC2|2: 1129 281 102 40 13 5 1 
2479|Child_Levy|20: 1126 290 88 39 14 6 1 
2480|Child_Levy|28|Mutated: 1133 371 141 40 13 5 1 
2481|Child_Levy|40: 1064 277 89 40 13 5 1 
2482|Child_Cross12|45: 1064 277 89 40 12 5 1 
2483|Child_Avg|59: 1039 284 98 40 13 5 1 
2492|Child_Avg|11: 1085 285 83 40 13 5 1 
2493|Child_Avg|55: 1070 293 85 40 13 5 1 
2494|Child_Avg|27: 1019 288 99 40 13 5 1 
2499|Child_Levy|24: 1052 286 93 41 14 6 1 
2501|Child_Cross21|14|Mutated: 1051 283 86 41 14 6 1 
2502|Child_Cross12|53: 973 239 85 40 13 5 1 
2503|Child_Cross21|26: 1052 297 85 40 13 5 1 
2504|Child_Cross21|42: 1048 298 85 40 13 5 1 
2505|Child_Cross21|34: 1052 292 85 40 13 5 1 
2506|Child_Cross21|46: 1030 279 85 40 13 5 1 
2510|Child_Avg|27: 1051 286 84 40 13 5 1 
2511|Child_CrossABC2|2: 1059 279 85 40 13 5 1 
2513|Child_Avg|55: 1048 279 85 40 13 5 1 
2514|Child_Cross21|46: 1051 279 85 40 13 5 1 
2515|Child_CrossABC2|8: 1067 279 85 40 13 5 1 
2518|Child_CrossABC2|8: 1027 279 85 40 13 5 1 
2519|Child_Cross21|18: 1184 279 85 40 13 5 1 
2520|Child_Cross21|10: 1054 279 85 40 13 5 1 
2521|Child_Avg|3: 990 279 85 40 13 5 1 
2522|Child_Cross21|54: 950 279 85 40 13 5 1 
2525|Child_Cross21|46: 1099 279 85 40 13 5 1 
2527|Child_Cross12|17: 926 279 85 40 13 5 1 
2528|Child_Cross21|42: 1075 279 85 40 13 5 1 
2529|Child_Cross21|54: 1040 279 85 40 13 5 1 
2530|Child_CrossABC1|7: 1045 279 85 40 13 5 1 
2531|Child_Cross12|33: 1088 279 85 40 13 5 1 
2538|Child_Cross21|34: 1035 279 85 40 13 5 1 
2555|Child_Cross21|46: 913 279 85 40 13 5 1 
2557|Child_Cross12|13: 1056 279 85 40 13 5 1 
2559|Child_Avg|43: 1070 279 85 40 13 5 1 
2565|Child_Cross12|49: 1069 279 85 40 13 5 1 
2570|Child_Cross12|33|Mutated: 1064 279 96 40 13 5 1 
2573|Child_Cross12|49|Mutated: 1075 279 98 40 13 5 1 
2576|Child_CrossABC2|2: 1078 279 103 40 13 5 1 
2598|Child_Cross21|2: 1093 279 85 40 13 5 1 
2599|Child_Cross21|42: 1072 279 85 40 13 5 1 
2603|Child_CrossABC2|2: 1046 279 85 40 13 5 1 
2606|Child_Cross12|9: 1083 279 85 40 13 5 1 
2609|Child_Cross21|18: 1120 279 85 40 13 5 1 
2618|Child_Avg|3: 1064 279 85 40 13 5 1 
2648|Child_Cross21|22: 1168 279 85 40 13 5 1 
2649|Child_Avg|55: 1024 279 85 40 13 5 1 
2650|Child_Avg|43: 1070 279 90 40 13 5 1 
2668|Child_Cross21|26|Mutated: 1069 279 101 40 13 5 1 
2671|Child_CrossABC1|7: 1070 279 116 40 13 5 1 
2687|Child_Avg|15: 1043 278 78 32 11 3 1 
2689|Child_Cross21|22: 1043 278 78 32 11 4 1 
2693|Child_Avg|3: 982 260 78 35 11 5 1 
2694|Child_Levy|48: 1176 257 110 40 13 5 1 
2700|Child_CrossABC2|2: 916 254 83 40 13 5 1 
2701|Child_CrossABC2|2: 957 254 109 40 13 5 1 
2704|Child_Avg|3|Mutated: 1023 278 90 40 13 5 1 
2727|Child_CrossABC2|2: 891 278 90 40 13 5 1 
2728|Child_CrossABC2|8: 937 278 90 40 13 5 1 
2731|Child_LevyABC2|6: 981 282 87 41 14 6 1 
2733|Child_Avg|11: 1018 294 103 40 14 5 1 
2734|Child_CrossABC2|8: 1021 304 102 41 14 6 1 
2735|Child_Avg|55: 1019 299 102 40 14 5 1 
2736|Child_CrossABC2|8: 1083 316 118 41 14 6 1 
2760|Child_Cross12|25|Mutated: 969 288 99 41 14 6 1 
2762|Child_CrossABC1|1: 1063 300 106 41 14 6 1 
2766|Child_Cross12|9: 1298 341 99 40 13 5 1 
2767|Child_Cross21|6: 1298 341 99 39 14 6 1 
2768|Child_Cross21|46: 1120 305 96 40 13 5 1 
2770|Child_LevyP1|9|Mutated: 1092 306 125 43 14 6 1 
2779|Child_Levy|12: 1120 313 123 43 14 6 1 
2784|Child_Levy|44: 1160 316 100 41 14 6 1 
2788|Child_Avg|27: 1190 303 94 41 13 4 1 
2789|Child_Avg|51|Mutated: 1160 319 90 40 13 5 1 
2798|Child_Cross21|26: 1163 319 90 40 13 5 1 
2802|Child_Avg|19: 1177 320 90 41 13 4 1 
2805|Child_Avg|7: 1183 315 88 41 13 4 1 
2808|Child_Avg|7: 1189 301 88 40 13 5 1 
2809|Child_Avg|11: 1184 303 85 41 13 4 1 
2811|Child_Cross21|26: 1184 303 85 40 13 5 1 
2812|Child_Avg|39|Mutated: 969 305 102 40 13 4 1 
2813|Child_Levy|52|Mutated: 1186 306 98 35 13 5 1 
2817|Child_Cross21|54: 1142 311 85 40 13 5 1 
2818|Child_Levy|60: 1258 309 93 40 12 5 1 
2819|Child_Cross12|49: 1181 308 85 40 12 5 1 
2820|Child_Cross12|9: 1173 308 86 40 13 5 1 
2821|Child_CrossABC1|1: 1181 319 115 37 12 5 1 
2823|Child_CrossABC1|7: 1205 314 90 41 14 6 1 
2824|Child_Cross12|21: 1053 301 92 37 13 4 1 
2825|Child_Cross21|26: 1162 313 89 35 13 6 1 
2826|Child_Avg|43: 1153 295 90 37 13 4 1 
2827|Child_Avg|59: 1186 319 94 36 13 4 1 
2836|Child_LevyABC2|12|Mutated: 1202 337 102 39 14 4 1 
2842|Child_LevyP2|10: 1147 330 102 35 12 5 1 
2847|Child_Levy|16: 1144 318 90 35 12 5 1 
2850|Child_CrossABC1|1: 1146 302 90 35 12 5 1 
2853|Child_Avg|3: 1128 334 86 35 12 5 1 
2854|Child_Cross21|10: 1144 292 89 35 12 5 1 
2855|Child_Cross12|37: 1146 303 86 35 12 5 1 
2860|Child_Avg|15: 1137 292 85 35 12 5 1 
2862|Child_Cross12|1: 1147 302 84 35 11 5 1 
2864|Child_Cross21|54: 1152 308 85 35 12 5 1 
2865|Child_Cross21|46: 1145 311 84 35 13 5 1 
2868|Child_Cross21|6: 1148 305 84 35 11 5 1 
2871|Child_Avg|11: 1145 304 84 35 11 5 1 
2876|Child_Cross21|38: 1116 305 84 35 11 5 1 
2878|Child_Avg|23: 1132 296 84 35 11 5 1 
2880|Child_CrossABC1|7: 1120 302 84 35 11 5 1 
2883|Child_Cross21|30: 1134 303 84 35 11 5 1 
2886|Child_Avg|27: 1141 305 84 35 11 5 1 
2887|Child_Cross21|46: 1134 256 84 35 11 5 1 
2896|Child_Cross12|25: 1127 302 84 35 11 5 1 
2897|Child_Cross21|38: 1113 305 84 35 11 5 1 
2900|Child_Avg|47: 1127 302 91 35 11 5 1 
2906|Child_CrossABC1|1: 1110 305 97 35 11 5 1 
2910|Child_Cross12|57: 1123 305 84 35 11 5 1 
2912|Child_Cross21|38: 1117 305 84 35 11 5 1 
2917|Child_Cross12|33: 1134 302 84 35 11 5 1 
2919|Child_Cross12|17: 1141 303 84 35 11 5 1 
2922|Child_CrossABC2|8: 1127 309 84 35 11 5 1 
2930|Child_CrossABC2|2: 1113 302 84 35 11 5 1 
2933|Child_Cross12|25: 1130 305 84 35 11 5 1 
2937|Child_Cross21|2: 1115 303 84 35 11 5 1 
2944|Child_Cross12|45: 1134 305 84 35 11 5 1 
2954|Child_Cross21|54: 1134 304 84 35 11 5 1 
2957|Child_Avg|15: 1134 316 84 35 11 5 1 
2967|Child_Cross12|29: 1127 303 84 35 11 5 1 
2971|Child_Cross21|2|Mutated: 1119 302 84 35 13 5 1 
2974|Child_Cross21|54: 1127 304 84 35 11 5 1 
2980|Child_Cross12|17: 1070 302 84 35 11 5 1 
2981|Child_Avg|51: 1120 305 84 35 11 5 1 
2984|Child_Cross12|33: 1100 302 84 35 11 5 1 
2987|Child_Cross12|5: 1112 302 84 35 11 5 1 
2988|Child_Avg|31: 1119 302 84 35 11 5 1 
2991|Child_Cross12|53: 1071 302 84 35 11 5 1 
3003|Child_Cross12|17: 1148 302 84 35 11 5 1 
3004|Child_Cross21|22: 1126 302 84 35 11 5 1 
3007|Child_Avg|59: 1114 302 91 35 11 5 1 
3010|Child_CrossABC2|8: 1127 317 108 35 11 5 1 
3024|Child_Cross12|37: 1127 302 84 35 13 5 1 
3027|Child_CrossABC2|2: 1127 302 95 35 11 5 1 
3031|Child_Cross21|42: 1114 302 84 35 11 5 1 
3039|Child_Cross12|57: 1113 302 84 35 13 5 1 
3045|Child_Cross12|25: 1110 304 84 35 11 5 1 
3064|Child_Cross21|14: 1120 295 84 35 11 5 1 
3081|Child_CrossABC1|7: 1059 309 89 35 13 5 1 
3096|Child_Cross21|18: 1071 290 81 36 13 4 1 
3103|Child_Avg|11|Mutated: 958 272 89 35 13 5 1 
3104|Survivor|1|Mutated: 942 272 89 35 13 5 1 
3105|Child_Avg|7: 1026 296 81 36 13 4 1 
3106|Child_Avg|19: 1065 285 80 36 13 4 1 
3109|Child_Avg|7: 1075 311 81 36 13 4 1 
3111|Child_Avg|39: 956 283 76 35 12 5 1 
3112|Child_CrossABC2|8|Mutated: 1142 290 82 37 12 5 1 
3113|Child_Avg|23: 1055 308 80 31 14 4 1 
3116|Child_Levy|4: 1041 297 76 35 13 5 1 
3117|Child_Cross21|30: 972 326 79 32 13 4 1 
3118|Child_Levy|48: 1080 303 77 35 13 5 1 
3121|Child_Cross21|30: 968 283 75 32 13 4 1 
3122|Child_Cross21|18: 968 283 75 35 11 5 1 
3124|Child_Avg|31: 1078 335 81 36 13 4 1 
3125|Child_CrossABC2|2: 938 296 84 35 11 5 1 
3132|Child_Cross21|6|Mutated: 943 231 74 35 12 5 1 
3134|Child_Avg|31: 960 251 74 35 12 5 1 
3137|Child_Cross12|29: 952 239 73 35 11 5 1 
3138|Child_Avg|15: 974 258 73 35 11 5 1 
3139|Child_CrossABC1|1: 919 256 75 35 11 5 1 
3140|Child_Avg|51: 957 253 73 35 11 5 1 
3141|Child_Avg|23: 943 250 73 35 11 5 1 
3142|Child_Cross12|41: 957 253 73 35 12 5 1 
3144|Child_Cross21|50: 943 250 73 36 13 4 1 
3154|Child_Avg|3: 857 362 103 36 15 4 1 
3157|Child_Cross21|26: 943 250 73 35 12 5 1 
3158|Child_Cross21|10: 871 247 73 35 12 5 1 
3159|Child_CrossABC1|1: 911 250 73 35 12 5 1 
3164|Child_CrossABC1|1: 933 247 74 35 12 5 1 
3166|Child_Cross21|46: 930 247 73 35 12 5 1 
3168|Child_Cross21|22: 873 249 73 35 12 5 1 
3169|Child_Cross21|22: 910 246 73 35 12 5 1 
3175|Child_Cross21|50: 901 258 73 35 11 5 1 
3179|Child_Cross12|17: 904 246 73 35 12 5 1 
3181|Child_Avg|23: 914 249 73 35 12 5 1 
3182|Child_Avg|39: 896 246 73 35 12 5 1 
3187|Child_Cross12|5: 911 249 73 35 12 5 1 
3199|Child_CrossABC2|8: 904 233 90 35 12 5 1 
3203|Child_Cross21|58: 913 247 73 35 12 5 1 
3220|Child_Cross12|9: 899 247 73 35 12 5 1 
3221|Child_Cross12|49: 891 246 73 35 12 5 1 
3229|Survivor|1|Mutated: 891 246 73 35 13 5 1 
3230|Child_Levy|32: 1157 309 85 35 13 5 1 
3232|Child_Levy|12: 947 280 76 35 13 5 1 
3233|Child_Avg|19: 888 259 81 36 13 4 1 
3236|Child_Cross12|5: 809 245 76 35 13 5 1 
3237|Child_Avg|23: 951 278 76 36 13 4 1 
3238|Child_Avg|35: 883 265 73 35 13 5 1 
3240|Child_CrossABC2|8: 830 261 75 35 11 5 1 
3241|Child_Cross21|6: 928 279 73 35 11 5 1 
3242|Child_Cross12|17: 914 275 73 35 13 5 1 
3243|Child_Levy|52: 900 271 74 35 12 5 1 
3244|Child_Avg|59: 891 268 75 35 11 5 1 
3247|Child_Cross21|30: 891 274 73 35 13 5 1 
3248|Child_Cross21|34: 891 274 73 35 12 5 1 
3249|Child_Cross21|10|Mutated: 847 261 82 35 13 5 1 
3255|Survivor|1|Mutated: 928 261 82 35 13 5 1 
3260|Child_CrossABC1|1: 885 262 82 35 13 5 1 
3263|Child_CrossABC1|7: 878 262 82 35 13 5 1 
3268|Child_CrossABC2|2: 881 262 82 35 13 5 1 
3282|Survivor|1|Mutated: 881 297 82 35 13 5 1 
3283|Child_Avg|31: 819 265 113 41 13 4 1 
3284|Child_Cross21|10: 887 263 71 35 13 5 1 
3285|Child_CrossABC1|7: 887 258 80 35 13 5 1 
3292|Child_Levy|52|Mutated: 1139 310 98 35 13 5 1 
3294|Child_CrossABC2|2: 1203 363 103 35 13 5 1 
3295|Child_LevyP1|3: 1226 354 105 37 14 4 1 
3299|Survivor|1|Mutated: 1226 354 94 37 14 4 1 
3300|Child_CrossABC2|2: 1414 291 95 37 14 4 1 
3301|Child_Cross21|42: 947 263 77 37 14 4 1 
3302|Child_Levy|36: 1128 293 86 36 13 4 1 
3303|Child_LevyABC1|5: 1090 300 101 40 13 4 1 
3304|Child_CrossABC2|8: 1052 301 105 37 13 4 1 
3306|Child_Avg|59: 979 266 83 36 13 4 1 
3308|Child_Levy|40: 928 261 82 35 13 6 1 
3309|Child_Avg|55: 1097 313 90 35 12 5 1 
3310|Child_Avg|19: 956 267 78 35 12 5 1 
3329|Child_LevyP1|3: 986 264 79 32 13 4 1 
3340|Child_CrossABC2|2: 993 275 78 32 13 4 1 
3341|Child_CrossABC1|7: 905 247 79 32 13 4 1 
3357|Child_Cross21|42: 975 263 72 32 13 4 1 
3358|Child_Cross21|2: 945 262 72 32 13 4 1 
3365|Survivor|1|Mutated: 871 262 72 32 13 4 1 
3366|Child_Avg|47: 915 263 69 32 13 4 1 
3369|Child_Avg|59: 875 236 74 36 13 4 1 
3371|Survivor|1|Mutated: 875 263 74 36 13 4 1 
3380|Child_Cross12|37: 919 260 73 36 13 4 1 
3383|Child_Avg|19: 934 259 73 35 13 5 1 
3390|Child_CrossABC2|2: 944 265 77 35 13 5 1 
3393|Child_Avg|47: 1170 285 97 36 13 4 1 
3395|Survivor|1|Mutated: 1051 285 104 36 13 4 1 
3400|Child_CrossABC2|8: 1078 290 108 35 11 5 1 
3401|Survivor|1|Mutated: 1078 290 108 35 12 5 1 
3405|Survivor|1|Mutated: 1078 290 98 35 12 5 1 
3406|Child_CrossABC2|8: 949 262 112 35 12 5 1 
3408|Child_CrossABC1|1: 1021 286 98 35 12 5 1 
3415|Child_Avg|11|Mutated: 1007 294 101 35 12 5 1 
3422|Child_Levy|16: 949 295 103 35 13 5 1 
3423|Child_Cross12|13: 911 262 89 35 12 5 1 
3431|Survivor|1|Mutated: 914 262 89 35 12 5 1 
3438|Child_Cross21|30: 915 265 87 36 13 4 1 
3442|Child_Avg|7: 815 249 85 35 12 5 1 
3443|Child_Cross21|50: 816 248 86 35 12 5 1 
3446|Child_CrossABC2|2: 883 264 86 35 12 5 1 
3447|Child_Cross12|5: 883 264 86 36 13 4 1 
3448|Child_Cross12|53: 899 258 85 35 12 5 1 
3450|Child_CrossABC2|2: 895 259 85 35 12 5 1 
3451|Child_Levy|28: 885 254 85 35 12 5 1 
3454|Child_CrossABC2|8: 900 253 86 35 11 5 1 
3455|Child_CrossABC1|1: 892 253 86 35 11 5 1 
3456|Child_Cross21|38: 888 253 84 35 11 5 1 
3462|Child_CrossABC2|2: 912 254 78 35 11 5 1 
3464|Child_Cross12|9: 891 251 83 36 13 4 1 
3471|Child_Cross21|38: 905 253 75 35 11 4 1 
3472|Child_Cross21|14: 899 247 73 36 13 4 1 
3474|Child_CrossABC1|7: 903 253 75 35 11 4 1 
3478|Child_CrossABC1|1: 904 254 75 35 11 4 1 
3484|Child_Cross21|30: 908 248 75 35 11 4 1 
3485|Child_CrossABC1|1: 907 247 75 35 11 4 1 
3487|Child_CrossABC1|1: 906 239 76 35 11 4 1 
3490|Child_Avg|3: 922 253 75 35 11 4 1 
3492|Child_Levy|16: 980 289 84 35 13 5 1 
3493|Survivor|1|Mutated: 980 289 85 35 13 4 1 
3494|Child_Cross12|21: 865 236 73 36 13 4 1 
3495|Child_Cross12|29: 1140 293 80 35 13 6 1 
3500|Child_Avg|19|Mutated: 1098 262 95 37 12 5 1 
3502|Child_CrossABC1|1: 1037 273 106 40 12 5 1 
3511|Child_CrossABC2|8: 1061 277 114 41 14 4 1 
3525|Child_Avg|19: 1348 340 100 41 13 4 1 
3526|Child_Levy|44: 1176 307 97 40 13 5 1 
3534|Child_Cross21|30: 942 271 84 40 13 5 1 
3535|Child_Levy|8: 1013 284 86 35 12 5 1 
3540|Child_Cross12|41: 941 302 88 40 13 5 1 
3541|Child_Levy|48: 1029 284 102 35 13 5 1 
3551|Child_Avg|39: 1036 286 94 35 13 5 1 
3552|Child_Cross21|34: 1079 303 84 35 13 5 1 
3553|Child_Avg|27: 959 329 116 40 13 4 1 
3554|Child_Avg|39: 1018 285 85 41 13 4 1 
3559|Child_LevyP2|10: 1053 277 79 37 11 4 1 
3560|Child_Avg|15: 908 260 79 37 13 4 1 
3561|Child_Cross12|5: 900 266 80 35 13 5 1 
3563|Child_Cross12|45: 955 277 80 35 13 5 1 
3572|Child_Avg|35: 974 276 77 35 13 5 1 
3573|Child_Cross21|26: 998 278 74 35 12 5 1 
3574|Child_CrossABC2|8: 1108 275 77 35 12 5 1 
3576|Child_Cross21|18: 984 275 73 35 12 5 1 
3580|Child_Cross12|49: 949 250 73 35 12 5 1 
3581|Child_LevyP2|10: 961 278 80 37 13 4 1 
3586|Child_LevyABC2|6: 939 293 83 40 14 5 1 
3589|Child_Avg|51: 1035 288 86 36 13 4 1 
3595|Child_Cross21|26: 1018 281 83 36 13 4 1 
3637|Child_Levy|12: 984 284 77 35 13 5 1 
3641|Child_Cross21|54: 1050 277 76 35 13 5 1 
3643|Child_CrossABC1|7: 1063 274 76 35 13 5 1 
3644|Child_Avg|59: 949 277 76 35 13 5 1 
3646|Child_Cross21|34: 1099 284 76 35 13 5 1 
3647|Child_Cross12|25: 912 289 74 33 14 4 1 
3648|Child_Avg|39: 1063 305 103 40 13 4 1 
3650|Child_Avg|59: 1051 296 76 35 13 5 1 
3652|Child_Avg|59: 1055 303 90 44 13 4 1 
3654|Child_Avg|47: 1042 299 86 42 13 4 1 
3655|Child_CrossABC2|2: 1039 297 88 40 13 4 1 
3656|Child_Avg|39: 1057 294 86 40 13 4 1 
3661|Child_Avg|23: 947 284 93 40 12 5 1 
3664|Child_Levy|48: 1122 297 104 42 13 6 1 
3666|Child_Cross21|42: 1085 287 96 42 13 6 1 
3667|Child_Avg|3: 991 289 88 41 14 6 1 
3670|Child_Avg|23: 1036 287 90 40 12 5 1 
3672|Child_LevyABC1|11: 978 280 90 39 14 4 1 
3675|Child_Cross21|6: 1091 291 82 35 13 5 1 
3676|Child_Levy|32: 1251 333 104 40 13 5 1 
3681|Child_Cross12|57: 1126 276 97 40 13 5 1 
3683|Child_CrossABC2|8: 1129 319 104 40 13 5 1 
3685|Child_Cross12|5: 1059 334 99 35 13 5 1 
3693|Child_Cross12|17: 1043 309 91 37 14 4 1 
3699|Child_Levy|8: 1077 293 84 35 11 5 1 
3707|Survivor|1|Mutated: 1114 293 84 35 13 5 1 
3712|Child_CrossABC2|2: 1110 291 85 35 12 5 1 
3714|Child_CrossABC2|2: 1089 284 90 35 12 5 1 
3717|Child_CrossABC1|7: 1099 284 90 35 12 5 1 
3720|Child_CrossABC2|2: 888 293 101 35 12 5 1 
3726|Child_Avg|55: 945 309 98 35 12 5 1 
3729|Child_Cross21|26: 1103 326 98 35 12 5 1 
3730|Child_CrossABC2|2: 1141 323 98 35 12 5 1 
3731|Survivor|1|Mutated: 1141 327 98 35 12 5 1 
3732|Child_Avg|59: 1086 296 97 35 12 5 1 
3735|Child_Cross21|54: 965 307 86 35 12 5 1 
3736|Child_CrossABC2|2: 1019 309 85 35 12 5 1 
3737|Child_Cross21|14|Mutated: 1109 293 87 35 12 5 1 
3738|Child_Cross21|58: 1087 289 86 35 12 5 1 
3739|Child_Avg|7: 982 295 86 35 13 5 1 
3740|Child_Cross21|22: 982 295 86 35 12 5 1 
3742|Child_CrossABC2|2: 1058 298 89 35 13 5 1 
3745|Child_Avg|47: 1049 297 89 35 13 5 1 
3746|Child_CrossABC1|7: 1059 293 93 35 13 5 1 
3755|Child_Avg|43: 1064 308 102 37 12 5 1 
3756|Child_Cross21|58: 966 290 90 37 13 4 1 
3757|Child_Cross12|45: 1134 289 98 35 13 5 1 
3765|Child_CrossABC2|8: 1125 289 98 35 13 5 1 
3766|Child_Avg|7: 1137 289 98 35 13 5 1 
3768|Child_Avg|31: 1086 300 89 35 12 5 1 
3769|Child_Cross12|25: 1086 300 89 35 13 5 1 
3777|Child_Levy|28: 1109 288 89 35 13 5 1 
3782|Child_Levy|16: 1107 296 85 35 12 5 1 
3785|Child_Cross21|26|Mutated: 1109 293 99 37 14 6 1 
3786|Child_Avg|43: 1110 279 86 35 12 5 1 
3805|Child_Avg|23: 1058 273 82 35 13 5 1 
3808|Child_Avg|15: 1051 271 80 35 13 5 1 
3809|Child_Avg|7: 1047 278 84 35 11 5 1 
3810|Child_Cross12|49: 1041 278 77 35 13 5 1 
3813|Child_CrossABC1|7: 1040 277 79 35 12 5 1 
3814|Child_CrossABC2|2: 1086 235 79 35 12 5 1 
3815|Child_CrossABC2|2|Mutated: 1055 312 90 35 12 5 1 
3821|Child_CrossABC2|2: 1054 291 100 35 12 5 1 
3827|Child_CrossABC2|8: 1058 286 110 35 12 5 1 
3828|Child_Cross12|45|Mutated: 1033 278 86 35 12 5 1 
3829|Child_CrossABC2|8: 1067 283 86 35 12 5 1 
3830|Child_CrossABC1|1: 1071 278 88 35 12 5 1 
3833|Child_Avg|23: 1058 275 78 35 12 5 1 
3847|Child_Cross21|30: 1066 272 73 35 12 5 1 
3848|Child_Cross21|6: 1092 287 73 35 12 5 1 
3849|Child_Cross21|6: 1060 275 73 35 12 5 1 
3858|Child_CrossABC1|7: 1045 295 103 37 13 4 1 
3859|Child_Avg|23: 1025 277 92 43 13 4 1 
3860|Child_CrossABC2|2: 882 272 89 36 13 4 1 
3862|Child_CrossABC1|1: 923 276 83 36 13 4 1 
3867|Child_Avg|43: 927 272 88 35 12 5 1 
3868|Child_Avg|59|Mutated: 986 292 85 41 13 4 1 
3870|Child_Levy|8: 906 272 79 39 14 4 1 
3871|Child_Cross12|17: 938 278 80 37 13 4 1 
3872|Child_Avg|11: 918 274 81 36 13 4 1 
3882|Child_Levy|48: 1249 326 122 45 17 5 1 
3892|Child_Cross12|21: 980 281 77 41 13 4 1 
3893|Child_Cross21|46: 910 266 79 35 12 5 1 
3894|Child_CrossABC1|7: 872 298 93 40 12 5 1 
3895|Child_Avg|23: 941 268 89 35 12 5 1 
3908|Child_Cross12|13: 889 246 85 35 12 5 1 
3920|Child_Cross21|54: 939 271 78 35 12 5 1 
3945|Child_Cross21|50: 940 271 73 35 12 5 1 
3948|Child_CrossABC2|8: 958 272 73 35 12 5 1 
3951|Child_Avg|35: 916 271 73 35 12 5 1 
3954|Child_Cross12|33: 922 271 73 35 12 5 1 
3957|Child_Cross12|17: 949 272 73 35 12 5 1 
3960|Child_Cross12|33: 943 269 73 35 12 5 1 
3962|Child_Cross21|22: 939 267 73 35 12 5 1 
3963|Child_Cross21|22: 937 269 73 35 12 5 1 
3969|Child_Cross21|34: 937 271 73 35 12 5 1 
3970|Child_Cross12|33: 934 272 73 35 12 5 1 
3971|Child_Avg|47|Mutated: 940 271 85 35 12 5 1 
3973|Child_Avg|27: 931 271 79 35 12 5 1 
3974|Child_Cross12|21: 940 272 73 35 12 5 1 
3975|Child_Cross12|37: 914 272 73 35 12 5 1 
3979|Child_Cross21|58: 946 272 73 35 12 5 1 
3982|Child_Cross21|6: 937 272 73 35 12 5 1 
3984|Child_Cross12|21: 943 271 73 35 12 5 1 
3987|Child_Cross12|17: 917 272 73 35 12 5 1 
3997|Child_Avg|3: 937 271 78 35 12 5 1 
4030|Child_Cross12|9: 911 272 73 35 12 5 1 
4031|Child_Cross12|57|Mutated: 934 272 88 35 12 5 1 
4042|Survivor|1|Mutated: 934 231 88 35 12 5 1 
4050|Child_Cross21|14: 934 269 73 35 12 5 1 
4054|Child_Avg|59: 984 272 73 35 12 5 1 
4066|Child_Cross21|6: 920 272 73 35 12 5 1 
4067|Child_Avg|15: 919 272 73 35 12 5 1 
4071|Child_Cross12|33: 908 272 73 35 12 5 1 
4072|Child_CrossABC1|7: 940 272 86 35 12 5 1 
4077|Child_CrossABC2|2: 950 272 85 35 12 5 1 
4078|Child_CrossABC2|2: 930 272 85 35 12 5 1 
4082|Child_Cross12|37: 928 272 73 35 12 5 1 
4096|Child_Cross12|57: 935 272 73 35 12 5 1 
4136|Child_Avg|35: 970 268 73 35 11 4 1 
4137|Child_Avg|51: 1019 269 76 36 13 4 1 
4141|Child_Avg|43: 1439 373 100 37 14 4 1 
4165|Child_Avg|55: 1304 340 100 37 14 4 1 
4168|Child_CrossABC1|1: 1202 318 109 36 13 4 1 
4169|Survivor|1|Mutated: 1166 318 109 36 13 4 1 
4171|Child_Avg|31: 1188 314 107 36 13 4 1 
4183|Child_Avg|47|Mutated: 1165 305 98 35 12 5 1 
4184|Child_Avg|23: 1112 288 86 35 13 5 1 
4185|Child_Avg|59: 1118 304 89 35 11 5 1 
4195|Child_Cross21|14: 1102 301 85 35 12 5 1 
4196|Child_Cross12|9: 1117 250 88 35 12 5 1 
4199|Child_Avg|11: 1136 258 90 35 12 5 1 
4202|Child_CrossABC1|7: 1151 283 102 35 12 5 1 
4204|Child_CrossABC1|1: 1152 282 113 35 12 5 1 
4209|Child_Cross12|45: 1146 275 99 35 13 5 1 
4211|Child_CrossABC2|2: 1140 292 99 35 13 5 1 
4227|Child_CrossABC2|8: 1141 292 99 35 13 5 1 
4235|Child_CrossABC1|7: 1093 292 119 35 13 5 1 
4236|Child_Avg|31: 1059 271 89 35 13 5 1 
4247|Child_CrossABC1|1|Mutated: 1017 271 89 35 13 5 1 
4248|Child_Avg|7: 1008 275 87 35 12 5 1 
4250|Child_Avg|3: 1024 275 86 35 11 5 1 
4252|Child_Cross21|14: 1024 275 86 35 12 5 1 
4254|Child_Cross21|46: 1023 276 86 35 12 5 1 
4257|Child_Cross21|38: 1037 276 84 35 13 5 1 
4258|Child_CrossABC1|7: 1022 275 86 35 11 5 1 
4260|Child_Levy|20|Mutated: 1006 282 85 35 12 5 1 
4266|Child_CrossABC1|1: 968 270 86 35 12 5 1 
4267|Child_Cross21|2: 954 280 81 32 13 5 1 
4271|Child_Avg|47: 967 277 81 36 13 4 1 
4272|Child_Avg|3: 954 280 81 36 13 4 1 
4277|Child_CrossABC2|2: 975 281 81 36 13 4 1 
4283|Child_Avg|51: 993 274 77 35 13 5 1 
4284|Child_CrossABC1|7|Mutated: 935 277 80 35 13 5 1 
4296|Child_Avg|7: 958 279 74 35 12 5 1 
4297|Child_Avg|43|Mutated: 917 276 77 28 12 5 1 
4298|Child_Cross12|41: 913 270 74 35 12 5 1 
4302|Child_LevyABC2|12: 992 272 93 36 13 4 1 
4306|Child_CrossABC1|7: 1034 271 99 36 13 4 1 
4307|Child_CrossABC2|8: 1064 270 93 36 13 4 1 
4308|Child_CrossABC1|1: 985 271 97 36 13 4 1 
4310|Child_Cross12|17|Mutated: 1065 258 82 36 11 5 1 
4312|Child_Cross12|45: 977 271 74 36 11 5 1 
4314|Child_Avg|27: 1056 253 82 36 11 5 1 
4315|Child_Avg|35: 998 266 82 35 13 5 1 
4316|Child_Cross21|34: 1039 267 82 35 13 5 1 
4317|Child_Cross21|6: 998 301 82 35 13 5 1 
4326|Child_CrossABC1|7: 987 275 73 35 13 5 1 
4328|Child_Avg|27: 997 286 75 35 11 5 1 
4335|Child_CrossABC1|7: 960 272 75 35 11 5 1 
4336|Child_Avg|15: 961 265 71 36 11 5 1 
4338|Child_Avg|47: 1021 297 96 36 13 4 1 
4340|Child_CrossABC2|8|Mutated: 1074 259 107 35 13 5 1 
4358|Child_Avg|7: 1039 258 95 35 13 5 1 
4364|Child_CrossABC1|1: 960 277 90 35 13 5 1 
4372|Child_Avg|47: 967 272 79 32 13 4 1 
4374|Child_CrossABC2|8: 1156 251 101 35 12 5 1 
4380|Child_Avg|35: 889 239 79 35 12 5 1 
4382|Child_LevyP1|3: 901 240 81 32 13 4 1 
4383|Child_Cross12|37: 970 252 78 35 12 5 1 
4390|Child_Cross21|58: 1148 315 104 43 16 6 1 
4400|Child_Avg|11: 1127 325 95 43 14 4 1 
4401|Child_CrossABC1|1|Mutated: 1165 303 100 43 16 6 1 
4409|Child_Avg|23: 920 292 89 41 13 4 1 
4418|Child_CrossABC1|7: 917 290 89 41 13 4 1 
4425|Child_Avg|31: 939 289 79 41 13 4 1 
4426|Child_Levy|20: 893 275 86 41 11 5 1 
4427|Child_Levy|16: 897 280 81 45 13 4 1 
4428|Child_Cross12|17: 1123 338 88 45 13 5 1 
4440|Child_CrossABC2|2: 1124 298 84 43 13 4 1 
4443|Child_Cross21|58: 1156 296 85 45 13 4 1 
4446|Child_CrossABC2|2: 1150 287 99 45 13 4 1 
4447|Child_Cross12|37: 1074 285 79 45 13 4 1 
4449|Child_Levy|8: 1126 282 85 41 13 4 1 
4458|Child_Levy|56: 1007 299 77 41 13 4 1 
4463|Child_Avg|47: 1157 312 82 39 14 4 1 
4464|Child_Levy|28: 893 274 88 45 14 5 1 
4467|Child_Cross12|37|Mutated: 950 284 79 39 14 6 1 
4476|Child_Avg|51|Mutated: 1066 261 84 37 13 4 1 
4485|Child_Cross12|49|Mutated: 965 305 83 36 13 4 1 
4491|Child_Levy|28: 920 302 85 35 13 5 1 
4492|Survivor|1|Mutated: 920 302 85 42 13 5 1 
4493|Child_Cross12|13: 1167 252 75 35 12 5 1 
4496|Child_Cross21|42: 857 265 79 35 12 5 1 
4498|Child_LevyABC1|11: 905 242 82 36 11 4 1 
4499|Child_Cross12|21|Mutated: 1106 253 77 35 13 5 1 
4501|Child_Cross21|22: 1106 253 77 35 12 5 1 
4502|Child_CrossABC2|2: 1150 249 76 35 12 5 1 
4503|Child_CrossABC2|2: 914 257 77 35 12 5 1 
4504|Child_CrossABC1|1: 1099 251 77 35 12 5 1 
4512|Child_Avg|27|Mutated: 1052 299 108 35 11 5 1 
4517|Child_Cross12|37|Mutated: 1390 341 104 41 13 4 1 
4519|Child_Avg|11: 1108 314 106 35 11 5 1 
4522|Child_LevyP1|9: 1164 300 92 41 13 4 1 
4527|Child_Levy|4: 1160 282 99 40 13 5 1 
4528|Child_Avg|51: 1124 300 95 37 13 4 1 
4547|Child_Cross21|30: 1115 297 91 37 14 4 1 
4570|Survivor|1|Mutated: 1115 306 91 37 14 4 1 
4600|Child_Cross12|45: 1013 292 89 37 14 4 1 
4605|Child_Avg|27: 1061 285 82 33 14 4 1 
4607|Child_Cross21|46: 1061 285 82 37 14 4 1 
4608|Child_Avg|19: 1040 294 83 36 13 4 1 
4619|Child_LevyP1|3: 1122 277 99 36 13 4 1 
4621|Child_LevyP2|4: 984 299 85 35 12 5 1 
4627|Child_LevyABC1|5: 1013 299 81 36 13 4 1 
4630|Child_Avg|11: 1444 396 103 40 13 4 1 
4631|Child_Avg|31: 1196 292 107 36 13 4 1 
4632|Child_Cross21|58: 1106 300 77 35 13 5 1 
4633|Child_Levy|44: 1106 262 75 35 12 5 1 
4637|Child_Avg|35: 1146 302 82 35 13 5 1 
4639|Child_Avg|31: 1144 348 126 45 13 4 1 
4640|Survivor|1|Mutated: 1144 348 151 45 13 5 1 
4641|Child_Avg|23: 1171 279 110 40 12 5 1 
4648|Child_Cross12|53: 1112 290 94 41 13 4 1 
4654|Child_CrossABC1|1: 1102 292 85 41 13 4 1 
4655|Child_CrossABC2|2: 1105 288 102 41 13 4 1 
4660|Child_CrossABC2|8: 1120 302 115 41 13 4 1 
4661|Child_CrossABC2|8: 1117 282 111 41 13 4 1 
4662|Child_LevyP1|3: 1167 306 117 40 14 5 1 
4668|Child_CrossABC1|7: 1160 303 128 40 14 5 1 
4669|Child_Avg|7: 1128 294 99 40 13 5 1 
4670|Child_Levy|40: 1162 306 97 40 14 5 1 
4683|Child_Cross12|29: 968 273 83 39 14 4 1 
4684|Child_Levy|52: 1113 283 87 37 14 4 1 
4687|Child_Cross12|25: 932 274 85 40 13 4 1 
4688|Child_LevyABC2|12: 1023 307 99 45 13 5 1 
4689|Child_CrossABC1|7: 1133 286 84 40 13 4 1 
4690|Child_CrossABC1|1: 1033 297 85 40 13 4 1 
4692|Child_CrossABC1|7: 1126 293 83 36 13 4 1 
4693|Child_Levy|8: 988 275 93 43 13 5 1 
4694|Child_LevyABC2|12: 882 253 87 40 12 5 1 
4696|Child_Cross12|25: 1085 277 81 41 13 4 1 
4698|Child_LevyABC2|12: 1126 298 85 40 12 5 1 
4703|Child_Cross12|9: 1079 297 85 40 12 5 1 
4707|Child_CrossABC2|2: 1163 297 89 40 12 5 1 
4712|Child_LevyP1|9: 1115 316 90 39 14 4 1 
4716|Child_CrossABC2|2|Mutated: 1114 309 88 41 13 4 1 
4717|Survivor|1|Mutated: 946 316 88 41 13 4 1 
4719|Child_Cross12|37: 1054 298 79 41 13 4 1 
4720|Child_Avg|47|Mutated: 1198 374 98 41 13 4 1 
4721|Child_Avg|15: 1130 318 103 36 13 4 1 
4724|Child_Avg|27: 1071 328 90 40 13 5 1 
4729|Child_Avg|55: 1068 311 87 40 12 5 1 
4733|Child_Avg|35: 962 297 85 40 13 5 1 
4736|Child_CrossABC1|1: 967 299 85 40 13 5 1 
4737|Child_Avg|11: 958 299 84 40 13 5 1 
4739|Child_LevyABC1|11: 1035 360 87 41 14 6 1 
4749|Child_CrossABC1|7: 990 299 84 40 13 5 1 
4755|Child_Avg|31: 1027 311 83 40 12 5 1 
4759|Child_CrossABC2|8: 1027 311 83 40 14 5 1 
4766|Child_Cross12|5: 1027 310 83 40 14 5 1 
4767|Child_CrossABC1|7: 1027 311 83 40 13 5 1 
4768|Child_Levy|12|Mutated: 1136 311 93 40 11 5 1 
4774|Child_Levy|16: 1105 311 87 40 12 5 1 
4782|Child_Avg|35: 1078 286 79 40 12 5 1 
4783|Child_Levy|36: 1151 309 81 40 12 5 1 
4791|Child_Cross21|30: 1077 304 79 40 12 5 1 
4792|Child_CrossABC2|2: 1131 314 81 40 12 5 1 
4793|Child_Cross12|5: 1070 283 79 40 12 5 1 
4797|Child_Levy|32: 1117 331 94 41 11 5 1 
4799|Child_Avg|47: 1094 313 86 40 11 5 1 
4801|Survivor|1|Mutated: 1094 260 98 40 13 5 1 
4802|Child_Cross21|34: 1098 312 89 40 13 5 1 
4806|Child_LevyP1|9: 1067 298 93 39 14 4 1 
4812|Child_LevyABC1|11: 1172 350 112 37 16 6 1 
4813|Child_Levy|36: 1046 287 96 37 14 4 1 
4816|Child_Avg|19: 1029 303 95 37 13 4 1 
4819|Child_Cross21|54: 1052 302 93 37 13 4 1 
4820|Child_Levy|12: 1059 292 89 35 11 5 1 
4825|Child_CrossABC2|2: 1058 292 89 35 12 5 1 
4827|Child_CrossABC2|8: 1049 292 89 35 12 5 1 
4835|Child_Avg|43: 1043 276 85 35 12 5 1 
4837|Child_Cross12|57: 1064 292 85 35 12 5 1 
4840|Child_CrossABC2|8: 1065 303 85 35 12 5 1 
4845|Child_Cross21|22: 1079 284 79 35 12 5 1 
4847|Child_Avg|43: 1057 301 99 39 11 4 1 
4855|Child_Cross21|18: 1052 282 79 35 12 5 1 
4857|Child_CrossABC1|1: 1079 307 98 40 12 5 1 
4859|Child_Levy|28: 1032 301 97 35 11 5 1 
4864|Child_Avg|35: 1046 295 89 35 11 5 1 
4870|Child_CrossABC1|7: 1030 300 89 35 13 5 1 
4883|Child_Levy|16: 1566 430 112 29 14 4 1 
4885|Child_Cross21|46: 1065 298 86 35 13 3 1 
4887|Child_Levy|28: 1137 342 107 35 13 5 1 
4888|Child_Cross12|41: 1073 281 87 32 13 4 1 
4889|Child_Levy|16: 1112 354 108 35 11 5 1 
4890|Child_Levy|36|Mutated: 962 290 98 35 12 5 1 
4891|Child_Avg|43: 971 276 101 33 14 6 1 
4892|Child_LevyP1|3: 977 282 99 36 13 4 1 
4893|Child_LevyP1|3: 920 273 100 35 12 5 1 
4896|Child_CrossABC2|8|Mutated: 948 290 97 35 12 5 1 
4898|Child_Cross21|54: 922 277 89 35 13 5 1 
4904|Child_Avg|59: 902 267 88 35 12 5 1 
4906|Child_Cross12|13: 912 272 89 35 13 5 1 
4910|Child_Avg|11: 952 278 84 35 11 5 1 
4912|Child_Avg|51: 938 276 84 35 13 5 1 
4914|Child_Levy|16: 937 276 88 35 11 5 1 
4916|Child_Levy|48|Mutated: 972 248 82 35 13 5 1 
4917|Child_Avg|39: 933 271 84 35 11 5 1 
4926|Child_Cross12|17: 931 262 84 35 11 5 1 
4930|Child_CrossABC1|1: 931 281 84 35 11 5 1 
4931|Child_CrossABC2|8: 938 281 84 35 11 5 1 
4953|Child_Cross21|6: 889 253 73 35 11 5 1 
4956|Child_Avg|59: 872 256 75 35 11 4 1 
4960|Child_CrossABC2|2: 889 253 73 35 12 5 1 
4965|Child_Levy|56: 1008 263 90 40 12 5 1 
4967|Child_CrossABC1|7: 1050 287 90 40 12 5 1 
4972|Child_Cross12|9: 812 277 81 40 12 5 1 
4981|Child_Cross21|54: 859 241 77 40 12 5 1 
4983|Child_Levy|16: 862 231 86 42 13 4 1 
4987|Child_Levy|36: 862 235 76 40 13 4 1 
4988|Child_Levy|56: 985 320 87 37 14 4 1 
4993|Child_Avg|39: 871 283 76 40 13 5 1 
4994|Survivor|1|Mutated: 789 283 76 40 13 5 1 
4997|Child_Avg|7: 870 240 73 39 14 4 1 
4998|Child_Avg|31: 889 249 77 40 13 5 1 
4999|Child_Avg|31: 933 229 96 41 13 4 1 
5000|Child_LevyABC2|12: 911 258 117 40 14 5 1 
5001|Child_CrossABC2|2: 862 229 111 41 13 4 1 
5004|Child_Avg|51: 891 245 84 40 13 5 1 
5009|Child_Levy|28: 870 261 83 40 13 5 1 
5010|Child_Cross12|17: 891 247 83 40 13 5 1 
5011|Child_CrossABC1|7: 896 251 87 40 13 5 1 
5017|Child_LevyP1|3: 944 261 77 41 13 4 1 
5019|Child_CrossABC2|2: 903 242 77 41 13 4 1 
5022|Child_Cross21|26: 909 248 73 36 13 4 1 
5026|Child_CrossABC2|2: 953 246 72 32 13 4 1 
5028|Child_Cross12|37: 908 253 72 41 13 4 1 
5030|Child_Cross21|38: 897 246 71 37 13 4 1 
5032|Child_Avg|35: 1174 298 90 37 13 4 1 
5035|Child_CrossABC1|1: 893 285 84 37 13 4 1 
5038|Child_CrossABC1|7: 896 269 93 37 13 4 1 
5039|Child_Avg|35: 953 269 99 36 13 4 1 
5040|Child_Cross21|14|Mutated: 893 283 84 35 12 5 1 
5042|Child_Avg|15: 886 258 88 37 13 4 1 
5043|Child_Avg|55: 895 283 96 35 12 5 1 
5049|Child_Cross12|1|Mutated: 899 271 90 35 13 5 1 
5050|Child_CrossABC2|2: 897 269 110 36 14 5 1 
5053|Child_Avg|15: 860 264 84 35 11 5 1 
5054|Child_Cross12|17: 896 276 75 35 11 5 1 
5056|Child_Avg|15: 1074 301 89 35 13 5 1 
5063|Child_Avg|43|Mutated: 1004 263 91 36 14 5 1 
5064|Child_Cross12|5: 934 265 73 35 13 5 1 
5066|Child_LevyABC2|6: 940 246 86 35 13 5 1 
5067|Child_CrossABC1|7: 943 251 90 35 13 5 1 
5073|Child_Avg|23: 939 250 82 35 13 5 1 
5087|Child_LevyP1|9: 943 246 86 35 12 5 1 
5090|Child_Levy|16: 1213 307 117 37 14 6 1 
5099|Child_CrossABC1|1: 1071 294 118 41 13 4 1 
5105|Child_Avg|31: 815 233 86 40 11 5 1 
5106|Child_Avg|11: 943 263 102 40 13 4 1 
5108|Child_Cross12|41: 955 260 81 40 11 5 1 
5114|Child_Avg|3: 949 255 79 40 12 5 1 
5117|Child_LevyP1|3|Mutated: 943 278 92 41 14 6 1 
5118|Child_Avg|55|Mutated: 962 256 93 40 12 5 1 
5135|Child_Cross12|37: 916 259 87 40 12 5 1 
5136|Child_Avg|59: 1184 271 85 40 13 4 1 
5144|Child_CrossABC1|7: 1217 283 84 43 13 4 1 
5146|Child_Levy|20: 1025 279 80 35 13 5 1 
5148|Child_Cross12|9: 1073 267 80 35 13 5 1 
5157|Survivor|1|Mutated: 1073 254 80 35 13 5 1 
5164|Child_Levy|36: 1084 253 78 37 12 5 1 
5165|Child_CrossABC1|1: 1139 271 77 35 13 5 1 
5169|Child_Avg|51: 1227 312 103 42 12 5 1 
5170|Child_Avg|35: 1136 263 75 35 12 5 1 
5171|Child_Avg|27: 1130 235 91 35 12 5 1 
5173|Child_CrossABC2|8: 1152 272 108 35 12 5 1 
5176|Child_Avg|59: 1119 240 128 37 14 4 1 
5184|Child_Avg|7: 1073 257 87 36 13 4 1 
5186|Child_Avg|55: 1104 263 90 37 13 4 1 
5190|Child_CrossABC1|1: 1088 260 91 37 14 4 1 
5192|Child_LevyP2|10: 1068 268 86 35 12 5 1 
5193|Child_Avg|11: 1080 265 81 36 13 4 1 
5198|Child_CrossABC1|7: 1031 274 81 36 13 4 1 
5213|Child_LevyABC1|5: 1128 322 113 37 14 6 1 
5225|Child_Levy|12|Mutated: 1367 368 132 39 14 4 1 
5226|Child_LevyP2|10: 1417 355 132 39 14 6 1 
5228|Child_Avg|11: 1207 360 115 41 14 6 1 
5233|Child_LevyABC1|5: 1268 346 119 43 14 6 1 
5238|Child_Cross12|33: 1070 294 99 40 13 5 1 
5247|Child_Avg|47: 1033 283 97 40 12 5 1 
5248|Child_Cross12|17: 1091 289 85 40 13 5 1 
5250|Child_Cross21|58: 1013 277 89 40 13 5 1 
5251|Child_Avg|31: 1065 287 88 40 13 5 1 
5253|Child_Avg|7: 1035 291 90 35 13 5 1 
5258|Child_Cross21|42: 1068 278 85 40 13 5 1 
5259|Child_Cross21|2: 1142 286 85 40 13 5 1 
5260|Child_Cross21|30: 962 281 84 40 13 5 1 
5262|Child_Cross12|41: 1064 281 84 40 13 5 1 
5265|Child_Avg|55: 1087 287 83 40 13 5 1 
5268|Child_Cross12|21|Mutated: 1070 273 82 40 12 5 1 
5269|Child_Cross21|34: 1070 273 82 37 14 4 1 
5280|Child_Cross21|6: 1089 276 80 37 13 4 1 
5282|Survivor|1|Mutated: 1089 276 80 37 13 5 1 
5283|Child_Cross12|57: 1051 281 79 37 13 4 1 
5286|Child_CrossABC2|8: 1093 278 80 37 13 4 1 
5287|Child_Avg|35: 1065 278 80 37 13 4 1 
5296|Child_Cross12|5: 1070 274 77 35 11 5 1 
5297|Child_Cross12|29: 1057 279 76 35 13 5 1 
5298|Child_Avg|31: 1096 299 76 36 13 4 1 
5302|Child_LevyP2|10: 1054 271 89 33 12 5 1 
5303|Child_LevyABC1|5: 1101 281 103 37 13 5 1 
5305|Child_Levy|56: 1078 277 95 36 11 4 1 
5306|Child_CrossABC2|8: 1055 279 90 35 12 5 1 
5307|Child_CrossABC1|1: 1048 280 89 35 12 5 1 
5308|Child_Avg|35: 1080 279 86 35 11 5 1 
5309|Child_CrossABC1|1|Mutated: 1086 299 85 35 12 5 1 
5316|Child_Levy|36: 1080 289 85 40 13 5 1 
5344|Child_CrossABC1|7: 1081 293 76 35 13 5 1 
5346|Child_Cross12|13: 1089 296 73 35 12 5 1 
5347|Child_CrossABC2|2: 1080 291 79 35 12 5 1 
5357|Child_Cross21|50: 1090 295 74 35 12 5 1 
5358|Child_Avg|23: 1148 313 79 35 12 5 1 
5359|Child_CrossABC1|1: 1092 287 78 35 12 5 1 
5362|Child_CrossABC2|2: 1053 277 79 35 12 5 1 
5363|Child_Cross12|49: 1086 237 73 35 12 5 1 
5364|Child_CrossABC1|7: 1078 278 79 35 12 5 1 
5368|Child_Cross21|22: 1073 284 73 35 12 5 1 
5369|Child_Cross12|25: 1063 272 73 35 12 5 1 
5371|Child_CrossABC2|8: 1066 281 73 35 12 5 1 
5373|Child_Cross12|45|Mutated: 1072 271 73 35 12 5 1 
5374|Child_CrossABC2|8: 1066 281 85 35 12 5 1 
5381|Child_CrossABC2|2: 1065 281 84 35 12 5 1 
5382|Child_CrossABC1|7: 1066 279 78 35 12 5 1 
5383|Child_CrossABC1|7: 1064 279 86 35 12 5 1 
5386|Child_Avg|35: 1069 281 73 35 12 5 1 
5388|Child_Avg|23: 1067 282 73 35 12 5 1 
5391|Child_Cross21|26: 1063 281 73 35 12 5 1 
5394|Child_Cross21|46: 1071 290 73 35 12 5 1 
5401|Child_Cross12|57: 1077 281 73 35 12 5 1 
5404|Child_Cross21|50: 1071 281 73 35 12 5 1 
5405|Child_Cross21|58|Mutated: 1037 284 73 35 12 5 1 
5411|Child_CrossABC1|1: 1064 284 85 35 12 5 1 
5412|Survivor|1|Mutated: 1064 336 85 35 12 5 1 
5414|Child_CrossABC2|8: 1052 257 85 35 12 5 1 
5417|Child_Cross12|25: 1057 282 73 35 12 5 1 
5422|Child_Cross21|14: 1055 281 73 35 12 5 1 
5423|Child_Cross21|6: 1089 284 73 35 12 5 1 
5428|Child_Cross12|5: 1058 281 73 35 12 5 1 
5430|Child_Cross21|46: 1056 284 73 35 12 5 1 
5434|Child_Cross21|14: 912 281 73 35 12 5 1 
5446|Child_Avg|43: 988 281 73 35 12 5 1 
5447|Child_Cross12|37: 1060 281 73 35 12 5 1 
5449|Child_Cross12|21: 1025 281 73 35 12 5 1 
5455|Child_Cross21|22: 1050 281 73 35 12 5 1 
5457|Child_LevyP1|3: 1040 294 99 36 13 4 1 
5472|Survivor|1|Mutated: 915 294 107 36 13 4 1 
5477|Child_Cross21|38: 1061 281 73 35 12 5 1 
5478|Child_Cross12|53: 1085 281 73 35 12 5 1 
5480|Child_Avg|51|Mutated: 1065 281 77 35 12 5 1 
5484|Child_Avg|7: 1052 281 73 35 12 5 1 
5490|Child_Cross21|46: 1047 281 73 35 12 5 1 
5493|Child_Cross21|42: 1074 281 73 35 12 5 1 
5494|Child_LevyP2|4: 1017 283 79 32 13 4 1 
5497|Child_Avg|3: 1067 286 80 35 13 5 1 
5501|Child_Cross21|30|Mutated: 895 281 86 35 12 5 1 
5507|Child_Cross12|49: 1128 259 73 35 12 5 1 
5516|Child_Avg|39|Mutated: 1073 252 78 35 11 5 1 
5522|Child_Avg|43: 1070 262 101 35 12 5 1 
5523|Child_CrossABC1|1|Mutated: 1057 276 98 35 12 5 1 
5531|Child_CrossABC1|7: 1058 275 109 35 12 5 1 
5532|Child_Avg|51: 1062 278 91 35 12 5 1 
5533|Child_CrossABC1|7: 1069 261 100 35 12 5 1 
5538|Child_Cross12|41: 1078 293 73 35 12 5 1 
5539|Child_Cross21|50: 1080 294 73 35 12 5 1 
5541|Child_Cross21|26|Mutated: 1077 282 87 35 12 5 1 
5545|Child_CrossABC2|8: 1080 285 101 35 12 5 1 
5551|Child_Avg|19: 1081 285 97 35 12 5 1 
5553|Child_Avg|51: 1078 283 85 35 12 5 1 
5564|Child_Levy|36|Mutated: 1071 282 89 40 13 5 1 
5571|Child_CrossABC1|1: 1122 282 97 35 12 5 1 
5586|Child_Avg|11: 1135 293 98 35 12 5 1 
5588|Child_CrossABC1|7: 1142 284 97 35 12 5 1 
5589|Child_CrossABC2|2: 1152 284 85 35 12 5 1 
5600|Child_Avg|3: 1123 284 85 35 12 5 1 
5603|Child_LevyP1|9: 1120 327 104 36 13 4 1 
5612|Child_Avg|23: 1130 292 90 35 12 5 1 
5616|Child_CrossABC1|1: 1129 292 90 35 12 5 1 
5618|Survivor|1|Mutated: 1176 292 90 35 12 5 1 
5619|Child_CrossABC2|2: 1159 296 95 35 13 5 1 
5620|Child_CrossABC1|7: 1044 281 89 35 12 5 1 
5628|Child_Cross21|6: 836 279 86 35 12 5 1 
5629|Child_Cross12|5: 1077 298 86 32 13 4 1 
5631|Child_Cross12|41: 1064 283 84 35 12 5 1 
5637|Child_CrossABC2|2: 1071 291 84 35 12 5 1 
5640|Child_Cross12|45: 1071 291 84 35 11 4 1 
5663|Child_CrossABC2|2: 886 280 87 35 11 5 1 
5664|Child_CrossABC2|8: 1093 277 110 35 11 5 1 
5668|Child_Cross12|13: 1021 268 96 35 12 5 1 
5670|Child_CrossABC2|8: 995 266 111 35 12 5 1 
5671|Child_CrossABC2|8: 1000 262 125 35 13 5 1 
5674|Child_Cross21|42: 949 281 89 35 13 5 1 
5675|Child_Avg|11: 951 254 99 35 13 5 1 
5683|Child_Avg|27: 933 258 93 35 13 5 1 
5687|Child_Levy|8: 934 326 93 39 14 6 1 
5708|Child_Levy|48: 956 270 88 39 14 6 1 
5709|Child_CrossABC2|8: 913 376 107 39 14 6 1 
5712|Child_Cross21|58: 892 260 80 39 14 6 1 
5713|Child_Cross12|33: 769 282 92 29 14 4 1 
5714|Child_Cross21|42: 899 266 82 37 14 4 1 
5717|Child_LevyP2|10: 1009 268 86 35 12 5 1 
5719|Child_Levy|48: 903 274 75 32 13 4 1 
5720|Child_Cross21|18: 887 266 78 37 12 5 1 
5723|Child_Avg|51: 873 257 83 42 13 4 1 
5724|Child_LevyABC2|12: 864 241 83 40 14 5 1 
5728|Child_CrossABC1|1: 892 230 83 40 14 5 1 
5731|Child_Levy|16|Mutated: 910 251 82 39 14 6 1 
5741|Child_CrossABC2|8: 913 250 84 39 16 6 1 
5742|Child_Cross12|13: 1360 324 101 49 16 6 1 
5744|Child_Levy|12: 968 270 99 37 14 4 1 
5745|Child_Avg|19: 869 260 95 37 13 4 1 
5746|Child_CrossABC2|8: 1143 321 101 37 13 4 1 
5751|Child_Levy|8|Mutated: 936 268 85 35 12 5 1 
5753|Child_Avg|31: 930 276 83 36 13 4 1 
5759|Child_Cross21|30: 924 274 81 36 13 4 1 
5760|Child_Avg|55: 875 277 80 35 13 5 1 
5761|Child_CrossABC1|1: 923 274 81 36 13 4 1 
5771|Survivor|1|Mutated: 923 219 91 36 13 4 1 
5772|Child_Avg|59: 969 288 92 45 13 4 1 
5778|Child_CrossABC2|2: 964 296 117 35 13 5 1 
5780|Child_Avg|23|Mutated: 874 259 93 35 13 5 1 
5781|Child_Cross12|49: 915 283 94 35 13 5 1 
5785|Child_Cross12|5: 910 274 95 37 12 5 1 
5787|Child_Cross21|14: 892 273 94 37 12 5 1 
5791|Child_Avg|3: 918 269 91 36 13 6 1 
5792|Child_LevyP1|9|Mutated: 896 281 91 35 12 5 1 
5793|Child_Cross12|1: 911 266 88 35 12 5 1 
5794|Child_CrossABC1|7: 920 258 89 35 12 5 1 
5795|Child_Cross21|54: 903 273 89 35 11 5 1 
5796|Child_Avg|55: 906 270 86 35 12 5 1 
5797|Child_Cross12|57: 897 267 88 35 12 5 1 
5800|Child_Avg|51: 907 267 90 35 12 5 1 
5803|Child_Cross21|42: 942 276 86 35 12 5 1 
5812|Child_Levy|32: 931 263 93 36 11 5 1 
5814|Child_Levy|12: 924 262 86 35 11 5 1 
5815|Child_Avg|43: 912 273 86 35 11 5 1 
5819|Child_CrossABC2|2: 949 284 86 35 11 5 1 
5820|Child_Cross21|34: 893 260 86 35 11 5 1 
5824|Child_Cross21|22: 918 267 84 35 11 5 1 
5826|Child_CrossABC1|7: 913 270 86 35 11 5 1 
5834|Child_CrossABC1|7: 908 253 86 35 11 5 1 
5841|Child_CrossABC2|2: 934 258 101 35 12 5 1 
5847|Child_CrossABC2|8: 971 259 90 35 12 5 1 
5848|Child_Cross21|34|Mutated: 925 261 85 35 12 5 1 
5849|Child_Avg|7: 942 271 85 35 12 5 1 
5854|Survivor|1|Mutated: 942 271 101 35 12 5 1 
5855|Child_CrossABC1|7: 919 269 120 35 12 5 1 
5856|Child_Avg|55: 934 277 98 35 12 5 1 
5857|Child_CrossABC2|2: 916 268 100 35 12 5 1 
5863|Child_LevyP1|3: 924 261 97 36 13 6 1 
5864|Child_CrossABC1|1: 962 279 94 35 13 6 1 
5866|Child_Cross21|50: 920 291 90 35 13 5 1 
5870|Child_Levy|56: 1090 336 97 36 13 4 1 
5872|Child_Avg|27: 898 281 87 36 13 4 1 
5873|Child_CrossABC1|7: 896 289 86 35 11 4 1 
5876|Child_Levy|12: 899 284 83 38 13 4 1 
5877|Child_Avg|35: 856 291 90 35 12 5 1 
5907|Child_Cross12|45: 932 290 73 35 11 5 1 
5908|Child_Cross21|2: 881 288 73 35 12 5 1 
5909|Child_Cross21|6: 947 289 76 35 11 5 1 
5913|Child_Avg|11: 894 314 78 35 12 5 1 
5914|Child_Cross12|49: 962 286 75 35 12 5 1 
5916|Child_Cross12|9: 899 284 73 35 12 5 1 
5919|Child_CrossABC1|7: 943 258 73 35 12 5 1 
5920|Child_Cross12|29: 905 284 73 35 12 5 1 
5921|Child_Cross21|54: 952 275 73 35 12 5 1 
5922|Child_Cross12|9: 909 262 73 35 12 5 1 
5925|Child_Avg|11: 903 261 73 35 12 5 1 
5929|Child_Cross12|49: 913 261 73 35 12 5 1 
5930|Child_Cross21|38: 908 264 73 35 12 5 1 
5936|Child_Cross21|58: 906 261 73 35 12 5 1 
5938|Child_Cross21|46: 898 258 73 35 12 5 1 
5942|Child_Avg|19: 902 259 73 35 12 5 1 
5945|Child_CrossABC2|2|Mutated: 906 314 86 35 12 5 1 
5947|Child_CrossABC1|1: 904 269 85 35 12 5 1 
5951|Child_Avg|7: 905 258 87 35 12 5 1 
5961|Child_Cross12|49: 902 237 73 35 12 5 1 
5962|Child_CrossABC2|2: 902 258 87 35 12 5 1 
5964|Child_CrossABC1|1: 902 258 85 35 12 5 1 
5966|Child_CrossABC1|7: 902 258 96 35 12 5 1 
5968|Child_LevyP1|3: 1078 284 98 35 12 5 1 
5976|Child_CrossABC2|8: 971 272 89 35 12 5 1 
5977|Child_Cross21|10: 941 258 73 35 12 5 1 
5998|Child_Avg|11: 901 258 80 35 13 5 1 
6029|Child_Cross21|22: 899 258 73 35 11 5 1 
6054|Child_Cross21|10: 863 258 73 35 12 5 1 
6062|Child_Cross12|13: 902 258 73 35 11 5 1 
6075|Child_Cross21|58: 933 258 73 35 12 5 1 
6091|Child_Cross21|50: 907 261 73 35 12 5 1 
6096|Child_Cross21|30|Mutated: 908 258 85 35 12 5 1 
6112|Child_Cross12|29: 868 258 73 35 12 5 1 
6121|Child_Cross12|5: 932 258 73 35 12 5 1 
6168|Child_Cross21|58: 897 258 73 35 12 5 1 
6178|Child_Cross21|6|Mutated: 940 258 87 35 12 5 1 
6181|Child_CrossABC2|8: 959 258 96 35 12 5 1 
6189|Child_Avg|11: 915 252 78 35 12 5 1 
6190|Child_Avg|23: 866 258 73 35 12 5 1 
6211|Child_Avg|43|Mutated: 920 258 85 35 12 5 1 
6220|Child_Cross12|41: 944 258 73 35 12 5 1 
6229|Child_Avg|39: 900 258 74 35 12 5 1 
6252|Child_Avg|35: 968 258 79 35 12 5 1 
6254|Child_Avg|59|Mutated: 901 258 85 35 12 5 1 
6270|Child_LevyABC1|11: 903 262 94 36 13 4 1 
6284|Child_Avg|23: 909 257 80 35 11 4 1 
6293|Child_LevyABC2|6: 906 231 95 37 13 4 1 
6298|Child_CrossABC2|2: 846 258 96 35 12 5 1 
6299|Child_CrossABC2|8: 880 258 87 35 12 5 1 
6329|Child_Cross21|26|Mutated: 900 251 74 35 12 5 1 
6339|Child_Avg|43: 900 258 76 35 13 5 1 
6350|Child_CrossABC2|8: 971 258 73 35 12 5 1 
6351|Child_Cross12|13|Mutated: 936 258 85 35 12 5 1 
6360|Child_CrossABC2|2: 939 258 91 35 12 5 1 
6363|Child_CrossABC1|7: 955 258 99 35 12 5 1 
6380|Child_Cross21|42: 908 258 73 35 12 5 1 
6408|Child_Cross12|17: 1009 283 104 37 16 6 1 
6410|Child_Avg|15: 1058 293 99 35 13 5 1 
6417|Child_Cross12|45: 975 271 84 35 13 5 1 
6420|Child_CrossABC1|7: 966 273 101 33 13 4 1 
6421|Child_CrossABC1|7: 1075 270 84 37 13 4 1 
6424|Child_Cross12|41: 917 276 80 37 13 4 1 
6428|Child_Cross12|57: 1020 267 80 35 13 5 1 
6430|Child_Avg|43: 1115 301 98 40 13 4 1 
6437|Child_Cross21|46: 1032 273 82 37 14 4 1 
6440|Child_Avg|43: 1068 278 94 37 14 4 1 
6444|Survivor|1|Mutated: 1068 273 94 37 14 4 1 
6452|Child_Cross21|50: 1079 273 85 37 14 4 1 
6453|Child_Levy|24: 1054 278 86 35 13 5 1 
6454|Child_Cross21|6: 1038 276 85 35 13 5 1 
6455|Child_Cross12|17: 1048 281 79 33 14 4 1 
6458|Child_Avg|47: 1101 300 82 35 13 5 1 
6462|Child_Avg|11: 1085 287 80 35 13 5 1 
6466|Child_Avg|19: 1087 267 77 37 14 4 1 
6474|Child_Cross12|5: 4701 976 260 100 33 18 4 1 
6475|Child_Cross21|38: 1437 350 117 53 17 4 1 
6478|Child_Levy|60: 1155 309 97 40 12 5 1 
6481|Child_CrossABC1|7: 1144 355 104 40 11 5 1 
6483|Child_Avg|23: 893 251 89 45 13 4 1 
6485|Child_LevyP1|9: 1111 348 103 40 13 4 1 
6490|Child_Cross12|21: 1010 298 94 41 11 5 1 
6494|Child_Avg|31: 1084 359 126 39 11 4 1 
6495|Child_Avg|35: 903 289 93 39 11 4 1 
6503|Child_CrossABC2|2: 896 279 96 40 11 4 1 
6504|Child_Levy|44|Mutated: 1016 278 77 40 12 5 1 
6507|Child_Avg|39: 852 273 85 35 12 5 1 
6508|Child_Cross12|57: 863 267 87 40 12 5 1 
6513|Child_CrossABC2|2: 891 267 77 40 12 5 1 
6514|Child_Cross12|1: 877 274 81 40 12 5 1 
6518|Child_Cross12|41|Mutated: 928 277 84 35 11 5 1 
6519|Child_LevyABC2|6: 890 253 77 41 13 4 1 
6521|Child_CrossABC1|1: 930 270 76 41 13 4 1 
6531|Child_Levy|20: 914 306 99 41 14 6 1 
6533|Child_Levy|20: 902 328 75 35 11 5 1 
6536|Child_Avg|51: 930 282 73 40 13 5 1 
6538|Child_Levy|28: 931 284 75 40 13 5 1 
6541|Child_LevyABC2|12: 911 276 89 31 14 4 1 
6544|Child_CrossABC1|7: 971 259 94 31 14 4 1 
6572|Child_Cross12|45: 971 259 94 32 13 4 1 
6575|Child_Levy|28: 956 254 88 33 14 4 1 
6576|Child_Cross12|13: 966 267 85 32 13 4 1 
6577|Child_Avg|31: 895 249 88 32 13 4 1 
6584|Child_Cross21|34: 950 247 77 35 12 5 1 
6585|Child_Avg|15: 946 266 81 33 13 4 1 
6587|Child_Avg|51: 842 263 98 32 13 4 1 
6589|Survivor|1|Mutated: 842 263 98 32 13 5 1 
6591|Child_CrossABC1|7: 993 257 85 32 13 5 1 
6592|Child_Cross21|54: 922 222 75 32 13 4 1 
6594|Child_Cross21|50: 952 250 73 32 13 4 1 
6595|Child_Levy|36|Mutated: 1160 263 99 39 14 4 1 
6621|Child_CrossABC2|8: 1170 264 110 37 14 4 1 
6634|Child_Avg|39: 917 242 89 36 13 4 1 
6635|Child_Cross21|34: 959 265 87 36 13 4 1 
6637|Child_Avg|27: 993 260 86 36 13 4 1 
6638|Child_CrossABC1|1: 951 263 87 36 13 4 1 
6640|Child_CrossABC2|2|Mutated: 1053 289 96 35 12 5 1 
6641|Child_Cross21|10: 923 275 86 36 13 4 1 
6643|Child_Cross12|1: 949 252 86 35 12 5 1 
6644|Child_Avg|47: 962 260 86 35 12 5 1 
6650|Child_Avg|35: 960 259 86 35 12 5 1 
6652|Child_Avg|7: 959 264 86 35 12 5 1 
6653|Child_CrossABC1|7: 961 259 86 35 13 5 1 
6654|Child_Cross21|34: 961 259 86 35 11 5 1 
6655|Child_Avg|59|Mutated: 960 259 85 35 12 5 1 
6657|Child_Cross21|42: 911 253 84 35 11 5 1 
6658|Child_Levy|44: 885 255 84 35 11 5 1 
6659|Child_Cross12|33: 944 281 85 35 12 5 1 
6664|Child_Avg|59: 1055 303 91 35 11 4 1 
6667|Child_Cross12|13: 938 270 84 35 11 4 1 
6668|Child_CrossABC2|2: 895 253 84 35 11 4 1 
6671|Child_Avg|51: 910 258 84 35 11 4 1 
6673|Child_Cross12|13: 923 258 80 35 11 4 1 
6674|Child_CrossABC1|1: 938 307 84 35 11 5 1 
6676|Child_Levy|60: 924 280 86 35 12 5 1 
6682|Child_LevyABC1|5: 926 238 91 33 14 4 1 
6684|Survivor|1|Mutated: 1021 238 91 33 14 4 1 
6689|Child_Cross21|14: 919 265 74 33 14 4 1 
6690|Child_CrossABC2|2: 882 263 88 33 14 4 1 
6691|Child_Avg|23: 918 267 81 32 13 4 1 
6698|Child_Cross12|1: 914 281 79 32 13 4 1 
6707|Child_CrossABC2|2: 1149 263 105 41 13 4 1 
6713|Child_Avg|31: 1093 265 100 41 13 4 1 
6734|Child_Cross21|58: 935 263 86 40 14 5 1 
6735|Child_Avg|23: 1006 263 90 41 13 4 1 
6737|Child_Levy|44: 950 269 81 41 11 5 1 
6739|Child_Avg|39: 1170 301 111 35 12 5 1 
6740|Child_Cross12|5: 950 269 81 40 12 5 1 
6744|Child_Avg|55: 1196 292 111 43 11 4 1 
6750|Child_LevyABC1|5|Mutated: 1295 289 121 44 12 5 1 
6751|Child_LevyABC2|6: 1076 291 106 42 13 4 1 
6752|Child_Levy|44: 1054 289 94 41 11 5 1 
6757|Random|27: 1464 419 115 36 15 4 1 
6758|Child_Levy|4: 1237 349 102 40 13 4 1 
6761|Child_Avg|11: 1125 314 92 41 13 4 1 
6765|Child_CrossABC2|8: 1112 310 92 41 13 4 1 
6766|Child_Levy|28: 1079 286 90 39 14 6 1 
6768|Child_CrossABC1|1: 1087 291 89 40 13 5 1 
6770|Child_Avg|47: 1089 291 90 40 13 4 1 
6785|Child_Cross21|14: 1079 286 84 40 13 5 1 
6788|Child_CrossABC1|7: 1103 284 85 40 13 5 1 
6791|Child_Cross21|18: 1093 286 85 40 13 5 1 
6792|Child_Cross12|5: 1109 285 84 40 13 5 1 
6805|Child_Cross21|10: 1103 294 83 40 13 5 1 
6808|Child_Levy|28|Mutated: 1107 279 100 41 14 6 1 
6810|Child_Cross21|34: 1085 311 83 40 13 5 1 
6811|Child_Cross12|37|Mutated: 1103 294 83 40 14 5 1 
6812|Child_CrossABC1|1: 1101 293 83 40 13 5 1 
6813|Child_Avg|15: 1073 294 83 40 13 5 1 
6814|Child_Cross12|37: 1085 311 83 40 14 5 1 
6815|Child_Cross12|1: 1077 281 83 40 13 5 1 
6819|Child_Levy|36|Mutated: 1085 289 99 41 14 6 1 
6825|Child_Avg|7: 1031 286 89 40 13 5 1 
6826|Child_Cross12|17|Mutated: 1097 282 96 40 13 5 1 
6836|Child_Cross21|6: 1068 293 83 40 13 5 1 
6837|Child_Cross12|57: 1114 294 83 40 13 5 1 
6839|Child_Cross12|1: 1072 294 83 40 13 5 1 
6844|Child_Cross21|26: 1108 294 83 40 13 5 1 
6846|Child_Avg|27: 1069 293 83 40 13 5 1 
6851|Child_Cross12|25: 1071 294 83 40 13 5 1 
6861|Child_Cross21|14: 1105 294 83 40 13 5 1 
6864|Child_Cross21|26: 1107 294 83 40 13 5 1 
6866|Child_Cross12|53: 1068 294 83 40 13 5 1 
6867|Child_LevyABC1|5: 1102 301 119 41 14 6 1 
6881|Child_CrossABC1|7: 1104 300 119 41 14 6 1 
6886|Child_CrossABC1|7: 1103 299 119 41 14 6 1 
6916|Child_Cross12|25: 1110 294 83 40 13 5 1 
6919|Child_Cross21|26: 1111 294 83 40 13 5 1 
6921|Child_CrossABC2|8: 1111 295 89 40 13 5 1 
6939|Child_Avg|55: 1109 294 88 40 13 5 1 
6941|Child_Cross21|42: 1070 294 83 40 13 5 1 
6944|Child_Cross21|10: 1065 294 83 40 13 5 1 
6945|Child_Cross12|17: 1076 294 83 40 13 5 1 
6954|Child_Cross21|50: 1069 294 83 40 14 5 1 
6967|Child_Avg|11: 1069 294 83 40 13 5 1 
6970|Child_Avg|27|Mutated: 1249 294 99 40 13 5 1 
6979|Child_Cross12|5|Mutated: 1069 297 83 40 13 5 1 
6985|Child_Avg|27: 1069 294 88 40 13 5 1 
6986|Child_Cross12|5: 1113 294 83 40 13 5 1 
6987|Child_CrossABC1|1: 1070 294 91 40 13 5 1 
6991|Child_LevyP2|10: 1081 306 98 36 15 4 1 
7000|Child_Avg|7: 1066 294 83 40 13 5 1 
7002|Child_Avg|3: 1067 294 83 40 13 5 1 
7008|Child_CrossABC1|1: 1119 294 83 40 13 5 1 
7015|Child_LevyP1|9: 1047 293 90 41 14 6 1 
7021|Child_Cross21|34|Mutated: 1026 294 83 40 14 5 1 
7029|Child_Avg|59|Mutated: 1069 294 96 41 13 4 1 
7030|Child_Cross12|13: 1070 294 83 40 14 5 1 
7041|Child_Cross21|58|Mutated: 1069 294 90 40 13 5 1 
7042|Child_Avg|39: 1069 294 86 40 13 5 1 
7044|Child_Cross21|58: 1153 294 83 40 13 5 1 
7059|Child_Cross21|38: 1069 281 83 40 13 5 1 
7064|Child_Cross21|10: 1069 296 83 40 13 5 1 
7070|Child_CrossABC2|8: 1064 294 83 40 13 5 1 
7075|Child_Cross12|45|Mutated: 1075 294 83 40 13 5 1 
7080|Child_LevyABC2|12: 1100 310 87 39 14 4 1 
7090|Child_Cross12|49|Mutated: 1105 294 96 40 13 5 1 
7114|Child_CrossABC1|1: 994 297 95 45 14 6 1 
7115|Child_LevyABC2|12: 937 291 96 30 13 5 1 
7117|Child_Avg|51: 887 284 90 33 13 4 1 
7121|Child_Levy|12: 1089 311 91 37 14 6 1 
7131|Child_Avg|15: 1053 294 85 35 12 5 1 
7132|Child_Avg|59: 1004 291 86 35 12 5 1 
7150|Child_Avg|3: 1006 290 97 35 12 5 1 
7157|Child_Cross21|38: 1006 290 97 35 11 5 1 
7162|Child_Avg|35: 985 286 86 35 11 5 1 
7209|Child_CrossABC2|8: 985 275 86 35 11 5 1 
7214|Child_CrossABC1|7: 982 278 86 35 11 5 1 
7227|Child_CrossABC1|1: 933 278 86 35 11 5 1 
7231|Child_CrossABC1|7: 949 278 97 35 11 5 1 
7233|Child_Avg|27: 958 278 86 35 11 4 1 
7234|Child_CrossABC2|2: 957 277 89 35 11 5 1 
7236|Child_Cross21|46: 967 276 77 37 12 5 1 
7239|Child_CrossABC2|8: 946 266 73 35 11 5 1 
7241|Child_CrossABC2|2: 953 265 73 35 11 5 1 
7242|Child_Cross12|1|Mutated: 957 275 82 35 13 5 1 
7244|Child_LevyP1|3: 966 286 91 37 14 4 1 
7245|Child_LevyP2|10: 969 285 85 37 14 4 1 
7256|Child_Cross21|30: 1064 276 71 35 13 5 1 
7258|Child_CrossABC1|1: 957 276 71 35 13 5 1 
7259|Child_Avg|55: 990 275 71 35 13 5 1 
7261|Child_Cross21|42: 956 277 71 35 13 5 1 
7262|Child_Levy|32|Mutated: 957 277 86 36 13 4 1 
7265|Survivor|1|Mutated: 957 277 83 36 13 4 1 
7271|Child_Cross12|17: 939 276 71 35 13 5 1 
7276|Child_Cross12|29: 959 276 71 35 13 5 1 
7277|Child_Cross12|5: 954 277 71 35 13 5 1 
7279|Child_Cross12|1: 930 276 71 35 13 5 1 
7281|Child_Avg|35: 947 276 71 35 13 5 1 
7284|Child_Cross21|10: 927 278 71 35 13 5 1 
7285|Child_Cross12|9: 1135 276 71 35 13 5 1 
7287|Child_Cross21|22|Mutated: 930 276 85 35 13 5 1 
7288|Child_CrossABC2|8: 930 276 89 35 13 5 1 
7289|Child_CrossABC1|1: 925 276 106 35 13 5 1 
7291|Child_CrossABC2|8: 934 275 116 35 13 5 1 
7292|Child_CrossABC2|2|Mutated: 904 276 98 35 13 5 1 
7293|Child_Avg|35: 928 276 107 35 13 5 1 
7310|Child_Avg|39: 917 272 89 35 13 5 1 
7311|Child_Levy|24: 1104 272 95 31 14 4 1 
7312|Child_Avg|39: 936 271 93 35 13 5 1 
7317|Child_CrossABC1|1: 937 272 94 35 13 5 1 
7331|Child_Avg|3: 937 271 76 35 13 5 1 
7332|Child_Avg|7: 938 271 82 35 13 5 1 
7344|Child_Avg|43: 944 274 80 35 13 5 1 
7347|Child_CrossABC1|7: 963 281 89 35 13 5 1 
7360|Child_Avg|19: 945 276 80 35 13 5 1 
7363|Child_LevyABC2|6: 942 291 87 37 14 4 1 
7376|Child_Cross21|10: 930 272 71 35 13 5 1 
7377|Child_Cross12|45|Mutated: 939 272 71 35 13 5 1 
7378|Child_Cross12|57: 927 272 71 35 13 5 1 
7379|Child_Cross21|18: 977 272 71 35 13 5 1 
7382|Child_Cross12|17: 929 272 71 35 13 5 1 
7385|Child_Cross21|50: 941 272 71 35 13 5 1 
7386|Child_Cross12|21: 928 272 71 35 13 5 1 
7392|Child_Cross21|2|Mutated: 929 272 82 35 13 5 1 
7394|Child_CrossABC1|1: 931 272 89 35 13 5 1 
7400|Child_Avg|55: 929 267 80 35 13 5 1 
7427|Child_CrossABC1|1: 906 261 80 35 13 5 1 
7429|Child_CrossABC2|2: 910 261 80 35 13 5 1 
7430|Child_CrossABC2|8: 913 261 80 35 13 5 1 
7431|Child_Cross12|9: 929 255 76 35 13 5 1 
7435|Child_Cross12|13: 902 249 76 35 13 5 1 
7437|Child_Cross21|14: 918 253 76 35 13 5 1 
7438|Child_CrossABC1|7: 922 253 76 35 13 5 1 
7440|Child_Avg|27: 945 254 76 35 12 5 1 
7442|Child_Cross12|5: 912 255 76 35 13 5 1 
7447|Child_CrossABC2|2: 914 255 76 35 13 5 1 
7453|Child_Avg|7: 908 255 76 35 13 5 1 
7458|Child_CrossABC2|8: 918 255 76 35 13 5 1 
7461|Child_Cross12|37|Mutated: 920 254 75 35 11 5 1 
7465|Child_CrossABC1|7: 920 253 73 35 11 5 1 
7468|Child_CrossABC1|1: 919 253 73 35 11 5 1 
7469|Child_CrossABC2|2|Mutated: 918 253 73 35 11 5 1 
7475|Child_CrossABC2|8: 924 255 73 35 11 5 1 
7477|Child_CrossABC1|7: 921 253 73 35 11 5 1 
7478|Child_CrossABC2|8: 918 253 93 35 11 5 1 
7480|Child_CrossABC2|2: 917 253 84 35 11 5 1 
7485|Survivor|1|Mutated: 947 253 84 35 11 5 1 
7486|Child_CrossABC2|2: 884 253 86 35 11 5 1 
7487|Child_CrossABC1|1: 885 252 73 35 11 5 1 
7489|Child_Cross21|10: 886 252 73 35 11 5 1 
7490|Child_CrossABC1|1: 884 252 73 35 11 5 1 
7492|Child_CrossABC2|2: 883 252 73 35 11 5 1 
7496|Child_Cross12|25: 880 250 73 35 11 5 1 
7497|Child_Cross21|26: 885 252 73 35 12 5 1 
7498|Child_Cross12|1: 912 250 73 35 11 5 1 
7499|Child_Cross21|10: 884 250 73 35 12 5 1 
7501|Child_CrossABC1|7: 884 250 73 35 11 5 1 
7504|Child_Cross21|50: 884 252 73 35 12 5 1 
7505|Child_Cross21|34: 950 250 73 35 11 5 1 
7506|Child_Cross12|17: 877 250 73 35 12 5 1 
7507|Child_Cross12|37: 915 250 73 35 11 5 1 
7512|Child_Avg|47: 911 250 73 35 11 5 1 
7519|Child_CrossABC2|2: 912 250 73 35 12 5 1 
7523|Child_Cross12|1: 908 250 73 35 12 5 1 
7524|Child_Cross12|25|Mutated: 911 271 73 35 12 5 1 
7526|Child_Cross12|17: 909 250 73 35 12 5 1 
7530|Child_Cross21|58: 880 250 73 35 12 5 1 
7533|Child_Cross21|34: 909 250 73 35 11 5 1 
7535|Child_Cross12|9: 908 250 73 35 11 5 1 
7560|Child_Cross21|6: 1054 250 73 35 11 5 1 
7563|Child_Cross12|33: 911 282 73 35 12 5 1 
7571|Child_Cross21|58: 1088 250 73 35 12 5 1 
7576|Child_LevyABC2|12: 901 245 75 32 13 4 1 
7583|Child_Cross21|54: 911 250 73 36 13 4 1 
7588|Child_Avg|3: 911 242 73 35 11 5 1 
7594|Child_Cross12|13|Mutated: 911 250 88 35 12 5 1 
7596|Child_CrossABC2|2: 907 250 88 35 12 5 1 
7623|Child_Avg|55: 908 244 73 35 11 5 1 
7631|Child_Levy|36: 826 337 98 40 13 5 1 
7642|Child_Levy|40: 856 296 87 41 13 4 1 
7645|Child_Levy|60: 921 277 87 40 13 5 1 
7646|Child_Cross21|6: 921 277 87 36 13 4 1 
7648|Child_LevyABC1|5: 922 284 85 40 13 4 1 
7651|Child_Levy|60: 1245 330 104 40 15 4 1 
7654|Child_Avg|3: 1080 308 93 40 15 4 1 
7660|Child_Avg|55: 960 285 84 40 13 4 1 
7664|Child_Avg|47: 931 282 87 41 14 4 1 
7670|Child_Cross12|45: 958 285 87 41 13 4 1 
7672|Survivor|1|Mutated: 958 285 85 41 13 4 1 
7677|Child_Levy|56|Mutated: 1076 281 82 37 14 4 1 
7696|Child_Avg|19: 1075 281 77 37 14 4 1 
7697|Child_Cross21|6|Mutated: 983 281 77 37 14 4 1 
7699|Child_Cross12|9: 926 273 73 32 13 4 1 
7700|Child_Cross21|10|Mutated: 1038 280 75 32 13 4 1 
7703|Child_Avg|19: 969 271 75 32 13 4 1 
7704|Child_CrossABC2|8|Mutated: 909 262 83 33 14 4 1 
7706|Child_Levy|16: 1112 291 88 39 14 6 1 
7707|Child_Levy|48: 1152 297 89 40 12 5 1 
7735|Child_Cross12|13: 1000 277 90 40 12 5 1 
7737|Child_Levy|44: 922 253 87 39 11 4 1 
7744|Child_Cross12|49: 1079 264 83 40 13 5 1 
7745|Survivor|1|Mutated: 1079 264 91 40 16 5 1 
7746|Child_Avg|15: 1033 283 79 38 13 4 1 
7748|Child_Levy|52: 1065 267 81 40 12 5 1 
7749|Child_CrossABC2|8: 998 287 77 40 12 5 1 
7750|Child_CrossABC1|7: 1015 257 85 40 12 5 1 
7758|Child_CrossABC2|2: 1001 268 95 40 12 5 1 
7763|Child_LevyP1|3: 1049 273 90 41 13 4 1 
7765|Child_Cross21|58: 1001 268 90 41 13 4 1 
7786|Child_Cross12|9: 960 255 86 41 13 4 1 
7788|Child_Cross21|10: 1051 258 73 35 12 5 1 
7789|Child_Avg|15: 1082 248 75 35 11 5 1 
7792|Child_Cross21|42: 1114 270 79 37 13 4 1 
7797|Survivor|1|Mutated: 1311 270 79 37 13 4 1 
7798|Child_Avg|15|Mutated: 1160 253 75 33 13 4 1 
7799|Child_Avg|23: 969 248 74 35 12 5 1 
7802|Child_Cross12|1: 1028 246 73 35 12 5 1 
7803|Child_Cross12|21: 976 262 73 35 12 5 1 
7804|Child_CrossABC1|1: 987 272 73 35 12 5 1 
7805|Child_Avg|51: 1126 301 81 36 13 4 1 
7806|Child_Cross21|14: 956 247 73 36 13 4 1 
7807|Child_CrossABC2|2|Mutated: 1531 322 105 45 14 5 1 
7809|Child_CrossABC1|7: 1553 329 106 48 15 4 1 
7810|Child_LevyP1|9: 1551 323 109 48 15 4 1 
7812|Child_Avg|39: 1311 310 97 43 14 4 1 
7813|Child_Levy|40: 1550 326 109 46 13 4 1 
7814|Child_CrossABC1|7: 1391 311 111 45 13 4 1 
7815|Child_Levy|24: 1326 310 91 44 14 5 1 
7816|Child_LevyABC2|6: 1438 307 111 51 16 5 1 
7817|Child_LevyABC1|11: 1201 304 87 41 14 4 1 
7819|Child_Avg|51: 1277 313 91 45 14 6 1 
7820|Child_Cross12|33: 1326 310 91 45 14 5 1 
7821|Child_LevyABC2|12: 1340 305 109 41 13 4 1 
7834|Child_Avg|51: 1258 295 97 37 13 4 1 
7835|Child_CrossABC1|7: 913 352 98 41 13 4 1 
7842|Child_Cross12|53: 1137 272 85 41 13 4 1 
7848|Child_Levy|16: 1095 299 87 44 12 5 1 
7850|Child_Cross21|34: 1122 278 85 42 13 6 1 
7851|Child_Cross12|29: 1083 282 83 42 13 6 1 
7862|Child_Avg|15: 1043 282 83 40 14 5 1 
7874|Child_Avg|11: 1074 285 79 40 12 5 1 
7876|Child_CrossABC1|7: 1162 261 92 42 12 5 1 
7877|Child_Levy|44: 1095 318 98 40 15 4 1 
7884|Child_LevyP2|4: 1081 298 114 41 14 6 1 
7885|Child_Avg|19: 1071 310 92 38 13 5 1 
7886|Child_LevyABC1|5: 1079 297 134 45 14 6 1 
7892|Child_Avg|35: 1006 295 82 42 12 5 1 
7893|Child_LevyP1|9: 1024 293 84 40 13 4 1 
7894|Child_Cross12|5: 964 278 83 40 13 5 1 
7895|Child_Avg|59: 1063 291 83 40 12 5 1 
7897|Child_Levy|16: 987 281 84 40 14 5 1 
7899|Random|4: 1523 369 118 42 11 4 1 
7904|Child_Levy|32: 1037 281 91 40 12 5 1 
7905|Child_Levy|36: 1145 308 85 41 13 4 1 
7907|Child_Levy|32: 1111 294 89 45 12 5 1 
7908|Child_CrossABC2|8: 1111 295 96 40 13 5 1 
7910|Child_CrossABC1|1: 1111 295 84 40 13 5 1 
7925|Child_CrossABC1|1: 1108 294 85 40 12 5 1 
7927|Child_Cross12|33: 1053 291 83 40 12 5 1 
7930|Child_Avg|27|Mutated: 1048 287 83 40 12 5 1 
7934|Child_CrossABC1|1: 1045 293 85 40 12 5 1 
7939|Child_LevyP1|3: 1053 273 89 40 14 5 1 
7943|Child_Levy|56: 1046 297 77 40 12 5 1 
7944|Child_Levy|48|Mutated: 919 335 98 32 13 5 1 
7950|Child_Avg|51: 1003 285 81 32 13 4 1 
7951|Child_Avg|15|Mutated: 1048 305 85 32 13 5 1 
7952|Child_CrossABC1|7: 1053 239 93 32 13 4 1 
7955|Child_Cross12|5: 985 286 87 35 11 4 1 
7956|Child_Levy|40: 1195 342 123 36 11 5 1 
7960|Child_CrossABC2|2: 1063 285 98 36 11 5 1 
7972|Survivor|1|Mutated: 1063 285 98 36 11 6 1 
7975|Child_Avg|23: 1018 273 86 35 11 5 1 
7980|Survivor|1|Mutated: 1020 273 86 35 11 4 1 
7982|Child_CrossABC2|8: 1023 307 89 32 11 4 1 
7992|Child_CrossABC1|7: 1046 307 89 32 11 4 1 
8002|Child_CrossABC2|8: 881 306 94 32 13 4 1 
8005|Child_Cross12|9: 1015 292 87 32 13 4 1 
8016|Child_Levy|4: 1242 331 97 31 14 5 1 
8017|Child_CrossABC2|2: 1310 366 107 33 14 4 1 
8025|Child_CrossABC2|2|Mutated: 1176 385 118 39 14 4 1 
8036|Child_Cross21|10: 1113 301 102 39 14 4 1 
8038|Child_CrossABC2|8: 1068 346 101 39 14 4 1 
8039|Child_CrossABC2|2: 1082 316 102 39 14 4 1 
8041|Child_Levy|20: 1084 313 98 40 12 5 1 
8048|Child_Cross21|54: 958 296 91 40 12 5 1 
8049|Child_Avg|31: 1082 308 92 41 13 4 1 
8052|Survivor|1|Mutated: 1082 339 92 41 13 4 1 
8053|Child_Cross21|46: 1085 298 92 32 13 4 1 
8057|Child_CrossABC1|1: 1037 291 94 32 13 4 1 
8058|Child_Cross21|30|Mutated: 1074 302 93 39 14 4 1 
8061|Child_Cross12|49: 1115 279 90 39 14 4 1 
8062|Child_Avg|55: 1063 285 87 43 13 5 1 
8065|Child_Cross21|38: 1123 290 84 35 11 5 1 
8066|Child_Cross21|34: 1072 299 86 36 13 4 1 
8068|Child_Cross21|22: 1068 280 87 36 13 4 1 
8071|Child_CrossABC1|1: 1077 280 87 36 13 4 1 
8076|Child_Levy|24: 1145 284 84 35 11 5 1 
8077|Child_CrossABC2|8: 1099 289 83 36 13 4 1 
8081|Child_Cross12|53: 1074 280 81 32 13 4 1 
8085|Child_Avg|19: 1006 263 95 37 14 4 1 
8093|Child_CrossABC1|7: 917 264 93 33 14 4 1 
8094|Child_Avg|23: 1036 269 85 32 13 4 1 
8096|Child_Levy|32: 905 269 86 35 13 5 1 
8098|Child_Cross12|1: 1038 254 80 35 13 5 1 
8101|Child_Avg|47: 1057 253 83 36 13 4 1 
8113|Child_CrossABC1|7: 1057 268 83 36 13 4 1 
8119|Child_Avg|39: 1486 367 105 39 16 5 1 
8120|Survivor|1|Mutated: 1486 352 105 39 16 6 1 
8121|Child_Avg|55: 1131 296 87 37 14 4 1 
8122|Child_LevyABC1|11: 998 299 111 40 14 5 1 
8126|Child_LevyP1|9: 974 294 109 41 13 4 1 
8134|Child_Levy|40|Mutated: 1088 301 106 46 11 5 1 
8152|Child_Cross21|14: 1088 301 98 46 11 5 1 
8153|Child_Cross21|26: 1076 291 91 46 11 5 1 
8154|Child_Cross12|29: 1085 306 95 45 14 5 1 
8158|Child_CrossABC2|8: 1085 317 99 45 14 5 1 
8161|Child_Cross12|33: 904 296 94 45 13 4 1 
8162|Child_Avg|43: 1035 301 98 45 12 5 1 
8164|Child_Cross21|34: 1095 312 91 45 14 6 1 
8168|Child_Cross12|29: 975 296 93 44 15 4 1 
8169|Child_Avg|3: 1052 303 92 49 13 4 1 
8170|Child_Cross21|54: 1013 266 89 40 13 4 1 
8171|Child_Avg|43: 1080 304 94 45 13 4 1 
8174|Child_Avg|19: 1048 305 92 45 13 4 1 
8175|Child_Cross12|21: 1079 304 94 45 13 4 1 
8176|Child_Avg|23: 1057 328 90 44 13 4 1 
8177|Child_Avg|11: 1034 293 90 43 11 4 1 
8179|Child_Cross21|34: 1035 316 85 45 13 4 1 
8180|Child_Levy|24: 1017 313 89 41 13 4 1 
8184|Child_Cross21|58: 998 279 85 40 13 5 1 
8195|Child_LevyABC2|12|Mutated: 920 276 91 33 14 6 1 
8200|Child_Cross21|18: 1009 268 78 33 14 6 1 
8201|Child_Avg|59: 1078 312 95 36 11 5 1 
8202|Child_Avg|31: 1065 296 89 35 11 5 1 
8206|Survivor|1|Mutated: 1065 325 89 35 11 5 1 
8207|Child_Avg|15: 1047 272 85 35 12 5 1 
8208|Survivor|1|Mutated: 1047 294 96 35 12 5 1 
8209|Child_CrossABC1|7: 1049 292 101 35 12 5 1 
8210|Child_Avg|11|Mutated: 1183 293 98 35 12 5 1 
8213|Child_CrossABC2|2: 1118 292 98 35 12 5 1 
8214|Child_CrossABC1|7: 1081 291 98 35 12 5 1 
8227|Child_CrossABC1|7: 1084 288 97 35 12 5 1 
8231|Child_CrossABC1|1: 1099 259 97 35 12 5 1 
8233|Child_Cross12|41: 1069 290 89 35 13 5 1 
8242|Child_Cross12|21: 1081 286 80 39 14 4 1 
8243|Child_Cross21|50: 1068 287 92 37 10 4 1 
8244|Child_Avg|55: 1061 313 82 37 14 4 1 
8245|Survivor|1|Mutated: 1061 313 82 39 14 4 1 
8246|Child_Avg|15: 1064 291 88 35 11 5 1 
8252|Child_CrossABC2|2: 1041 297 86 35 11 5 1 
8256|Child_Avg|35: 922 266 75 35 11 4 1 
8257|Child_Cross21|34: 1041 326 86 49 13 4 1 
8259|Child_Cross12|21: 922 266 75 35 11 5 1 
8261|Child_CrossABC2|2: 913 268 75 35 11 5 1 
8263|Child_CrossABC2|2: 916 266 75 35 11 5 1 
8269|Child_CrossABC1|1: 934 268 75 35 11 5 1 
8272|Child_CrossABC2|8: 939 268 75 35 11 5 1 
8273|Child_Cross21|18: 946 269 73 35 11 5 1 
8274|Child_Cross12|1: 970 272 73 35 12 5 1 
8275|Child_Avg|27: 964 267 75 35 11 5 1 
8278|Child_CrossABC1|1: 952 269 73 35 11 5 1 
8281|Child_Cross21|26: 1121 269 73 35 12 5 1 
8282|Child_Cross12|57: 946 269 73 35 12 5 1 
8283|Child_CrossABC2|8: 940 269 89 35 11 5 1 
8288|Survivor|1|Mutated: 940 269 85 40 11 5 1 
8295|Child_Cross12|49: 937 269 73 35 11 5 1 
8297|Child_Cross12|45: 940 269 73 35 12 5 1 
8298|Child_Avg|59: 887 269 73 35 11 5 1 
8300|Child_Avg|59: 908 269 73 35 11 5 1 
8301|Child_Avg|59: 902 269 73 35 11 5 1 
8303|Child_Cross12|49: 931 269 73 35 11 5 1 
8304|Child_Avg|35: 940 269 80 35 11 5 1 
8314|Child_Avg|39: 940 294 73 35 12 5 1 
8320|Child_Cross21|34: 940 269 73 35 11 5 1 
8322|Child_Avg|31: 934 269 73 35 11 5 1 
8324|Child_Cross12|21: 943 269 73 35 11 5 1 
8347|Child_Cross12|29: 1157 380 124 43 14 4 1 
8349|Child_LevyP1|9: 1219 309 128 45 16 5 1 
8353|Child_CrossABC1|1: 1200 324 118 45 16 5 1 
8355|Child_Avg|59: 1075 313 108 45 16 5 1 
8357|Child_CrossABC1|7: 1100 300 108 45 16 5 1 
8358|Child_CrossABC1|7: 1077 331 108 45 16 5 1 
8369|Child_Cross21|54: 1067 299 99 45 16 5 1 
8373|Child_Cross12|57: 1037 363 99 45 16 5 1 
8374|Child_Avg|59: 1109 327 98 45 13 4 1 
8376|Child_Cross12|57: 1072 285 92 45 16 5 1 
8388|Child_Cross12|49: 1080 276 89 45 16 5 1 
8389|Child_Cross21|42: 1065 297 91 45 16 5 1 
8390|Child_Cross12|33: 1101 283 91 45 16 5 1 
8393|Child_Levy|40: 1091 282 90 46 13 4 1 
8399|Child_CrossABC1|1: 1079 276 88 45 13 4 1 
8402|Child_Levy|52: 1093 276 86 45 13 5 1 
8403|Child_LevyP2|4: 1085 283 96 42 13 6 1 
8404|Child_Avg|15|Mutated: 939 278 85 45 13 4 1 
8405|Child_LevyP1|3: 1104 278 87 49 13 4 1 
8407|Child_Levy|52: 1084 276 87 43 13 5 1 
8408|Child_Cross21|42: 1123 277 81 37 13 4 1 
8409|Child_Levy|60|Mutated: 1083 282 88 42 13 6 1 
8421|Child_Avg|19: 1076 272 85 41 13 4 1 
8430|Child_Avg|31: 1075 271 85 40 13 4 1 
8442|Child_CrossABC2|8: 1069 272 85 41 13 4 1 
8445|Child_Cross12|49: 1098 263 85 40 14 5 1 
8483|Child_CrossABC2|8: 1045 272 85 41 13 4 1 
8491|Survivor|1|Mutated: 1191 272 85 41 13 4 1 
8502|Child_CrossABC1|7: 1062 259 88 41 13 4 1 
8503|Child_CrossABC2|8: 1120 263 90 41 13 4 1 
8509|Child_Cross21|22: 1096 257 86 41 13 4 1 
8512|Child_Cross21|34: 1046 253 81 40 12 5 1 
8517|Child_Levy|16: 1079 293 98 44 14 5 1 
8519|Child_LevyABC2|6|Mutated: 1129 297 102 47 14 6 1 
8520|Child_LevyABC2|6: 1067 303 92 45 14 4 1 
8521|Child_Avg|43: 1126 292 90 41 13 4 1 
8527|Child_CrossABC2|2: 1088 293 89 41 13 4 1 
8528|Child_Cross12|33: 898 263 88 41 13 4 1 
8530|Child_Cross21|6|Mutated: 1070 301 89 35 12 5 1 
8532|Child_Cross21|14: 1070 301 89 40 13 5 1 
8537|Child_Avg|31: 1100 320 89 45 16 5 1 
8538|Child_Cross21|26: 1074 286 83 45 16 5 1 
8541|Child_Avg|7: 1048 289 84 40 13 5 1 
8543|Child_Cross12|9: 1114 294 83 40 14 5 1 
8548|Child_CrossABC1|1: 1111 325 84 40 13 5 1 
8552|Child_Levy|48: 1095 307 85 40 13 5 1 
8558|Child_Avg|11: 1096 281 82 37 12 5 1 
8559|Child_Avg|35: 1107 294 83 40 12 5 1 
8565|Child_Avg|55: 919 285 109 36 13 4 1 
8570|Child_LevyP1|9: 942 298 115 35 14 5 1 
8571|Child_Cross21|10: 1127 278 77 35 13 5 1 
8577|Child_CrossABC2|2: 1129 285 77 35 13 5 1 
8578|Child_Avg|27: 1127 276 77 35 13 5 1 
8580|Child_Avg|47: 1127 277 77 35 13 5 1 
8581|Child_Cross21|34: 1092 278 77 35 13 5 1 
8583|Child_Cross12|1|Mutated: 1114 271 82 37 13 4 1 
8584|Child_CrossABC1|7: 1141 278 77 35 13 5 1 
8585|Child_CrossABC2|8: 1113 278 77 35 13 5 1 
8587|Child_Avg|31: 1132 277 76 35 13 5 1 
8588|Child_Cross12|29: 1122 274 76 35 13 5 1 
8601|Child_CrossABC2|2: 1134 277 76 35 13 5 1 
8606|Child_Avg|51: 1336 389 106 41 14 4 1 
8607|Child_Avg|43: 1147 262 76 35 13 5 1 
8608|Child_CrossABC1|1: 1132 255 76 35 13 5 1 
8609|Child_Avg|51: 1160 278 73 35 13 5 1 
8610|Child_Avg|11: 1158 275 74 35 12 5 1 
8611|Child_Cross21|14|Mutated: 1022 275 84 35 13 5 1 
8616|Child_CrossABC2|8: 985 273 90 35 13 5 1 
8618|Child_Levy|40: 1078 304 89 35 13 5 1 
8621|Child_CrossABC2|2|Mutated: 1095 304 89 35 13 5 1 
8622|Child_CrossABC1|7: 1100 304 89 35 13 5 1 
8652|Child_Cross12|5: 1141 291 77 35 13 5 1 
8654|Child_Avg|19: 1138 290 77 35 13 5 1 
8656|Child_CrossABC2|8: 1138 290 84 35 13 5 1 
8662|Child_LevyABC2|6: 1497 310 116 37 17 6 1 
8665|Child_Levy|20|Mutated: 1239 286 84 35 11 5 1 
8668|Child_Avg|11: 1207 285 86 37 14 4 1 
8669|Child_Avg|35: 1016 273 86 35 13 5 1 
8675|Child_Avg|55|Mutated: 945 249 82 35 13 5 1 
8686|Child_Avg|27: 927 259 78 35 12 5 1 
8687|Child_Avg|47|Mutated: 1057 271 82 35 13 5 1 
8688|Child_Cross12|1: 953 277 76 35 12 5 1 
8689|Child_Cross12|53: 947 275 77 35 13 5 1 
8691|Child_Cross12|37: 953 277 76 35 13 5 1 
8692|Child_Cross12|25: 914 276 77 35 12 5 1 
8693|Child_CrossABC1|7|Mutated: 947 264 76 35 13 5 1 
8695|Child_Cross12|17: 930 266 75 35 11 5 1 
8698|Child_Levy|24: 945 261 73 35 11 5 1 
8700|Child_CrossABC1|1: 946 251 75 35 11 5 1 
8701|Child_CrossABC1|7: 941 259 73 35 12 5 1 
8703|Child_Cross21|58: 945 261 73 35 12 5 1 
8705|Child_LevyABC2|6: 958 260 97 36 13 4 1 
8708|Child_CrossABC2|8: 938 259 73 35 12 5 1 
8711|Child_Cross12|41: 940 259 73 35 12 5 1 
8712|Child_Cross12|45: 944 261 73 35 12 5 1 
8716|Child_CrossABC1|1|Mutated: 937 269 85 35 12 5 1 
8734|Child_CrossABC2|2: 928 265 89 35 12 5 1 
8746|Child_Avg|31: 935 267 78 35 12 5 1 
8747|Child_Avg|7: 959 258 84 35 12 5 1 
8764|Child_Cross21|54: 1138 318 95 37 12 5 1 
8766|Child_Cross12|33: 984 239 77 40 13 4 1 
8770|Child_Cross12|29: 848 267 80 36 13 4 1 
8772|Child_Avg|3: 958 270 75 41 13 4 1 
8781|Child_Avg|47: 849 256 82 39 11 4 1 
8790|Child_Avg|55: 1025 282 80 35 11 4 1 
8792|Child_CrossABC1|1: 810 284 87 35 11 4 1 
8796|Child_CrossABC2|8: 809 284 89 35 11 4 1 
8801|Child_CrossABC2|2: 947 272 84 35 13 6 1 
8805|Child_CrossABC2|8|Mutated: 1058 274 81 32 13 4 1 
8812|Child_Levy|44: 966 295 85 32 13 4 1 
8821|Child_CrossABC2|2: 966 273 85 32 13 4 1 
8824|Child_Avg|15: 1203 366 96 37 14 4 1 
8825|Child_Avg|47: 966 279 85 32 13 4 1 
8826|Child_CrossABC1|1: 966 291 85 32 13 4 1 
8827|Child_CrossABC2|2: 966 289 85 32 13 4 1 
8829|Child_Cross21|58: 917 287 79 32 13 4 1 
8831|Child_CrossABC2|8: 934 287 79 32 13 4 1 
8832|Child_Cross21|14: 969 283 82 29 14 4 1 
8834|Child_Avg|15: 902 287 79 32 13 4 1 
8835|Child_CrossABC2|2: 964 287 79 32 13 4 1 
8838|Child_Cross12|37: 938 272 79 32 13 4 1 
8851|Survivor|1|Mutated: 938 246 85 32 13 4 1 
8853|Child_Avg|15: 1455 331 96 33 14 4 1 
8862|Child_Avg|47: 1086 279 85 32 13 4 1 
8867|Child_CrossABC2|8: 1089 276 86 32 13 4 1 
8868|Child_Cross12|9: 878 240 81 32 13 4 1 
8871|Child_Avg|55: 948 252 85 32 13 4 1 
8878|Child_Cross12|1: 915 247 78 35 12 5 1 
8879|Child_Avg|55: 1014 273 85 31 11 4 1 
8880|Child_Cross12|33: 866 246 73 35 12 5 1 
8887|Child_CrossABC1|1: 946 246 77 35 12 5 1 
8888|Child_Avg|19: 1105 337 91 33 14 4 1 
8891|Child_CrossABC2|8: 961 269 75 32 13 4 1 
8892|Child_Avg|39: 1031 272 81 32 13 4 1 
8898|Child_Cross21|34|Mutated: 954 248 69 32 13 4 1 
8899|Child_Cross21|26: 951 266 75 33 13 4 1 
8901|Child_Cross12|37: 951 266 75 33 13 3 1 
8902|Child_Cross21|10: 846 237 69 32 13 4 1 
8904|Child_Cross21|54: 907 256 69 37 13 4 1 
8910|Child_CrossABC2|8: 899 270 93 37 13 4 1 
8911|Child_CrossABC2|2: 907 251 69 32 13 4 1 
8912|Child_Avg|31|Mutated: 899 261 76 35 12 5 1 
8913|Child_CrossABC2|2: 920 269 90 35 12 5 1 
8924|Child_CrossABC1|7: 889 268 88 35 12 5 1 
8925|Child_CrossABC1|7: 888 265 87 35 12 5 1 
8927|Child_Cross21|22: 928 253 87 35 12 5 1 
8932|Child_CrossABC2|2: 924 251 86 35 12 5 1 
8936|Child_Cross21|46: 872 250 73 36 13 4 1 
8937|Child_Levy|4: 886 241 91 35 13 5 1 
8939|Child_Avg|15: 1468 340 99 35 13 5 1 
8944|Child_Avg|19: 1203 307 86 35 12 5 1 
8949|Child_CrossABC1|1: 1345 328 96 35 12 5 1 
8952|Child_Avg|19: 1078 311 86 35 11 5 1 
8972|Child_Levy|8: 944 298 89 36 13 4 1 
8973|Child_Levy|4: 1025 268 74 36 11 5 1 
8975|Child_CrossABC2|8: 965 267 73 35 12 5 1 
8976|Child_Levy|16|Mutated: 997 272 75 35 11 5 1 
8982|Survivor|1|Mutated: 853 272 75 35 11 4 1 
8984|Child_Cross12|25: 913 265 66 35 12 5 1 
8986|Child_Cross12|17: 963 260 67 35 13 5 1 
8991|Child_CrossABC1|1: 932 260 67 35 13 5 1 
8994|Child_CrossABC2|2: 950 260 67 35 13 5 1 
8996|Child_CrossABC1|7: 937 260 67 35 13 5 1 
8997|Child_CrossABC2|8: 939 260 67 35 13 5 1 
8998|Child_Avg|11: 980 264 71 35 13 5 1 
8999|Child_Avg|23: 942 260 67 35 13 5 1 
9014|Child_Cross21|14: 940 260 67 35 13 5 1 
9017|Child_Avg|27: 934 260 67 35 13 5 1 
9018|Child_Cross21|46: 926 260 67 35 13 5 1 
9019|Child_Cross21|58: 941 250 67 35 13 5 1 
9022|Child_Cross21|18: 886 260 67 35 13 5 1 
9026|Child_Cross12|37: 945 260 67 35 13 5 1 
9028|Child_Cross12|53: 929 260 67 35 13 5 1 
9029|Child_Cross21|54|Mutated: 937 260 81 36 13 4 1 
9038|Child_LevyABC2|12: 925 254 96 38 11 4 1 
9046|Child_Levy|8|Mutated: 930 256 80 35 11 4 1 
9047|Child_CrossABC2|2: 935 258 95 36 11 4 1 
9058|Survivor|1|Mutated: 935 258 95 36 11 5 1 
9068|Child_Cross21|2: 890 225 73 40 12 5 1 
9069|Child_Levy|32: 941 264 93 40 12 5 1 
9071|Child_CrossABC2|2|Mutated: 951 264 91 40 12 5 1 
9086|Child_CrossABC1|7: 923 257 93 40 12 5 1 
9092|Child_Avg|47: 1079 331 100 42 12 5 1 
9098|Child_CrossABC2|2: 1038 359 102 41 11 5 1 
9100|Child_CrossABC1|7: 1031 315 101 41 13 4 1 
9103|Child_CrossABC2|8: 1019 328 107 41 13 4 1 
9106|Child_Avg|51: 971 293 88 40 13 4 1 
9107|Child_Levy|4: 973 311 93 39 14 4 1 
9110|Child_Cross12|41: 971 302 90 35 13 5 1 
9112|Child_LevyABC1|5: 971 279 90 40 13 5 1 
9126|Child_Cross21|34: 923 283 85 40 13 5 1 
9127|Child_Cross12|5: 913 317 85 40 13 5 1 
9131|Child_LevyABC1|5: 972 274 94 41 13 4 1 
9133|Child_Avg|27: 893 263 84 40 13 5 1 
9137|Child_Cross12|45: 962 283 76 40 13 5 1 
9138|Child_Avg|15: 921 279 77 40 13 5 1 
9146|Child_LevyP2|4: 893 289 102 41 14 6 1 
9150|Child_CrossABC2|8: 897 302 113 40 13 5 1 
9151|Child_CrossABC2|2: 899 292 110 40 13 5 1 
9152|Child_CrossABC1|1: 891 301 112 40 13 5 1 
9158|Child_Levy|32: 920 288 90 39 14 6 1 
9159|Child_Avg|7: 940 296 99 40 12 5 1 
9161|Child_CrossABC1|1: 951 292 101 40 14 5 1 
9162|Child_CrossABC2|8: 903 279 95 40 12 5 1 
9163|Child_CrossABC2|8: 922 282 97 40 13 5 1 
9165|Child_Levy|56: 1104 319 96 40 13 5 1 
9188|Child_Avg|51: 1078 307 103 40 13 5 1 
9195|Survivor|1|Mutated: 1078 328 103 40 13 5 1 
9196|Child_Levy|44: 1043 305 101 41 14 6 1 
9212|Child_CrossABC1|1: 1034 302 106 41 14 6 1 
9216|Child_CrossABC1|1: 1039 302 100 41 14 6 1 
9232|Survivor|1|Mutated: 1160 264 120 41 14 6 1 
9234|Child_Avg|47: 1462 330 113 40 13 4 1 
9235|Child_Avg|51: 1066 289 100 41 14 6 1 
9236|Child_Avg|51: 1024 269 90 41 13 4 1 
9253|Child_Cross12|57: 1098 347 105 39 14 4 1 
9262|Child_LevyP2|4|Mutated: 1083 354 110 40 13 5 1 
9264|Child_CrossABC1|1: 1083 346 104 40 13 5 1 
9266|Child_Cross12|29: 1069 344 103 40 13 5 1 
9273|Survivor|1|Mutated: 1069 321 103 40 13 5 1 
9276|Child_CrossABC2|8: 1048 287 98 40 13 5 1 
9278|Child_CrossABC2|2: 1051 289 84 40 13 5 1 
9279|Child_CrossABC1|1: 1079 290 96 40 13 5 1 
9280|Child_LevyP2|10: 1110 306 100 37 14 6 1 
9282|Child_CrossABC2|2: 1093 291 102 40 13 5 1 
9291|Child_Levy|52: 1190 289 97 40 13 5 1 
9292|Child_CrossABC2|8: 1187 291 101 41 14 4 1 
9293|Child_CrossABC2|8: 1190 296 89 41 13 4 1 
9294|Child_Cross21|14: 1093 285 88 40 14 5 1 
9295|Child_Cross12|57: 1144 289 88 40 13 5 1 
9296|Survivor|1|Mutated: 1083 310 88 40 13 5 1 
9298|Child_Avg|59: 1095 289 88 40 13 5 1 
9299|Child_CrossABC1|1: 1136 289 88 40 13 5 1 
9301|Child_Cross12|49: 1098 295 88 40 13 5 1 
9303|Child_Cross12|53: 1070 311 85 40 13 5 1 
9304|Child_CrossABC2|2: 1085 292 90 40 13 5 1 
9313|Child_LevyABC2|6: 1092 291 95 37 14 4 1 
9314|Child_CrossABC1|7: 1109 292 90 40 13 5 1 
9317|Child_LevyP1|9: 1129 306 92 37 16 6 1 
9318|Child_Cross12|9: 1034 291 80 31 14 4 1 
9323|Child_Avg|3: 1001 269 80 35 11 4 1 
9324|Child_Avg|15: 1024 270 91 33 13 4 1 
9325|Child_Avg|31: 1108 292 81 36 13 4 1 
9327|Child_LevyP2|4: 1076 283 78 35 12 5 1 
9328|Child_Levy|20: 1295 309 98 40 16 5 1 
9331|Child_Avg|39: 1067 284 81 32 13 4 1 
9334|Child_Avg|47: 1096 279 83 36 13 4 1 
9338|Child_CrossABC2|8: 1080 316 83 36 13 4 1 
9339|Child_CrossABC1|7: 1072 280 83 36 13 4 1 
9343|Child_Avg|15|Mutated: 1084 295 93 37 13 4 1 
9344|Child_Avg|15: 1135 276 78 35 11 5 1 
9352|Child_CrossABC1|1: 1105 258 84 35 11 4 1 
9361|Child_Avg|59: 1098 263 78 35 11 4 1 
9362|Child_CrossABC2|8: 1097 252 78 35 11 4 1 
9363|Child_Cross21|30: 1090 261 73 35 11 5 1 
9364|Child_Cross21|14: 1094 261 73 35 11 4 1 
9366|Child_Cross21|50: 1090 262 73 35 11 5 1 
9367|Child_CrossABC2|2: 1087 261 73 35 11 5 1 
9368|Child_CrossABC2|8: 1087 261 89 35 11 5 1 
9371|Child_Cross21|10|Mutated: 1090 261 73 35 12 5 1 
9372|Child_Cross21|30|Mutated: 1089 264 73 35 12 5 1 
9374|Child_Cross12|9: 1091 261 73 35 12 5 1 
9375|Child_CrossABC2|8: 1102 261 73 35 12 5 1 
9376|Child_Cross12|41: 1094 261 73 35 12 5 1 
9379|Child_Cross12|33: 1105 261 73 35 12 5 1 
9380|Child_Avg|19: 1098 261 73 35 12 5 1 
9384|Child_Cross12|53|Mutated: 1095 261 73 35 12 5 1 
9402|Child_Cross21|6: 1088 261 73 35 12 5 1 
9407|Child_CrossABC2|2: 1087 261 73 35 12 5 1 
9410|Child_Avg|35|Mutated: 979 261 85 35 12 5 1 
9412|Child_Cross21|34: 1129 261 73 35 12 5 1 
9417|Child_Cross21|54: 1101 261 73 35 12 5 1 
9420|Child_Cross21|22: 1109 261 73 35 12 5 1 
9437|Child_CrossABC2|2: 962 261 73 35 12 5 1 
9441|Child_Cross12|49: 979 261 73 35 12 5 1 
9445|Child_Cross12|49: 959 261 73 35 12 5 1 
9448|Child_Cross21|14: 976 261 73 35 12 5 1 
9449|Child_Cross12|21: 1099 261 73 35 12 5 1 
9450|Child_Avg|55: 917 261 73 35 12 5 1 
9455|Child_Cross12|21: 966 272 73 35 12 5 1 
9462|Child_Avg|19|Mutated: 926 261 85 35 12 5 1 
9469|Child_Cross21|10: 948 261 73 35 12 5 1 
9485|Child_Avg|11: 911 261 73 35 12 5 1 
9486|Child_Cross21|2: 941 261 73 35 12 5 1 
9489|Child_Avg|3: 914 261 73 35 12 5 1 
9509|Child_LevyABC2|6: 1031 259 97 36 13 4 1 
9519|Child_LevyP1|9: 1049 254 102 35 12 5 1 
9551|Child_Avg|35|Mutated: 921 258 87 35 11 5 1 
9553|Child_Avg|7: 913 258 80 35 11 5 1 
9569|Child_Avg|43: 983 261 73 35 12 5 1 
9595|Child_Avg|55|Mutated: 1069 274 98 41 11 5 1 
9599|Child_Levy|36: 1106 325 90 39 14 5 1 
9600|Child_Avg|7: 1094 291 89 40 13 4 1 
9603|Child_Avg|39: 1107 341 89 41 13 4 1 
9604|Child_CrossABC1|1: 1084 326 89 41 13 4 1 
9606|Child_Avg|43: 1037 314 88 40 13 5 1 
9613|Child_Cross21|46: 1055 307 83 40 13 5 1 
9626|Child_CrossABC1|7: 1128 349 88 40 13 5 1 
9633|Child_CrossABC2|8: 1129 351 85 40 13 5 1 
9634|Child_Levy|8: 1036 309 79 39 14 4 1 
9641|Child_Avg|27: 1599 435 120 46 13 4 1 
9642|Child_LevyP1|3: 1184 335 86 41 14 4 1 
9644|Child_LevyP1|3: 1539 416 121 45 12 5 1 
9645|Child_Levy|60: 1391 396 106 43 13 4 1 
9649|Child_CrossABC1|7: 1342 347 98 40 13 5 1 
9653|Child_Cross12|1: 1069 340 94 37 14 6 1 
9657|Child_Avg|15: 1184 341 88 41 13 4 1 
9661|Child_Avg|3: 1102 329 89 37 14 6 1 
9664|Child_Cross12|21: 1093 319 85 37 14 4 1 
9688|Child_Avg|51|Mutated: 1084 310 95 37 13 4 1 
9692|Child_Levy|48: 1046 305 101 42 13 4 1 
9693|Child_Levy|12: 1078 302 85 35 12 5 1 
9694|Child_CrossABC2|2: 1069 278 84 35 11 5 1 
9700|Child_CrossABC1|1: 986 275 86 35 11 5 1 
9706|Child_CrossABC2|8: 1028 271 85 35 12 5 1 
9708|Child_CrossABC2|8: 1228 301 97 35 11 5 1 
9709|Child_Avg|55: 1061 291 98 35 11 5 1 
9710|Child_CrossABC1|1: 1443 271 98 35 13 5 1 
9711|Child_Avg|27: 1053 273 89 35 11 5 1 
9712|Child_Avg|51: 1032 291 98 35 12 5 1 
9713|Child_Levy|12: 1040 290 87 36 13 4 1 
9717|Child_Cross12|25: 1128 293 81 36 13 4 1 
9718|Child_Avg|59: 1111 296 84 37 13 4 1 
9727|Survivor|1|Mutated: 1111 354 84 37 13 4 1 
9728|Child_CrossABC2|2: 1111 325 83 36 13 4 1 
9730|Child_Cross12|17: 1063 311 79 35 12 5 1 
9731|Child_Cross21|10: 1068 270 77 35 13 5 1 
9733|Child_Avg|27: 1057 270 77 35 13 5 1 
9736|Child_Avg|27: 1429 361 96 39 14 4 1 
9741|Child_Avg|11: 1054 275 78 35 12 5 1 
9744|Child_Avg|51: 1040 272 75 35 11 5 1 
9745|Child_Avg|59: 1042 277 75 35 11 5 1 
9746|Child_Avg|55: 1075 271 75 35 11 5 1 
9747|Child_CrossABC2|8: 1061 278 75 35 11 5 1 
9748|Child_CrossABC1|1: 1040 273 80 35 13 5 1 
9753|Child_Avg|27: 1100 282 96 39 14 4 1 
9755|Child_Cross12|33: 1076 282 73 35 12 5 1 
9756|Child_CrossABC1|7: 1140 317 73 35 12 5 1 
9760|Child_Avg|55: 1115 307 73 35 12 5 1 
9762|Child_Cross12|45|Mutated: 1204 349 86 35 12 5 1 
9767|Child_Cross21|6: 1127 297 73 35 12 5 1 
9768|Child_Cross12|33: 1072 272 73 35 12 5 1 
9769|Child_Cross12|5: 1118 294 73 35 12 5 1 
9770|Child_CrossABC1|1: 1120 296 73 35 12 5 1 
9771|Child_Cross21|6: 1124 302 73 35 12 5 1 
9772|Child_Avg|3: 1094 285 73 35 12 5 1 
9773|Child_Avg|23: 1083 284 73 35 12 5 1 
9776|Child_Cross21|42: 1094 284 73 35 12 5 1 
9777|Child_Avg|3: 1100 288 73 35 12 5 1 
9778|Child_Avg|11: 1088 281 73 35 12 5 1 
9780|Child_Avg|23|Mutated: 1112 292 79 35 12 5 1 
9784|Child_Cross21|30: 1086 284 73 35 12 5 1 
9785|Child_Cross21|22: 1091 284 73 35 12 5 1 
9787|Child_Cross12|45: 1088 284 73 35 12 5 1 
9796|Child_CrossABC1|1: 1094 259 73 35 12 5 1 
9797|Child_Cross21|26: 1054 284 73 35 12 5 1 
9798|Child_Cross12|41|Mutated: 1094 284 85 35 12 5 1 
9801|Child_CrossABC2|8: 1090 284 85 35 12 5 1 
9814|Child_Avg|59: 1093 259 73 35 12 5 1 
9815|Child_Avg|27|Mutated: 1133 272 73 35 12 5 1 
9818|Child_Cross21|10: 1013 284 73 35 12 5 1 
9823|Child_Cross12|9: 1081 284 73 35 12 5 1 
9826|Child_Cross21|38: 1046 284 73 35 12 5 1 
9827|Child_Cross12|41: 1080 284 73 35 12 5 1 
9828|Child_CrossABC1|7: 1078 284 73 35 12 5 1 
9833|Child_Cross21|10: 1048 284 73 35 12 5 1 
9834|Child_Cross21|26: 1051 284 73 35 12 5 1 
9844|Child_Cross12|49|Mutated: 1086 284 88 35 12 5 1 
9849|Child_Avg|7|Mutated: 940 284 73 35 12 5 1 
9853|Child_Cross12|37|Mutated: 1062 284 73 35 12 5 1 
9860|Child_Cross12|25: 918 284 73 35 12 5 1 
9863|Child_Cross21|6: 1045 284 73 35 12 5 1 
9865|Child_Cross21|10|Mutated: 1056 284 82 35 13 5 1 
9873|Child_CrossABC1|7: 1048 284 111 35 12 5 1 
9874|Child_CrossABC2|2: 1070 284 85 35 12 5 1 
9878|Child_CrossABC2|8: 1049 284 97 35 12 5 1 
9881|Child_Avg|27: 1056 284 85 35 12 5 1 
9886|Child_Cross12|49|Mutated: 1029 284 85 35 12 5 1 
9890|Child_CrossABC2|2: 1046 284 85 35 12 5 1 
9891|Child_CrossABC2|2: 1035 284 85 35 12 5 1 
9899|Child_Cross12|45: 1021 284 73 35 12 5 1 
9900|Child_Cross21|38|Mutated: 1018 284 73 35 12 5 1 
9901|Child_Avg|3: 964 284 73 35 12 5 1 
9902|Child_Avg|55: 956 284 73 35 12 5 1 
9904|Child_Cross21|14: 935 284 73 35 12 5 1 
9913|Child_Avg|11: 943 284 73 35 12 5 1 
9914|Child_Avg|15: 932 284 73 35 12 5 1 
9915|Child_Cross21|26: 951 284 73 35 12 5 1 
9916|Child_Cross12|13: 967 284 73 35 12 5 1 
9919|Child_Cross12|49: 948 284 73 35 12 5 1 
9943|Child_Avg|55: 942 284 73 35 12 5 1 
9945|Child_Cross21|58: 937 284 73 35 12 5 1 
9949|Child_Cross12|29: 934 284 73 35 12 5 1 
9951|Child_Cross21|46: 907 284 73 35 12 5 1 
9982|Child_Avg|31: 946 284 73 35 12 5 1 
9986|Child_Cross21|26|Mutated: 959 284 73 35 12 5 1 
9989|Child_Cross21|42|Mutated: 763 267 78 35 12 5 1 
10019|Child_CrossABC1|7|Mutated: 948 285 73 35 12 5 1 
10020|Child_Cross12|1|Mutated: 946 284 88 35 12 5 1 
10023|Child_CrossABC2|2: 946 284 97 35 12 5 1 
10036|Child_Cross12|57: 910 284 73 35 12 5 1 
10043|Child_Cross12|21: 916 284 73 35 12 5 1 
10056|Child_CrossABC1|7: 940 284 85 35 12 5 1 
10103|Random|22: 4483 1092 290 99 45 13 4 1 
10104|Child_Levy|36: 933 297 93 40 12 5 1 
10116|Child_CrossABC2|2: 912 299 90 40 12 5 1 
10126|Child_Avg|23: 1182 321 93 40 12 5 1 
10127|Child_Avg|27: 920 296 91 40 12 5 1 
10128|Child_Avg|51: 977 281 90 40 12 5 1 
10133|Child_LevyP2|10: 947 272 89 41 13 4 1 
10137|Survivor|1|Mutated: 947 305 89 41 13 4 1 
10149|Child_Levy|36: 1038 303 89 41 13 4 1 
10161|Child_CrossABC2|8: 992 289 86 40 14 5 1 
10162|Child_Cross21|34: 967 290 77 37 14 4 1 
10164|Child_Levy|60: 956 300 83 42 12 5 1 
10165|Child_CrossABC1|7: 926 275 77 41 14 4 1 
10171|Child_Avg|51: 1155 293 100 35 11 4 1 
10180|Child_Cross12|17: 933 262 76 35 11 4 1 
10181|Child_LevyP1|9: 1271 299 95 37 12 5 1 
10182|Child_CrossABC2|2: 1055 260 95 37 12 5 1 
10183|Child_CrossABC2|8: 1151 301 93 36 13 6 1 
10190|Child_Cross12|9: 1090 277 85 35 12 5 1 
10191|Child_Cross12|45: 1085 295 86 35 13 5 1 
10192|Child_Levy|20: 1116 292 97 40 13 5 1 
10193|Child_LevyP2|10: 1147 289 90 39 14 4 1 
10194|Child_Cross21|30: 1104 302 87 36 11 5 1 
10195|Child_Cross12|29: 1085 294 81 36 13 4 1 
10196|Child_Avg|27: 1055 313 86 35 11 4 1 
10200|Child_LevyABC1|5: 1145 244 79 35 12 5 1 
10202|Child_Levy|16: 1061 295 86 36 13 4 1 
10207|Child_CrossABC1|7: 1064 297 84 35 13 5 1 
10208|Child_Cross21|2: 1096 260 73 36 13 4 1 
10209|Child_Avg|35: 1065 279 81 35 13 5 1 
10214|Child_CrossABC1|1: 1009 281 77 35 13 5 1 
10218|Child_CrossABC1|1: 1052 292 81 35 13 5 1 
10220|Survivor|1|Mutated: 1052 288 81 35 13 5 1 
10222|Child_Cross21|10: 1081 296 75 35 11 5 1 
10225|Child_Cross12|5: 1067 294 78 35 11 5 1 
10231|Random|1: 1079 264 119 36 13 4 1 
10233|Child_Cross12|5: 1195 281 83 37 12 5 1 
10235|Child_Levy|56: 1411 356 115 44 16 5 1 
10249|Child_CrossABC2|8: 1326 368 102 45 16 5 1 
10252|Child_CrossABC1|1: 1418 318 115 45 16 5 1 
10259|Survivor|1|Mutated: 1418 318 108 45 16 5 1 
10300|Child_CrossABC1|1: 1453 327 115 45 16 5 1 
10301|Child_Cross21|50: 1305 307 105 45 16 5 1 
10302|Child_Cross21|6: 1369 309 101 45 16 5 1 
10303|Child_Avg|39: 1523 350 111 45 17 5 1 
10304|Child_CrossABC1|1: 1376 312 99 45 16 5 1 
10309|Child_Cross12|1|Mutated: 1171 312 99 45 16 5 1 
10313|Child_CrossABC2|8: 1121 312 99 45 16 5 1 
10314|Child_CrossABC2|2: 1150 312 99 45 16 5 1 
10319|Child_Cross21|30: 1362 315 97 45 16 5 1 
10324|Child_CrossABC1|7: 1364 316 94 45 16 5 1 
10327|Child_Cross21|14: 1335 308 94 45 16 5 1 
10328|Child_CrossABC1|7: 1351 305 94 45 16 5 1 
10329|Child_CrossABC2|2: 1346 305 94 45 16 5 1 
10330|Child_Cross12|1: 1350 309 94 45 16 5 1 
10332|Child_CrossABC2|2: 1345 309 94 45 16 5 1 
10333|Child_Cross21|14: 1309 309 94 45 16 5 1 
10334|Child_CrossABC1|7: 1345 304 94 45 16 5 1 
10336|Child_CrossABC1|1: 1302 309 94 45 16 5 1 
10337|Child_CrossABC2|2: 1377 309 94 45 16 5 1 
10338|Child_CrossABC1|1: 1306 309 94 45 16 5 1 
10340|Child_Cross21|6: 1300 304 94 45 16 5 1 
10341|Child_CrossABC1|1: 1298 308 94 45 16 5 1 
10342|Child_CrossABC2|8: 1300 350 94 45 16 5 1 
10350|Child_Cross21|42: 1317 314 92 45 16 5 1 
10351|Child_Cross21|18: 1189 315 92 45 16 5 1 
10353|Child_Cross21|10: 1314 311 91 45 16 5 1 
10357|Child_CrossABC2|8: 1316 312 91 45 16 5 1 
10358|Child_CrossABC2|8: 1142 311 91 45 16 5 1 
10365|Child_CrossABC2|2: 1138 312 91 45 16 5 1 
10367|Child_Avg|35: 1162 310 91 45 16 5 1 
10369|Child_Avg|7: 1141 311 91 45 16 5 1 
10372|Child_Avg|23: 1144 310 91 45 16 5 1 
10373|Child_Cross12|25: 1140 311 91 45 16 5 1 
10389|Child_Avg|11: 1133 311 91 45 16 5 1 
10390|Child_Avg|7: 1136 311 91 45 16 5 1 
10393|Child_Avg|27: 1134 311 99 45 16 5 1 
10400|Child_Cross12|45: 1135 311 91 45 16 5 1 
10425|Child_Avg|47: 1132 311 91 45 16 5 1 
10427|Child_Cross21|58: 1133 312 91 45 16 5 1 
10434|Child_Cross21|50: 1136 310 91 45 16 5 1 
10435|Child_Cross21|18|Mutated: 1127 311 91 45 16 5 1 
10441|Child_Avg|43: 1134 310 91 45 16 5 1 
10449|Child_Avg|59: 1133 310 91 45 16 5 1 
10458|Child_Avg|11: 1089 310 91 45 16 5 1 
10459|Child_Cross12|53: 1090 310 91 45 16 5 1 
10464|Child_Cross12|45: 1091 310 91 45 16 5 1 
10465|Child_CrossABC2|2: 1078 309 91 45 16 5 1 
10470|Child_Cross12|53: 1126 311 91 45 16 5 1 
10472|Child_Cross21|18: 1125 311 91 45 16 5 1 
10473|Child_CrossABC1|7: 1143 311 91 45 16 5 1 
10479|Child_Cross21|50|Mutated: 1126 311 92 45 16 5 1 
10514|Child_Avg|19: 1121 313 89 41 13 4 1 
10521|Child_CrossABC1|7: 1120 304 105 41 13 4 1 
10523|Child_CrossABC2|8: 1120 302 114 41 13 4 1 
10524|Child_Cross21|18: 1120 318 89 41 13 4 1 
10525|Child_Cross12|37: 1118 304 100 41 13 4 1 
10527|Child_LevyABC2|6: 1046 309 105 40 14 5 1 
10533|Child_Avg|27: 1106 302 99 35 13 5 1 
10540|Child_Avg|43|Mutated: 1078 298 89 35 13 5 1 
10541|Child_Avg|3: 1081 299 86 36 13 4 1 
10549|Child_CrossABC2|2: 1054 299 86 36 13 4 1 
10564|Child_Avg|3: 1095 294 86 32 13 4 1 
10566|Child_CrossABC2|8: 1126 295 85 32 13 4 1 
10575|Child_LevyABC1|11: 1125 290 106 31 14 5 1 
10579|Child_LevyP2|4: 1162 305 105 32 13 4 1 
10581|Child_CrossABC1|1: 963 274 104 32 13 4 1 
10585|Child_Avg|59: 1102 283 85 32 13 4 1 
10592|Child_Avg|55: 1133 291 87 32 13 5 1 
10597|Child_CrossABC1|1: 1122 278 81 32 13 5 1 
10599|Child_Avg|11|Mutated: 1017 245 75 32 13 4 1 
10600|Child_Cross21|6: 1106 283 79 32 13 4 1 
10606|Child_Levy|56: 1029 297 78 35 11 4 1 
10611|Child_Cross21|10: 1095 273 73 29 16 5 1 
10612|Child_Cross12|9: 1057 278 75 35 11 4 1 
10613|Child_Avg|27: 1039 273 74 33 14 4 1 
10614|Child_Cross12|25: 1057 262 73 35 12 5 1 
10615|Child_Avg|7: 1192 350 103 40 13 5 1 
10619|Child_LevyABC2|6: 1030 304 85 40 12 5 1 
10626|Child_Avg|35: 1091 287 79 32 13 4 1 
10636|Child_Avg|59: 1079 289 81 32 13 4 1 
10645|Child_CrossABC2|8: 1071 287 81 32 13 4 1 
10647|Child_Cross21|22: 1070 289 79 32 13 4 1 
10657|Child_Cross12|5: 947 274 72 32 13 4 1 
10658|Child_Avg|11: 925 259 73 32 13 4 1 
10660|Child_LevyABC1|11: 868 249 76 35 13 5 1 
10676|Child_Avg|35: 863 248 74 39 11 4 1 
10677|Child_Avg|7|Mutated: 862 242 73 35 14 5 1 
10680|Child_Levy|8: 836 243 74 35 12 5 1 
10682|Child_CrossABC1|1: 880 235 73 36 13 4 1 
10684|Child_Avg|51|Mutated: 1165 249 92 41 13 4 1 
10691|Child_Avg|27: 1022 262 86 35 11 4 1 
10704|Child_Avg|35|Mutated: 930 291 95 35 13 5 1 
10709|Child_Avg|55|Mutated: 1067 292 99 35 13 5 1 
10710|Child_Levy|48: 1073 251 92 32 13 5 1 
10715|Child_Avg|11|Mutated: 1015 255 79 32 13 4 1 
10717|Child_Cross12|5: 1093 266 78 30 11 5 1 
10720|Child_Avg|43: 914 260 107 36 14 5 1 
10722|Child_Levy|16: 928 261 88 32 15 4 1 
10723|Child_Avg|7: 1146 321 105 38 13 5 1 
10725|Child_LevyP1|3: 1120 307 103 37 14 6 1 
10737|Child_CrossABC1|1: 1064 315 114 37 14 6 1 
10742|Child_Cross21|14: 1049 276 85 37 14 6 1 
10743|Child_CrossABC1|7: 1102 306 105 37 14 6 1 
10746|Child_CrossABC1|7|Mutated: 1151 347 117 37 14 6 1 
10764|Child_Cross12|37: 1075 325 91 37 14 6 1 
10765|Child_LevyABC1|5|Mutated: 1017 349 95 35 13 5 1 
10766|Child_Cross12|37: 1098 299 89 37 14 6 1 
10767|Child_Cross12|13: 1092 336 89 35 13 5 1 
10768|Child_Avg|19: 1075 326 90 35 13 5 1 
10770|Child_Avg|11: 1056 320 89 35 13 6 1 
10772|Child_Levy|20|Mutated: 1067 304 103 37 14 4 1 
10773|Child_Cross21|42: 1080 306 85 35 13 5 1 
10774|Child_Avg|23: 1088 308 86 35 13 5 1 
10777|Child_Cross21|18: 1080 306 85 35 12 5 1 
10780|Child_CrossABC1|1: 1068 308 97 35 12 5 1 
10785|Child_Cross21|38: 1073 313 91 35 12 5 1 
10787|Child_Cross12|17: 1063 311 86 35 12 5 1 
10803|Child_LevyP2|4: 1039 305 100 36 15 4 1 
10809|Child_Avg|47: 980 297 88 37 13 4 1 
10810|Child_Levy|56: 1001 296 88 39 15 4 1 
10811|Child_Avg|31: 1049 283 84 33 14 4 1 
10812|Child_Levy|16: 956 283 79 36 15 4 1 
10814|Child_Avg|39: 1007 292 80 37 14 4 1 
10815|Child_Avg|55: 1098 287 85 36 11 5 1 
10818|Child_Avg|23: 1465 391 94 37 14 4 1 
10823|Child_Avg|47: 873 214 78 35 11 4 1 
10824|Child_Cross12|21: 1038 241 75 35 11 4 1 
10825|Child_Levy|12: 1120 289 77 35 13 5 1 
10830|Child_LevyP2|10: 1136 299 81 36 13 4 1 
10832|Child_Avg|59: 1055 289 80 35 13 5 1 
10833|Child_Levy|56: 1077 286 79 33 14 4 1 
10842|Child_Avg|19: 1084 266 81 32 13 4 1 
10843|Child_Cross12|5: 1096 291 73 32 13 4 1 
10844|Child_LevyABC2|12: 1080 267 79 35 12 5 1 
10847|Child_Cross21|6: 1063 287 73 35 12 5 1 
10857|Child_Avg|59: 1078 279 87 33 14 4 1 
10860|Child_Avg|7: 1115 304 74 36 13 4 1 
10865|Child_Avg|3: 1045 293 76 35 13 5 1 
10869|Child_CrossABC2|8: 1043 277 76 35 13 5 1 
10875|Child_LevyP1|9: 970 258 77 37 14 4 1 
10876|Child_Avg|19: 1005 268 78 36 13 4 1 
10877|Child_Avg|55: 1070 275 73 35 13 5 1 
10879|Child_Avg|3: 1059 284 73 35 13 5 1 
10881|Child_Cross12|53: 945 240 71 35 13 5 1 
10883|Child_Avg|23: 989 269 73 35 13 5 1 
10884|Child_CrossABC2|2: 938 307 84 35 13 5 1 
10885|Child_Levy|20: 965 286 78 35 12 5 1 
10886|Random|11: 1858 499 146 51 15 4 1 
10887|Child_Levy|44|Mutated: 1424 377 108 45 14 4 1 
10903|Child_LevyP2|10: 1425 369 114 43 13 5 1 
10909|Child_Avg|43: 1194 310 90 41 13 4 1 
10911|Child_Levy|48: 1159 315 88 41 13 4 1 
10912|Child_CrossABC2|8: 1078 311 90 40 13 5 1 
10917|Child_CrossABC2|8: 1070 322 97 40 14 5 1 
10930|Child_Levy|36: 1056 323 92 41 14 6 1 
10949|Child_Levy|28: 1195 335 87 39 14 6 1 
10960|Child_Levy|36: 1133 285 100 41 13 3 1 
10961|Child_Avg|47|Mutated: 1151 264 98 43 13 5 1 
10962|Child_Cross21|46: 1151 264 98 45 13 5 1 
10964|Child_CrossABC1|1: 1228 256 105 43 14 6 1 
10967|Child_Avg|27: 919 279 90 40 13 5 1 
10970|Child_Avg|47: 918 262 89 40 13 5 1 
10971|Child_CrossABC1|1: 913 277 90 40 13 5 1 
10972|Child_Avg|59: 917 274 88 41 13 4 1 
10973|Child_Avg|51: 926 272 89 41 13 4 1 
10977|Child_Avg|15: 904 289 85 40 12 5 1 
10980|Child_Cross21|58: 911 285 84 40 13 5 1 
10983|Child_Avg|27: 915 284 83 40 13 5 1 
10985|Child_Cross12|53|Mutated: 918 284 83 43 13 5 1 
10986|Child_Avg|39: 922 277 83 40 13 5 1 
10989|Child_Cross21|50: 950 282 83 40 13 5 1 
10991|Child_Cross21|6: 916 287 83 40 13 5 1 
10992|Child_Cross12|49: 953 284 83 40 13 5 1 
10993|Child_LevyP2|10|Mutated: 966 279 100 41 14 6 1 
10997|Child_Cross21|2|Mutated: 924 282 89 40 13 5 1 
11002|Child_Cross12|13: 921 282 83 40 13 5 1 
11003|Child_LevyABC1|11: 930 277 88 39 14 6 1 
11004|Child_Cross12|5: 933 281 83 40 13 5 1 
11006|Child_Cross21|14: 1059 281 83 40 13 5 1 
11009|Child_Cross21|14: 944 282 83 40 13 5 1 
11011|Child_Avg|59: 922 281 83 40 13 5 1 
11017|Child_Cross12|57: 954 281 83 40 13 5 1 
11021|Child_Cross12|45: 927 281 83 40 13 5 1 
11023|Child_Cross21|54: 938 281 83 40 13 5 1 
11026|Child_Cross12|53: 959 281 83 40 13 5 1 
11027|Child_Cross21|34: 962 281 83 40 13 5 1 
11029|Child_Cross21|42|Mutated: 958 281 96 40 13 5 1 
11031|Child_CrossABC1|7: 966 281 102 40 13 5 1 
11035|Child_Cross21|18|Mutated: 935 281 96 40 13 5 1 
11038|Child_Cross21|54: 967 281 83 40 13 5 1 
11039|Child_Cross21|50: 970 281 83 40 13 5 1 
11048|Child_Cross12|5: 1211 338 103 54 13 4 1 
11049|Child_Avg|55: 733 261 89 40 14 5 1 
11051|Child_Avg|23: 1161 295 103 46 13 4 1 
11056|Child_Levy|4: 872 271 79 39 14 4 1 
11058|Child_Levy|24: 1089 299 92 45 13 4 1 
11076|Child_CrossABC1|1: 1105 296 94 45 13 4 1 
11083|Survivor|1|Mutated: 1181 296 94 45 13 5 1 
11085|Child_CrossABC2|2: 1070 332 94 45 13 4 1 
11096|Child_CrossABC2|8: 943 326 111 55 16 5 1 
11098|Child_Avg|59: 887 262 86 33 14 4 1 
11099|Child_Cross21|14: 1160 417 112 37 14 4 1 
11100|Child_Cross12|57: 977 250 101 37 14 4 1 
11102|Child_Cross12|25: 977 250 101 40 14 5 1 
11105|Child_Levy|48|Mutated: 986 272 91 37 14 4 1 
11107|Child_CrossABC1|7: 959 265 89 41 13 4 1 
11108|Child_Cross12|17: 987 263 88 41 13 4 1 
11109|Child_CrossABC1|1: 944 262 92 41 13 4 1 
11110|Child_CrossABC1|7: 1001 290 107 41 13 4 1 
11113|Child_Avg|35: 940 276 95 40 12 5 1 
11114|Child_Levy|24: 971 284 100 41 13 4 1 
11118|Child_CrossABC1|7: 1037 284 100 41 13 4 1 
11119|Child_Cross21|6: 1074 284 100 41 13 4 1 
11120|Child_CrossABC1|7: 1076 284 100 41 13 4 1 
11121|Child_CrossABC1|7: 1071 284 100 41 13 4 1 
11123|Child_CrossABC1|7: 1066 285 101 40 13 4 1 
11126|Child_Cross21|2: 1042 277 92 41 13 4 1 
11127|Child_Avg|27: 1054 281 96 40 13 4 1 
11128|Child_Cross12|17: 1013 275 88 40 13 4 1 
11129|Child_Cross12|37: 974 284 90 41 13 4 1 
11133|Child_Cross12|33: 883 247 83 40 12 5 1 
11134|Child_Avg|55: 905 279 85 40 13 5 1 
11137|Child_Cross12|53: 968 279 85 41 13 4 1 
11144|Child_Cross12|37: 939 249 84 40 13 5 1 
11145|Child_CrossABC1|1: 910 268 83 40 13 5 1 
11147|Child_Avg|11: 919 265 83 40 13 5 1 
11149|Child_Cross21|14: 925 265 83 40 13 5 1 
11150|Child_Levy|32: 914 269 82 39 14 6 1 
11152|Child_Cross21|26: 898 267 83 40 14 5 1 
11153|Child_Levy|32: 912 263 84 40 13 5 1 
11163|Child_Cross21|10: 917 265 83 40 13 5 1 
11164|Child_Avg|59|Mutated: 913 264 98 40 13 5 1 
11166|Child_Avg|15: 911 264 90 40 13 5 1 
11212|Child_Cross12|33|Mutated: 927 256 86 40 13 5 1 
11213|Child_CrossABC1|1: 954 271 88 40 13 5 1 
11217|Child_Cross21|2: 980 258 85 40 13 5 1 
11218|Child_CrossABC1|1|Mutated: 922 278 83 36 13 4 1 
11224|Child_Cross12|49: 922 278 83 37 12 5 1 
11227|Child_Levy|60: 923 276 77 40 13 5 1 
11229|Child_Avg|55: 923 278 77 40 13 5 1 
11236|Child_CrossABC1|7: 858 267 75 40 13 5 1 
11237|Child_LevyABC1|11: 933 276 77 37 14 4 1 
11239|Child_Cross12|29: 901 269 71 36 13 4 1 
11240|Child_Avg|3: 909 266 72 40 13 5 1 
11246|Child_Avg|51: 904 267 68 36 13 4 1 
11248|Child_Levy|20: 1510 370 143 39 15 4 1 
11249|Child_Avg|15: 1212 319 106 38 13 4 1 
11250|Child_LevyP1|3: 1115 325 107 40 14 5 1 
11256|Child_Levy|16: 1125 328 98 39 16 5 1 
11264|Child_Cross21|50|Mutated: 1106 312 105 39 16 5 1 
11267|Child_Avg|31: 1101 310 98 40 13 5 1 
11281|Child_LevyP2|4: 1095 319 99 37 14 4 1 
11282|Child_Avg|19: 1063 302 84 40 13 5 1 
11283|Child_Avg|31: 1101 305 91 37 14 4 1 
11292|Child_CrossABC2|2: 1063 303 91 37 14 4 1 
11297|Child_CrossABC1|1: 1047 302 95 36 15 4 1 
11299|Child_Cross12|37: 1053 297 91 36 15 4 1 
11306|Child_CrossABC1|1: 1040 297 88 36 15 4 1 
11310|Child_Cross21|26: 1081 292 79 36 15 4 1 
11312|Child_LevyABC1|11: 962 277 79 36 15 4 1 
11313|Child_Levy|24: 1073 295 82 42 13 6 1 
11314|Child_Avg|7: 1062 296 80 39 14 4 1 
11319|Child_LevyABC2|6: 873 277 95 41 16 6 1 
11324|Survivor|1|Mutated: 873 277 95 41 15 7 1 
11325|Child_Cross12|29: 1121 353 81 37 13 4 1 
11326|Child_Avg|19: 1046 303 80 39 14 6 1 
11327|Child_Avg|55: 1265 325 98 44 15 4 1 
11328|Child_CrossABC2|8: 991 256 104 39 14 4 1 
11333|Child_Levy|8: 1057 285 86 40 12 5 1 
11339|Child_Cross21|42: 1105 299 83 40 12 5 1 
11352|Child_CrossABC1|1: 1106 311 87 40 12 5 1 
11355|Child_CrossABC2|8: 1105 303 91 40 12 5 1 
11357|Child_CrossABC1|1: 1027 291 102 40 13 5 1 
11363|Child_Levy|20: 1080 274 97 37 13 4 1 
11373|Child_Avg|31: 1039 282 88 37 13 4 1 
11374|Child_Cross21|6: 1083 289 82 37 13 4 1 
11375|Child_Levy|28: 901 276 86 35 11 5 1 
11380|Child_CrossABC1|7: 946 276 84 35 13 5 1 
11384|Child_Avg|7: 922 277 80 35 13 5 1 
11385|Child_Cross21|6: 921 297 80 37 14 4 1 
11386|Child_Cross21|18: 922 271 80 35 13 5 1 
11387|Child_Avg|55: 937 273 80 35 13 5 1 
11395|Child_CrossABC2|8|Mutated: 940 273 90 35 13 5 1 
11399|Child_Avg|47: 910 264 77 35 12 5 1 
11401|Child_CrossABC2|8: 910 266 78 35 12 5 1 
11402|Child_CrossABC2|2: 914 264 77 35 12 5 1 
11403|Child_Avg|55: 917 269 77 35 12 5 1 
11404|Child_Avg|27: 901 259 78 35 12 5 1 
11405|Child_Cross21|54: 894 248 76 35 12 5 1 
11410|Child_Cross21|2: 913 261 75 35 11 5 1 
11411|Child_Avg|15: 903 254 75 35 11 5 1 
11412|Child_Cross21|10: 919 264 75 35 11 5 1 
11413|Child_Cross21|22: 907 256 75 35 11 5 1 
11414|Child_Cross12|17: 914 261 75 35 11 5 1 
11416|Child_Avg|27: 920 261 75 35 11 5 1 
11417|Child_Cross21|10: 916 261 75 35 11 5 1 
11419|Child_Cross21|10: 917 261 75 35 11 5 1 
11421|Child_Cross21|42: 914 259 75 35 11 5 1 
11423|Child_Cross12|29: 911 261 75 35 11 5 1 
11425|Child_Avg|27: 910 261 75 35 11 5 1 
11434|Child_LevyABC1|11|Mutated: 1147 303 95 46 13 4 1 
11437|Child_CrossABC2|8: 1147 303 95 45 13 4 1 
11438|Child_Cross12|45|Mutated: 812 264 103 40 13 5 1 
11442|Child_CrossABC1|7: 979 279 103 40 13 5 1 
11443|Child_Avg|11: 1336 388 116 45 17 5 1 
11451|Child_Cross21|6|Mutated: 1081 305 89 40 13 5 1 
11454|Child_LevyP2|10: 1072 303 90 39 14 4 1 
11456|Child_LevyABC1|11: 1054 230 90 41 13 4 1 
11459|Child_Cross12|9: 980 288 84 35 11 5 1 
11460|Child_CrossABC2|2: 985 283 82 40 12 5 1 
11461|Child_Levy|28: 970 283 86 42 12 5 1 
11462|Child_Avg|23: 987 267 84 40 13 4 1 
11463|Child_Cross21|42: 993 297 83 41 11 5 1 
11464|Child_Avg|47: 982 271 84 40 13 5 1 
11470|Child_Levy|12: 972 270 85 42 11 4 1 
11471|Child_Levy|40: 1062 324 96 41 13 4 1 
11475|Child_Avg|47: 1109 311 103 41 13 4 1 
11487|Child_Avg|3: 904 284 94 39 14 4 1 
11489|Child_Avg|43: 1156 339 87 41 13 4 1 
11493|Child_Cross12|57: 1145 288 87 41 13 4 1 
11505|Survivor|1|Mutated: 1145 288 87 41 13 3 1 
11506|Child_CrossABC2|8: 1151 273 81 36 13 4 1 
11512|Child_CrossABC2|2: 1171 275 86 36 13 4 1 
11517|Survivor|1|Mutated: 1023 275 86 36 13 4 1 
11524|Child_LevyP1|9: 807 287 85 35 12 5 1 
11526|Survivor|1|Mutated: 807 244 85 35 12 5 1 
11527|Child_CrossABC1|7: 819 254 88 35 12 5 1 
11528|Child_Cross12|37: 1201 273 85 35 12 5 1 
11544|Child_Avg|55: 1056 271 85 35 12 5 1 
11545|Child_Avg|31: 1112 271 85 35 12 5 1 
11546|Child_CrossABC2|8: 964 272 85 35 12 5 1 
11548|Child_CrossABC2|2: 971 272 88 35 12 5 1 
11550|Child_Avg|39: 1080 275 87 35 12 5 1 
11551|Child_LevyP1|3|Mutated: 934 284 95 37 13 4 1 
11568|Child_Levy|16: 898 263 86 35 12 5 1 
11579|Child_CrossABC2|8: 892 263 86 35 12 5 1 
11588|Child_Avg|11|Mutated: 874 263 86 35 11 5 1 
11598|Child_CrossABC2|2: 909 254 86 35 11 5 1 
11602|Child_Avg|7: 904 266 84 33 10 4 1 
11603|Child_Cross12|37: 959 279 76 35 11 5 1 
11605|Child_Avg|3: 1660 442 100 41 13 4 1 
11606|Child_Cross21|26: 937 272 75 35 11 5 1 
11615|Child_Cross21|34: 1215 309 98 39 11 4 1 
11616|Child_Cross12|21: 1200 354 121 50 16 5 1 
11623|Child_Avg|15: 1241 354 111 48 13 5 1 
11625|Child_Avg|15: 1105 314 110 48 13 5 1 
11626|Child_CrossABC2|2: 1292 354 111 48 13 5 1 
11628|Child_Levy|32: 1135 325 103 51 14 6 1 
11629|Child_CrossABC1|1: 1137 350 103 45 14 6 1 
11634|Child_Cross12|25: 1080 371 100 45 14 6 1 
11636|Child_LevyP2|10: 1083 375 110 50 16 5 1 
11637|Child_Levy|16: 1121 336 103 45 14 6 1 
11641|Child_Avg|43: 1070 337 106 45 14 5 1 
11645|Child_CrossABC1|1: 1113 336 103 45 14 6 1 
11646|Child_CrossABC1|7: 1105 336 103 45 14 6 1 
11653|Child_Levy|20: 1081 291 109 41 13 4 1 
11655|Child_Avg|31: 1070 309 105 41 13 4 1 
11656|Child_Avg|47: 1075 300 107 41 13 4 1 
11657|Child_Levy|8: 1049 304 92 41 14 6 1 
11658|Child_Avg|23: 962 301 92 41 13 4 1 
11659|Child_Cross21|30: 962 301 92 41 14 4 1 
11662|Child_Cross21|42: 1119 301 92 41 14 4 1 
11665|Child_Levy|52: 927 274 88 40 13 5 1 
11666|Child_Cross12|17: 1047 299 90 41 13 4 1 
11668|Child_Cross12|29: 1044 292 89 41 13 4 1 
11670|Child_LevyABC2|6: 943 256 90 41 13 4 1 
11673|Child_Avg|19: 914 272 85 41 13 4 1 
11674|Child_CrossABC1|1: 914 275 87 41 13 4 1 
11681|Child_CrossABC1|1: 895 277 84 40 13 5 1 
11685|Child_Cross12|5: 980 281 84 40 13 5 1 
11693|Child_Avg|59|Mutated: 1002 281 84 40 13 5 1 
11694|Child_CrossABC2|8: 977 281 84 40 13 5 1 
11695|Child_Cross12|13: 1006 281 84 40 13 5 1 
11697|Child_Cross21|50|Mutated: 1046 285 84 40 13 5 1 
11702|Child_Avg|23: 1092 300 89 40 13 5 1 
11707|Child_Cross21|26: 997 282 84 40 13 5 1 
11708|Child_Levy|40: 1017 278 90 40 13 5 1 
11712|Child_Cross12|25: 1013 281 84 40 13 5 1 
11718|Child_CrossABC1|7: 929 281 84 40 13 5 1 
11741|Child_CrossABC1|7: 1027 282 83 40 13 5 1 
11743|Child_Cross12|1: 1053 278 82 40 13 5 1 
11744|Child_Cross12|53|Mutated: 1051 278 82 40 13 5 1 
11745|Child_LevyABC1|5: 1037 279 90 39 14 6 1 
11748|Child_LevyP1|3: 1038 271 80 39 14 4 1 
11750|Child_Cross12|49: 949 278 82 40 13 5 1 
11751|Child_Cross12|1|Mutated: 1053 278 98 40 13 5 1 
11765|Child_CrossABC1|7|Mutated: 1051 278 90 40 13 5 1 
11766|Child_CrossABC2|2: 1057 279 97 40 13 5 1 
11769|Child_Avg|11: 1044 277 89 40 13 5 1 
11770|Child_Avg|59: 1034 277 84 40 13 5 1 
11772|Child_Avg|47: 1029 277 84 40 13 5 1 
11780|Child_CrossABC1|1: 932 281 84 40 13 5 1 
11782|Child_LevyP1|3|Mutated: 905 248 88 39 14 6 1 
11789|Child_Cross21|58: 1014 277 83 40 13 5 1 
11791|Child_Avg|3: 981 278 82 40 13 5 1 
11792|Child_CrossABC1|7: 963 282 84 40 13 5 1 
11793|Child_CrossABC1|7: 961 283 85 40 13 5 1 
11799|Survivor|1|Mutated: 815 282 84 40 13 5 1 
11803|Child_CrossABC1|7: 1074 276 85 40 13 5 1 
11804|Child_Avg|11: 1029 277 83 40 13 5 1 
11805|Child_Cross12|37|Mutated: 951 278 90 40 13 5 1 
11819|Child_CrossABC2|8: 952 277 86 40 14 5 1 
11820|Child_Avg|31: 935 277 81 40 12 5 1 
11821|Child_Levy|32: 965 278 89 41 14 6 1 
11833|Child_Avg|15: 923 279 85 40 13 5 1 
11834|Child_CrossABC2|2: 923 277 85 40 12 5 1 
11835|Child_CrossABC1|7: 917 278 87 40 12 5 1 
11836|Child_Cross12|5: 967 279 82 40 12 5 1 
11837|Child_Cross21|26: 931 273 80 37 14 6 1 
11838|Child_Cross12|37: 893 278 83 40 12 5 1 
11839|Child_Cross12|33: 931 273 80 37 13 4 1 
11840|Child_Avg|59: 875 273 84 37 12 5 1 
11841|Child_Avg|43: 942 280 79 37 13 4 1 
11842|Child_Levy|32: 945 295 93 39 11 4 1 
11844|Child_Avg|3: 948 291 85 35 13 5 1 
11845|Child_CrossABC2|2: 943 309 90 40 12 5 1 
11850|Child_LevyABC2|12: 1014 284 92 41 13 4 1 
11851|Child_LevyP1|9: 1006 296 91 40 14 5 1 
11853|Child_CrossABC2|2: 974 289 88 40 13 5 1 
11855|Child_Avg|31|Mutated: 987 305 94 40 12 5 1 
11856|Child_CrossABC2|8: 975 315 98 40 13 5 1 
11885|Survivor|1|Mutated: 1109 315 98 40 13 5 1 
11894|Child_Avg|23: 1042 309 98 40 13 5 1 
11898|Child_Avg|15: 1095 307 97 40 13 5 1 
11899|Child_CrossABC1|7: 1074 304 97 40 13 5 1 
11900|Child_Avg|55: 1085 307 97 40 13 5 1 
11902|Child_CrossABC2|8: 1115 306 96 40 13 5 1 
11907|Child_Levy|28: 1068 335 100 41 13 4 1 
11908|Child_CrossABC2|8: 1069 318 102 40 13 5 1 
11929|Child_Cross21|10: 921 280 91 41 14 6 1 
11934|Child_Avg|59: 1206 320 99 42 13 4 1 
11935|Child_Levy|40: 923 267 109 35 12 5 1 
11937|Child_Cross21|22: 951 281 97 35 12 5 1 
11939|Child_Cross12|17: 957 278 98 40 13 5 1 
11946|Child_CrossABC2|2: 958 282 97 35 12 5 1 
11947|Child_Cross12|5: 897 270 97 35 12 5 1 
11969|Child_Levy|8: 950 285 105 37 14 4 1 
11979|Child_Avg|43: 912 246 85 35 12 5 1 
11991|Survivor|1|Mutated: 904 269 85 35 13 6 1 
11992|Child_Cross12|49: 893 271 84 37 13 4 1 
11993|Child_Cross21|42: 916 342 88 35 12 5 1 
11994|Child_Avg|23: 869 263 82 35 11 4 1 
11995|Child_Cross21|58: 893 271 84 35 11 5 1 
11997|Child_Avg|51: 951 270 84 35 11 5 1 
12000|Child_CrossABC2|2: 874 270 84 35 11 5 1 
12002|Child_CrossABC2|2: 910 270 84 35 11 5 1 
12004|Child_CrossABC2|8: 902 270 84 35 11 5 1 
12005|Child_CrossABC2|2: 829 270 84 35 11 5 1 
12007|Child_Avg|7: 894 256 75 35 11 5 1 
12011|Child_Cross12|33: 898 255 73 35 11 5 1 
12016|Child_Avg|55: 968 294 99 36 13 4 1 
12027|Child_Levy|48: 915 256 88 35 12 5 1 
12031|Child_Cross21|26: 903 278 83 33 14 4 1 
12033|Child_Cross12|1: 908 277 90 37 11 4 1 
12034|Child_Avg|59: 802 253 88 35 13 5 1 
12035|Child_Cross21|22: 988 262 85 35 12 5 1 
12037|Child_Levy|28: 1262 321 97 40 14 5 1 
12043|Child_LevyP1|3: 1299 315 98 41 13 4 1 
12047|Child_Avg|15: 765 238 79 32 13 4 1 
12048|Child_Cross12|1: 909 254 75 32 13 4 1 
12049|Child_Avg|31: 1041 268 88 37 13 4 1 
12050|Child_Avg|55: 998 265 83 36 13 4 1 
12053|Child_CrossABC1|1: 1126 306 90 35 13 5 1 
12054|Child_Avg|55: 1020 274 82 37 13 4 1 
12055|Child_Avg|11: 1021 268 83 36 13 4 1 
12056|Child_Avg|47: 1136 299 85 37 14 4 1 
12075|Child_Avg|23: 1454 351 101 41 14 4 1 
12081|Child_CrossABC2|8: 1388 355 104 41 14 4 1 
12088|Child_LevyABC2|12: 1248 285 105 41 14 4 1 
12090|Child_Avg|55: 1121 280 90 41 14 4 1 
12093|Child_Avg|3: 1214 285 89 41 13 4 1 
12097|Child_CrossABC1|1: 1216 285 89 41 13 4 1 
12101|Child_Avg|55: 1151 311 92 41 13 4 1 
12102|Child_CrossABC1|7: 1155 292 85 41 13 4 1 
12103|Child_Avg|51: 1135 295 83 39 14 4 1 
12106|Child_Cross12|45: 977 277 81 41 13 4 1 
12107|Child_Avg|59: 916 271 77 41 13 4 1 
12117|Child_Levy|60|Mutated: 1544 353 130 45 12 5 1 
12118|Child_LevyABC2|6: 1042 353 103 51 14 6 1 
12125|Child_Avg|59: 995 312 93 48 13 5 1 
12126|Child_Cross12|57: 1100 307 99 51 14 6 1 
12138|Child_CrossABC1|1: 1063 280 99 49 13 4 1 
12139|Child_Cross12|17: 1079 297 92 49 13 4 1 
12140|Child_CrossABC1|1: 1026 280 99 49 13 4 1 
12156|Child_CrossABC1|1: 1027 278 99 49 13 4 1 
12158|Child_Cross12|49: 1045 284 93 40 12 5 1 
12160|Child_Cross12|45: 1049 286 89 40 12 5 1 
12161|Child_Cross12|1: 995 279 92 45 13 4 1 
12163|Child_Cross12|53|Mutated: 1049 286 89 45 16 5 1 
12165|Child_Avg|15: 1044 281 94 45 13 4 1 
12168|Child_Avg|35: 1079 285 87 41 13 4 1 
12177|Child_Avg|43: 1063 292 85 40 13 4 1 
12178|Child_CrossABC1|1: 1178 272 85 41 13 4 1 
12184|Survivor|1|Mutated: 1216 272 85 41 13 4 1 
12186|Child_Levy|60: 1086 303 85 36 11 5 1 
12188|Child_Levy|52: 1266 290 104 39 14 4 1 
12192|Child_Avg|47: 988 276 83 36 13 4 1 
12193|Child_CrossABC2|2: 1128 293 104 39 14 4 1 
12194|Child_LevyABC1|5: 1214 292 125 40 13 5 1 
12196|Child_Levy|52: 1125 294 91 37 12 5 1 
12197|Child_Cross21|38: 1125 294 91 41 14 6 1 
12198|Child_CrossABC1|1: 1109 304 86 35 12 5 1 
12199|Child_Levy|56: 1095 302 91 37 14 4 1 
12211|Child_LevyP1|3: 1044 287 79 35 12 5 1 
12212|Child_Avg|55: 1072 293 80 35 13 5 1 
12213|Child_CrossABC1|1: 1053 293 80 35 13 5 1 
12214|Child_Cross12|49: 1051 291 80 37 13 4 1 
12215|Child_Cross21|58: 1055 293 80 35 13 5 1 
12216|Child_CrossABC2|8: 1058 292 80 35 13 5 1 
12217|Child_Cross12|21: 1027 293 80 35 13 5 1 
12220|Child_Cross12|45: 900 293 80 35 13 5 1 
12221|Child_Cross12|37: 1045 293 80 35 13 5 1 
12240|Child_LevyABC1|11: 1089 292 85 36 15 4 1 
12250|Child_CrossABC1|7: 1066 284 85 36 15 4 1 
12252|Child_LevyABC1|11: 1052 284 102 35 13 5 1 
12258|Child_Avg|59: 1058 283 112 35 13 5 1 
12266|Child_LevyABC1|11: 1053 299 97 33 14 4 1 
12268|Child_CrossABC2|8: 1072 304 98 35 13 5 1 
12272|Child_Levy|24: 1031 282 91 31 14 5 1 
12273|Child_Cross21|42: 1031 282 91 32 13 4 1 
12275|Child_LevyABC2|12: 1049 276 94 38 17 5 1 
12276|Child_Cross21|34: 1059 253 87 33 14 4 1 
12277|Child_Avg|11: 1041 274 88 32 13 4 1 
12281|Survivor|1|Mutated: 1041 329 88 32 13 4 1 
12282|Child_Cross21|10: 1054 273 85 32 13 4 1 
12284|Child_Cross12|45: 1041 272 86 32 13 4 1 
12287|Child_Avg|31: 1068 272 85 32 13 4 1 
12289|Child_CrossABC1|7: 1025 269 85 32 13 4 1 
12290|Child_CrossABC2|8: 1042 281 85 32 13 4 1 
12291|Child_CrossABC2|2: 1049 270 85 32 13 4 1 
12293|Child_Cross12|25: 1091 270 82 32 13 4 1 
12294|Child_CrossABC2|2: 874 271 81 32 13 4 1 
12296|Child_Avg|19: 1035 273 81 31 14 4 1 
12299|Child_Avg|11: 955 271 81 32 13 4 1 
12300|Child_Avg|43: 1032 278 81 31 14 4 1 
12302|Child_Cross21|14: 1028 274 79 32 13 4 1 
12309|Child_Levy|4: 1005 270 79 32 13 4 1 
12312|Child_Avg|47: 1010 270 75 32 13 4 1 
12313|Child_CrossABC2|2: 1003 271 75 32 13 4 1 
12314|Child_Avg|15: 993 271 75 32 13 4 1 
12315|Child_Avg|31: 1007 271 75 32 13 4 1 
12322|Child_Cross12|49: 1008 271 72 32 13 4 1 
12325|Child_Cross21|22: 1000 265 72 32 13 4 1 
12327|Child_Avg|55: 1312 336 108 43 14 4 1 
12332|Child_LevyP1|3|Mutated: 963 281 73 35 13 5 1 
12335|Child_Avg|23: 1529 344 97 36 13 4 1 
12337|Child_LevyP2|4|Mutated: 1528 340 114 39 11 4 1 
12338|Child_LevyABC2|6: 1426 327 129 42 11 6 1 
12339|Child_Levy|16: 892 251 82 39 14 4 1 
12343|Child_Cross12|37: 1389 331 120 35 12 5 1 
12345|Child_Cross21|22: 1228 296 108 35 12 5 1 
12349|Child_Cross21|38: 1063 301 97 35 12 5 1 
12350|Child_CrossABC1|1: 1089 304 97 35 12 5 1 
12352|Child_CrossABC2|8: 1083 305 97 35 12 5 1 
12365|Survivor|1|Mutated: 884 339 97 35 12 5 1 
12366|Child_Avg|39: 1079 301 102 35 11 5 1 
12368|Child_Avg|3: 1047 297 100 35 12 5 1 
12370|Child_CrossABC1|1: 1048 298 102 35 13 5 1 
12383|Child_CrossABC1|1: 1245 323 87 35 15 4 1 
12384|Child_Avg|39: 1078 269 86 41 14 4 1 
12386|Child_Levy|56: 928 274 88 41 13 4 1 
12388|Child_LevyP1|9: 1053 305 97 40 12 5 1 
12408|Child_CrossABC2|2|Mutated: 977 380 97 33 12 5 1 
12409|Child_Cross21|58: 1053 305 97 33 12 5 1 
12413|Child_CrossABC1|1: 912 272 111 41 13 4 1 
12415|Child_Cross21|30: 898 249 82 39 11 4 1 
12421|Child_Avg|7: 979 262 86 35 11 4 1 
12422|Child_Cross21|50: 1038 267 86 35 11 4 1 
12426|Child_Cross21|42: 861 253 84 35 11 4 1 
12428|Child_CrossABC1|1: 888 253 84 35 11 4 1 
12430|Child_CrossABC1|1: 871 260 89 35 11 4 1 
12433|Child_Cross12|45: 902 256 79 33 12 5 1 
12434|Child_Avg|39: 1121 264 93 32 13 4 1 
12435|Child_CrossABC1|7: 988 265 96 33 14 4 1 
12446|Child_Avg|43: 974 265 100 32 13 4 1 
12447|Child_Avg|55: 923 262 97 35 12 5 1 
12450|Child_CrossABC2|2: 924 265 98 35 13 5 1 
12456|Child_Avg|43: 973 258 90 37 13 4 1 
12459|Child_LevyP2|4: 908 260 91 31 14 4 1 
12468|Child_Avg|7|Mutated: 1110 261 85 32 13 4 1 
12470|Child_CrossABC1|7: 931 263 85 32 13 4 1 
12475|Child_Avg|51: 920 247 79 32 13 4 1 
12476|Child_CrossABC1|1: 920 251 79 32 13 4 1 
12478|Child_Cross12|37: 943 260 79 32 13 4 1 
12479|Child_CrossABC2|2: 931 249 79 32 13 4 1 
12482|Child_CrossABC2|2: 946 261 79 32 13 4 1 
12484|Child_Cross12|1: 768 249 79 32 13 4 1 
12485|Child_CrossABC2|2: 944 259 79 32 13 4 1 
12487|Child_CrossABC2|8: 944 261 79 32 13 4 1 
12488|Child_CrossABC1|1: 933 255 79 32 13 4 1 
12505|Child_Cross12|45: 912 247 68 32 13 4 1 
12507|Child_Levy|8: 978 254 79 42 11 4 1 
12512|Child_Avg|39: 872 237 68 32 13 4 1 
12513|Child_Cross21|6: 880 241 68 32 13 4 1 
12515|Child_Levy|40: 883 244 69 33 14 4 1 
12519|Child_Avg|11: 1572 410 108 39 14 4 1 
12520|Child_Cross21|58: 903 245 68 39 14 4 1 
12522|Child_Cross21|38: 1026 264 109 39 18 4 1 
12523|Child_Cross12|17|Mutated: 901 245 75 32 13 5 1 
12524|Child_Avg|23: 929 275 86 37 14 4 1 
12536|Child_Avg|23: 931 257 77 35 13 5 1 
12538|Child_Cross12|25: 914 242 77 35 13 5 1 
12540|Child_Cross12|13: 931 257 77 35 12 5 1 
12541|Child_Cross21|22: 918 258 77 35 13 5 1 
12548|Child_Cross21|34|Mutated: 936 249 90 35 13 5 1 
12549|Child_CrossABC2|8: 931 249 103 35 13 5 1 
12552|Child_CrossABC1|1: 931 249 98 35 13 5 1 
12554|Child_CrossABC2|8: 936 249 97 35 11 5 1 
12556|Child_Levy|56: 952 249 84 35 13 5 1 
12558|Child_Cross12|1: 917 244 84 35 11 5 1 
12559|Child_CrossABC2|8: 934 240 86 35 13 5 1 
12564|Child_Cross21|22: 1055 268 77 35 13 5 1 
12565|Child_Cross12|53: 942 248 75 35 11 5 1 
12567|Child_Avg|43: 934 255 76 35 13 5 1 
12568|Child_Cross12|25: 934 255 76 35 13 6 1 
12570|Child_Avg|7|Mutated: 972 244 78 35 12 5 1 
12576|Child_CrossABC2|8: 971 247 74 35 12 5 1 
12577|Child_Avg|11: 910 249 76 35 12 5 1 
12580|Child_CrossABC2|8: 887 237 73 35 12 5 1 
12590|Child_Avg|11: 908 244 73 35 12 5 1 
12592|Child_Avg|7: 924 244 73 35 12 5 1 
12596|Child_Cross12|29: 879 242 73 35 11 5 1 
12605|Child_Avg|47|Mutated: 919 288 82 35 13 5 1 
12619|Child_Cross21|30: 926 246 73 35 12 5 1 
12626|Child_Cross21|58: 923 246 73 35 12 5 1 
12627|Child_Cross12|45|Mutated: 920 253 82 35 13 5 1 
12634|Child_CrossABC2|8: 922 247 90 35 12 5 1 
12642|Child_Cross12|1: 942 246 73 35 12 5 1 
12645|Child_Cross21|46: 931 246 73 35 12 5 1 
12656|Child_CrossABC1|1: 931 246 84 35 11 5 1 
12665|Child_Avg|11: 921 246 73 35 12 5 1 
12675|Child_Cross12|29: 924 247 73 35 12 5 1 
12678|Child_Cross12|13: 880 246 73 35 12 5 1 
12691|Child_Avg|11|Mutated: 927 246 85 35 12 5 1 
12702|Child_CrossABC1|7: 928 246 97 35 12 5 1 
12709|Child_CrossABC2|8: 927 246 113 35 12 5 1 
12711|Child_Avg|3: 923 246 87 35 12 5 1 
12718|Child_CrossABC2|2: 934 246 89 35 12 5 1 
12720|Child_CrossABC2|8: 931 246 84 35 12 5 1 
12759|Child_Avg|43: 1162 376 104 41 14 4 1 
12769|Child_LevyABC2|12: 1023 385 103 40 13 5 1 
12771|Child_Avg|59: 991 343 90 40 13 4 1 
12772|Child_Avg|3: 1048 306 93 38 13 5 1 
12777|Child_Levy|40: 1034 300 93 40 15 4 1 
12778|Child_Avg|51: 1028 301 94 39 14 4 1 
12780|Child_Cross21|2: 1141 313 90 39 14 4 1 
12781|Child_Cross12|49: 1069 299 85 40 13 5 1 
12782|Child_Avg|11: 1145 334 88 40 13 5 1 
12787|Child_Avg|59: 1110 310 85 41 13 4 1 
12788|Child_Cross21|54: 1079 304 85 40 13 5 1 
12789|Child_Cross12|29: 1009 279 85 40 13 5 1 
12791|Child_Avg|7: 1073 308 86 40 13 5 1 
12797|Child_CrossABC1|7: 1079 310 88 40 13 5 1 
12805|Child_Cross12|1: 1077 318 85 40 13 5 1 
12808|Child_LevyP2|4: 1063 338 119 39 14 6 1 
12833|Child_CrossABC2|8: 990 314 93 37 13 4 1 
12835|Child_Levy|60: 1039 316 94 41 13 4 1 
12837|Child_Cross12|49: 962 300 85 41 13 4 1 
12839|Child_Avg|27|Mutated: 1026 319 90 39 14 4 1 
12841|Child_Avg|35: 1344 396 96 37 14 4 1 
12843|Child_Avg|27: 898 279 90 37 13 4 1 
12844|Child_Cross12|41: 915 287 85 35 12 5 1 
12846|Child_CrossABC1|1: 1053 336 89 35 13 5 1 
12849|Child_Cross12|37: 1101 313 85 37 14 4 1 
12851|Child_Avg|47: 1054 326 86 35 13 5 1 
12862|Child_LevyABC1|5: 1040 333 94 36 13 6 1 
12863|Child_Avg|47: 1046 310 87 35 12 5 1 
12865|Child_Cross12|29: 1049 302 78 35 12 5 1 
12870|Child_Levy|32: 1221 421 101 44 16 5 1 
12871|Child_Avg|23: 1123 300 94 45 13 5 1 
12872|Child_Levy|60: 1193 332 85 39 11 4 1 
12873|Child_Levy|40: 1156 307 94 43 14 4 1 
12875|Child_Avg|7: 1132 289 82 45 13 5 1 
12876|Child_Avg|43: 958 285 76 41 13 4 1 
12878|Child_Levy|20: 1060 294 77 41 13 4 1 
12882|Child_Cross21|42|Mutated: 960 285 83 41 13 4 1 
12884|Child_CrossABC2|8: 1058 283 88 41 13 4 1 
12894|Child_CrossABC2|8: 1112 283 88 41 13 4 1 
12895|Child_CrossABC1|1: 1052 285 87 41 13 4 1 
12898|Child_Avg|39: 1073 279 88 40 13 5 1 
12902|Child_LevyABC2|6: 1084 286 102 39 16 6 1 
12907|Child_Levy|48: 1067 295 96 40 13 5 1 
12910|Child_LevyP1|9: 1071 277 105 41 14 6 1 
12912|Child_Avg|51: 1061 290 83 39 14 4 1 
12913|Child_Levy|60: 1039 299 85 35 12 5 1 
12920|Child_Avg|15: 1096 339 98 35 12 5 1 
12935|Child_CrossABC1|7: 1064 316 98 35 12 5 1 
12937|Child_Avg|55: 1108 327 98 35 12 5 1 
12941|Child_Cross21|6: 1096 318 86 35 12 5 1 
12943|Child_CrossABC1|1: 1099 318 91 35 13 5 1 
12945|Child_Avg|51: 1152 307 86 35 11 5 1 
12946|Child_Levy|12: 1104 314 87 37 14 4 1 
12947|Child_Avg|47: 1109 313 86 35 12 5 1 
12948|Child_Cross21|50: 1103 313 86 35 13 5 1 
12949|Child_Levy|28: 1135 311 94 35 13 5 1 
12950|Child_Cross21|42: 1109 313 86 35 13 5 1 
12952|Child_Cross21|42: 1098 313 86 35 13 5 1 
12953|Child_Levy|20: 1113 284 90 41 13 4 1 
12955|Child_Cross12|41: 1086 304 85 35 13 5 1 
12957|Child_Avg|47: 1098 301 83 36 13 4 1 
12962|Child_Avg|59: 1058 300 81 36 13 4 1 
12964|Child_Avg|23|Mutated: 1026 287 89 35 11 5 1 
12966|Child_CrossABC1|1: 1070 284 89 35 11 5 1 
12967|Child_Avg|23: 1086 292 85 35 12 5 1 
12971|Child_Cross21|22: 1065 287 78 35 12 5 1 
12973|Child_Avg|7: 1078 288 85 35 12 5 1 
12985|Child_Levy|48: 1009 279 74 35 12 5 1 
12989|Child_Cross12|9: 1020 287 73 35 12 5 1 
12991|Child_LevyABC1|5: 1130 283 99 36 13 4 1 
12995|Child_Avg|43|Mutated: 1106 279 86 36 13 4 1 
12996|Child_CrossABC2|8: 1129 279 104 36 13 4 1 
13002|Child_LevyABC2|6: 1121 270 111 33 14 4 1 
13005|Child_Levy|52|Mutated: 1185 288 95 37 12 5 1 
13006|Child_CrossABC1|7: 1045 288 89 35 12 5 1 
13007|Child_CrossABC1|7: 1120 290 91 35 12 5 1 
13010|Child_Levy|40: 1116 291 87 37 14 4 1 
13011|Child_Levy|44: 1137 302 90 35 12 5 1 
13014|Child_CrossABC1|7: 1152 295 86 35 12 5 1 
13016|Child_Avg|15: 1133 268 76 35 13 5 1 
13029|Child_LevyABC2|12: 1066 310 133 53 14 6 1 
13036|Child_Cross21|2: 1083 295 102 49 13 4 1 
13039|Child_Levy|52: 1133 302 95 45 13 4 1 
13055|Child_Avg|15: 1146 302 86 45 13 4 1 
13058|Child_CrossABC2|2: 1146 304 86 45 13 4 1 
13074|Child_Avg|55: 1133 295 92 42 12 5 1 
13077|Child_Cross12|49: 1141 302 80 41 11 4 1 
13078|Random|5: 1251 491 142 36 13 4 1 
13079|Child_Cross12|45: 1100 304 79 43 13 4 1 
13081|Child_Avg|7: 1118 297 77 41 13 4 1 
13083|Child_Cross12|57: 1118 297 77 40 13 5 1 
13084|Child_Avg|35: 1357 334 97 39 14 4 1 
13092|Child_LevyABC1|11: 1071 299 99 39 14 6 1 
13094|Child_Avg|47: 1069 300 99 40 12 5 1 
13096|Child_Avg|27|Mutated: 1206 359 144 47 16 6 1 
13097|Child_LevyP1|3: 1255 377 145 45 17 5 1 
13100|Child_Cross21|46: 1155 324 113 41 14 4 1 
13101|Child_Cross21|58: 1177 335 112 39 14 6 1 
13103|Child_Avg|51: 1146 327 112 40 13 4 1 
13107|Child_Cross12|21: 1055 270 101 39 14 6 1 
13108|Child_Avg|59: 1099 313 98 41 13 4 1 
13112|Child_Levy|40: 1128 300 107 41 13 4 1 
13118|Child_LevyP1|9: 1151 307 88 41 13 6 1 
13119|Child_Levy|8: 1083 324 92 41 13 4 1 
13120|Child_Avg|51: 1065 320 94 37 14 4 1 
13125|Child_Cross21|50: 1083 314 88 40 13 5 1 
13126|Child_CrossABC1|1: 1069 317 99 37 14 4 1 
13127|Child_Avg|23: 1071 318 95 37 13 4 1 
13128|Child_Cross12|29: 1134 308 85 37 14 4 1 
13129|Child_Avg|39|Mutated: 1045 311 86 35 12 5 1 
13143|Child_Cross12|37: 1074 313 86 35 12 5 1 
13144|Child_Cross12|29: 1045 311 86 35 11 5 1 
13145|Child_Cross12|21: 1057 306 84 35 13 5 1 
13146|Child_CrossABC1|1: 1079 311 86 35 11 5 1 
13168|Child_CrossABC2|8: 1086 310 85 36 11 4 1 
13169|Child_Levy|36: 1527 392 114 47 14 6 1 
13171|Child_Avg|23: 1139 305 104 46 11 5 1 
13177|Child_Avg|11: 1042 346 101 41 14 4 1 
13178|Child_Avg|27: 1141 301 89 37 14 4 1 
13179|Child_Cross12|37: 1276 305 89 37 14 4 1 
13180|Child_Cross21|34: 1024 293 83 40 13 5 1 
13181|Child_Levy|16: 1092 295 86 40 14 5 1 
13182|Child_LevyP1|3: 1151 279 86 40 14 5 1 
13183|Survivor|1|Mutated: 1151 279 88 40 14 5 1 
13185|Child_Cross12|49|Mutated: 1099 339 96 42 13 6 1 
13186|Child_Avg|31: 1080 279 85 40 13 5 1 
13187|Child_CrossABC1|1: 1107 324 100 43 13 5 1 
13189|Child_Cross21|10: 1109 326 93 43 13 5 1 
13190|Child_Avg|19: 1068 317 92 31 14 5 1 
13193|Child_Levy|16: 1102 318 92 41 13 4 1 
13208|Child_Cross21|10: 945 259 83 43 14 6 1 
13209|Child_Avg|23: 1065 298 87 41 13 4 1 
13215|Child_Levy|4: 1060 292 85 40 12 5 1 
13216|Child_Avg|23: 1061 303 85 42 13 4 1 
13217|Child_Avg|7: 915 275 83 40 13 4 1 
13218|Child_Avg|43: 870 267 83 40 13 5 1 
13219|Child_LevyABC2|6: 951 268 86 39 11 4 1 
13220|Child_Cross12|37: 911 279 83 40 12 5 1 
13221|Child_Avg|3: 1072 287 85 40 12 5 1 
13224|Child_LevyABC1|11: 1054 293 94 39 14 6 1 
13230|Child_Cross12|33: 1136 269 84 40 13 5 1 
13233|Child_Cross12|29: 906 273 80 35 13 5 1 
13250|Child_CrossABC1|7: 945 248 85 35 12 5 1 
13251|Child_Avg|51|Mutated: 1234 293 93 36 13 4 1 
13263|Child_Levy|56: 1158 325 92 34 16 5 1 
13265|Child_Levy|24: 1094 267 84 35 13 5 1 
13267|Child_Avg|7: 1149 302 89 34 16 5 1 
13282|Child_CrossABC1|7: 1153 299 91 35 18 4 1 
13287|Child_Levy|28: 1040 292 86 35 13 5 1 
13305|Child_CrossABC2|2|Mutated: 1041 289 98 35 13 6 1 
13313|Child_Avg|59|Mutated: 1007 284 94 36 13 4 1 
13314|Child_Avg|19: 1472 385 108 37 14 4 1 
13316|Child_CrossABC1|1: 1272 333 100 41 14 4 1 
13318|Child_Levy|40: 1118 294 86 35 12 5 1 
13321|Child_CrossABC2|2: 1158 275 86 35 12 5 1 
13323|Child_CrossABC2|8: 1090 291 86 35 12 5 1 
13326|Child_Cross21|46: 1094 281 84 35 12 5 1 
13329|Child_LevyP1|9|Mutated: 1100 289 83 36 13 4 1 
13332|Child_Cross12|17: 1120 311 82 37 12 5 1 
13335|Child_Avg|31: 1077 271 78 35 11 4 1 
13336|Child_Levy|60: 1101 293 79 35 12 5 1 
13339|Child_Avg|39: 1203 327 94 41 13 4 1 
13342|Child_CrossABC2|8: 1242 349 90 41 13 4 1 
13343|Child_CrossABC1|7: 1216 331 89 41 13 4 1 
13344|Child_LevyABC1|11: 1169 326 97 40 14 5 1 
13354|Survivor|1|Mutated: 1169 313 97 40 14 5 1 
13364|Survivor|1|Mutated: 1205 313 97 40 13 5 1 
13365|Child_LevyP1|9: 1182 343 101 41 14 6 1 
13366|Child_Cross12|25: 1141 313 80 39 14 4 1 
13367|Child_Avg|27: 1135 309 86 40 14 5 1 
13369|Child_CrossABC2|8: 1136 314 89 41 13 4 1 
13373|Child_Levy|28: 1152 303 85 45 13 4 1 
13389|Child_Avg|11: 1151 310 120 46 13 4 1 
13390|Child_Levy|32: 1147 306 101 45 13 5 1 
13391|Child_Avg|27: 1139 302 83 43 14 4 1 
13392|Child_Avg|15: 1140 295 99 45 13 4 1 
13393|Child_Avg|47: 1143 304 86 45 13 4 1 
13394|Child_Avg|55: 1129 299 88 45 14 4 1 
13397|Child_Levy|28: 1112 312 81 45 14 5 1 
13398|Child_Avg|59: 1077 300 86 36 13 4 1 
13399|Child_Avg|51|Mutated: 1125 310 82 45 13 4 1 
13401|Child_LevyP2|10: 1078 329 88 40 14 5 1 
13403|Child_Avg|11: 1166 306 87 41 13 4 1 
13408|Child_CrossABC1|1: 1113 295 87 41 13 4 1 
13413|Child_Avg|23: 1123 294 83 36 13 4 1 
13416|Child_CrossABC1|7: 1106 294 83 40 13 5 1 
13417|Child_Avg|11: 1107 287 78 35 12 5 1 
13418|Child_CrossABC2|2: 1132 296 85 40 14 5 1 
13421|Child_Levy|32: 1063 258 79 33 9 4 1 
13422|Child_Cross21|22: 1116 283 76 33 9 4 1 
13423|Child_Levy|56: 1076 276 77 41 13 4 1 
13427|Child_CrossABC2|8: 1088 282 75 41 13 4 1 
13428|Child_Levy|4: 1086 279 77 35 13 5 1 
13433|Child_Avg|31: 1200 275 76 36 13 4 1 
13435|Child_CrossABC2|8: 1116 275 76 36 13 4 1 
13439|Child_CrossABC2|2: 1211 280 83 36 13 4 1 
13449|Child_CrossABC1|1|Mutated: 1225 282 91 36 13 4 1 
13451|Child_CrossABC1|7: 1107 265 81 36 13 4 1 
13458|Child_Avg|31|Mutated: 1165 259 73 35 12 5 1 
13472|Child_Levy|44: 874 285 107 40 12 5 1 
13474|Child_Levy|8|Mutated: 1150 310 101 41 14 4 1 
13477|Child_Avg|35: 1116 301 90 37 14 4 1 
13478|Child_Cross12|17: 1111 283 93 39 14 4 1 
13491|Child_Levy|32: 1121 288 86 35 13 5 1 
13498|Child_CrossABC2|8: 1096 276 86 35 13 5 1 
13499|Child_CrossABC2|2: 1121 295 86 35 13 5 1 
13511|Child_Avg|19: 1061 248 80 35 13 5 1 
13512|Child_CrossABC2|8: 1043 238 80 35 13 5 1 
13515|Child_Avg|47: 1134 278 77 35 13 5 1 
13516|Child_Cross21|38: 1134 278 77 37 14 4 1 
13517|Child_Cross21|42: 1022 258 77 35 13 5 1 
13518|Child_Cross12|41: 889 262 77 35 13 5 1 
13522|Child_Avg|3: 1092 270 77 35 13 5 1 
13525|Child_Cross21|50: 1092 271 77 35 13 5 1 
13527|Child_Cross21|58: 1106 258 77 35 13 5 1 
13528|Child_Cross21|18: 1091 265 77 35 13 5 1 
13530|Child_Avg|39: 1085 262 77 35 13 5 1 
13532|Child_Cross12|53: 1099 261 77 35 13 5 1 
13533|Child_Cross21|30: 1099 262 77 35 13 5 1 
13536|Child_Cross12|9: 1092 265 77 35 13 5 1 
13546|Child_Cross21|38: 1092 261 77 35 13 5 1 
13547|Child_Cross21|58: 1093 258 77 35 13 5 1 
13548|Child_Cross21|38: 1113 271 77 35 13 5 1 
13551|Child_Cross12|17: 1092 284 77 35 13 5 1 
13559|Child_Cross12|29: 1090 264 77 35 13 5 1 
13561|Child_Cross12|45: 1084 265 77 35 13 5 1 
13565|Child_Cross21|2: 1134 265 77 35 13 5 1 
13566|Child_Cross21|54: 1106 265 77 35 13 5 1 
13569|Child_Cross21|22: 1098 265 77 35 13 5 1 
13572|Child_Avg|39: 1126 265 77 35 13 5 1 
13573|Child_CrossABC1|1: 1113 265 77 35 13 5 1 
13578|Child_Cross21|34: 1147 265 77 35 13 5 1 
13581|Child_Cross21|18|Mutated: 1065 267 80 35 13 5 1 
13584|Child_Cross12|57: 1099 265 77 35 13 5 1 
13585|Child_Cross21|18: 1133 265 77 35 13 5 1 
13591|Child_Cross12|29|Mutated: 1085 261 77 35 13 5 1 
13594|Child_Cross21|46: 1085 258 77 35 13 5 1 
13597|Child_Cross12|25|Mutated: 1099 258 77 35 13 5 1 
13605|Child_Levy|16: 844 282 96 39 11 4 1 
13609|Child_Levy|16: 921 263 82 39 10 3 1 
13612|Child_Cross12|41: 882 260 81 41 11 5 1 
13614|Child_Cross21|10: 892 262 80 41 11 5 1 
13616|Child_Cross12|33: 941 261 81 31 14 4 1 
13624|Child_Levy|20: 957 311 93 33 14 4 1 
13635|Child_Avg|15: 759 235 76 39 14 4 1 
13636|Child_Avg|47: 1372 332 105 43 11 4 1 
13638|Child_Levy|32: 1101 272 90 41 13 4 1 
13639|Child_CrossABC2|8: 1148 333 107 45 13 4 1 
13644|Child_Levy|60: 1135 319 104 42 12 5 1 
13647|Child_Levy|16: 1085 307 95 40 12 5 1 
13648|Child_Cross21|10: 1095 300 93 40 12 5 1 
13656|Survivor|1|Mutated: 1095 300 109 40 12 5 1 
13661|Child_CrossABC2|2: 1097 300 113 40 12 5 1 
13680|Child_CrossABC2|2: 1123 298 111 40 12 5 1 
13681|Child_CrossABC1|7: 1089 279 109 40 12 5 1 
13683|Child_Cross12|45: 1180 324 102 39 11 4 1 
13684|Child_Cross12|41: 825 290 91 41 11 5 1 
13686|Child_Avg|7|Mutated: 1079 271 96 40 13 5 1 
13687|Child_Avg|27: 986 300 93 40 12 5 1 
13688|Child_Avg|39: 941 249 91 41 11 5 1 
13691|Child_Avg|35: 1030 265 119 48 13 5 1 
13697|Child_Avg|27|Mutated: 997 288 95 40 12 5 1 
13699|Child_Cross12|37: 954 279 91 40 12 5 1 
13700|Child_Avg|51: 955 284 94 41 11 5 1 
13701|Child_Avg|23: 959 297 93 40 12 5 1 
13702|Child_Avg|47: 962 279 90 41 13 4 1 
13704|Child_Cross21|42: 1065 276 85 40 12 5 1 
13705|Child_Cross12|1: 1165 272 85 40 12 5 1 
13709|Child_CrossABC2|2: 1052 301 81 40 12 5 1 
13712|Child_LevyABC2|12|Mutated: 1104 299 87 39 11 4 1 
13716|Child_CrossABC1|7: 1082 292 81 40 12 5 1 
13718|Child_Cross21|34: 1084 293 81 40 12 5 1 
13719|Child_Cross12|21: 934 275 81 40 12 5 1 
13721|Child_CrossABC1|1: 853 277 81 40 12 5 1 
13723|Child_LevyP2|4: 981 290 81 36 13 4 1 
13735|Child_Levy|28: 910 336 89 35 12 5 1 
13741|Child_Cross12|5: 928 279 78 35 12 5 1 
13750|Child_CrossABC1|7: 932 278 78 35 12 5 1 
13754|Child_Avg|15: 963 293 75 35 12 5 1 
13755|Child_CrossABC1|1: 996 301 79 35 12 5 1 
13756|Child_Levy|4: 1418 339 115 35 13 5 1 
13761|Child_Cross21|14: 952 290 77 35 13 5 1 
13763|Child_CrossABC1|1: 939 287 79 35 12 5 1 
13765|Child_Avg|11: 1070 304 83 36 13 4 1 
13766|Child_Cross21|22: 890 273 75 35 11 5 1 
13768|Child_CrossABC2|2: 958 267 73 35 11 5 1 
13769|Child_Cross12|33: 939 293 79 35 12 5 1 
13771|Child_CrossABC1|7: 944 288 84 35 11 4 1 
13780|Survivor|1|Mutated: 944 288 84 35 11 5 1 
13784|Child_CrossABC1|1: 946 286 84 35 11 5 1 
13799|Child_Avg|43: 1128 313 98 40 13 4 1 
13811|Child_Levy|12: 1090 300 93 39 14 6 1 
13813|Child_Cross12|41: 1070 305 89 41 13 4 1 
13816|Child_CrossABC1|1: 1029 313 94 41 13 4 1 
13819|Child_CrossABC2|2: 1062 297 109 36 13 4 1 
13843|Child_Cross12|9: 1013 304 97 35 12 5 1 
13845|Child_Avg|59: 1108 296 105 39 14 4 1 
13856|Survivor|1|Mutated: 1108 323 105 39 14 4 1 
13862|Survivor|1|Mutated: 1108 323 105 39 14 5 1 
13863|Survivor|1|Mutated: 959 323 105 39 14 6 1 
13865|Child_Levy|56: 1057 332 100 37 14 6 1 
13866|Child_LevyABC2|6: 1095 319 110 40 13 5 1 
13867|Child_Cross12|57: 1133 362 96 40 13 5 1 
13869|Child_LevyABC2|6: 1474 336 121 39 14 4 1 
13870|Child_CrossABC2|8: 1533 353 103 40 13 5 1 
13871|Child_Avg|27: 1123 307 99 40 13 5 1 
13880|Child_CrossABC1|1: 1122 304 103 40 13 5 1 
13883|Child_Cross12|9: 1133 279 98 40 13 5 1 
13884|Child_CrossABC2|8: 1103 316 103 40 13 5 1 
13899|Child_Levy|24: 1632 461 120 36 11 5 1 
13900|Child_Cross21|34: 2944 794 215 76 36 15 4 1 
13901|Child_Levy|48: 900 313 92 41 13 3 1 
13902|Child_Levy|28: 959 218 76 41 13 4 1 
13903|Child_Avg|23: 817 280 102 37 12 5 1 
13907|Child_Cross12|33: 886 265 93 32 13 4 1 
13909|Child_Cross12|29: 1137 303 98 35 12 5 1 
13919|Child_Avg|47: 1131 300 93 35 13 5 1 
13923|Child_Avg|59: 910 278 88 35 11 5 1 
13925|Child_Cross12|9: 959 271 84 35 13 5 1 
13926|Child_Cross21|22: 970 277 85 35 12 5 1 
13928|Child_Avg|11|Mutated: 951 281 85 35 12 5 1 
13930|Child_Avg|55: 955 281 85 35 12 5 1 
13936|Child_CrossABC2|8: 955 282 85 35 12 5 1 
13939|Child_Cross12|25: 911 259 78 35 12 5 1 
13940|Child_Levy|56: 1120 299 91 40 12 5 1 
13941|Child_Cross21|26: 887 264 78 35 12 5 1 
13942|Child_CrossABC2|2: 887 247 78 35 12 5 1 
13946|Child_Avg|23: 887 259 78 35 12 5 1 
13951|Child_Cross12|21: 885 239 75 35 11 5 1 
13953|Child_Avg|11: 886 263 75 35 11 5 1 
13954|Child_Cross12|21: 874 259 75 35 11 5 1 
13956|Child_CrossABC2|2: 881 264 75 35 11 5 1 
13958|Child_CrossABC1|1: 880 261 75 35 11 5 1 
13963|Child_Cross12|33: 881 250 73 35 11 5 1 
13965|Child_Avg|47: 876 250 73 35 11 5 1 
13970|Child_Cross21|22: 873 250 73 35 11 5 1 
13973|Child_Cross21|50: 882 253 73 35 11 5 1 
13977|Child_Cross12|5: 870 250 73 35 11 5 1 
13978|Child_Avg|39: 877 250 73 35 11 5 1 
13980|Child_Cross12|5: 873 242 73 35 11 5 1 
13981|Child_Cross12|45: 919 250 73 35 11 5 1 
13983|Child_Cross21|14: 879 247 73 35 12 5 1 
13984|Child_Avg|15|Mutated: 876 248 86 35 11 5 1 
13999|Child_Cross21|26: 873 250 73 35 12 5 1 
14003|Child_CrossABC2|2: 877 246 73 35 12 5 1 
14009|Child_Cross12|25: 1097 391 110 35 16 6 1 
14011|Child_Cross12|21: 852 259 96 36 13 4 1 
14013|Child_Avg|27: 880 263 82 32 13 4 1 
14014|Child_Levy|60|Mutated: 859 276 91 41 14 4 1 
14016|Child_Avg|31: 860 271 91 37 14 4 1 
14019|Child_Avg|15: 1030 279 102 41 13 4 1 
14021|Survivor|1|Mutated: 1098 279 102 41 13 4 1 
14027|Child_LevyP2|4: 967 316 98 45 13 4 1 
14032|Child_Avg|31: 953 283 87 40 12 5 1 
14033|Child_CrossABC1|7|Mutated: 961 284 83 40 12 5 1 
14039|Child_Levy|16: 1188 326 90 39 14 4 1 
14040|Child_Levy|60: 1078 297 85 40 12 5 1 
14053|Child_Levy|56: 1335 362 102 40 13 4 1 
14063|Child_Levy|24|Mutated: 1093 274 92 41 14 6 1 
14068|Child_CrossABC2|8: 1094 341 88 40 13 5 1 
14070|Child_Levy|20: 1065 281 94 39 14 6 1 
14075|Child_Avg|31: 1015 291 84 35 11 4 1 
14092|Child_CrossABC1|1: 1010 290 89 35 11 4 1 
14093|Child_CrossABC2|2: 1008 289 87 35 11 4 1 
14095|Child_CrossABC1|1: 1006 291 95 35 11 4 1 
14096|Child_Avg|51: 991 298 78 35 12 5 1 
14098|Child_Cross12|33: 1017 287 88 35 11 4 1 
14102|Child_Levy|4: 949 290 77 35 12 5 1 
14103|Child_Cross12|37: 893 257 75 35 11 4 1 
14105|Child_Avg|11: 972 271 75 32 13 5 1 
14107|Child_Avg|47: 2037 460 129 40 17 4 1 
14115|Child_Avg|35: 1072 278 78 35 12 5 1 
14117|Child_Cross21|34: 1277 318 103 41 13 4 1 
14123|Child_Levy|32: 1202 304 95 40 14 5 1 
14124|Child_Cross21|22: 1202 342 102 41 13 4 1 
14125|Survivor|1|Mutated: 1109 342 102 41 13 4 1 
14129|Child_Avg|59: 1113 292 85 41 13 4 1 
14148|Child_Levy|52: 1061 253 83 40 14 5 1 
14150|Child_LevyP2|10: 1097 242 85 35 12 5 1 
14159|Child_CrossABC2|2: 1093 248 85 35 12 5 1 
14161|Child_CrossABC1|1: 1033 237 90 35 12 5 1 
14165|Child_CrossABC1|1: 1013 239 85 35 12 5 1 
14166|Child_CrossABC1|7: 1026 237 85 35 12 5 1 
14170|Child_LevyP2|4|Mutated: 1025 289 95 43 14 6 1 
14172|Child_Avg|47: 1047 291 89 40 13 4 1 
14174|Child_Avg|19: 1031 293 85 40 13 5 1 
14184|Child_LevyABC1|11: 1077 280 83 39 14 4 1 
14185|Child_LevyP1|3: 996 292 101 37 14 6 1 
14191|Child_CrossABC2|2: 1034 264 92 37 13 4 1 
14192|Child_Avg|51: 1001 260 86 36 13 4 1 
14193|Child_LevyABC2|6: 1011 273 95 39 16 5 1 
14195|Child_Cross12|17: 1004 267 84 36 13 4 1 
14196|Child_Avg|39: 1158 326 92 43 13 5 1 
14198|Child_Avg|59: 1089 265 87 39 14 4 1 
14204|Child_Cross12|25: 1059 246 80 39 14 4 1 
14205|Child_Avg|43: 1032 255 79 39 14 4 1 
14211|Child_Avg|23: 1038 254 86 37 14 6 1 
14213|Child_Avg|55: 1108 268 81 40 12 5 1 
14216|Child_Cross21|10: 1085 260 79 41 13 4 1 
14217|Child_LevyP2|10: 1078 258 84 37 13 4 1 
14220|Child_Avg|7: 1096 254 81 36 13 4 1 
14238|Child_Levy|4: 1079 247 87 35 12 5 1 
14244|Child_Avg|43: 1056 254 76 35 12 5 1 
14246|Child_Cross12|17: 1054 253 76 36 13 4 1 
14247|Child_Avg|15: 1123 282 87 35 11 4 1 
14248|Child_Levy|40: 1126 272 99 35 11 5 1 
14259|Child_Avg|19: 1089 265 86 35 11 5 1 
14271|Survivor|1|Mutated: 1223 265 86 35 11 5 1 
14274|Child_Avg|23: 1029 338 111 35 13 5 1 
14279|Child_CrossABC1|1: 901 306 125 35 13 5 1 
14282|Child_Cross12|25: 963 279 89 35 13 5 1 
14302|Child_Avg|3: 955 267 88 35 12 5 1 
14304|Child_Levy|44: 962 268 86 35 12 5 1 
14305|Child_Cross21|46: 961 269 87 35 12 5 1 
14306|Child_CrossABC1|1: 955 268 86 35 12 5 1 
14307|Child_Avg|23: 938 276 85 35 12 5 1 
14310|Child_CrossABC2|8: 942 268 85 35 12 5 1 
14311|Child_Cross12|33: 952 279 83 36 13 4 1 
14342|Child_Levy|12: 901 270 77 37 12 5 1 
14343|Child_Levy|4: 875 274 75 35 12 5 1 
14344|Child_Cross12|13|Mutated: 876 235 74 35 12 5 1 
14345|Child_Avg|27: 1296 350 111 40 13 4 1 
14347|Child_CrossABC2|8: 1493 330 125 44 13 4 1 
14348|Child_Levy|20: 917 255 78 35 11 5 1 
14349|Child_Avg|43: 1110 311 97 41 11 5 1 
14352|Child_Avg|23: 1097 292 91 35 11 4 1 
14362|Child_CrossABC2|2: 1074 301 89 35 11 4 1 
14367|Survivor|1|Mutated: 1077 301 89 35 11 4 1 
14368|Child_Avg|51: 990 279 80 35 11 4 1 
14369|Child_Cross21|46: 919 271 73 35 11 4 1 
14370|Child_Cross12|9: 932 257 71 37 13 4 1 
14371|Child_Avg|15: 1002 262 79 31 11 4 1 
14372|Child_Levy|60: 1176 302 80 35 11 5 1 
14373|Child_Avg|31: 940 267 78 35 11 4 1 
14380|Child_Cross21|38: 946 276 82 35 13 5 1 
14384|Child_Avg|3: 961 279 84 35 11 4 1 
14385|Child_Levy|28: 1006 272 81 36 11 5 1 
14386|Child_Cross21|30: 970 265 74 36 11 4 1 
14387|Child_Cross12|9: 879 234 74 36 11 5 1 
14388|Child_Cross21|2: 970 265 74 36 13 4 1 
14389|Child_Cross21|22: 879 234 74 36 11 4 1 
14390|Child_Levy|12: 911 259 73 36 13 4 1 
14416|Child_Levy|40: 1189 405 138 48 13 5 1 
14423|Survivor|1|Mutated: 1189 405 138 48 13 4 1 
14424|Child_Avg|7|Mutated: 1010 289 89 36 13 6 1 
14425|Child_Avg|15: 750 277 87 41 14 4 1 
14431|Child_Avg|35: 1181 284 104 46 13 4 1 
14432|Child_Avg|35: 984 299 97 36 13 4 1 
14438|Child_CrossABC2|2: 951 306 103 37 12 5 1 
14441|Child_CrossABC2|2: 921 320 94 36 13 4 1 
14448|Child_LevyABC1|11|Mutated: 967 300 113 36 14 5 1 
14449|Child_Avg|23: 944 309 118 37 14 4 1 
14453|Child_Cross21|42: 966 305 91 37 14 4 1 
14454|Child_Avg|31|Mutated: 937 300 111 32 13 4 1 
14455|Child_Levy|32|Mutated: 932 247 96 36 13 4 1 
14458|Child_Avg|31: 919 293 86 36 13 4 1 
14459|Child_Avg|55: 908 262 90 35 13 5 1 
14462|Child_Levy|56: 949 306 80 35 13 5 1 
14463|Child_Avg|35: 932 309 80 35 13 5 1 
14464|Child_Levy|20: 865 267 82 36 11 5 1 
14465|Child_Avg|39: 903 305 77 35 13 5 1 
14466|Child_Cross12|57: 911 287 80 35 13 5 1 
14468|Child_Avg|59: 910 309 78 35 12 5 1 
14470|Child_CrossABC2|2: 912 310 78 35 12 5 1 
14471|Child_Avg|43: 898 291 78 35 12 5 1 
14473|Child_Cross21|2: 905 299 76 35 13 5 1 
14478|Child_CrossABC1|1: 911 294 78 35 12 5 1 
14484|Child_Avg|43: 911 272 78 35 12 5 1 
14486|Child_Cross12|49: 870 247 74 35 12 5 1 
14487|Child_CrossABC2|8|Mutated: 923 270 79 35 12 5 1 
14489|Child_CrossABC2|2: 903 271 77 35 13 5 1 
14505|Child_Avg|15: 1103 342 85 35 12 5 1 
14506|Child_CrossABC2|8: 1092 298 91 35 13 5 1 
14508|Child_Avg|3: 1093 335 91 35 11 4 1 
14509|Child_Avg|3: 972 283 86 35 12 5 1 
14520|Child_CrossABC1|7: 965 283 86 35 12 5 1 
14531|Child_CrossABC1|7: 906 262 89 35 11 5 1 
14532|Child_Avg|19: 952 257 86 35 11 5 1 
14554|Child_CrossABC1|7|Mutated: 1105 258 84 35 11 5 1 
14556|Survivor|1|Mutated: 1002 258 77 35 11 5 1 
14557|Child_Avg|47: 911 247 76 35 11 5 1 
14558|Child_CrossABC1|7|Mutated: 964 257 78 35 11 5 1 
14560|Child_Levy|36: 1023 267 77 35 13 5 1 
14562|Child_CrossABC2|8: 941 256 77 35 11 5 1 
14569|Child_Avg|39: 938 321 100 35 12 5 1 
14573|Child_Levy|20: 739 255 74 35 12 5 1 
14574|Child_Levy|12: 973 268 73 35 11 5 1 
14575|Child_Avg|7: 901 265 76 35 11 4 1 
14577|Child_CrossABC2|2: 905 258 73 35 13 5 1 
14579|Child_Cross12|49: 905 258 73 35 11 4 1 
14583|Survivor|1|Mutated: 905 258 73 35 11 3 1 
14585|Child_Levy|60: 916 239 66 35 12 5 1 
14586|Child_Avg|43: 940 238 81 41 13 4 1 
14587|Child_Cross21|42: 1055 306 85 36 11 5 1 
14595|Child_Avg|55: 908 261 75 35 11 5 1 
14597|Child_Avg|55: 1535 393 115 47 12 5 1 
14598|Child_LevyP2|4: 1520 403 116 48 13 6 1 
14599|Child_Avg|31: 1389 364 105 40 12 5 1 
14606|Child_LevyP1|3: 1367 368 102 39 11 4 1 
14609|Survivor|1|Mutated: 1150 368 109 39 11 4 1 
14611|Child_Levy|48: 1167 268 89 35 11 5 1 
14614|Child_CrossABC2|8: 1039 291 87 40 13 5 1 
14615|Child_CrossABC1|7: 1058 335 96 40 13 5 1 
14624|Child_CrossABC1|7: 1073 266 104 40 13 5 1 
14629|Child_CrossABC1|1: 1074 267 106 40 12 5 1 
14638|Child_Avg|39: 1052 256 89 40 13 4 1 
14639|Child_Levy|48: 997 249 92 41 13 4 1 
14640|Child_Avg|7: 973 262 88 40 13 5 1 
14642|Child_Levy|56: 1019 257 91 40 14 5 1 
14643|Child_CrossABC1|1|Mutated: 1053 259 89 41 13 4 1 
14646|Child_Levy|40: 957 263 86 40 12 5 1 
14648|Child_Levy|32: 962 258 85 40 13 5 1 
14655|Child_CrossABC1|1: 960 258 87 40 13 5 1 
14656|Child_Cross12|49: 973 246 84 40 13 5 1 
14657|Child_Cross21|50: 965 261 77 40 12 5 1 
14659|Child_CrossABC2|2: 975 261 89 40 12 5 1 
14671|Child_CrossABC2|2: 1109 261 77 40 12 5 1 
14673|Child_Avg|59: 1042 271 86 40 12 5 1 
14679|Child_Cross21|50|Mutated: 968 267 88 40 13 5 1 
14682|Child_LevyABC2|6: 991 264 96 37 14 4 1 
14683|Child_Avg|23: 994 292 89 40 12 5 1 
14685|Child_Avg|27: 906 261 85 40 12 5 1 
14692|Survivor|1|Mutated: 906 261 93 40 12 5 1 
14693|Child_Avg|31: 927 275 81 40 12 5 1 
14694|Child_CrossABC1|1: 899 288 91 40 12 5 1 
14698|Child_Levy|56: 1416 356 122 45 14 5 1 
14702|Child_Cross12|29|Mutated: 1151 307 118 37 14 4 1 
14703|Child_Levy|52: 1323 371 115 40 12 5 1 
14704|Child_Cross12|25: 1151 307 118 37 14 6 1 
14706|Child_Cross12|41: 1226 334 117 37 14 6 1 
14710|Child_CrossABC1|1: 1351 331 142 40 13 5 1 
14713|Child_Avg|35: 1069 352 98 35 13 5 1 
14714|Child_Cross12|33: 1074 324 93 35 13 5 1 
14715|Child_Avg|31|Mutated: 1034 306 101 36 15 4 1 
14716|Child_CrossABC1|1: 996 311 102 35 13 5 1 
14720|Child_Avg|35: 903 304 86 35 13 5 1 
14722|Child_CrossABC2|2: 877 285 84 35 13 5 1 
14728|Child_CrossABC1|7: 886 276 84 35 13 5 1 
14729|Survivor|1|Mutated: 886 276 84 35 13 6 1 
14730|Child_Cross21|46: 892 299 86 35 12 5 1 
14760|Child_Levy|60|Mutated: 951 278 96 35 12 5 1 
14761|Child_CrossABC1|7: 1145 307 86 35 12 5 1 
14765|Child_CrossABC2|8: 1111 306 85 35 12 5 1 
14772|Child_CrossABC2|2: 1145 302 90 35 12 5 1 
14780|Survivor|1|Mutated: 1145 303 90 35 12 5 1 
14787|Child_Cross12|29: 1103 300 87 40 12 5 1 
14817|Child_CrossABC1|1: 1110 299 91 40 12 5 1 
14823|Child_Levy|24: 1087 297 85 41 13 4 1 
14831|Child_Avg|35: 1033 294 83 40 12 5 1 
14834|Child_Cross21|30: 1059 285 79 41 13 4 1 
14837|Child_CrossABC2|2: 1063 299 79 41 13 4 1 
14844|Child_Avg|23: 1074 286 77 41 13 4 1 
14845|Child_Levy|48: 1183 291 94 45 14 6 1 
14846|Child_CrossABC1|7: 1073 278 77 41 13 4 1 
14857|Child_Cross21|14: 1146 288 75 41 13 4 1 
14858|Child_Levy|28: 1083 267 77 40 12 5 1 
14861|Child_Levy|28: 1081 273 76 41 11 5 1 
14866|Child_Avg|35: 1038 264 90 37 13 4 1 
14867|Child_LevyP2|10: 1509 364 95 40 12 5 1 
14871|Child_CrossABC1|1: 1193 226 95 37 14 4 1 
14877|Child_Cross12|13|Mutated: 1051 246 78 38 11 4 1 
14879|Child_Avg|19: 1135 261 84 36 13 4 1 
14880|Child_Avg|47: 1138 320 92 41 13 4 1 
14884|Child_CrossABC2|2: 1218 275 105 41 13 4 1 
14893|Child_Levy|12: 1180 349 97 40 13 5 1 
14894|Child_CrossABC1|7: 1207 295 92 41 13 4 1 
14896|Child_Levy|44: 1122 287 88 40 13 5 1 
14899|Child_LevyP1|3: 1080 284 91 41 14 6 1 
14904|Child_Avg|27: 1084 279 89 40 13 5 1 
14906|Child_CrossABC1|7: 1124 269 89 40 13 5 1 
14910|Child_Cross21|2: 1083 285 88 40 13 5 1 
14911|Child_Cross12|29: 1152 293 85 40 13 5 1 
14912|Child_Avg|55: 1034 272 85 40 13 5 1 
14913|Child_Avg|7: 1091 282 84 40 13 5 1 
14915|Child_Cross21|34: 1160 295 84 40 13 5 1 
14917|Child_Avg|27: 1089 276 85 40 12 5 1 
14919|Child_Avg|7|Mutated: 1123 271 87 40 13 4 1 
14920|Child_Avg|15: 1049 285 83 40 14 5 1 
14921|Child_CrossABC1|7: 1083 286 84 40 13 5 1 
14923|Child_Avg|7: 1085 288 85 40 13 5 1 
14932|Survivor|1|Mutated: 1085 288 85 40 12 5 1 
14933|Child_CrossABC1|7: 1002 253 98 40 13 5 1 
14936|Child_Avg|11: 915 260 89 40 13 5 1 
14937|Child_Avg|15: 904 272 89 35 11 5 1 
14941|Child_CrossABC1|7|Mutated: 875 259 112 33 14 4 1 
14942|Child_LevyABC1|5: 916 276 85 37 14 4 1 
14943|Child_Levy|32: 871 259 89 40 14 5 1 
14945|Survivor|1|Mutated: 871 259 89 40 11 5 1 
14948|Child_Cross12|25: 871 259 80 35 11 5 1 
14949|Random|18: 1461 295 139 45 13 4 1 
14950|Survivor|1|Mutated: 1461 257 127 45 13 4 1 
14953|Child_Avg|39: 986 263 88 41 13 4 1 
14956|Child_CrossABC1|1: 989 280 88 41 13 4 1 
14957|Child_Levy|60: 1072 275 91 41 14 4 1 
14960|Child_Levy|60: 1020 273 89 40 12 5 1 
14965|Child_Cross12|29: 922 256 85 41 13 4 1 
14966|Child_Levy|36: 1451 370 110 49 13 4 1 
14969|Child_Cross21|30|Mutated: 870 253 85 40 13 4 1 
14970|Child_CrossABC1|1: 1049 270 88 40 15 4 1 
14974|Child_Avg|59: 1040 275 90 41 13 4 1 
14976|Child_Avg|31: 1041 263 94 37 14 6 1 
14977|Child_LevyP2|10: 1019 264 93 35 13 5 1 
14980|Child_Cross12|29: 1021 273 90 35 13 5 1 
14982|Child_Cross12|45: 1054 272 86 35 13 5 1 
14988|Child_Cross21|54: 1054 272 86 35 12 5 1 
14994|Child_Avg|7: 1138 291 86 35 13 5 1 
14998|Child_Avg|35: 1059 276 86 35 11 4 1 
14999|Child_Cross12|57: 1082 281 85 35 12 5 1 
15005|Child_Avg|3: 1084 275 86 36 13 4 1 
15008|Child_Avg|27: 1078 277 84 35 11 5 1 
15013|Child_Avg|23: 1091 258 84 35 11 5 1 
15017|Child_Cross12|17: 1085 279 84 35 11 5 1 
15018|Child_Cross12|29: 1089 290 84 35 11 5 1 
15020|Child_Cross12|21: 1081 277 84 35 11 5 1 
15021|Child_Cross21|26: 1085 281 84 35 11 5 1 
15027|Child_Cross21|34: 1092 256 84 35 11 5 1 
15028|Child_Cross21|2: 1092 267 84 35 11 5 1 
15029|Child_Cross21|26: 1093 281 84 35 11 5 1 
15031|Child_Cross12|45: 1085 295 84 35 11 5 1 
15034|Child_Cross12|25: 1088 269 84 35 11 5 1 
15039|Child_Cross21|26: 1085 283 84 35 11 5 1 
15042|Child_Cross12|25: 1085 288 84 35 11 5 1 
15043|Child_Avg|59: 1085 284 84 35 11 5 1 
15044|Child_Avg|43: 1085 282 84 35 11 5 1 
15048|Child_Avg|47: 1085 305 84 35 11 5 1 
15049|Child_Cross12|41: 1085 272 84 35 11 5 1 
15054|Child_Avg|47: 1085 291 84 35 11 5 1 
15059|Child_Cross12|53|Mutated: 1085 267 84 35 11 5 1 
15061|Child_Avg|23: 1085 289 84 35 11 5 1 
15063|Child_Cross12|45: 1085 296 84 35 11 5 1 
15064|Child_Avg|3: 1085 269 84 35 11 5 1 
15065|Child_Cross12|33: 1085 256 84 35 11 5 1 
15067|Child_Cross12|41: 1085 302 84 35 11 5 1 
15072|Child_Cross21|38: 1085 293 84 35 11 5 1 
15073|Child_Avg|47: 1085 278 84 35 11 5 1 
15077|Child_Cross21|6: 986 295 84 35 11 5 1 
15082|Child_Cross12|25|Mutated: 1085 292 100 35 12 5 1 
15104|Child_Cross21|34: 1027 271 88 30 11 5 1 
15115|Child_Cross12|1: 913 266 77 31 14 4 1 
15119|Child_Cross12|21: 938 267 77 35 13 5 1 
15120|Child_Cross12|49: 930 256 77 31 14 4 1 
15128|Child_CrossABC2|8|Mutated: 929 269 78 31 14 4 1 
15131|Child_Cross12|57: 903 263 74 31 14 4 1 
15134|Child_CrossABC2|2: 896 241 77 31 14 4 1 
15137|Child_Cross21|18: 905 257 74 31 14 4 1 
15141|Child_Cross21|50: 889 257 74 31 14 4 1 
15144|Child_LevyP1|3: 914 261 76 30 13 5 1 
15145|Child_Avg|59: 915 258 74 30 13 5 1 
15146|Child_CrossABC1|1: 914 252 80 31 14 5 1 
15148|Child_Levy|28: 909 256 72 30 11 5 1 
15149|Child_Levy|4|Mutated: 926 251 85 35 12 5 1 
15150|Child_Cross12|13: 903 250 71 33 13 4 1 
15151|Random|6: 1367 333 119 39 14 4 1 
15153|Child_LevyP1|9: 1145 290 98 31 14 5 1 
15155|Child_Avg|43: 923 245 81 36 13 4 1 
15160|Child_Cross21|2: 972 255 92 31 14 4 1 
15162|Child_Cross21|14: 969 257 92 31 14 4 1 
15177|Child_Avg|3: 942 251 92 32 13 4 1 
15183|Child_CrossABC1|1: 928 237 87 32 13 4 1 
15194|Child_Cross12|57: 914 232 85 32 13 4 1 
15195|Child_Cross21|26: 935 231 81 32 13 4 1 
15209|Child_Cross12|41: 1072 242 77 31 14 4 1 
15210|Child_Cross21|46: 913 238 77 30 11 5 1 
15211|Child_Levy|44: 1267 342 117 35 13 5 1 
15212|Survivor|1|Mutated: 1379 342 117 35 13 5 1 
15216|Child_Avg|27: 1276 315 107 36 13 4 1 
15218|Child_Avg|3: 1131 306 106 37 13 4 1 
15224|Child_Avg|31: 1218 299 93 35 13 5 1 
15227|Child_Levy|12|Mutated: 1197 322 103 40 14 5 1 
15240|Child_LevyABC2|6: 1348 351 132 39 14 6 1 
15241|Child_Avg|27|Mutated: 1153 368 103 40 13 4 1 
15242|Child_Avg|31: 1305 321 112 40 13 5 1 
15244|Child_Cross21|46: 1111 318 91 40 13 5 1 
15246|Child_Cross21|22: 1112 275 85 41 14 4 1 
15247|Child_LevyP1|9: 988 268 87 39 14 6 1 
15248|Child_Cross12|37: 1082 303 86 37 14 4 1 
15251|Child_Cross21|26: 1146 281 86 35 13 5 1 
15252|Child_Cross12|9: 1131 289 85 35 13 5 1 
15253|Child_Cross12|9: 1119 301 82 37 14 4 1 
15254|Child_Levy|32: 1119 285 83 40 14 5 1 
15257|Child_LevyP2|10: 1110 307 83 40 13 5 1 
15260|Child_Cross12|21: 1131 290 81 40 14 5 1 
15262|Child_Levy|56: 1107 288 80 38 13 5 1 
15266|Child_Avg|19: 1136 293 80 37 13 4 1 
15268|Child_CrossABC1|1: 1134 291 80 37 13 4 1 
15270|Child_Cross21|38: 1118 291 80 37 13 4 1 
15271|Child_CrossABC1|1: 1153 304 80 37 13 4 1 
15272|Child_CrossABC1|7: 1131 291 80 37 13 4 1 
15284|Child_LevyABC1|5: 1164 303 95 35 11 4 1 
15291|Child_Cross12|13: 1164 303 95 35 11 5 1 
15300|Child_CrossABC2|8: 1042 288 91 35 11 5 1 
15301|Child_Levy|48: 1137 312 91 35 11 5 1 
15304|Child_Avg|59: 1067 277 84 35 11 5 1 
15305|Child_CrossABC2|8: 1124 298 89 35 13 5 1 
15307|Child_Avg|31: 1072 302 88 35 12 5 1 
15308|Child_Cross12|37: 1133 301 87 36 13 4 1 
15311|Child_Cross21|38: 1061 300 82 35 13 5 1 
15319|Child_Cross12|5: 1092 299 76 35 13 5 1 
15320|Child_CrossABC2|8: 1094 299 76 35 13 5 1 
15322|Child_LevyP2|10: 1093 305 76 36 13 4 1 
15324|Child_CrossABC1|1: 1093 298 76 36 13 4 1 
15325|Child_Levy|36: 880 258 85 40 11 5 1 
15326|Child_Avg|31: 1093 297 75 35 11 5 1 
15333|Child_Levy|4: 914 257 75 35 11 5 1 
15336|Child_CrossABC1|7: 886 271 75 35 11 5 1 
15340|Child_Cross12|29: 1040 293 73 35 11 5 1 
15341|Child_LevyP1|3: 922 286 81 36 13 4 1 
15346|Child_Cross12|41: 3499 772 255 81 36 13 4 1 
15349|Child_CrossABC2|8: 1113 289 90 35 12 5 1 
15350|Child_Levy|16: 996 302 93 37 13 4 1 
15354|Child_Avg|39: 845 275 80 36 13 4 1 
15355|Child_Avg|15: 799 272 79 37 13 4 1 
15356|Child_CrossABC1|7: 823 278 79 37 13 4 1 
15358|Child_Levy|8: 823 256 78 35 12 5 1 
15359|Child_CrossABC2|8: 835 281 81 36 13 4 1 
15363|Child_Cross21|46: 859 271 78 35 12 5 1 
15388|Child_Cross21|26: 761 232 77 35 12 5 1 
15389|Child_Avg|7: 919 266 113 44 13 4 1 
15391|Child_Cross12|9: 1017 291 94 33 15 4 1 
15392|Child_Levy|52: 865 252 85 40 13 4 1 
15394|Child_Avg|27: 1021 303 117 38 13 4 1 
15395|Child_Avg|31: 1190 307 97 40 13 4 1 
15404|Child_Avg|59: 1150 316 89 41 13 4 1 
15406|Child_Cross12|17: 1139 273 84 40 13 4 1 
15407|Child_CrossABC2|2: 1133 287 96 46 13 4 1 
15411|Child_LevyP1|3: 1107 295 101 47 12 5 1 
15419|Child_Levy|24: 1124 285 97 45 12 5 1 
15420|Child_Levy|44: 1069 291 90 40 13 4 1 
15421|Child_LevyABC1|5: 1157 252 94 45 16 5 1 
15422|Child_Cross12|5: 1029 275 88 42 13 6 1 
15426|Child_LevyABC2|12: 987 314 106 43 14 6 1 
15429|Child_Avg|31: 1003 308 98 45 13 4 1 
15430|Child_Avg|23: 1032 289 96 40 13 5 1 
15431|Child_Avg|51: 1029 289 89 41 13 4 1 
15433|Child_CrossABC1|7: 1032 285 87 41 13 4 1 
15435|Child_CrossABC1|7: 1064 276 89 41 13 4 1 
15436|Child_Avg|55: 1045 270 86 44 13 4 1 
15437|Child_Cross21|18: 1048 285 85 41 14 4 1 
15439|Child_CrossABC2|8: 1041 282 85 41 13 4 1 
15440|Child_CrossABC2|8: 1042 282 85 41 13 4 1 
15445|Child_Levy|4: 1046 285 89 41 13 4 1 
15446|Child_LevyABC2|12: 1034 285 83 40 14 5 1 
15448|Child_Cross12|5: 1062 307 84 40 13 5 1 
15452|Child_Avg|27: 1061 277 84 40 13 5 1 
15453|Child_CrossABC1|1: 1062 266 85 40 13 5 1 
15454|Survivor|1|Mutated: 1062 302 85 40 13 5 1 
15455|Child_Cross12|53: 987 284 85 40 13 5 1 
15456|Child_Levy|56: 1040 296 86 41 14 4 1 
15458|Child_Cross12|41|Mutated: 1041 255 96 40 13 5 1 
15459|Child_Avg|59: 1037 268 90 40 13 4 1 
15460|Child_CrossABC2|8: 1033 277 96 40 13 5 1 
15462|Child_Cross21|54: 1041 283 92 41 14 6 1 
15463|Child_CrossABC2|8: 1033 226 96 40 13 5 1 
15464|Child_Cross21|18: 1037 292 85 40 13 5 1 
15465|Child_Cross21|6|Mutated: 1043 292 90 40 13 4 1 
15475|Child_Avg|43: 1102 302 87 40 12 5 1 
15477|Child_CrossABC1|7: 1056 291 87 40 12 5 1 
15480|Child_Cross21|26|Mutated: 1053 296 101 41 13 4 1 
15481|Child_Levy|4: 1068 289 85 40 14 5 1 
15482|Child_LevyP1|3|Mutated: 1014 291 103 40 13 5 1 
15484|Survivor|1|Mutated: 1014 291 103 40 12 5 1 
15493|Child_Cross21|54: 1039 313 86 40 12 5 1 
15494|Child_LevyABC2|12: 977 283 100 41 13 4 1 
15497|Child_LevyP2|4: 964 312 127 40 14 5 1 
15498|Child_Levy|36: 1141 311 95 40 12 5 1 
15509|Child_CrossABC1|1: 1177 316 97 40 13 5 1 
15518|Child_Cross12|53|Mutated: 1158 314 94 41 13 4 1 
15520|Child_CrossABC2|2: 1146 326 92 41 13 4 1 
15524|Child_Avg|7: 1121 312 90 41 13 4 1 
15529|Child_Cross21|18: 1123 318 87 40 12 5 1 
15530|Child_CrossABC1|7: 1138 284 89 40 12 5 1 
15542|Child_Avg|3: 1263 292 90 40 13 5 1 
15544|Child_Cross21|6: 1086 293 81 40 12 5 1 
15545|Child_Levy|60: 1134 311 84 37 13 4 1 
15546|Survivor|1|Mutated: 949 311 84 37 13 4 1 
15547|Child_Cross12|33: 1129 293 81 40 12 5 1 
15548|Child_Avg|3: 1199 291 89 40 12 5 1 
15549|Child_CrossABC1|1: 1156 283 91 40 12 5 1 
15557|Child_CrossABC2|8: 1191 285 93 40 12 5 1 
15559|Child_Levy|44: 1159 290 90 38 11 4 1 
15562|Child_Cross21|58|Mutated: 1135 321 89 40 13 5 1 
15563|Child_Avg|11: 1103 293 95 40 12 5 1 
15566|Child_CrossABC2|2: 1077 289 102 35 12 5 1 
15569|Child_Cross12|13|Mutated: 1121 288 87 35 12 5 1 
15571|Child_Cross12|29: 1105 288 86 35 12 5 1 
15577|Child_Cross12|13: 1127 294 85 35 12 5 1 
15578|Child_CrossABC1|7: 1112 293 85 35 12 5 1 
15579|Child_CrossABC1|1: 1118 299 85 35 12 5 1 
15585|Child_Levy|56: 1078 265 83 36 13 4 1 
15586|Child_Levy|16: 1098 279 85 35 12 5 1 
15588|Child_LevyABC1|11: 1093 300 88 37 16 6 1 
15589|Child_Avg|27: 1111 294 86 35 13 5 1 
15595|Child_Avg|7: 1077 282 85 35 12 5 1 
15606|Child_Cross12|9: 1055 246 73 35 12 5 1 
15607|Child_Cross21|54: 1106 286 77 40 12 5 1 
15609|Child_Levy|24: 1060 246 86 35 13 5 1 
15615|Child_CrossABC2|8: 1063 247 99 35 13 5 1 
15618|Child_Avg|51: 1081 276 86 35 12 5 1 
15620|Child_Cross12|57: 1069 254 86 35 13 5 1 
15622|Child_CrossABC2|8: 1026 276 86 35 11 5 1 
15626|Child_Avg|43|Mutated: 1117 286 101 35 12 5 1 
15627|Child_CrossABC2|8: 1050 285 101 35 12 5 1 
15629|Child_CrossABC2|8: 1046 288 99 35 13 5 1 
15643|Child_CrossABC1|7: 1049 288 95 35 13 5 1 
15646|Child_LevyABC1|5: 1047 285 91 33 14 6 1 
15654|Child_Cross12|13: 1455 346 111 43 16 6 1 
15672|Child_Avg|47: 1256 354 107 39 14 6 1 
15674|Child_Levy|16: 1345 318 101 41 14 6 1 
15677|Child_Cross12|17: 1351 315 101 39 14 4 1 
15700|Child_Levy|8: 1281 306 96 40 13 5 1 
15701|Child_Cross21|42: 1134 308 91 37 14 4 1 
15705|Child_Avg|19: 1129 298 83 37 12 5 1 
15706|Child_Cross21|38: 1153 308 83 40 14 5 1 
15711|Child_Cross12|9|Mutated: 1051 287 86 35 11 5 1 
15724|Child_CrossABC1|1: 1050 293 91 35 11 5 1 
15727|Survivor|1|Mutated: 1050 293 91 35 13 5 1 
15732|Child_CrossABC2|2|Mutated: 1071 290 84 35 13 5 1 
15733|Child_Avg|23: 1074 296 82 35 13 5 1 
15739|Child_Cross12|17: 1080 292 77 35 13 5 1 
15740|Child_Cross21|42|Mutated: 1089 291 82 35 13 5 1 
15745|Child_CrossABC2|8: 1100 291 82 35 13 5 1 
15747|Child_CrossABC2|2: 1074 291 83 36 13 4 1 
15756|Child_Avg|59: 1146 300 77 37 14 4 1 
15757|Child_CrossABC2|2: 1070 291 80 35 13 5 1 
15760|Child_Levy|36: 1090 292 79 35 12 5 1 
15763|Child_Avg|19: 1066 296 85 35 12 5 1 
15771|Survivor|1|Mutated: 1042 296 85 35 12 5 1 
15802|Child_LevyP1|3: 1043 294 81 36 13 4 1 
15803|Child_Levy|8: 1098 305 84 35 11 4 1 
15804|Child_Avg|15: 981 270 86 35 11 4 1 
15806|Child_CrossABC2|8: 1171 262 86 35 11 4 1 
15807|Child_Levy|48: 932 277 83 36 13 4 1 
15823|Child_CrossABC2|8: 925 287 89 35 11 5 1 
15839|Child_Avg|59: 895 287 86 35 12 5 1 
15841|Child_Levy|48: 1068 325 101 33 14 4 1 
15842|Child_CrossABC2|2: 1065 327 97 33 14 4 1 
15845|Child_CrossABC2|2: 1049 301 97 33 14 4 1 
15848|Survivor|1|Mutated: 1049 317 97 33 14 4 1 
15855|Child_Cross12|29: 1065 310 87 36 11 5 1 
15856|Child_Levy|32: 942 295 86 35 12 5 1 
15857|Child_CrossABC1|7: 952 292 86 35 12 5 1 
15866|Child_Cross12|33: 945 244 78 35 12 5 1 
15867|Child_Levy|4: 938 285 84 35 11 5 1 
15869|Child_Levy|56: 955 285 79 33 12 5 1 
15870|Child_CrossABC2|2: 921 283 77 35 12 5 1 
15872|Child_LevyP2|4: 936 286 81 36 13 4 1 
15873|Child_Avg|19: 945 251 77 35 12 5 1 
15879|Child_Cross12|21: 917 267 75 35 11 5 1 
15880|Child_Avg|39: 907 258 75 35 11 5 1 
15881|Child_CrossABC1|1: 918 268 75 35 11 5 1 
15882|Child_Avg|3: 888 271 73 35 11 5 1 
15883|Child_Avg|7: 914 261 73 35 11 5 1 
15886|Child_Cross12|1: 907 265 73 35 11 5 1 
15887|Child_Avg|23: 905 272 73 35 11 5 1 
15888|Child_Cross21|22: 894 253 73 35 11 5 1 
15893|Child_Cross12|33: 904 267 73 35 11 5 1 
15894|Child_Avg|47|Mutated: 899 269 73 35 12 5 1 
15895|Child_Cross12|5: 905 272 73 35 12 5 1 
15897|Child_Cross12|1: 898 264 73 35 12 5 1 
15899|Child_Cross21|42: 886 261 73 35 12 5 1 
15902|Child_Avg|11|Mutated: 886 258 87 35 12 5 1 
15906|Child_CrossABC2|8: 886 255 91 35 12 5 1 
15907|Child_Cross21|10: 887 252 73 35 12 5 1 
15908|Child_Cross21|2: 885 247 73 35 12 5 1 
15911|Child_Cross12|49: 889 261 73 35 12 5 1 
15912|Child_Cross12|33: 923 252 73 35 12 5 1 
15913|Child_Cross12|37: 885 242 73 35 11 5 1 
15917|Child_Cross12|1: 886 253 73 35 11 5 1 
15920|Child_Avg|59: 886 252 73 35 12 5 1 
15925|Child_Avg|23: 891 253 73 35 11 5 1 
15927|Child_LevyP2|4: 923 251 109 36 13 4 1 
15929|Child_Avg|47: 905 249 73 35 12 5 1 
15941|Child_LevyABC2|12: 926 255 107 36 13 6 1 
15942|Child_Avg|39: 930 256 90 35 12 5 1 
15944|Child_CrossABC2|2: 938 257 89 35 12 5 1 
15955|Child_CrossABC1|7|Mutated: 940 258 97 35 12 5 1 
15957|Child_CrossABC2|8: 938 258 97 35 12 5 1 
15971|Child_LevyABC1|11: 953 265 87 36 13 4 1 
15989|Child_Cross21|58|Mutated: 1124 258 73 35 12 5 1 
16002|Child_Avg|27: 938 275 77 35 12 5 1 
16030|Child_Cross21|22: 937 259 73 35 12 5 1 
16058|Child_LevyP1|9: 935 266 90 37 13 4 1 
16071|Child_Levy|24: 1924 466 139 39 16 5 1 
16076|Child_CrossABC2|2: 1370 330 114 39 16 5 1 
16081|Child_Avg|35: 1218 281 105 39 14 4 1 
16105|Survivor|1|Mutated: 1218 248 105 37 14 4 1 
16106|Survivor|1|Mutated: 1218 273 113 37 14 4 1 
16107|Child_CrossABC1|1: 1354 276 115 39 14 4 1 
16117|Child_Cross21|46: 1051 285 94 39 14 4 1 
16118|Child_Avg|39: 1051 257 102 41 13 4 1 
16121|Child_CrossABC2|2: 1105 269 107 44 13 4 1 
16123|Child_Avg|19: 1120 269 96 39 14 4 1 
16124|Child_Levy|16: 1056 268 89 40 14 5 1 
16126|Child_Avg|55: 1037 263 90 40 13 5 1 
16136|Survivor|1|Mutated: 1037 263 90 40 11 5 1 
16137|Child_Avg|11|Mutated: 1067 241 80 37 13 4 1 
16138|Child_Levy|48: 1091 299 84 40 13 5 1 
16142|Child_CrossABC1|1: 1078 299 84 40 13 5 1 
16145|Child_Cross12|37: 1039 281 84 40 13 5 1 
16146|Child_Cross12|33: 1128 299 84 40 13 5 1 
16150|Child_CrossABC2|8: 1112 303 84 40 13 5 1 
16153|Child_Avg|15|Mutated: 1039 301 98 40 13 5 1 
16154|Survivor|1|Mutated: 1039 306 98 40 13 5 1 
16175|Child_Levy|40: 1144 316 85 41 14 4 1 
16176|Child_Cross12|37: 1120 305 83 40 13 5 1 
16177|Child_CrossABC2|8|Mutated: 1138 313 90 41 14 4 1 
16178|Child_CrossABC2|2: 1114 302 83 40 13 5 1 
16179|Child_Cross12|45|Mutated: 1114 319 85 37 14 6 1 
16183|Child_CrossABC1|7: 1112 322 85 37 14 6 1 
16189|Child_Avg|47: 1135 313 82 37 13 4 1 
16190|Child_CrossABC1|7: 1191 296 91 33 14 4 1 
16193|Child_LevyP2|10: 1044 280 111 42 13 6 1 
16195|Child_Levy|4: 1049 281 102 40 12 5 1 
16196|Child_CrossABC1|7: 1051 284 111 42 13 6 1 
16199|Child_Levy|52: 1065 270 98 40 13 5 1 
16201|Child_Avg|27: 1095 290 102 40 13 5 1 
16206|Child_Cross12|53: 1135 297 90 41 13 4 1 
16209|Child_Cross12|5: 1178 279 85 40 13 4 1 
16210|Child_Cross21|14: 1148 289 88 41 13 4 1 
16211|Child_Avg|19|Mutated: 1120 301 88 40 13 5 1 
16213|Child_Levy|40: 1045 297 85 40 13 5 1 
16219|Child_Cross21|38: 1152 281 84 40 13 5 1 
16221|Child_Avg|51: 1084 295 84 40 13 5 1 
16223|Child_Cross21|38: 1070 293 84 40 13 5 1 
16227|Child_Cross21|58: 1050 282 83 40 13 5 1 
16228|Child_CrossABC2|2: 1132 321 84 40 13 5 1 
16233|Child_CrossABC1|7|Mutated: 1128 285 84 40 13 5 1 
16234|Child_Avg|19: 1104 307 83 40 13 5 1 
16237|Child_CrossABC1|1: 1104 307 85 40 13 5 1 
16238|Child_CrossABC1|7: 1107 302 86 40 13 5 1 
16239|Child_Levy|28: 1115 314 85 40 12 5 1 
16241|Child_LevyABC2|12: 1148 301 98 39 11 4 1 
16242|Child_Avg|27|Mutated: 1145 314 88 40 13 5 1 
16244|Child_Cross21|14|Mutated: 1120 311 85 40 13 5 1 
16251|Child_Levy|28: 1108 308 79 39 14 4 1 
16252|Child_CrossABC2|2: 1107 302 106 41 14 6 1 
16259|Child_CrossABC1|1: 1143 285 105 41 14 6 1 
16265|Child_LevyP2|10: 1122 297 98 40 12 5 1 
16266|Child_Cross12|5: 1111 302 93 39 14 4 1 
16275|Child_Levy|16: 1090 295 87 40 12 5 1 
16278|Child_Cross21|34|Mutated: 1101 279 85 40 13 5 1 
16288|Child_Cross12|21: 1085 279 85 40 13 5 1 
16296|Child_Cross12|9: 1088 277 84 40 13 5 1 
16302|Child_Cross12|9|Mutated: 1086 339 85 40 13 5 1 
16305|Child_Cross21|6: 1091 277 83 40 13 5 1 
16306|Child_Cross12|25: 1088 277 83 40 13 5 1 
16307|Child_LevyABC1|5: 1081 278 86 41 14 4 1 
16308|Child_Avg|3: 1084 277 84 40 13 4 1 
16309|Child_Cross21|38: 1069 277 83 40 13 5 1 
16310|Child_Cross12|41: 1082 277 83 40 13 5 1 
16311|Child_Avg|55: 1072 277 83 40 13 5 1 
16312|Child_Avg|15: 1075 277 83 40 13 5 1 
16313|Child_Cross21|46|Mutated: 1078 289 98 40 13 5 1 
16314|Child_Cross21|26: 1076 277 83 40 13 5 1 
16315|Child_Cross21|22: 1073 277 83 40 13 5 1 
16316|Child_Avg|55: 1085 277 83 40 13 5 1 
16317|Child_Avg|51: 1063 277 83 40 13 5 1 
16323|Child_Cross21|6: 1081 278 83 40 13 5 1 
16324|Child_Avg|23: 1074 277 89 40 13 5 1 
16326|Child_CrossABC2|2: 1071 277 84 40 13 5 1 
16336|Child_Cross12|5: 1072 297 83 40 13 5 1 
16339|Child_Avg|27: 1073 282 83 40 13 5 1 
16346|Child_Avg|59: 1074 281 83 40 13 5 1 
16354|Child_Cross21|34: 1076 285 83 40 13 5 1 
16355|Child_Cross12|37: 1076 282 83 40 14 5 1 
16356|Child_Cross21|6: 1076 284 83 40 13 5 1 
16361|Child_Cross12|13: 1080 282 83 40 13 5 1 
16363|Child_Cross21|18: 1085 281 83 40 13 5 1 
16365|Child_Cross21|14: 1080 281 83 40 13 5 1 
16368|Child_Avg|3: 1077 281 91 40 13 5 1 
16370|Child_CrossABC2|2: 1080 281 102 40 13 5 1 
16372|Child_Cross21|26: 1088 281 83 40 13 5 1 
16373|Child_Cross12|45|Mutated: 1085 281 91 40 13 5 1 
16380|Child_Cross12|13|Mutated: 1077 299 97 40 13 5 1 
16388|Child_CrossABC1|7|Mutated: 965 281 83 40 13 5 1 
16397|Child_CrossABC2|8: 1069 281 90 40 13 5 1 
16400|Child_CrossABC2|2: 1071 281 84 40 13 5 1 
16401|Child_CrossABC2|2: 1065 281 97 40 13 5 1 
16403|Child_CrossABC1|1: 1061 281 111 40 13 5 1 
16411|Child_CrossABC2|8: 1070 281 110 40 13 5 1 
16413|Child_Cross12|29: 1072 281 96 40 13 5 1 
16416|Child_LevyABC2|12: 1081 279 86 41 14 6 1 
16418|Child_Levy|24: 1082 281 94 39 14 6 1 
16421|Child_Avg|31: 1067 281 83 40 13 5 1 
16437|Child_Cross12|57|Mutated: 1071 294 96 40 13 5 1 
16442|Child_Avg|7: 1013 293 88 40 13 5 1 
16458|Child_CrossABC2|2: 1067 294 90 40 13 5 1 
16461|Child_LevyP2|4: 1048 297 93 39 14 6 1 
16468|Child_CrossABC2|2: 1116 294 83 40 13 5 1 
16474|Child_CrossABC2|2|Mutated: 1071 294 90 40 13 5 1 
16481|Child_Avg|59|Mutated: 1069 294 96 40 13 5 1 
16488|Child_CrossABC2|8|Mutated: 1069 294 112 40 13 5 1 
16513|Child_Cross21|10: 1109 294 83 40 13 5 1 
16528|Child_Cross21|50|Mutated: 1069 282 98 40 13 5 1 
16530|Child_LevyP2|10: 1079 279 99 41 14 6 1 
16532|Child_CrossABC1|1: 1070 293 96 40 13 5 1 
16534|Child_CrossABC2|2: 1072 292 101 40 13 5 1 
16553|Child_Cross21|58|Mutated: 1068 294 99 40 13 5 1 
16559|Child_CrossABC1|1: 1067 294 99 40 13 5 1 
16561|Child_CrossABC2|8: 1069 294 104 40 13 5 1 
16572|Child_Avg|15: 1070 294 91 40 14 5 1 
16578|Child_Avg|35: 1069 294 85 40 13 5 1 
16585|Child_Avg|55: 904 264 75 32 13 4 1 
16586|Child_LevyP1|3: 1060 301 85 41 14 4 1 
16588|Child_Avg|27: 1109 317 101 42 13 4 1 
16589|Child_CrossABC1|1: 1097 237 102 41 13 4 1 
16590|Survivor|1|Mutated: 948 236 102 41 13 4 1 
16591|Child_CrossABC1|7: 945 258 113 41 13 4 1 
16592|Child_Cross12|57: 1023 282 89 40 14 5 1 
16593|Child_Avg|35: 903 260 102 40 13 5 1 
16596|Child_Avg|3: 975 279 90 40 13 5 1 
16597|Child_LevyP1|9: 987 281 82 37 14 4 1 
16600|Child_Levy|4: 1003 277 89 40 13 5 1 
16601|Child_Levy|20: 1034 277 89 40 13 5 1 
16607|Child_LevyP2|10: 1276 363 124 39 14 4 1 
16610|Child_Avg|11: 1130 298 98 41 13 4 1 
16611|Child_Avg|23: 936 279 103 40 13 5 1 
16614|Child_LevyABC1|5: 1012 279 106 43 14 6 1 
16615|Child_CrossABC2|8: 931 278 105 41 13 4 1 
16618|Child_CrossABC2|8: 950 282 108 39 14 6 1 
16620|Child_Avg|3: 933 278 98 40 13 5 1 
16621|Child_Levy|40: 945 285 102 40 13 5 1 
16622|Child_Cross21|30|Mutated: 958 271 99 41 14 6 1 
16628|Child_Cross12|45: 910 275 98 40 13 5 1 
16631|Child_Cross12|45: 1031 281 96 40 13 5 1 
16632|Child_Cross21|58: 917 270 98 40 13 5 1 
16633|Child_Levy|52: 1026 274 99 39 14 6 1 
16635|Child_Cross12|45: 1005 278 96 37 14 4 1 
16636|Child_Cross12|21: 976 269 97 40 13 5 1 
16639|Child_Cross12|5: 973 269 89 40 13 5 1 
16644|Child_Cross12|37: 966 270 89 41 13 4 1 
16645|Child_Cross21|34: 1102 302 86 41 14 6 1 
16648|Child_Levy|40|Mutated: 1093 297 86 40 14 5 1 
16649|Child_Levy|60: 1294 308 111 35 13 5 1 
16656|Survivor|1|Mutated: 1297 308 111 35 13 5 1 
16688|Child_Avg|59: 1085 298 101 35 12 5 1 
16689|Child_CrossABC1|1: 1343 321 112 35 13 5 1 
16692|Child_Cross12|1: 1103 282 89 35 13 5 1 
16693|Child_Levy|24: 1060 304 102 35 12 5 1 
16696|Child_CrossABC2|2: 1078 270 109 35 12 5 1 
16698|Child_Avg|19: 1013 296 97 35 12 5 1 
16719|Child_Cross12|1: 1053 289 85 32 13 4 1 
16722|Child_Avg|55: 1052 282 85 35 12 5 1 
16725|Child_CrossABC2|8: 1066 273 85 35 12 5 1 
16727|Child_Cross21|6: 1070 281 85 35 12 5 1 
16738|Child_Avg|43: 1285 371 110 36 15 4 1 
16739|Child_CrossABC1|7: 1091 276 85 35 12 5 1 
16740|Child_CrossABC2|2: 1091 277 85 35 12 5 1 
16741|Child_CrossABC1|1: 1084 281 85 35 12 5 1 
16748|Child_CrossABC2|2: 1090 281 85 35 12 5 1 
16749|Child_CrossABC1|7|Mutated: 1090 262 100 35 12 5 1 
16761|Child_CrossABC1|7: 1087 255 96 35 12 5 1 
16775|Child_Cross12|57: 1085 258 91 35 12 5 1 
16777|Child_CrossABC1|7: 1079 252 95 35 11 5 1 
16778|Child_Cross12|41: 1128 269 85 35 12 5 1 
16780|Child_CrossABC1|1: 1103 257 89 35 12 5 1 
16799|Child_CrossABC2|8: 1078 273 86 35 12 5 1 
16801|Child_Avg|59: 1074 261 84 35 11 5 1 
16803|Child_LevyABC2|6: 945 254 80 45 13 4 1 
16804|Child_Cross21|54|Mutated: 1096 247 91 35 11 5 1 
16805|Child_Cross12|41: 1071 264 79 45 13 4 1 
16806|Child_Levy|56: 971 259 80 37 13 4 1 
16807|Survivor|1|Mutated: 1099 259 80 37 14 4 1 
16809|Child_Levy|48: 1127 258 80 35 13 5 1 
16811|Child_Cross21|26: 889 241 78 35 11 5 1 
16815|Child_Avg|15: 935 247 77 35 11 5 1 
16816|Child_Cross12|57: 1036 254 77 35 13 5 1 
16820|Child_Levy|32: 959 246 77 35 12 5 1 
16821|Child_Cross12|13: 955 246 75 35 12 5 1 
16822|Child_Levy|20|Mutated: 1567 393 156 51 14 6 1 
16823|Child_Cross21|26: 917 249 76 35 13 5 1 
16825|Child_Cross12|37|Mutated: 901 246 75 35 11 5 1 
16827|Child_Avg|27: 946 248 74 35 12 5 1 
16830|Child_Cross21|50|Mutated: 901 246 75 35 12 5 1 
16832|Child_Avg|3: 951 276 89 35 11 5 1 
16843|Child_CrossABC1|1: 967 273 89 35 11 5 1 
16844|Child_CrossABC1|1: 902 270 104 35 11 5 1 
16845|Child_Avg|55: 933 271 90 33 10 4 1 
16847|Child_LevyP1|9: 926 261 93 35 11 5 1 
16848|Child_CrossABC1|1: 875 270 84 35 11 5 1 
16879|Survivor|1|Mutated: 944 270 84 35 11 5 1 
16881|Child_CrossABC2|8|Mutated: 913 249 100 35 11 4 1 
16885|Child_Levy|4: 897 260 99 35 11 5 1 
16887|Child_Avg|15: 907 252 99 35 11 5 1 
16898|Child_Cross21|54: 1410 320 101 35 12 5 1 
16899|Child_Cross12|25: 1137 327 100 35 12 5 1 
16901|Child_LevyP1|3|Mutated: 914 274 107 35 13 5 1 
16907|Child_Avg|15: 1117 304 97 40 14 5 1 
16909|Child_Cross21|50: 1116 306 98 35 13 5 1 
16911|Child_Cross21|14: 1221 327 98 36 14 5 1 
16912|Child_CrossABC2|8: 1271 288 100 37 14 4 1 
16913|Child_Avg|27: 1246 307 99 37 14 4 1 
16914|Child_Cross12|57: 1037 276 96 37 14 4 1 
16915|Child_Avg|11: 1363 353 100 37 14 4 1 
16916|Child_Levy|4: 1115 308 95 37 12 5 1 
16917|Child_Cross21|58: 1132 317 91 37 14 4 1 
16919|Child_Avg|47: 1092 335 96 37 14 4 1 
16922|Child_Avg|7: 1112 323 94 36 13 4 1 
16923|Child_Avg|3: 1087 296 87 36 13 4 1 
16925|Child_Avg|11: 1080 316 87 36 13 4 1 
16926|Child_Cross21|6: 1054 314 87 37 14 4 1 
16928|Child_Cross21|10: 1104 313 83 36 13 4 1 
16930|Child_Avg|23: 1098 313 83 36 13 4 1 
16931|Child_Levy|48: 1083 312 85 35 12 5 1 
16936|Survivor|1|Mutated: 1083 284 85 35 12 5 1 
16941|Child_CrossABC2|8: 1210 284 85 35 12 5 1 
16944|Child_Avg|51: 1202 284 85 35 12 5 1 
16945|Child_CrossABC2|8: 1205 284 85 35 12 5 1 
16947|Child_Cross21|50: 1204 284 85 35 12 5 1 
16955|Child_Avg|23: 1181 283 86 35 11 5 1 
16958|Child_Cross12|13: 1165 283 84 35 12 5 1 
16959|Child_Cross12|33: 1204 283 84 35 11 5 1 
16960|Child_Cross21|50: 1165 283 84 35 11 5 1 
16963|Child_Cross21|22: 1158 283 84 35 11 5 1 
16964|Child_Cross21|10: 1169 283 84 35 11 5 1 
16968|Child_Avg|39: 1186 283 84 35 11 5 1 
16969|Child_Cross12|33: 1162 283 84 35 11 5 1 
16971|Child_Cross12|25: 1169 312 84 35 11 5 1 
16973|Child_Cross21|46: 1169 269 84 35 11 5 1 
16975|Child_Cross21|42: 1179 283 84 35 11 5 1 
16977|Child_Cross12|25: 1120 282 84 35 11 5 1 
16978|Child_Cross21|42: 1141 281 84 35 11 5 1 
16979|Child_Cross12|53: 1157 275 84 35 11 5 1 
16982|Child_Avg|47: 1148 283 84 35 11 5 1 
16983|Child_Avg|11: 1134 278 84 35 11 5 1 
16985|Child_Cross12|17: 1148 278 84 35 11 5 1 
16986|Child_Cross12|21: 1141 282 84 35 11 5 1 
16987|Child_Cross21|42: 1159 277 84 35 11 5 1 
16988|Child_Cross21|26: 1155 278 84 35 11 5 1 
16989|Child_CrossABC1|1: 1141 270 84 35 11 5 1 
16992|Child_Avg|31: 1141 275 84 35 11 5 1 
16993|Child_Cross12|1: 1148 291 84 35 11 5 1 
16996|Child_Cross21|38: 1141 277 84 35 11 5 1 
16997|Child_Avg|39: 1146 281 86 35 11 5 1 
17018|Child_Avg|15: 1145 277 84 35 11 5 1 
17027|Child_Cross12|37: 1078 270 84 35 11 5 1 
17029|Child_Cross12|29: 1141 258 84 35 11 5 1 
17030|Child_Cross12|33: 1146 278 84 35 11 5 1 
17046|Child_Levy|40: 1314 317 96 33 14 4 1 
17047|Child_CrossABC2|8: 1025 270 84 35 11 5 1 
17057|Child_CrossABC2|8: 1024 269 80 35 11 4 1 
17058|Child_Cross12|21: 1024 269 80 35 11 5 1 
17066|Child_CrossABC2|2: 1003 268 84 35 11 5 1 
17071|Child_Cross21|42: 995 263 78 35 11 5 1 
17072|Child_Cross12|1: 939 244 73 35 12 5 1 
17073|Child_CrossABC2|2: 960 265 77 35 11 5 1 
17076|Child_Avg|19: 979 262 73 35 12 5 1 
17084|Child_Avg|59|Mutated: 969 360 106 36 13 4 1 
17087|Child_Cross21|50: 980 365 104 36 13 4 1 
17088|Child_Levy|36: 988 311 97 36 13 4 1 
17089|Child_Avg|51: 977 307 86 36 13 4 1 
17091|Child_Avg|31: 965 324 85 35 12 5 1 
17092|Child_CrossABC1|1: 968 306 84 35 11 5 1 
17093|Child_Avg|59: 966 309 84 35 11 5 1 
17096|Child_Avg|23: 939 264 82 42 13 4 1 
17098|Child_Avg|47: 946 271 83 38 13 5 1 
17099|Child_Levy|60: 888 254 77 30 11 5 1 
17100|Child_Avg|15: 1037 261 81 40 12 5 1 
17101|Child_Cross12|45: 912 271 77 35 12 5 1 
17105|Child_Avg|43: 876 269 77 35 12 5 1 
17106|Child_Avg|3: 920 265 82 37 14 4 1 
17108|Child_Avg|11: 911 253 80 35 13 5 1 
17111|Child_Avg|3: 908 262 80 37 13 4 1 
17112|Child_Cross21|2: 897 269 77 37 14 4 1 
17119|Child_Avg|19: 892 271 74 35 12 5 1 
17128|Child_Cross21|30: 924 278 74 35 12 5 1 
17131|Child_CrossABC1|1: 958 275 74 35 12 5 1 
17137|Child_LevyABC1|5: 922 277 75 32 13 4 1 
17142|Child_Cross12|33: 918 272 73 36 13 4 1 
17145|Child_Cross12|17: 919 271 73 35 12 5 1 
17151|Child_Cross12|41: 908 271 73 35 12 5 1 
17155|Child_Cross21|2|Mutated: 911 272 85 35 12 5 1 
17165|Child_Cross12|25: 896 272 73 35 12 5 1 
17186|Child_Avg|3|Mutated: 1003 254 90 44 13 4 1 
17187|Child_Levy|56: 1031 304 101 47 14 6 1 
17200|Child_LevyABC2|12: 914 261 92 49 13 4 1 
17202|Child_CrossABC1|1: 930 305 98 45 13 4 1 
17203|Child_Levy|56: 1023 295 86 42 12 5 1 
17204|Child_Avg|47: 980 281 84 44 13 4 1 
17205|Child_Avg|51: 1000 295 87 46 13 4 1 
17206|Child_LevyP1|9: 1003 298 106 45 14 5 1 
17220|Child_Levy|24: 1122 323 95 45 14 5 1 
17224|Child_Levy|12: 1102 324 96 43 14 6 1 
17225|Child_Levy|16: 1167 343 99 45 13 5 1 
17226|Child_CrossABC1|1: 1174 336 95 45 13 4 1 
17227|Child_Avg|35: 1234 347 100 44 13 4 1 
17228|Child_Avg|31: 1063 331 92 41 13 4 1 
17233|Child_Avg|47|Mutated: 1233 331 92 41 13 4 1 
17235|Child_Cross12|17: 1101 325 91 41 14 4 1 
17240|Child_CrossABC2|8|Mutated: 1091 341 98 41 13 4 1 
17241|Child_CrossABC2|2: 1103 323 92 41 13 4 1 
17246|Child_Avg|47|Mutated: 1110 326 89 41 13 4 1 
17247|Child_Avg|19: 1120 330 88 41 13 4 1 
17250|Child_CrossABC1|7: 1121 332 87 41 13 4 1 
17251|Child_CrossABC2|2: 1042 316 87 41 13 4 1 
17253|Child_CrossABC2|8: 1042 285 87 41 13 4 1 
17254|Child_Cross12|49|Mutated: 1107 326 87 41 13 4 1 
17255|Child_CrossABC1|7: 1084 316 87 41 13 4 1 
17256|Child_Avg|55: 1079 316 87 41 13 4 1 
17279|Child_Avg|11: 1018 299 83 40 12 5 1 
17281|Child_Cross12|33: 1018 299 83 40 14 5 1 
17282|Child_Levy|16|Mutated: 931 252 89 41 13 4 1 
17286|Child_Cross12|29: 1041 304 83 36 13 4 1 
17288|Child_CrossABC1|1: 917 300 85 41 13 4 1 
17293|Child_Cross12|29: 950 286 86 35 12 5 1 
17294|Survivor|1|Mutated: 950 286 86 35 13 5 1 
17295|Child_Levy|60: 983 319 84 35 11 5 1 
17298|Child_Levy|48: 976 275 80 37 14 4 1 
17299|Child_Avg|7: 942 281 85 35 12 5 1 
17303|Child_Avg|27: 968 272 84 35 11 5 1 
17313|Child_Cross21|6: 930 281 81 30 11 5 1 
17314|Child_Avg|27: 1091 307 102 39 11 4 1 
17315|Survivor|1|Mutated: 888 307 102 39 11 4 1 
17318|Child_CrossABC1|7: 857 296 97 35 11 4 1 
17320|Child_LevyABC2|6: 853 293 99 35 11 4 1 
17321|Child_Avg|11: 879 283 86 35 11 4 1 
17328|Child_Cross12|25: 942 285 84 35 11 5 1 
17335|Child_CrossABC1|7: 927 286 86 35 11 5 1 
17344|Survivor|1|Mutated: 927 319 86 35 11 5 1 
17349|Child_Avg|3: 907 258 73 35 11 5 1 
17350|Child_Cross12|13: 918 266 74 35 12 5 1 
17351|Child_Cross21|30: 919 278 77 35 11 5 1 
17352|Child_Avg|35: 918 272 75 35 11 5 1 
17356|Child_Levy|60: 1738 416 113 50 16 5 1 
17358|Child_LevyABC2|12: 813 309 119 37 14 4 1 
17362|Child_Cross21|2: 1347 297 82 37 14 4 1 
17363|Child_Avg|51: 1124 307 79 37 13 4 1 
17364|Child_CrossABC2|8: 1116 305 86 37 14 4 1 
17366|Child_Levy|44: 1080 293 89 35 13 5 1 
17369|Child_Avg|31: 1072 324 86 35 13 5 1 
17373|Child_LevyABC2|6: 1093 300 109 39 16 6 1 
17374|Child_Avg|59: 1058 308 82 35 13 5 1 
17375|Child_Avg|35|Mutated: 1059 298 87 36 13 4 1 
17376|Child_LevyABC1|11: 1081 296 107 36 14 5 1 
17377|Child_Avg|7: 1075 308 95 35 13 5 1 
17378|Child_Levy|36|Mutated: 1085 293 93 37 13 4 1 
17379|Child_CrossABC1|7|Mutated: 1019 291 112 35 13 5 1 
17380|Child_CrossABC2|2: 1101 308 99 35 13 5 1 
17381|Child_CrossABC1|7: 993 282 99 35 13 5 1 
17382|Child_Cross12|53: 1086 298 93 35 13 5 1 
17384|Child_CrossABC2|8: 1094 327 99 35 13 5 1 
17412|Child_Avg|43: 1092 334 111 35 13 5 1 
17420|Child_Cross12|21: 1087 309 94 35 13 5 1 
17424|Child_Cross21|14: 1026 290 91 35 12 5 1 
17425|Child_Avg|35: 1051 302 90 33 13 4 1 
17426|Child_Cross12|37: 1087 282 87 35 12 5 1 
17427|Child_Cross12|37: 1145 294 86 33 14 4 1 
17429|Child_Avg|59|Mutated: 1085 297 85 35 12 5 1 
17430|Child_Levy|40: 1439 363 111 39 14 6 1 
17431|Child_Avg|19|Mutated: 1075 303 89 35 11 4 1 
17433|Child_Avg|55: 1126 309 85 35 12 5 1 
17437|Child_CrossABC1|7: 1134 311 86 35 11 5 1 
17439|Child_CrossABC1|7: 1132 311 86 35 13 5 1 
17440|Child_CrossABC1|1: 1131 311 86 35 12 5 1 
17455|Child_CrossABC1|7: 1160 307 89 35 13 5 1 
17456|Child_Cross12|9: 1114 311 86 35 13 5 1 
17470|Child_CrossABC1|1: 1117 310 84 35 13 5 1 
17471|Child_Cross21|2|Mutated: 1096 306 98 35 13 6 1 
17472|Child_CrossABC2|8: 1115 323 86 35 13 5 1 
17474|Child_CrossABC2|2: 1130 289 85 35 13 5 1 
17476|Child_Avg|55: 1124 293 80 35 13 5 1 
17477|Child_CrossABC2|8: 1127 291 90 35 13 5 1 
17480|Child_CrossABC1|1: 1117 276 98 35 13 5 1 
17484|Child_CrossABC1|7: 1111 282 108 35 13 5 1 
17485|Child_Cross21|14: 1157 275 93 35 13 5 1 
17486|Child_CrossABC1|7: 1151 274 95 35 13 5 1 
17494|Child_Cross12|49: 1141 269 89 35 13 5 1 
17499|Child_Cross12|13|Mutated: 1074 284 77 35 13 5 1 
17509|Child_Avg|59: 1084 286 77 35 13 5 1 
17510|Child_Cross21|54: 1068 283 77 35 13 5 1 
17511|Child_Cross12|9: 1067 284 77 35 13 5 1 
17512|Child_Cross21|18: 1036 282 77 35 13 5 1 
17514|Child_Cross21|34: 1067 283 76 35 13 5 1 
17516|Child_Cross21|18|Mutated: 1070 284 89 35 13 5 1 
17521|Child_Avg|19: 1068 283 82 35 13 5 1 
17528|Child_CrossABC1|1: 1065 283 80 35 13 5 1 
17536|Child_CrossABC1|1: 1066 283 82 35 13 5 1 
17538|Child_CrossABC2|2|Mutated: 1057 300 77 35 13 5 1 
17539|Child_CrossABC1|7: 1069 285 86 35 13 5 1 
17540|Child_CrossABC1|1: 1086 287 94 35 13 5 1 
17541|Child_Cross12|21: 1058 299 76 35 13 5 1 
17542|Child_Cross12|33: 1081 283 76 35 13 5 1 
17545|Child_Cross12|29: 1056 277 76 35 13 5 1 
17549|Child_Cross21|42: 1066 283 76 35 13 5 1 
17553|Child_Cross12|53: 1087 283 76 35 13 5 1 
17558|Child_Cross12|49: 1058 283 76 35 13 5 1 
17560|Child_Avg|43: 1076 289 76 35 13 5 1 
17563|Child_Cross12|37: 976 283 76 35 13 5 1 
17564|Child_Cross12|25: 1084 277 76 35 13 5 1 
17565|Child_Avg|23|Mutated: 942 291 89 35 13 5 1 
17596|Child_CrossABC2|2: 974 288 102 35 13 5 1 
17601|Child_Cross21|6: 1068 290 76 35 13 5 1 
17605|Child_Cross21|2: 1011 290 76 35 13 5 1 
17607|Child_Cross12|57: 1073 290 76 35 13 5 1 
17610|Child_Avg|27: 1054 290 76 35 13 5 1 
17611|Child_Cross21|6: 1081 290 76 35 13 5 1 
17614|Child_Cross21|50: 1079 290 76 35 13 5 1 
17616|Child_Cross21|38: 1052 290 76 35 13 5 1 
17617|Child_Cross12|29: 1087 290 76 35 13 5 1 
17619|Child_LevyABC2|6: 1072 303 83 33 14 4 1 
17620|Child_Avg|47: 1058 290 76 35 13 5 1 
17627|Child_Cross12|21: 1066 290 76 35 13 5 1 
17631|Child_Cross12|21|Mutated: 1073 282 84 35 12 5 1 
17635|Child_Cross21|6: 1062 290 76 35 13 5 1 
17640|Child_Cross21|26|Mutated: 1033 290 76 35 13 5 1 
17643|Child_Avg|3|Mutated: 1087 279 86 35 13 5 1 
17647|Child_Cross12|45: 1103 290 76 35 13 5 1 
17652|Child_CrossABC2|8: 1073 287 93 35 13 5 1 
17655|Child_Avg|23: 1061 289 80 35 13 5 1 
17659|Child_Cross21|58: 1074 290 76 35 13 5 1 
17674|Child_Cross21|38: 1093 290 76 35 13 5 1 
17677|Child_Cross21|30: 1128 290 76 35 13 5 1 
17678|Child_Avg|35|Mutated: 1071 290 82 35 13 5 1 
17679|Child_Avg|39|Mutated: 1070 288 91 35 13 5 1 
17680|Child_CrossABC1|1: 1078 288 82 35 13 5 1 
17681|Child_CrossABC2|2: 1073 289 102 35 13 5 1 
17684|Child_CrossABC1|1: 1075 290 112 35 13 5 1 
17687|Child_Avg|27: 1075 290 94 35 13 5 1 
17697|Child_CrossABC2|8: 1066 290 89 35 13 5 1 
17698|Child_Cross21|10: 1083 290 76 35 13 5 1 
17701|Child_Cross21|54: 1095 290 76 35 13 5 1 
17708|Child_Cross12|53: 1080 290 76 35 13 5 1 
17717|Child_CrossABC2|2: 1087 290 89 35 13 5 1 
17730|Child_CrossABC2|2: 1087 290 106 35 13 5 1 
17737|Child_Cross12|13: 949 255 103 35 13 5 1 
17738|Child_Levy|24: 1013 292 97 35 11 5 1 
17739|Child_Levy|24: 964 272 90 35 12 5 1 
17741|Child_Cross12|17: 1030 258 91 41 14 4 1 
17743|Child_Avg|11: 955 276 86 35 13 6 1 
17748|Child_Avg|19: 991 276 98 35 13 5 1 
17758|Child_Avg|35: 1003 268 86 35 13 5 1 
17759|Child_CrossABC1|1: 917 254 80 35 13 5 1 
17761|Child_Avg|51: 1093 300 92 41 13 4 1 
17762|Survivor|1|Mutated: 1093 300 92 41 14 4 1 
17768|Child_LevyABC2|6: 1159 299 83 42 13 4 1 
17774|Survivor|1|Mutated: 951 299 83 42 13 4 1 
17777|Child_Levy|44: 1320 380 127 46 13 4 1 
17778|Child_LevyP2|4: 929 251 91 42 12 5 1 
17788|Child_LevyP1|9: 903 235 89 41 13 4 1 
17789|Child_Levy|48: 948 267 76 41 13 4 1 
17790|Child_Avg|51: 932 264 80 41 11 5 1 
17791|Child_Avg|3: 1007 242 77 41 13 4 1 
17793|Child_Cross12|21: 927 253 76 40 13 5 1 
17807|Child_CrossABC2|2: 967 253 76 40 13 5 1 
17811|Child_CrossABC1|7: 967 253 77 40 13 5 1 
17815|Child_Levy|52: 976 285 98 36 11 5 1 
17816|Child_LevyABC2|12|Mutated: 931 281 100 36 13 4 1 
17834|Child_LevyABC1|5: 918 268 105 40 14 5 1 
17835|Child_Cross21|38: 896 253 86 36 13 4 1 
17848|Child_Levy|12: 951 257 86 35 13 5 1 
17855|Child_Avg|11: 925 252 78 35 12 5 1 
17860|Child_Avg|59: 926 248 78 35 12 5 1 
17862|Child_Cross21|14: 903 249 77 35 13 5 1 
17867|Child_CrossABC2|8: 917 248 78 35 12 5 1 
17879|Child_CrossABC2|2: 900 259 73 35 12 5 1 
17882|Child_CrossABC2|2: 906 259 73 35 12 5 1 
17883|Child_Avg|59: 907 259 73 35 12 5 1 
17885|Child_Avg|19: 915 265 103 33 12 5 1 
17893|Child_Avg|7: 904 258 73 35 11 5 1 
17895|Child_Cross12|45: 904 259 73 35 12 5 1 
17915|Child_Avg|31: 1265 363 116 42 11 4 1 
17916|Child_LevyABC2|6|Mutated: 969 298 87 36 11 5 1 
17918|Child_CrossABC1|7: 928 300 85 36 11 5 1 
17922|Child_Avg|27: 948 278 88 35 11 5 1 
17928|Child_LevyABC1|11: 952 291 85 32 13 4 1 
17932|Child_Cross12|29: 947 279 79 32 13 4 1 
17933|Child_Avg|19: 946 282 81 32 13 4 1 
17934|Child_CrossABC2|2: 954 277 79 32 13 4 1 
17936|Child_CrossABC2|8: 950 278 79 32 13 4 1 
17939|Child_LevyABC2|12: 908 307 83 30 11 5 1 
17943|Child_CrossABC1|7: 939 265 81 32 13 4 1 
17944|Child_Cross12|5: 884 249 79 32 13 4 1 
17950|Child_Cross12|45: 889 258 72 32 13 4 1 
17959|Child_CrossABC1|1: 899 242 72 32 13 4 1 
17965|Child_CrossABC2|2: 890 247 73 32 13 4 1 
17966|Child_Cross21|50: 893 254 66 32 13 4 1 
17967|Child_Cross21|30|Mutated: 872 246 78 31 14 4 1 
17968|Child_Avg|47: 1059 317 91 39 14 4 1 
17972|Child_Cross12|1: 913 261 81 40 12 5 1 
17973|Child_Avg|23: 975 290 81 40 12 5 1 
17974|Child_Levy|44: 1053 345 100 43 13 5 1 
17979|Child_Avg|19: 947 253 96 40 13 4 1 
17980|Child_CrossABC1|1|Mutated: 1046 317 113 43 13 5 1 
17985|Child_Cross21|30: 977 289 90 41 13 4 1 
17991|Child_CrossABC2|8: 1283 334 95 40 14 5 1 
17992|Child_Avg|47|Mutated: 1028 290 87 39 14 4 1 
17996|Child_CrossABC1|1: 1087 286 90 39 14 4 1 
18000|Child_CrossABC2|8: 1302 322 107 39 14 4 1 
18003|Child_Avg|7: 1019 277 84 40 13 5 1 
18004|Child_CrossABC2|2: 1266 320 113 39 14 4 1 
18021|Child_Avg|31: 1217 315 95 37 13 4 1 
18024|Child_Levy|4: 1081 278 86 36 13 4 1 
18027|Child_LevyP2|10: 1075 297 88 35 12 5 1 
18030|Child_Levy|16: 1047 285 86 36 13 4 1 
18031|Child_Avg|23: 1232 355 103 37 13 4 1 
18034|Child_CrossABC2|8: 1213 362 105 37 13 4 1 
18035|Child_Cross21|18: 1056 259 85 36 11 5 1 
18037|Child_Avg|19|Mutated: 1065 317 94 36 13 4 1 
18050|Child_Avg|3: 1056 311 86 36 13 4 1 
18054|Child_Cross12|13: 1117 315 83 36 13 4 1 
18056|Child_Cross21|42: 1117 315 83 37 12 5 1 
18057|Child_Avg|11: 905 251 82 37 14 4 1 
18065|Child_Levy|52: 1029 297 82 35 13 5 1 
18066|Child_Avg|39: 1006 281 81 36 13 4 1 
18068|Child_CrossABC2|8: 1156 279 83 36 13 4 1 
18075|Child_CrossABC1|7: 1134 279 83 36 13 4 1 
18080|Child_Cross21|54: 1168 281 81 36 13 4 1 
18084|Child_Cross12|29: 1040 281 81 36 13 4 1 
18102|Child_Avg|19: 1151 282 76 35 13 5 1 
18104|Child_CrossABC1|1: 1151 268 76 35 13 5 1 
18108|Child_Avg|43: 1242 298 110 35 12 5 1 
18110|Child_CrossABC1|7: 1174 306 111 35 12 5 1 
18116|Child_Cross12|33: 1130 333 110 35 12 5 1 
18117|Child_CrossABC1|1: 1136 316 112 35 12 5 1 
18118|Child_CrossABC1|7: 1143 318 122 35 12 5 1 
18119|Child_Avg|11: 1066 314 109 35 12 5 1 
18128|Child_Cross21|46: 1082 297 98 35 12 5 1 
18137|Child_Cross12|5: 1085 292 98 35 12 5 1 
18138|Child_CrossABC2|8: 1086 291 98 35 12 5 1 
18139|Child_Cross21|6: 1085 290 97 35 12 5 1 
18140|Child_CrossABC2|2: 1086 290 97 35 12 5 1 
18159|Child_CrossABC1|7: 1079 284 108 35 12 5 1 
18161|Child_Levy|4: 1134 277 91 35 11 3 1 
18162|Child_Avg|19: 1128 330 93 35 11 4 1 
18163|Child_Cross12|29: 1038 279 83 36 13 4 1 
18165|Child_Avg|59: 1136 287 78 35 11 4 1 
18167|Child_Cross12|17: 1042 288 79 35 12 5 1 
18174|Child_Levy|12|Mutated: 1042 280 88 45 13 5 1 
18177|Child_Levy|4|Mutated: 1068 272 92 37 13 4 1 
18183|Child_CrossABC1|7: 849 261 100 37 14 4 1 
18188|Child_Levy|8: 887 262 93 35 11 5 1 
18195|Child_Avg|47: 951 279 78 35 12 5 1 
18198|Child_Cross21|22: 969 268 87 37 14 4 1 
18202|Child_CrossABC2|8: 980 267 94 37 14 4 1 
18204|Child_Avg|7: 940 282 85 37 14 4 1 
18215|Child_Levy|20: 966 271 77 35 13 5 1 
18216|Child_LevyABC2|12: 962 351 101 39 14 6 1 
18223|Child_CrossABC1|1: 962 311 96 39 14 6 1 
18224|Child_CrossABC1|7: 962 309 101 39 14 6 1 
18225|Child_CrossABC1|7: 962 307 105 39 14 6 1 
18227|Child_Levy|4|Mutated: 1536 340 112 37 13 5 1 
18228|Child_Avg|7: 1200 283 95 35 13 5 1 
18229|Child_Avg|7: 984 292 103 41 13 4 1 
18248|Survivor|1|Mutated: 984 315 103 41 13 4 1 
18254|Child_Levy|44: 899 247 76 42 12 5 1 
18256|Child_Avg|51: 966 283 91 40 14 5 1 
18258|Child_LevyP1|3: 961 279 89 41 13 4 1 
18272|Child_CrossABC2|8: 953 270 97 40 15 4 1 
18274|Child_Cross21|22: 910 263 73 41 13 4 1 
18275|Child_CrossABC1|1: 981 291 116 41 14 4 1 
18282|Child_Avg|51: 935 276 90 41 13 4 1 
18288|Child_Avg|27: 1188 332 116 41 13 4 1 
18291|Child_LevyP1|9: 1179 329 111 40 14 5 1 
18293|Child_Cross21|18: 1174 331 109 40 14 5 1 
18294|Child_Cross12|13: 1081 339 101 41 16 6 1 
18304|Child_CrossABC1|7|Mutated: 1113 308 111 40 14 5 1 
18309|Survivor|1|Mutated: 1113 308 111 40 12 5 1 
18320|Child_LevyP1|3: 1104 315 107 41 13 6 1 
18322|Child_Levy|20: 1042 300 97 40 12 5 1 
18323|Child_Levy|24: 1055 288 90 40 13 5 1 
18326|Child_CrossABC2|8: 1051 302 90 40 13 5 1 
18327|Child_Cross21|22: 1101 319 90 40 13 5 1 
18337|Child_Avg|27: 1094 301 87 41 13 4 1 
18338|Child_Cross21|42: 1089 311 85 40 13 5 1 
18339|Child_Cross12|13: 1101 302 90 40 13 5 1 
18355|Survivor|1|Mutated: 1101 302 90 40 13 4 1 
18368|Child_Avg|59: 1084 297 84 40 13 5 1 
18369|Child_CrossABC1|1: 1098 302 91 41 14 4 1 
18375|Child_Cross21|6: 1052 297 91 41 14 4 1 
18376|Child_Levy|60: 1086 299 89 40 14 5 1 
18381|Child_Avg|23: 1094 299 87 39 14 4 1 
18383|Child_Cross21|14: 1087 328 90 41 13 4 1 
18387|Child_CrossABC2|2: 1031 284 77 41 13 4 1 
18388|Child_CrossABC2|8: 1062 328 90 41 13 4 1 
18389|Child_CrossABC1|1: 1057 333 89 41 13 4 1 
18390|Child_Cross21|14: 1031 281 77 41 13 4 1 
18391|Child_Cross12|29: 1152 249 85 40 14 5 1 
18403|Child_CrossABC1|1: 1151 251 85 40 14 5 1 
18414|Child_CrossABC2|2: 1169 267 85 40 13 5 1 
18423|Child_Avg|47: 1165 237 86 40 12 5 1 
18426|Child_CrossABC1|1|Mutated: 1166 243 94 40 12 5 1 
18429|Child_Avg|19: 1166 245 87 40 12 5 1 
18431|Child_CrossABC2|8: 1186 273 86 40 12 5 1 
18433|Child_LevyP1|3: 1214 266 88 35 12 5 1 
18441|Child_Avg|55: 1207 257 86 35 12 5 1 
18443|Child_Cross12|29: 1207 257 86 35 11 5 1 
18456|Child_Avg|7: 1058 261 99 40 13 4 1 
18459|Child_Cross21|10: 1150 266 99 40 13 4 1 
18462|Child_CrossABC1|7: 1116 253 99 36 13 4 1 
18465|Child_Avg|31: 1538 334 117 45 13 5 1 
18467|Child_Levy|40: 1192 274 99 39 14 4 1 
18469|Child_Avg|55: 1123 254 87 43 13 5 1 
18470|Child_Cross21|54: 1067 253 90 39 14 4 1 
18471|Child_CrossABC1|7: 1106 324 107 45 13 5 1 
18473|Child_Avg|59: 1080 260 92 41 13 4 1 
18474|Child_Avg|59: 1079 255 89 41 13 4 1 
18478|Child_Cross12|29: 1095 264 82 37 12 5 1 
18479|Child_CrossABC2|8: 1080 253 88 40 14 5 1 
18481|Child_Cross21|14: 1059 241 87 41 14 4 1 
18482|Child_Cross12|33: 1083 259 85 40 14 5 1 
18483|Child_Avg|59: 1083 270 87 41 13 4 1 
18487|Child_CrossABC2|8: 1107 269 98 40 13 5 1 
18493|Child_Levy|56: 1074 269 86 40 14 5 1 
18494|Child_CrossABC2|2: 1073 263 87 41 14 4 1 
18518|Survivor|1|Mutated: 887 263 91 41 14 4 1 
18520|Child_CrossABC2|2: 930 279 90 41 13 4 1 
18525|Child_Cross12|57: 912 277 89 41 13 4 1 
18530|Child_CrossABC2|2: 937 257 89 41 13 4 1 
18533|Child_Cross21|26: 956 273 79 41 13 4 1 
18534|Child_Cross12|41: 963 256 85 40 14 5 1 
18535|Child_Cross21|18: 1019 262 85 41 14 4 1 
18536|Child_Avg|51: 952 253 84 35 13 5 1 
18546|Child_Avg|19: 950 249 82 35 13 5 1 
18547|Child_CrossABC2|8: 962 254 83 36 13 4 1 
18551|Child_Cross12|21: 962 255 81 36 13 4 1 
18555|Child_CrossABC2|8: 917 255 81 36 13 4 1 
18560|Child_Cross12|45: 949 254 79 39 14 4 1 
18561|Child_CrossABC2|8: 947 254 79 39 14 4 1 
18569|Child_LevyABC1|11|Mutated: 904 251 113 40 14 5 1 
18570|Child_Avg|19: 901 248 93 38 13 4 1 
18571|Child_Levy|36|Mutated: 935 293 76 35 13 6 1 
18572|Child_Levy|60: 895 244 90 37 14 6 1 
18573|Child_Cross21|34: 915 254 91 39 14 4 1 
18574|Child_Cross12|13: 890 301 89 35 13 5 1 
18576|Child_Avg|3: 910 282 81 36 13 4 1 
18577|Child_CrossABC1|1: 914 272 81 36 13 4 1 
18580|Child_CrossABC2|2: 914 274 82 35 13 5 1 
18589|Child_Avg|31: 880 279 83 36 13 4 1 
18594|Child_LevyP1|3|Mutated: 1044 308 114 41 14 4 1 
18607|Child_CrossABC2|8: 1053 307 115 41 14 4 1 
18610|Child_Avg|19: 939 299 111 40 13 5 1 
18618|Child_Cross21|26: 1104 291 98 40 13 5 1 
18620|Child_LevyABC1|11: 939 288 91 41 14 6 1 
18622|Child_Levy|56: 974 293 96 39 14 6 1 
18624|Child_Cross21|38: 974 293 96 40 13 5 1 
18637|Child_Avg|3: 979 301 93 36 13 4 1 
18651|Child_Avg|31: 933 281 84 40 13 4 1 
18657|Child_Avg|51: 991 287 94 37 14 4 1 
18664|Child_Avg|43: 930 273 86 36 13 4 1 
18669|Child_Cross12|29: 982 291 86 36 13 4 1 
18673|Child_CrossABC1|1: 993 281 87 36 13 4 1 
18675|Child_Cross21|34: 910 278 81 36 13 4 1 
18676|Child_LevyP1|9: 986 269 96 35 12 5 1 
18684|Child_LevyABC2|6: 937 258 91 35 12 5 1 
18690|Child_CrossABC1|7: 919 268 89 35 13 5 1 
18698|Child_Avg|39: 934 270 79 35 12 5 1 
18699|Child_CrossABC2|8: 921 270 79 35 12 5 1 
18701|Child_Cross21|50: 938 265 77 35 13 5 1 
18703|Child_Avg|31: 937 257 80 35 13 5 1 
18705|Child_Cross12|21|Mutated: 954 271 77 35 13 5 1 
18710|Child_Cross12|25: 940 258 73 35 13 5 1 
18719|Child_CrossABC2|8: 940 254 88 35 12 5 1 
18720|Child_Avg|11: 940 256 80 35 11 5 1 
18721|Child_CrossABC1|1: 942 252 86 35 12 5 1 
18727|Child_CrossABC1|7: 940 247 90 35 12 5 1 
18731|Child_CrossABC1|7: 941 249 93 35 13 5 1 
18734|Survivor|1|Mutated: 1081 249 93 35 13 5 1 
18747|Child_Avg|43: 1171 431 115 40 13 4 1 
18748|Child_Avg|47: 1336 347 111 35 13 5 1 
18750|Survivor|1|Mutated: 1512 347 111 35 13 5 1 
18753|Child_Cross12|13: 1077 312 95 35 13 5 1 
18764|Child_CrossABC1|7: 1078 313 95 35 13 5 1 
18768|Child_Avg|47: 1073 314 95 35 13 5 1 
18770|Child_Cross12|21: 1080 312 95 35 13 5 1 
18773|Child_Cross21|50: 1105 309 93 35 13 5 1 
18775|Child_Avg|3: 1071 313 95 35 13 5 1 
18778|Child_Avg|11: 1074 309 95 35 13 5 1 
18780|Child_Cross12|57: 1075 313 95 35 13 5 1 
18783|Child_Avg|23: 1087 307 93 35 13 5 1 
18785|Child_Avg|43: 1075 309 95 35 13 5 1 
18786|Child_Cross21|14: 1090 306 93 35 13 5 1 
18788|Child_Cross12|45: 1120 307 93 35 13 5 1 
18790|Child_Cross21|26: 1093 309 93 35 13 5 1 
18791|Child_Cross12|1: 1058 309 93 35 13 5 1 
18793|Child_Cross21|26: 1083 306 93 35 13 5 1 
18794|Child_Cross12|41: 1085 307 93 35 13 5 1 
18796|Child_Avg|7: 1074 307 93 35 13 5 1 
18798|Child_CrossABC2|8: 1095 306 93 35 13 5 1 
18799|Child_Cross21|46: 1076 307 93 35 13 5 1 
18800|Child_Cross21|18: 1100 307 89 35 13 5 1 
18801|Child_Cross21|26|Mutated: 1094 306 93 35 13 5 1 
18804|Child_Avg|15: 1086 306 93 35 13 5 1 
18806|Child_Avg|31: 1084 294 93 35 13 5 1 
18807|Child_Cross12|17: 1079 306 93 35 13 5 1 
18813|Child_Cross12|17: 1075 306 93 35 13 5 1 
18814|Child_Cross21|34: 1087 306 93 35 13 5 1 
18815|Child_Cross21|34: 1081 294 93 35 13 5 1 
18817|Child_Avg|7: 1078 306 93 35 13 5 1 
18821|Child_Avg|39: 1081 316 93 35 13 5 1 
18831|Child_Cross12|9: 1082 306 93 35 13 5 1 
18833|Child_Cross12|33: 1081 299 93 35 13 5 1 
18836|Child_Cross12|25: 1067 306 93 35 13 5 1 
18855|Child_Cross21|18: 1082 319 93 35 13 5 1 
18865|Child_Cross12|37: 1114 306 93 35 13 5 1 
18866|Child_Cross12|9: 1141 306 93 35 13 5 1 
18869|Child_Avg|27: 1106 306 93 35 13 5 1 
18870|Child_CrossABC2|8: 1117 306 93 35 13 5 1 
18873|Child_Cross21|18: 1110 306 93 35 13 5 1 
18875|Child_Cross21|38: 1091 306 93 35 13 5 1 
18876|Child_Cross12|49: 1121 306 93 35 13 5 1 
18880|Child_Cross12|53: 1118 306 93 35 13 5 1 
18882|Child_Cross21|34: 1125 306 93 35 13 5 1 
18914|Child_Levy|12: 1009 279 97 35 11 5 1 
18915|Child_Levy|48: 1124 265 116 40 14 5 1 
18918|Child_Avg|59: 1154 252 97 40 14 5 1 
18921|Child_Avg|3: 1142 260 99 39 14 4 1 
18922|Child_Avg|55: 1143 251 100 42 12 5 1 
18923|Child_LevyP1|9: 1157 261 100 36 15 4 1 
18925|Child_Avg|23: 1147 260 96 37 14 4 1 
18926|Child_Cross12|37: 1185 272 91 37 14 4 1 
18928|Survivor|1|Mutated: 1135 272 91 33 14 4 1 
18929|Child_Cross12|53: 1128 276 85 37 14 4 1 
18930|Child_Cross12|21|Mutated: 924 270 92 41 13 4 1 
18937|Child_Cross21|10: 1137 272 89 41 13 4 1 
18941|Child_Levy|4: 1436 397 114 40 14 5 1 
18943|Child_CrossABC1|7: 1134 304 85 32 13 4 1 
18946|Child_Cross12|53|Mutated: 1111 304 85 41 14 6 1 
18959|Child_Avg|51|Mutated: 1190 305 98 35 13 5 1 
18962|Child_Avg|23: 1182 297 91 37 14 4 1 
18966|Child_Levy|56: 1142 298 86 35 13 5 1 
18978|Child_CrossABC2|2: 1144 297 84 35 13 5 1 
18982|Child_CrossABC1|7: 1113 300 84 35 13 5 1 
18983|Child_Avg|3: 1127 296 81 36 13 4 1 
18984|Child_LevyP2|10: 1116 297 85 37 14 4 1 
18985|Child_Avg|35|Mutated: 1074 278 78 35 11 4 1 
18987|Child_Levy|36: 1114 290 82 33 14 4 1 
18988|Child_LevyP1|9|Mutated: 1065 335 92 36 15 4 1 
18998|Child_Levy|32: 1091 294 83 33 14 4 1 
19012|Child_Levy|48: 1045 263 86 35 12 5 1 
19014|Child_CrossABC2|2: 1043 286 95 35 13 5 1 
19022|Child_CrossABC2|8: 1044 289 86 35 13 5 1 
19027|Child_CrossABC2|8: 1028 289 85 35 13 5 1 
19038|Child_CrossABC2|2: 1113 282 86 35 13 5 1 
19040|Child_LevyABC1|11: 1121 288 89 35 13 5 1 
19044|Child_CrossABC1|1: 1027 302 102 35 13 5 1 
19048|Survivor|1|Mutated: 1027 302 102 35 13 6 1 
19060|Child_Avg|55: 1141 292 94 32 13 4 1 
19062|Child_Avg|27: 1064 282 85 35 12 5 1 
19065|Child_Avg|7: 1387 351 106 37 13 4 1 
19069|Child_Avg|55: 1101 307 93 37 13 4 1 
19071|Child_Levy|40: 1191 428 103 40 12 5 1 
19073|Child_LevyP2|4: 1089 289 83 36 13 4 1 
19078|Child_Levy|52: 1103 300 93 35 13 5 1 
19082|Child_Avg|11: 1114 302 77 35 12 5 1 
19083|Child_Cross21|42: 1047 296 82 35 13 5 1 
19093|Child_Cross21|18: 1087 296 80 35 13 5 1 
19094|Child_LevyABC2|6: 1098 307 89 37 14 4 1 
19099|Child_CrossABC1|7: 1098 299 85 37 14 4 1 
19102|Child_Avg|31: 1100 343 76 35 13 5 1 
19103|Child_Cross21|50: 1130 307 73 36 13 4 1 
19104|Child_Avg|35|Mutated: 940 275 84 37 13 4 1 
19108|Child_Avg|27: 1098 300 76 35 11 5 1 
19109|Child_Cross12|57: 1030 297 78 35 12 5 1 
19113|Child_Avg|35: 1040 293 76 35 13 5 1 
19114|Child_Cross12|49: 1081 292 75 35 11 5 1 
19115|Child_Cross21|34: 1039 288 75 35 11 5 1 
19116|Child_CrossABC1|7: 1039 287 75 35 11 5 1 
19119|Child_CrossABC2|2|Mutated: 1043 302 78 35 11 5 1 
19120|Child_Avg|11: 1059 297 76 35 11 5 1 
19121|Child_CrossABC1|7: 1044 292 75 35 11 5 1 
19123|Child_Cross12|21: 1038 291 75 35 11 5 1 
19124|Child_CrossABC1|1: 1042 291 75 35 11 5 1 
19126|Child_Cross12|49: 1031 285 73 35 12 5 1 
19128|Child_Avg|7: 1034 288 73 35 12 5 1 
19130|Child_CrossABC2|8: 1026 288 73 35 12 5 1 
19132|Child_CrossABC1|1: 1023 287 73 35 12 5 1 
19134|Child_Cross12|41: 1030 287 73 35 12 5 1 
19135|Child_CrossABC1|1: 1024 287 73 35 12 5 1 
19136|Child_CrossABC2|8: 1027 287 73 35 12 5 1 
19141|Child_CrossABC2|2: 1025 287 73 35 12 5 1 
19150|Child_Cross21|2: 1026 287 73 35 12 5 1 
19152|Child_Cross12|21|Mutated: 1057 287 73 35 12 5 1 
19160|Child_Avg|3: 1028 287 73 35 12 5 1 
19161|Child_Cross12|25: 986 287 73 35 12 5 1 
19171|Child_Avg|19: 1058 287 73 35 12 5 1 
19180|Child_Avg|27: 1049 296 73 35 12 5 1 
19182|Child_Cross12|33: 1100 287 73 35 12 5 1 
19185|Child_Cross12|41: 1092 297 73 35 12 5 1 
19187|Child_Cross21|22: 957 287 73 35 12 5 1 
19188|Child_Cross21|42: 1066 290 73 35 12 5 1 
19192|Child_Cross12|33: 1059 287 73 35 12 5 1 
19194|Child_Cross21|34: 1063 288 73 35 12 5 1 
19200|Child_Cross12|25: 1097 287 73 35 12 5 1 
19207|Child_Cross12|21: 1062 285 73 35 12 5 1 
19211|Child_Cross12|53: 1058 285 73 35 12 5 1 
19212|Child_Cross12|53: 1040 284 73 35 12 5 1 
19213|Child_Cross21|58: 1055 285 73 35 12 5 1 
19215|Child_Cross12|41: 1053 284 73 35 12 5 1 
19217|Child_Cross21|10: 1070 284 73 35 12 5 1 
19218|Child_Cross21|58: 1063 282 73 35 12 5 1 
19222|Child_Avg|23: 1050 283 85 35 12 5 1 
19234|Child_Avg|7: 1027 284 73 35 12 5 1 
19244|Child_Cross21|22|Mutated: 1032 284 73 35 12 5 1 
19250|Child_Cross21|50|Mutated: 991 284 86 35 12 5 1 
19253|Child_CrossABC2|2: 961 284 85 35 12 5 1 
19254|Child_CrossABC2|2: 962 284 85 35 12 5 1 
19286|Child_LevyABC1|5: 1208 318 114 47 15 4 1 
19290|Child_Cross21|46: 953 288 74 34 9 5 1 
19291|Child_Levy|28: 1129 289 98 41 14 4 1 
19292|Child_LevyP2|10: 1089 265 79 33 12 5 1 
19293|Child_CrossABC1|1: 955 269 89 33 17 5 1 
19302|Child_CrossABC1|7: 955 268 104 33 17 5 1 
19309|Child_Avg|47: 896 281 88 33 14 4 1 
19310|Child_Avg|59: 911 281 91 34 16 5 1 
19311|Child_Avg|35: 896 269 83 33 14 4 1 
19314|Child_Levy|56: 918 264 83 33 14 4 1 
19315|Child_Cross12|17: 948 263 78 35 12 5 1 
19318|Child_Cross12|13: 921 277 82 40 12 5 1 
19325|Child_Levy|16: 935 275 78 35 11 5 1 
19327|Child_CrossABC1|1: 920 275 78 35 11 5 1 
19330|Child_Cross12|49: 918 278 78 35 11 5 1 
19332|Child_Cross21|26: 931 275 78 35 11 5 1 
19334|Child_Cross12|21: 941 275 78 35 11 5 1 
19335|Child_CrossABC1|7: 933 275 78 35 11 5 1 
19336|Child_Avg|59: 930 281 77 35 12 5 1 
19338|Child_CrossABC1|1|Mutated: 931 284 77 35 13 5 1 
19340|Child_Cross21|6: 906 277 76 35 13 5 1 
19341|Child_Cross12|13: 923 271 76 35 13 5 1 
19343|Child_Cross12|1|Mutated: 1027 278 91 35 11 5 1 
19348|Child_Cross21|10: 914 278 76 35 12 5 1 
19351|Child_Avg|39|Mutated: 919 293 90 35 13 5 1 
19352|Child_Cross21|46|Mutated: 914 278 84 35 11 5 1 
19353|Child_CrossABC2|8: 927 254 80 35 13 5 1 
19358|Child_CrossABC2|2: 923 264 76 35 13 5 1 
19359|Child_Cross21|38: 921 271 76 35 13 5 1 
19360|Child_Cross21|26: 898 271 76 35 13 5 1 
19365|Child_Avg|11: 919 271 76 35 13 5 1 
19368|Child_CrossABC1|7: 925 271 76 35 13 5 1 
19371|Child_Cross21|30: 913 271 76 35 13 5 1 
19373|Child_Cross12|53|Mutated: 921 248 91 35 12 5 1 
19375|Child_Avg|59: 920 251 85 35 12 5 1 
19378|Child_Cross12|1|Mutated: 923 271 84 35 13 5 1 
19380|Child_Avg|35: 921 271 78 35 12 5 1 
19389|Child_Avg|15|Mutated: 918 271 87 40 12 5 1 
19393|Child_Cross12|29: 921 271 74 35 12 5 1 
19396|Child_Avg|47: 915 271 76 35 13 5 1 
19399|Child_Avg|39: 935 271 76 35 13 5 1 
19401|Child_CrossABC2|8: 929 271 76 35 13 5 1 
19406|Child_Cross21|18|Mutated: 929 271 90 35 13 5 1 
19415|Child_CrossABC2|8: 933 271 104 35 13 5 1 
19419|Child_Avg|23: 924 271 82 35 13 5 1 
19425|Child_Cross21|30: 929 242 76 35 13 5 1 
19433|Child_Avg|51: 900 271 76 35 13 5 1 
19437|Child_Avg|11: 921 271 77 35 13 5 1 
19445|Child_Cross12|45: 974 271 76 35 13 5 1 
19446|Child_Cross21|26: 933 271 76 35 13 5 1 
19449|Child_Cross12|25: 956 271 76 35 13 5 1 
19467|Child_CrossABC1|7: 929 271 103 35 13 5 1 
19468|Child_Avg|43: 930 271 89 35 13 5 1 
19469|Child_CrossABC2|2: 928 271 98 35 13 5 1 
19481|Child_Cross21|2: 901 276 79 32 13 4 1 
19488|Child_Avg|23: 866 254 81 36 13 4 1 
19490|Child_Cross21|22|Mutated: 1050 259 88 32 13 4 1 
19491|Child_Avg|35: 962 258 81 36 13 4 1 
19495|Child_Cross21|22: 903 251 77 35 13 5 1 
19505|Child_Cross12|9: 925 254 75 35 11 5 1 
19506|Child_Avg|3: 927 247 74 35 12 5 1 
19508|Child_Cross12|21|Mutated: 1080 246 87 35 12 5 1 
19511|Child_Avg|51: 927 247 73 35 11 4 1 
19512|Child_Avg|19: 952 247 96 35 12 5 1 
19516|Child_Avg|11: 926 243 77 35 11 5 1 
19517|Child_Avg|47: 892 244 73 35 12 5 1 
19518|Child_Cross12|57: 924 247 73 35 11 5 1 
19519|Child_Cross12|33: 903 247 73 35 12 5 1 
19520|Child_Cross21|18: 911 239 73 35 11 5 1 
19522|Child_Avg|31: 895 244 73 35 11 5 1 
19524|Child_Avg|51: 923 253 73 35 12 5 1 
19525|Child_CrossABC2|8: 894 246 73 35 12 5 1 
19526|Child_Cross21|22: 923 253 73 35 11 5 1 
19530|Child_Cross21|14: 906 240 73 35 12 5 1 
19543|Child_Cross12|5: 914 250 73 35 12 5 1 
19547|Child_Cross21|34: 917 247 73 35 12 5 1 
19567|Child_Cross21|10: 909 246 73 35 12 5 1 
19609|Child_Avg|23: 920 246 73 35 12 5 1 
19659|Child_Cross12|25: 869 246 73 35 12 5 1 
19662|Child_Avg|19: 901 246 73 35 12 5 1 
19665|Child_Cross21|18: 883 246 73 35 12 5 1 
19667|Child_Cross21|38: 907 246 73 35 12 5 1 
19691|Child_CrossABC1|1: 885 246 87 35 12 5 1 
19760|Child_LevyP1|3: 1643 485 116 45 14 5 1 
19761|Child_CrossABC2|2: 1078 296 108 35 12 5 1 
19765|Child_Avg|19: 1095 346 97 36 13 4 1 
19767|Child_LevyP2|4: 1068 299 115 42 12 5 1 
19768|Child_LevyP1|3: 1139 296 117 40 14 5 1 
19771|Child_Cross12|9|Mutated: 1140 298 99 42 13 6 1 
19776|Child_Avg|7: 1036 268 93 40 12 5 1 
19778|Child_Cross21|30: 1081 286 91 40 12 5 1 
19779|Child_CrossABC1|7: 1114 288 93 40 12 5 1 
19788|Child_LevyP2|10|Mutated: 1164 279 104 39 14 4 1 
19792|Child_Cross12|21: 1074 295 79 39 14 4 1 
19795|Child_LevyP1|3: 1007 287 83 40 12 5 1 
19801|Child_LevyABC2|6: 1041 293 87 36 13 4 1 
19806|Child_LevyABC2|6: 1004 286 97 36 13 4 1 
19812|Child_CrossABC1|7: 1025 284 94 36 13 4 1 
19813|Child_Cross21|22: 1072 285 79 32 13 4 1 
19815|Child_CrossABC1|1: 1026 277 79 32 13 4 1 
19816|Child_Levy|60: 920 243 92 32 13 4 1 
19819|Child_Cross21|46: 1060 287 79 32 13 4 1 
19825|Child_Avg|15|Mutated: 1066 274 91 33 14 4 1 
19834|Child_Avg|3: 1235 359 152 39 14 4 1 
19836|Child_Avg|27: 1150 316 121 45 13 4 1 
19838|Child_Cross12|45: 1161 336 111 40 14 5 1 
19842|Child_Cross12|25: 1155 332 114 40 13 5 1 
19853|Child_Avg|27: 1095 305 103 40 13 5 1 
19856|Child_Avg|3: 1103 293 95 40 14 5 1 
19857|Child_LevyP1|3: 1054 289 113 45 13 4 1 
19860|Child_Cross21|34: 1092 286 109 36 13 4 1 
19870|Child_Avg|31: 1176 314 91 37 14 4 1 
19894|Child_Avg|55|Mutated: 896 294 105 37 14 4 1 
19902|Survivor|1|Mutated: 1176 314 94 37 14 4 1 
19907|Child_Cross12|53: 1117 274 86 36 13 4 1 
19908|Child_Levy|8: 912 267 88 35 12 5 1 
19911|Child_Cross21|58: 933 284 86 35 12 5 1 
19914|Child_CrossABC2|2: 900 257 85 35 12 5 1 
19924|Child_Cross12|37: 902 281 84 35 12 5 1 
19927|Child_Cross12|37: 913 277 84 35 11 4 1 
19930|Child_Avg|39: 938 281 84 35 11 4 1 
19931|Child_Cross12|29: 903 281 84 35 11 4 1 
19934|Child_CrossABC2|8: 896 281 84 35 11 4 1 
19936|Child_Cross12|9: 903 269 84 35 12 5 1 
19937|Child_Cross12|45: 902 281 84 35 11 5 1 
19940|Child_Cross12|45: 910 269 84 35 11 5 1 
19942|Child_Cross21|30: 896 281 84 35 11 5 1 
19944|Child_Avg|51: 903 281 84 35 11 5 1 
19948|Child_Avg|31: 910 278 84 35 11 5 1 
19949|Child_Avg|31: 909 281 84 35 11 5 1 
19956|Child_Cross12|17: 916 281 84 35 11 5 1 
19965|Child_Cross12|17: 923 281 84 35 11 5 1 
19972|Child_Cross12|9: 1078 281 84 35 11 5 1 
19974|Child_Cross12|53: 951 281 84 35 11 5 1 
19978|Child_Cross12|21: 945 281 84 35 11 5 1 
19982|Child_Cross12|33: 1071 281 84 35 11 5 1 
19985|Child_Avg|59: 986 281 84 35 11 5 1 
19988|Child_Cross12|33: 958 281 84 35 11 5 1 
19989|Child_Cross21|22: 910 281 84 35 11 5 1 
19992|Child_Cross21|50: 952 281 84 35 11 5 1 
19995|Child_Cross21|26: 937 281 84 35 11 5 1 
20007|Child_CrossABC2|8: 937 281 102 35 11 5 1 
20008|Child_Cross21|58|Mutated: 944 281 84 35 11 5 1 
20011|Child_Avg|51|Mutated: 954 281 97 35 11 5 1 
20044|Child_Avg|55: 933 272 94 32 13 4 1 
20045|Child_Cross21|2: 1150 300 77 40 13 5 1 
20049|Child_Levy|60: 897 309 91 41 11 5 1 
20052|Child_Cross21|10: 1132 306 77 37 14 4 1 
20057|Child_Cross12|1: 1105 295 77 37 14 4 1 
20058|Child_CrossABC2|2|Mutated: 1082 303 77 31 14 4 1 
20061|Child_Levy|56: 1075 298 77 35 11 5 1 
20062|Child_Cross12|9|Mutated: 1005 341 90 39 14 4 1 
20071|Child_Cross12|41: 1033 326 77 37 14 4 1 
20073|Child_Cross21|46: 1014 326 81 37 13 4 1 
20076|Child_Cross12|5: 1052 324 83 33 14 4 1 
20081|Child_Avg|43: 1021 295 82 35 13 5 1 
20083|Child_CrossABC2|8: 1020 267 82 35 13 5 1 
20084|Child_Avg|39: 1078 279 78 35 12 5 1 
20086|Child_Avg|23: 1100 290 76 35 13 5 1 
20088|Child_Avg|15: 1052 289 78 35 11 5 1 
20090|Child_Cross12|17: 1072 278 76 35 12 5 1 
20092|Child_CrossABC2|8: 1055 298 75 35 12 5 1 
20093|Child_Cross12|13: 1023 278 74 35 12 5 1 
20100|Child_Cross21|34: 1102 288 73 35 12 5 1 
20101|Child_Cross21|26: 1013 274 73 35 12 5 1 
20104|Child_Cross12|33: 1064 285 73 36 13 4 1 
20106|Child_Avg|31|Mutated: 1076 284 78 35 11 4 1 
20110|Child_Avg|43|Mutated: 1064 283 85 35 12 5 1 
20112|Child_CrossABC2|2|Mutated: 1063 283 86 35 12 5 1 
20120|Child_Avg|55: 1044 285 73 35 12 5 1 
20123|Child_CrossABC1|7: 1057 282 78 35 12 5 1 
20124|Child_Cross12|9: 1073 282 73 35 12 5 1 
20125|Child_LevyP1|3: 1101 270 80 37 14 4 1 
20128|Child_Levy|4: 1049 282 74 35 12 5 1 
20135|Child_Cross12|29: 1054 296 73 35 12 5 1 
20137|Child_Cross21|42: 1064 282 73 35 12 5 1 
20144|Child_Cross12|25: 1054 282 73 35 12 5 1 
20147|Child_Levy|4: 3649 928 551 114 45 17 5 1 
20148|Child_Cross12|21: 1004 406 122 44 15 4 1 
20149|Child_Avg|11: 893 306 103 40 13 4 1 
20150|Child_Levy|28: 1095 311 99 45 16 5 1 
20152|Child_LevyP2|10: 1028 392 119 44 16 5 1 
20153|Child_LevyP2|10: 1033 376 110 43 14 4 1 
20154|Child_Avg|43: 1089 295 101 45 13 4 1 
20155|Child_Cross21|22: 1102 339 95 43 14 4 1 
20157|Child_CrossABC2|8: 1110 327 97 45 14 6 1 
20158|Child_LevyP1|3: 1026 271 90 39 16 5 1 
20161|Child_Levy|24: 1061 307 93 40 12 5 1 
20163|Child_Avg|11: 1101 316 93 40 12 5 1 
20164|Child_CrossABC2|2: 1082 310 91 40 12 5 1 
20169|Child_Cross21|22: 1079 308 87 41 14 6 1 
20173|Child_Cross21|42: 1081 314 88 45 13 4 1 
20174|Child_Cross21|18|Mutated: 1079 311 79 39 14 6 1 
20175|Child_Cross21|14|Mutated: 1077 312 86 42 13 4 1 
20176|Child_Cross12|45: 1050 311 84 41 11 5 1 
20177|Child_LevyABC1|11: 1129 314 90 41 14 4 1 
20180|Child_Cross12|25: 1107 335 85 41 14 4 1 
20181|Child_Levy|24: 1072 314 90 37 12 5 1 
20183|Child_Avg|39: 1121 329 86 40 14 5 1 
20184|Child_CrossABC2|8|Mutated: 1161 302 95 37 12 5 1 
20186|Child_LevyP2|4: 1141 303 93 36 13 4 1 
20187|Child_LevyP1|3: 1107 310 86 35 12 5 1 
20194|Child_CrossABC2|2|Mutated: 1119 303 86 35 12 5 1 
20195|Child_Avg|55: 1114 308 85 36 11 5 1 
20197|Child_Levy|36|Mutated: 1117 309 97 35 11 4 1 
20209|Child_Cross21|46: 1556 355 118 37 14 4 1 
20210|Child_Levy|20: 1152 307 89 35 13 5 1 
20213|Child_Avg|11: 1142 332 97 36 13 4 1 
20223|Survivor|1|Mutated: 1142 332 97 43 14 4 1 
20224|Child_Levy|56: 1110 298 86 35 11 5 1 
20229|Child_Cross21|54|Mutated: 931 296 84 35 11 5 1 
20239|Child_Avg|3: 985 287 78 35 12 5 1 
20246|Child_LevyABC1|5: 1142 309 86 42 13 6 1 
20253|Child_LevyP2|4: 1191 310 119 33 14 6 1 
20254|Child_LevyABC2|12: 1053 307 104 42 13 6 1 
20258|Child_Avg|31: 1141 307 97 40 13 5 1 
20261|Child_CrossABC2|8: 1057 279 98 40 13 5 1 
20272|Child_Cross21|38: 1072 293 88 40 13 5 1 
20276|Child_Avg|11: 1082 298 85 40 13 5 1 
20279|Child_Cross21|14: 1075 303 84 40 13 5 1 
20280|Child_LevyP2|10: 1075 301 89 35 12 5 1 
20282|Child_Avg|11: 1091 287 81 36 13 4 1 
20283|Child_CrossABC2|2: 1097 294 81 36 13 4 1 
20288|Child_Avg|27: 1099 293 80 37 13 4 1 
20289|Child_Avg|3: 1096 293 80 36 13 4 1 
20298|Child_Levy|56: 1424 323 117 45 14 5 1 
20300|Child_Avg|31: 1309 306 112 39 14 4 1 
20311|Child_Cross12|57: 1045 277 106 37 13 4 1 
20314|Child_CrossABC1|1: 1161 316 98 41 13 4 1 
20325|Child_Levy|12: 1532 380 106 43 13 5 1 
20326|Child_Cross21|22: 1085 296 83 40 14 5 1 
20327|Child_Cross21|30: 1087 309 91 45 14 6 1 
20332|Child_Avg|31: 1133 314 88 40 13 5 1 
20337|Child_CrossABC2|8: 1123 312 90 40 13 5 1 
20339|Child_Cross21|34: 1136 309 87 41 14 4 1 
20341|Child_Cross21|6: 1149 306 84 40 13 5 1 
20342|Child_CrossABC1|7: 1041 289 86 36 13 4 1 
20350|Child_Avg|27: 1082 290 82 37 13 5 1 
20351|Child_Cross12|9: 1057 293 81 36 13 4 1 
20352|Child_Cross12|21: 1103 291 80 37 13 4 1 
20353|Child_Avg|39: 1096 291 81 36 13 4 1 
20356|Child_Cross12|41|Mutated: 953 292 90 37 14 4 1 
20357|Child_Cross21|10: 1105 290 81 36 13 4 1 
20359|Child_Avg|47: 1054 292 83 33 14 4 1 
20360|Child_LevyP2|4: 1133 291 100 35 12 5 1 
20361|Child_Avg|3: 1131 291 89 35 12 5 1 
20364|Child_Levy|32: 1121 292 83 33 14 4 1 
20367|Child_Cross21|10: 1091 300 77 35 13 5 1 
20371|Child_Cross21|6: 1092 296 77 35 13 5 1 
20377|Child_Cross12|53: 1104 299 76 35 13 5 1 
20384|Child_Levy|32: 1067 274 74 36 13 4 1 
20390|Child_CrossABC2|2: 1076 279 73 35 12 5 1 
20394|Child_CrossABC2|2: 1029 284 73 35 12 5 1 
20395|Child_CrossABC2|2|Mutated: 1036 290 84 35 11 5 1 
20400|Child_CrossABC2|2: 1065 296 88 35 12 5 1 
20405|Child_CrossABC2|2: 1060 292 90 35 12 5 1 
20407|Child_LevyABC2|6: 1059 301 110 36 13 4 1 
20455|Child_Cross12|29: 1088 292 99 34 16 5 1 
20456|Survivor|1|Mutated: 1304 292 99 34 16 5 1 
20457|Child_Avg|43: 1004 283 93 36 13 4 1 
20458|Child_Levy|36: 1036 297 98 36 15 4 1 
20461|Child_CrossABC2|2: 1041 301 99 36 17 4 1 
20463|Child_Avg|11: 1033 297 90 35 13 5 1 
20465|Child_Avg|3: 1021 295 91 37 14 4 1 
20473|Child_Avg|11: 1041 298 87 36 13 4 1 
20477|Child_Avg|15: 1094 329 93 39 14 4 1 
20478|Child_Avg|3: 1024 299 80 35 13 5 1 
20482|Child_Avg|3: 1015 293 80 35 13 5 1 
20485|Child_CrossABC2|8: 1045 301 81 36 13 4 1 
20487|Child_Cross21|18: 1045 303 81 36 13 4 1 
20488|Child_CrossABC1|1: 1045 300 81 36 13 4 1 
20493|Child_CrossABC1|7: 1045 294 81 36 13 4 1 
20495|Child_Levy|48: 1044 301 82 37 12 5 1 
20496|Child_Levy|20: 1080 293 80 35 13 5 1 
20497|Child_Avg|55: 1109 295 80 36 13 4 1 
20498|Child_Levy|48: 1051 294 78 35 12 5 1 
20503|Child_CrossABC2|2|Mutated: 1016 326 85 35 12 5 1 
20509|Child_CrossABC1|1: 1049 297 78 35 12 5 1 
20514|Child_Avg|15: 1053 298 78 35 12 5 1 
20517|Child_Cross12|29: 1055 299 77 35 12 5 1 
20518|Child_Avg|47: 1053 304 77 35 12 5 1 
20519|Child_CrossABC2|8: 1056 307 77 35 13 5 1 
20520|Child_Cross12|5: 1050 299 77 35 13 5 1 
20521|Child_Cross12|57: 1050 299 77 35 12 5 1 
20525|Child_Avg|3: 1062 296 75 35 11 5 1 
20529|Child_LevyP2|4: 1008 297 89 35 11 4 1 
20530|Child_LevyP1|9: 1051 326 106 32 13 4 1 
20536|Child_CrossABC1|1|Mutated: 1048 342 85 41 13 4 1 
20538|Child_Avg|35|Mutated: 1070 336 101 37 13 4 1 
20539|Child_Avg|59: 934 247 87 36 13 4 1 
20542|Survivor|1|Mutated: 898 247 87 36 13 4 1 
20544|Child_Cross21|26: 1086 300 83 36 13 4 1 
20546|Child_Cross21|2: 957 269 85 32 13 4 1 
20554|Child_Cross21|10: 959 279 78 35 12 5 1 
20559|Child_LevyP2|10: 917 278 81 36 13 4 1 
20563|Child_CrossABC2|8: 954 282 77 35 12 5 1 
20566|Child_Cross12|21: 960 291 75 35 11 4 1 
20568|Child_Avg|59: 953 282 73 35 12 5 1 
20571|Child_Cross12|5: 901 264 73 35 11 5 1 
20573|Child_Cross12|1: 957 288 73 35 11 5 1 
20574|Child_Avg|23: 938 277 73 35 11 5 1 
20576|Child_Cross21|54: 957 288 73 35 12 5 1 
20578|Child_Cross21|34|Mutated: 953 284 79 35 12 5 1 
20579|Child_CrossABC1|7: 940 276 80 35 13 5 1 
20587|Child_LevyABC1|5: 945 261 86 36 13 4 1 
20592|Child_Avg|11|Mutated: 951 285 73 35 12 5 1 
20601|Child_Cross21|18: 955 285 73 35 12 5 1 
20603|Child_Cross21|6: 941 275 73 35 12 5 1 
20613|Child_Cross12|45: 902 284 73 35 12 5 1 
20623|Child_CrossABC2|8: 1013 284 90 35 12 5 1 
20628|Child_Avg|19: 980 284 73 35 12 5 1 
20629|Child_Cross21|2: 955 282 73 35 12 5 1 
20632|Child_CrossABC2|2: 899 279 85 35 12 5 1 
20650|Child_Avg|27: 991 284 73 35 12 5 1 
20651|Child_Cross21|14: 1016 284 73 35 12 5 1 
20659|Child_Cross12|53: 943 285 73 35 12 5 1 
20661|Child_CrossABC2|2: 943 282 91 35 12 5 1 
20663|Child_Cross21|10: 983 284 73 35 12 5 1 
20691|Child_Cross21|50: 940 264 73 35 12 5 1 
20693|Child_CrossABC1|7: 934 247 73 35 12 5 1 
20695|Child_Avg|23|Mutated: 943 279 85 35 12 5 1 
20696|Survivor|1|Mutated: 919 279 85 35 12 5 1 
20706|Child_Levy|4: 1685 497 167 47 14 6 1 
20707|Child_Avg|35: 1076 297 100 35 12 5 1 
20709|Child_CrossABC2|2: 1202 292 100 35 12 5 1 
20711|Child_Avg|43: 918 291 96 35 12 5 1 
20712|Child_CrossABC2|8: 1026 294 102 35 12 5 1 
20715|Child_Cross21|58: 1049 293 98 35 12 5 1 
20722|Child_CrossABC1|7: 1054 292 98 35 12 5 1 
20724|Child_Avg|19: 1008 308 97 35 12 5 1 
20740|Child_LevyABC2|6: 1122 229 102 35 11 5 1 
20741|Child_Avg|19: 1077 326 94 37 12 5 1 
20742|Child_Cross21|34: 1009 308 97 35 11 5 1 
20755|Child_Levy|16: 1142 309 97 37 13 4 1 
20756|Child_Levy|40: 1069 304 93 35 13 5 1 
20764|Survivor|1|Mutated: 1069 312 93 35 13 5 1 
20766|Child_CrossABC2|8: 1072 298 94 35 13 5 1 
20767|Child_Avg|19: 1089 286 86 35 13 5 1 
20768|Child_CrossABC2|2: 1050 306 90 35 13 5 1 
20774|Child_Cross12|5: 1109 302 86 35 12 5 1 
20778|Child_Avg|3: 1077 293 89 35 11 5 1 
20779|Child_Cross12|13: 1043 288 85 35 12 5 1 
20782|Survivor|1|Mutated: 1068 288 85 35 12 5 1 
20783|Child_Avg|11: 1039 276 86 35 12 5 1 
20785|Child_CrossABC1|7: 1087 292 85 35 12 5 1 
20790|Child_CrossABC2|2: 1085 291 86 35 12 5 1 
20792|Child_Avg|11: 1132 298 85 31 11 5 1 
20793|Child_Avg|23: 1113 305 77 35 13 5 1 
20798|Child_Avg|19: 1112 303 84 40 13 4 1 
20804|Child_Cross12|21: 1121 303 88 32 13 4 1 
20807|Child_Levy|16: 965 255 74 36 11 5 1 
20809|Child_Avg|51: 931 250 74 36 13 4 1 
20813|Child_Cross12|33: 931 250 74 32 13 4 1 
20814|Child_CrossABC2|8: 939 252 77 33 13 4 1 
20815|Child_Avg|11|Mutated: 1032 274 75 35 11 5 1 
20816|Child_Cross21|42: 1039 281 75 32 13 4 1 
20820|Child_Levy|4: 1152 290 91 32 13 4 1 
20822|Child_CrossABC1|1: 1153 286 99 32 13 4 1 
20828|Child_CrossABC1|7: 1043 262 90 39 14 4 1 
20830|Child_Avg|19: 1153 288 93 35 13 5 1 
20835|Child_Avg|51: 1097 278 85 32 13 5 1 
20836|Child_Cross12|21: 1015 339 93 37 13 4 1 
20837|Child_Avg|11: 1037 323 95 35 13 5 1 
20841|Child_Levy|8: 1047 301 94 35 13 5 1 
20842|Child_Cross21|14: 1037 323 95 35 11 5 1 
20843|Child_CrossABC2|2: 1048 296 97 35 13 5 1 
20844|Child_Cross21|2: 1048 285 84 35 13 5 1 
20866|Child_Levy|40: 1168 271 115 50 12 5 1 
20867|Child_Levy|16: 845 284 93 35 11 4 1 
20868|Child_Levy|40: 1014 273 101 42 11 5 1 
20869|Child_LevyP1|9: 872 255 81 32 13 4 1 
20874|Child_CrossABC1|1: 930 268 85 32 13 4 1 
20880|Child_Avg|3: 899 253 81 33 13 4 1 
20881|Child_Cross21|14: 1051 319 91 32 13 4 1 
20882|Child_Avg|59: 901 258 79 33 14 4 1 
20884|Child_Cross21|2: 888 245 79 32 13 4 1 
20886|Child_CrossABC2|2: 894 270 79 32 13 4 1 
20888|Child_CrossABC2|8: 879 238 79 32 13 4 1 
20890|Child_LevyABC1|5: 1038 267 78 35 12 5 1 
20892|Child_Cross21|50: 912 263 77 37 14 4 1 
20898|Child_Cross12|41: 973 264 77 35 12 5 1 
20899|Child_Cross12|37: 942 262 77 35 12 5 1 
20901|Child_Cross21|10: 930 248 75 35 11 5 1 
20903|Child_CrossABC1|7: 885 256 75 35 11 5 1 
20904|Child_CrossABC2|8: 906 259 75 35 11 5 1 
20908|Child_Cross21|42: 915 254 75 35 11 5 1 
20909|Child_Avg|47: 944 257 75 35 11 5 1 
20910|Child_Cross21|34: 901 253 75 35 11 5 1 
20911|Child_Avg|23: 911 256 75 35 11 5 1 
20913|Child_Cross12|57: 886 248 75 35 11 5 1 
20914|Child_Cross12|45: 905 253 75 35 11 5 1 
20916|Child_Avg|55: 908 253 75 35 11 5 1 
20918|Child_Cross21|26: 910 253 75 35 11 5 1 
20919|Child_Cross12|21: 904 254 75 35 11 5 1 
20920|Child_Avg|27: 915 253 75 35 11 5 1 
20921|Child_Cross12|17: 890 256 75 35 11 5 1 
20925|Child_Cross12|57: 903 253 75 35 11 5 1 
20928|Child_CrossABC2|8: 905 244 89 35 11 5 1 
20942|Child_Cross12|57: 907 252 75 35 11 5 1 
20943|Child_Cross12|29|Mutated: 910 252 90 35 12 5 1 
20946|Child_Avg|59: 908 259 75 35 11 5 1 
20952|Child_Avg|35: 943 253 75 35 11 5 1 
20956|Child_Avg|19: 910 254 75 35 11 5 1 
20961|Child_CrossABC1|1: 910 253 84 35 11 5 1 
20965|Child_Avg|35: 905 259 75 35 11 5 1 
20973|Child_Cross12|25: 905 252 75 35 11 5 1 
20976|Child_Avg|43: 925 256 75 35 11 5 1 
20980|Child_Avg|23: 906 256 75 35 11 5 1 
20985|Child_Cross21|2: 906 261 75 35 11 5 1 
20996|Child_Cross12|53: 913 253 75 35 11 5 1 
20999|Child_CrossABC2|8: 910 253 100 35 11 5 1 
21006|Child_Levy|56: 946 269 103 37 12 5 1 
21007|Child_Levy|52: 961 254 90 40 13 5 1 
21017|Child_CrossABC2|2: 1059 292 86 36 13 4 1 
21019|Child_Avg|23: 1407 382 103 37 13 4 1 
21022|Child_Cross12|45|Mutated: 1179 311 84 35 11 5 1 
21023|Child_Avg|35: 1071 292 82 37 13 4 1 
21025|Child_Avg|51: 1029 297 80 37 13 4 1 
21034|Child_Avg|55: 1093 285 73 36 13 4 1 
21035|Child_Levy|4: 1092 285 76 37 14 4 1 
21037|Child_Cross12|25: 1094 285 73 36 13 4 1 
21038|Child_Cross21|14: 1091 285 73 36 13 4 1 
21039|Child_Levy|60: 1126 283 94 37 14 4 1 
21046|Child_Levy|4|Mutated: 1110 331 90 40 13 5 1 
21053|Child_CrossABC2|8: 1081 286 84 40 15 4 1 
21054|Child_LevyABC1|11: 926 281 97 42 12 5 1 
21055|Child_Cross12|37: 1065 264 83 42 18 5 1 
21056|Child_Levy|52|Mutated: 1082 285 98 42 13 4 1 
21057|Child_Levy|24: 1056 288 82 43 14 6 1 
21058|Child_Cross12|13: 1077 267 87 40 14 5 1 
21059|Child_Cross12|45: 938 239 83 40 14 5 1 
21068|Child_CrossABC2|2: 923 248 83 39 14 4 1 
21075|Child_Avg|7: 976 254 83 36 13 4 1 
21076|Child_Avg|7: 940 258 80 35 11 5 1 
21082|Child_Levy|32|Mutated: 982 259 78 35 12 5 1 
21085|Child_CrossABC1|7: 1041 259 78 35 12 5 1 
21089|Child_Cross12|49: 987 259 78 35 12 5 1 
21090|Child_CrossABC2|2: 990 259 78 35 12 5 1 
21096|Child_Avg|39: 938 264 77 35 12 5 1 
21105|Child_CrossABC2|2: 952 263 78 35 12 5 1 
21106|Child_CrossABC2|8: 946 263 78 35 12 5 1 
21111|Child_Levy|32: 958 265 74 36 13 4 1 
21112|Child_Cross12|45: 940 266 74 35 12 5 1 
21113|Child_Avg|43|Mutated: 789 247 85 35 12 5 1 
21119|Child_Cross21|22: 952 260 74 35 12 5 1 
21120|Child_Cross21|14: 961 267 73 35 12 5 1 
21124|Child_Avg|35: 891 255 73 35 11 5 1 
21134|Child_Avg|27: 1021 303 85 35 12 5 1 
21143|Child_Avg|3: 1060 283 86 35 12 5 1 
21148|Child_CrossABC1|7: 935 283 77 35 13 5 1 
21151|Child_Cross12|53|Mutated: 834 236 69 33 14 4 1 
21153|Child_Avg|47: 919 259 75 35 11 4 1 
21154|Child_Cross21|46: 907 258 74 35 12 5 1 
21158|Child_Cross12|53: 919 274 74 35 12 5 1 
21159|Child_CrossABC2|8: 946 267 74 35 12 5 1 
21160|Child_CrossABC2|8: 918 279 74 35 12 5 1 
21161|Child_Cross21|42: 939 259 73 35 12 5 1 
21168|Child_LevyP1|9: 1377 366 113 47 12 5 1 
21169|Child_Levy|40: 943 263 71 36 13 4 1 
21170|Child_CrossABC2|2: 939 266 72 37 14 4 1 
21172|Child_Cross12|25: 868 260 79 40 12 5 1 
21173|Child_Levy|8: 914 321 93 39 16 5 1 
21178|Child_Levy|56: 1028 268 105 41 13 4 1 
21200|Child_CrossABC1|1: 1034 268 105 41 13 4 1 
21205|Child_Cross12|53: 1050 279 95 35 13 5 1 
21206|Child_Cross12|21: 1088 275 96 39 16 5 1 
21207|Child_Levy|4: 896 270 96 37 14 6 1 
21208|Child_Avg|15: 1075 278 97 40 14 5 1 
21209|Child_Cross21|54: 1044 341 97 40 14 5 1 
21210|Child_CrossABC1|1: 1062 307 97 40 14 5 1 
21215|Child_Avg|59: 1056 300 97 40 13 5 1 
21218|Child_Avg|7: 1027 301 94 39 14 4 1 
21223|Child_CrossABC2|8: 1034 313 116 39 14 4 1 
21225|Child_CrossABC1|7: 1124 297 103 40 12 5 1 
21226|Child_Cross12|21: 957 288 91 40 12 5 1 
21231|Child_Levy|28: 1016 279 88 40 13 5 1 
21233|Child_Cross21|22: 1109 285 91 37 14 4 1 
21235|Child_LevyABC2|12: 1059 290 90 39 14 6 1 
21236|Child_CrossABC2|8: 1047 287 90 39 14 6 1 
21237|Child_CrossABC2|2: 1061 291 90 39 14 6 1 
21239|Child_Avg|27|Mutated: 1364 318 111 43 14 4 1 
21241|Child_Levy|28: 1211 312 97 40 13 5 1 
21245|Child_Avg|35: 1130 294 91 40 14 5 1 
21249|Child_Levy|28|Mutated: 1121 294 102 40 13 5 1 
21260|Child_CrossABC1|1: 1089 296 102 40 13 5 1 
21263|Child_LevyABC2|12: 1085 280 100 41 14 6 1 
21264|Child_Avg|15: 1101 302 103 40 13 5 1 
21266|Child_CrossABC1|7: 1098 287 102 40 13 5 1 
21269|Child_Cross12|49: 1073 298 97 40 13 5 1 
21270|Child_Cross21|54: 1100 306 97 40 13 5 1 
21271|Child_CrossABC1|1: 1111 299 97 40 13 5 1 
21273|Child_CrossABC2|8: 1060 303 97 40 13 5 1 
21274|Child_CrossABC1|7: 1083 304 98 40 13 5 1 
21278|Survivor|1|Mutated: 1083 304 98 47 12 5 1 
21279|Child_Avg|27|Mutated: 1084 291 90 39 14 4 1 
21280|Child_Levy|24: 1086 301 95 45 14 6 1 
21283|Child_CrossABC2|2|Mutated: 1085 333 89 41 13 4 1 
21293|Child_Cross12|53: 1001 317 83 41 11 5 1 
21294|Child_Levy|32: 1034 301 87 39 11 4 1 
21295|Child_Levy|8: 1053 279 85 40 13 5 1 
21301|Child_Cross12|17: 1058 284 85 40 13 5 1 
21306|Child_CrossABC1|1: 1060 284 85 40 13 5 1 
21307|Child_Levy|8: 1375 351 104 41 14 4 1 
21309|Child_CrossABC2|2: 1435 414 110 40 13 5 1 
21310|Child_Avg|3|Mutated: 893 281 84 40 13 5 1 
21311|Child_CrossABC1|1: 1421 309 104 40 13 5 1 
21325|Child_Cross12|29: 1432 376 117 40 14 5 1 
21326|Child_Levy|60: 1353 309 101 40 14 5 1 
21327|Child_Avg|3: 1324 315 113 41 14 4 1 
21328|Child_Avg|55: 1319 303 102 40 13 5 1 
21345|Child_Avg|55: 1061 282 90 40 13 5 1 
21349|Child_CrossABC1|1: 1233 293 98 35 13 5 1 
21351|Child_Cross21|54: 1056 279 86 35 13 5 1 
21363|Child_Cross12|37: 1074 290 77 35 13 5 1 
21364|Child_Cross21|6: 1074 284 84 35 13 5 1 
21375|Child_CrossABC2|2: 1073 273 90 35 12 5 1 
21378|Child_LevyABC1|5: 1137 309 85 35 12 5 1 
21389|Child_CrossABC1|7: 1094 294 85 35 12 5 1 
21396|Child_Avg|3: 1080 286 85 35 12 5 1 
21409|Child_CrossABC1|1: 1075 284 90 35 12 5 1 
21439|Child_Cross21|58: 878 232 80 35 13 5 1 
21441|Child_Cross21|26: 951 265 77 35 13 5 1 
21445|Child_Avg|7|Mutated: 931 253 87 35 12 5 1 
21446|Child_CrossABC2|2: 958 276 87 35 12 5 1 
21451|Child_CrossABC1|1: 917 257 91 35 12 5 1 
21452|Survivor|1|Mutated: 802 257 98 35 12 5 1 
21453|Survivor|1|Mutated: 915 257 98 35 12 5 1 
21454|Child_LevyP2|10: 917 255 99 36 13 4 1 
21467|Child_Cross12|49: 951 254 86 36 13 4 1 
21468|Child_Avg|19: 942 259 80 35 12 5 1 
21470|Child_Avg|51: 965 259 78 35 12 5 1 
21473|Child_Avg|23: 980 268 77 35 12 5 1 
21474|Child_Cross12|13: 980 278 74 35 12 5 1 
21475|Child_Cross21|26: 938 261 73 35 12 5 1 
21476|Child_CrossABC2|8: 940 267 74 35 12 5 1 
21477|Child_CrossABC1|1: 945 285 77 37 13 4 1 
21478|Child_Cross21|26: 954 269 73 35 12 5 1 
21480|Child_Levy|24: 964 265 76 36 13 4 1 
21484|Child_Cross12|25: 964 265 76 36 15 4 1 
21501|Child_Avg|27: 1196 349 125 36 15 4 1 
21503|Child_Avg|51|Mutated: 1254 304 83 29 10 4 1 
21504|Child_Cross21|54: 1052 286 88 39 15 4 1 
21513|Child_CrossABC1|1: 1029 283 87 36 13 4 1 
21514|Child_LevyABC1|11: 1106 279 88 40 13 5 1 
21532|Child_CrossABC1|7: 1185 268 90 40 13 5 1 
21535|Child_Avg|15: 1167 268 83 40 12 5 1 
21536|Child_Levy|32: 1039 223 103 35 12 5 1 
21538|Child_CrossABC2|8: 1034 303 99 40 12 5 1 
21545|Child_LevyABC1|5: 910 310 107 39 14 6 1 
21546|Child_Cross12|53: 1034 284 87 43 13 5 1 
21547|Child_CrossABC1|1: 1038 289 88 41 14 6 1 
21550|Child_CrossABC1|1: 1039 289 85 41 14 6 1 
21551|Child_Levy|40: 1095 315 99 40 12 5 1 
21552|Child_CrossABC1|1: 1087 295 114 42 13 6 1 
21563|Child_Cross12|21: 993 295 87 41 14 6 1 
21570|Child_Avg|51: 1036 293 85 40 13 5 1 
21573|Child_Cross21|34: 981 304 85 40 13 5 1 
21574|Child_Avg|7: 982 306 86 45 13 4 1 
21576|Child_LevyABC1|11: 1142 274 88 45 14 5 1 
21579|Child_Avg|7|Mutated: 1053 296 83 40 13 4 1 
21580|Child_Levy|40: 1076 299 83 42 12 5 1 
21581|Child_Avg|47: 1066 290 83 40 13 5 1 
21582|Child_Avg|3: 1032 284 80 43 13 4 1 
21586|Child_Cross21|22|Mutated: 1005 297 87 40 13 5 1 
21592|Child_LevyABC2|6|Mutated: 1040 285 87 41 14 6 1 
21593|Child_Cross21|2: 1063 297 88 40 13 5 1 
21594|Child_CrossABC1|7: 1028 292 89 40 13 5 1 
21597|Child_Cross21|38|Mutated: 1126 310 87 41 14 6 1 
21610|Child_LevyP2|10: 965 303 91 41 14 6 1 
21611|Child_Levy|32: 1058 290 83 40 15 4 1 
21618|Child_Levy|8: 1007 286 77 40 12 5 1 
21619|Child_Avg|23: 1128 292 79 41 14 4 1 
21620|Child_CrossABC1|1: 1026 301 81 36 13 4 1 
21621|Child_Levy|4: 1087 293 76 40 13 5 1 
21622|Child_CrossABC2|2: 1061 281 79 39 14 4 1 
21629|Child_Levy|12: 1562 443 115 41 14 4 1 
21630|Random|21: 4901 1093 421 131 41 13 4 1 
21632|Child_Avg|3: 1059 301 87 37 14 4 1 
21635|Child_Avg|3: 1212 323 99 37 14 4 1 
21637|Child_CrossABC1|1: 1184 348 99 37 14 4 1 
21638|Child_CrossABC1|7|Mutated: 1118 343 99 37 14 4 1 
21641|Child_CrossABC1|1: 1081 318 103 36 13 4 1 
21655|Child_Cross21|2: 1055 310 88 40 13 5 1 
21656|Child_Cross12|41: 1072 303 94 37 14 4 1 
21660|Child_CrossABC1|7: 1071 304 93 37 13 4 1 
21666|Child_LevyP1|9: 1066 289 85 35 12 5 1 
21669|Child_CrossABC1|1: 1103 319 88 41 13 4 1 
21677|Child_LevyP2|4: 1105 297 89 40 12 5 1 
21683|Child_CrossABC1|7: 1067 297 89 40 12 5 1 
21684|Child_Avg|11: 1025 283 86 35 11 5 1 
21690|Child_Avg|55: 1058 294 80 37 11 4 1 
21691|Child_LevyABC2|6: 1078 253 82 38 12 5 1 
21692|Child_Levy|36: 1471 354 88 40 13 4 1 
21694|Child_Cross12|57: 1037 295 78 35 11 4 1 
21695|Child_Cross12|29: 1010 304 77 37 13 4 1 
21696|Child_Cross21|54: 954 269 75 35 12 5 1 
21702|Child_Avg|51|Mutated: 1040 271 78 35 12 5 1 
21705|Child_Cross21|10: 980 259 73 35 14 5 1 
21706|Child_Cross21|6: 956 262 75 40 11 5 1 
21710|Child_Cross12|33: 1067 250 73 40 12 5 1 
21711|Child_Avg|19: 1253 317 113 39 11 4 1 
21714|Child_LevyABC2|6: 1287 282 85 40 12 5 1 
21715|Survivor|1|Mutated: 1287 282 85 40 11 5 1 
21716|Child_Cross12|49: 1044 283 79 38 13 4 1 
21721|Child_LevyABC2|12: 951 275 114 40 14 5 1 
21722|Child_Cross12|17: 1208 341 111 40 14 5 1 
21738|Child_Avg|7: 1413 378 114 37 14 4 1 
21779|Child_Levy|60: 1305 316 90 37 13 5 1 
21780|Child_Levy|36: 1297 315 89 35 12 5 1 
21781|Child_Levy|52: 1193 365 97 38 13 5 1 
21782|Child_Avg|15: 1238 353 89 37 14 4 1 
21784|Child_CrossABC1|1: 1462 356 109 35 12 5 1 
21787|Child_Levy|60: 1346 348 108 37 14 4 1 
21788|Child_CrossABC1|7: 1225 332 114 37 14 4 1 
21790|Child_Avg|23: 1076 321 96 36 13 4 1 
21791|Child_Levy|40: 1057 318 85 35 12 5 1 
21793|Child_Levy|4: 1195 316 87 36 13 4 1 
21795|Child_Avg|19: 1112 302 83 36 13 4 1 
21798|Child_LevyP2|4: 1147 309 95 39 14 6 1 
21799|Child_LevyP1|9: 1053 311 79 35 12 5 1 
21804|Child_LevyP1|9: 1139 292 94 36 13 6 1 
21805|Child_Cross12|45: 1073 275 77 35 12 5 1 
21806|Child_Avg|15: 933 284 86 35 11 4 1 
21815|Child_Cross21|42: 925 241 71 36 10 3 1 
21816|Child_Avg|51: 968 278 80 35 11 4 1 
21817|Child_Avg|39: 998 279 78 35 11 4 1 
21818|Child_Levy|56: 924 287 74 31 14 4 1 
21819|Child_Avg|19: 1234 336 85 36 11 5 1 
21822|Survivor|1|Mutated: 1234 336 95 36 11 5 1 
21823|Child_Avg|7: 1088 293 73 35 11 4 1 
21824|Child_Avg|19: 1219 285 88 35 11 5 1 
21826|Child_LevyP1|3: 972 284 75 33 10 6 1 
21827|Child_Cross12|41: 864 274 73 35 11 5 1 
21828|Child_Cross12|33: 1097 272 78 35 11 5 1 
21829|Child_CrossABC2|8: 918 279 78 35 11 5 1 
21833|Child_Avg|47: 940 267 75 35 11 5 1 
21837|Child_Cross12|49: 932 237 84 35 11 5 1 
21839|Child_Levy|36: 932 260 83 37 12 5 1 
21841|Child_CrossABC2|8: 931 258 84 35 13 5 1 
21844|Survivor|1|Mutated: 931 258 84 35 13 6 1 
21845|Child_Avg|35: 913 268 76 35 13 5 1 
21846|Child_Avg|39|Mutated: 1067 263 80 35 13 5 1 
21847|Child_Cross12|29: 936 261 77 35 13 5 1 
21861|Child_Avg|55|Mutated: 954 263 73 36 13 4 1 
21862|Child_CrossABC1|1: 964 261 77 35 13 5 1 
21869|Child_CrossABC1|7: 973 271 77 35 13 5 1 
21877|Child_Avg|31|Mutated: 1402 410 111 40 13 4 1 
21878|Survivor|1|Mutated: 1402 400 103 40 13 4 1 
21885|Child_Avg|15: 1292 352 101 40 13 4 1 
21886|Child_LevyP1|3: 1065 292 89 40 13 5 1 
21888|Child_Avg|51: 1156 320 94 37 14 4 1 
21889|Child_Levy|28: 947 266 79 37 11 4 1 
21891|Child_LevyP1|3: 1159 288 102 35 12 5 1 
21894|Child_LevyP2|4: 1122 288 99 37 14 6 1 
21896|Child_CrossABC1|7: 1272 290 76 35 12 5 1 
21897|Child_Avg|43|Mutated: 890 268 80 35 11 5 1 
21898|Child_CrossABC2|2: 1188 316 91 35 11 5 1 
21902|Child_Avg|27: 932 255 78 35 12 5 1 
21915|Child_Avg|35: 902 251 74 35 12 5 1 
21924|Child_Avg|11: 883 252 73 35 12 5 1 
21940|Child_Cross21|54: 902 249 73 35 12 5 1 
21966|Child_Avg|47|Mutated: 905 248 85 35 12 5 1 
21977|Child_Cross12|37|Mutated: 910 247 87 35 12 5 1 
21982|Child_CrossABC2|2: 911 248 99 35 12 5 1 
21986|Child_Avg|19: 908 248 86 35 12 5 1 
22011|Child_Avg|39|Mutated: 886 246 87 35 12 5 1 
22012|Child_CrossABC1|1: 918 249 85 35 12 5 1 
22025|Child_CrossABC2|8: 919 247 91 35 12 5 1 
22037|Child_Avg|47: 885 246 73 35 12 5 1 
22079|Child_CrossABC2|2: 915 246 96 35 12 5 1 
22083|Child_Cross21|30: 893 246 73 35 12 5 1 
22086|Child_Cross12|37: 791 246 73 35 12 5 1 
22091|Child_Cross12|29|Mutated: 891 246 85 35 12 5 1 
22095|Child_Cross21|30|Mutated: 869 246 87 35 12 5 1 
22112|Child_Cross21|50|Mutated: 910 246 75 35 12 5 1 
22133|Child_Avg|27|Mutated: 893 253 85 35 12 5 1 
22148|Survivor|1|Mutated: 918 246 77 35 12 5 1 
22150|Child_CrossABC1|7|Mutated: 908 246 87 35 12 5 1 
22151|Child_CrossABC1|1: 918 246 97 35 12 5 1 
22153|Child_Avg|59: 911 246 97 35 12 5 1 
22180|Child_CrossABC1|1: 910 246 84 35 12 5 1 
22183|Child_CrossABC1|1: 906 246 89 35 12 5 1 
22201|Child_Cross12|13: 954 271 89 35 11 5 1 
22204|Survivor|1|Mutated: 954 271 89 35 12 5 1 
22205|Child_CrossABC1|7: 915 282 90 35 12 5 1 
22206|Child_Cross12|33: 1155 248 86 35 12 5 1 
22207|Child_Cross21|10: 917 257 85 35 12 5 1 
22209|Child_CrossABC2|8: 950 264 85 35 12 5 1 
22211|Child_CrossABC2|2: 1073 249 85 35 12 5 1 
22217|Child_Cross12|25: 867 274 77 35 12 5 1 
22222|Child_Avg|7: 910 261 75 35 11 4 1 
22224|Child_Avg|59: 956 252 73 35 12 5 1 
22226|Child_Avg|19: 917 247 74 35 12 5 1 
22227|Child_CrossABC2|8: 878 252 73 35 12 5 1 
22228|Child_Cross21|30: 932 249 73 35 12 5 1 
22230|Child_CrossABC1|1: 944 247 73 35 12 5 1 
22233|Child_CrossABC1|1: 935 249 73 35 12 5 1 
22236|Child_Cross12|29: 928 247 73 36 13 4 1 
22242|Child_Cross12|41: 921 246 73 35 11 5 1 
22245|Child_Levy|36: 926 288 90 37 13 4 1 
22248|Child_Avg|55: 1539 319 130 41 14 5 1 
22249|Child_Cross21|14: 932 250 80 37 13 4 1 
22251|Child_Avg|39: 1145 309 97 35 13 5 1 
22252|Child_Avg|15: 1385 388 110 40 13 4 1 
22253|Child_Levy|24: 904 271 78 35 12 5 1 
22259|Child_CrossABC2|2: 901 293 85 35 12 5 1 
22281|Child_CrossABC2|8: 900 278 81 36 13 4 1 
22286|Child_CrossABC1|1: 936 280 87 36 13 4 1 
22291|Child_Avg|19: 910 268 83 36 13 4 1 
22293|Child_Cross12|13: 930 275 74 36 13 4 1 
22294|Child_Cross12|17: 870 262 73 36 13 4 1 
22295|Child_Avg|15: 919 271 73 35 13 5 1 
22298|Child_CrossABC2|8: 865 261 73 35 12 5 1 
22301|Child_Avg|23: 1210 367 94 36 13 4 1 
22302|Child_Levy|56: 930 262 74 33 14 4 1 
22303|Child_Levy|48: 1008 292 77 35 12 5 1 
22304|Child_Cross12|1: 886 262 73 36 13 4 1 
22318|Child_Cross21|22|Mutated: 962 266 79 30 13 5 1 
22319|Child_Avg|27: 911 260 73 36 13 4 1 
22326|Child_LevyABC2|6: 867 277 90 37 12 5 1 
22335|Child_Cross12|49: 895 257 75 35 12 5 1 
22339|Child_CrossABC1|7: 890 248 75 35 11 5 1 
22358|Child_Cross12|5: 946 264 69 37 13 4 1 
22360|Random|21: 1350 283 107 33 14 4 1 
22382|Child_Avg|35: 1233 287 98 32 13 4 1 
22383|Child_Cross21|10|Mutated: 1227 275 91 35 13 5 1 
22384|Child_Levy|48|Mutated: 1234 239 97 35 11 5 1 
22386|Child_Avg|19: 1135 265 81 32 13 4 1 
22400|Survivor|1|Mutated: 1135 266 81 32 13 4 1 
22404|Child_LevyABC2|12: 1068 270 79 35 12 5 1 
22407|Child_Cross12|25: 1068 270 79 37 13 4 1 
22408|Child_Cross21|34: 1083 287 78 35 12 5 1 
22422|Child_LevyP1|3: 1053 284 81 33 13 4 1 
22423|Child_Cross21|26: 1073 279 76 35 12 5 1 
22424|Child_Avg|51: 1092 248 75 35 11 5 1 
22427|Child_Cross21|18: 1085 294 75 35 11 5 1 
22428|Child_Avg|31: 1098 251 74 35 12 5 1 
22430|Child_Cross12|5: 1097 252 73 35 12 5 1 
22433|Child_CrossABC2|2: 1087 247 73 35 12 5 1 
22434|Child_Cross12|9: 1063 247 73 35 12 5 1 
22439|Child_Avg|31: 1082 258 73 35 12 5 1 
22440|Child_Cross21|26: 1088 246 73 35 12 5 1 
22443|Child_Cross12|45: 1028 261 73 35 12 5 1 
22445|Child_CrossABC2|2: 1080 258 73 35 12 5 1 
22446|Child_Cross12|37|Mutated: 1056 247 85 35 12 5 1 
22454|Survivor|1|Mutated: 1225 247 85 35 12 5 1 
22455|Child_CrossABC2|2: 876 271 85 35 12 5 1 
22459|Child_CrossABC2|2: 898 281 89 35 12 5 1 
22464|Child_Cross21|6: 1084 247 73 35 12 5 1 
22465|Child_Cross12|33: 1090 258 73 35 12 5 1 
22466|Child_Cross21|18: 1092 258 73 35 12 5 1 
22467|Child_Avg|31|Mutated: 1093 261 85 35 12 5 1 
22468|Child_Cross12|1|Mutated: 1048 258 85 35 12 5 1 
22472|Child_Cross12|45: 1048 258 73 35 12 5 1 
22473|Child_CrossABC2|8: 1085 258 73 35 12 5 1 
22474|Child_Avg|59: 1092 259 73 35 12 5 1 
22476|Child_Avg|15: 1089 258 73 35 12 5 1 
22478|Child_Avg|15: 1087 258 73 35 12 5 1 
22479|Child_Cross21|10: 1091 259 73 35 12 5 1 
22486|Child_Cross12|33: 1086 258 73 35 12 5 1 
22496|Child_Cross21|22: 1089 250 73 35 12 5 1 
22498|Child_Cross21|14: 1084 258 73 35 12 5 1 
22509|Child_CrossABC2|8: 1086 258 85 35 12 5 1 
22510|Survivor|1|Mutated: 1010 258 85 35 12 5 1 
22519|Child_Avg|39: 1081 326 91 35 11 5 1 
22531|Survivor|1|Mutated: 1081 326 91 35 11 4 1 
22550|Survivor|1|Mutated: 1120 258 87 35 12 5 1 
22551|Child_CrossABC1|7: 1121 258 98 35 12 5 1 
22552|Child_CrossABC2|8: 1147 258 97 35 12 5 1 
22563|Child_CrossABC2|2: 1107 258 85 35 12 5 1 
22568|Child_Avg|23: 1096 258 79 35 12 5 1 
22569|Child_CrossABC2|8: 1092 258 77 35 12 5 1 
22572|Child_Avg|51: 1121 258 73 35 12 5 1 
22575|Child_Cross21|58: 977 258 73 35 12 5 1 
22580|Child_Cross12|9: 1136 272 73 35 12 5 1 
22601|Child_Avg|43: 1086 264 73 35 12 5 1 
22609|Child_CrossABC2|2: 1086 258 91 35 12 5 1 
22632|Child_Avg|59: 901 267 74 36 11 5 1 
22633|Child_Avg|19: 767 233 78 32 11 4 1 
22634|Child_Cross12|9: 940 295 77 37 12 5 1 
22638|Child_Levy|48: 884 269 72 41 13 4 1 
22639|Child_Avg|3: 775 218 85 41 13 4 1 
22642|Child_Avg|55: 1263 334 93 43 13 4 1 
22644|Child_LevyABC2|6: 1115 319 95 45 14 6 1 
22650|Child_Avg|7: 1204 324 101 41 14 6 1 
22654|Child_LevyP1|3: 1120 315 93 40 12 5 1 
22659|Child_Levy|32: 1111 307 91 40 14 5 1 
22661|Child_Avg|15: 1088 298 89 41 13 4 1 
22684|Child_Levy|40: 1392 334 133 47 12 5 1 
22689|Child_Cross21|30: 1140 310 123 40 14 5 1 
22698|Child_CrossABC1|1: 1105 319 126 40 14 5 1 
22699|Child_Cross12|9: 1095 305 99 40 14 5 1 
22701|Child_Avg|39: 1093 294 102 40 13 5 1 
22709|Child_LevyP1|3: 1087 290 101 39 14 4 1 
22713|Child_Cross21|46: 1136 295 93 39 14 4 1 
22720|Child_CrossABC1|1: 1134 295 99 39 14 4 1 
22721|Child_CrossABC2|8: 1135 295 97 39 14 4 1 
22722|Child_Avg|51: 992 307 95 40 14 5 1 
22723|Child_Avg|23: 1188 315 92 41 14 4 1 
22724|Child_Cross12|29: 1113 297 89 40 14 5 1 
22725|Child_Levy|20: 1182 316 98 43 15 4 1 
22726|Child_Avg|35: 1184 300 92 41 13 4 1 
22727|Child_Avg|23: 1117 297 85 40 13 5 1 
22728|Child_Avg|3: 1119 298 88 40 13 5 1 
22729|Child_CrossABC2|8: 1127 306 88 40 13 5 1 
22730|Child_LevyABC2|12: 1132 313 87 41 14 6 1 
22732|Child_CrossABC2|2: 1161 319 88 40 13 5 1 
22735|Child_CrossABC2|8: 1126 314 89 40 13 5 1 
22738|Child_LevyABC1|11: 1111 318 87 41 14 6 1 
22743|Child_CrossABC2|2: 1182 318 87 41 14 6 1 
22745|Child_CrossABC1|7: 1137 318 87 41 14 6 1 
22748|Child_Avg|55: 1142 308 83 40 14 5 1 
22750|Child_Levy|56: 1147 304 85 41 14 6 1 
22751|Child_CrossABC2|8: 1114 303 83 40 12 5 1 
22752|Child_Avg|47: 1286 354 90 41 13 4 1 
22755|Child_CrossABC1|7: 1140 281 84 40 13 5 1 
22760|Survivor|1|Mutated: 1140 281 84 40 13 4 1 
22763|Child_Avg|15: 1142 278 83 40 13 5 1 
22764|Child_Cross21|14: 1140 308 83 40 13 5 1 
22767|Child_Cross12|1: 1133 297 83 40 12 5 1 
22768|Child_LevyABC2|6: 1145 351 101 41 14 4 1 
22771|Child_LevyP2|4: 1096 341 102 40 13 5 1 
22780|Child_LevyABC2|12: 1072 306 91 41 14 6 1 
22782|Child_Avg|11: 1097 340 102 40 13 5 1 
22784|Child_Cross21|42: 1106 353 103 41 13 4 1 
22785|Child_Cross12|33: 1074 315 88 40 13 5 1 
22789|Child_Cross21|34: 1064 317 89 40 13 5 1 
22790|Child_Avg|19: 1034 301 93 40 12 5 1 
22792|Child_Cross12|41: 1046 325 84 40 13 5 1 
22802|Child_Cross12|29: 1067 311 83 40 14 5 1 
22804|Child_CrossABC1|1: 1063 311 83 40 14 5 1 
22805|Child_Cross21|2: 1061 310 83 40 13 5 1 
22810|Child_Cross12|25|Mutated: 1061 310 83 40 14 5 1 
22815|Child_Cross12|5: 1066 310 83 40 14 5 1 
22816|Child_Cross21|46: 1064 310 83 40 14 5 1 
22817|Child_Cross21|54: 1041 322 83 40 13 5 1 
22819|Child_CrossABC1|1: 1067 311 83 40 13 5 1 
22827|Child_Avg|43: 1066 297 83 40 13 5 1 
22829|Child_Avg|43: 1064 308 83 40 13 5 1 
22830|Child_Cross12|49|Mutated: 1097 310 98 40 13 5 1 
22834|Child_Cross21|50: 1070 308 83 40 14 5 1 
22837|Child_Cross21|22: 1076 307 83 40 13 5 1 
22838|Child_Cross12|33: 1070 308 83 40 13 5 1 
22840|Child_Cross21|10: 1040 308 83 40 13 5 1 
22841|Child_Cross12|29|Mutated: 1104 307 97 40 14 5 1 
22849|Child_CrossABC1|1: 1099 301 97 40 14 5 1 
22850|Survivor|1|Mutated: 938 358 97 40 14 5 1 
22859|Child_Cross21|42: 896 302 83 36 13 4 1 
22866|Child_LevyP1|9: 1168 311 107 50 14 5 1 
22867|Child_Cross12|9: 935 290 81 41 13 4 1 
22869|Child_Levy|20: 998 305 88 40 14 5 1 
22870|Child_Levy|24: 969 303 84 40 13 5 1 
22873|Child_CrossABC1|7: 969 306 88 40 13 5 1 
22876|Child_CrossABC2|2: 1050 299 90 40 13 5 1 
22877|Child_Cross21|34: 984 286 87 41 14 4 1 
22879|Child_Avg|59: 1013 272 87 41 14 4 1 
22880|Child_CrossABC1|7: 1034 261 94 41 13 4 1 
22881|Child_LevyP2|4: 902 281 102 47 12 5 1 
22882|Child_Avg|3: 926 293 97 42 12 5 1 
22884|Child_Avg|23: 1318 337 105 43 14 4 1 
22885|Child_LevyABC2|6: 1449 358 107 39 16 6 1 
22892|Child_Avg|19: 1047 287 90 37 13 4 1 
22895|Child_Avg|39: 1048 339 103 40 13 5 1 
22897|Survivor|1|Mutated: 893 339 103 40 13 5 1 
22899|Child_CrossABC1|1: 1174 319 103 40 13 5 1 
22900|Child_Avg|3: 1088 313 90 40 13 5 1 
22916|Child_LevyABC1|5: 1063 313 96 42 13 6 1 
22919|Child_CrossABC1|7: 1061 314 89 41 13 4 1 
22920|Child_LevyABC2|6: 1048 296 90 39 16 5 1 
22925|Child_Avg|23: 1391 376 136 45 16 5 1 
22926|Survivor|1|Mutated: 1391 422 136 45 16 5 1 
22927|Child_Avg|55: 1358 367 94 45 14 5 1 
22928|Child_LevyABC1|11: 1445 478 168 46 17 7 1 
22929|Child_Avg|31: 1230 387 130 43 16 6 1 
22931|Child_Levy|44: 1157 345 113 37 16 6 1 
22934|Child_Avg|27: 1223 348 103 40 15 4 1 
22937|Child_CrossABC1|1: 996 297 89 40 12 5 1 
22940|Child_Avg|51: 1105 265 89 40 13 5 1 
22941|Child_Avg|27: 976 284 85 40 13 5 1 
22943|Child_Avg|11: 964 282 89 40 13 5 1 
22959|Child_CrossABC1|7: 984 284 87 40 13 5 1 
22960|Child_Cross21|34: 976 281 83 40 13 5 1 
22963|Child_LevyABC1|5: 933 284 87 39 14 4 1 
22964|Child_Cross12|57|Mutated: 969 314 88 32 13 4 1 
22969|Child_Avg|55: 928 285 80 37 13 4 1 
22979|Child_Cross12|13: 898 269 76 36 13 4 1 
22984|Child_Avg|43: 915 265 73 35 12 5 1 
22988|Child_Avg|23: 923 262 74 35 12 5 1 
22996|Child_CrossABC2|8: 952 307 86 35 13 6 1 
23002|Child_Levy|24: 939 275 72 37 14 6 1 
23003|Child_Cross12|25: 863 277 80 45 13 4 1 
23004|Child_Levy|20|Mutated: 887 259 76 36 13 4 1 
23008|Child_Avg|7: 1004 283 102 41 13 4 1 
23009|Survivor|1|Mutated: 1086 283 102 41 13 4 1 
23010|Child_Cross21|14: 957 280 89 40 12 5 1 
23012|Child_Avg|19: 894 274 90 37 13 4 1 
23014|Child_CrossABC1|1: 944 286 87 40 12 5 1 
23015|Child_Avg|35|Mutated: 903 268 86 36 13 4 1 
23018|Child_Levy|52: 886 279 78 40 12 5 1 
23019|Child_Avg|15: 929 260 81 40 12 5 1 
23025|Child_CrossABC1|1: 921 262 89 40 12 5 1 
23027|Child_Cross12|49: 873 271 79 40 12 5 1 
23031|Child_Levy|4: 891 276 80 37 13 4 1 
23033|Child_Cross12|33: 888 266 80 41 11 5 1 
23034|Child_LevyABC1|11: 984 273 115 40 14 5 1 
23040|Child_Avg|35: 991 267 115 35 13 5 1 
23050|Child_CrossABC2|2: 1036 301 103 35 13 5 1 
23053|Child_CrossABC2|8: 1037 298 102 35 13 5 1 
23073|Child_Levy|12: 1006 276 86 35 13 5 1 
23074|Child_CrossABC2|8: 1068 310 93 35 13 5 1 
23077|Child_CrossABC1|1: 1112 292 93 35 13 5 1 
23078|Child_CrossABC1|7: 917 295 98 35 13 5 1 
23080|Child_CrossABC2|2: 912 296 107 35 13 5 1 
23082|Child_Cross12|45: 1057 289 98 35 13 5 1 
23085|Child_CrossABC2|2|Mutated: 992 293 102 35 13 5 1 
23086|Child_Cross21|6: 974 288 81 35 13 5 1 
23087|Child_Avg|55: 1045 278 77 35 13 5 1 
23088|Child_Cross12|45: 973 279 80 35 13 5 1 
23090|Child_Avg|31: 1018 277 79 32 13 4 1 
23092|Child_Cross21|46|Mutated: 1051 282 88 32 13 4 1 
23102|Child_Avg|27: 1161 308 86 33 14 4 1 
23105|Child_LevyP2|4: 1109 340 108 37 14 4 1 
23109|Child_Avg|31|Mutated: 1061 321 97 36 13 4 1 
23111|Child_Avg|35: 1166 342 97 36 13 4 1 
23115|Child_LevyP2|4: 1117 310 97 37 13 4 1 
23119|Child_Levy|20: 1111 326 90 35 12 5 1 
23124|Survivor|1|Mutated: 1111 326 85 35 12 5 1 
23126|Child_Cross21|38: 1155 294 83 40 13 4 1 
23127|Child_Cross21|26: 1137 303 86 37 14 4 1 
23134|Child_LevyABC2|6: 1147 291 82 35 13 5 1 
23137|Child_Cross21|6: 1103 303 81 36 11 5 1 
23138|Child_Cross21|18: 1130 315 79 37 13 4 1 
23139|Child_Cross21|22: 1103 303 81 36 13 4 1 
23140|Child_CrossABC1|1: 1095 312 80 37 13 4 1 
23141|Child_CrossABC1|1: 1071 308 79 32 13 4 1 
23146|Child_Avg|27: 969 292 79 32 13 4 1 
23150|Child_Levy|56: 1177 314 85 35 12 5 1 
23151|Child_LevyABC1|5: 1027 281 85 35 12 5 1 
23157|Child_CrossABC2|8: 1058 283 85 35 12 5 1 
23167|Child_Avg|31: 1018 286 79 35 12 5 1 
23168|Child_Cross21|50: 1050 281 75 35 12 5 1 
23169|Child_CrossABC2|2: 1028 291 78 35 12 5 1 
23171|Child_CrossABC1|1: 1031 278 76 35 12 5 1 
23175|Child_Avg|31: 1028 282 74 35 12 5 1 
23176|Child_CrossABC2|2: 1029 276 77 35 12 5 1 
23179|Child_Avg|31|Mutated: 1010 279 73 35 12 5 1 
23180|Child_Avg|27: 1031 288 73 35 12 5 1 
23181|Child_Cross21|22: 1028 274 73 35 12 5 1 
23182|Child_Cross21|14|Mutated: 1028 278 86 35 12 5 1 
23183|Child_CrossABC2|2: 1038 275 86 35 12 5 1 
23190|Child_CrossABC2|8: 1045 276 85 35 12 5 1 
23191|Child_CrossABC1|7: 1039 278 97 35 12 5 1 
23193|Child_CrossABC2|2: 1038 279 86 35 12 5 1 
23211|Child_Cross21|14: 1022 272 73 35 12 5 1 
23212|Child_Cross21|38: 1030 274 73 35 12 5 1 
23213|Child_Cross21|42: 1023 288 73 35 12 5 1 
23215|Child_Avg|27: 1030 271 73 35 12 5 1 
23217|Child_Cross12|25: 1121 246 73 35 12 5 1 
23218|Child_Cross21|38: 1065 285 73 35 12 5 1 
23219|Child_Cross12|9|Mutated: 1007 272 73 35 12 5 1 
23221|Child_Cross12|45|Mutated: 967 246 73 35 12 5 1 
23222|Child_Avg|3: 920 274 73 35 12 5 1 
23225|Child_Cross21|30: 1116 284 73 35 12 5 1 
23229|Child_Cross21|26: 1070 290 73 35 12 5 1 
23230|Child_Cross21|6: 929 271 73 35 12 5 1 
23232|Child_Cross21|38: 1075 284 73 35 12 5 1 
23235|Child_Cross12|25: 905 274 73 35 12 5 1 
23236|Child_Cross12|21: 1072 284 73 35 12 5 1 
23238|Child_Avg|55|Mutated: 933 278 78 35 11 5 1 
23243|Child_Cross21|26: 926 272 73 35 12 5 1 
23247|Child_Cross12|5: 923 272 73 35 12 5 1 
23250|Child_Cross12|25: 923 271 73 35 12 5 1 
23253|Child_Cross21|50: 916 252 73 35 12 5 1 
23256|Child_Avg|59: 916 272 73 35 12 5 1 
23281|Child_Avg|55: 909 267 74 35 12 5 1 
23288|Child_Avg|15: 905 271 73 35 12 5 1 
23290|Child_Avg|23: 909 248 86 35 12 5 1 
23295|Child_CrossABC2|2: 908 256 90 35 12 5 1 
23298|Child_Avg|31: 914 263 89 35 12 5 1 
23300|Child_CrossABC1|7: 945 264 95 35 13 5 1 
23301|Child_CrossABC2|8: 931 264 99 35 13 5 1 
23303|Child_CrossABC2|8: 938 262 98 35 12 5 1 
23304|Child_CrossABC1|7: 961 264 103 36 13 4 1 
23312|Survivor|1|Mutated: 961 287 103 36 13 4 1 
23314|Child_Cross12|9: 1117 306 85 35 12 5 1 
23318|Child_CrossABC2|8: 1058 303 94 35 13 5 1 
23320|Child_CrossABC1|1: 1085 303 98 35 13 5 1 
23322|Child_Avg|31: 1064 278 99 36 13 4 1 
23326|Child_Avg|27: 1026 297 88 35 12 5 1 
23329|Child_Levy|40: 1033 284 96 35 12 5 1 
23330|Child_CrossABC2|2: 1025 342 89 35 13 5 1 
23332|Child_Avg|19: 995 296 85 35 12 5 1 
23334|Child_Avg|15: 973 274 84 35 11 5 1 
23335|Child_Avg|11: 951 279 83 37 12 5 1 
23337|Child_CrossABC2|8: 968 306 84 35 13 5 1 
23338|Child_Avg|35: 948 283 82 35 13 5 1 
23343|Child_CrossABC1|7: 959 288 82 35 13 5 1 
23344|Child_Cross12|49: 962 284 82 35 13 5 1 
23378|Child_Avg|51: 1448 406 118 43 14 4 1 
23379|Child_Avg|35: 1057 311 99 45 13 4 1 
23397|Child_CrossABC2|2: 1060 303 111 45 13 4 1 
23401|Child_Cross12|17: 1115 300 99 45 13 4 1 
23402|Child_Cross21|2: 1101 302 94 45 13 4 1 
23403|Child_Levy|52: 1089 309 91 43 14 4 1 
23409|Child_CrossABC2|8: 1120 296 89 41 13 4 1 
23421|Child_CrossABC2|8: 1119 297 88 41 13 4 1 
23422|Child_Avg|47: 1119 295 85 41 13 4 1 
23423|Child_CrossABC1|1: 1131 294 86 40 13 5 1 
23427|Child_CrossABC1|1: 1131 300 89 41 13 4 1 
23437|Child_Cross21|50|Mutated: 1115 292 89 40 12 5 1 
23440|Child_LevyABC2|6: 1110 286 93 39 14 4 1 
23444|Child_Levy|28: 1149 291 90 40 13 5 1 
23447|Child_Cross21|46|Mutated: 1107 291 90 40 13 5 1 
23469|Child_CrossABC2|2: 1084 292 91 40 13 5 1 
23470|Child_CrossABC1|7: 1088 297 96 40 13 5 1 
23473|Child_CrossABC2|2: 1094 291 88 41 13 4 1 
23474|Child_Avg|23: 1074 293 87 41 13 4 1 
23475|Child_Cross21|26: 1070 295 87 40 12 5 1 
23497|Child_Cross21|58: 1106 296 83 40 14 5 1 
23500|Child_LevyABC2|6: 990 320 89 41 13 4 1 
23501|Child_Avg|27: 1076 296 85 40 12 5 1 
23509|Child_Avg|27: 1187 321 89 42 11 4 1 
23512|Child_Cross12|37: 955 252 78 37 12 5 1 
23513|Child_LevyP2|10: 1003 271 79 35 12 5 1 
23514|Child_LevyABC2|12: 1095 337 81 36 13 4 1 
23515|Child_Cross12|41|Mutated: 782 227 78 40 12 5 1 
23516|Child_Avg|11: 1033 264 82 39 11 4 1 
23517|Survivor|1|Mutated: 932 264 82 39 11 4 1 
23520|Child_Levy|40|Mutated: 1079 279 90 39 14 6 1 
23527|Survivor|1|Mutated: 932 279 90 39 14 6 1 
23537|Child_Levy|8: 1121 277 83 40 13 4 1 
23538|Child_Levy|48: 1079 279 77 36 15 4 1 
23539|Child_Levy|8: 1232 305 84 35 12 5 1 
23540|Child_Cross12|9: 1062 267 79 35 12 5 1 
23542|Child_CrossABC1|1: 1091 287 78 35 12 5 1 
23544|Child_CrossABC2|2|Mutated: 1092 290 84 35 12 5 1 
23545|Child_Cross21|26: 1091 269 75 35 12 5 1 
23546|Child_CrossABC1|7: 1091 286 82 35 11 5 1 
23547|Child_Avg|55: 1070 272 78 35 11 5 1 
23548|Child_Avg|19: 1090 287 78 35 12 5 1 
23549|Child_Avg|59|Mutated: 1158 284 84 35 11 5 1 
23553|Child_CrossABC1|7: 1143 286 86 35 11 5 1 
23555|Child_CrossABC2|8: 952 279 86 35 11 5 1 
23566|Child_Cross12|29|Mutated: 952 279 86 35 13 5 1 
23567|Child_CrossABC2|2: 952 279 86 35 12 5 1 
23572|Child_Avg|43: 954 273 86 35 11 5 1 
23579|Child_CrossABC1|7: 954 273 86 35 12 5 1 
23582|Child_Cross21|6: 1021 284 91 43 14 4 1 
23587|Child_LevyP2|4: 937 279 90 39 14 4 1 
23596|Child_Avg|15: 960 239 82 37 13 4 1 
23597|Child_Cross12|37: 939 269 82 37 12 5 1 
23600|Child_Cross21|42: 922 282 82 37 12 5 1 
23606|Child_Avg|7: 935 262 81 36 11 5 1 
23609|Child_Cross21|10: 944 248 78 37 12 5 1 
23613|Child_Levy|40: 930 262 78 35 11 5 1 
23617|Child_Cross12|45: 933 254 75 35 11 5 1 
23621|Child_Cross21|18: 939 265 73 35 11 5 1 
23623|Child_Cross12|45: 927 253 73 35 11 5 1 
23625|Child_Levy|52|Mutated: 947 277 82 42 12 5 1 
23627|Child_CrossABC2|2: 936 254 82 35 11 5 1 
23628|Child_Cross12|33: 944 261 73 35 11 5 1 
23629|Child_LevyABC1|5: 942 265 82 35 13 6 1 
23634|Child_CrossABC1|7: 935 261 73 35 12 5 1 
23636|Child_CrossABC2|2: 936 264 73 35 12 5 1 
23638|Child_Avg|47: 943 264 73 35 12 5 1 
23641|Child_Cross21|10|Mutated: 958 264 85 35 12 5 1 
23642|Child_CrossABC2|8|Mutated: 935 266 89 35 12 5 1 
23647|Child_CrossABC2|8: 937 267 98 35 12 5 1 
23650|Child_Avg|51: 904 263 104 35 13 5 1 
23655|Child_Avg|11: 877 273 100 35 12 5 1 
23663|Child_LevyABC1|11: 922 271 79 35 12 5 1 
23665|Child_CrossABC2|2: 925 270 79 35 12 5 1 
23668|Child_Cross12|49: 914 264 77 35 13 5 1 
23669|Child_CrossABC2|8: 912 274 78 35 12 5 1 
23671|Child_CrossABC1|1: 930 268 78 35 12 5 1 
23672|Child_CrossABC2|8: 913 267 79 35 12 5 1 
23680|Child_Avg|55|Mutated: 949 269 98 36 14 5 1 
23682|Child_Avg|19: 908 258 75 35 12 5 1 
23683|Child_Cross12|29: 910 269 75 35 12 5 1 
23684|Child_Avg|35: 940 268 89 35 13 5 1 
23688|Child_CrossABC2|8: 924 253 86 35 13 5 1 
23690|Child_Avg|39: 928 256 86 35 12 5 1 
23694|Child_Cross12|9: 1023 257 86 35 13 5 1 
23695|Child_Cross21|58: 951 251 84 35 11 5 1 
23696|Child_Avg|7: 952 254 82 35 13 5 1 
23703|Child_Avg|11: 1199 367 107 33 14 4 1 
23717|Child_Levy|36: 1043 303 89 35 13 5 1 
23721|Survivor|1|Mutated: 1241 303 89 35 13 5 1 
23723|Child_LevyABC1|11: 1108 299 113 39 14 6 1 
23730|Child_Cross21|50: 1123 303 110 39 14 6 1 
23739|Child_Levy|40: 1089 288 86 35 13 5 1 
23760|Child_CrossABC2|8: 1119 289 86 35 13 5 1 
23761|Child_Cross21|2: 1080 283 80 35 13 5 1 
23762|Child_CrossABC2|2: 1070 281 84 35 13 5 1 
23764|Child_CrossABC2|2: 1080 282 85 35 13 5 1 
23775|Child_Cross12|45: 1114 289 76 35 13 5 1 
23814|Child_Cross21|58|Mutated: 1078 284 86 35 12 5 1 
23826|Child_Cross21|10|Mutated: 1086 284 86 35 12 5 1 
23828|Child_CrossABC1|1: 1084 284 98 35 12 5 1 
23829|Child_CrossABC1|1: 1086 284 102 35 12 5 1 
23831|Child_Avg|19|Mutated: 891 284 85 35 12 5 1 
23842|Child_Cross21|26: 1189 284 73 35 12 5 1 
23853|Child_Cross12|9: 1024 284 73 35 12 5 1 
23862|Child_Cross21|58|Mutated: 940 284 86 35 12 5 1 
23880|Child_Levy|28: 969 265 82 35 13 6 1 
23882|Child_Avg|35: 947 275 78 35 11 5 1 
23892|Child_Cross12|57: 937 277 73 35 11 5 1 
23893|Random|15: 1478 413 130 47 14 4 1 
23903|Child_Cross12|17: 922 270 74 35 12 5 1 
23904|Child_Cross12|57: 879 261 73 35 11 5 1 
23905|Child_Cross21|38: 879 261 73 35 12 5 1 
23911|Child_Cross12|25: 890 262 73 35 12 5 1 
23913|Child_Cross21|50: 874 246 73 35 12 5 1 
23927|Child_Cross12|57: 870 258 73 35 12 5 1 
23946|Child_CrossABC1|1: 905 258 98 35 12 5 1 
23948|Child_CrossABC2|8: 904 258 110 35 12 5 1 
23953|Child_Avg|47: 904 258 91 35 11 5 1 
23954|Child_CrossABC1|7: 904 258 98 35 12 5 1 
23959|Child_Levy|40: 926 267 93 36 13 4 1 
23963|Child_LevyP2|4: 930 278 90 35 12 5 1 
23987|Child_CrossABC1|7: 901 258 99 35 12 5 1 
24005|Child_Cross12|37|Mutated: 901 258 85 35 13 5 1 
24020|Child_Cross12|21|Mutated: 933 258 85 35 13 5 1 
24026|Child_Avg|27: 917 258 79 35 12 5 1 
24057|Child_Avg|11|Mutated: 901 258 87 35 12 5 1 
24076|Child_CrossABC1|1: 966 262 73 35 12 5 1 
24080|Child_Avg|27: 927 268 105 31 14 4 1 
24083|Child_Cross21|58: 903 266 95 37 13 4 1 
24095|Child_Levy|40: 1093 310 101 45 13 5 1 
24096|Child_Levy|8: 1389 371 107 47 14 6 1 
24100|Child_Avg|7: 1196 319 97 49 13 6 1 
24101|Child_Levy|20: 1176 321 102 41 13 4 1 
24103|Child_Levy|44: 1065 292 95 45 14 4 1 
24104|Child_Cross21|34: 1051 305 90 41 13 4 1 
24105|Child_Levy|48: 1065 335 106 48 13 5 1 
24130|Child_Cross21|18: 1032 304 95 42 13 6 1 
24131|Child_Avg|59: 1330 353 100 37 14 4 1 
24133|Child_Levy|32|Mutated: 1073 304 101 45 13 5 1 
24135|Child_Cross12|25|Mutated: 1075 296 89 45 14 6 1 
24136|Child_CrossABC1|1: 1107 297 88 43 13 5 1 
24138|Child_Cross21|50: 1064 305 89 45 14 6 1 
24140|Child_Avg|3: 1179 319 88 45 13 5 1 
24141|Child_Levy|16: 1076 310 87 43 13 5 1 
24144|Child_Cross21|30|Mutated: 1076 279 100 47 12 5 1 
24146|Child_Avg|55: 1081 323 90 40 12 5 1 
24147|Child_Avg|35: 1025 316 92 45 13 4 1 
24152|Child_CrossABC2|2: 1029 307 100 41 13 4 1 
24157|Child_CrossABC1|1: 1033 309 115 41 13 4 1 
24173|Survivor|1|Mutated: 1029 307 100 41 14 4 1 
24183|Child_LevyP2|4: 986 305 115 41 13 4 1 
24196|Child_Avg|39: 947 292 94 41 13 4 1 
24197|Child_Avg|35: 1007 293 100 41 13 4 1 
24199|Child_CrossABC1|1: 941 283 89 41 13 4 1 
24202|Child_CrossABC2|2: 937 283 89 41 13 4 1 
24218|Child_LevyP2|4: 931 281 100 42 12 5 1 
24219|Child_Cross21|54: 949 291 77 41 14 4 1 
24220|Child_CrossABC2|8: 977 285 91 41 14 4 1 
24222|Child_LevyABC1|5: 984 283 88 40 14 5 1 
24228|Child_Levy|8: 1291 355 119 45 14 4 1 
24229|Child_LevyABC1|5: 1281 351 119 45 14 6 1 
24230|Child_CrossABC1|7: 1279 348 119 45 14 5 1 
24234|Child_CrossABC1|7: 1270 339 114 47 14 6 1 
24236|Child_Avg|47: 1137 326 111 40 13 5 1 
24239|Child_LevyABC2|6: 1132 308 98 47 12 5 1 
24240|Child_Avg|43: 1085 307 95 45 13 5 1 
24241|Child_Cross12|29: 1103 305 92 45 13 4 1 
24242|Child_CrossABC1|1: 1085 308 101 45 13 4 1 
24251|Child_Levy|16: 1071 301 94 45 12 5 1 
24252|Child_Avg|55: 1076 297 90 43 14 4 1 
24255|Child_Levy|16: 1086 292 92 45 13 5 1 
24256|Child_Avg|35: 1077 293 88 45 13 4 1 
24259|Child_Cross21|10: 1077 293 88 43 13 4 1 
24260|Child_CrossABC2|8: 1092 272 85 45 13 4 1 
24262|Child_Cross12|37: 1085 293 86 45 13 4 1 
24263|Child_Avg|19: 1101 283 85 45 13 4 1 
24266|Child_LevyP2|4: 1042 299 90 41 13 4 1 
24271|Child_Avg|55: 1138 293 85 45 13 5 1 
24272|Child_CrossABC1|7: 1115 301 91 44 12 5 1 
24273|Child_Cross21|14|Mutated: 1103 276 88 45 13 5 1 
24278|Child_CrossABC1|7: 975 271 101 41 14 6 1 
24288|Survivor|1|Mutated: 975 271 105 41 14 6 1 
24294|Child_Avg|35: 1116 273 82 40 12 5 1 
24295|Child_CrossABC2|8: 1092 276 85 40 13 5 1 
24296|Child_Levy|20: 1115 273 100 42 12 5 1 
24300|Child_Cross21|54: 1123 277 84 41 11 5 1 
24303|Child_Levy|24: 1119 274 85 40 13 5 1 
24305|Child_LevyP1|3: 1091 290 86 42 13 6 1 
24307|Child_Levy|60: 1296 359 115 40 13 5 1 
24310|Survivor|1|Mutated: 1296 359 138 40 14 5 1 
24312|Child_CrossABC2|2: 1300 354 139 41 13 4 1 
24313|Child_CrossABC1|7: 1340 387 130 40 13 5 1 
24315|Child_LevyP2|4|Mutated: 1534 343 133 39 14 6 1 
24322|Child_Levy|48: 1323 307 109 37 14 6 1 
24329|Child_Avg|7: 1149 289 91 37 14 4 1 
24342|Child_CrossABC2|2: 1125 294 91 37 14 4 1 
24348|Survivor|1|Mutated: 1009 294 91 37 14 4 1 
24349|Child_Avg|43: 1066 289 86 36 13 4 1 
24350|Child_Cross12|25: 1140 278 82 37 14 4 1 
24351|Child_CrossABC1|1: 1101 292 91 37 14 4 1 
24356|Child_Cross21|46: 1100 289 84 40 13 4 1 
24357|Child_CrossABC2|2: 1101 292 91 39 14 4 1 
24358|Child_Cross12|25: 1111 263 82 37 13 4 1 
24360|Child_Levy|8: 1117 325 80 39 11 4 1 
24361|Child_LevyP2|10: 1203 287 89 38 11 4 1 
24364|Child_Cross12|53: 1163 267 79 37 13 4 1 
24366|Child_Levy|40: 1557 399 105 40 12 5 1 
24371|Child_LevyABC1|5: 1510 282 111 43 14 6 1 
24372|Child_Cross12|9: 1351 293 87 36 13 4 1 
24373|Child_CrossABC1|7: 1283 293 87 36 13 4 1 
24374|Child_CrossABC2|8: 1328 293 87 36 13 4 1 
24378|Child_Cross21|18: 1145 290 83 36 13 4 1 
24379|Child_Avg|19: 1323 361 107 45 13 4 1 
24381|Child_Cross12|21: 1171 299 87 35 12 5 1 
24384|Child_Cross21|2: 1067 316 90 40 13 5 1 
24398|Child_CrossABC2|2: 1072 316 85 40 13 5 1 
24403|Child_Cross21|14: 1079 306 84 40 13 5 1 
24407|Child_Cross12|49: 1165 324 85 40 13 5 1 
24450|Child_Avg|7: 1281 323 129 40 13 5 1 
24470|Child_CrossABC1|1: 1086 303 91 40 14 5 1 
24474|Child_Levy|16: 941 265 89 40 13 5 1 
24479|Child_Cross12|1: 982 273 84 40 13 5 1 
24483|Child_Cross21|18: 969 282 84 35 11 4 1 
24484|Child_Cross21|54: 984 282 83 40 12 5 1 
24486|Child_Avg|7: 1130 277 84 35 11 4 1 
24487|Child_CrossABC1|7: 986 279 89 40 13 5 1 
24494|Child_Avg|27: 1083 277 89 40 13 5 1 
24496|Child_Cross12|49: 1338 382 105 39 14 6 1 
24501|Child_Cross21|18: 1338 382 105 39 16 5 1 
24503|Survivor|1|Mutated: 1338 385 120 39 16 5 1 
24511|Child_Levy|56: 1093 352 101 39 14 6 1 
24516|Child_Avg|15: 1122 321 95 35 13 5 1 
24521|Child_CrossABC2|8: 1142 323 96 37 14 4 1 
24522|Child_Avg|55: 1122 324 95 35 13 5 1 
24523|Child_CrossABC1|1: 1122 322 95 35 13 5 1 
24524|Child_Avg|3: 1106 327 95 35 13 5 1 
24529|Child_Levy|52|Mutated: 1104 321 95 37 14 6 1 
24535|Child_Avg|31: 1112 310 86 35 13 5 1 
24537|Child_Avg|7: 1099 326 90 35 13 5 1 
24541|Child_Avg|35: 1115 310 86 36 13 4 1 
24542|Child_Avg|15: 1104 323 89 35 13 5 1 
24543|Child_Cross21|26: 1115 318 82 35 13 5 1 
24544|Child_Levy|20|Mutated: 1107 324 85 37 14 4 1 
24557|Child_CrossABC1|1: 1093 323 83 36 15 4 1 
24558|Child_Levy|8: 1299 352 142 47 15 4 1 
24559|Child_Levy|4: 1114 314 108 45 16 5 1 
24560|Survivor|1|Mutated: 1114 340 108 45 13 5 1 
24561|Child_Levy|48: 1160 325 101 46 16 5 1 
24562|Child_Avg|35: 1039 298 85 41 14 4 1 
24563|Child_LevyP1|9: 1074 316 99 39 14 4 1 
24566|Child_Levy|52: 1066 302 88 45 14 4 1 
24567|Child_Levy|48: 1035 318 89 40 13 4 1 
24568|Child_Avg|55: 1183 315 85 41 13 4 1 
24569|Child_LevyABC2|12: 1313 390 97 39 16 5 1 
24573|Child_CrossABC2|8: 1027 279 86 41 14 6 1 
24577|Child_Cross12|29: 1031 274 86 40 13 4 1 
24579|Child_Levy|32: 1065 284 83 40 14 5 1 
24582|Child_CrossABC1|7: 1067 284 83 40 13 5 1 
24583|Child_Avg|55: 1110 282 83 40 13 5 1 
24584|Child_Cross21|10: 1035 296 83 40 14 5 1 
24587|Child_Cross21|54: 1065 284 83 40 13 5 1 
24589|Child_CrossABC1|7: 1068 284 83 40 13 5 1 
24592|Child_Cross21|34: 1068 284 83 40 14 5 1 
24593|Child_CrossABC2|2: 1067 288 86 40 13 5 1 
24597|Child_CrossABC2|8: 1064 293 88 40 13 5 1 
24598|Child_CrossABC1|1: 1063 292 85 40 13 5 1 
24605|Child_Cross12|33: 1057 282 83 40 13 5 1 
24606|Child_Cross21|38: 1056 281 83 40 13 5 1 
24614|Child_Avg|59: 1079 272 85 40 12 5 1 
24618|Child_Cross21|2: 1096 273 81 40 12 5 1 
24619|Child_Cross12|9: 1042 276 81 40 12 5 1 
24620|Child_CrossABC1|7|Mutated: 1051 278 81 40 12 5 1 
24622|Child_Cross21|54: 1057 279 81 40 12 5 1 
24623|Child_Cross21|18: 1086 277 81 40 12 5 1 
24624|Child_Avg|15: 1056 277 81 40 12 5 1 
24625|Child_Avg|47: 1049 277 81 40 12 5 1 
24627|Child_Cross12|49: 1058 277 81 40 12 5 1 
24628|Random|15: 1145 325 94 31 14 4 1 
24632|Child_Cross12|49: 1057 278 81 40 12 5 1 
24635|Child_Cross21|2: 1052 277 81 40 12 5 1 
24636|Child_Cross12|33|Mutated: 1078 277 97 40 12 5 1 
24640|Child_CrossABC1|1: 1070 277 85 40 12 5 1 
24641|Child_CrossABC1|1: 1083 277 85 40 12 5 1 
24646|Child_CrossABC2|8: 1084 277 89 40 12 5 1 
24652|Child_LevyABC2|6|Mutated: 933 284 110 36 13 4 1 
24663|Child_LevyABC1|5: 972 283 95 35 13 6 1 
24695|Child_Cross21|46: 803 257 77 35 12 5 1 
24697|Child_Levy|4: 806 236 78 35 12 5 1 
24701|Child_CrossABC1|7: 801 236 78 35 12 5 1 
24705|Child_CrossABC2|2: 802 239 74 35 12 5 1 
24706|Child_Avg|19: 810 239 74 35 12 5 1 
24707|Child_Avg|7: 813 241 77 35 13 5 1 
24708|Child_CrossABC2|8: 806 239 74 35 12 5 1 
24709|Child_CrossABC1|7: 810 239 75 35 11 5 1 
24713|Child_Cross21|30: 798 239 73 35 11 5 1 
24714|Child_Cross12|25: 806 239 73 35 11 5 1 
24720|Survivor|1|Mutated: 891 239 73 35 11 5 1 
24722|Child_CrossABC2|2: 859 239 73 35 11 5 1 
24723|Child_Cross21|30: 897 239 73 35 11 5 1 
24726|Child_Cross21|18: 765 239 73 35 11 5 1 
24727|Child_Cross12|13: 867 239 73 35 11 5 1 
24730|Child_Avg|15: 856 239 73 35 11 5 1 
24736|Child_Avg|39: 902 239 73 35 11 5 1 
24771|Child_CrossABC1|7: 1166 205 81 37 13 4 1 
24773|Child_Avg|35: 946 385 102 39 11 4 1 
24774|Child_LevyABC2|12: 882 232 77 35 12 5 1 
24776|Child_CrossABC1|7: 956 386 102 47 12 5 1 
24779|Child_LevyABC2|6: 1106 290 90 39 14 6 1 
24788|Child_CrossABC2|8: 1052 287 88 39 14 6 1 
24791|Child_Cross21|6: 1022 283 87 41 13 4 1 
24793|Child_Avg|3: 934 262 87 39 14 6 1 
24804|Child_Cross12|13: 959 265 81 36 13 4 1 
24812|Child_Avg|11: 929 260 82 35 13 5 1 
24817|Child_Cross12|29: 955 259 80 35 13 5 1 
24819|Child_Avg|27: 942 255 76 36 13 4 1 
24820|Child_Cross21|54: 942 255 76 35 13 5 1 
24822|Child_Levy|36: 945 249 76 35 13 5 1 
24823|Child_Cross21|30: 963 239 74 35 12 5 1 
24824|Child_Avg|59: 959 254 76 35 13 5 1 
24825|Child_Cross12|29|Mutated: 948 253 86 35 13 6 1 
24828|Child_Avg|11|Mutated: 955 246 89 35 12 5 1 
24849|Child_Avg|23: 924 249 85 35 12 5 1 
24854|Child_Avg|43: 944 243 76 35 12 5 1 
24856|Child_CrossABC2|2: 966 246 77 35 12 5 1 
24859|Child_Cross12|53: 947 246 73 35 12 5 1 
24862|Child_Levy|36: 1570 364 118 45 13 5 1 
24869|Child_LevyP1|3: 1563 367 123 43 14 4 1 
24870|Child_LevyABC1|5: 1576 352 117 45 14 4 1 
24872|Child_Cross21|18: 1037 294 95 45 13 4 1 
24875|Child_Avg|35: 1103 259 86 45 17 5 1 
24876|Child_LevyABC2|12: 1025 297 100 54 14 5 1 
24877|Child_Levy|16: 1040 284 109 40 12 5 1 
24878|Child_Cross12|13: 1096 260 91 40 14 5 1 
24879|Child_Levy|60: 1092 283 101 45 13 5 1 
24880|Child_LevyP1|9: 932 281 91 40 14 5 1 
24883|Child_Cross12|9|Mutated: 1112 309 98 45 13 5 1 
24884|Child_Cross12|25: 1045 266 88 40 13 5 1 
24888|Child_Avg|51: 1050 282 85 40 11 4 1 
24889|Child_CrossABC2|2: 997 276 90 41 13 4 1 
24890|Child_Avg|3: 1042 284 85 40 13 4 1 
24892|Child_Avg|11: 1062 283 89 40 13 4 1 
24900|Child_CrossABC1|7: 1080 283 89 40 13 4 1 
24902|Child_CrossABC1|7: 1070 283 89 40 13 4 1 
24906|Child_Avg|11: 956 248 99 40 13 4 1 
24909|Child_Cross21|30: 899 244 89 41 14 6 1 
24910|Child_Levy|4: 1084 276 81 40 14 5 1 
24911|Child_Cross21|42: 1009 267 87 41 14 6 1 
24917|Child_CrossABC2|8: 968 281 87 41 14 6 1 
24924|Child_Avg|15: 971 279 89 40 13 5 1 
24934|Child_CrossABC2|2: 930 279 89 40 13 5 1 
24935|Child_Avg|15: 933 272 85 40 12 5 1 
24937|Child_Avg|7: 1079 308 87 41 13 4 1 
24944|Child_CrossABC2|2: 1073 304 88 41 13 4 1 
24952|Child_Avg|3: 1070 296 87 41 13 4 1 
24955|Child_Avg|55: 969 290 87 40 13 4 1 
24956|Child_CrossABC2|8: 966 308 87 41 13 4 1 
24957|Child_Levy|24: 911 270 77 40 12 5 1 
24958|Child_Avg|19: 918 276 85 41 13 4 1 
24959|Child_Cross12|21: 911 270 77 37 14 4 1 
24962|Child_CrossABC2|8: 917 281 87 39 14 4 1 
24965|Child_Avg|59: 917 254 88 40 13 5 1 
24966|Child_CrossABC2|2: 916 293 90 39 14 4 1 
24969|Child_Avg|51: 910 269 80 37 13 4 1 
24970|Child_Levy|20: 922 271 83 38 13 5 1 
24971|Child_Cross12|49: 937 281 79 39 14 4 1 
24972|Child_CrossABC1|1: 908 268 86 37 14 4 1 
24978|Child_CrossABC2|8: 930 268 91 36 15 4 1 
24981|Child_Cross12|25: 917 274 87 30 13 5 1 
24982|Child_Avg|3: 985 281 87 39 14 4 1 
24985|Child_Levy|24: 924 256 82 33 12 5 1 
24986|Child_Levy|56: 957 255 83 37 12 5 1 
24987|Child_Cross12|1: 923 255 81 32 11 4 1 
24988|Child_Levy|20: 941 261 73 35 11 5 1 
24990|Child_Avg|11: 925 238 84 33 10 4 1 
24992|Child_Cross12|45: 934 256 79 31 11 4 1 
24994|Child_Levy|28: 951 250 78 30 11 5 1 
24995|Child_Avg|47: 889 234 87 31 10 4 1 
24998|Child_Levy|20: 925 238 84 33 13 4 1 
25000|Child_Cross21|38: 946 246 79 31 10 4 1 
25001|Child_Avg|35: 900 236 78 35 13 5 1 
25003|Child_Cross12|21: 947 223 76 35 13 5 1 
25006|Child_Cross21|42: 947 255 76 35 13 5 1 
25033|Child_Levy|12: 967 288 83 40 14 5 1 
25036|Child_Avg|39: 915 267 85 48 13 5 1 
25037|Child_CrossABC1|1: 1043 340 93 39 14 4 1 
25039|Child_CrossABC1|1: 1117 319 99 37 14 6 1 
25051|Survivor|1|Mutated: 1117 316 99 37 14 6 1 
25068|Child_Cross12|33: 944 276 85 35 13 5 1 
25069|Child_CrossABC2|2: 918 283 94 37 14 6 1 
25077|Child_CrossABC1|1: 941 283 91 37 14 6 1 
25078|Child_CrossABC1|7: 965 283 89 37 14 6 1 
25084|Child_CrossABC1|7: 960 284 95 37 14 6 1 
25085|Child_Avg|19: 972 280 89 35 13 5 1 
25086|Child_Avg|19: 927 277 82 35 13 5 1 
25088|Child_Avg|19: 988 283 80 35 13 5 1 
25092|Child_Cross21|34: 979 284 79 35 12 5 1 
25094|Child_CrossABC1|7: 1024 279 80 35 13 5 1 
25096|Child_CrossABC1|1|Mutated: 955 281 89 35 13 6 1 
25097|Child_Avg|23: 944 283 78 35 12 5 1 
25100|Child_Cross12|49: 975 275 77 35 12 5 1 
25101|Child_Avg|55: 954 275 77 35 12 5 1 
25102|Child_CrossABC2|2: 938 275 77 35 13 5 1 
25104|Child_CrossABC2|2: 967 278 74 35 12 5 1 
25105|Child_Avg|55: 950 277 75 35 11 5 1 
25106|Child_CrossABC1|1: 958 278 74 35 12 5 1 
25108|Child_CrossABC2|8: 956 267 74 35 12 5 1 
25116|Child_Cross12|17|Mutated: 981 272 85 35 12 5 1 
25148|Child_Avg|55: 943 272 73 35 12 5 1 
25164|Child_CrossABC2|2: 931 272 98 35 12 5 1 
25174|Child_CrossABC2|8: 930 272 108 35 12 5 1 
25175|Child_Avg|19: 929 270 97 35 12 5 1 
25178|Child_CrossABC2|2: 933 270 97 35 12 5 1 
25203|Child_Avg|23: 969 272 73 35 12 5 1 
25220|Child_Cross21|58: 944 261 73 36 13 4 1 
25243|Child_Avg|39|Mutated: 934 272 86 35 11 5 1 
25256|Child_CrossABC2|8: 931 272 100 35 12 5 1 
25260|Child_LevyP1|9: 952 277 103 36 13 4 1 
25261|Child_Avg|3: 933 265 86 35 11 5 1 
25266|Child_Cross12|21|Mutated: 934 247 87 35 12 5 1 
25273|Child_CrossABC1|1: 935 269 98 35 12 5 1 
25279|Child_CrossABC1|1: 938 269 98 35 12 5 1 
25281|Survivor|1|Mutated: 938 295 98 35 12 5 1 
25282|Child_Levy|16: 937 282 86 36 13 4 1 
25294|Child_CrossABC1|1|Mutated: 1126 272 86 35 12 5 1 
25304|Child_CrossABC1|1: 1098 272 85 35 12 5 1 
25316|Child_Avg|35: 935 275 79 35 12 5 1 
25317|Child_CrossABC2|8: 933 278 78 35 12 5 1 
25321|Child_Avg|55|Mutated: 933 272 86 35 11 5 1 
25341|Child_CrossABC2|8: 934 272 86 35 12 5 1 
25368|Child_Avg|19: 895 275 85 32 13 4 1 
25373|Child_CrossABC1|7: 1017 273 80 35 13 5 1 
25383|Child_CrossABC2|8: 1069 274 80 35 13 5 1 
25386|Survivor|1|Mutated: 1069 286 80 35 13 5 1 
25387|Child_Cross12|29: 962 262 77 29 14 4 1 
25389|Child_Cross21|42: 902 239 77 35 13 5 1 
25390|Child_Avg|51: 959 254 76 35 12 5 1 
25391|Child_Avg|35: 941 252 76 35 13 5 1 
25401|Child_CrossABC1|7: 925 226 93 35 13 5 1 
25402|Child_Avg|35: 932 244 84 35 13 5 1 
25404|Child_CrossABC1|7: 926 243 86 35 13 5 1 
25410|Child_CrossABC2|2: 935 251 86 35 11 5 1 
25418|Child_Cross21|30|Mutated: 1002 257 86 35 11 5 1 
25420|Child_Avg|59: 970 257 80 35 11 5 1 
25421|Child_Cross21|18: 940 258 75 35 11 5 1 
25422|Child_Cross21|54: 935 257 75 35 12 5 1 
25423|Child_Cross12|33|Mutated: 950 246 75 35 11 5 1 
25425|Child_CrossABC1|1: 950 254 75 35 11 5 1 
25426|Child_Cross12|5: 866 269 75 35 11 5 1 
25427|Child_CrossABC1|1: 933 248 75 35 11 5 1 
25428|Child_Avg|11: 944 248 75 35 11 5 1 
25429|Child_Avg|43: 953 252 75 35 11 5 1 
25438|Child_Cross21|26: 870 259 75 35 11 5 1 
25442|Child_Avg|35: 930 257 75 35 11 5 1 
25447|Child_Cross21|30: 909 259 75 35 11 5 1 
25466|Child_Avg|51: 912 261 75 35 11 5 1 
25477|Child_Avg|3|Mutated: 909 251 75 35 12 5 1 
25481|Child_Cross12|1: 909 251 75 35 11 5 1 
25486|Child_Cross12|37: 909 261 75 35 11 5 1 
25488|Child_CrossABC1|1: 910 261 84 35 11 5 1 
25496|Survivor|1|Mutated: 910 261 84 35 11 4 1 
25508|Survivor|1|Mutated: 910 257 84 35 11 4 1 
25514|Child_CrossABC2|8: 922 236 83 33 14 4 1 
25516|Child_Cross12|29: 898 256 76 35 11 4 1 
25517|Child_Avg|3: 910 252 79 33 14 4 1 
25519|Child_Levy|4: 890 241 80 35 13 6 1 
25521|Child_Avg|47|Mutated: 932 259 79 33 14 4 1 
25526|Child_Avg|35: 958 274 77 33 12 5 1 
25527|Child_Cross12|17: 932 247 75 35 11 5 1 
25528|Child_Levy|24: 883 261 73 36 13 4 1 
25535|Child_LevyABC1|11: 896 278 74 35 12 5 1 
25536|Child_Avg|27: 912 262 73 36 13 4 1 
25544|Child_CrossABC1|7: 911 261 73 36 13 4 1 
25545|Child_Avg|7: 914 261 73 36 13 4 1 
25547|Child_CrossABC2|8: 916 262 73 36 13 4 1 
25548|Child_Avg|23: 913 261 73 36 13 4 1 
25549|Child_CrossABC1|7: 910 263 73 36 13 4 1 
25557|Survivor|1|Mutated: 910 263 76 36 13 4 1 
25558|Child_Avg|27: 948 263 73 36 13 4 1 
25559|Child_CrossABC1|7: 895 263 77 36 13 4 1 
25561|Child_CrossABC2|8: 912 271 76 36 13 4 1 
25562|Child_Levy|52: 897 250 74 35 12 5 1 
25563|Child_Avg|47: 899 261 68 36 13 4 1 
25568|Random|12: 1285 374 103 32 11 4 1 
25574|Child_CrossABC1|1: 899 266 73 32 13 4 1 
25581|Child_Levy|8: 872 274 99 39 14 4 1 
25587|Child_Avg|7: 854 278 89 41 14 4 1 
25588|Child_Avg|31: 884 274 89 40 13 5 1 
25591|Child_CrossABC1|1: 873 254 96 40 13 5 1 
25603|Child_Cross21|50: 897 271 85 40 13 5 1 
25604|Child_Cross21|42: 922 263 84 40 13 5 1 
25605|Child_LevyABC2|12: 1115 273 86 37 14 6 1 
25609|Child_Levy|36: 958 263 80 35 13 5 1 
25610|Child_CrossABC1|7: 925 255 78 35 12 5 1 
25614|Child_CrossABC2|2: 958 264 80 35 13 5 1 
25621|Child_CrossABC2|8: 961 259 86 35 12 5 1 
25625|Child_Avg|27: 947 255 78 35 12 5 1 
25628|Child_LevyABC2|6: 919 253 82 37 14 4 1 
25633|Child_Avg|15: 919 258 77 37 14 4 1 
25645|Child_Cross21|10: 910 247 73 36 13 4 1 
25647|Child_Cross21|30: 953 253 73 35 12 5 1 
25660|Child_Cross21|6: 923 247 73 35 12 5 1 
25668|Child_Cross21|6: 906 247 73 35 12 5 1 
25678|Child_Cross12|53: 907 247 73 35 12 5 1 
25684|Child_Levy|28: 909 250 74 36 13 4 1 
25714|Child_Avg|7: 862 243 71 37 13 4 1 
25716|Child_Levy|32|Mutated: 762 226 87 39 14 6 1 
25724|Child_Avg|19: 1110 333 98 40 12 5 1 
25729|Child_Cross21|10: 971 289 84 35 13 5 1 
25730|Child_LevyP2|10: 1040 293 96 37 14 4 1 
25731|Child_Avg|3: 992 289 93 37 13 4 1 
25739|Child_Cross12|57: 944 274 85 35 12 5 1 
25745|Child_LevyABC1|5: 969 284 86 36 13 4 1 
25757|Child_Avg|11: 1080 328 98 35 12 5 1 
25760|Child_Cross12|25|Mutated: 998 302 88 35 11 5 1 
25761|Child_Levy|52: 947 286 82 37 12 5 1 
25763|Child_Cross21|2: 1212 291 95 37 12 5 1 
25764|Child_Avg|43: 923 282 89 35 11 4 1 
25765|Child_Avg|31: 1157 289 99 35 11 5 1 
25766|Survivor|1|Mutated: 1157 289 91 35 11 5 1 
25767|Child_Avg|39: 1050 286 86 35 12 5 1 
25777|Child_LevyP2|10: 958 303 93 33 14 4 1 
25796|Child_Avg|47: 930 281 79 32 13 4 1 
25797|Child_Cross21|18: 924 272 83 33 14 4 1 
25800|Child_Levy|52: 926 264 84 35 13 5 1 
25807|Child_Cross12|21: 954 274 80 35 13 5 1 
25808|Child_Avg|43: 979 262 82 35 13 5 1 
25809|Child_Avg|43: 933 251 81 37 13 4 1 
25810|Child_Levy|24: 883 271 83 33 14 4 1 
25811|Child_Cross12|33: 928 255 77 37 14 4 1 
25816|Survivor|1|Mutated: 915 255 77 37 14 4 1 
25827|Child_Cross21|22: 917 254 75 37 14 4 1 
25828|Child_Cross21|38|Mutated: 917 254 86 35 11 3 1 
25829|Child_Avg|31: 1144 350 91 36 13 4 1 
25830|Child_Cross12|45: 917 254 86 36 13 4 1 
25831|Child_Cross21|38: 790 247 69 35 11 4 1 
25832|Child_Avg|43: 942 268 77 36 13 4 1 
25833|Child_Cross12|9|Mutated: 969 287 69 37 13 4 1 
25834|Child_Levy|28: 936 265 75 41 11 5 1 
25836|Child_Avg|27: 869 243 79 42 11 4 1 
25837|Child_Cross21|58: 852 246 73 36 13 4 1 
25838|Child_LevyABC2|12: 1493 335 125 44 16 5 1 
25845|Child_CrossABC1|1: 1462 364 111 44 16 5 1 
25849|Child_Avg|23: 1111 300 98 41 13 4 1 
25852|Child_CrossABC2|8: 1159 350 102 41 13 4 1 
25855|Child_Cross12|29: 1160 298 101 41 13 4 1 
25858|Child_CrossABC2|2: 1145 320 90 41 13 4 1 
25859|Child_LevyABC2|12: 1160 307 101 40 14 5 1 
25860|Child_Cross21|22: 1196 323 93 42 13 6 1 
25862|Child_Avg|11: 1168 321 101 42 13 6 1 
25865|Survivor|1|Mutated: 1238 321 101 42 13 6 1 
25866|Child_Cross21|50: 1143 330 88 41 13 4 1 
25868|Child_CrossABC2|2: 1180 333 110 40 13 5 1 
25870|Child_CrossABC1|7: 1139 332 110 40 13 5 1 
25876|Child_Avg|19: 1153 322 115 40 13 5 1 
25880|Child_Levy|52|Mutated: 1093 402 108 45 13 5 1 
25881|Child_Cross12|9: 1166 314 93 39 14 6 1 
25883|Child_Avg|11: 1132 334 97 40 13 5 1 
25884|Child_Cross21|34: 1111 304 97 40 13 5 1 
25887|Child_LevyP2|4: 1108 292 97 40 13 5 1 
25888|Child_Avg|43: 1116 295 92 41 13 4 1 
25891|Child_LevyP2|4: 1100 289 95 40 14 5 1 
25894|Child_CrossABC2|2|Mutated: 1156 314 93 40 14 5 1 
25896|Child_Avg|51: 1106 298 92 45 13 4 1 
25897|Child_CrossABC1|7: 1175 342 101 41 14 4 1 
25912|Child_Cross12|29: 1150 328 87 41 14 4 1 
25913|Child_CrossABC1|7: 1312 303 87 41 13 4 1 
25916|Child_Avg|51: 1115 313 85 40 12 5 1 
25928|Child_Cross21|38: 1102 311 84 40 14 5 1 
25929|Child_Avg|55: 1094 311 84 40 13 5 1 
25930|Child_CrossABC1|7|Mutated: 1081 311 84 40 13 5 1 
25931|Child_Cross12|9: 1087 311 84 40 13 5 1 
25932|Child_CrossABC1|1: 1075 311 84 40 13 5 1 
25950|Child_Avg|39: 1017 306 96 40 13 5 1 
25956|Child_CrossABC1|1: 1042 306 99 40 13 5 1 
25958|Child_Levy|4: 1007 300 85 41 14 6 1 
25959|Child_LevyP1|3: 969 302 84 40 13 5 1 
25960|Child_Levy|16: 1048 297 91 37 14 4 1 
25961|Child_Cross21|26: 1097 299 85 40 14 5 1 
25962|Child_Avg|35: 1060 293 86 40 13 5 1 
25963|Child_Avg|55: 1039 297 84 40 13 5 1 
25965|Child_Cross12|37: 988 293 84 40 13 5 1 
25966|Child_CrossABC1|7: 1069 295 84 40 13 5 1 
25971|Child_CrossABC2|8: 1080 297 85 40 13 5 1 
25972|Child_CrossABC1|1: 1078 295 84 40 13 5 1 
25986|Child_LevyP1|3: 1056 300 99 41 14 6 1 
25993|Child_Avg|7: 1052 300 93 41 14 6 1 
25995|Child_Cross12|13: 1088 302 102 41 14 6 1 
25997|Child_Avg|47: 1084 300 89 40 13 5 1 
25998|Child_Cross21|18: 1081 312 99 41 14 6 1 
26033|Child_Cross21|54: 1122 325 93 41 14 6 1 
26034|Child_LevyP1|9: 1131 298 92 45 13 4 1 
26037|Child_Levy|24: 1097 290 88 39 14 4 1 
26039|Child_Avg|39: 1149 269 86 41 14 4 1 
26040|Child_CrossABC2|2: 1081 296 87 39 14 6 1 
26042|Child_Cross12|25|Mutated: 1070 293 88 40 13 4 1 
26043|Child_CrossABC2|2: 1051 294 88 40 13 5 1 
26046|Child_Cross21|6: 1076 286 87 41 14 4 1 
26049|Child_Cross21|22: 1085 289 85 40 13 4 1 
26064|Survivor|1|Mutated: 1207 286 87 41 14 4 1 
26065|Child_Avg|27: 1063 281 77 41 13 4 1 
26069|Child_Levy|28: 1051 275 77 37 13 4 1 
26071|Child_Cross21|50: 1063 281 77 35 12 5 1 
26072|Child_Cross12|25: 1096 287 73 35 12 5 1 
26073|Child_LevyABC1|11: 1066 273 101 42 11 4 1 
26081|Child_LevyP1|9: 1087 288 101 40 12 5 1 
26082|Child_LevyP2|4: 1059 307 100 35 12 5 1 
26083|Child_LevyP2|10: 1079 283 100 41 13 4 1 
26084|Child_LevyABC1|5: 1085 303 98 43 15 4 1 
26085|Child_Cross12|5: 1060 296 88 41 13 4 1 
26088|Child_Cross12|57: 1075 287 95 44 13 4 1 
26094|Child_CrossABC1|7: 1069 284 105 40 12 5 1 
26100|Child_CrossABC1|1: 1063 292 121 40 12 5 1 
26107|Child_CrossABC2|2: 1083 292 117 40 12 5 1 
26109|Child_Avg|23: 1083 293 116 40 13 5 1 
26115|Child_Cross12|37: 1059 289 108 37 14 6 1 
26118|Child_CrossABC2|2: 1058 292 103 37 14 6 1 
26119|Child_Cross21|26: 1061 298 101 39 14 6 1 
26120|Child_CrossABC1|7: 1059 292 103 37 14 6 1 
26133|Child_Cross12|5: 1067 288 91 37 14 4 1 
26135|Child_Avg|59: 1055 284 90 35 13 5 1 
26139|Child_Avg|19: 1024 284 90 33 13 4 1 
26140|Child_Levy|52: 990 277 91 37 14 6 1 
26141|Child_Levy|32: 1091 282 87 35 12 5 1 
26144|Child_CrossABC1|7: 1129 276 87 35 12 5 1 
26145|Child_Cross21|2: 1045 275 87 35 12 5 1 
26150|Child_Avg|15: 1025 282 87 35 12 5 1 
26152|Child_Avg|15: 1091 291 84 35 11 5 1 
26153|Child_CrossABC1|1: 1015 281 89 35 13 5 1 
26164|Child_Cross21|18: 1042 274 75 37 14 6 1 
26166|Child_Cross21|46: 1105 269 87 35 11 5 1 
26173|Child_CrossABC2|2: 1125 269 87 35 11 5 1 
26176|Child_LevyABC1|5: 1065 293 97 40 14 5 1 
26182|Child_LevyP2|10: 1226 337 101 39 14 6 1 
26183|Child_Levy|60: 1205 301 87 36 13 4 1 
26184|Child_CrossABC2|8: 1422 284 102 39 14 6 1 
26185|Child_Avg|55: 1173 306 88 32 13 4 1 
26186|Child_Avg|27: 1059 281 85 40 12 5 1 
26187|Child_Levy|8: 1282 284 100 41 14 6 1 
26188|Child_Levy|32: 1148 292 90 37 14 4 1 
26201|Child_Avg|3: 1243 330 92 45 13 4 1 
26202|Child_Avg|59: 1045 289 87 36 13 4 1 
26203|Child_Levy|56: 1026 298 78 35 12 5 1 
26205|Child_Avg|59: 1059 290 77 37 14 4 1 
26208|Child_Avg|15: 945 293 80 35 11 5 1 
26211|Child_Avg|47: 920 300 81 36 13 4 1 
26223|Child_Avg|43: 1124 285 73 36 13 4 1 
26224|Child_CrossABC1|7: 1032 286 77 37 13 4 1 
26225|Child_Avg|27: 1079 291 73 35 12 5 1 
26227|Child_CrossABC1|1: 1030 291 77 41 13 4 1 
26234|Child_LevyABC1|11: 1846 439 172 50 19 5 1 
26236|Child_Cross12|17: 1420 449 117 40 13 4 1 
26237|Child_LevyABC1|5: 2149 443 140 55 21 5 1 
26239|Child_Levy|56|Mutated: 1122 391 100 43 13 5 1 
26240|Child_Cross12|57: 1082 291 101 50 18 5 1 
26242|Child_Levy|52: 980 336 95 40 12 5 1 
26246|Child_Avg|19|Mutated: 979 327 100 37 14 4 1 
26251|Child_Cross21|18: 1099 311 94 37 14 4 1 
26252|Child_CrossABC1|7: 1030 298 94 37 14 4 1 
26254|Child_Levy|60: 952 292 89 40 13 5 1 
26255|Child_Cross21|6: 916 273 86 37 14 4 1 
26261|Child_CrossABC2|8: 917 264 87 37 14 4 1 
26308|Child_Levy|40|Mutated: 1127 285 91 43 14 4 1 
26313|Child_Avg|11: 1078 284 83 40 13 4 1 
26323|Child_CrossABC1|7: 1072 277 83 40 13 4 1 
26330|Child_Avg|19: 1078 259 76 41 13 4 1 
26331|Child_LevyP2|4: 1023 268 101 45 13 4 1 
26332|Child_CrossABC2|2: 1038 283 124 41 13 4 1 
26337|Child_LevyABC1|11: 1078 301 115 40 12 5 1 
26340|Child_CrossABC1|1: 1069 267 85 41 13 4 1 
26341|Child_Avg|19: 1035 265 87 41 13 4 1 
26344|Child_CrossABC1|7: 1063 264 90 41 13 4 1 
26352|Child_Cross12|33: 949 244 76 41 13 4 1 
26353|Child_CrossABC2|2|Mutated: 965 257 79 41 13 4 1 
26359|Child_Avg|47: 1097 281 95 40 12 5 1 
26379|Child_CrossABC1|7: 1065 310 116 41 13 4 1 
26381|Child_Levy|16: 1051 282 98 40 13 5 1 
26383|Child_Avg|11: 1093 272 87 40 13 5 1 
26384|Child_Avg|55: 1115 272 101 41 13 4 1 
26385|Child_Cross12|21: 916 235 90 41 13 4 1 
26401|Child_Avg|47: 1096 279 85 40 13 5 1 
26402|Child_CrossABC1|7: 1104 279 85 40 13 5 1 
26407|Survivor|1|Mutated: 1151 279 85 40 13 5 1 
26409|Child_Cross12|9: 1066 273 83 39 14 4 1 
26411|Child_Cross21|14: 1105 277 84 40 13 5 1 
26412|Child_LevyP1|3: 930 305 87 39 14 4 1 
26413|Child_Levy|60: 1049 273 82 37 14 4 1 
26428|Child_Cross12|17: 1099 272 77 37 14 4 1 
26433|Child_Avg|47: 1460 342 107 33 14 4 1 
26436|Child_Avg|3: 1078 268 71 37 14 4 1 
26437|Child_Cross21|30: 990 254 71 37 14 4 1 
26439|Child_Cross21|10: 1078 271 71 37 14 4 1 
26440|Child_Cross21|10: 987 251 71 37 14 4 1 
26442|Child_Cross12|9: 1042 263 71 35 13 5 1 
26443|Child_Cross21|10: 1044 274 71 37 14 4 1 
26444|Child_Cross12|17: 1019 257 71 37 14 4 1 
26446|Child_Cross21|30|Mutated: 985 269 77 37 14 4 1 
26449|Child_Levy|24: 1208 330 107 36 13 4 1 
26457|Child_CrossABC1|1: 1107 326 107 36 13 4 1 
26465|Child_Avg|31: 1102 317 101 35 12 5 1 
26467|Child_Avg|55|Mutated: 1070 293 99 35 13 5 1 
26469|Child_Levy|8|Mutated: 1099 305 102 35 13 5 1 
26476|Child_Cross21|6: 1077 287 93 35 13 5 1 
26477|Child_Cross12|29: 1082 329 86 35 13 5 1 
26478|Child_Cross12|45: 1093 300 82 35 13 5 1 
26480|Child_Cross21|50: 1106 296 82 35 13 5 1 
26484|Child_Avg|7: 1045 289 85 35 13 5 1 
26485|Child_CrossABC1|7: 1084 300 82 35 13 5 1 
26486|Child_Avg|39: 1162 317 85 35 12 5 1 
26500|Child_Cross21|18|Mutated: 905 258 85 35 12 5 1 
26512|Child_Levy|32: 874 245 89 35 12 5 1 
26513|Child_Avg|15: 1085 277 81 40 12 5 1 
26514|Child_Avg|15: 959 260 86 35 11 5 1 
26515|Child_CrossABC1|7: 847 262 86 35 11 5 1 
26526|Child_Cross21|38: 1021 289 75 35 11 5 1 
26527|Child_Avg|7: 1068 283 84 35 11 4 1 
26536|Child_CrossABC2|2: 1096 284 89 35 11 5 1 
26538|Child_Avg|55: 959 278 74 35 12 5 1 
26539|Child_CrossABC2|2: 908 279 80 35 13 5 1 
26541|Child_CrossABC1|1: 917 279 79 35 12 5 1 
26543|Child_CrossABC2|8: 925 278 80 35 13 5 1 
26545|Child_Levy|40|Mutated: 1024 279 86 35 13 6 1 
26546|Child_CrossABC1|1: 957 276 93 35 13 5 1 
26547|Child_LevyABC2|12: 891 277 102 37 12 5 1 
26552|Child_Avg|31: 944 278 78 35 12 5 1 
26560|Child_Cross12|49|Mutated: 942 276 77 35 12 5 1 
26565|Child_Avg|11: 1100 309 93 35 11 5 1 
26570|Child_Levy|40: 1034 291 86 35 13 5 1 
26579|Child_Avg|31: 1022 300 86 35 13 5 1 
26581|Child_Levy|60: 1276 357 113 40 14 5 1 
26582|Child_Cross12|49: 981 279 84 35 13 5 1 
26583|Child_Avg|51: 1142 322 99 42 13 6 1 
26584|Child_Avg|15: 1021 288 81 35 13 5 1 
26586|Child_Avg|7: 987 287 79 33 14 6 1 
26588|Child_Cross21|10: 1002 281 77 40 14 5 1 
26589|Child_Cross12|17: 1002 281 77 35 13 5 1 
26591|Child_CrossABC1|7: 1008 285 77 35 13 5 1 
26593|Child_Avg|23: 972 282 74 35 12 5 1 
26594|Child_Cross12|21: 1011 284 77 35 13 5 1 
26595|Child_CrossABC1|7: 1023 290 77 35 13 5 1 
26596|Child_Avg|7: 938 267 74 35 12 5 1 
26597|Child_Cross21|22: 994 275 77 35 13 5 1 
26599|Child_Cross21|34: 987 284 77 35 13 5 1 
26600|Child_Avg|35: 994 272 77 35 13 5 1 
26602|Child_CrossABC1|1: 995 265 77 35 13 5 1 
26605|Child_Cross21|6: 988 268 76 35 13 5 1 
26608|Child_Cross21|2: 989 271 76 35 13 5 1 
26609|Child_Avg|7: 990 263 75 35 12 5 1 
26611|Child_Avg|39: 979 263 78 35 12 5 1 
26615|Child_Avg|47: 944 258 73 35 11 5 1 
26648|Child_Avg|39: 902 248 73 36 13 4 1 
26650|Child_Levy|36: 907 257 79 36 11 5 1 
26654|Child_Levy|52: 946 261 92 39 11 4 1 
26671|Child_Levy|60|Mutated: 1262 371 114 47 12 5 1 
26672|Child_Avg|43: 923 252 80 41 11 4 1 
26673|Child_Avg|31: 1092 311 97 45 11 4 1 
26674|Child_Avg|51|Mutated: 1081 318 96 34 9 4 1 
26675|Child_Cross21|6: 906 250 81 36 11 3 1 
26676|Child_CrossABC2|2: 1160 272 98 45 11 5 1 
26677|Child_Levy|28: 949 265 83 42 12 5 1 
26678|Child_LevyABC1|5: 1315 279 103 47 12 5 1 
26679|Child_Avg|31: 1042 318 103 41 11 5 1 
26681|Child_Cross12|13: 959 264 84 41 11 5 1 
26682|Child_LevyP2|4: 1008 268 89 40 12 5 1 
26683|Child_Cross21|22: 937 269 80 41 11 5 1 
26685|Child_Avg|39: 967 258 85 40 11 5 1 
26687|Child_Cross12|45: 928 267 91 41 11 5 1 
26690|Child_Levy|8|Mutated: 941 263 95 40 12 5 1 
26696|Child_Cross12|25: 935 269 93 40 12 5 1 
26698|Child_Cross21|2: 938 264 87 40 12 5 1 
26699|Child_Avg|15: 939 268 91 40 12 5 1 
26700|Child_CrossABC1|7: 938 269 93 40 12 5 1 
26702|Child_LevyABC1|11: 938 259 93 43 11 4 1 
26703|Child_CrossABC2|8: 944 264 83 40 12 5 1 
26704|Child_Cross12|17: 944 263 86 42 12 5 1 
26706|Child_Avg|51|Mutated: 973 257 98 41 13 4 1 
26712|Child_Cross12|21: 1064 257 92 41 13 4 1 
26727|Child_Avg|7: 1037 248 86 40 13 4 1 
26733|Child_LevyABC2|12: 1093 257 91 37 12 5 1 
26739|Child_CrossABC2|8: 1069 261 88 40 13 4 1 
26740|Child_Cross12|57: 1106 228 89 43 14 4 1 
26741|Child_Levy|16: 1072 269 86 40 13 5 1 
26742|Child_Avg|59: 1066 251 84 40 13 5 1 
26746|Child_Levy|16: 1035 254 85 40 13 5 1 
26748|Child_CrossABC2|8|Mutated: 1074 253 98 40 13 5 1 
26749|Child_Levy|24: 1171 297 101 40 14 5 1 
26750|Child_LevyABC1|5: 1138 288 102 41 13 4 1 
26752|Child_CrossABC1|1|Mutated: 1268 313 101 40 13 5 1 
26753|Child_Avg|51: 1210 281 97 40 13 5 1 
26756|Child_CrossABC2|2: 1190 290 97 40 13 5 1 
26757|Child_Avg|19: 1193 334 99 40 13 5 1 
26765|Child_CrossABC1|7: 1200 333 97 40 13 5 1 
26766|Child_CrossABC2|8: 1196 333 104 40 13 5 1 
26767|Child_Levy|16: 1090 294 87 41 14 6 1 
26768|Child_Avg|59: 1078 315 97 40 13 5 1 
26774|Survivor|1|Mutated: 1078 315 97 40 13 4 1 
26775|Child_Levy|4: 1085 303 91 40 14 5 1 
26786|Child_LevyABC2|6: 1088 316 91 40 12 5 1 
26789|Child_Avg|15: 1042 299 85 40 14 5 1 
26790|Child_LevyP1|9: 1039 310 93 40 12 5 1 
26791|Child_Avg|43: 1030 294 83 40 13 5 1 
26792|Child_CrossABC1|7: 967 291 86 42 12 5 1 
26794|Child_CrossABC1|1: 988 291 87 40 13 5 1 
26795|Child_Levy|12: 1423 371 110 36 13 4 1 
26796|Child_Levy|24: 1185 330 99 35 13 5 1 
26799|Child_CrossABC1|7|Mutated: 1097 282 93 35 13 5 1 
26801|Child_CrossABC1|7: 1144 283 95 37 12 5 1 
26802|Child_Cross21|6: 1149 324 86 35 13 5 1 
26808|Child_CrossABC2|2: 1149 324 86 35 11 5 1 
26812|Child_Cross12|13|Mutated: 1048 321 86 35 13 5 1 
26814|Child_Avg|11: 1069 309 82 35 13 5 1 
26815|Child_Levy|24: 1070 304 86 35 13 5 1 
26816|Child_Cross12|41: 1033 286 80 35 13 5 1 
26817|Child_Cross21|58: 1076 298 85 35 13 5 1 
26818|Child_Avg|27: 1046 302 85 37 14 4 1 
26821|Child_Cross21|38: 1037 291 85 37 14 4 1 
26825|Child_CrossABC1|7: 1037 291 86 35 13 5 1 
26827|Child_Avg|51: 1073 287 81 36 13 4 1 
26828|Child_Cross21|26: 1048 293 82 37 14 4 1 
26843|Child_Levy|16: 861 254 86 35 11 5 1 
26844|Child_CrossABC1|1: 909 253 93 35 13 5 1 
26846|Child_Avg|31: 956 249 93 37 13 4 1 
26849|Child_Levy|44|Mutated: 1019 274 93 39 14 4 1 
26850|Child_Avg|7: 1076 293 85 35 12 5 1 
26851|Child_LevyP2|10: 1030 268 91 40 13 5 1 
26853|Child_Levy|40: 1180 294 91 41 14 4 1 
26854|Child_Avg|19: 893 266 83 36 13 4 1 
26870|Child_CrossABC2|8: 846 265 80 37 13 4 1 
26871|Child_Levy|32: 928 264 81 35 13 5 1 
26876|Child_Cross21|18: 937 256 75 35 11 5 1 
26878|Child_Levy|32: 929 265 82 37 14 4 1 
26879|Child_Avg|19: 951 299 102 35 11 5 1 
26884|Child_Avg|27: 944 292 95 35 11 5 1 
26885|Child_Cross21|2: 924 274 77 35 11 5 1 
26886|Child_CrossABC2|8: 867 274 77 35 11 5 1 
26887|Child_Cross21|42: 1180 351 92 38 13 5 1 
26888|Child_Avg|43: 748 221 78 35 12 5 1 
26892|Child_Cross12|45: 906 269 75 35 11 5 1 
26894|Child_CrossABC1|1: 910 264 75 35 11 5 1 
26900|Child_Levy|16: 908 274 71 40 13 5 1 
26901|Child_Avg|59: 871 268 71 37 12 5 1 
26902|Child_Levy|28: 901 271 69 35 13 6 1 
26903|Child_Avg|27: 866 269 69 41 11 5 1 
26905|Child_Cross21|50: 901 271 69 41 11 5 1 
26907|Child_Cross12|1: 923 267 67 35 13 5 1 
26908|Child_Levy|4: 893 270 70 37 12 5 1 
26909|Child_Cross21|38: 877 261 69 35 11 5 1 
26912|Child_Avg|39|Mutated: 1366 347 93 39 14 4 1 
26928|Child_Levy|8: 1335 319 97 35 12 5 1 
26932|Child_Levy|4: 1135 288 86 35 13 5 1 
26938|Child_Cross12|45: 1013 296 77 35 13 5 1 
26940|Child_Levy|52: 1102 296 87 37 14 4 1 
26945|Child_Cross21|54|Mutated: 817 239 95 35 13 5 1 
26946|Child_Avg|11: 1068 294 101 40 12 5 1 
26949|Child_Levy|44: 881 256 86 35 12 5 1 
26961|Child_CrossABC1|1: 881 256 86 35 13 5 1 
26967|Child_Cross12|17: 896 254 84 35 11 5 1 
26968|Child_Cross12|57: 881 256 86 35 11 5 1 
26976|Child_Cross12|49: 883 253 84 35 11 5 1 
26978|Child_CrossABC2|8: 959 258 84 35 11 5 1 
26999|Child_Avg|47: 910 247 76 35 11 5 1 
27000|Child_LevyP1|3: 963 262 102 39 14 4 1 
27001|Child_Avg|43: 889 249 73 35 12 5 1 
27002|Child_Avg|3: 929 250 77 36 13 4 1 
27004|Child_Cross21|22: 913 246 73 35 12 5 1 
27005|Child_Cross12|5|Mutated: 880 240 74 35 12 5 1 
27006|Child_CrossABC1|7: 892 249 73 35 12 5 1 
27007|Child_CrossABC2|2: 879 237 73 35 12 5 1 
27017|Child_CrossABC2|8: 947 248 76 35 12 5 1 
27019|Child_CrossABC1|1: 945 257 84 35 11 5 1 
27025|Survivor|1|Mutated: 945 257 78 35 11 5 1 
27026|Child_Levy|44: 883 243 76 35 11 4 1 
27028|Child_Cross21|38|Mutated: 920 249 77 35 13 5 1 
27041|Child_Cross21|54: 903 242 77 35 13 5 1 
27043|Child_Cross21|50: 926 247 77 35 13 5 1 
27045|Child_Levy|24: 925 254 82 35 13 5 1 
27047|Child_CrossABC2|2: 908 258 87 35 12 5 1 
27056|Child_CrossABC2|8: 895 246 91 35 11 5 1 
27063|Survivor|1|Mutated: 895 246 91 35 11 4 1 
27067|Child_Levy|44|Mutated: 919 251 86 35 11 5 1 
27072|Child_Cross21|18: 875 236 75 35 11 5 1 
27074|Child_Levy|36: 880 231 85 36 11 5 1 
27076|Child_CrossABC1|1: 925 247 74 35 11 5 1 
27077|Child_CrossABC2|2: 885 226 75 35 11 5 1 
27085|Child_CrossABC1|1: 841 232 73 35 11 5 1 
27094|Child_Cross21|50: 856 229 71 36 13 4 1 
27099|Child_CrossABC2|8: 890 239 71 36 13 4 1 
27100|Child_CrossABC1|1: 892 243 71 36 13 4 1 
27101|Child_LevyABC2|6: 905 240 74 35 12 5 1 
27108|Child_CrossABC1|7: 974 248 76 35 12 5 1 
27109|Child_Avg|47: 1357 360 93 37 13 5 1 
27110|Child_Levy|8: 920 263 82 42 12 5 1 
27113|Child_LevyABC1|11: 952 266 85 35 12 5 1 
27114|Child_Avg|27: 1003 279 85 40 13 4 1 
27117|Child_CrossABC2|2: 1008 273 86 37 14 4 1 
27129|Child_Avg|7: 905 283 110 43 14 4 1 
27133|Child_Avg|15: 835 297 97 37 13 4 1 
27139|Child_LevyABC1|5: 978 269 105 37 14 4 1 
27140|Child_Cross21|2: 1009 285 103 43 11 4 1 
27141|Child_Cross21|30: 871 279 82 39 14 4 1 
27142|Child_LevyABC2|6: 916 282 121 48 13 5 1 
27144|Child_CrossABC2|8: 895 279 110 35 13 5 1 
27145|Child_Cross12|57: 964 240 81 47 14 6 1 
27146|Child_Cross12|21: 925 271 83 40 14 5 1 
27149|Child_Levy|36: 1052 303 94 39 14 5 1 
27158|Child_Avg|31: 799 256 94 43 14 6 1 
27159|Child_Avg|11: 875 311 92 45 13 4 1 
27161|Child_Avg|43: 869 271 80 41 11 5 1 
27163|Child_Levy|52|Mutated: 922 264 83 40 13 5 1 
27166|Child_Cross21|14: 923 284 83 40 13 5 1 
27170|Child_Cross21|46: 897 268 83 40 13 5 1 
27173|Child_CrossABC2|2: 899 267 85 40 13 5 1 
27177|Child_CrossABC1|1: 916 274 89 40 13 5 1 
27178|Child_Cross12|13: 917 264 87 40 13 5 1 
27179|Child_LevyABC2|6: 954 253 91 41 14 4 1 
27183|Child_Cross21|2: 948 251 90 41 13 4 1 
27184|Child_Avg|55: 899 262 88 40 13 5 1 
27185|Child_Cross12|17: 905 263 89 41 13 4 1 
27187|Child_Cross21|50: 911 261 83 40 13 5 1 
27189|Child_Cross21|18: 911 268 81 36 13 4 1 
27190|Child_Cross12|33|Mutated: 938 295 98 40 13 5 1 
27194|Child_Avg|27: 870 267 90 40 13 5 1 
27196|Child_CrossABC1|7: 901 265 89 40 12 5 1 
27200|Child_Avg|27: 914 263 91 40 12 5 1 
27211|Child_CrossABC1|7: 1134 263 83 40 12 5 1 
27212|Child_Cross12|25: 906 268 81 40 12 5 1 
27215|Child_Avg|15: 921 272 81 39 11 4 1 
27216|Child_Cross12|45: 906 268 81 41 11 5 1 
27219|Child_LevyP2|10|Mutated: 915 272 82 37 14 4 1 
27230|Child_Levy|24: 950 261 82 40 12 5 1 
27231|Child_Levy|48: 935 253 80 37 13 4 1 
27238|Child_CrossABC2|8: 925 254 81 36 13 4 1 
27257|Child_CrossABC2|8: 919 253 83 36 13 4 1 
27259|Child_LevyABC1|11: 897 249 88 35 12 5 1 
27279|Child_Avg|27: 906 251 74 35 12 5 1 
27290|Child_Cross21|26: 872 246 73 35 12 5 1 
27312|Child_Avg|43: 886 252 73 37 14 4 1 
27313|Child_Avg|27|Mutated: 892 255 74 36 11 5 1 
27318|Child_CrossABC1|7: 893 247 75 35 11 5 1 
27321|Child_Cross21|42: 4495 1092 234 75 35 11 5 1 
27327|Child_Cross21|42: 958 227 75 35 11 5 1 
27328|Child_Levy|32: 940 259 73 35 13 5 1 
27331|Child_CrossABC1|7: 960 268 73 35 11 5 1 
27332|Child_Cross21|6: 915 242 73 35 13 5 1 
27333|Child_Levy|28: 896 241 71 35 13 5 1 
27335|Child_CrossABC2|8: 894 237 71 35 13 5 1 
27336|Child_CrossABC2|2: 926 242 80 35 13 5 1 
27340|Child_Cross12|13: 903 235 69 35 13 5 1 
27342|Child_Avg|19: 904 229 68 36 13 4 1 
27344|Child_Cross12|13: 904 238 67 35 13 5 1 
27345|Child_CrossABC2|8: 899 263 71 35 13 5 1 
27348|Child_Levy|60: 1000 271 75 35 11 5 1 
27353|Child_CrossABC1|7: 1073 278 77 35 13 5 1 
27354|Child_Cross21|54: 916 263 67 35 13 5 1 
27355|Child_Cross21|10: 903 250 67 35 13 5 1 
27359|Child_Cross21|2: 919 254 67 35 13 5 1 
27360|Child_Cross12|41: 928 257 67 35 13 5 1 
27362|Child_Cross21|10: 912 254 67 35 13 5 1 
27363|Child_Cross21|26: 918 253 67 35 13 5 1 
27364|Child_Cross21|42: 916 247 67 35 13 5 1 
27367|Child_Cross12|57: 921 250 67 35 13 5 1 
27368|Child_Cross12|41: 914 250 67 35 13 5 1 
27372|Child_Cross21|14: 915 254 67 35 13 5 1 
27378|Child_Avg|27: 978 345 127 47 13 4 1 
27382|Child_Cross21|42: 1153 300 92 41 13 4 1 
27388|Survivor|1|Mutated: 1078 300 92 41 13 4 1 
27391|Child_Cross12|29|Mutated: 1058 276 81 41 13 4 1 
27392|Child_Cross21|46: 1008 275 87 43 13 5 1 
27393|Child_Cross21|22|Mutated: 1083 269 90 40 12 5 1 
27395|Child_Levy|60: 1184 294 100 41 14 4 1 
27397|Child_Cross21|46: 1121 278 92 41 14 4 1 
27398|Child_Cross21|6: 1127 281 88 41 14 4 1 
27399|Child_Avg|35: 1087 257 89 41 13 4 1 
27400|Child_Cross12|33: 1112 293 77 40 13 5 1 
27402|Child_Avg|39: 1126 257 89 41 13 4 1 
27407|Child_Levy|32: 1103 254 88 41 14 6 1 
27414|Child_Cross12|33: 1063 263 77 41 13 4 1 
27416|Child_Cross12|13: 1103 260 81 43 14 6 1 
27425|Child_LevyP1|9: 1184 241 94 36 13 4 1 
27433|Child_Avg|23: 1546 337 108 37 14 4 1 
27441|Child_Cross12|1: 1152 324 94 37 14 4 1 
27442|Child_LevyP2|4: 1157 269 96 35 12 5 1 
27444|Child_Cross12|33: 1109 323 91 37 14 4 1 
27453|Child_Cross12|5: 1142 313 89 37 14 6 1 
27454|Child_Cross12|45: 1142 313 89 34 16 5 1 
27456|Child_Avg|31: 1150 297 86 35 13 5 1 
27457|Child_Avg|11|Mutated: 1053 302 85 32 13 4 1 
27460|Child_Avg|7: 1109 296 81 36 13 4 1 
27469|Child_LevyP1|3: 987 304 84 35 12 5 1 
27471|Child_Avg|59: 1126 293 82 37 14 4 1 
27480|Child_Avg|23: 1155 300 83 36 13 4 1 
27482|Child_Avg|31|Mutated: 1147 309 100 35 12 5 1 
27490|Child_CrossABC2|2: 1120 310 91 35 12 5 1 
27491|Child_CrossABC2|8: 1148 313 91 35 12 5 1 
27492|Child_Cross21|30: 1165 307 85 35 12 5 1 
27509|Child_CrossABC2|8: 1110 340 89 37 14 4 1 
27510|Child_Levy|56: 1270 358 118 45 16 5 1 
27513|Child_Avg|47: 1066 317 109 40 12 5 1 
27518|Child_Cross21|22: 1056 307 97 40 13 5 1 
27521|Child_CrossABC1|1: 1033 303 97 40 13 5 1 
27523|Child_CrossABC1|1: 1039 310 97 40 13 5 1 
27528|Child_Cross12|41: 1028 292 86 41 14 6 1 
27530|Child_Avg|39: 1037 305 86 40 14 5 1 
27532|Child_CrossABC2|8: 1061 309 90 41 14 6 1 
27534|Child_Avg|35: 1045 302 84 40 13 5 1 
27542|Child_Cross21|50: 1040 307 84 40 13 5 1 
27547|Child_CrossABC2|2: 1043 307 84 40 13 5 1 
27548|Child_CrossABC1|1: 1046 306 85 40 13 5 1 
27551|Child_CrossABC1|1: 1046 303 84 40 13 5 1 
27557|Child_Avg|47|Mutated: 1038 303 82 40 12 5 1 
27558|Child_Cross21|58: 1047 305 83 40 13 5 1 
27559|Child_Avg|39|Mutated: 1039 304 85 40 13 4 1 
27560|Child_LevyABC2|6: 964 291 121 41 14 4 1 
27561|Child_Avg|51: 1001 297 100 41 14 4 1 
27563|Child_Avg|55: 1035 309 79 39 14 4 1 
27589|Child_LevyABC2|12: 1287 302 116 40 13 5 1 
27594|Child_Cross21|54: 971 288 90 40 13 5 1 
27602|Child_Levy|28: 966 285 83 41 11 5 1 
27603|Child_Avg|43: 987 288 86 40 13 5 1 
27604|Child_CrossABC2|2: 1112 340 89 40 13 5 1 
27626|Child_Cross12|33: 1059 311 85 40 13 5 1 
27632|Child_Cross21|30: 1082 318 85 40 13 5 1 
27634|Child_Cross21|26: 1060 311 85 40 13 5 1 
27635|Child_CrossABC1|7: 1062 311 84 40 13 5 1 
27636|Child_CrossABC1|7: 1062 311 85 40 13 5 1 
27637|Child_Cross21|10: 1066 311 84 40 13 5 1 
27638|Child_Avg|51: 1060 311 84 40 13 5 1 
27639|Child_CrossABC2|8: 1064 311 84 40 13 5 1 
27641|Child_Cross21|50: 1058 311 84 40 13 5 1 
27642|Child_CrossABC1|7: 1056 311 84 40 13 5 1 
27645|Child_Cross12|33|Mutated: 1113 309 97 40 14 5 1 
27649|Child_Avg|59: 1086 312 85 40 13 5 1 
27650|Child_Avg|47: 1073 311 84 40 13 5 1 
27651|Child_Cross21|30|Mutated: 1060 311 98 40 14 5 1 
27652|Child_CrossABC2|8: 1091 313 84 40 13 5 1 
27653|Child_Cross21|30: 1066 311 83 40 13 5 1 
27654|Child_Avg|39: 1092 311 83 40 13 5 1 
27655|Child_Cross21|34: 1073 311 83 40 14 5 1 
27656|Child_Cross21|54: 1070 311 83 40 14 5 1 
27660|Child_CrossABC1|7: 1066 311 83 40 14 5 1 
27664|Child_Cross12|1: 1091 311 83 40 14 5 1 
27665|Child_Avg|59: 1089 311 83 40 13 5 1 
27669|Child_Avg|43: 1104 311 84 40 13 5 1 
27672|Child_Avg|3: 1088 311 83 40 14 5 1 
27677|Child_LevyABC2|12: 1097 319 105 41 13 4 1 
27693|Child_LevyP2|4: 1073 307 84 40 13 5 1 
27704|Child_Avg|35: 1113 311 83 40 13 5 1 
27708|Child_Cross12|13: 1113 311 83 40 14 5 1 
27709|Child_Cross21|6: 1107 311 83 40 14 5 1 
27710|Child_Cross12|13: 1070 311 83 40 13 5 1 
27711|Child_Avg|47|Mutated: 1099 311 85 40 13 5 1 
27718|Child_CrossABC1|1: 1083 311 85 40 13 5 1 
27721|Child_Cross12|1|Mutated: 1113 311 88 40 13 5 1 
27726|Child_Avg|15: 1100 311 85 40 13 5 1 
27728|Child_Avg|43: 1100 311 84 40 13 5 1 
27734|Child_Cross12|45: 1110 311 83 40 13 5 1 
27735|Child_Cross12|45: 1091 311 83 40 13 5 1 
27736|Child_LevyABC2|12: 1073 340 101 41 14 6 1 
27739|Child_LevyABC2|12: 1101 292 95 43 14 6 1 
27742|Child_LevyABC2|6: 1120 288 95 43 14 6 1 
27745|Child_Avg|11: 1116 311 83 40 13 5 1 
27746|Child_Avg|3: 1082 311 83 40 13 5 1 
27748|Child_CrossABC2|2: 1110 311 85 40 13 5 1 
27750|Child_Cross12|29|Mutated: 1113 311 98 40 13 5 1 
27752|Child_CrossABC1|7: 1112 311 112 40 13 5 1 
27754|Child_LevyABC1|5: 1189 306 132 41 14 6 1 
27756|Child_Avg|59: 1098 307 84 40 13 5 1 
27758|Child_CrossABC2|2: 1094 307 84 40 13 5 1 
27760|Child_CrossABC2|2: 1113 311 101 40 13 5 1 
27762|Child_CrossABC2|2: 1113 311 112 40 14 5 1 
27764|Survivor|1|Mutated: 1113 281 112 40 13 5 1 
27768|Child_CrossABC1|1: 1119 278 103 40 13 5 1 
27769|Child_CrossABC1|7|Mutated: 1088 300 99 40 13 5 1 
27772|Child_Avg|47: 1085 304 90 40 13 5 1 
27775|Child_Levy|36: 1090 300 87 41 14 4 1 
27776|Child_CrossABC2|8: 1085 306 85 40 13 5 1 
27778|Child_Avg|19: 1097 309 89 40 13 5 1 
27780|Child_Cross21|50: 1086 287 83 40 13 5 1 
27781|Child_Avg|3: 1086 310 83 40 13 5 1 
27782|Child_Cross12|49: 1101 304 83 40 13 5 1 
27783|Child_Cross12|21: 1088 297 83 40 13 5 1 
27785|Child_Avg|11|Mutated: 1091 305 97 40 13 5 1 
27787|Child_Cross12|45: 1093 297 83 40 13 5 1 
27788|Child_Avg|11|Mutated: 893 305 96 40 13 5 1 
27789|Child_Cross12|41: 1094 308 83 40 13 5 1 
27790|Child_Avg|35: 990 301 89 40 13 5 1 
27795|Child_Cross12|33|Mutated: 1092 307 83 40 13 5 1 
27799|Child_LevyABC2|6: 1130 295 87 41 14 6 1 
27800|Child_Cross21|22: 1098 304 83 40 13 5 1 
27803|Child_Cross21|38: 1090 297 83 40 13 5 1 
27806|Child_Cross21|54: 1098 307 83 40 13 5 1 
27809|Child_Avg|55: 1091 299 83 40 13 5 1 
27810|Child_Cross21|26: 1101 281 83 40 13 5 1 
27812|Child_Avg|3: 1093 300 89 40 12 5 1 
27815|Child_Cross12|13: 1133 297 83 40 13 5 1 
27819|Child_Cross12|17: 1114 293 83 40 13 5 1 
27828|Survivor|1|Mutated: 1114 293 83 43 13 5 1 
27829|Child_Levy|36: 1011 271 87 39 14 4 1 
27833|Child_LevyABC1|5: 1025 318 90 35 12 5 1 
27854|Child_Cross21|22: 978 269 75 35 11 5 1 
27855|Child_Levy|56: 972 279 89 35 12 5 1 
27856|Child_CrossABC1|1: 976 265 86 35 11 5 1 
27862|Child_CrossABC1|7: 937 272 73 35 11 5 1 
27863|Child_Cross21|30: 962 268 73 35 11 5 1 
27865|Random|9: 1587 322 104 51 15 4 1 
27868|Child_Cross12|21: 1579 338 98 51 15 4 1 
27870|Child_Avg|11: 1451 319 93 47 14 4 1 
27873|Child_Cross12|33: 938 271 71 39 11 4 1 
27875|Child_Cross12|53: 1289 284 89 40 12 5 1 
27881|Child_CrossABC1|7: 1599 435 111 32 13 4 1 
27882|Child_Cross12|1: 1478 459 119 39 14 4 1 
27884|Child_Avg|59: 873 229 94 36 13 4 1 
27886|Child_Cross12|45: 1267 320 89 41 13 4 1 
27888|Child_Cross21|22: 772 231 86 41 13 4 1 
27889|Child_Cross21|22: 1152 266 83 40 13 4 1 
27890|Child_Avg|39: 871 279 82 37 14 4 1 
27891|Child_LevyP2|4: 1134 313 96 37 14 4 1 
27893|Child_Avg|35: 1124 315 91 37 14 4 1 
27894|Child_Avg|35: 884 290 113 41 13 4 1 
27896|Child_Cross12|17: 1019 280 83 36 13 4 1 
27897|Child_LevyABC2|12|Mutated: 978 296 113 36 14 5 1 
27901|Child_LevyP1|9: 1006 277 85 35 12 5 1 
27903|Child_Avg|15: 1037 288 86 40 13 4 1 
27905|Child_Levy|20: 1023 284 93 35 13 5 1 
27906|Child_Cross12|33: 1037 288 86 35 13 5 1 
27932|Child_Avg|19: 981 279 89 32 11 4 1 
27941|Child_CrossABC2|8: 925 278 83 32 11 4 1 
27942|Child_Avg|35: 1065 277 81 33 10 3 1 
27943|Child_Cross21|26: 1051 282 75 35 11 4 1 
27944|Child_Cross21|18: 1060 275 73 35 11 4 1 
27945|Child_Cross21|46: 1032 280 71 37 14 4 1 
27946|Child_Avg|31: 1039 272 76 33 9 4 1 
27955|Child_Cross12|1: 944 260 71 29 10 4 1 
27956|Child_LevyP1|3: 948 253 72 30 11 5 1 
27965|Child_LevyP1|3: 884 280 101 37 12 5 1 
27966|Child_LevyP1|3: 889 294 92 38 13 4 1 
27969|Child_CrossABC2|2: 972 277 92 32 13 5 1 
27978|Child_Levy|4: 1031 278 92 36 15 4 1 
27979|Child_Avg|35: 863 284 111 35 12 5 1 
27981|Child_Cross21|10: 1043 267 88 35 12 5 1 
27984|Child_CrossABC2|8: 970 263 90 35 12 5 1 
27985|Child_CrossABC2|2: 971 264 86 35 12 5 1 
27986|Child_Cross21|10: 945 263 86 36 13 4 1 
28001|Child_Cross21|18: 906 265 83 36 13 4 1 
28008|Child_Levy|36: 929 260 86 35 12 5 1 
28009|Child_LevyP2|4: 915 272 86 35 12 5 1 
28015|Child_CrossABC2|8: 924 274 87 35 12 5 1 
28024|Child_LevyABC1|11: 949 264 91 30 11 5 1 
28029|Child_LevyP1|3|Mutated: 958 273 89 34 16 5 1 
28045|Child_Avg|47: 1016 268 83 36 13 4 1 
28047|Child_Avg|23|Mutated: 976 267 90 39 14 4 1 
28048|Child_Avg|47: 853 271 89 35 13 5 1 
28057|Child_LevyABC2|6: 879 270 83 36 13 6 1 
28058|Child_Cross12|57: 896 268 81 32 13 4 1 
28073|Child_CrossABC1|7: 911 272 79 32 13 4 1 
28081|Child_Cross21|18: 894 261 73 32 13 4 1 
28082|Child_Avg|7: 917 275 78 31 14 4 1 
28087|Child_Cross21|18: 886 249 74 30 13 5 1 
28088|Child_Cross21|30: 921 265 74 33 14 4 1 
28093|Random|25: 2048 623 146 49 13 4 1 
28095|Child_Levy|56: 1047 259 104 38 17 5 1 
28096|Child_CrossABC2|8: 958 273 114 37 18 5 1 
28102|Child_Levy|4: 957 268 101 36 17 4 1 
28104|Child_Levy|56: 1071 313 107 40 14 5 1 
28106|Child_Levy|60: 962 257 85 41 13 4 1 
28108|Child_Avg|15: 943 262 89 36 14 5 1 
28109|Child_Cross21|26: 952 255 77 37 14 4 1 
28111|Child_Avg|27: 947 256 83 36 13 4 1 
28113|Child_Levy|36: 1365 330 116 39 16 5 1 
28122|Survivor|1|Mutated: 1365 381 116 39 16 5 1 
28124|Child_Levy|60: 1087 283 103 40 14 5 1 
28125|Child_Levy|28: 1076 328 108 41 16 6 1 
28128|Child_Cross12|1: 1094 302 93 41 14 4 1 
28131|Child_CrossABC1|1: 1079 299 99 41 14 4 1 
28137|Child_CrossABC1|7: 1062 309 102 41 14 4 1 
28140|Child_Cross12|29: 1054 285 90 37 14 4 1 
28142|Child_LevyABC2|12: 1067 269 96 40 13 5 1 
28143|Child_Cross12|53: 1063 276 90 40 13 5 1 
28144|Survivor|1|Mutated: 1063 276 90 40 13 4 1 
28145|Child_Cross12|13: 1066 273 90 41 14 4 1 
28146|Child_CrossABC1|1: 1069 276 90 40 13 4 1 
28147|Child_CrossABC2|2: 1121 296 87 36 13 4 1 
28150|Child_Levy|40: 1090 283 88 40 14 5 1 
28151|Child_Cross12|1: 1067 274 86 36 13 4 1 
28152|Child_Cross21|14: 1080 265 87 36 13 4 1 
28154|Child_Cross12|33: 1071 283 85 35 12 5 1 
28155|Child_Cross12|37|Mutated: 1073 275 86 36 13 4 1 
28170|Child_Avg|39: 1013 282 91 35 11 4 1 
28171|Child_Cross21|14: 1006 280 81 32 13 4 1 
28176|Child_CrossABC1|7: 906 264 81 32 13 4 1 
28179|Child_Levy|44: 771 238 93 38 9 4 1 
28180|Child_CrossABC2|8: 844 257 77 31 14 4 1 
28184|Child_Avg|11: 925 283 84 36 13 4 1 
28185|Child_Levy|12: 1013 278 87 36 13 4 1 
28192|Child_Avg|35|Mutated: 1143 265 72 35 13 5 1 
28196|Child_Levy|56|Mutated: 1382 346 111 39 14 5 1 
28197|Child_LevyABC1|5: 1603 407 106 40 16 5 1 
28198|Child_LevyP1|3: 1575 406 102 39 14 4 1 
28203|Child_Avg|43: 1097 276 80 37 13 4 1 
28204|Child_Avg|15: 1163 315 80 39 14 4 1 
28208|Child_Avg|51: 1090 285 89 41 13 4 1 
28211|Child_LevyABC1|11|Mutated: 1106 313 92 39 15 4 1 
28213|Child_Levy|8: 1050 278 83 38 13 5 1 
28215|Child_Levy|60: 1040 273 85 40 13 5 1 
28216|Child_Cross12|9: 1102 286 77 37 14 4 1 
28217|Child_Levy|56: 1080 269 79 41 13 4 1 
28218|Child_Cross12|37: 1065 277 71 37 14 4 1 
28219|Child_Avg|39: 972 285 83 40 13 4 1 
28222|Child_Cross21|18: 1151 284 73 35 12 5 1 
28223|Child_Avg|3: 1055 277 90 41 13 4 1 
28231|Child_Avg|15: 960 278 92 41 13 4 1 
28241|Child_Cross21|30: 988 269 87 37 14 4 1 
28245|Child_Avg|15: 932 241 86 36 13 4 1 
28280|Child_Levy|28: 1615 385 108 37 14 4 1 
28281|Child_Avg|31: 1522 416 101 39 14 4 1 
28284|Child_Avg|43: 1181 349 109 37 14 4 1 
28300|Child_Levy|24: 1157 346 102 35 13 5 1 
28311|Child_Cross21|14|Mutated: 1148 335 93 35 13 5 1 
28312|Child_Cross21|18: 1086 321 90 35 13 5 1 
28313|Child_Avg|23: 1119 330 93 35 13 5 1 
28314|Child_Cross21|22|Mutated: 1268 329 93 35 13 5 1 
28316|Child_Cross21|34: 1086 321 90 35 12 5 1 
28317|Child_Cross12|9: 1065 335 89 35 12 5 1 
28319|Child_CrossABC1|1: 1107 312 90 35 12 5 1 
28320|Child_CrossABC2|2: 1069 304 90 35 12 5 1 
28322|Child_Avg|39: 1067 298 86 35 12 5 1 
28324|Child_Avg|27: 1089 303 85 35 12 5 1 
28325|Child_Levy|20: 1080 311 86 35 12 5 1 
28327|Child_Cross21|50: 1085 307 85 35 12 5 1 
28328|Child_Cross12|1: 1074 296 85 35 12 5 1 
28330|Child_Cross12|41: 1078 304 84 35 11 5 1 
28331|Child_Avg|47: 1088 305 84 35 11 5 1 
28332|Child_Cross12|9: 1078 304 84 35 12 5 1 
28333|Child_Cross21|22: 1085 318 84 35 11 5 1 
28334|Child_Cross12|5: 1078 302 84 35 11 5 1 
28338|Child_Avg|59: 1087 306 84 35 11 5 1 
28340|Child_Cross12|9: 1082 304 84 35 11 5 1 
28343|Child_Cross12|5: 1077 302 84 35 11 5 1 
28350|Child_Cross12|45: 1085 292 84 35 11 5 1 
28356|Child_Cross12|5: 1081 305 84 35 11 5 1 
28363|Child_Cross21|30: 1078 299 84 35 11 5 1 
28372|Child_Cross21|2: 1081 291 84 35 11 5 1 
28375|Child_Cross21|38: 1081 283 84 35 11 5 1 
28378|Child_Cross21|22: 1085 258 84 35 11 5 1 
28379|Child_Cross21|26: 1080 299 84 35 11 5 1 
28385|Child_Cross12|25: 1086 267 84 35 11 5 1 
28388|Child_Cross21|10: 1085 277 84 35 11 5 1 
28411|Child_Avg|51: 1092 270 80 39 11 4 1 
28415|Child_LevyP2|10: 1207 330 123 44 14 5 1 
28417|Child_Levy|4: 1039 271 105 43 13 4 1 
28418|Child_Levy|52: 1141 309 126 43 13 5 1 
28421|Child_Levy|28: 1074 294 118 41 13 4 1 
28422|Child_CrossABC1|7: 1169 307 127 42 13 6 1 
28424|Child_Levy|56: 1094 265 91 40 14 5 1 
28425|Child_Cross21|42: 934 267 99 40 13 4 1 
28433|Child_CrossABC2|8: 926 271 98 41 13 4 1 
28437|Child_Avg|39: 907 268 99 40 13 4 1 
28442|Child_CrossABC1|1: 898 268 99 40 13 4 1 
28455|Child_Cross21|34: 901 267 86 40 12 5 1 
28456|Child_LevyP1|9: 1028 262 89 35 12 5 1 
28457|Child_Cross12|13|Mutated: 1045 247 86 37 14 4 1 
28458|Child_CrossABC2|8: 1049 225 89 36 13 4 1 
28460|Child_Levy|36: 988 265 82 39 11 4 1 
28462|Child_Avg|7: 999 263 83 40 12 5 1 
28463|Child_Cross21|14|Mutated: 925 260 82 45 13 4 1 
28464|Child_Avg|11: 993 262 83 38 11 4 1 
28465|Child_Cross12|37: 891 258 79 45 13 4 1 
28467|Child_Levy|56: 1490 476 118 39 14 4 1 
28469|Child_Avg|15: 1460 349 113 40 12 5 1 
28472|Child_Cross12|13: 1170 304 95 37 13 4 1 
28475|Child_Avg|11: 1050 295 88 40 13 4 1 
28476|Child_Cross21|26: 1050 295 88 37 13 4 1 
28477|Child_Avg|47: 1165 296 91 37 13 4 1 
28478|Child_CrossABC1|7: 1079 306 88 40 13 5 1 
28487|Child_LevyP1|9: 1046 270 88 39 14 6 1 
28497|Child_Levy|40: 1035 273 85 37 14 4 1 
28498|Child_Cross21|34: 915 278 77 37 14 4 1 
28499|Child_Cross21|46: 954 273 79 37 13 4 1 
28501|Child_Avg|39: 1011 313 80 37 14 4 1 
28504|Child_Cross12|29: 1219 281 79 37 13 4 1 
28505|Child_Cross12|29: 1026 310 79 40 12 5 1 
28508|Child_Avg|51: 1022 290 77 40 13 5 1 
28511|Child_Cross12|13: 1026 289 77 40 13 5 1 
28515|Child_Cross21|26: 963 274 76 40 13 5 1 
28516|Child_Avg|59: 1065 282 79 39 14 4 1 
28524|Child_Cross21|14: 1069 284 76 39 14 4 1 
28526|Child_Cross21|2|Mutated: 1068 300 71 36 13 4 1 
28528|Child_Levy|20: 1020 298 77 40 12 5 1 
28532|Child_Avg|55: 1307 324 103 37 12 5 1 
28535|Child_LevyP2|4: 1287 316 104 35 13 6 1 
28536|Child_LevyP2|10: 1392 333 106 42 13 6 1 
28542|Child_LevyP1|9: 1380 331 99 40 12 5 1 
28563|Child_LevyABC2|12: 1492 323 103 36 13 4 1 
28570|Survivor|1|Mutated: 1492 282 103 36 13 4 1 
28585|Survivor|1|Mutated: 1492 256 103 36 13 4 1 
28587|Child_Avg|27: 1236 274 103 41 13 4 1 
28588|Child_Cross12|57: 1142 262 101 35 12 5 1 
28592|Child_Levy|56: 1152 258 93 35 13 5 1 
28597|Child_Levy|4: 1132 264 102 35 11 5 1 
28602|Child_CrossABC2|8: 1139 262 100 35 11 5 1 
28604|Child_Cross21|54: 1169 268 87 36 13 4 1 
28608|Child_Avg|59: 1259 272 96 35 12 5 1 
28611|Child_Avg|31: 1210 274 94 35 13 5 1 
28612|Child_CrossABC1|1: 1123 282 97 35 12 5 1 
28614|Child_CrossABC1|7: 1085 300 98 35 12 5 1 
28615|Child_CrossABC1|7: 1137 296 97 35 12 5 1 
28619|Child_Cross12|5: 1166 267 85 35 12 5 1 
28620|Child_CrossABC2|8: 1126 281 98 35 12 5 1 
28621|Child_Levy|24: 1129 268 96 35 12 5 1 
28626|Child_Cross12|17: 1176 275 86 35 12 5 1 
28627|Child_Levy|20: 1119 268 95 35 13 5 1 
28628|Child_Avg|55|Mutated: 1147 271 90 35 12 5 1 
28629|Child_Cross21|26: 1149 271 87 35 12 5 1 
28630|Child_Cross12|57: 1109 266 86 32 13 4 1 
28646|Child_Avg|3|Mutated: 1062 275 92 32 13 4 1 
28656|Child_Levy|20: 1003 301 88 32 13 5 1 
28668|Child_Cross12|13: 1008 281 81 36 13 4 1 
28673|Child_CrossABC2|8: 1067 281 81 36 13 4 1 
28675|Child_CrossABC1|7: 1035 281 81 36 13 4 1 
28681|Survivor|1|Mutated: 1035 242 81 36 13 4 1 
28684|Child_Levy|48: 1037 281 75 35 11 4 1 
28686|Child_Avg|51: 1022 274 78 35 11 5 1 
28687|Child_Avg|59: 1042 277 76 35 11 4 1 
28688|Child_CrossABC2|8: 1038 283 76 35 12 5 1 
28689|Child_Cross21|26: 1010 285 73 35 12 5 1 
28690|Child_Cross21|22: 1034 279 76 36 13 4 1 
28691|Child_Avg|55: 1019 279 73 35 11 5 1 
28692|Child_Cross12|49: 1032 271 74 35 12 5 1 
28694|Child_Cross21|58: 1028 277 73 35 11 5 1 
28695|Child_CrossABC1|7: 1035 276 75 35 11 5 1 
28699|Child_Cross21|38: 1022 277 73 35 11 5 1 
28701|Child_Cross12|21: 1037 277 73 35 11 5 1 
28702|Child_Cross12|17: 1130 277 73 35 11 5 1 
28703|Child_LevyABC1|11: 1084 275 116 36 13 4 1 
28704|Child_Avg|35: 1083 277 73 35 11 5 1 
28707|Child_Cross12|49: 1031 274 73 35 11 5 1 
28711|Child_Cross21|10: 1054 274 73 35 11 5 1 
28713|Child_Cross12|1: 1060 277 73 35 11 5 1 
28714|Child_Avg|59: 1034 277 73 35 11 5 1 
28719|Child_Cross21|10: 1057 277 73 35 11 5 1 
28720|Child_Cross21|58: 1057 275 73 35 12 5 1 
28722|Child_CrossABC1|7: 1069 277 73 35 11 5 1 
28723|Child_Cross21|42: 1083 285 73 35 12 5 1 
28724|Child_Cross12|5: 1074 274 73 35 11 5 1 
28727|Child_Avg|43: 1071 274 73 35 11 5 1 
28728|Child_Cross21|50: 1033 274 73 35 11 5 1 
28729|Child_Cross12|29: 1089 274 73 35 11 5 1 
28731|Child_Avg|39: 1086 274 73 35 11 5 1 
28732|Child_Cross12|13: 1031 274 73 35 12 5 1 
28735|Child_Cross12|53: 1083 274 73 35 11 5 1 
28737|Child_Cross21|30: 1051 274 73 35 11 5 1 
28738|Child_Cross21|26: 1089 274 73 35 12 5 1 
28742|Child_Cross21|6: 1071 274 73 35 12 5 1 
28745|Child_Cross12|21: 1068 274 73 35 11 5 1 
28746|Child_Avg|43: 1066 274 73 35 11 5 1 
28748|Child_Cross21|38: 1070 247 73 35 12 5 1 
28751|Child_Cross12|17: 1048 274 73 35 12 5 1 
28752|Child_Cross21|18: 1051 274 73 35 12 5 1 
28754|Child_Cross21|26: 1069 274 73 35 11 5 1 
28755|Child_Cross21|54: 1069 274 73 35 12 5 1 
28756|Child_Levy|16: 1232 315 104 40 11 5 1 
28772|Child_Cross21|22: 925 274 73 35 11 5 1 
28776|Child_Cross21|14: 981 274 73 35 11 5 1 
28779|Child_Cross21|50: 906 274 73 35 11 5 1 
28780|Child_Cross21|10: 1048 274 73 35 11 5 1 
28781|Child_Avg|7: 943 274 73 35 11 5 1 
28783|Child_Cross12|17: 943 274 73 35 12 5 1 
28787|Child_Cross12|17: 981 274 73 35 12 5 1 
28799|Child_Cross12|57: 943 258 73 35 11 5 1 
28817|Child_Avg|27: 940 258 73 35 11 5 1 
28820|Child_CrossABC2|8: 935 258 73 35 11 5 1 
28821|Child_CrossABC2|8: 938 258 73 35 11 5 1 
28846|Child_Levy|32: 938 257 79 32 13 4 1 
28860|Child_Cross21|14: 1016 257 78 32 13 4 1 
28861|Child_Levy|12: 1369 433 112 43 11 4 1 
28863|Child_CrossABC2|8: 984 310 89 36 13 6 1 
28864|Child_LevyP2|4: 1505 428 111 40 12 5 1 
28865|Child_Cross21|22: 984 310 89 41 11 5 1 
28867|Child_Avg|7: 948 249 85 35 12 5 1 
28868|Child_Cross21|42|Mutated: 1165 313 89 40 12 5 1 
28869|Child_Levy|48: 1159 288 86 35 13 5 1 
28871|Survivor|1|Mutated: 1159 302 86 35 13 6 1 
28872|Child_Avg|47: 1061 297 89 42 11 4 1 
28873|Child_Cross12|17: 1081 310 87 42 11 4 1 
28874|Child_Levy|16: 1027 306 82 35 13 5 1 
28877|Child_Levy|28: 1077 306 87 40 12 5 1 
28878|Child_Levy|40: 1093 248 83 36 13 4 1 
28880|Child_CrossABC2|2: 1080 254 84 35 13 5 1 
28883|Child_Cross21|6: 1073 248 80 37 13 4 1 
28887|Child_Avg|3: 1104 265 76 35 13 5 1 
28888|Child_Cross21|6: 1100 249 78 35 11 5 1 
28889|Child_Avg|27|Mutated: 1136 259 78 35 12 5 1 
28890|Child_CrossABC2|8: 1107 265 77 35 13 5 1 
28892|Child_CrossABC1|1: 1064 265 77 35 13 5 1 
28897|Child_Avg|47: 1081 255 77 35 13 5 1 
28899|Child_CrossABC1|1: 1092 258 77 35 13 5 1 
28901|Child_Cross21|46|Mutated: 1113 264 76 35 13 5 1 
28907|Child_Cross12|41|Mutated: 899 258 76 35 13 5 1 
28908|Child_Cross21|34: 1081 258 76 35 13 5 1 
28910|Child_Cross21|50: 1072 255 76 35 13 5 1 
28912|Child_Avg|51|Mutated: 882 258 91 35 12 5 1 
28924|Child_CrossABC1|1: 890 258 99 35 13 5 1 
28925|Child_Cross12|5: 935 258 76 35 13 5 1 
28929|Child_Cross12|41: 905 258 76 35 13 5 1 
28930|Child_Cross12|13: 929 258 76 35 13 5 1 
28935|Child_Avg|23: 917 258 76 35 13 5 1 
28938|Child_CrossABC2|8: 917 258 91 35 13 5 1 
28939|Child_CrossABC1|7: 919 258 93 35 13 5 1 
28943|Child_CrossABC1|1: 919 258 98 35 13 5 1 
28946|Survivor|1|Mutated: 1086 258 85 35 13 5 1 
28948|Child_Cross12|9: 923 258 76 35 13 5 1 
28957|Child_Cross12|17: 917 242 76 35 13 5 1 
28965|Child_Cross21|14: 924 258 76 35 13 5 1 
28972|Child_Cross21|58: 938 261 76 35 13 5 1 
28977|Child_Cross21|6|Mutated: 928 258 89 35 13 5 1 
28981|Child_Cross21|14|Mutated: 923 267 80 35 13 5 1 
28985|Child_Avg|15: 928 258 80 35 13 5 1 
28994|Child_CrossABC1|7: 923 258 84 35 13 5 1 
29018|Child_Cross21|30: 783 221 76 35 11 4 1 
29021|Child_Avg|51: 933 254 82 35 13 5 1 
29022|Child_Avg|31: 802 239 82 37 13 4 1 
29024|Child_Avg|47: 901 258 79 35 12 5 1 
29025|Child_Avg|7: 794 234 79 32 13 5 1 
29026|Child_CrossABC2|8: 786 213 80 35 13 5 1 
29027|Child_Avg|43: 880 271 77 35 13 5 1 
29030|Child_Avg|39: 891 248 76 35 13 5 1 
29031|Child_Cross12|9|Mutated: 863 271 77 35 13 5 1 
29036|Child_Avg|11: 853 249 76 35 13 5 1 
29038|Child_CrossABC1|7: 931 249 76 35 12 5 1 
29040|Child_Cross21|34: 853 247 74 35 12 5 1 
29041|Child_Cross12|45: 863 251 74 35 12 5 1 
29042|Child_CrossABC1|7: 857 251 74 35 12 5 1 
29045|Child_Cross12|29: 859 248 74 35 12 5 1 
29046|Child_Avg|31: 882 237 73 35 12 5 1 
29050|Child_Cross21|22: 864 246 73 35 12 5 1 
29051|Child_Avg|11: 864 247 73 35 12 5 1 
29061|Child_Levy|44: 764 225 66 32 13 4 1 
29062|Child_Levy|20: 1078 286 89 40 13 4 1 
29067|Child_Avg|35: 832 239 75 33 13 4 1 
29068|Child_Avg|39: 919 247 74 36 13 4 1 
29069|Child_Levy|16: 781 249 78 35 11 5 1 
29070|Child_Cross12|53: 925 239 77 35 12 5 1 
29073|Child_CrossABC2|8: 914 236 76 35 12 5 1 
29075|Child_CrossABC1|7: 924 239 75 35 12 5 1 
29080|Child_LevyABC1|5: 933 252 74 34 9 4 1 
29081|Child_Avg|11: 896 238 74 35 12 5 1 
29082|Child_Cross21|2: 911 240 73 36 13 4 1 
29084|Child_Avg|19: 869 239 73 36 13 4 1 
29085|Child_CrossABC2|2: 944 239 73 36 13 4 1 
29088|Child_CrossABC2|8: 983 239 73 36 13 4 1 
29089|Child_CrossABC1|1: 981 239 73 36 13 4 1 
29090|Child_Cross12|21: 921 244 73 35 12 5 1 
29092|Child_Cross21|6: 878 248 73 36 13 4 1 
29102|Child_Avg|43: 1163 274 102 41 13 4 1 
29107|Child_Avg|7|Mutated: 932 246 81 37 13 4 1 
29108|Child_CrossABC1|7|Mutated: 1168 274 99 44 13 4 1 
29110|Child_Cross21|42: 931 248 78 35 12 5 1 
29111|Child_LevyP1|9|Mutated: 1165 283 96 35 12 5 1 
29118|Child_CrossABC1|1: 950 287 78 35 12 5 1 
29120|Child_Avg|31|Mutated: 1047 305 94 35 13 5 1 
29122|Child_CrossABC2|8: 1084 293 91 35 11 5 1 
29150|Child_CrossABC1|7: 951 254 74 34 9 4 1 
29151|Child_Avg|39: 1016 257 84 35 11 5 1 
29152|Child_Avg|43: 1076 262 87 34 11 4 1 
29153|Child_LevyP2|10: 1179 278 91 33 12 5 1 
29156|Child_Levy|12: 1063 267 85 32 13 5 1 
29159|Child_CrossABC2|2: 1037 268 83 31 14 5 1 
29160|Child_Avg|27: 1098 295 106 31 14 4 1 
29164|Child_LevyABC2|12: 1075 290 110 32 17 6 1 
29165|Child_Avg|35: 1087 291 109 31 14 5 1 
29166|Child_Avg|27: 1010 270 91 31 14 5 1 
29167|Child_CrossABC1|1: 1098 270 89 41 14 5 1 
29168|Child_Cross12|45: 1024 267 85 40 13 4 1 
29175|Child_Avg|59: 962 263 80 37 13 4 1 
29183|Child_Avg|43: 1665 424 117 45 13 4 1 
29184|Child_Avg|7: 989 256 80 37 13 4 1 
29187|Child_Avg|19: 964 267 76 35 11 5 1 
29188|Child_Cross12|41: 916 255 76 41 13 4 1 
29189|Child_Levy|12: 1015 253 82 37 13 4 1 
29190|Child_Cross12|49|Mutated: 820 285 89 41 13 4 1 
29199|Child_Levy|8: 990 294 83 40 14 5 1 
29207|Child_Cross21|42: 1007 258 81 39 16 5 1 
29213|Child_Cross21|2: 942 232 79 39 16 5 1 
29217|Child_Avg|19|Mutated: 1174 305 99 41 14 4 1 
29218|Survivor|1|Mutated: 1174 254 99 41 11 4 1 
29219|Child_Levy|28: 1077 251 86 38 13 5 1 
29220|Child_CrossABC1|1: 986 254 94 41 11 4 1 
29221|Child_Avg|47: 1103 261 108 35 11 4 1 
29222|Child_Levy|60: 1849 425 134 45 16 5 1 
29223|Child_LevyP2|4|Mutated: 1821 418 130 45 16 5 1 
29225|Child_Cross21|34: 1154 298 105 41 13 4 1 
29226|Child_Avg|35: 1386 330 111 40 13 5 1 
29232|Survivor|1|Mutated: 1386 330 103 40 13 5 1 
29240|Child_Cross21|50: 1162 321 97 40 13 5 1 
29248|Child_Levy|4: 1095 311 87 41 13 4 1 
29250|Child_CrossABC2|2: 1151 328 89 40 13 5 1 
29252|Child_CrossABC1|1: 1097 315 88 41 13 4 1 
29253|Child_Cross12|17: 1104 314 90 39 14 6 1 
29260|Child_Avg|31: 1099 306 88 40 13 5 1 
29264|Child_Levy|52|Mutated: 1081 295 106 40 12 5 1 
29271|Child_Cross12|21: 1075 292 81 40 12 5 1 
29272|Child_Cross12|29: 1286 268 99 40 12 5 1 
29273|Child_Cross21|14: 1084 293 86 40 12 5 1 
29274|Child_CrossABC1|1: 1147 249 106 40 12 5 1 
29278|Child_Avg|51: 1146 274 93 40 12 5 1 
29279|Child_Avg|55: 1045 287 79 40 12 5 1 
29280|Child_Cross21|34: 1146 274 93 32 13 4 1 
29285|Child_Avg|11: 1147 285 80 37 13 4 1 
29291|Child_CrossABC2|8: 1131 274 85 37 14 4 1 
29300|Child_CrossABC2|8: 1136 288 100 45 14 6 1 
29302|Survivor|1|Mutated: 1136 288 100 45 16 6 1 
29303|Child_Avg|55: 1205 287 93 40 14 5 1 
29307|Child_Avg|39: 1498 327 132 45 13 4 1 
29309|Child_LevyABC2|12: 1444 278 113 44 14 5 1 
29310|Child_Cross12|13: 1118 275 83 33 14 4 1 
29314|Child_Cross12|29: 1080 283 76 36 13 4 1 
29316|Child_Avg|39: 880 273 92 33 12 5 1 
29321|Child_Levy|48: 928 254 80 35 13 5 1 
29322|Child_Cross12|33: 1092 263 72 35 13 5 1 
29323|Child_Levy|32: 974 262 78 35 11 4 1 
29324|Child_Levy|40: 935 302 112 35 13 5 1 
29325|Child_CrossABC2|2: 909 311 130 35 13 5 1 
29329|Child_CrossABC2|8: 1037 300 89 35 13 5 1 
29357|Child_CrossABC2|8: 1039 293 101 35 12 5 1 
29361|Child_Cross21|10: 1079 303 86 35 12 5 1 
29368|Child_Cross12|1: 1122 308 85 35 12 5 1 
29370|Child_Avg|23: 987 289 81 32 13 4 1 
29400|Child_CrossABC2|8: 936 271 102 36 13 4 1 
29403|Child_LevyP1|9: 947 256 113 35 12 5 1 
29409|Child_CrossABC1|1: 970 257 89 35 12 5 1 
29410|Child_Cross12|5: 943 267 96 35 12 5 1 
29413|Child_Cross21|26: 961 271 85 35 12 5 1 
29415|Child_Levy|48: 956 269 84 35 11 5 1 
29445|Child_Cross21|38: 1094 303 91 35 11 5 1 
29452|Child_CrossABC2|2: 966 282 84 35 11 5 1 
29455|Survivor|1|Mutated: 1077 282 84 35 13 5 1 
29456|Child_Levy|52: 956 271 80 35 11 5 1 
29458|Child_Avg|39: 934 265 78 35 11 4 1 
29459|Child_Cross12|29: 993 272 73 35 11 5 1 
29460|Child_CrossABC1|1: 934 261 76 35 11 4 1 
29461|Child_Cross12|53: 941 259 73 35 11 4 1 
29463|Child_CrossABC2|8: 935 268 74 36 11 5 1 
29465|Child_LevyP2|4|Mutated: 944 261 84 37 13 4 1 
29466|Child_Avg|31: 890 257 71 35 11 5 1 
29467|Child_Avg|51: 891 246 77 35 12 5 1 
29470|Child_Levy|48: 948 279 75 35 11 5 1 
29472|Child_Levy|16: 966 261 83 37 12 5 1 
29475|Child_Cross12|37: 919 258 71 36 11 5 1 
29476|Child_Avg|51: 930 255 74 36 11 4 1 
29477|Child_Avg|27: 930 258 75 35 11 4 1 
29479|Child_CrossABC2|8: 957 257 75 35 11 4 1 
29480|Child_Avg|11: 1515 395 109 45 14 4 1 
29482|Child_Avg|39: 1108 290 83 37 12 5 1 
29486|Child_CrossABC1|7: 1033 262 95 37 12 5 1 
29488|Child_Avg|59|Mutated: 1071 313 84 35 11 4 1 
29496|Child_CrossABC2|8: 1075 317 87 35 11 4 1 
29497|Child_Cross12|49: 1090 289 76 40 13 5 1 
29498|Child_Cross12|1: 1052 277 76 36 13 4 1 
29499|Child_Avg|19: 1093 297 76 35 11 4 1 
29505|Child_Avg|23: 1112 286 75 35 11 4 1 
29507|Child_Avg|55: 1090 296 75 35 11 4 1 
29512|Child_Cross21|2: 1096 288 73 35 11 4 1 
29513|Child_Avg|11: 1056 271 80 35 11 4 1 
29516|Child_Cross21|18: 1034 274 73 35 11 4 1 
29521|Child_CrossABC2|8: 1096 250 73 35 11 4 1 
29534|Child_LevyP2|10: 1107 279 86 35 12 5 1 
29536|Child_Levy|24: 1520 346 107 46 13 4 1 
29551|Child_CrossABC2|2: 1115 385 98 38 17 5 1 
29555|Child_Cross21|22: 1128 300 85 41 13 4 1 
29556|Child_Avg|11: 1343 322 102 40 13 5 1 
29565|Child_Cross12|17: 1163 322 90 40 13 4 1 
29566|Child_Avg|27: 1109 333 90 41 13 4 1 
29585|Child_Levy|8: 1002 305 89 41 13 4 1 
29586|Child_CrossABC1|1: 1124 331 89 41 13 4 1 
29594|Child_Avg|47: 1369 324 111 45 13 5 1 
29600|Child_Levy|52: 1322 326 109 45 14 5 1 
29601|Child_LevyABC2|6: 1290 312 108 37 14 4 1 
29606|Child_Cross12|25: 1204 309 114 37 14 4 1 
29620|Child_CrossABC1|1: 1194 315 113 37 14 4 1 
29633|Child_Avg|15: 1135 305 104 38 13 5 1 
29634|Child_Avg|27: 1130 307 108 39 14 4 1 
29636|Child_Cross21|50: 1127 299 97 40 13 5 1 
29639|Child_Cross21|42: 1136 307 97 40 13 5 1 
29646|Survivor|1|Mutated: 1127 307 97 40 13 5 1 
29648|Child_Avg|23: 1057 278 90 40 13 5 1 
29650|Child_Cross12|33: 1063 283 89 40 13 5 1 
29653|Child_Levy|40: 1141 292 99 40 12 5 1 
29657|Child_LevyP1|9: 1152 294 96 41 13 4 1 
29658|Child_LevyABC1|5: 1053 297 93 40 12 5 1 
29670|Child_Levy|52|Mutated: 1103 279 89 41 13 4 1 
29673|Child_Cross21|26: 1080 282 83 40 14 5 1 
29674|Child_Avg|39: 1073 284 85 41 13 4 1 
29678|Child_CrossABC1|1: 1074 285 87 41 13 4 1 
29679|Child_LevyP2|10: 1063 288 87 41 13 4 1 
29683|Child_Cross12|25: 1068 283 84 40 14 5 1 
29684|Child_Cross12|13: 1148 285 79 41 13 4 1 
29685|Child_LevyP2|10: 1074 278 156 41 13 4 1 
29686|Child_Avg|23: 1100 277 89 41 13 4 1 
29690|Child_CrossABC2|2: 1143 273 97 40 13 5 1 
29692|Survivor|1|Mutated: 1143 266 97 40 13 5 1 
29700|Child_Avg|11: 1104 271 98 40 13 5 1 
29709|Child_Avg|59: 1537 339 102 41 13 4 1 
29710|Child_CrossABC2|2: 1105 303 96 40 13 5 1 
29711|Child_Cross12|21: 1030 251 87 39 11 4 1 
29712|Child_Cross21|6: 1064 256 82 39 11 4 1 
29714|Child_Avg|7: 1034 253 85 40 12 5 1 
29715|Child_CrossABC2|8: 1042 239 93 34 16 5 1 
29716|Child_Levy|4: 1020 264 85 42 12 5 1 
29717|Child_Levy|12: 1069 253 86 37 13 4 1 
29718|Child_Avg|55: 1062 262 89 36 15 4 1 
29721|Child_LevyP2|10: 1058 267 90 35 14 6 1 
29723|Child_Avg|59: 1057 251 83 39 14 4 1 
29725|Child_Avg|47: 1080 257 89 40 14 5 1 
29726|Child_CrossABC2|2: 1076 262 91 41 14 6 1 
29735|Child_Cross21|22: 925 250 81 43 14 6 1 
29737|Child_CrossABC1|1: 1069 325 99 37 14 6 1 
29740|Child_Levy|24: 1150 329 95 37 13 4 1 
29741|Child_Avg|15: 1097 281 110 40 12 5 1 
29742|Child_Cross21|46: 1022 306 84 35 13 5 1 
29743|Child_Avg|39: 1059 262 126 40 13 4 1 
29744|Child_Avg|59|Mutated: 1021 296 95 35 13 5 1 
29748|Child_CrossABC2|2: 1021 298 94 35 13 5 1 
29749|Child_Avg|31: 1073 290 99 36 13 4 1 
29751|Child_LevyP1|3: 1066 291 91 37 14 6 1 
29757|Child_Cross12|21: 1026 279 89 37 14 6 1 
29758|Child_Avg|47: 1024 278 89 35 13 5 1 
29759|Survivor|1|Mutated: 1189 278 89 35 13 5 1 
29761|Child_Avg|35: 1025 285 86 36 13 4 1 
29762|Child_LevyP2|4: 1024 288 95 37 12 5 1 
29763|Child_Cross21|2: 1055 287 86 37 14 6 1 
29786|Child_Avg|7: 976 269 82 37 14 6 1 
29787|Child_Cross21|6|Mutated: 994 262 91 31 14 4 1 
29790|Child_Avg|3|Mutated: 914 300 85 41 13 4 1 
29791|Child_CrossABC2|8: 955 272 93 37 13 4 1 
29797|Survivor|1|Mutated: 924 272 93 37 13 4 1 
29807|Child_CrossABC2|8: 927 281 87 36 13 4 1 
29808|Child_Cross12|1: 1034 288 76 41 13 4 1 
29809|Child_Avg|27: 879 249 76 36 13 4 1 
29817|Child_CrossABC1|7|Mutated: 875 244 83 36 13 4 1 
29822|Child_Levy|36: 885 247 78 35 12 5 1 
29823|Child_Cross12|25: 902 253 76 36 13 4 1 
29828|Child_Avg|51: 1145 314 129 40 13 5 1 
29833|Child_Levy|40: 1062 283 102 41 14 6 1 
29837|Child_LevyP1|3: 1061 286 111 40 13 5 1 
29844|Child_Cross21|22: 1035 274 103 40 13 5 1 
29846|Child_Cross12|9: 983 264 95 40 12 5 1 
29853|Child_LevyP1|3: 938 244 93 40 12 5 1 
29856|Child_Cross12|57: 937 273 89 40 12 5 1 
29860|Survivor|1|Mutated: 937 248 89 40 12 5 1 
29861|Child_Cross21|2: 938 263 90 40 12 5 1 
29862|Child_Cross12|37: 979 269 85 41 13 4 1 
29863|Child_Cross12|29: 976 265 86 40 12 5 1 
29864|Child_Cross12|33: 946 267 87 40 12 5 1 
29866|Child_Cross21|50: 944 267 87 40 12 5 1 
29867|Child_Cross21|10: 941 271 86 40 12 5 1 
29868|Child_Avg|43: 1004 267 84 40 13 5 1 
29869|Child_CrossABC1|1: 1034 271 86 40 14 5 1 
29872|Child_Levy|32: 924 273 81 40 12 5 1 
29880|Child_Avg|11: 924 275 89 40 12 5 1 
29887|Child_CrossABC2|8: 930 268 81 40 12 5 1 
29888|Child_LevyP2|4: 917 269 80 35 11 4 1 
29889|Child_Levy|16: 941 268 83 42 13 6 1 
29894|Child_Cross12|29: 930 276 77 41 13 4 1 
29904|Child_CrossABC1|1: 930 273 77 41 13 4 1 
29905|Child_Cross12|37: 926 271 75 40 12 5 1 
29906|Child_Avg|7: 900 268 77 41 13 4 1 
29911|Child_Cross21|50: 921 269 72 41 13 4 1 
29912|Child_Avg|35: 949 271 75 40 13 4 1 
29914|Child_Levy|20: 942 267 75 40 13 5 1 
29915|Child_CrossABC1|1: 934 272 75 40 13 5 1 
29917|Child_CrossABC1|1: 942 272 80 37 13 4 1 
29923|Child_CrossABC2|8: 932 276 80 37 13 4 1 
29925|Child_CrossABC1|1: 939 283 78 35 11 5 1 
29928|Child_CrossABC1|7: 960 289 85 35 12 5 1 
29929|Child_CrossABC1|7: 952 287 93 35 13 5 1 
29930|Child_Avg|11: 930 284 76 35 11 5 1 
29931|Child_Levy|20: 952 281 81 37 14 4 1 
29932|Child_CrossABC1|7: 918 279 78 35 12 5 1 
29933|Child_Cross12|33: 932 272 73 35 12 5 1 
29935|Child_Levy|40: 1225 299 86 40 14 5 1 
29936|Child_Avg|43: 845 248 99 35 11 5 1 
29939|Child_Avg|7: 865 259 73 35 13 5 1 
29941|Child_Cross12|45: 931 262 73 35 13 5 1 
29944|Child_Cross12|41: 869 268 71 36 13 4 1 
29945|Child_Levy|28: 924 274 74 35 12 5 1 
29948|Child_Levy|48|Mutated: 909 313 73 35 12 5 1 
29951|Child_CrossABC1|7: 905 275 73 35 12 5 1 
29956|Child_LevyP1|3|Mutated: 939 278 74 32 13 4 1 
29957|Child_Cross21|30: 893 261 73 35 12 5 1 
29963|Child_Avg|3: 1096 309 107 36 13 4 1 
29964|Child_Avg|11: 1407 344 102 42 13 4 1 
29967|Child_Avg|51|Mutated: 1540 369 111 48 13 5 1 
29968|Child_Cross12|1: 1407 344 102 48 13 5 1 
29972|Child_Cross12|45: 1477 321 100 41 13 4 1 
29976|Child_Cross12|13: 1287 314 90 40 13 5 1 
29977|Child_Cross12|53: 1040 283 90 40 12 5 1 
29979|Child_Avg|59: 1112 297 85 40 13 5 1 
29987|Child_Cross21|18: 1064 287 88 40 13 5 1 
29990|Child_CrossABC2|2: 1091 304 87 40 13 5 1 
29991|Child_CrossABC1|7: 1064 275 88 40 13 5 1 
29998|Child_CrossABC1|7: 1084 275 76 40 13 5 1 
30004|Child_Avg|7: 1087 284 76 39 14 4 1 
30005|Child_LevyP2|4: 1075 276 81 41 13 4 1 
30007|Child_CrossABC2|2: 1106 271 84 40 13 5 1 
30010|Child_Levy|20: 1115 276 82 39 11 4 1 
30011|Child_Avg|15: 1094 271 79 40 12 5 1 
30014|Child_LevyABC2|6: 1069 284 108 38 13 5 1 
30018|Child_CrossABC2|8: 1136 294 100 43 13 5 1 
30030|Child_Levy|56: 1144 359 133 43 14 4 1 
30040|Child_Cross12|37: 1170 323 103 41 13 4 1 
30041|Child_Cross12|13: 1078 318 113 35 12 5 1 
30048|Child_Cross21|46: 1185 356 97 33 14 4 1 
30049|Child_Avg|59: 1097 315 96 35 12 5 1 
30050|Child_Avg|31: 1092 318 98 35 12 5 1 
30053|Child_Avg|15: 1103 308 97 35 12 5 1 
30054|Child_Cross12|17: 1092 304 98 35 12 5 1 
30061|Child_Cross12|57: 1092 302 98 35 11 5 1 
30062|Child_Avg|3: 1092 274 97 35 11 5 1 
30063|Child_Cross12|13: 1067 302 95 35 11 5 1 
30065|Child_CrossABC2|8: 1068 303 95 35 11 5 1 
30066|Child_Avg|15: 1060 301 95 35 11 5 1 
30068|Child_Cross21|10: 1085 303 95 35 11 5 1 
30071|Child_Cross12|21: 1060 303 95 35 11 5 1 
30074|Child_Cross12|53|Mutated: 1063 301 95 35 13 5 1 
30075|Child_Cross21|22: 1065 302 95 35 13 5 1 
30079|Child_Cross12|57: 1067 302 95 35 13 5 1 
30082|Child_Cross12|13: 1142 302 95 35 13 5 1 
30083|Child_CrossABC1|1|Mutated: 1066 301 95 35 13 5 1 
30084|Child_CrossABC1|1: 1066 302 95 35 13 5 1 
30088|Child_Cross12|25: 1082 302 95 35 13 5 1 
30090|Child_Avg|35: 1082 301 95 35 13 5 1 
30096|Child_Cross21|2|Mutated: 1075 301 99 35 13 5 1 
30098|Child_Avg|27: 1060 301 95 35 13 5 1 
30100|Child_Cross12|13: 1075 302 95 35 13 5 1 
30101|Child_Avg|27: 1070 301 95 35 13 5 1 
30103|Child_CrossABC2|2: 1075 301 95 35 13 5 1 
30111|Child_Cross21|18: 1069 301 95 35 13 5 1 
30113|Child_Avg|51: 1076 301 95 35 13 5 1 
30114|Child_Cross21|18: 1055 302 95 35 13 5 1 
30119|Child_Cross21|30: 1073 302 95 35 13 5 1 
30120|Child_Cross12|5: 1079 301 95 35 13 5 1 
30121|Child_Cross21|34: 1091 301 95 35 13 5 1 
30141|Child_Cross21|34: 1070 303 95 35 13 5 1 
30142|Child_Cross12|53: 1108 302 95 35 13 5 1 
30149|Child_Avg|35: 1072 301 95 35 13 5 1 
30157|Child_Cross21|6: 1095 301 95 35 13 5 1 
30160|Child_Cross12|17: 1057 301 95 35 13 5 1 
30162|Child_CrossABC2|2: 1079 301 99 35 13 5 1 
30168|Child_Cross12|25: 1088 301 95 35 13 5 1 
30187|Child_Cross12|57: 1075 306 95 35 13 5 1 
30189|Child_Cross21|50: 1093 302 95 35 13 5 1 
30195|Child_Avg|35: 1090 302 95 35 13 5 1 
30201|Child_Avg|31: 1107 301 95 35 13 5 1 
30204|Child_Cross12|13: 1110 301 95 35 13 5 1 
30206|Child_CrossABC2|8: 1029 309 95 35 13 5 1 
30209|Child_CrossABC2|8: 1082 301 102 35 13 5 1 
30210|Child_Cross21|58: 1095 289 95 35 13 5 1 
30223|Child_Avg|39: 835 223 110 32 13 4 1 
30224|Child_Cross21|14: 1167 245 95 32 13 4 1 
30225|Child_LevyP1|3: 1139 367 107 39 14 4 1 
30229|Child_Levy|40: 1173 334 104 40 13 5 1 
30230|Child_CrossABC1|7: 1130 346 129 40 13 5 1 
30234|Child_CrossABC2|2: 1135 302 112 40 13 5 1 
30239|Child_CrossABC1|1: 1172 316 113 40 13 4 1 
30255|Child_Avg|31: 1105 300 99 40 13 4 1 
30260|Survivor|1|Mutated: 1054 300 99 40 13 4 1 
30261|Child_Cross21|34: 1095 309 89 40 13 4 1 
30262|Child_Cross12|13: 1120 305 88 40 13 4 1 
30263|Child_Avg|15: 1079 304 89 40 13 5 1 
30266|Child_Avg|27: 1099 301 88 40 13 5 1 
30272|Child_Avg|51: 1121 302 88 40 13 5 1 
30285|Child_LevyP1|3|Mutated: 1114 286 127 41 14 6 1 
30294|Child_Avg|43: 1081 290 103 40 13 5 1 
30300|Child_Cross12|57: 1073 292 90 40 13 5 1 
30302|Child_Avg|59|Mutated: 1082 293 100 41 14 6 1 
30316|Child_Avg|27: 1484 357 114 39 16 5 1 
30323|Child_CrossABC1|1: 1447 325 121 39 16 5 1 
30334|Child_LevyP2|4: 1483 335 123 39 16 5 1 
30340|Child_LevyABC2|6: 1087 326 134 45 14 6 1 
30341|Child_Cross12|37: 1135 301 94 37 14 4 1 
30344|Child_Cross21|54: 1145 307 94 37 14 4 1 
30345|Child_Cross12|49: 1167 310 97 36 13 4 1 
30350|Child_Cross12|57: 1142 308 93 37 13 4 1 
30351|Child_Cross21|46: 1144 308 93 37 13 4 1 
30355|Child_Cross21|46: 1187 337 93 37 13 4 1 
30356|Child_Avg|27: 1126 311 89 36 13 4 1 
30357|Child_Cross12|49: 1143 306 91 37 14 4 1 
30364|Child_Levy|40|Mutated: 1117 290 107 51 16 5 1 
30365|Child_CrossABC1|1: 1176 277 86 36 13 4 1 
30370|Child_Cross12|21: 1056 296 107 45 13 4 1 
30371|Child_Cross21|38: 867 285 86 36 13 4 1 
30385|Child_LevyABC1|5: 1018 287 89 35 12 5 1 
30387|Child_CrossABC1|1: 996 272 86 35 12 5 1 
30389|Child_Levy|40: 1017 288 86 36 13 4 1 
30390|Child_Cross12|53: 1022 286 77 35 12 5 1 
30399|Child_Avg|11: 1049 267 78 35 11 5 1 
30400|Child_CrossABC2|8: 1060 286 77 40 12 5 1 
30401|Child_Cross21|58|Mutated: 1020 249 76 35 13 5 1 
30405|Child_Cross21|38: 1000 277 75 35 11 5 1 
30406|Child_CrossABC1|1: 1097 255 76 35 13 5 1 
30424|Child_Avg|39: 1060 267 73 35 12 5 1 
30425|Child_Cross12|53: 1150 281 73 35 12 5 1 
30426|Child_CrossABC2|8: 1100 261 73 35 12 5 1 
30430|Child_Avg|43: 1057 259 73 35 12 5 1 
30442|Child_Avg|7: 1100 285 88 36 11 5 1 
30447|Child_Levy|20: 1075 264 77 37 13 5 1 
30450|Random|18: 1360 384 89 35 11 4 1 
30451|Child_Cross12|33: 1066 255 71 36 11 4 1 
30452|Child_CrossABC1|7: 1229 283 87 36 13 4 1 
30460|Child_Cross21|18: 948 263 84 40 13 5 1 
30470|Child_CrossABC2|2: 1071 286 90 40 13 5 1 
30471|Child_Avg|15: 878 250 77 40 13 5 1 
30472|Child_CrossABC1|7: 1064 308 104 37 12 5 1 
30473|Child_Levy|4: 1088 294 87 41 14 6 1 
30481|Child_CrossABC2|2: 1036 273 82 35 13 5 1 
30483|Child_Avg|55: 1037 277 80 35 13 5 1 
30484|Child_LevyABC2|6: 1079 275 96 33 14 4 1 
30494|Child_Cross21|6: 1103 297 89 35 13 5 1 
30505|Child_CrossABC2|2: 1100 272 86 35 11 5 1 
30506|Child_Avg|51: 1030 297 85 40 13 5 1 
30517|Child_LevyP1|9: 1092 288 101 35 12 5 1 
30518|Survivor|1|Mutated: 1092 288 101 42 12 5 1 
30520|Child_LevyP1|3: 1089 286 105 41 13 4 1 
30523|Child_CrossABC1|7: 1089 279 137 45 13 4 1 
30527|Child_Levy|52: 1036 279 102 41 13 4 1 
30530|Child_Cross21|38|Mutated: 1013 282 92 41 13 4 1 
30539|Child_Cross12|57: 1003 277 89 41 13 4 1 
30540|Child_Cross12|33: 1009 279 92 32 13 4 1 
30561|Child_CrossABC2|2: 1035 279 92 32 13 4 1 
30562|Child_Avg|55: 1329 326 102 35 13 5 1 
30565|Child_Levy|24: 971 272 80 31 14 4 1 
30566|Child_Avg|19: 965 256 82 32 13 4 1 
30567|Child_Cross12|13|Mutated: 991 275 81 31 14 4 1 
30572|Child_Levy|32: 1503 467 156 45 16 5 1 
30578|Child_Levy|28: 1163 351 106 41 14 6 1 
30582|Child_Levy|52: 1086 323 97 40 13 5 1 
30591|Child_Avg|11: 1077 319 100 41 13 4 1 
30592|Child_Levy|32: 1040 313 90 40 13 5 1 
30593|Child_CrossABC1|7: 1046 309 89 40 12 5 1 
30597|Child_Cross12|57: 1039 309 89 41 13 4 1 
30598|Child_Cross21|6: 1039 309 89 40 12 5 1 
30601|Child_Avg|51: 1081 300 96 39 14 4 1 
30605|Child_Avg|19: 1069 306 101 40 13 4 1 
30609|Child_CrossABC1|1: 1066 309 111 40 13 4 1 
30612|Child_Levy|60: 1076 305 99 42 13 4 1 
30613|Child_CrossABC2|8: 1049 306 99 42 13 4 1 
30614|Child_Avg|11: 1072 311 89 41 13 4 1 
30615|Child_LevyABC1|5: 1073 323 103 40 12 5 1 
30644|Survivor|1|Mutated: 1073 323 103 40 13 5 1 
30645|Survivor|1|Mutated: 1073 323 116 40 13 5 1 
30651|Child_LevyABC1|5: 1087 310 119 37 14 6 1 
30665|Child_Cross12|57: 891 282 103 41 13 4 1 
30667|Child_Avg|23: 975 284 103 35 13 5 1 
30668|Child_Cross21|54: 1140 342 103 41 13 4 1 
30671|Child_Cross21|26: 995 291 98 41 13 4 1 
30672|Child_LevyP2|4: 1064 306 100 45 12 5 1 
30673|Child_CrossABC2|2: 961 279 98 39 11 4 1 
30675|Child_Avg|23: 1062 325 96 40 13 5 1 
30676|Child_Cross21|10: 911 293 97 35 13 5 1 
30678|Child_Avg|59: 1022 301 96 37 14 4 1 
30689|Child_Cross12|17: 1040 320 91 37 14 4 1 
30690|Child_Avg|31: 1064 299 94 36 13 4 1 
30692|Child_Cross21|2: 1041 309 91 37 14 4 1 
30694|Child_Avg|35: 1065 322 97 36 13 4 1 
30707|Child_CrossABC2|8: 1064 323 94 36 13 4 1 
30713|Child_Cross21|10: 1081 312 83 36 13 4 1 
30715|Child_Avg|39: 1044 283 83 36 13 4 1 
30717|Child_CrossABC2|2: 1053 298 83 36 13 4 1 
30719|Child_Cross12|5|Mutated: 1026 286 93 36 13 4 1 
30722|Child_Cross12|5: 1050 292 83 36 13 4 1 
30725|Child_Avg|27: 1040 291 81 36 13 4 1 
30729|Child_CrossABC1|7: 1058 286 82 37 12 5 1 
30730|Child_CrossABC2|8: 1037 285 80 36 13 4 1 
30731|Child_Cross12|21: 983 290 81 37 12 5 1 
30732|Child_Levy|12: 996 293 80 36 13 4 1 
30733|Child_Levy|28: 986 291 75 35 12 5 1 
30738|Child_Cross21|38: 987 279 77 35 12 5 1 
30739|Child_Avg|31: 1080 288 75 35 11 5 1 
30749|Child_CrossABC2|2: 1079 285 73 35 12 5 1 
30754|Child_Cross21|54|Mutated: 1073 282 74 35 12 5 1 
30760|Child_LevyABC2|6: 1114 288 87 36 13 4 1 
30768|Child_Cross12|49: 1082 285 73 35 12 5 1 
30770|Survivor|1|Mutated: 1064 284 86 35 11 5 1 
30795|Child_Cross21|26: 1121 284 73 35 12 5 1 
30803|Child_Avg|51: 1043 284 73 35 12 5 1 
30820|Random|15: 1225 325 111 48 17 4 1 
30821|Child_Avg|43: 1035 285 85 41 13 4 1 
30825|Child_Avg|51: 1130 300 86 45 13 4 1 
30829|Child_Avg|19: 1053 287 83 39 14 4 1 
30832|Child_Cross12|53: 1101 281 79 39 14 4 1 
30834|Child_Avg|7: 1214 386 103 37 14 4 1 
30842|Child_Levy|52: 1177 319 89 35 12 5 1 
30849|Child_Cross21|14: 1141 321 78 35 12 5 1 
30850|Child_Avg|31: 1067 310 84 35 11 5 1 
30852|Child_CrossABC1|1: 1106 318 85 35 12 5 1 
30858|Child_CrossABC2|8: 1193 294 85 35 12 5 1 
30863|Child_CrossABC2|2: 1089 287 90 35 12 5 1 
30869|Child_Avg|11|Mutated: 1150 296 94 35 13 5 1 
30871|Child_Avg|27|Mutated: 1192 294 106 35 13 5 1 
30873|Child_Avg|31: 1065 295 86 35 12 5 1 
30874|Child_CrossABC2|8: 1119 291 86 35 12 5 1 
30890|Child_LevyP1|3: 1141 275 87 36 13 4 1 
30891|Child_Cross21|10: 930 243 86 35 11 5 1 
30892|Child_Avg|15: 1119 289 86 35 11 5 1 
30900|Child_Cross21|22: 1039 284 84 35 11 5 1 
30901|Child_Avg|51: 1016 293 84 35 11 5 1 
30902|Child_Avg|39: 1038 278 84 35 11 5 1 
30903|Child_Cross21|30: 987 269 84 35 11 5 1 
30904|Child_Cross21|46: 1055 282 84 35 11 5 1 
30905|Child_Cross21|2: 1076 282 84 35 11 5 1 
30906|Child_Cross21|26: 1029 269 84 35 11 5 1 
30907|Child_Cross12|5: 1050 278 84 35 11 5 1 
30909|Child_Cross21|46: 1127 278 84 35 11 5 1 
30911|Child_Cross12|29: 949 269 84 35 11 5 1 
30912|Child_CrossABC1|1: 1050 281 84 35 11 5 1 
30913|Child_Cross21|30: 1042 288 84 35 11 5 1 
30914|Child_Cross12|1: 961 271 84 35 11 5 1 
30916|Child_Avg|47: 1057 281 84 35 11 5 1 
30918|Child_Cross12|21: 1050 279 84 35 11 5 1 
30921|Child_Cross12|17: 1077 281 84 35 11 5 1 
30922|Child_CrossABC1|1: 1097 282 84 35 11 5 1 
30924|Child_Cross21|10|Mutated: 1050 281 97 35 11 5 1 
30946|Child_Avg|11: 1050 281 97 35 12 5 1 
30950|Child_Levy|28: 1102 279 95 35 13 6 1 
30952|Child_Levy|56: 1093 262 100 41 13 4 1 
30961|Child_Avg|15: 1060 272 89 36 13 4 1 
30962|Child_CrossABC2|2: 1083 262 94 41 13 4 1 
30967|Child_CrossABC2|8: 1126 264 89 41 13 4 1 
30968|Child_Cross21|14: 1096 275 88 40 14 5 1 
30970|Child_Avg|7: 1127 272 85 41 13 4 1 
30975|Child_Cross12|49: 1120 272 85 41 13 4 1 
30978|Child_Avg|55: 1042 272 85 41 13 4 1 
30979|Child_Cross12|53: 1090 272 85 41 13 4 1 
30980|Child_Cross21|26: 1075 321 85 40 12 5 1 
30985|Child_Cross12|45: 1100 272 85 41 13 4 1 
30986|Child_Avg|39: 1083 272 85 41 13 4 1 
30988|Child_Cross12|33: 1110 272 85 41 13 4 1 
30991|Child_Cross12|1: 1093 272 85 41 13 4 1 
30995|Child_Cross21|6: 1117 272 85 41 13 4 1 
30996|Child_Cross21|30: 943 272 85 41 13 4 1 
31001|Child_Cross21|14: 1096 272 85 41 13 4 1 
31002|Child_Cross21|58: 1073 272 85 41 13 4 1 
31005|Child_CrossABC2|2: 1101 272 89 41 13 4 1 
31011|Child_Cross21|34: 1052 272 85 41 13 4 1 
31012|Child_Cross12|49: 1086 272 85 41 13 4 1 
31015|Child_Cross12|57: 1063 272 85 41 13 4 1 
31017|Child_Cross21|2: 1028 272 85 41 13 4 1 
31031|Child_Cross21|50: 1066 272 85 41 13 4 1 
31043|Child_Cross12|45: 1072 272 85 41 13 4 1 
31046|Child_Cross21|50: 1079 272 85 41 13 4 1 
31048|Child_Cross12|37|Mutated: 1165 272 98 41 13 4 1 
31057|Child_Cross21|6|Mutated: 1070 313 85 41 13 4 1 
31061|Child_Cross21|42: 1141 272 85 41 13 4 1 
31062|Child_Avg|31: 1069 292 85 41 13 4 1 
31069|Child_Avg|23: 1134 272 85 41 13 4 1 
31071|Child_Cross12|9: 1113 272 85 41 13 4 1 
31080|Child_Cross21|6: 1066 292 85 41 13 4 1 
31098|Child_Cross12|1: 1089 282 85 41 13 4 1 
31099|Child_Cross12|49: 1076 297 85 41 13 4 1 
31104|Child_Cross21|42: 1087 272 85 41 13 4 1 
31107|Child_Cross21|30: 1086 282 85 41 13 4 1 
31108|Child_Cross12|57: 1088 284 85 41 13 4 1 
31109|Child_Cross21|58: 1089 285 85 41 13 4 1 
31111|Child_Avg|55: 1092 285 85 41 13 4 1 
31114|Child_Cross12|1: 1097 303 85 41 13 4 1 
31118|Child_Levy|8|Mutated: 1096 279 86 35 12 5 1 
31121|Child_Cross12|9: 1091 284 85 41 13 4 1 
31124|Child_Cross21|46: 1107 272 85 41 13 4 1 
31137|Child_Cross21|34: 1097 279 85 41 13 4 1 
31138|Child_Avg|43: 1082 282 85 41 13 4 1 
31139|Child_LevyABC1|11|Mutated: 1087 292 99 40 12 5 1 
31143|Child_Cross12|33: 1083 282 85 41 13 4 1 
31151|Child_CrossABC2|8: 1108 306 85 40 13 5 1 
31152|Child_CrossABC2|2: 1112 311 85 40 13 5 1 
31153|Child_Avg|23: 1094 300 85 41 13 4 1 
31154|Child_Cross21|50: 1090 298 85 40 13 5 1 
31159|Child_CrossABC1|7: 1092 298 85 40 13 5 1 
31162|Child_Cross21|42: 1087 298 85 40 13 5 1 
31163|Child_Cross21|46: 1091 298 85 40 13 5 1 
31164|Child_Avg|19: 1089 298 85 40 13 5 1 
31166|Child_Cross12|5: 1095 298 85 40 13 5 1 
31167|Child_LevyP2|4: 1072 290 90 39 14 4 1 
31176|Child_Levy|56: 1088 297 90 41 13 4 1 
31177|Child_Avg|31: 1088 298 85 40 13 5 1 
31192|Child_Cross21|30: 1090 297 85 40 13 5 1 
31197|Child_Avg|51: 1085 297 85 40 13 5 1 
31198|Child_Avg|19: 1080 298 85 40 13 5 1 
31199|Child_Cross21|26: 1078 298 85 40 13 5 1 
31201|Child_Cross21|22: 1083 298 85 40 13 5 1 
31202|Child_Cross21|2: 1125 298 85 40 13 5 1 
31205|Child_Avg|7: 1084 298 85 40 13 5 1 
31206|Child_Cross21|42: 1084 297 85 40 13 5 1 
31212|Child_Cross21|50: 1087 297 85 40 13 5 1 
31215|Child_Cross12|57: 1081 298 85 40 13 5 1 
31228|Survivor|1|Mutated: 1080 314 85 40 13 5 1 
31229|Child_Levy|40: 1178 310 118 41 14 6 1 
31240|Child_Levy|12: 1024 281 103 40 13 5 1 
31249|Child_Cross12|45: 1106 298 92 41 13 4 1 
31250|Child_CrossABC2|8: 1075 311 89 41 13 4 1 
31255|Child_Avg|19: 1080 293 88 40 13 5 1 
31267|Child_Levy|28: 1078 283 111 41 13 4 1 
31272|Child_Cross21|58: 1023 268 87 41 13 4 1 
31273|Child_Avg|31: 1078 303 91 40 14 5 1 
31275|Child_Cross21|38: 1078 303 91 29 14 4 1 
31277|Child_Cross12|57: 1066 292 85 40 13 5 1 
31279|Survivor|1|Mutated: 1023 292 85 40 13 5 1 
31280|Child_Cross12|21: 958 262 83 29 14 4 1 
31281|Child_Avg|39: 985 285 84 40 13 5 1 
31285|Child_Cross21|34: 999 258 85 40 13 5 1 
31286|Child_Avg|39: 984 263 84 40 13 4 1 
31287|Child_Cross12|21: 984 263 84 40 13 5 1 
31291|Child_Cross12|33: 981 264 83 40 13 5 1 
31293|Child_LevyP2|10: 969 280 86 41 14 6 1 
31294|Child_LevyABC1|11: 1064 251 90 39 14 6 1 
31302|Child_Cross21|18: 1064 251 90 39 14 4 1 
31316|Child_LevyP2|4: 1041 263 96 37 14 4 1 
31326|Child_Avg|47: 1025 265 87 36 13 4 1 
31333|Child_Avg|47: 1013 267 86 35 12 5 1 
31344|Child_CrossABC2|8: 1022 252 86 35 12 5 1 
31345|Child_Cross12|53: 1005 261 85 35 12 5 1 
31346|Child_Levy|4: 1023 263 85 35 13 5 1 
31348|Child_Levy|40: 1010 264 84 35 11 5 1 
31350|Survivor|1|Mutated: 1010 264 84 35 13 5 1 
31352|Child_Cross21|26: 1175 261 80 35 13 5 1 
31353|Child_Cross12|41: 1030 264 80 35 13 5 1 
31354|Child_Avg|3: 1096 258 90 35 13 5 1 
31358|Child_Avg|19: 1081 259 86 35 12 5 1 
31368|Survivor|1|Mutated: 1066 259 86 35 11 4 1 
31371|Child_CrossABC2|2: 937 277 75 35 11 5 1 
31381|Child_Levy|12: 966 271 73 36 13 4 1 
31382|Child_Cross21|2: 1031 277 73 35 11 5 1 
31383|Child_CrossABC2|8|Mutated: 931 284 73 35 13 5 1 
31384|Child_CrossABC1|7: 936 264 73 35 13 5 1 
31388|Child_CrossABC2|8: 936 264 78 35 12 5 1 
31391|Child_Avg|27: 953 253 82 35 13 5 1 
31394|Child_CrossABC2|8: 1026 263 98 35 13 5 1 
31395|Child_LevyP1|3: 1113 264 100 37 14 4 1 
31401|Child_Cross21|50: 981 269 77 35 12 5 1 
31402|Child_LevyABC2|12: 1164 317 99 37 14 4 1 
31403|Child_Avg|31: 1084 293 87 36 13 4 1 
31433|Child_CrossABC2|8: 1086 293 87 36 13 4 1 
31446|Child_Cross21|38: 1014 288 77 35 13 5 1 
31447|Child_CrossABC1|1: 1021 294 73 35 12 5 1 
31448|Child_Cross12|9: 1045 285 82 35 11 5 1 
31451|Child_Cross12|37: 980 303 75 35 11 5 1 
31454|Child_LevyP1|9: 1026 283 76 35 13 5 1 
31463|Child_CrossABC1|7: 1032 283 76 35 13 5 1 
31468|Survivor|1|Mutated: 1033 283 76 35 13 5 1 
31469|Child_Avg|43: 1033 287 73 35 12 5 1 
31475|Child_Avg|55: 1026 287 73 36 13 4 1 
31479|Child_Avg|3: 1552 411 131 51 15 4 1 
31481|Child_Levy|40: 1156 312 87 40 12 5 1 
31489|Child_CrossABC2|8: 1206 305 103 40 13 5 1 
31494|Child_Avg|11: 1197 307 97 40 13 5 1 
31495|Child_CrossABC2|2: 1179 306 98 40 13 5 1 
31498|Child_Avg|11|Mutated: 1392 315 113 40 13 5 1 
31499|Child_LevyABC2|6: 1130 279 118 41 14 6 1 
31501|Child_CrossABC1|1: 1149 301 102 39 14 4 1 
31505|Child_Avg|35: 1395 361 115 40 13 5 1 
31520|Child_Cross12|37: 1176 315 100 44 13 4 1 
31522|Child_Cross12|45: 1113 310 85 41 13 4 1 
31537|Child_CrossABC2|2: 1044 299 85 40 12 5 1 
31551|Child_LevyABC1|5: 1066 289 95 40 14 5 1 
31558|Child_Cross21|50: 979 281 83 40 12 5 1 
31559|Child_Cross12|9: 1054 291 79 40 12 5 1 
31560|Child_CrossABC2|8: 1032 319 83 40 12 5 1 
31561|Child_CrossABC2|8: 891 259 83 40 12 5 1 
31573|Child_CrossABC2|8: 934 275 81 40 11 5 1 
31574|Child_CrossABC1|1: 945 276 81 40 12 5 1 
31575|Child_CrossABC1|1: 942 277 81 40 12 5 1 
31576|Child_CrossABC1|7: 944 293 81 40 12 5 1 
31581|Child_CrossABC1|7: 927 268 79 40 12 5 1 
31585|Child_Avg|27: 1226 370 91 40 12 5 1 
31586|Child_Cross21|30: 927 268 79 45 13 4 1 
31587|Child_Cross21|58: 951 273 77 40 12 5 1 
31596|Child_CrossABC2|2: 939 278 77 40 12 5 1 
31601|Child_Cross12|29|Mutated: 992 275 89 40 11 5 1 
31606|Child_Levy|12|Mutated: 1128 270 85 38 11 3 1 
31607|Child_Avg|35: 923 283 84 38 11 4 1 
31608|Child_Avg|27: 971 274 91 38 11 4 1 
31609|Child_Avg|3: 960 272 85 39 11 4 1 
31610|Child_Cross21|10: 926 263 78 38 11 4 1 
31611|Child_LevyP1|9: 1179 264 87 40 12 5 1 
31612|Child_Levy|28: 914 256 80 37 13 4 1 
31613|Child_Levy|24: 1077 250 80 41 11 5 1 
31618|Child_Cross12|45: 935 269 75 35 11 5 1 
31619|Child_Cross21|18: 907 251 79 38 9 4 1 
31620|Survivor|1|Mutated: 907 251 88 38 9 4 1 
31621|Child_Avg|35: 937 261 70 40 13 4 1 
31622|Child_LevyABC1|5: 905 244 85 40 12 5 1 
31649|Child_Cross12|1: 1125 294 94 48 15 4 1 
31650|Child_Avg|35: 1066 304 108 45 13 4 1 
31651|Child_CrossABC1|7: 1125 328 107 45 13 4 1 
31654|Child_Avg|19: 1007 296 97 48 13 5 1 
31656|Child_CrossABC2|8: 1063 317 114 43 13 5 1 
31664|Child_Levy|4: 1975 433 147 50 16 5 1 
31673|Child_Cross21|18: 1025 272 87 45 13 4 1 
31674|Child_Levy|52: 1193 319 93 47 14 6 1 
31677|Child_Avg|35: 1276 326 94 45 13 5 1 
31679|Child_Avg|3: 1207 324 101 45 13 4 1 
31680|Child_Cross12|5: 1083 295 87 39 14 6 1 
31682|Child_Avg|23: 1148 316 92 45 13 4 1 
31685|Child_CrossABC2|8: 1100 308 91 45 13 4 1 
31686|Child_Cross12|45: 1045 300 86 45 13 4 1 
31687|Child_CrossABC1|7|Mutated: 1080 307 89 41 13 4 1 
31688|Child_LevyABC1|5: 1084 288 83 40 15 4 1 
31690|Child_LevyABC2|12: 1103 324 89 43 11 4 1 
31691|Child_Cross21|34: 1181 323 87 40 14 5 1 
31692|Child_Levy|44: 1158 307 85 40 13 5 1 
31693|Child_Avg|39|Mutated: 1378 304 90 41 13 4 1 
31694|Child_Levy|40: 1147 316 84 35 11 5 1 
31704|Child_Avg|31: 1098 304 85 40 12 5 1 
31708|Child_Levy|20: 913 319 97 40 13 4 1 
31709|Child_CrossABC2|8|Mutated: 924 328 111 40 12 5 1 
31716|Child_Avg|11: 1017 302 96 40 11 5 1 
31717|Child_LevyABC1|5: 1073 315 102 41 13 4 1 
31729|Child_Cross21|46: 1219 311 101 41 13 4 1 
31730|Child_CrossABC2|2: 1069 315 100 41 13 4 1 
31732|Child_Avg|3: 1104 319 101 41 13 4 1 
31734|Child_LevyP2|4: 1082 313 102 40 14 5 1 
31738|Child_Avg|55: 958 334 119 41 14 6 1 
31742|Child_Cross21|38: 1147 307 85 41 14 6 1 
31743|Child_Levy|36: 1158 307 96 39 14 4 1 
31744|Child_Avg|59: 1089 300 98 40 13 5 1 
31754|Child_CrossABC1|7: 1105 306 97 40 13 5 1 
31759|Child_CrossABC2|2: 1214 334 119 39 14 6 1 
31764|Child_Cross12|57: 1091 306 83 39 14 4 1 
31765|Child_Avg|51: 1101 333 107 39 14 6 1 
31766|Child_Cross12|57: 1065 291 88 39 14 6 1 
31770|Child_Avg|55: 1073 296 87 39 14 4 1 
31776|Child_Levy|40: 989 293 82 37 14 4 1 
31780|Child_Cross12|13: 967 300 80 37 13 4 1 
31781|Child_LevyABC2|6|Mutated: 1087 302 98 37 14 6 1 
31782|Child_Levy|52: 1142 353 113 41 11 5 1 
31785|Child_Levy|28|Mutated: 1022 282 95 37 12 5 1 
31788|Child_LevyP1|9: 1003 292 97 36 13 4 1 
31789|Child_LevyP2|10: 1407 323 98 35 12 5 1 
31799|Survivor|1|Mutated: 1407 277 98 35 12 5 1 
31801|Child_Avg|27: 1389 401 118 41 14 4 1 
31805|Child_Levy|20: 1103 321 99 40 13 5 1 
31827|Child_Cross21|14: 1080 316 97 40 13 5 1 
31828|Child_Cross12|17: 1066 319 99 40 13 5 1 
31830|Child_Avg|51: 1053 323 100 43 13 5 1 
31836|Child_Cross21|58: 1071 319 90 40 13 5 1 
31839|Child_CrossABC2|8: 1073 319 88 40 13 5 1 
31840|Child_CrossABC2|2: 1073 319 90 40 13 5 1 
31844|Child_Cross21|58: 1088 319 88 40 13 5 1 
31847|Child_CrossABC1|7: 1121 319 88 40 13 5 1 
31854|Child_CrossABC1|1: 1136 307 88 40 13 5 1 
31857|Child_Cross21|26: 1095 306 88 40 13 5 1 
31865|Child_Cross21|2: 1091 308 83 40 13 5 1 
31866|Child_Cross12|5: 1088 310 83 40 12 5 1 
31867|Child_Cross21|26|Mutated: 1107 306 85 40 13 5 1 
31870|Child_Cross21|42: 1116 308 83 40 13 5 1 
31877|Child_Cross12|57: 1100 314 83 40 13 5 1 
31879|Child_LevyP1|3: 1112 302 108 45 14 6 1 
31881|Child_CrossABC2|2: 1110 311 102 45 14 6 1 
31888|Child_Avg|55: 1107 307 83 40 13 5 1 
31890|Child_Cross12|37: 1113 307 83 40 13 5 1 
31902|Child_Cross12|41: 1122 307 83 40 13 5 1 
31906|Child_Avg|19: 1119 307 83 40 13 5 1 
31912|Child_Avg|51|Mutated: 1119 307 83 40 12 5 1 
31913|Child_LevyP2|10: 1148 306 118 41 13 4 1 
31927|Child_CrossABC1|7: 1125 307 83 40 13 5 1 
31928|Child_Cross12|21: 1107 307 83 40 12 5 1 
31930|Child_Cross21|6: 1110 307 83 40 12 5 1 
31931|Child_CrossABC2|8: 1110 311 83 40 14 5 1 
31937|Child_Cross12|33: 1110 300 83 40 12 5 1 
31940|Child_Cross21|18: 1113 307 83 40 12 5 1 
31942|Child_Cross21|34|Mutated: 1111 299 95 35 13 5 1 
31943|Child_LevyABC1|5: 1112 298 105 43 14 6 1 
31983|Child_Avg|51: 1182 266 106 43 14 4 1 
31984|Child_Cross21|2: 1189 323 116 40 13 4 1 
31986|Child_Levy|4: 1154 329 115 40 13 4 1 
31992|Child_Avg|35: 1157 327 102 40 14 5 1 
31993|Child_CrossABC2|2|Mutated: 1400 329 110 40 13 5 1 
31996|Child_Cross21|46: 1189 325 93 39 14 4 1 
31997|Child_Avg|51: 1133 334 105 40 12 5 1 
31998|Child_Cross21|42: 1129 325 103 40 13 5 1 
32005|Child_CrossABC2|2: 1296 336 111 40 13 5 1 
32009|Child_Cross21|14: 1088 315 101 39 14 6 1 
32011|Child_Avg|23: 1125 327 99 40 13 4 1 
32012|Child_Avg|15: 1118 312 99 40 13 5 1 
32014|Child_Levy|32: 1190 325 91 41 14 4 1 
32015|Child_Avg|11: 1224 337 103 40 13 5 1 
32016|Child_Levy|36: 1126 307 99 40 13 4 1 
32019|Child_Avg|43: 1148 302 102 41 13 4 1 
32021|Child_CrossABC1|7: 1142 302 103 41 13 4 1 
32026|Child_Levy|4: 1155 306 96 40 13 5 1 
32035|Child_CrossABC1|1: 1131 306 104 40 13 5 1 
32049|Child_Levy|60: 1194 332 123 45 14 6 1 
32078|Child_Cross21|58: 1087 324 116 45 14 6 1 
32080|Child_Avg|55: 1155 324 116 45 14 6 1 
32081|Child_Cross12|33: 1088 312 106 45 14 6 1 
32091|Child_CrossABC1|1: 1086 316 103 45 14 6 1 
32124|Survivor|1|Mutated: 1086 316 103 45 14 5 1 
32126|Child_Cross21|54: 1120 315 88 41 13 4 1 
32127|Child_Levy|28: 1153 304 92 41 11 5 1 
32135|Child_CrossABC1|1: 1086 322 91 41 11 5 1 
32136|Child_Avg|27: 1125 304 92 41 11 5 1 
32169|Child_CrossABC1|1: 1112 301 98 40 12 5 1 
32176|Child_LevyABC1|5|Mutated: 1266 295 95 31 14 5 1 
32177|Child_Levy|52: 1047 309 85 37 14 6 1 
32178|Child_Avg|3: 1165 289 85 35 13 5 1 
32184|Child_CrossABC2|2: 1083 289 86 35 13 5 1 
32188|Child_CrossABC1|1: 1064 291 84 35 11 5 1 
32192|Survivor|1|Mutated: 1064 285 84 35 11 4 1 
32193|Child_Cross12|9: 1066 292 84 35 11 5 1 
32194|Child_CrossABC1|7: 1064 286 84 35 11 4 1 
32208|Child_CrossABC1|1: 1069 286 93 35 11 5 1 
32213|Child_Cross12|25: 1035 293 99 35 11 5 1 
32216|Child_CrossABC1|7: 1058 290 106 35 11 5 1 
32218|Child_Cross12|13: 1065 295 86 35 11 5 1 
32219|Child_Cross12|57: 1086 294 75 35 11 5 1 
32220|Child_Avg|43|Mutated: 1067 291 98 35 11 4 1 
32221|Child_Avg|59: 1068 291 84 35 11 5 1 
32222|Child_CrossABC1|1: 1068 291 108 35 11 5 1 
32223|Child_CrossABC2|2: 1068 291 119 35 11 5 1 
32229|Child_Cross12|25|Mutated: 1073 268 108 44 15 4 1 
32230|Child_Avg|39: 1060 288 86 35 11 5 1 
32231|Child_Levy|44: 1056 277 93 38 13 5 1 
32234|Child_LevyP2|4: 1069 279 95 37 14 4 1 
32243|Child_Cross21|22: 958 271 82 37 14 4 1 
32256|Child_Cross12|5: 961 271 81 36 13 4 1 
32257|Child_Avg|35: 894 263 82 37 13 4 1 
32258|Child_LevyABC1|5|Mutated: 1209 297 80 35 13 5 1 
32259|Child_CrossABC2|8: 868 249 80 36 13 4 1 
32260|Child_Cross21|34: 906 263 82 37 13 4 1 
32261|Child_Cross12|57: 928 249 80 36 13 4 1 
32263|Child_CrossABC2|2: 924 241 83 36 13 4 1 
32265|Child_Levy|28: 968 255 78 35 12 5 1 
32268|Child_CrossABC1|1: 939 255 78 35 12 5 1 
32274|Child_Cross12|25: 947 255 76 35 12 5 1 
32276|Child_Cross12|49: 855 256 75 35 11 5 1 
32277|Child_Avg|47: 922 272 75 35 11 5 1 
32278|Child_Cross12|45: 935 264 76 35 13 5 1 
32282|Child_Cross12|17: 910 252 75 35 11 5 1 
32283|Child_Cross12|41|Mutated: 946 253 84 35 11 5 1 
32285|Child_Avg|47: 938 256 75 35 11 5 1 
32290|Child_Avg|15: 944 254 75 35 11 5 1 
32296|Child_Avg|3: 1294 420 133 46 13 4 1 
32299|Child_Cross12|21: 910 252 75 47 12 5 1 
32300|Child_Avg|19: 1092 295 83 45 11 4 1 
32301|Child_Cross12|53: 1112 293 97 42 12 5 1 
32302|Child_Cross12|5: 1112 293 97 45 14 6 1 
32309|Child_Cross12|57: 1051 284 91 45 14 6 1 
32312|Survivor|1|Mutated: 1051 284 91 45 14 5 1 
32317|Child_Cross21|22: 1009 287 79 32 13 4 1 
32329|Child_Cross12|41: 958 273 86 35 11 5 1 
32339|Child_CrossABC2|2: 978 273 86 35 11 5 1 
32346|Child_Avg|35: 978 274 76 35 11 5 1 
32347|Child_Avg|23: 993 281 86 35 11 4 1 
32348|Child_Avg|11: 941 274 74 35 12 5 1 
32350|Child_CrossABC2|8: 954 275 74 35 12 5 1 
32358|Child_Levy|28: 1217 303 91 40 12 5 1 
32360|Child_LevyP1|3: 1175 309 94 36 13 4 1 
32362|Child_Avg|35: 1064 291 83 38 13 4 1 
32363|Child_CrossABC1|1: 1014 281 79 28 13 4 1 
32365|Child_Avg|47: 1106 287 78 35 12 5 1 
32369|Child_Avg|3: 1025 283 76 35 12 5 1 
32370|Child_CrossABC1|7: 1059 286 77 35 12 5 1 
32371|Child_Cross21|14: 1011 275 73 35 12 5 1 
32373|Child_Cross12|17: 1027 279 74 35 12 5 1 
32376|Child_Avg|23: 1575 418 131 45 13 4 1 
32380|Survivor|1|Mutated: 1575 468 131 45 13 4 1 
32389|Child_Cross21|6: 1157 331 129 45 16 5 1 
32390|Child_Levy|40: 1521 399 129 46 13 4 1 
32396|Child_LevyP2|4|Mutated: 1276 343 128 47 14 6 1 
32402|Child_Avg|15: 1117 339 112 44 13 4 1 
32403|Child_Levy|24: 1214 327 113 45 13 4 1 
32404|Child_Levy|60: 1233 329 117 45 14 6 1 
32406|Child_Cross21|10: 1296 331 106 43 14 6 1 
32407|Child_Cross12|1: 1471 311 117 45 14 6 1 
32408|Child_Cross12|37: 1131 305 105 43 14 6 1 
32409|Child_CrossABC1|1: 1068 300 104 43 14 4 1 
32410|Child_Cross21|34: 1068 300 104 43 14 6 1 
32412|Child_Avg|15: 1093 311 102 45 14 6 1 
32414|Child_Avg|43: 1159 304 100 41 13 4 1 
32421|Child_Cross12|5: 1159 292 97 40 14 5 1 
32422|Child_Avg|51: 1128 288 98 41 13 4 1 
32423|Child_CrossABC1|7: 1073 289 97 40 14 5 1 
32424|Child_Avg|23: 1128 297 98 40 13 5 1 
32425|Child_Cross21|18: 1400 306 97 40 13 5 1 
32428|Child_CrossABC2|8: 1427 307 97 40 13 5 1 
32432|Child_Cross12|25: 1391 303 97 40 13 5 1 
32434|Child_Avg|47: 1364 303 97 40 13 5 1 
32436|Child_Avg|15: 1404 306 97 40 13 5 1 
32437|Child_Avg|59: 1415 306 97 40 13 5 1 
32438|Child_Cross21|14: 1434 307 97 40 13 5 1 
32439|Child_Avg|39: 1421 306 97 40 13 5 1 
32445|Child_Cross21|2: 1418 307 97 40 13 5 1 
32447|Child_Cross12|53: 1443 307 97 40 13 5 1 
32452|Child_Cross21|34: 1419 306 97 40 13 5 1 
32455|Child_Cross21|22: 1413 306 96 40 13 5 1 
32461|Child_CrossABC2|8: 917 279 86 35 12 5 1 
32467|Child_CrossABC1|7: 917 279 86 35 13 5 1 
32469|Child_Avg|31: 968 278 86 35 11 5 1 
32474|Child_CrossABC2|8: 951 269 86 35 13 5 1 
32479|Child_Cross12|53: 949 298 86 35 13 5 1 
32481|Child_Avg|55: 943 273 85 35 12 5 1 
32483|Child_Cross21|14: 943 269 86 35 13 5 1 
32484|Child_Avg|35: 945 272 85 35 12 5 1 
32485|Child_Avg|23: 962 272 85 35 12 5 1 
32487|Child_Cross12|29: 944 272 85 35 12 5 1 
32489|Child_Avg|51: 960 272 85 35 12 5 1 
32492|Child_Cross12|37: 942 272 85 35 12 5 1 
32493|Child_Cross21|34: 975 272 85 35 12 5 1 
32501|Child_Cross21|38: 943 272 85 35 12 5 1 
32520|Child_Cross12|13: 957 272 85 35 12 5 1 
32522|Child_Cross12|53: 927 272 85 35 12 5 1 
32565|Child_Cross21|50: 918 281 84 35 11 5 1 
32566|Child_Cross21|14: 952 281 84 35 11 4 1 
32567|Child_Avg|23: 888 270 84 35 11 5 1 
32569|Child_CrossABC1|7: 931 303 84 35 11 5 1 
32574|Child_Cross21|42: 945 281 84 35 11 4 1 
32575|Child_Avg|47: 926 257 80 35 11 5 1 
32577|Child_CrossABC2|8: 927 278 88 35 11 5 1 
32578|Child_CrossABC1|1: 969 283 86 35 11 5 1 
32579|Child_CrossABC1|1: 917 278 88 35 11 5 1 
32581|Child_CrossABC2|2|Mutated: 1075 284 89 35 11 4 1 
32584|Child_Avg|11: 1089 295 93 35 11 4 1 
32604|Child_Levy|20: 1078 305 93 37 13 4 1 
32605|Child_CrossABC1|7: 1089 295 93 35 11 5 1 
32609|Child_CrossABC2|8: 1074 302 93 40 12 5 1 
32610|Child_Cross12|25: 1304 339 97 35 12 5 1 
32611|Child_CrossABC2|2|Mutated: 1042 283 95 37 12 5 1 
32612|Child_Avg|39: 1101 276 97 35 12 5 1 
32614|Child_Cross21|38: 1101 276 97 36 13 4 1 
32615|Child_Avg|11: 1128 281 96 35 12 5 1 
32617|Child_CrossABC2|8: 1145 278 97 35 11 5 1 
32618|Child_CrossABC1|1: 1121 283 95 35 13 5 1 
32624|Child_CrossABC1|7: 1032 281 86 35 11 5 1 
32627|Child_Cross21|58: 1063 276 86 35 11 5 1 
32628|Child_CrossABC1|1: 1161 281 86 35 11 5 1 
32635|Child_LevyP2|10: 1148 278 85 32 13 4 1 
32662|Child_Cross12|45: 1143 273 79 37 13 4 1 
32664|Child_Levy|12: 1160 286 75 32 13 4 1 
32666|Child_Cross12|53: 1147 270 74 35 12 5 1 
32669|Child_Avg|11: 1292 313 108 46 13 4 1 
32671|Child_Avg|35: 1423 345 93 37 13 4 1 
32672|Child_CrossABC1|1: 1205 288 105 41 13 4 1 
32673|Child_Cross12|25: 1124 300 89 41 13 4 1 
32706|Child_Cross12|57: 1010 306 81 41 13 4 1 
32707|Child_CrossABC1|7: 1076 295 83 41 13 4 1 
32708|Child_Cross12|17: 1025 286 77 41 13 4 1 
32710|Child_Avg|47: 1029 279 76 41 13 4 1 
32714|Child_CrossABC2|8: 1029 279 89 41 13 4 1 
32718|Child_Avg|39|Mutated: 993 297 85 45 13 5 1 
32719|Child_CrossABC2|8: 1025 279 76 41 13 4 1 
32725|Child_Avg|15: 811 258 89 38 11 4 1 
32726|Child_Levy|44: 948 282 73 37 14 4 1 
32729|Child_Avg|39: 985 287 73 36 13 4 1 
32734|Child_Avg|11|Mutated: 970 289 84 33 13 4 1 
32737|Child_Cross12|45: 979 286 76 39 14 6 1 
32738|Child_CrossABC1|1: 970 296 84 33 13 4 1 
32739|Child_Avg|3: 982 279 78 35 12 5 1 
32741|Child_Avg|31: 962 320 116 37 13 4 1 
32744|Child_Avg|11: 1409 388 96 33 14 4 1 
32746|Child_LevyP1|9: 1357 345 123 55 16 5 1 
32756|Child_LevyP1|3: 1132 317 99 49 13 4 1 
32759|Child_Levy|52: 1201 321 103 48 13 5 1 
32761|Child_CrossABC1|1: 1068 314 103 48 13 5 1 
32780|Child_Cross12|13: 1146 317 88 45 14 6 1 
32781|Child_Cross12|17: 1090 326 95 45 14 6 1 
32785|Child_CrossABC1|7: 1061 336 102 45 14 6 1 
32786|Child_CrossABC1|1: 1083 328 97 45 14 6 1 
32787|Child_Cross21|14: 1048 318 88 45 14 6 1 
32788|Child_Cross21|58: 1153 331 88 45 14 6 1 
32795|Child_CrossABC2|8: 1141 314 95 45 13 4 1 
32798|Child_Avg|55: 1140 321 88 45 13 4 1 
32800|Child_Avg|19: 1124 316 85 45 13 4 1 
32802|Child_Cross21|10: 1120 323 85 45 13 4 1 
32808|Child_Avg|7: 1119 317 85 45 13 4 1 
32809|Child_CrossABC1|1: 1119 316 85 45 13 4 1 
32810|Child_Cross21|58: 1112 317 85 45 13 4 1 
32811|Child_Cross21|18: 1124 317 85 45 13 4 1 
32815|Child_CrossABC2|2: 1124 317 101 45 13 4 1 
32823|Child_CrossABC1|1: 1124 317 111 45 13 4 1 
32830|Child_Cross21|50: 1123 317 85 45 13 4 1 
32831|Child_Cross21|30: 1122 316 85 45 13 4 1 
32835|Child_Cross21|2: 1118 317 85 45 13 4 1 
32839|Child_Avg|59|Mutated: 1066 316 85 45 13 4 1 
32841|Child_Cross12|29: 1146 316 85 45 13 4 1 
32842|Child_CrossABC2|8: 1135 316 85 45 13 4 1 
32844|Child_Cross21|34|Mutated: 1123 317 99 45 13 4 1 
32854|Child_Cross21|14: 1151 316 85 45 13 4 1 
32856|Child_CrossABC2|2: 1148 316 85 45 13 4 1 
32858|Child_Cross21|10: 1141 316 85 45 13 4 1 
32861|Child_Cross12|29: 1119 316 85 41 13 4 1 
32866|Child_Avg|59: 1143 316 85 45 13 4 1 
32876|Child_Cross12|13: 1111 316 85 45 13 4 1 
32877|Child_Cross12|5: 1125 316 85 45 13 4 1 
32878|Child_Cross12|37: 1127 316 85 45 13 4 1 
32901|Child_Cross21|26: 1140 316 85 45 13 4 1 
32903|Child_Cross21|10: 1130 316 85 45 13 4 1 
32905|Child_Cross21|42: 1138 316 85 45 13 4 1 
32906|Child_CrossABC2|2: 1117 316 85 45 13 4 1 
32914|Child_Cross21|58|Mutated: 1127 316 98 45 13 4 1 
32919|Child_Cross21|34: 1090 316 85 45 13 4 1 
32928|Child_Avg|19: 1111 316 92 45 13 4 1 
32930|Child_Avg|35|Mutated: 1261 316 98 45 13 4 1 
32933|Child_Avg|3: 1159 316 85 45 13 4 1 
32939|Child_Cross12|41: 1125 316 85 35 12 5 1 
32945|Child_Avg|47: 1114 316 85 45 13 4 1 
32948|Child_CrossABC1|7: 1101 317 85 45 13 4 1 
32957|Child_Avg|31: 1110 313 92 45 13 4 1 
32969|Child_Avg|15: 1122 309 85 45 13 4 1 
32992|Child_CrossABC1|7: 1130 316 85 41 13 4 1 
32996|Child_CrossABC2|2: 1124 268 88 41 13 4 1 
33002|Child_Avg|35: 1107 266 85 40 13 5 1 
33004|Child_CrossABC1|7: 1138 246 85 40 13 5 1 
33005|Child_CrossABC2|8: 1109 253 88 40 13 5 1 
33006|Child_LevyABC1|11|Mutated: 1143 290 99 45 14 6 1 
33030|Survivor|1|Mutated: 1157 290 99 45 14 6 1 
33031|Child_LevyABC2|6: 860 257 98 40 13 5 1 
33039|Child_Cross21|34: 1096 299 89 40 13 5 1 
33041|Child_Cross21|22: 930 260 77 37 14 4 1 
33042|Child_Avg|47: 823 287 90 40 13 4 1 
33043|Child_Avg|39: 910 276 90 37 12 5 1 
33044|Child_Cross21|30|Mutated: 1040 263 90 41 13 4 1 
33046|Child_Avg|43: 934 264 81 36 13 4 1 
33048|Child_Cross12|45: 945 265 81 40 12 5 1 
33065|Child_Cross12|29: 927 271 74 39 11 4 1 
33066|Child_Cross21|42: 933 275 83 40 12 5 1 
33067|Child_Levy|16|Mutated: 900 246 79 32 11 4 1 
33071|Child_Levy|56: 786 257 81 30 11 5 1 
33076|Child_Cross12|5: 888 256 76 35 11 4 1 
33077|Child_Cross21|30|Mutated: 924 242 73 30 11 5 1 
33078|Child_Avg|23: 999 310 89 37 14 4 1 
33084|Child_Levy|8: 915 267 78 35 11 5 1 
33085|Child_Cross21|30: 915 267 78 32 11 4 1 
33087|Child_Avg|19: 898 266 75 35 11 4 1 
33089|Child_Levy|4: 1322 329 126 39 11 4 1 
33101|Child_Levy|16: 1150 292 107 43 15 4 1 
33103|Child_Levy|12: 1079 318 95 41 11 5 1 
33112|Child_CrossABC2|2: 1082 305 94 41 11 5 1 
33123|Child_Cross12|49: 1082 305 94 45 14 5 1 
33125|Child_CrossABC2|2: 1098 304 92 43 13 5 1 
33126|Child_Levy|44: 1103 318 95 40 14 5 1 
33133|Child_CrossABC2|2: 1063 339 97 40 14 5 1 
33134|Child_Avg|23: 1175 355 105 41 13 4 1 
33135|Child_Avg|43: 1084 321 106 42 12 5 1 
33136|Child_Cross21|18: 1129 346 103 45 14 5 1 
33142|Child_Levy|56|Mutated: 1035 328 94 38 17 5 1 
33143|Child_Cross12|5: 1084 317 98 45 12 5 1 
33145|Child_Avg|39: 1087 306 110 53 13 4 1 
33150|Child_Cross21|54: 1028 312 91 33 12 5 1 
33152|Child_Avg|59: 1028 296 107 40 12 5 1 
33153|Child_Avg|11: 1046 316 95 45 13 4 1 
33155|Child_Levy|56: 1029 309 98 45 13 4 1 
33156|Child_Cross21|46: 1047 309 92 45 13 4 1 
33162|Child_Avg|43: 1042 313 92 45 13 4 1 
33163|Child_CrossABC2|8: 1099 315 92 37 13 4 1 
33167|Child_CrossABC2|8|Mutated: 1118 325 97 35 12 5 1 
33168|Child_LevyABC1|11: 1113 307 90 35 12 5 1 
33183|Child_CrossABC2|2: 1077 337 86 35 12 5 1 
33184|Child_CrossABC2|2: 1067 323 89 35 12 5 1 
33187|Child_Avg|27: 1078 310 86 35 12 5 1 
33195|Child_CrossABC1|7: 1043 306 85 35 12 5 1 
33196|Child_Cross12|53: 1023 261 79 32 13 4 1 
33197|Child_Avg|11: 1052 275 77 35 12 5 1 
33199|Child_Levy|40: 1005 275 78 35 12 5 1 
33203|Child_Avg|7: 1062 276 75 35 11 5 1 
33204|Child_Avg|23: 1025 277 75 35 11 5 1 
33206|Child_CrossABC1|7|Mutated: 1103 272 86 35 11 5 1 
33227|Child_Cross21|50: 868 259 73 30 11 5 1 
33228|Child_Cross12|33: 868 259 73 35 12 5 1 
33235|Child_Avg|11: 939 250 74 35 12 5 1 
33237|Child_Cross12|53: 901 263 72 37 11 4 1 
33238|Child_Levy|16: 909 264 70 29 11 5 1 
33239|Child_Levy|32: 911 269 73 35 11 5 1 
33245|Child_CrossABC1|7: 911 269 97 35 11 5 1 
33250|Child_Cross12|21: 913 266 95 35 11 5 1 
33251|Child_LevyP1|3: 933 265 122 35 12 5 1 
33255|Child_Cross21|2: 919 241 86 35 12 5 1 
33259|Child_CrossABC1|7: 919 253 86 35 12 5 1 
33263|Child_Cross12|49: 916 256 84 35 12 5 1 
33264|Child_LevyP2|4: 905 253 87 32 13 4 1 
33280|Child_Cross21|10: 925 257 81 32 13 4 1 
33281|Child_CrossABC1|1: 918 263 81 32 13 4 1 
33284|Child_Avg|59: 931 259 79 32 13 4 1 
33306|Child_Levy|44: 1055 313 90 35 13 5 1 
33311|Child_Avg|35: 1050 335 93 35 13 5 1 
33312|Child_Levy|52: 964 291 89 35 13 5 1 
33322|Child_CrossABC2|8|Mutated: 955 284 91 35 13 6 1 
33323|Child_Avg|43: 939 279 82 35 13 5 1 
33326|Child_Cross12|49: 956 284 82 35 13 5 1 
33330|Child_CrossABC1|7: 949 273 85 35 13 5 1 
33332|Child_Cross21|26: 921 266 82 35 13 5 1 
33333|Child_CrossABC2|2: 887 258 79 35 12 5 1 
33335|Child_Cross21|22: 950 278 78 35 12 5 1 
33336|Child_CrossABC2|8: 1087 269 90 35 12 5 1 
33343|Child_CrossABC1|7: 1064 277 90 35 12 5 1 
33352|Child_LevyABC1|11: 1106 270 97 36 13 4 1 
33361|Child_Cross21|18|Mutated: 1129 272 106 36 13 4 1 
33365|Child_LevyABC2|12|Mutated: 1035 334 91 41 14 4 1 
33367|Child_Levy|48: 1093 269 104 51 16 5 1 
33368|Child_CrossABC2|8: 1019 327 98 35 12 5 1 
33372|Child_Cross12|17: 1019 327 98 40 12 5 1 
33375|Child_CrossABC1|7: 1029 327 98 35 12 5 1 
33377|Child_CrossABC2|8: 1024 327 98 35 12 5 1 
33378|Child_CrossABC2|2|Mutated: 1043 302 99 35 13 5 1 
33379|Child_Avg|35: 1022 326 98 35 12 5 1 
33380|Child_CrossABC1|1: 1029 328 98 35 12 5 1 
33381|Child_Avg|55: 1035 293 96 35 12 5 1 
33382|Child_Avg|23: 1022 304 96 35 12 5 1 
33383|Child_Cross12|1: 1029 304 96 35 12 5 1 
33386|Child_CrossABC2|2|Mutated: 1030 292 95 35 13 5 1 
33395|Survivor|1|Mutated: 1112 292 95 35 13 5 1 
33397|Child_Cross12|21: 1018 277 83 36 13 4 1 
33398|Child_Avg|31: 1057 284 89 35 12 5 1 
33399|Child_Levy|4: 1029 281 87 36 13 4 1 
33400|Child_Cross21|6: 963 290 84 35 13 5 1 
33401|Child_CrossABC1|7: 1092 290 89 35 13 5 1 
33409|Child_Avg|19: 1008 277 82 35 13 5 1 
33410|Child_CrossABC2|8: 1039 279 82 35 13 5 1 
33412|Child_CrossABC2|2: 961 274 82 35 13 5 1 
33417|Child_Cross12|53: 1017 277 80 35 13 5 1 
33422|Child_Cross21|18: 937 276 80 35 13 5 1 
33423|Child_Cross21|6: 1043 283 80 35 13 5 1 
33425|Child_Avg|3: 1046 286 80 35 13 5 1 
33427|Child_CrossABC2|8: 1065 267 98 35 13 5 1 
33432|Child_CrossABC1|7: 1065 267 115 35 13 5 1 
33445|Child_LevyABC1|11: 1071 319 109 37 14 4 1 
33446|Child_CrossABC1|7: 1064 263 102 35 13 5 1 
33451|Child_CrossABC2|2: 1041 283 80 35 13 5 1 
33452|Child_Cross21|50: 1019 277 80 35 13 5 1 
33453|Child_Avg|15: 1088 283 80 35 13 5 1 
33455|Child_Avg|11: 1063 283 80 35 13 5 1 
33456|Child_Avg|19: 1047 283 80 35 13 5 1 
33457|Child_Cross21|6: 1039 283 80 35 13 5 1 
33458|Child_Avg|59: 1073 283 80 35 13 5 1 
33460|Child_Cross12|25: 1086 283 80 35 13 5 1 
33462|Child_Cross12|25: 1055 283 80 35 13 5 1 
33463|Child_Cross12|21: 1076 283 80 35 13 5 1 
33472|Child_Cross21|34: 1074 283 80 35 13 5 1 
33489|Child_Cross12|13: 1084 283 80 35 13 5 1 
33490|Child_Cross12|33: 1075 283 80 35 13 5 1 
33493|Child_LevyABC1|5: 1047 281 85 35 12 5 1 
33496|Child_Cross12|13: 1090 283 80 35 13 5 1 
33497|Child_Avg|43: 1078 283 80 35 13 5 1 
33509|Child_Cross21|58: 1070 286 80 35 13 5 1 
33515|Child_CrossABC2|8: 1078 256 100 35 12 5 1 
33519|Child_Cross21|26: 950 283 80 35 13 5 1 
33522|Child_Cross12|5|Mutated: 1073 283 95 35 13 6 1 
33528|Child_Cross21|6: 1073 299 80 35 13 5 1 
33539|Child_Avg|15: 1100 283 80 35 13 5 1 
33542|Child_Cross12|33: 1068 283 80 35 13 5 1 
33544|Child_Cross12|33: 1045 283 80 35 13 5 1 
33546|Child_Cross21|30|Mutated: 1065 283 93 35 13 5 1 
33559|Child_LevyABC1|11: 1123 269 107 39 14 6 1 
33574|Child_Cross21|46: 918 283 80 35 13 5 1 
33580|Child_Cross12|13: 1070 283 80 35 13 5 1 
33581|Child_Cross21|18: 961 283 80 35 13 5 1 
33587|Child_LevyABC2|6: 1045 285 85 37 14 4 1 
33588|Child_Cross12|57: 1020 283 80 35 13 5 1 
33600|Child_Avg|11: 1033 283 80 35 13 5 1 
33603|Child_Cross21|38: 922 283 80 35 13 5 1 
33605|Child_Cross21|30: 1053 283 80 35 13 5 1 
33631|Child_Avg|59: 1051 283 80 35 13 5 1 
33638|Child_CrossABC1|1: 1156 283 80 35 13 5 1 
33645|Child_Cross21|50: 1057 283 80 35 13 5 1 
33649|Child_LevyABC2|12: 1044 280 100 37 14 4 1 
33656|Child_Avg|55: 1067 283 82 35 13 5 1 
33675|Child_Cross21|54: 1085 269 77 35 13 5 1 
33686|Child_Cross12|33: 910 257 71 35 13 5 1 
33688|Child_Avg|7: 1003 265 74 36 13 4 1 
33694|Child_Levy|8: 1345 346 91 45 14 5 1 
33698|Child_CrossABC1|1: 1172 256 84 35 13 5 1 
33699|Child_Cross21|38: 964 257 69 35 13 5 1 
33700|Child_CrossABC1|1: 806 293 77 35 13 5 1 
33701|Child_CrossABC2|8: 871 294 73 35 13 5 1 
33702|Child_CrossABC2|2: 1075 265 73 35 11 5 1 
33703|Child_Cross12|33: 1042 282 73 45 13 4 1 
33704|Child_Avg|59: 1116 314 81 37 13 4 1 
33705|Child_Levy|28|Mutated: 902 269 77 40 12 5 1 
33708|Child_LevyP2|4|Mutated: 904 277 76 41 13 4 1 
33711|Child_Avg|11|Mutated: 925 263 79 40 12 5 1 
33714|Child_CrossABC2|8: 967 269 82 37 13 4 1 
33715|Survivor|1|Mutated: 967 268 88 37 13 4 1 
33718|Child_CrossABC1|1: 871 243 88 37 13 4 1 
33720|Child_Avg|47: 903 249 96 40 11 5 1 
33728|Child_Avg|35: 911 272 75 35 11 4 1 
33729|Child_Avg|39: 1017 278 105 38 11 4 1 
33730|Child_CrossABC2|8|Mutated: 902 274 85 36 11 5 1 
33732|Child_Cross12|33: 910 258 85 32 13 4 1 
33737|Survivor|1|Mutated: 910 258 91 32 13 4 1 
33739|Child_CrossABC1|7: 891 242 75 35 11 5 1 
33740|Child_Cross12|45: 890 261 79 32 13 4 1 
33756|Child_Cross21|50|Mutated: 866 247 72 32 13 4 1 
33758|Child_CrossABC1|7: 867 246 72 32 13 4 1 
33759|Child_CrossABC1|1: 865 246 72 32 13 4 1 
33760|Child_CrossABC2|8: 917 253 90 41 13 4 1 
33791|Child_Levy|24: 895 259 86 40 14 5 1 
33795|Child_Levy|20: 874 231 88 39 14 4 1 
33796|Child_Cross21|50: 895 284 73 40 12 5 1 
33797|Child_Avg|15: 947 267 75 40 13 5 1 
33798|Child_Avg|31: 898 262 79 40 12 5 1 
33801|Child_Avg|27: 896 267 78 40 12 5 1 
33802|Child_CrossABC1|1: 898 266 77 40 12 5 1 
33804|Child_CrossABC2|8: 854 258 87 41 13 4 1 
33805|Child_Levy|44: 915 249 80 41 11 4 1 
33806|Child_CrossABC2|8: 1037 316 94 45 13 4 1 
33807|Child_Avg|31: 872 276 101 45 13 4 1 
33810|Child_Cross21|42: 1031 282 93 39 14 4 1 
33811|Child_Levy|4: 788 231 89 41 13 4 1 
33819|Child_Levy|44: 1115 301 102 40 13 5 1 
33823|Child_LevyP2|4: 1136 307 103 41 14 6 1 
33825|Child_LevyP2|10: 947 305 87 41 14 6 1 
33826|Child_LevyABC1|11: 1033 309 98 39 14 6 1 
33827|Child_Avg|51: 1027 288 89 40 13 5 1 
33829|Child_Avg|23: 1058 301 98 40 13 5 1 
33834|Child_CrossABC2|8: 1119 265 102 38 17 5 1 
33843|Child_Avg|47: 1299 308 103 40 14 5 1 
33850|Child_Levy|60: 1089 309 95 37 14 6 1 
33851|Child_Avg|47: 1040 291 89 40 13 5 1 
33855|Child_Levy|24: 1068 285 89 41 13 4 1 
33861|Child_CrossABC1|7: 1095 292 85 40 13 5 1 
33862|Child_Levy|52: 1127 279 86 40 12 5 1 
33863|Child_Cross12|33: 1071 281 84 40 13 4 1 
33875|Child_Cross21|38: 1038 293 77 40 13 5 1 
33877|Child_Cross21|18: 1023 285 76 40 13 5 1 
33878|Child_CrossABC2|8: 1026 284 77 35 13 5 1 
33879|Child_Levy|8: 1030 276 88 39 14 4 1 
33884|Child_Cross21|50: 1024 283 79 39 14 4 1 
33886|Child_Cross12|9: 1050 282 88 33 14 4 1 
33902|Child_Cross12|1|Mutated: 1051 240 77 33 14 4 1 
33903|Child_Avg|19: 1052 284 81 32 13 4 1 
33904|Child_LevyP1|3: 1206 274 79 32 13 5 1 
33905|Child_Cross21|26: 1153 293 80 37 13 4 1 
33914|Child_Cross21|38: 912 233 77 35 12 5 1 
33916|Child_Avg|47: 1042 293 91 33 12 5 1 
33917|Child_CrossABC2|8: 1093 339 96 35 12 5 1 
33920|Child_CrossABC1|1: 1084 337 95 35 13 5 1 
33924|Child_Cross21|50: 1048 291 90 40 13 5 1 
33951|Child_CrossABC2|2: 1053 289 90 40 13 5 1 
33955|Child_CrossABC1|7: 1073 318 90 40 13 5 1 
33957|Child_Cross21|22: 1035 285 84 40 13 5 1 
33958|Child_CrossABC2|8|Mutated: 1034 291 95 40 14 5 1 
33966|Child_LevyABC1|5: 1469 361 132 41 14 6 1 
33968|Survivor|1|Mutated: 1425 361 158 41 14 6 1 
33972|Child_Avg|47: 1290 388 157 44 16 5 1 
33973|Child_Avg|59: 1118 291 111 40 14 5 1 
33976|Child_Cross21|2: 1147 303 111 40 14 5 1 
33979|Survivor|1|Mutated: 1289 303 111 40 14 5 1 
33980|Child_Avg|55: 1103 294 104 40 13 5 1 
33983|Child_Avg|15: 1121 293 110 40 13 5 1 
34025|Child_Avg|39|Mutated: 1071 331 102 40 13 5 1 
34026|Survivor|1|Mutated: 1071 331 102 40 13 4 1 
34029|Child_Cross12|53|Mutated: 1181 351 102 41 14 4 1 
34030|Child_Avg|3: 1021 316 97 40 13 5 1 
34031|Child_CrossABC2|2: 1134 255 103 40 13 5 1 
34032|Child_Avg|23: 1074 314 89 36 13 4 1 
34038|Child_Cross21|14: 975 286 87 36 13 4 1 
34040|Child_Levy|16: 1014 307 89 39 16 6 1 
34043|Child_CrossABC1|7: 955 293 87 35 12 5 1 
34046|Survivor|1|Mutated: 1022 334 87 35 12 5 1 
34050|Child_LevyP1|9: 1123 302 99 42 13 4 1 
34051|Child_CrossABC1|7: 993 286 93 41 14 6 1 
34056|Child_Avg|11: 973 274 86 36 13 4 1 
34072|Child_Avg|3: 941 274 86 36 13 4 1 
34087|Child_Avg|7: 1030 274 76 35 13 5 1 
34088|Child_LevyABC2|12: 1037 267 104 35 13 6 1 
34090|Child_Avg|27: 1052 271 90 35 13 5 1 
34099|Child_Avg|31: 1053 289 80 35 13 5 1 
34106|Child_Cross12|49: 1050 284 77 35 13 5 1 
34112|Child_Cross21|6: 1072 290 73 35 11 5 1 
34113|Child_Cross12|25: 958 274 73 35 11 5 1 
34118|Child_Cross12|21: 1053 282 74 35 12 5 1 
34119|Child_Avg|23: 1004 275 73 35 12 5 1 
34120|Child_Cross12|49: 1059 284 73 35 12 5 1 
34121|Child_Cross12|13: 1051 285 73 35 12 5 1 
34122|Child_CrossABC1|7: 1090 285 73 35 12 5 1 
34124|Child_Cross21|2: 1089 285 73 35 12 5 1 
34136|Child_Cross21|14|Mutated: 1051 284 88 35 12 5 1 
34141|Survivor|1|Mutated: 1056 284 88 35 12 5 1 
34144|Child_CrossABC1|7: 1054 284 85 35 12 5 1 
34145|Child_CrossABC2|8: 1060 284 86 35 12 5 1 
34166|Child_Avg|11|Mutated: 1048 284 86 35 12 5 1 
34179|Child_Cross21|34: 913 284 73 35 12 5 1 
34184|Child_Cross12|49: 908 284 73 35 12 5 1 
34202|Child_Cross12|21|Mutated: 967 284 86 35 12 5 1 
34207|Child_CrossABC1|7: 934 265 73 35 12 5 1 
34263|Child_Cross21|6: 974 269 74 29 10 4 1 
34265|Child_Cross21|6: 940 283 76 43 13 4 1 
34266|Child_Cross12|45: 872 263 85 40 12 5 1 
34270|Child_CrossABC1|7: 896 259 84 40 13 5 1 
34271|Child_Avg|35: 885 257 89 40 12 5 1 
34276|Child_Cross21|34: 971 299 81 40 12 5 1 
34277|Child_Cross12|1: 939 267 77 40 12 5 1 
34279|Child_Cross12|25: 939 267 77 40 13 5 1 
34282|Child_CrossABC2|8: 927 267 77 40 13 5 1 
34289|Child_Cross12|41|Mutated: 923 263 75 40 13 5 1 
34290|Child_Cross21|58: 919 275 74 35 12 5 1 
34295|Child_CrossABC2|2: 1162 284 90 41 13 4 1 
34299|Child_CrossABC2|8: 916 270 73 35 12 5 1 
34300|Child_LevyP1|3: 1044 273 90 40 13 5 1 
34304|Child_Avg|55: 1012 274 85 40 13 5 1 
34307|Child_CrossABC2|2: 975 275 86 41 14 6 1 
34312|Child_Levy|32: 1157 321 93 39 14 6 1 
34313|Child_Cross21|14: 941 266 89 40 13 5 1 
34314|Child_Levy|52: 1164 342 95 37 13 4 1 
34316|Child_Avg|3|Mutated: 1060 308 91 37 14 4 1 
34328|Child_Avg|35: 904 283 74 35 12 5 1 
34331|Child_Cross12|17: 874 274 73 35 12 5 1 
34332|Child_Avg|11: 910 275 73 35 12 5 1 
34335|Child_Levy|24: 958 270 73 35 12 5 1 
34336|Child_Levy|48: 911 286 77 35 12 5 1 
34349|Child_Avg|27: 910 282 79 33 14 4 1 
34353|Child_Avg|23: 921 277 75 32 13 4 1 
34358|Child_Avg|43: 914 269 71 40 13 4 1 
34359|Child_Cross21|6: 919 272 73 35 11 5 1 
34360|Child_Levy|20: 926 268 71 37 14 4 1 
34363|Child_Levy|16: 922 266 75 32 13 4 1 
34371|Child_Cross12|25: 923 266 72 32 13 4 1 
34379|Child_CrossABC1|1: 913 263 68 32 13 4 1 
34385|Child_CrossABC1|1: 912 263 68 32 13 4 1 
34386|Child_Levy|32: 1094 306 83 40 12 5 1 
34388|Child_Avg|55: 1080 265 100 36 13 4 1 
34391|Child_Avg|11: 1163 259 102 35 12 5 1 
34395|Child_Cross21|10|Mutated: 940 257 84 35 12 5 1 
34398|Child_Cross12|33: 920 263 86 35 12 5 1 
34399|Child_CrossABC2|2: 943 259 86 35 12 5 1 
34403|Child_CrossABC1|1: 928 260 86 35 12 5 1 
34417|Child_Levy|4: 910 254 84 35 13 5 1 
34420|Child_Levy|52: 936 256 82 35 13 5 1 
34421|Child_Avg|51: 905 243 78 35 12 5 1 
34423|Child_Cross12|29: 977 263 78 35 12 5 1 
34425|Child_Cross12|37|Mutated: 929 244 78 35 12 5 1 
34427|Child_Avg|35: 881 251 77 35 12 5 1 
34428|Child_Cross21|6: 882 262 77 35 12 5 1 
34430|Child_CrossABC1|7: 954 264 77 35 12 5 1 
34431|Child_Avg|15: 934 243 78 35 12 5 1 
34439|Child_Cross12|21: 913 259 73 35 12 5 1 
34457|Child_Avg|35: 920 262 73 35 12 5 1 
34459|Child_Cross21|10|Mutated: 920 262 86 35 12 5 1 
34460|Child_Cross21|54: 920 261 73 35 12 5 1 
34465|Child_Avg|31: 938 258 79 35 12 5 1 
34467|Child_Cross12|17|Mutated: 938 258 84 35 13 5 1 
34468|Child_CrossABC2|2: 938 258 91 35 12 5 1 
34469|Child_CrossABC1|7: 938 258 84 35 11 5 1 
34509|Child_Avg|23|Mutated: 938 258 77 35 13 5 1 
34514|Child_Cross12|37: 911 258 73 35 12 5 1 
34549|Survivor|1|Mutated: 938 258 73 35 11 4 1 
34551|Child_Cross21|38: 1113 345 94 45 13 5 1 
34552|Child_Avg|3: 977 281 85 42 12 5 1 
34553|Child_LevyABC2|6: 955 284 85 39 11 4 1 
34555|Child_Cross21|46: 918 283 77 41 13 4 1 
34558|Child_Avg|31: 1135 333 89 40 15 4 1 
34566|Child_CrossABC1|7: 924 307 87 39 14 4 1 
34568|Child_LevyABC1|5: 943 307 103 40 13 5 1 
34574|Child_Cross21|6: 1131 311 83 39 14 6 1 
34575|Child_CrossABC2|2: 990 311 100 36 13 4 1 
34580|Child_Cross12|9: 947 278 86 36 13 4 1 
34581|Child_CrossABC1|7: 987 313 98 35 13 5 1 
34592|Child_LevyP2|4: 969 304 96 37 14 4 1 
34593|Child_Avg|35|Mutated: 1038 307 86 35 13 5 1 
34594|Child_CrossABC2|8: 1040 298 86 35 13 5 1 
34595|Child_Avg|55: 980 270 84 35 11 5 1 
34598|Child_Avg|39: 1003 284 86 35 11 5 1 
34599|Child_Avg|7: 993 272 85 35 12 5 1 
34604|Child_CrossABC1|1: 1069 292 85 35 12 5 1 
34605|Child_CrossABC2|8|Mutated: 954 292 102 35 13 5 1 
34606|Child_Cross21|22: 1051 292 80 35 13 5 1 
34608|Child_Cross21|18: 1042 296 80 35 13 5 1 
34609|Child_Cross21|58: 1050 293 80 35 13 5 1 
34610|Child_Avg|3: 973 275 77 35 12 5 1 
34616|Survivor|1|Mutated: 973 285 77 35 12 5 1 
34617|Child_CrossABC1|1: 974 286 78 35 12 5 1 
34620|Child_Cross21|2: 1010 284 74 33 14 4 1 
34621|Child_LevyP2|4: 983 290 78 37 12 5 1 
34622|Child_Cross21|42: 1092 302 77 34 13 6 1 
34623|Child_Avg|39: 1058 282 78 35 12 5 1 
34624|Child_Levy|36: 1030 282 74 35 11 5 1 
34625|Child_Avg|55: 1080 289 80 35 13 5 1 
34635|Child_CrossABC1|1: 1061 284 80 35 13 5 1 
34643|Child_CrossABC2|8: 1019 283 77 35 13 5 1 
34646|Child_CrossABC2|8: 1014 282 78 35 12 5 1 
34653|Child_Avg|51: 1032 282 74 35 12 5 1 
34657|Child_Avg|43: 1022 279 76 35 11 5 1 
34658|Child_Avg|59: 1405 318 122 39 15 4 1 
34659|Child_Avg|11: 1054 292 100 37 14 4 1 
34665|Child_LevyP2|4: 1011 259 108 35 13 5 1 
34667|Child_Cross12|9: 1152 265 87 36 13 4 1 
34696|Survivor|1|Mutated: 979 265 87 36 13 4 1 
34701|Child_Cross12|1: 966 251 81 36 13 4 1 
34703|Child_LevyP2|4: 1018 266 97 35 11 5 1 
34721|Child_Avg|39: 1081 261 100 35 11 5 1 
34731|Child_Cross12|29: 907 247 73 35 11 5 1 
34732|Child_Cross12|37: 917 247 73 35 11 5 1 
34735|Child_Levy|4: 923 247 74 35 12 5 1 
34741|Child_Avg|59: 969 268 87 36 13 4 1 
34746|Child_CrossABC2|8: 972 270 92 41 13 4 1 
34747|Child_LevyP2|4: 961 281 97 40 14 5 1 
34752|Child_Levy|4: 965 290 105 41 14 4 1 
34759|Child_Avg|11: 1313 334 104 45 16 5 1 
34760|Child_Avg|55: 1149 292 108 39 14 4 1 
34763|Child_Avg|31: 1038 275 94 41 13 4 1 
34767|Child_Avg|35: 1064 260 92 41 13 4 1 
34771|Child_Levy|24: 1045 282 90 40 13 5 1 
34774|Child_Avg|55: 1060 272 89 41 13 4 1 
34775|Child_Avg|39: 1051 279 90 40 13 5 1 
34780|Child_LevyABC1|11: 1031 301 101 41 14 4 1 
34806|Child_Cross21|14: 1013 289 88 41 14 4 1 
34811|Child_Cross12|49: 1012 278 86 41 14 4 1 
34812|Child_Cross21|54: 1012 278 86 41 14 6 1 
34815|Child_Levy|16: 1517 388 154 43 14 6 1 
34819|Child_Cross21|42: 1529 394 148 43 14 6 1 
34821|Child_Cross12|45: 940 272 85 41 13 4 1 
34823|Child_Levy|52: 1288 327 108 43 14 6 1 
34824|Child_Avg|27: 1068 313 110 45 12 5 1 
34827|Child_Cross12|1: 1129 310 97 48 13 5 1 
34828|Child_Avg|7: 1030 279 101 40 13 5 1 
34842|Child_CrossABC2|8: 1173 299 87 40 12 5 1 
34843|Child_Cross12|5: 1151 306 88 40 13 5 1 
34846|Child_Cross21|6: 1043 306 86 36 13 4 1 
34856|Child_Cross21|54: 1143 296 81 36 13 4 1 
34858|Child_Cross12|5: 905 287 80 38 13 5 1 
34859|Child_LevyP2|4: 916 283 79 39 14 4 1 
34862|Child_Cross12|45: 1060 291 77 35 13 5 1 
34866|Child_Avg|3|Mutated: 862 276 77 35 13 5 1 
34867|Child_Cross12|25: 1044 286 75 35 12 5 1 
34870|Child_CrossABC1|7: 1102 291 77 35 13 5 1 
34871|Child_Cross21|6: 1070 299 76 35 13 5 1 
34872|Child_CrossABC1|7: 1113 284 77 35 13 5 1 
34881|Child_Cross12|5: 951 290 76 35 13 5 1 
34896|Child_Cross21|26: 897 242 76 35 13 5 1 
34904|Child_Avg|7: 1041 290 82 35 13 5 1 
34906|Child_Cross12|37: 1085 290 76 35 13 5 1 
34915|Child_CrossABC2|2: 1073 290 103 35 13 5 1 
34917|Child_CrossABC1|1: 1076 290 111 35 13 5 1 
34932|Child_Cross21|46: 1072 290 76 35 13 5 1 
34987|Child_Avg|35: 937 323 103 36 13 4 1 
34989|Child_Avg|43: 856 242 113 39 14 4 1 
34990|Child_Avg|3: 1126 306 85 37 14 4 1 
34992|Child_LevyABC2|12: 1040 303 89 35 13 5 1 
35003|Child_CrossABC1|7: 1048 298 86 35 13 5 1 
35007|Child_Cross21|58|Mutated: 1137 299 95 37 12 5 1 
35010|Child_Avg|59: 1059 297 88 35 12 5 1 
35013|Child_Avg|51: 1016 298 86 35 11 5 1 
35014|Child_CrossABC1|7|Mutated: 928 294 102 35 13 5 1 
35020|Child_Avg|15: 978 289 85 35 13 5 1 
35022|Child_Avg|59: 967 291 85 35 13 5 1 
35023|Child_Levy|36: 939 293 84 35 11 4 1 
35025|Child_Avg|15: 905 299 86 35 12 5 1 
35027|Child_CrossABC2|2: 931 283 85 35 12 5 1 
35035|Child_CrossABC1|1: 931 288 89 35 12 5 1 
35037|Child_Avg|31: 1576 423 123 40 12 5 1 
35040|Child_Avg|35: 1265 355 103 37 13 4 1 
35046|Child_Cross12|1: 947 265 93 37 13 4 1 
35051|Child_Avg|51: 1073 293 87 36 13 4 1 
35057|Child_Cross12|33: 1127 301 82 35 13 5 1 
35064|Child_CrossABC2|2: 1138 300 86 35 12 5 1 
35072|Survivor|1|Mutated: 1276 300 97 35 12 5 1 
35074|Child_Avg|39: 1212 319 84 35 11 5 1 
35075|Child_Cross21|38: 1148 308 82 37 13 4 1 
35077|Child_Levy|8: 1350 360 121 43 14 4 1 
35078|Child_Cross12|1: 1086 307 77 35 13 5 1 
35081|Child_Avg|51: 1046 302 102 41 11 5 1 
35088|Child_Levy|60: 990 298 77 37 12 5 1 
35090|Child_LevyP1|3: 894 255 78 41 14 4 1 
35091|Child_Cross12|25: 973 285 77 37 13 4 1 
35093|Child_Avg|55: 1003 273 79 41 13 4 1 
35094|Child_LevyP2|4: 1025 283 76 40 14 5 1 
35095|Child_Cross12|37: 934 282 79 41 13 4 1 
35100|Child_Avg|19|Mutated: 1173 326 91 41 14 4 1 
35102|Child_Avg|31: 961 293 77 40 12 5 1 
35104|Child_Avg|43: 1041 297 83 39 14 4 1 
35106|Child_LevyP1|3: 885 281 75 41 13 4 1 
35107|Child_Cross12|37: 986 290 73 40 12 5 1 
35108|Child_CrossABC2|2: 974 287 93 40 12 5 1 
35111|Child_CrossABC2|2|Mutated: 836 287 99 40 12 5 1 
35112|Child_Cross21|38: 1019 288 89 40 12 5 1 
35113|Child_CrossABC1|1: 976 287 102 40 13 5 1 
35120|Child_Cross21|50: 996 279 105 43 11 4 1 
35121|Child_Levy|12: 1005 287 98 40 13 4 1 
35125|Child_Cross21|14: 929 271 97 33 14 4 1 
35132|Child_CrossABC1|1: 969 260 94 32 13 4 1 
35137|Child_Avg|7: 1129 300 95 37 13 4 1 
35146|Child_CrossABC1|1: 865 353 105 37 14 4 1 
35150|Child_Cross21|22: 828 236 82 37 14 4 1 
35155|Child_Cross21|54: 912 231 80 36 13 4 1 
35156|Child_Cross21|34: 895 242 80 37 14 4 1 
35157|Child_CrossABC1|7: 975 271 82 37 13 4 1 
35159|Child_Levy|20: 909 248 80 35 13 5 1 
35160|Child_Cross21|14: 909 248 80 37 13 4 1 
35165|Child_CrossABC2|2: 903 248 80 37 13 4 1 
35166|Child_CrossABC2|8: 907 248 80 37 13 4 1 
35167|Child_CrossABC2|2: 905 248 80 37 13 4 1 
35172|Child_CrossABC2|8: 905 248 90 37 13 4 1 
35188|Child_Avg|55: 901 249 91 36 13 4 1 
35190|Child_LevyP2|4: 907 250 97 35 11 5 1 
35191|Child_Avg|39: 971 262 81 36 13 4 1 
35197|Child_LevyP2|10: 975 259 86 35 13 6 1 
35198|Child_LevyABC1|5: 977 262 109 35 12 5 1 
35207|Survivor|1|Mutated: 977 275 109 35 12 5 1 
35208|Child_Avg|7: 980 267 100 35 12 5 1 
35213|Child_CrossABC2|8|Mutated: 979 276 107 35 13 5 1 
35216|Child_CrossABC1|7: 996 290 108 35 11 5 1 
35224|Survivor|1|Mutated: 996 290 108 35 11 4 1 
35232|Child_Avg|47: 960 254 82 35 13 5 1 
35233|Child_Cross21|46: 944 247 78 35 12 5 1 
35239|Child_Avg|51: 1145 336 91 29 14 4 1 
35241|Child_Avg|43: 885 229 78 35 12 5 1 
35246|Child_Cross12|13: 1054 224 73 35 12 5 1 
35247|Child_Avg|7: 891 240 73 35 12 5 1 
35250|Child_CrossABC2|2: 894 234 73 35 12 5 1 
35251|Child_Cross12|21: 855 234 73 35 11 5 1 
35253|Child_CrossABC2|2: 920 246 73 35 13 5 1 
35254|Child_CrossABC1|7: 899 234 73 35 12 5 1 
35259|Child_Avg|39: 889 247 73 35 12 5 1 
35263|Child_Avg|39: 875 247 73 35 12 5 1 
35270|Child_Cross12|1: 882 247 73 35 12 5 1 
35276|Child_Cross12|13: 895 247 73 35 12 5 1 
35304|Child_Avg|7: 965 264 75 35 11 5 1 
35310|Child_Cross12|25: 905 249 73 35 11 5 1 
35321|Child_LevyP2|10: 1073 278 94 33 12 5 1 
35322|Child_Avg|23: 1168 312 101 48 15 4 1 
35324|Child_Cross12|17: 1111 282 95 35 11 5 1 
35325|Child_CrossABC1|7: 1125 297 91 32 11 4 1 
35334|Child_LevyABC1|5: 972 299 87 35 12 5 1 
35341|Child_Cross12|17: 1024 298 86 35 12 5 1 
35365|Child_LevyP2|4|Mutated: 1147 322 98 40 13 4 1 
35368|Child_Avg|11: 1056 321 97 40 12 5 1 
35369|Child_Cross21|50: 965 259 85 41 13 4 1 
35372|Child_Avg|3: 1074 279 87 40 12 5 1 
35382|Child_Avg|39: 899 284 90 37 12 5 1 
35399|Child_Avg|47: 894 263 80 37 13 4 1 
35400|Child_CrossABC2|8: 916 281 87 32 13 4 1 
35401|Child_CrossABC1|7: 931 290 86 36 13 4 1 
35402|Child_Cross21|26: 910 285 75 32 13 4 1 
35404|Child_Avg|27: 781 219 81 36 13 4 1 
35407|Child_Levy|36: 931 263 77 37 14 4 1 
35408|Child_Cross21|14: 906 275 73 36 13 4 1 
35409|Child_Cross12|29: 931 263 77 35 11 5 1 
35410|Child_Cross12|9: 897 278 74 35 12 5 1 
35411|Child_Avg|23: 904 266 78 33 14 4 1 
35414|Child_Cross12|13: 914 275 74 35 12 5 1 
35416|Child_Cross21|2: 934 274 73 35 12 5 1 
35422|Child_Cross21|46|Mutated: 993 283 85 35 12 5 1 
35424|Child_Avg|59: 1018 284 85 35 12 5 1 
35430|Child_Cross12|9: 937 274 73 35 12 5 1 
35455|Child_Avg|31: 909 259 73 35 12 5 1 
35465|Child_Cross12|25: 946 282 73 35 12 5 1 
35466|Child_CrossABC1|7: 905 271 77 35 13 5 1 
35487|Child_Cross12|41: 908 269 73 35 12 5 1 
35514|Child_Cross21|42|Mutated: 939 284 86 35 12 5 1 
35516|Child_CrossABC1|7: 948 284 85 35 12 5 1 
35570|Child_Avg|15: 1012 268 81 44 13 4 1 
35573|Child_Avg|3: 1596 382 109 43 13 4 1 
35574|Child_CrossABC2|8|Mutated: 1102 287 93 40 11 5 1 
35575|Child_CrossABC2|8: 1423 292 98 40 13 4 1 
35576|Child_Avg|3: 1039 283 87 41 13 4 1 
35578|Child_CrossABC1|1: 1490 318 102 41 13 4 1 
35598|Survivor|1|Mutated: 1490 318 120 41 13 4 1 
35602|Child_CrossABC1|1: 1552 349 105 41 13 4 1 
35604|Child_CrossABC2|2: 1522 357 100 41 13 4 1 
35622|Survivor|1|Mutated: 1397 357 100 41 13 4 1 
35623|Child_Cross12|53: 1135 296 83 40 13 5 1 
35624|Child_Cross21|22: 1143 277 83 40 13 4 1 
35625|Child_LevyP2|4: 1141 304 87 41 14 6 1 
35628|Child_Cross21|46: 1150 282 83 40 13 5 1 
35629|Child_Cross12|57: 1143 277 83 40 13 5 1 
35631|Child_Cross12|57: 1146 282 83 40 13 5 1 
35634|Child_Avg|51|Mutated: 1144 277 89 40 13 5 1 
35640|Child_CrossABC2|8: 1144 281 83 40 13 5 1 
35641|Child_CrossABC1|1: 1143 282 83 40 13 5 1 
35644|Child_LevyABC1|5: 1056 299 94 39 14 6 1 
35646|Child_Cross12|5|Mutated: 1145 278 90 40 13 5 1 
35650|Survivor|1|Mutated: 1283 278 90 40 13 5 1 
35655|Child_Cross12|57: 1067 282 83 40 13 5 1 
35660|Child_Cross21|18: 1139 281 83 40 13 5 1 
35661|Child_Cross12|29: 1045 281 83 40 13 5 1 
35662|Child_CrossABC1|7: 1056 281 97 40 13 5 1 
35664|Child_Avg|47: 1059 281 90 40 13 5 1 
35668|Child_Avg|11: 1064 281 83 40 13 5 1 
35672|Child_Cross21|42: 1053 281 83 40 13 5 1 
35674|Child_Cross12|21: 1050 281 83 40 13 5 1 
35675|Child_Cross21|54: 1096 281 83 40 13 5 1 
35676|Child_Avg|43: 1021 281 83 40 13 5 1 
35680|Child_Cross21|26: 1152 281 83 40 13 5 1 
35682|Child_Avg|59: 1067 286 84 40 13 5 1 
35683|Child_CrossABC1|1: 1045 281 97 40 13 5 1 
35684|Child_CrossABC1|1: 1027 281 110 40 13 5 1 
35690|Child_Cross12|21: 1034 281 83 40 13 5 1 
35693|Child_Avg|7: 1042 281 83 40 13 5 1 
35704|Child_Cross21|26: 1072 281 83 40 13 5 1 
35714|Child_Cross21|18: 1091 281 83 40 13 5 1 
35719|Child_Cross21|10: 1013 281 83 40 13 5 1 
35727|Child_Cross21|46|Mutated: 1053 300 99 40 13 5 1 
35729|Child_CrossABC2|2: 1029 281 103 40 13 5 1 
35739|Child_Cross12|33: 1085 297 83 40 13 5 1 
35748|Child_CrossABC2|2: 1064 281 111 40 13 5 1 
35753|Child_Avg|3: 1066 281 97 40 13 5 1 
35759|Child_CrossABC2|8: 1059 281 97 40 13 5 1 
35760|Child_CrossABC1|1: 1072 281 97 40 13 5 1 
35766|Child_CrossABC1|1: 1075 281 84 40 13 5 1 
35767|Child_CrossABC2|8: 1140 281 90 40 13 5 1 
35779|Child_Avg|15|Mutated: 1104 281 84 40 13 5 1 
35783|Child_Avg|55: 1086 281 90 40 13 5 1 
35792|Child_LevyABC2|12: 1076 314 109 37 14 4 1 
35805|Child_CrossABC2|8: 1074 314 109 37 14 4 1 
35812|Child_Avg|55: 1075 309 106 36 13 4 1 
35819|Child_CrossABC2|8: 1094 334 108 37 14 4 1 
35824|Child_Avg|35: 938 264 98 35 12 5 1 
35825|Child_Cross21|38: 1061 276 94 35 13 5 1 
35826|Child_Cross21|14: 1048 275 91 35 13 5 1 
35827|Child_CrossABC1|7: 1026 325 96 35 12 5 1 
35828|Child_Cross21|42: 1045 282 93 35 13 5 1 
35830|Child_Cross12|5: 1060 312 93 35 13 5 1 
35836|Child_Cross12|57|Mutated: 1063 298 89 35 13 5 1 
35837|Child_Cross21|50: 996 281 89 35 13 5 1 
35838|Child_CrossABC2|8: 1098 291 89 35 13 5 1 
35839|Child_Avg|23: 1084 297 86 35 13 5 1 
35841|Child_Avg|51|Mutated: 973 298 99 35 13 5 1 
35858|Survivor|1|Mutated: 973 289 99 35 13 5 1 
35866|Child_CrossABC1|7: 1041 287 93 35 13 5 1 
35869|Child_Avg|47: 1053 292 86 35 13 5 1 
35880|Child_Avg|43: 1069 283 82 35 13 5 1 
35882|Child_Cross12|29: 1057 297 84 35 13 5 1 
35883|Child_Avg|15: 1072 302 80 35 13 5 1 
35886|Child_Avg|7: 1069 293 80 35 13 5 1 
35890|Child_Cross12|13: 1075 297 77 35 13 5 1 
35910|Child_Cross12|41: 1071 291 77 41 13 4 1 
35911|Child_CrossABC1|7: 1069 285 87 36 13 4 1 
35912|Child_Avg|27: 1020 285 74 36 13 4 1 
35913|Child_Avg|39: 992 279 76 36 13 4 1 
35919|Child_Cross21|30: 889 251 73 36 13 4 1 
35920|Child_CrossABC1|1: 799 225 73 36 13 4 1 
35924|Child_Cross12|1: 791 211 73 35 12 5 1 
35925|Child_Cross21|18: 880 232 88 37 13 4 1 
35928|Child_LevyP2|4: 878 232 99 40 12 5 1 
35942|Child_Levy|24: 1210 334 113 44 12 5 1 
35943|Survivor|1|Mutated: 1210 327 114 35 12 5 1 
35949|Child_Levy|24: 969 269 106 37 13 4 1 
35951|Child_Levy|20: 960 273 90 35 13 5 1 
35952|Child_Avg|39: 957 306 94 37 14 4 1 
35965|Child_Cross21|42: 921 259 86 37 14 4 1 
35966|Child_CrossABC1|1: 962 288 91 37 14 4 1 
35967|Child_Avg|35: 953 276 85 37 14 4 1 
35968|Child_Avg|7: 928 288 89 37 14 4 1 
35975|Child_CrossABC2|2: 942 270 83 36 13 4 1 
35980|Child_Cross21|42: 932 273 83 36 13 4 1 
35983|Child_Cross12|57: 979 277 83 36 13 4 1 
35985|Child_Levy|44: 923 271 78 35 12 5 1 
35997|Child_Cross12|25: 925 271 78 35 12 5 1 
36004|Child_Avg|39: 922 278 97 35 12 5 1 
36010|Child_CrossABC2|8: 946 286 112 35 12 5 1 
36013|Child_Avg|3: 977 281 89 35 12 5 1 
36014|Child_Avg|39|Mutated: 948 273 97 35 11 5 1 
36015|Child_Cross12|9: 956 288 73 35 12 5 1 
36016|Child_Cross21|42: 967 271 73 35 12 5 1 
36018|Child_Cross12|45: 954 271 73 35 12 5 1 
36020|Child_Cross12|25: 955 277 73 35 11 5 1 
36021|Child_Cross12|57: 955 275 73 35 12 5 1 
36022|Child_Cross21|6: 961 277 73 35 11 5 1 
36027|Child_Cross21|34: 970 277 73 35 11 5 1 
36029|Child_Cross21|10: 885 277 73 35 11 5 1 
36032|Child_Avg|31: 911 277 73 35 11 5 1 
36033|Child_Cross12|29: 955 274 73 35 11 5 1 
36035|Child_Avg|59: 940 277 73 35 11 5 1 
36038|Child_Cross12|17: 958 277 73 35 11 5 1 
36042|Child_Cross21|14: 946 277 73 35 11 5 1 
36043|Child_Cross12|33: 964 277 73 35 11 5 1 
36044|Child_Cross21|2: 923 277 73 35 11 5 1 
36050|Child_Cross12|57: 929 277 73 35 11 5 1 
36052|Child_Cross21|14: 926 277 73 35 11 5 1 
36072|Child_CrossABC1|7: 648 282 91 32 13 4 1 
36073|Child_Avg|31: 982 252 96 37 10 4 1 
36077|Child_Levy|16: 1085 303 85 41 14 6 1 
36078|Survivor|1|Mutated: 1195 303 85 41 14 6 1 
36080|Child_Avg|27: 1046 285 79 41 14 6 1 
36084|Child_CrossABC2|2: 1120 265 93 36 13 6 1 
36098|Child_Levy|36: 994 273 76 35 11 4 1 
36100|Child_Levy|12: 993 265 84 35 13 5 1 
36101|Child_Cross21|22: 950 258 75 35 11 5 1 
36102|Child_Cross21|58: 931 255 79 32 13 4 1 
36116|Child_Cross21|50: 951 249 76 35 13 6 1 
36117|Child_Avg|59|Mutated: 944 255 79 32 13 4 1 
36121|Child_Levy|12: 938 253 79 33 14 4 1 
36127|Child_Levy|16|Mutated: 928 261 74 33 14 4 1 
36128|Child_CrossABC2|2: 930 261 74 33 14 4 1 
36131|Child_Cross21|42: 922 253 74 33 14 4 1 
36132|Child_Cross21|14: 930 248 74 33 14 4 1 
36137|Child_Avg|35: 947 245 72 32 13 4 1 
36138|Child_Avg|55: 934 259 73 32 13 4 1 
36139|Child_CrossABC1|7: 932 265 74 33 14 4 1 
36144|Child_Levy|8: 1092 269 89 37 14 4 1 
36160|Child_Cross12|13: 1077 268 87 36 13 4 1 
36170|Child_Cross21|50: 932 258 83 36 13 4 1 
36176|Child_Levy|36: 1390 313 107 40 15 4 1 
36184|Child_Avg|51: 1212 284 77 37 14 4 1 
36185|Child_Cross12|33: 949 283 88 40 13 4 1 
36186|Child_Levy|56: 1038 278 89 40 13 5 1 
36193|Child_CrossABC1|1: 1066 278 89 40 13 5 1 
36196|Child_Cross12|29: 1136 278 83 40 13 4 1 
36197|Child_Avg|59: 1123 282 83 40 13 4 1 
36199|Child_Cross21|58: 1097 288 88 41 14 4 1 
36200|Child_Avg|19: 1142 282 83 40 13 5 1 
36201|Child_CrossABC2|8: 1145 279 83 40 13 5 1 
36202|Child_LevyP2|4: 972 259 85 41 14 4 1 
36216|Child_Levy|48: 1083 258 80 41 11 5 1 
36218|Child_Cross12|13: 1106 260 77 41 14 6 1 
36219|Child_Cross12|1: 976 266 80 41 11 5 1 
36224|Child_Levy|60: 1124 334 146 55 16 5 1 
36225|Survivor|1|Mutated: 1124 334 120 55 16 5 1 
36226|Survivor|1|Mutated: 1124 294 120 55 16 5 1 
36227|Child_Cross12|57: 1141 291 99 42 13 4 1 
36232|Child_CrossABC1|7: 900 259 102 43 13 5 1 
36235|Child_Cross12|9: 907 271 98 41 13 4 1 
36236|Child_Cross21|34: 907 271 98 45 13 5 1 
36237|Child_Cross12|29: 1109 283 94 45 13 5 1 
36240|Child_Avg|35: 992 264 94 45 13 4 1 
36241|Child_CrossABC2|2: 978 264 94 45 13 4 1 
36242|Child_Cross21|54: 991 264 94 45 13 4 1 
36243|Child_CrossABC2|2: 969 264 94 45 13 4 1 
36244|Child_Avg|23: 928 271 92 45 13 4 1 
36245|Child_Avg|27: 938 270 92 41 13 4 1 
36256|Child_LevyP2|10: 1001 285 85 47 12 5 1 
36257|Child_Avg|15: 973 267 88 40 13 5 1 
36265|Child_Cross21|46: 1022 281 88 41 13 4 1 
36267|Child_LevyP1|3: 1029 297 90 40 12 5 1 
36269|Child_CrossABC1|7|Mutated: 934 273 86 40 12 5 1 
36270|Child_Avg|35: 1047 284 85 40 13 5 1 
36272|Child_Avg|27: 1175 308 90 40 13 5 1 
36276|Child_Avg|47: 1021 281 85 40 12 5 1 
36286|Child_Avg|55: 1003 271 83 40 13 5 1 
36287|Child_Avg|7: 987 277 84 40 13 4 1 
36289|Child_Cross21|6: 969 268 83 40 13 5 1 
36291|Child_Cross21|42|Mutated: 938 283 91 47 12 5 1 
36302|Child_Avg|35: 934 275 82 43 11 4 1 
36303|Child_Levy|56: 962 263 78 40 12 5 1 
36305|Child_Avg|27: 1063 276 80 50 13 4 1 
36307|Child_Levy|4: 1002 269 80 42 12 5 1 
36316|Child_Avg|15: 1123 317 120 46 13 4 1 
36317|Child_CrossABC2|2: 1124 311 143 41 13 4 1 
36321|Child_Cross12|13: 1091 334 103 41 13 4 1 
36325|Child_CrossABC1|7: 1037 290 86 44 13 4 1 
36326|Child_Cross21|14: 992 290 87 41 13 4 1 
36327|Child_Cross21|26: 1029 276 77 41 13 4 1 
36328|Child_Levy|20: 1010 279 90 40 12 5 1 
36330|Child_Avg|15|Mutated: 1064 294 83 40 14 5 1 
36335|Child_CrossABC1|1: 1078 281 87 39 14 6 1 
36337|Child_Avg|11: 955 284 97 36 13 4 1 
36339|Child_CrossABC2|8: 1081 318 98 35 12 5 1 
36346|Child_LevyABC2|6|Mutated: 1069 306 108 37 14 4 1 
36351|Child_CrossABC1|7: 922 289 106 35 13 5 1 
36361|Child_Avg|7: 916 302 98 35 13 5 1 
36362|Child_Levy|32: 1094 317 91 37 12 5 1 
36363|Child_Levy|52: 1003 306 90 35 12 5 1 
36364|Child_Cross21|38: 1028 303 86 35 13 5 1 
36367|Child_CrossABC2|8: 1040 306 104 35 13 5 1 
36369|Child_Avg|59: 1034 304 86 35 13 5 1 
36374|Child_CrossABC1|1: 1033 304 93 35 13 5 1 
36380|Child_Levy|16: 1095 305 127 39 16 5 1 
36381|Child_CrossABC2|2: 1022 302 95 35 13 5 1 
36384|Child_Cross21|54: 1050 291 86 35 13 5 1 
36385|Child_Cross12|9: 1053 297 86 35 13 5 1 
36402|Child_CrossABC2|2: 1060 292 86 35 13 5 1 
36406|Child_Cross21|54: 1096 283 76 35 13 5 1 
36407|Child_Avg|59: 1078 294 78 35 12 5 1 
36409|Child_Cross12|1: 1086 288 77 35 12 5 1 
36410|Child_Avg|7: 1283 327 86 35 11 4 1 
36411|Child_Avg|31: 1087 279 78 35 12 5 1 
36415|Child_Avg|59: 1063 282 74 35 12 5 1 
36416|Child_CrossABC1|7: 1068 278 74 35 12 5 1 
36417|Child_Avg|43: 1070 279 73 35 12 5 1 
36418|Child_Cross21|46: 1071 278 74 35 12 5 1 
36431|Child_Levy|32|Mutated: 1056 281 87 36 13 4 1 
36477|Child_Avg|23: 1053 284 77 35 13 5 1 
36497|Child_CrossABC1|7: 1051 284 86 35 12 5 1 
36514|Child_Levy|32: 1390 340 115 37 12 5 1 
36517|Child_Avg|47: 1248 324 118 41 14 4 1 
36518|Child_LevyP1|9: 1244 327 115 40 13 5 1 
36522|Child_Levy|4: 1265 327 103 40 13 5 1 
36523|Child_CrossABC1|1: 1179 327 103 40 13 5 1 
36529|Child_Cross21|46: 1137 309 96 40 13 5 1 
36530|Child_Avg|43: 1097 311 101 40 14 5 1 
36531|Child_CrossABC2|8: 1114 317 101 40 12 5 1 
36533|Child_CrossABC1|7: 1119 318 98 40 13 5 1 
36548|Child_Cross12|29: 1091 308 91 40 12 5 1 
36549|Child_Cross12|17: 1056 323 93 39 14 4 1 
36551|Child_CrossABC2|2: 1283 305 87 41 14 4 1 
36552|Child_CrossABC1|7: 1116 322 97 40 14 5 1 
36556|Child_LevyABC2|6|Mutated: 1112 340 87 39 11 4 1 
36557|Child_Avg|35: 1180 353 90 40 13 5 1 
36558|Child_CrossABC2|2: 1177 341 90 40 13 5 1 
36560|Child_Cross21|22: 1150 311 85 40 13 5 1 
36561|Child_Avg|39: 1155 319 85 40 13 5 1 
36564|Child_CrossABC1|7: 1147 306 85 40 13 5 1 
36565|Child_Avg|35: 1181 310 85 41 13 4 1 
36570|Child_CrossABC1|1: 1141 325 84 40 13 5 1 
36571|Child_CrossABC2|2: 1145 308 86 40 13 5 1 
36580|Child_Avg|59: 1133 321 84 40 13 5 1 
36594|Child_Cross12|33: 4175 969 222 84 40 13 5 1 
36597|Child_Cross12|5: 964 220 85 29 11 5 1 
36598|Child_Cross21|54: 722 231 74 35 12 5 1 
36599|Child_Avg|47: 943 224 87 35 12 5 1 
36601|Child_LevyP1|3: 935 239 90 29 10 4 1 
36602|Child_Avg|3: 950 222 86 35 13 5 1 
36605|Child_CrossABC2|8|Mutated: 855 228 97 35 12 5 1 
36610|Child_Levy|20: 924 253 84 35 13 5 1 
36612|Child_Avg|11: 882 232 79 32 13 4 1 
36613|Child_Avg|47: 873 238 86 35 13 5 1 
36614|Child_Avg|23: 917 279 90 35 13 5 1 
36615|Child_Cross12|57: 932 259 80 35 13 5 1 
36616|Child_Cross12|5: 1107 303 91 37 14 4 1 
36631|Child_Cross12|41: 918 257 76 37 14 4 1 
36633|Child_Levy|52: 943 270 79 35 12 5 1 
36635|Child_Cross12|1: 1006 279 78 35 12 5 1 
36641|Child_Cross21|14: 949 276 77 40 12 5 1 
36642|Child_Cross21|22: 953 268 75 35 12 5 1 
36650|Child_CrossABC2|8: 940 285 73 35 12 5 1 
36653|Child_Avg|27: 915 279 73 35 12 5 1 
36661|Child_Avg|31|Mutated: 932 259 73 35 12 5 1 
36662|Child_CrossABC1|7: 925 269 73 35 12 5 1 
36663|Child_Cross21|2: 920 281 73 35 12 5 1 
36667|Child_Cross12|21: 902 279 73 35 12 5 1 
36672|Child_Cross21|46: 921 279 73 35 12 5 1 
36674|Child_Cross12|25: 937 279 73 35 12 5 1 
36675|Child_Avg|23: 917 281 73 35 12 5 1 
36676|Child_Cross12|9: 923 281 73 35 12 5 1 
36687|Child_Cross21|14: 909 281 73 35 12 5 1 
36689|Child_Cross21|10: 928 281 73 35 12 5 1 
36698|Child_Cross12|21|Mutated: 920 281 85 35 12 5 1 
36706|Child_CrossABC2|2: 918 281 97 35 12 5 1 
36714|Child_CrossABC2|8: 917 297 98 35 12 5 1 
36729|Child_Avg|7: 913 293 97 35 12 5 1 
36760|Child_Avg|31: 898 282 85 35 12 5 1 
36761|Child_CrossABC2|2: 895 288 90 35 12 5 1 
36774|Child_Cross21|2: 914 262 73 35 12 5 1 
36796|Child_Avg|15: 971 259 78 35 12 5 1 
36809|Child_CrossABC2|2: 905 258 90 35 12 5 1 
36810|Child_LevyABC1|5: 799 281 107 36 13 4 1 
36829|Child_Cross21|42: 901 262 73 35 12 5 1 
36869|Child_Cross21|2: 937 258 73 35 12 5 1 
36899|Child_LevyP1|3: 956 250 74 36 13 4 1 
36900|Child_Levy|4|Mutated: 885 262 106 34 11 4 1 
36901|Child_CrossABC1|1: 1123 292 96 34 11 4 1 
36906|Child_Avg|23: 885 246 92 36 11 4 1 
36907|Child_CrossABC1|7: 965 273 99 31 11 4 1 
36908|Survivor|1|Mutated: 965 279 99 31 11 4 1 
36909|Child_LevyP1|3: 924 241 90 39 14 4 1 
36912|Child_Levy|48: 892 253 86 35 12 5 1 
36914|Survivor|1|Mutated: 892 243 86 35 12 5 1 
36915|Child_Cross12|57: 914 255 84 35 12 5 1 
36917|Child_Cross21|58: 867 256 86 35 12 5 1 
36918|Child_CrossABC2|8: 871 253 86 35 13 5 1 
36919|Child_Levy|36: 889 249 77 35 13 5 1 
36920|Child_Cross21|14: 890 258 84 35 13 5 1 
36930|Child_Avg|35: 925 258 77 35 13 5 1 
36931|Child_CrossABC2|2: 885 267 85 35 13 5 1 
36938|Child_CrossABC1|7: 931 226 77 35 13 5 1 
36941|Child_CrossABC1|1: 924 241 77 35 13 5 1 
36943|Child_Cross12|57: 887 262 76 35 13 5 1 
36946|Child_Avg|39: 890 261 73 35 12 5 1 
36947|Child_Avg|11: 871 261 73 35 12 5 1 
36959|Child_Avg|27: 970 258 73 35 12 5 1 
36986|Child_Avg|43: 904 258 77 35 12 5 1 
37010|Child_LevyP2|4: 948 249 80 36 13 4 1 
37029|Child_Avg|7: 861 265 77 35 13 5 1 
37041|Child_CrossABC2|2: 901 258 100 35 11 5 1 
37042|Child_CrossABC1|1: 901 258 90 35 13 5 1 
37050|Child_Avg|3: 900 249 73 35 12 5 1 
37120|Child_Avg|27: 1254 367 109 39 11 4 1 
37121|Child_LevyP1|9: 1069 290 89 40 12 5 1 
37123|Child_Levy|56: 1110 315 91 40 12 5 1 
37127|Survivor|1|Mutated: 1228 315 91 40 12 5 1 
37129|Child_Cross21|58: 1029 286 84 35 11 4 1 
37130|Child_CrossABC2|8: 1134 329 90 40 13 5 1 
37134|Child_Cross12|53: 1170 291 90 40 13 5 1 
37136|Child_Avg|31: 1129 331 89 40 13 5 1 
37138|Child_Levy|48|Mutated: 1084 313 85 37 14 4 1 
37142|Child_CrossABC1|1: 1085 291 86 35 13 5 1 
37149|Child_CrossABC1|1: 1071 291 86 35 13 5 1 
37154|Child_CrossABC1|1: 1075 292 85 35 12 5 1 
37165|Child_CrossABC2|8: 1074 269 97 35 12 5 1 
37168|Child_CrossABC2|8: 1070 291 86 35 12 5 1 
37181|Child_Cross12|53: 1070 282 79 35 12 5 1 
37182|Child_LevyP2|4: 928 281 81 36 13 4 1 
37191|Child_Avg|47: 970 262 77 35 13 5 1 
37193|Child_Cross21|26: 960 275 77 41 14 4 1 
37195|Child_Levy|36: 974 268 75 35 11 5 1 
37199|Child_Levy|40: 1642 373 108 37 13 4 1 
37200|Child_Cross21|18: 958 276 74 31 14 4 1 
37201|Child_Avg|11|Mutated: 965 264 73 35 12 5 1 
37202|Child_Levy|52: 940 274 77 31 14 4 1 
37212|Child_Avg|59: 918 267 74 33 14 4 1 
37213|Child_Cross12|53: 944 245 74 31 14 4 1 
37219|Child_Cross21|14: 956 251 74 36 13 4 1 
37232|Child_Avg|7: 916 251 70 34 13 4 1 
37233|Child_Levy|24: 930 256 69 32 13 4 1 
37234|Child_CrossABC2|8: 928 250 69 32 13 4 1 
37236|Child_LevyP1|9: 1036 244 94 31 14 5 1 
37239|Child_LevyABC1|11: 847 259 79 32 13 4 1 
37240|Child_CrossABC1|7: 1077 249 107 32 13 4 1 
37241|Child_Cross21|58: 888 260 85 32 13 4 1 
37249|Child_CrossABC2|2: 875 246 81 32 13 4 1 
37254|Child_Avg|15: 880 239 89 31 14 4 1 
37255|Child_Avg|39: 904 243 78 31 14 4 1 
37258|Child_Cross12|49: 875 258 88 33 14 4 1 
37259|Child_Avg|59: 892 237 83 31 14 5 1 
37264|Child_Cross21|54: 890 257 81 32 13 5 1 
37265|Child_CrossABC2|2: 892 259 79 32 13 4 1 
37269|Child_Cross21|46: 903 233 73 31 13 4 1 
37270|Child_Avg|3: 1014 271 91 32 13 4 1 
37271|Child_Levy|40: 941 244 86 33 14 4 1 
37272|Child_Levy|44: 925 242 81 32 13 4 1 
37273|Child_Avg|59: 914 242 81 31 14 4 1 
37274|Child_CrossABC2|2: 901 236 77 31 14 4 1 
37275|Child_Cross12|53: 910 237 77 31 14 4 1 
37279|Child_Avg|47: 901 239 78 31 14 4 1 
37284|Child_Avg|51: 990 267 81 32 13 4 1 
37289|Child_Avg|47: 907 249 75 32 13 4 1 
37290|Child_Cross21|30: 894 259 73 32 13 4 1 
37291|Child_Avg|43: 927 257 77 31 14 4 1 
37298|Child_Cross12|33|Mutated: 916 293 87 33 14 4 1 
37301|Child_Avg|11: 983 305 95 37 14 4 1 
37305|Survivor|1|Mutated: 944 305 110 37 14 4 1 
37310|Child_Levy|48: 919 279 88 35 12 5 1 
37314|Child_CrossABC2|2: 924 291 91 35 11 5 1 
37329|Child_Avg|43|Mutated: 911 265 89 35 11 5 1 
37331|Child_Avg|43: 916 269 88 35 11 5 1 
37338|Child_Levy|48: 915 268 87 36 13 6 1 
37342|Child_Avg|51: 910 244 84 35 12 5 1 
37343|Child_Cross21|34: 885 247 80 35 11 5 1 
37345|Child_CrossABC1|7: 898 267 86 35 11 5 1 
37348|Child_CrossABC2|2: 900 264 85 35 12 5 1 
37363|Child_CrossABC1|7: 901 265 86 35 11 5 1 
37366|Child_Avg|23: 857 233 73 35 12 5 1 
37367|Child_CrossABC2|8: 943 283 74 35 12 5 1 
37371|Child_Cross12|37: 900 258 73 35 11 5 1 
37374|Child_Cross21|2: 879 239 73 35 12 5 1 
37375|Child_CrossABC1|1: 898 264 73 35 11 5 1 
37377|Child_Cross12|13: 898 258 73 35 11 5 1 
37404|Child_Cross12|37|Mutated: 1075 258 87 35 12 5 1 
37413|Child_CrossABC2|2|Mutated: 901 258 93 35 13 5 1 
37414|Child_LevyP2|10: 907 250 96 37 14 4 1 
37418|Child_Avg|31: 1000 341 103 37 14 4 1 
37419|Child_CrossABC1|1: 1013 355 114 37 14 4 1 
37435|Child_CrossABC2|2: 1013 356 114 37 14 4 1 
37440|Child_Cross12|33: 949 326 94 37 14 4 1 
37443|Child_Cross21|34: 931 309 83 39 14 4 1 
37444|Child_LevyP1|3: 973 322 85 35 12 5 1 
37446|Child_Cross12|9: 963 299 80 37 13 4 1 
37448|Child_Avg|3: 968 303 82 37 13 4 1 
37449|Child_Avg|23: 976 300 82 35 13 5 1 
37452|Child_Cross21|2: 980 302 80 35 13 5 1 
37454|Child_Cross21|22: 1015 296 80 35 13 5 1 
37460|Survivor|1|Mutated: 1103 296 80 35 13 5 1 
37461|Child_Levy|36|Mutated: 1456 408 100 37 14 4 1 
37465|Child_Avg|39: 1138 335 86 36 13 4 1 
37467|Survivor|1|Mutated: 1138 363 86 36 13 4 1 
37473|Child_Avg|55: 1039 314 90 35 12 5 1 
37476|Child_Avg|55: 1046 311 86 35 12 5 1 
37477|Survivor|1|Mutated: 1046 311 86 35 11 5 1 
37487|Child_CrossABC1|1: 1020 306 89 35 11 5 1 
37494|Child_CrossABC1|1: 1055 301 97 35 13 5 1 
37498|Child_LevyP2|4: 971 293 91 33 14 4 1 
37501|Survivor|1|Mutated: 1103 293 91 33 14 4 1 
37525|Child_Avg|7: 1057 296 79 32 13 4 1 
37530|Child_Avg|19: 1073 289 78 33 14 4 1 
37533|Child_LevyP2|4: 1106 286 75 32 13 5 1 
37540|Child_Cross21|50: 1083 291 74 33 14 4 1 
37544|Child_Levy|52: 1121 307 82 35 13 5 1 
37551|Child_CrossABC2|8: 1103 306 82 35 13 5 1 
37552|Child_Levy|60|Mutated: 1614 372 128 55 17 5 1 
37553|Child_CrossABC1|7|Mutated: 1140 303 92 32 13 4 1 
37575|Child_CrossABC2|8: 1029 310 92 32 13 4 1 
37576|Child_Cross21|22: 1085 250 88 32 13 4 1 
37580|Child_Avg|7: 1114 262 87 32 13 4 1 
37584|Child_Avg|7: 1096 273 82 37 14 4 1 
37588|Child_Cross12|5: 1143 255 77 37 14 4 1 
37596|Child_Cross21|58: 1159 263 77 35 12 5 1 
37602|Child_CrossABC1|1: 1159 263 89 35 12 5 1 
37606|Child_Cross12|53: 1163 258 83 36 13 4 1 
37622|Child_Avg|59: 1137 250 73 35 12 5 1 
37624|Child_Avg|43: 1146 259 76 36 13 4 1 
37625|Child_Cross12|1: 1143 253 73 35 11 5 1 
37627|Child_Avg|23: 1160 259 75 35 12 5 1 
37628|Child_Cross12|57: 1140 265 73 35 12 5 1 
37631|Child_CrossABC2|8: 1142 271 74 35 12 5 1 
37635|Child_Avg|27: 1191 324 91 31 14 4 1 
37652|Child_Avg|7|Mutated: 1167 300 88 41 13 4 1 
37654|Child_Avg|19: 1448 322 139 45 13 5 1 
37656|Child_Cross21|14: 1286 364 103 37 14 6 1 
37660|Child_Levy|40: 1190 312 99 40 13 5 1 
37662|Child_Levy|32: 840 233 96 35 12 5 1 
37667|Child_Avg|51: 903 276 86 35 11 4 1 
37668|Child_Avg|3: 1036 276 89 35 11 5 1 
37671|Child_Cross21|30: 994 285 84 35 11 5 1 
37673|Child_Avg|3: 959 281 81 36 13 4 1 
37677|Child_LevyP1|9: 912 286 84 35 11 5 1 
37678|Child_CrossABC1|7: 907 265 83 36 13 4 1 
37686|Child_CrossABC1|7: 879 276 83 36 13 4 1 
37694|Child_LevyP1|9: 911 259 85 35 12 5 1 
37696|Child_CrossABC2|8: 910 244 86 35 12 5 1 
37697|Survivor|1|Mutated: 910 244 91 35 12 5 1 
37700|Child_Avg|19: 901 251 81 32 13 4 1 
37707|Child_Levy|8: 1443 333 114 46 16 5 1 
37711|Child_Levy|56: 1054 327 122 47 16 6 1 
37714|Child_Levy|12: 1017 293 111 45 14 6 1 
37717|Child_Levy|8: 1004 286 92 45 16 5 1 
37720|Child_Levy|44: 1009 296 105 41 13 4 1 
37726|Child_CrossABC1|7: 1010 295 92 41 13 4 1 
37730|Child_Avg|31: 1034 300 92 41 13 4 1 
37733|Child_CrossABC2|8: 1132 308 92 41 13 4 1 
37734|Child_Avg|3: 1112 307 88 40 13 4 1 
37735|Child_CrossABC1|7: 1114 317 90 41 13 4 1 
37752|Child_Avg|3|Mutated: 1066 321 85 40 12 5 1 
37755|Child_LevyABC2|6: 1191 331 98 41 13 4 1 
37757|Child_Avg|15: 1184 329 97 40 13 4 1 
37759|Child_Avg|19: 1068 299 83 40 13 4 1 
37760|Child_Levy|20: 1230 319 96 43 14 6 1 
37762|Child_Levy|4: 1155 323 82 43 14 6 1 
37763|Child_Cross21|26: 1121 318 85 40 14 5 1 
37764|Child_Cross21|22: 1085 313 85 40 14 5 1 
37771|Child_CrossABC2|2: 1093 310 85 41 13 4 1 
37772|Child_Avg|23|Mutated: 1055 311 85 40 13 5 1 
37774|Child_Cross21|54|Mutated: 1087 306 96 40 13 5 1 
37798|Child_CrossABC1|7: 1107 308 99 40 13 5 1 
37817|Child_LevyABC2|12: 1152 301 101 39 14 4 1 
37829|Child_CrossABC2|8: 1152 307 101 39 14 4 1 
37857|Child_CrossABC1|7: 1151 304 101 39 14 4 1 
37860|Child_Cross21|6: 1054 305 101 39 14 4 1 
37861|Child_CrossABC2|2: 1146 299 101 39 14 4 1 
37862|Child_Avg|55: 1096 286 97 40 12 5 1 
37863|Child_Cross12|17: 1114 307 89 35 13 5 1 
37865|Child_Avg|35: 1135 292 99 39 14 4 1 
37866|Child_Levy|36: 1110 303 91 37 14 4 1 
37872|Child_Cross21|38: 1098 297 91 37 14 4 1 
37877|Child_Avg|19: 1102 297 91 37 14 4 1 
37884|Child_Cross21|6: 1124 302 89 37 14 4 1 
37885|Child_CrossABC1|7: 1062 287 89 37 14 4 1 
37887|Child_Cross21|10: 1061 288 89 37 14 4 1 
37889|Child_Avg|27: 1080 293 87 36 13 4 1 
37893|Child_Levy|16: 892 260 99 35 13 5 1 
37902|Child_Cross12|33: 939 268 95 35 13 5 1 
37906|Child_CrossABC1|7: 1181 304 96 37 14 4 1 
37909|Child_CrossABC1|7: 987 263 105 37 14 4 1 
37912|Child_Avg|3: 995 263 95 37 14 4 1 
37914|Child_Avg|47: 967 258 77 35 12 5 1 
37918|Child_CrossABC1|7: 949 262 79 35 12 5 1 
37919|Child_CrossABC2|2: 935 252 78 35 12 5 1 
37923|Child_Avg|31: 1099 257 77 35 12 5 1 
37924|Child_CrossABC1|1: 1092 279 74 35 12 5 1 
37927|Child_CrossABC2|2: 933 266 75 35 11 5 1 
37928|Child_Cross21|18: 1029 261 73 35 12 5 1 
37929|Child_CrossABC1|7: 923 258 75 35 11 5 1 
37937|Child_Cross21|6: 1057 272 73 35 11 5 1 
37938|Child_Avg|15: 930 254 76 35 12 5 1 
37940|Child_Cross21|26: 1068 261 75 35 12 5 1 
37941|Child_Avg|43: 972 260 77 37 12 5 1 
37942|Child_CrossABC2|8: 942 258 74 35 12 5 1 
37943|Child_Levy|28|Mutated: 2126 505 126 45 16 5 1 
37952|Child_Avg|3: 1232 313 97 40 13 5 1 
37957|Child_Levy|4: 1592 359 101 40 13 5 1 
37958|Child_CrossABC2|2: 1592 357 103 40 13 5 1 
37960|Child_Avg|47: 1343 306 98 40 13 5 1 
37961|Child_CrossABC1|1: 1131 297 113 41 14 6 1 
37967|Child_Cross21|26: 1111 304 87 41 14 4 1 
37968|Child_Levy|36: 1392 334 91 37 14 4 1 
37974|Child_Cross12|37: 1382 273 89 37 14 4 1 
37975|Child_CrossABC2|8: 1382 292 89 37 14 4 1 
37978|Child_Cross21|26: 1107 304 81 36 13 4 1 
37980|Child_Cross21|42: 1133 304 80 37 13 4 1 
37981|Child_Avg|27: 1084 297 80 37 13 4 1 
37991|Child_CrossABC2|8: 1087 292 80 37 13 4 1 
37993|Child_CrossABC1|7: 1077 291 80 37 13 4 1 
37994|Child_CrossABC1|1|Mutated: 1102 295 89 35 13 5 1 
38003|Child_Levy|20: 1104 286 91 33 14 4 1 
38004|Child_Cross21|54: 1104 286 91 29 14 4 1 
38006|Child_Avg|43: 1088 294 81 36 13 4 1 
38013|Child_Avg|39: 1271 342 115 40 12 5 1 
38015|Survivor|1|Mutated: 1271 342 115 40 13 5 1 
38020|Child_Levy|44|Mutated: 1240 323 105 40 14 5 1 
38026|Child_Avg|3: 1197 308 103 40 14 5 1 
38032|Child_Cross12|17: 1197 308 103 40 13 5 1 
38033|Child_CrossABC2|2: 1162 310 103 40 13 5 1 
38034|Child_CrossABC1|1: 1170 307 103 40 13 5 1 
38036|Child_Avg|51: 1153 306 96 40 13 5 1 
38038|Child_CrossABC1|7: 1149 306 96 40 13 5 1 
38040|Child_Avg|27: 1151 306 96 40 13 5 1 
38055|Child_Cross12|33: 1135 297 91 37 14 4 1 
38057|Child_Avg|47: 1117 291 90 40 13 4 1 
38058|Child_Cross21|58: 1101 286 85 41 14 6 1 
38060|Child_CrossABC1|1: 1117 292 89 40 13 4 1 
38065|Child_Levy|12: 1114 287 88 39 14 4 1 
38066|Child_CrossABC1|7: 1112 282 85 40 14 5 1 
38072|Child_Cross21|2|Mutated: 1108 299 94 45 13 5 1 
38073|Child_Cross12|45: 1119 284 83 40 13 5 1 
38082|Child_Avg|47: 1118 284 83 40 14 5 1 
38083|Child_Avg|7: 1119 264 83 40 13 5 1 
38084|Child_CrossABC1|1: 1117 294 83 40 14 5 1 
38085|Child_Avg|35: 1119 284 83 40 12 5 1 
38086|Child_Cross21|38: 1117 294 83 40 13 5 1 
38089|Child_Cross12|21: 1070 284 83 40 13 5 1 
38091|Child_Avg|7: 1118 308 83 40 13 5 1 
38092|Child_Avg|59: 1118 296 83 40 13 5 1 
38093|Child_CrossABC1|1: 1120 297 83 40 13 5 1 
38101|Child_Levy|32: 1118 296 83 40 14 5 1 
38105|Child_Cross21|46: 1120 297 83 40 14 5 1 
38110|Child_Avg|35: 1117 297 83 40 13 5 1 
38113|Child_Cross21|50: 1118 299 83 40 12 5 1 
38114|Child_Cross21|34: 1121 299 83 40 12 5 1 
38115|Child_Cross12|45: 1123 297 83 40 13 5 1 
38125|Child_Cross21|54: 1117 297 83 40 14 5 1 
38129|Child_CrossABC2|2: 1117 297 103 40 13 5 1 
38137|Child_LevyABC2|12: 1169 275 104 41 14 6 1 
38147|Child_LevyABC2|6: 1137 300 103 37 14 6 1 
38149|Child_Avg|43: 1127 301 99 40 13 5 1 
38158|Survivor|1|Mutated: 1127 301 99 40 13 4 1 
38166|Child_CrossABC2|2: 1115 303 113 40 13 5 1 
38169|Child_Cross12|41: 1108 299 83 40 12 5 1 
38170|Child_Avg|35: 1115 302 90 40 13 5 1 
38171|Child_CrossABC1|1|Mutated: 1130 303 84 40 13 5 1 
38187|Child_Cross21|54: 1098 299 83 40 13 5 1 
38188|Child_Cross21|22: 1108 300 83 40 12 5 1 
38189|Child_Cross21|58: 1116 300 83 40 12 5 1 
38190|Child_Cross12|57: 1098 299 83 40 12 5 1 
38192|Child_Cross12|1: 1095 299 83 40 13 5 1 
38195|Child_CrossABC2|8: 1095 299 83 40 14 5 1 
38197|Child_CrossABC1|1: 1098 299 83 40 14 5 1 
38201|Child_Cross21|30: 1108 299 83 40 14 5 1 
38202|Child_Cross12|21: 1101 299 83 40 14 5 1 
38205|Child_Cross12|37|Mutated: 1095 299 92 41 13 4 1 
38209|Child_Cross12|25|Mutated: 1104 299 94 40 12 5 1 
38215|Child_Cross12|1: 1105 299 83 40 14 5 1 
38217|Child_Avg|23: 1100 299 84 40 13 5 1 
38222|Child_Cross21|10: 1141 299 83 40 14 5 1 
38224|Child_Cross12|5: 1111 299 83 40 13 5 1 
38225|Child_CrossABC2|8: 1128 299 83 40 14 5 1 
38226|Child_Cross12|41: 1111 299 83 40 14 5 1 
38237|Child_Cross12|57: 1125 299 83 40 14 5 1 
38238|Child_Cross12|53: 1104 299 83 40 14 5 1 
38239|Child_Cross21|58|Mutated: 1098 299 97 40 14 5 1 
38242|Child_Cross21|26: 1131 299 83 40 14 5 1 
38245|Child_Cross21|22: 1115 299 83 40 14 5 1 
38249|Child_Avg|51|Mutated: 1104 299 97 40 14 5 1 
38251|Child_Avg|7: 1121 299 83 40 14 5 1 
38254|Child_Cross12|45: 1114 299 83 40 14 5 1 
38255|Child_Cross21|30: 1071 299 83 40 14 5 1 
38257|Child_Cross12|45: 1041 299 83 40 14 5 1 
38261|Child_Avg|43: 1091 299 83 40 14 5 1 
38269|Child_Cross21|50: 1081 299 83 40 14 5 1 
38270|Child_Cross12|41|Mutated: 1125 299 97 40 14 5 1 
38271|Child_Cross12|17: 1085 299 83 40 14 5 1 
38275|Child_Avg|31: 1118 299 83 40 14 5 1 
38287|Child_Cross21|54: 1078 299 83 40 14 5 1 
38294|Child_LevyABC1|5|Mutated: 1061 313 89 41 13 4 1 
38307|Child_Cross12|41: 1085 299 83 40 13 5 1 
38308|Child_Cross21|6: 1092 299 83 40 14 5 1 
38309|Child_Cross12|17: 1048 299 83 40 14 5 1 
38311|Child_Cross12|49: 1082 299 83 40 14 5 1 
38312|Child_Avg|59: 1075 299 83 40 14 5 1 
38316|Child_Avg|19: 1230 260 98 43 14 4 1 
38317|Child_Cross21|38: 1159 309 82 36 11 3 1 
38319|Child_LevyP1|3: 1424 378 118 41 14 4 1 
38322|Child_Levy|8: 867 267 83 39 14 4 1 
38324|Child_Cross12|9: 1149 324 83 41 13 4 1 
38325|Child_Cross21|6: 970 277 85 40 12 5 1 
38326|Child_Levy|56: 1080 283 82 40 12 5 1 
38327|Child_Cross12|21: 966 263 85 40 12 5 1 
38330|Child_Cross21|50: 995 284 83 40 12 5 1 
38332|Child_Cross21|34|Mutated: 902 309 97 40 12 5 1 
38351|Child_Levy|24: 1045 297 90 41 13 4 1 
38381|Child_CrossABC2|8: 1040 305 98 42 13 4 1 
38382|Child_CrossABC1|1: 1066 300 94 41 13 4 1 
38383|Child_Avg|47: 1033 292 90 41 13 4 1 
38389|Child_Avg|47: 1046 296 89 41 13 4 1 
38430|Child_Avg|51|Mutated: 1133 308 97 36 13 4 1 
38431|Survivor|1|Mutated: 999 359 97 36 13 4 1 
38434|Child_Levy|8|Mutated: 967 273 87 41 13 4 1 
38436|Child_CrossABC1|1|Mutated: 850 239 95 37 13 4 1 
38438|Child_Levy|12: 1076 257 86 40 12 5 1 
38439|Child_Cross21|6: 928 249 89 31 14 4 1 
38442|Child_Avg|55: 986 303 88 32 13 4 1 
38444|Child_Cross21|18: 933 258 77 37 14 4 1 
38454|Child_Avg|11: 879 239 87 36 13 4 1 
38458|Child_Avg|51: 1167 326 94 32 13 4 1 
38461|Child_Avg|27: 1052 304 83 36 13 4 1 
38462|Child_CrossABC2|8: 1052 302 83 36 13 4 1 
38465|Child_Avg|11: 1062 308 90 35 13 5 1 
38468|Child_LevyABC1|11: 993 294 83 36 13 4 1 
38472|Child_Avg|11: 968 299 80 35 13 5 1 
38475|Child_CrossABC2|2: 1011 228 89 35 11 5 1 
38477|Child_Levy|4: 1037 291 141 40 12 5 1 
38481|Child_Cross21|30: 964 288 73 35 11 4 1 
38482|Child_Cross12|25: 1131 354 88 40 13 4 1 
38483|Child_Avg|3: 854 253 77 35 12 5 1 
38486|Child_Cross21|6: 854 253 77 41 13 4 1 
38492|Child_Cross12|33: 830 235 80 37 13 4 1 
38497|Child_Avg|55: 1090 332 85 40 13 5 1 
38515|Child_Avg|39: 1055 307 85 38 13 5 1 
38516|Child_Avg|39: 1033 302 81 40 12 5 1 
38517|Child_Cross12|41: 1082 306 79 39 14 6 1 
38518|Child_Cross21|54: 1099 312 80 37 14 4 1 
38520|Child_LevyP1|3: 1179 322 87 36 13 4 1 
38526|Child_Avg|27: 2045 544 123 45 16 5 1 
38533|Child_Avg|55: 1377 387 95 42 13 4 1 
38535|Child_Cross21|26: 910 302 79 45 16 5 1 
38536|Child_Levy|24: 1073 300 82 43 14 6 1 
38538|Child_LevyP1|9: 1146 337 83 40 13 5 1 
38543|Child_Avg|59: 1128 324 83 41 13 4 1 
38544|Child_Avg|51: 1133 317 85 41 13 4 1 
38545|Child_Avg|15: 1094 307 83 40 13 5 1 
38546|Child_CrossABC1|1: 1133 306 88 41 13 4 1 
38547|Child_CrossABC2|8: 1134 313 90 41 13 4 1 
38549|Child_Cross21|14: 1110 316 85 41 13 4 1 
38557|Child_CrossABC2|2: 1134 318 89 41 13 4 1 
38563|Child_Levy|52: 1198 311 89 40 14 5 1 
38564|Child_LevyP1|9|Mutated: 1196 323 89 45 14 5 1 
38565|Child_CrossABC1|1: 1085 314 90 41 13 4 1 
38571|Child_CrossABC1|7|Mutated: 1117 367 92 41 13 4 1 
38573|Child_Cross21|46: 1072 300 79 41 13 4 1 
38574|Child_Cross21|18: 1154 332 85 40 12 5 1 
38585|Child_Cross21|38: 1083 314 77 41 13 4 1 
38596|Child_Cross12|9: 1087 305 76 41 13 4 1 
38598|Child_LevyABC1|5: 1227 300 135 47 14 6 1 
38606|Child_Cross12|1: 1126 292 99 45 13 4 1 
38607|Child_Cross12|37: 1176 301 110 47 14 6 1 
38612|Child_LevyP2|4: 1113 290 109 43 13 6 1 
38613|Child_Levy|52: 1145 289 99 45 13 4 1 
38614|Child_Avg|19: 1187 292 101 44 12 5 1 
38615|Child_Cross21|26: 1202 318 85 45 14 5 1 
38616|Child_Avg|47: 1169 290 96 43 14 6 1 
38619|Survivor|1|Mutated: 1085 290 96 43 14 6 1 
38621|Child_CrossABC2|8: 1068 286 102 45 14 5 1 
38623|Child_LevyP1|9|Mutated: 1066 312 107 44 13 4 1 
38627|Child_Cross12|17: 1041 283 99 45 13 4 1 
38632|Child_Cross21|18: 1055 297 94 45 13 4 1 
38633|Child_Avg|31: 1049 325 90 41 13 4 1 
38634|Child_Avg|19: 1077 299 91 44 12 5 1 
38635|Child_Avg|23: 1085 293 91 42 12 5 1 
38636|Child_Cross12|17: 1063 301 88 42 12 5 1 
38638|Child_Cross12|1: 1064 288 89 36 13 4 1 
38640|Child_Cross12|21: 1051 296 87 36 13 4 1 
38641|Child_Cross12|13: 1065 298 87 36 13 4 1 
38644|Child_Levy|36: 1019 305 89 40 13 5 1 
38646|Child_CrossABC2|2: 1040 315 89 40 13 5 1 
38647|Child_LevyABC1|5: 1058 316 93 41 14 6 1 
38649|Child_Levy|52: 1074 303 89 41 13 4 1 
38651|Child_Avg|51: 1060 305 89 41 13 4 1 
38654|Child_Levy|48: 1047 297 90 41 13 4 1 
38655|Child_CrossABC1|1: 1069 297 90 41 13 4 1 
38656|Child_Levy|24: 1054 300 87 41 14 4 1 
38668|Child_LevyABC1|5: 1036 275 93 35 13 5 1 
38676|Child_LevyABC1|11: 1014 302 107 40 14 5 1 
38677|Child_CrossABC2|8: 1053 316 112 45 13 5 1 
38681|Child_LevyABC1|11: 1045 356 132 48 13 5 1 
38682|Child_Cross12|29: 1027 276 90 40 13 4 1 
38684|Child_CrossABC1|7|Mutated: 1058 297 102 41 13 4 1 
38687|Child_Levy|12: 971 279 99 40 14 5 1 
38688|Child_Avg|19: 1062 293 85 40 13 5 1 
38697|Child_Avg|11: 1101 311 100 41 13 4 1 
38698|Child_Cross12|57: 980 281 84 40 13 4 1 
38703|Child_CrossABC2|8: 971 286 84 40 13 5 1 
38707|Child_LevyP2|10: 937 291 85 41 14 6 1 
38714|Child_CrossABC1|7: 975 280 82 40 13 5 1 
38715|Child_Cross21|34: 1006 287 76 39 14 4 1 
38716|Child_Avg|19: 997 274 88 40 13 4 1 
38721|Child_Cross12|53|Mutated: 939 275 76 40 13 5 1 
38722|Child_Cross12|49: 1073 297 92 36 11 5 1 
38723|Child_LevyP2|10|Mutated: 949 358 91 35 13 6 1 
38725|Child_Avg|3: 1028 278 86 35 11 4 1 
38731|Child_Levy|44: 1065 316 91 35 12 5 1 
38732|Child_Levy|28: 1021 268 80 35 11 5 1 
38734|Child_Avg|3: 1003 275 92 32 13 4 1 
38740|Child_LevyP1|3: 1006 320 94 31 14 5 1 
38741|Survivor|1|Mutated: 1006 320 112 31 14 5 1 
38742|Child_Cross12|9: 893 258 80 33 12 5 1 
38745|Child_Levy|52: 874 228 78 35 12 5 1 
38755|Child_Levy|4: 1187 333 103 54 13 4 1 
38756|Child_Avg|27: 938 342 115 41 13 4 1 
38758|Child_Avg|39: 1039 341 107 45 13 4 1 
38761|Child_Cross21|26: 1143 341 107 45 13 4 1 
38765|Child_CrossABC2|8: 1091 321 104 45 13 4 1 
38767|Child_Cross21|34: 1015 321 100 41 13 4 1 
38769|Child_CrossABC1|1: 1054 319 100 41 13 4 1 
38770|Child_Avg|31: 1059 296 98 45 13 4 1 
38771|Child_Cross12|53: 1011 299 100 41 13 4 1 
38772|Child_Cross12|53: 1049 297 98 45 13 4 1 
38781|Child_CrossABC1|7: 1036 297 96 36 13 4 1 
38783|Child_Levy|32: 969 294 91 40 12 5 1 
38785|Child_Cross12|25: 1027 291 90 40 12 5 1 
38786|Child_Cross12|41: 929 284 86 36 13 4 1 
38787|Child_CrossABC1|1: 1053 297 86 40 12 5 1 
38789|Child_Levy|44: 1030 291 95 37 12 5 1 
38792|Child_Levy|52: 1040 287 84 37 13 4 1 
38793|Child_Cross12|21: 1041 286 85 37 14 4 1 
38796|Child_Avg|35: 931 236 89 36 13 4 1 
38798|Child_Cross21|58: 1016 286 77 35 13 5 1 
38799|Child_Avg|39: 1087 293 89 35 13 5 1 
38802|Child_CrossABC2|8: 1095 289 90 35 13 5 1 
38803|Survivor|1|Mutated: 1095 289 93 35 13 5 1 
38811|Child_Levy|8: 1036 271 94 40 12 5 1 
38814|Child_LevyP2|4: 929 291 85 40 12 5 1 
38823|Child_Levy|40: 926 262 87 39 14 4 1 
38828|Child_Avg|19: 961 279 78 35 11 5 1 
38831|Child_Levy|24: 1219 353 140 45 13 5 1 
38838|Child_Levy|36: 1120 332 105 41 14 4 1 
38840|Child_Cross12|57: 1123 329 104 41 14 4 1 
38842|Child_Cross21|10: 1041 289 97 40 14 5 1 
38843|Child_Avg|39: 1047 307 89 41 13 4 1 
38844|Child_Avg|11: 1064 303 90 40 13 4 1 
38846|Child_Avg|15: 1103 301 87 41 13 4 1 
38847|Child_CrossABC1|7: 1085 301 87 41 13 4 1 
38860|Child_Avg|35|Mutated: 979 285 80 37 13 4 1 
38879|Child_Avg|59: 1056 290 85 37 14 4 1 
38880|Child_Avg|15: 1210 319 130 40 13 4 1 
38886|Child_Levy|12: 1126 295 105 39 14 6 1 
38888|Child_Cross12|5: 990 271 116 40 14 5 1 
38890|Child_Cross21|50: 1238 293 112 40 14 5 1 
38893|Child_Cross12|5: 1032 275 98 40 14 5 1 
38894|Child_Cross21|2: 1137 303 95 40 14 5 1 
38897|Child_Avg|51: 1139 281 110 40 13 5 1 
38899|Child_Levy|40: 1137 281 105 41 14 6 1 
38931|Child_Levy|4: 1129 306 118 39 14 6 1 
38932|Child_CrossABC2|2: 1130 284 127 41 14 6 1 
38934|Child_Cross21|14: 1129 306 118 41 14 6 1 
38938|Child_CrossABC2|8: 976 303 102 45 14 6 1 
38939|Child_Avg|15: 1093 290 105 41 14 6 1 
38951|Child_Cross21|46: 1097 257 100 41 14 6 1 
38958|Child_Cross21|54: 1047 303 91 41 14 6 1 
38959|Child_Avg|27: 1079 298 90 40 13 5 1 
38960|Child_CrossABC1|1: 1036 302 90 39 14 6 1 
38963|Child_Cross21|2: 1076 299 90 39 14 4 1 
38965|Child_Avg|3: 1075 309 89 40 13 5 1 
38973|Child_CrossABC2|8: 1075 309 104 40 13 5 1 
38982|Child_LevyABC2|12: 1069 315 116 39 14 6 1 
38988|Child_Avg|39: 1137 346 98 40 13 4 1 
38989|Child_LevyABC1|11: 1129 317 122 37 14 4 1 
38995|Child_Avg|43: 1112 302 93 39 14 4 1 
39017|Child_LevyABC1|5: 1108 300 83 40 14 5 1 
39018|Child_CrossABC2|2: 1076 301 85 35 12 5 1 
39019|Child_Avg|15: 1119 312 84 37 13 4 1 
39021|Child_CrossABC2|8: 1125 315 89 35 12 5 1 
39023|Child_Avg|31: 1086 291 103 35 12 5 1 
39026|Child_Avg|59: 1095 297 89 35 13 5 1 
39057|Child_CrossABC1|7: 1122 302 90 35 14 5 1 
39058|Child_Avg|11: 1093 276 86 35 11 4 1 
39060|Child_Avg|7: 1084 291 78 35 12 5 1 
39061|Child_Cross12|53: 1087 282 85 37 14 6 1 
39062|Child_Cross12|13: 1130 296 80 37 14 6 1 
39063|Child_CrossABC1|1: 1075 314 78 35 12 5 1 
39064|Child_Avg|51: 790 268 86 35 12 5 1 
39071|Child_CrossABC1|1: 1103 291 78 35 12 5 1 
39073|Child_CrossABC2|2: 1054 298 85 35 12 5 1 
39075|Child_CrossABC1|7: 1052 292 90 35 12 5 1 
39078|Child_Avg|27: 988 292 86 35 11 5 1 
39079|Child_CrossABC1|1: 1030 293 77 35 12 5 1 
39080|Child_Avg|43: 1050 298 77 35 12 5 1 
39084|Child_LevyABC2|6: 978 281 83 36 13 4 1 
39087|Child_Cross21|34: 1014 297 73 35 12 5 1 
39091|Child_CrossABC1|7: 1038 291 73 35 12 5 1 
39092|Child_CrossABC2|8: 1074 295 79 35 12 5 1 
39093|Child_CrossABC1|1: 1084 297 85 35 12 5 1 
39102|Child_CrossABC1|7: 1094 293 87 35 12 5 1 
39104|Child_Levy|4: 1154 283 89 33 12 5 1 
39105|Child_Levy|52: 1073 275 82 33 14 6 1 
39107|Child_Avg|35: 1194 301 91 32 13 4 1 
39109|Child_Cross12|33: 1099 271 78 35 12 5 1 
39111|Child_CrossABC1|7: 1057 270 74 35 12 5 1 
39114|Child_Levy|12|Mutated: 1011 295 74 35 12 5 1 
39115|Child_Cross12|17: 978 278 73 35 13 5 1 
39116|Child_CrossABC2|2: 1011 240 74 35 12 5 1 
39123|Child_Avg|55|Mutated: 935 239 78 32 11 4 1 
39125|Child_Avg|55: 1029 229 75 35 12 5 1 
39126|Child_Avg|59: 1757 422 111 41 13 4 1 
39128|Child_Cross12|41|Mutated: 1438 336 92 41 13 4 1 
39129|Child_LevyP1|9: 1788 426 107 40 12 5 1 
39131|Child_Cross12|49: 1242 293 83 40 12 5 1 
39132|Child_Levy|48: 1072 254 82 35 13 6 1 
39134|Child_Avg|47: 1070 253 73 40 12 5 1 
39135|Child_Avg|11: 981 279 81 37 14 4 1 
39136|Child_Avg|35: 1338 331 89 40 13 5 1 
39137|Child_Levy|32|Mutated: 1342 379 136 51 16 5 1 
39140|Child_LevyP2|4: 1081 263 105 34 16 5 1 
39141|Child_Cross21|46: 1073 255 105 34 16 5 1 
39145|Child_Cross21|10: 1055 304 91 36 13 4 1 
39146|Child_Levy|40: 1127 290 119 44 14 5 1 
39150|Child_Levy|12: 1109 273 95 43 14 6 1 
39151|Child_LevyP2|10: 1153 297 115 42 13 6 1 
39175|Child_Cross12|13: 1112 279 88 40 14 5 1 
39176|Child_Avg|3: 1161 294 124 40 13 5 1 
39181|Child_CrossABC2|2: 1161 277 124 40 13 5 1 
39184|Child_Cross21|22: 1158 287 102 40 13 5 1 
39186|Child_Cross12|45: 1117 282 102 40 13 5 1 
39187|Child_CrossABC2|8: 1163 282 102 40 13 5 1 
39192|Child_Avg|35: 1131 273 90 40 13 5 1 
39193|Child_CrossABC1|7: 1162 276 97 40 13 4 1 
39203|Child_CrossABC1|1: 1162 276 97 40 13 5 1 
39207|Child_Cross12|9: 1139 259 84 40 13 5 1 
39210|Child_Cross12|17: 1110 326 94 37 14 4 1 
39213|Child_Avg|3: 1138 272 89 41 13 4 1 
39214|Child_CrossABC1|7: 1135 261 89 40 13 5 1 
39216|Child_Cross21|50: 1122 301 89 40 13 5 1 
39221|Child_Cross21|42: 1119 288 86 40 13 5 1 
39222|Child_CrossABC1|1: 1068 259 84 40 13 5 1 
39224|Child_Avg|3: 1098 258 85 40 13 5 1 
39225|Child_CrossABC2|2: 1081 258 84 40 13 5 1 
39227|Child_Avg|59: 1117 267 84 40 13 5 1 
39228|Child_Cross21|18: 1115 259 84 40 13 5 1 
39232|Child_Cross12|33: 1138 263 84 40 13 5 1 
39234|Child_CrossABC2|8: 1123 263 84 40 13 5 1 
39245|Child_CrossABC1|7: 1120 263 84 40 13 5 1 
39246|Child_Cross21|54: 1104 257 83 40 13 5 1 
39247|Child_CrossABC2|2|Mutated: 1112 307 99 40 13 5 1 
39250|Child_Cross21|18: 1125 264 83 40 13 5 1 
39252|Child_Avg|47: 1110 265 83 40 13 5 1 
39253|Child_LevyABC2|12: 1119 305 87 41 14 6 1 
39258|Child_CrossABC1|1: 1112 285 84 40 13 5 1 
39263|Child_Cross12|37: 1095 264 83 40 13 5 1 
39264|Child_Avg|43|Mutated: 1097 263 84 40 13 5 1 
39266|Child_CrossABC2|8: 1095 258 85 40 13 5 1 
39271|Child_CrossABC1|1: 1097 259 84 40 13 5 1 
39274|Child_Cross12|53: 1139 265 83 40 13 5 1 
39275|Child_Avg|35: 1099 265 83 40 13 5 1 
39276|Child_Cross21|38: 1104 265 83 40 13 5 1 
39277|Child_Avg|39|Mutated: 1097 264 98 40 13 5 1 
39284|Child_Avg|55: 1097 264 90 40 13 5 1 
39285|Child_CrossABC2|2: 1101 266 88 40 13 5 1 
39290|Child_CrossABC1|7: 1103 267 90 40 13 5 1 
39292|Child_Avg|7: 1106 266 85 40 13 5 1 
39293|Child_Cross12|49: 1147 265 83 40 13 5 1 
39294|Child_Cross12|17: 1096 265 83 40 13 5 1 
39301|Child_CrossABC2|2: 1144 307 83 40 13 5 1 
39304|Child_Avg|59: 1151 294 83 40 13 5 1 
39306|Child_Avg|35: 1154 294 83 40 13 5 1 
39307|Child_Cross12|37: 1150 307 83 40 13 5 1 
39311|Child_Cross21|6: 1147 307 83 40 13 5 1 
39315|Child_Cross12|53: 1148 294 83 40 13 5 1 
39318|Child_Cross12|49: 948 294 83 40 13 5 1 
39328|Child_Cross12|29: 1152 294 83 40 13 5 1 
39329|Child_Cross12|53: 1150 294 83 40 13 5 1 
39339|Child_Cross21|50|Mutated: 1148 294 99 40 13 5 1 
39360|Child_Cross12|57: 1113 294 83 40 14 5 1 
39366|Child_Avg|47: 1037 257 95 35 11 4 1 
39370|Child_Levy|44: 1209 317 104 40 13 5 1 
39374|Child_CrossABC2|8: 1174 314 101 40 13 5 1 
39375|Child_Cross12|37: 975 340 102 35 13 5 1 
39376|Child_Avg|51: 1074 333 106 35 13 6 1 
39377|Child_CrossABC1|1: 1079 317 102 35 13 5 1 
39379|Child_Levy|12: 1138 321 103 40 13 5 1 
39381|Child_LevyABC1|5: 1027 313 106 41 14 4 1 
39382|Child_Avg|51: 1070 266 97 40 13 5 1 
39383|Child_Cross12|41: 1063 282 92 41 14 6 1 
39384|Child_Levy|60: 1078 260 92 41 14 6 1 
39385|Child_Cross21|42: 1103 254 91 40 14 5 1 
39398|Child_Avg|35: 1061 291 99 40 15 4 1 
39400|Child_CrossABC1|7: 1046 290 100 41 14 4 1 
39401|Child_Avg|39|Mutated: 1090 262 90 39 14 4 1 
39405|Child_CrossABC2|2: 1022 270 87 40 15 4 1 
39406|Child_Cross12|37: 1023 263 81 37 14 4 1 
39407|Child_Cross12|29: 1043 248 83 39 14 4 1 
39411|Child_Cross12|33|Mutated: 1009 259 84 40 13 5 1 
39429|Child_Avg|19: 1099 256 98 41 13 4 1 
39431|Child_Avg|43: 1168 293 91 35 12 5 1 
39435|Child_LevyP1|3: 1158 275 93 36 13 6 1 
39437|Child_Cross12|53: 1079 277 93 36 11 5 1 
39438|Child_Cross12|33: 1139 291 91 37 14 4 1 
39441|Child_Avg|19: 1038 264 86 35 12 5 1 
39442|Child_Levy|56: 1090 241 93 35 13 5 1 
39454|Child_Avg|15: 982 239 90 40 13 5 1 
39455|Child_Avg|15: 899 237 93 37 13 4 1 
39462|Child_Cross12|29: 939 268 89 35 13 5 1 
39463|Child_Avg|43: 928 265 91 36 13 4 1 
39467|Child_Avg|27: 919 257 87 36 13 4 1 
39469|Child_Avg|11: 924 254 87 36 13 4 1 
39470|Child_Cross12|57: 929 260 91 35 12 5 1 
39471|Child_Avg|59: 958 269 92 41 13 4 1 
39472|Child_Cross12|17: 958 258 89 35 12 5 1 
39473|Child_Avg|51: 943 249 86 35 11 5 1 
39474|Child_CrossABC2|8: 938 244 88 35 12 5 1 
39475|Child_Cross12|13: 936 261 85 35 12 5 1 
39480|Child_Cross12|13|Mutated: 959 255 91 35 12 5 1 
39485|Child_Cross21|50: 938 260 84 35 11 5 1 
39487|Child_Cross12|49: 1047 269 84 35 11 5 1 
39488|Child_Cross12|41: 994 267 84 35 11 5 1 
39489|Child_Cross21|26: 922 261 84 35 11 5 1 
39490|Child_CrossABC2|8: 1162 267 84 35 11 5 1 
39493|Child_Avg|39: 987 281 84 35 11 5 1 
39495|Child_Cross12|1: 987 267 84 35 11 5 1 
39496|Child_Cross12|9: 1015 267 84 35 11 5 1 
39497|Child_Cross12|33: 1071 267 84 35 11 5 1 
39498|Child_Cross12|49: 1022 267 84 35 11 5 1 
39501|Child_Cross21|46|Mutated: 910 267 84 35 11 5 1 
39503|Child_Cross21|26: 1114 267 84 35 11 5 1 
39505|Child_Cross21|22: 987 272 84 35 11 5 1 
39519|Child_Cross12|21: 1134 267 84 35 11 5 1 
39523|Child_Avg|7: 944 267 84 35 11 5 1 
39527|Child_Cross21|54: 966 267 84 35 11 5 1 
39530|Child_Cross12|41: 973 267 84 35 11 5 1 
39531|Child_Cross12|33: 931 267 84 35 11 5 1 
39533|Child_Cross12|1: 965 267 84 35 11 5 1 
39534|Child_Avg|31: 945 264 84 35 11 5 1 
39536|Child_Cross21|26: 952 267 84 35 11 5 1 
39544|Child_Cross21|14: 931 267 84 35 13 5 1 
39545|Child_Cross21|18: 937 267 84 35 11 5 1 
39557|Child_Cross21|30: 958 267 84 35 11 5 1 
39563|Child_Cross21|58: 951 267 84 35 11 5 1 
39567|Child_Avg|11: 945 267 84 35 11 5 1 
39569|Child_Avg|19: 938 267 84 35 11 5 1 
39571|Child_Cross21|22: 937 267 84 35 13 5 1 
39572|Child_Avg|55|Mutated: 916 267 84 35 11 5 1 
39573|Child_Cross21|50: 902 267 84 35 11 5 1 
39577|Child_Cross12|17: 909 267 84 35 11 5 1 
39580|Child_Cross12|33: 923 267 84 35 11 5 1 
39592|Child_CrossABC2|8: 896 267 84 35 11 5 1 
39593|Child_Levy|24: 922 268 83 36 13 4 1 
39600|Child_Cross12|9|Mutated: 903 267 84 35 11 5 1 
39601|Child_Cross12|33: 938 272 84 35 11 5 1 
39617|Child_Cross12|17: 881 267 84 35 11 5 1 
39654|Child_Cross12|45: 973 268 84 35 11 5 1 
39657|Child_Cross21|38: 941 270 84 35 11 5 1 
39663|Child_Cross12|21: 931 258 84 35 11 5 1 
39664|Survivor|1|Mutated: 1112 258 84 35 11 5 1 
39670|Child_CrossABC2|2: 1096 248 86 35 11 5 1 
39683|Child_Cross12|53: 1101 245 87 43 13 5 1 
39701|Child_LevyP2|10: 981 249 82 43 11 4 1 
39702|Child_Cross12|37: 1101 245 87 41 14 6 1 
39719|Child_Avg|47: 1139 241 90 40 14 5 1 
39720|Child_Cross21|2: 1096 249 76 40 13 4 1 
39721|Child_Cross12|9: 1045 255 77 40 14 5 1 
39722|Child_Avg|31: 1074 252 77 40 13 4 1 
39730|Child_Avg|31: 1104 246 85 39 14 4 1 
39731|Child_Cross12|25: 1074 252 77 39 14 4 1 
39732|Child_CrossABC1|1: 1029 245 76 39 14 4 1 
39733|Child_Levy|28: 1284 378 102 43 13 6 1 
39734|Child_Levy|32|Mutated: 1106 305 98 41 13 4 1 
39735|Child_CrossABC1|1: 1345 308 98 41 13 4 1 
39737|Child_Avg|55: 1132 305 91 43 13 5 1 
39738|Child_Avg|55: 1083 289 77 41 13 4 1 
39750|Child_Cross21|26|Mutated: 1089 304 86 36 13 4 1 
39754|Child_Avg|47: 1088 309 87 36 13 4 1 
39757|Child_CrossABC2|8: 1083 293 80 37 13 4 1 
39758|Child_Levy|24: 1467 372 141 40 13 5 1 
39762|Child_LevyABC2|12: 963 307 113 35 11 5 1 
39764|Child_Levy|40: 1024 283 92 37 13 4 1 
39771|Child_Avg|27: 949 289 85 36 11 5 1 
39774|Child_Avg|31|Mutated: 1530 376 114 45 13 4 1 
39783|Child_Levy|8: 1160 300 96 39 14 4 1 
39785|Child_Cross12|45: 1160 300 96 43 14 4 1 
39786|Child_Cross12|5: 1097 306 85 40 13 5 1 
39790|Child_CrossABC2|8: 1102 306 85 40 13 5 1 
39791|Child_LevyABC1|5: 1061 295 87 39 11 4 1 
39792|Child_LevyP2|10: 1050 303 90 40 12 5 1 
39793|Survivor|1|Mutated: 1050 268 90 37 12 5 1 
39798|Child_Avg|55|Mutated: 1096 303 91 40 12 5 1 
39800|Child_Levy|28: 1118 349 101 45 13 4 1 
39839|Child_Avg|39: 1016 288 92 45 13 4 1 
39840|Child_Avg|31: 1063 307 92 45 13 4 1 
39847|Child_Cross21|26: 1018 305 92 45 13 4 1 
39848|Child_CrossABC2|2: 967 297 92 45 14 5 1 
39849|Child_CrossABC1|7: 1017 296 92 45 13 4 1 
39853|Child_Cross12|53: 1013 297 93 48 13 5 1 
39855|Child_Cross12|5: 1005 296 87 41 14 6 1 
39856|Child_Avg|3: 1013 279 89 43 13 4 1 
39857|Child_Cross21|14: 1029 263 87 41 14 6 1 
39861|Child_Cross21|30: 1016 293 87 43 13 5 1 
39863|Child_Avg|51: 1042 270 87 41 13 4 1 
39864|Child_LevyP1|9: 1044 281 91 45 14 6 1 
39865|Child_Cross21|34: 1016 275 87 36 13 4 1 
39868|Child_Avg|51: 985 274 86 36 13 4 1 
39869|Child_Avg|19|Mutated: 1017 289 84 35 13 5 1 
39873|Child_CrossABC1|1: 1018 285 87 41 13 4 1 
39876|Child_Cross21|22: 1030 272 85 45 13 4 1 
39877|Survivor|1|Mutated: 925 272 85 45 13 4 1 
39878|Child_Cross21|6: 1030 277 81 45 13 4 1 
39881|Child_Avg|23: 1101 323 89 40 13 4 1 
39883|Survivor|1|Mutated: 916 323 89 40 14 5 1 
39884|Child_Avg|15: 1090 314 87 43 13 5 1 
39885|Child_LevyABC1|5: 895 317 93 39 14 6 1 
39887|Child_Cross21|58: 1027 268 81 46 13 4 1 
39888|Child_Cross21|50: 1063 250 91 39 15 4 1 
39889|Child_Levy|44: 1100 297 93 48 13 5 1 
39900|Child_Levy|32: 1117 298 92 45 14 5 1 
39901|Child_Cross21|34: 872 281 86 45 14 5 1 
39902|Child_Levy|60: 971 292 89 48 13 6 1 
39904|Child_CrossABC2|2: 971 292 89 48 13 5 1 
39906|Child_Cross21|50: 998 276 86 45 12 5 1 
39909|Child_Levy|36: 965 284 82 43 14 6 1 
39911|Child_Avg|23: 1027 277 85 45 13 4 1 
39920|Child_CrossABC1|7: 1044 283 81 45 13 4 1 
39924|Child_Cross12|21: 1035 280 81 45 13 4 1 
39925|Child_Cross12|49: 1064 281 79 45 13 4 1 
39930|Child_Avg|11: 1086 283 80 45 13 4 1 
39931|Child_Avg|31: 1062 277 81 45 13 4 1 
39934|Child_Cross21|10: 1083 287 79 33 14 4 1 
39944|Child_CrossABC2|2: 1080 291 79 33 14 4 1 
39946|Child_Cross21|14: 1067 286 79 33 14 4 1 
39948|Child_Avg|7: 967 333 103 36 13 4 1 
39949|Child_Avg|35: 1058 281 78 37 12 5 1 
39950|Child_CrossABC1|7: 1018 318 89 40 13 5 1 
39952|Child_CrossABC1|7: 1062 286 77 37 14 4 1 
39954|Child_Cross21|38: 1118 304 90 39 14 6 1 
39955|Child_Levy|48: 1028 299 87 39 14 4 1 
39957|Child_Avg|3: 1105 303 88 35 12 5 1 
39959|Child_Levy|52: 1085 289 83 36 13 4 1 
39971|Child_CrossABC2|8: 1080 281 80 35 13 5 1 
39972|Child_CrossABC1|7: 1051 281 80 35 13 5 1 
39973|Child_CrossABC2|2: 1095 276 82 35 13 5 1 
39975|Child_Cross12|29: 1109 289 80 35 13 5 1 
39976|Child_Avg|3: 1086 283 78 35 12 5 1 
39979|Child_Avg|35: 1075 287 78 35 12 5 1 
39985|Child_CrossABC1|1: 1080 301 75 35 11 5 1 
39986|Child_Cross12|41|Mutated: 1054 298 73 36 13 4 1 
39987|Child_Cross21|54: 1085 296 73 35 12 5 1 
39991|Child_Cross12|21: 1079 297 73 35 12 5 1 
39992|Child_Avg|19: 1084 296 73 35 12 5 1 
40002|Child_Avg|27: 1086 296 73 35 12 5 1 
40003|Child_Cross12|45: 1091 296 73 35 12 5 1 
40004|Child_Cross12|25: 1088 296 73 35 12 5 1 
40011|Child_Avg|19: 1087 296 73 35 12 5 1 
40027|Child_Cross21|50: 1050 296 73 35 12 5 1 
40033|Child_Cross21|58: 1053 296 73 35 12 5 1 
40039|Child_CrossABC2|8: 1089 296 85 35 12 5 1 
40043|Child_Cross12|33: 1090 296 73 35 12 5 1 
40051|Child_Cross21|2: 1089 272 73 35 12 5 1 
40064|Child_CrossABC2|8: 1089 307 73 35 12 5 1 
40072|Child_CrossABC2|2|Mutated: 1132 303 88 35 12 5 1 
40076|Child_CrossABC2|8: 1154 307 96 35 12 5 1 
40077|Child_CrossABC2|8|Mutated: 1100 302 98 35 12 5 1 
40080|Child_Avg|27: 1094 299 85 35 12 5 1 
40087|Child_CrossABC2|2: 1087 296 88 35 12 5 1 
40089|Child_CrossABC1|1: 1093 296 90 35 12 5 1 
40091|Child_CrossABC2|8: 1090 296 90 35 12 5 1 
40097|Child_CrossABC1|1: 1091 296 100 35 12 5 1 
40099|Child_CrossABC1|1: 1092 296 123 35 12 5 1 
40105|Child_LevyABC1|11: 1128 297 112 36 13 4 1 
40107|Child_Cross21|30: 1183 284 112 35 12 5 1 
40110|Child_LevyP1|9|Mutated: 1110 308 105 33 14 4 1 
40116|Child_Avg|31: 1095 284 75 35 11 5 1 
40117|Child_Cross21|18: 1089 298 77 35 13 5 1 
40122|Child_CrossABC1|7: 1087 289 77 35 13 5 1 
40123|Child_Avg|35: 1085 293 77 35 12 5 1 
40126|Child_CrossABC1|7: 1087 291 78 35 12 5 1 
40131|Child_Avg|47|Mutated: 1116 282 88 37 13 4 1 
40134|Child_Cross12|13: 1090 300 73 35 12 5 1 
40135|Child_Cross21|30: 1109 281 73 35 12 5 1 
40136|Child_Cross21|58: 1098 299 73 35 12 5 1 
40138|Child_Cross21|42|Mutated: 1099 290 73 35 12 5 1 
40139|Child_Cross12|5: 1110 290 73 35 12 5 1 
40140|Child_Cross21|14|Mutated: 1116 308 83 40 12 5 1 
40151|Child_Cross12|45: 1130 296 73 35 11 4 1 
40152|Child_CrossABC1|1: 1208 329 95 33 13 4 1 
40154|Child_LevyP1|3: 1063 288 103 40 12 5 1 
40167|Child_Levy|32: 1085 284 90 40 13 5 1 
40169|Child_Avg|7: 1098 281 81 37 13 4 1 
40170|Child_Levy|60: 1103 284 88 41 13 4 1 
40171|Child_Avg|35: 1025 276 82 39 11 4 1 
40174|Child_Cross21|26: 1025 276 82 39 14 4 1 
40180|Child_Cross21|42: 1049 258 82 39 14 4 1 
40181|Child_Avg|31: 1067 275 90 39 14 4 1 
40182|Child_Cross12|29: 1027 260 73 39 14 4 1 
40183|Child_Levy|8: 979 259 86 40 16 5 1 
40184|Child_Avg|35: 1204 394 114 45 17 5 1 
40186|Child_Avg|35: 1060 256 91 40 14 5 1 
40189|Child_CrossABC2|2: 1111 297 86 40 12 5 1 
40190|Child_Avg|59|Mutated: 1207 269 98 35 13 5 1 
40193|Child_Levy|56: 1037 281 88 40 14 5 1 
40194|Child_Avg|31: 1118 277 82 40 12 5 1 
40195|Child_Avg|19: 1075 279 77 40 13 5 1 
40196|Child_CrossABC1|1: 1089 279 88 40 14 5 1 
40206|Child_Levy|36: 1071 260 79 41 13 4 1 
40207|Child_LevyP1|3: 1115 253 80 42 12 5 1 
40208|Child_Cross21|14|Mutated: 1074 271 82 45 13 5 1 
40209|Child_LevyP2|10: 988 275 90 33 10 4 1 
40210|Child_Levy|56|Mutated: 1829 419 131 44 16 5 1 
40214|Survivor|1|Mutated: 1779 419 131 44 16 5 1 
40216|Child_Levy|8: 1439 333 103 43 14 4 1 
40217|Child_Levy|44: 1667 343 113 40 13 5 1 
40218|Child_LevyP1|9: 1976 443 146 42 18 5 1 
40219|Child_LevyP2|10: 1766 408 119 42 18 5 1 
40220|Child_Avg|31: 978 317 100 37 14 4 1 
40227|Child_Avg|43: 1138 315 96 39 14 4 1 
40238|Child_CrossABC2|2: 1130 303 84 40 13 4 1 
40240|Child_CrossABC2|8: 1133 279 85 40 13 4 1 
40246|Survivor|1|Mutated: 1133 279 85 40 13 5 1 
40256|Child_Levy|8: 1111 267 83 39 14 4 1 
40259|Child_CrossABC1|7|Mutated: 835 305 82 33 14 6 1 
40260|Child_CrossABC1|7: 967 245 80 39 14 6 1 
40261|Child_Avg|27|Mutated: 1062 261 77 40 12 5 1 
40284|Child_CrossABC2|2: 1096 261 77 40 12 5 1 
40287|Child_CrossABC1|1: 1107 260 79 40 12 5 1 
40291|Child_LevyP1|9: 1102 267 80 37 13 4 1 
40292|Child_CrossABC1|7: 1090 265 89 40 12 5 1 
40299|Child_Cross12|57: 1090 265 89 33 12 5 1 
40303|Child_CrossABC1|1: 1081 267 90 35 12 5 1 
40304|Child_LevyP2|10: 1139 261 90 41 13 4 1 
40314|Child_Levy|4: 1150 260 87 39 14 4 1 
40317|Child_Avg|55: 1033 249 81 33 14 4 1 
40318|Child_Levy|56: 1056 256 84 37 13 4 1 
40319|Child_CrossABC1|1: 1049 256 82 37 14 4 1 
40321|Child_LevyP1|9: 1018 257 85 37 14 6 1 
40322|Child_Avg|11: 1039 248 78 35 12 5 1 
40324|Child_Levy|40: 1114 352 91 37 14 6 1 
40325|Child_Cross12|21: 1030 255 78 35 12 5 1 
40335|Child_CrossABC2|8: 1037 265 91 35 12 5 1 
40336|Child_CrossABC2|8: 1037 251 85 35 12 5 1 
40337|Child_CrossABC1|7: 1038 250 88 35 12 5 1 
40341|Child_CrossABC2|2: 1043 251 97 35 12 5 1 
40345|Child_Cross12|53: 1031 247 89 35 12 5 1 
40346|Child_Avg|11: 1080 348 112 33 14 4 1 
40349|Child_Levy|56: 988 277 77 35 12 5 1 
40350|Child_LevyABC1|11: 966 249 103 35 13 5 1 
40357|Child_CrossABC2|8: 891 284 90 35 12 5 1 
40358|Child_Cross21|38: 958 251 90 35 13 5 1 
40359|Child_LevyP1|9: 981 257 91 37 14 6 1 
40360|Child_Avg|27|Mutated: 983 277 84 35 13 5 1 
40362|Child_Levy|20: 951 266 91 37 14 4 1 
40366|Child_Levy|36: 948 236 87 35 12 5 1 
40367|Child_Cross21|34: 957 265 82 35 13 5 1 
40370|Child_LevyABC1|5: 939 274 85 35 13 5 1 
40371|Child_CrossABC2|8|Mutated: 898 263 82 32 13 4 1 
40372|Child_CrossABC2|2: 935 269 86 35 13 5 1 
40376|Child_Cross12|33: 896 239 78 35 11 4 1 
40377|Child_Avg|11: 954 261 85 35 13 5 1 
40378|Child_Avg|43: 904 247 78 35 12 5 1 
40381|Child_CrossABC1|7: 898 236 78 35 12 5 1 
40387|Child_Cross12|13: 907 248 75 35 11 4 1 
40388|Child_Cross12|25: 923 254 74 35 12 5 1 
40389|Child_Cross21|30: 877 248 74 35 12 5 1 
40392|Child_CrossABC2|8: 897 251 75 35 11 5 1 
40395|Child_Cross12|37: 886 244 74 35 12 5 1 
40410|Child_Cross21|30|Mutated: 896 247 73 35 12 5 1 
40414|Child_CrossABC2|8: 891 246 89 35 12 5 1 
40424|Child_Cross21|22|Mutated: 894 256 85 35 12 5 1 
40430|Child_CrossABC2|8: 882 241 98 35 12 5 1 
40438|Child_Cross12|49: 953 246 73 35 12 5 1 
40451|Child_Avg|19: 1467 354 108 44 13 4 1 
40454|Child_Avg|23: 906 301 102 39 11 4 1 
40455|Child_LevyP1|9: 1096 272 97 43 14 6 1 
40456|Child_Cross12|5: 1176 301 89 44 13 4 1 
40457|Child_Cross21|26: 1024 305 93 43 14 6 1 
40459|Child_Avg|3: 1198 274 99 41 14 4 1 
40468|Child_CrossABC1|7: 1115 302 99 41 14 4 1 
40470|Child_CrossABC2|8: 1106 288 99 41 14 4 1 
40476|Survivor|1|Mutated: 1214 288 99 41 14 4 1 
40496|Child_Avg|19: 1248 285 94 39 14 4 1 
40497|Child_Cross12|37: 1023 278 82 37 14 4 1 
40498|Child_LevyABC1|5: 1081 285 81 36 14 5 1 
40499|Child_Levy|28: 1118 275 83 40 12 5 1 
40500|Child_Levy|24: 1111 287 86 35 11 4 1 
40502|Child_Avg|7: 1183 309 91 39 14 4 1 
40503|Child_Cross12|57: 1082 283 79 39 14 4 1 
40504|Child_Avg|39|Mutated: 1141 295 84 35 12 5 1 
40507|Child_Avg|59: 1157 377 101 41 13 4 1 
40513|Child_CrossABC2|2|Mutated: 1054 276 87 39 14 4 1 
40514|Child_CrossABC2|2: 1090 295 87 39 14 4 1 
40517|Child_Cross21|2: 1062 284 79 39 14 4 1 
40526|Child_Avg|47: 1122 290 94 41 13 4 1 
40533|Child_Cross12|5: 1120 290 89 41 13 4 1 
40537|Child_Avg|19: 1095 294 86 40 13 5 1 
40551|Child_LevyP2|4: 1089 295 87 41 14 6 1 
40568|Child_CrossABC1|7: 1077 285 83 41 13 4 1 
40571|Child_CrossABC2|2: 1080 286 87 41 14 4 1 
40593|Child_Avg|43: 1060 273 89 40 12 5 1 
40595|Child_Levy|60: 1087 326 114 35 12 5 1 
40600|Child_Avg|35: 1070 309 101 35 12 5 1 
40603|Child_Cross21|42: 1079 310 101 35 12 5 1 
40604|Child_Cross21|18: 1074 309 101 35 12 5 1 
40607|Child_Avg|3: 1078 312 97 35 11 5 1 
40608|Child_Avg|11: 1077 308 97 35 12 5 1 
40610|Child_CrossABC1|1: 1070 308 109 35 12 5 1 
40613|Child_CrossABC1|1: 1077 310 109 35 12 5 1 
40616|Child_Avg|39: 1057 292 98 35 12 5 1 
40625|Child_Avg|3: 1098 284 87 35 11 5 1 
40626|Child_Cross21|50: 1087 266 85 35 12 5 1 
40627|Child_Avg|19: 1081 298 86 35 11 5 1 
40628|Child_Avg|51: 1003 268 86 35 12 5 1 
40629|Child_Cross21|2: 971 261 84 35 11 5 1 
40631|Child_Avg|7: 1091 279 86 35 11 5 1 
40632|Child_Cross12|29: 1091 279 86 35 12 5 1 
40641|Child_CrossABC2|2: 1080 277 85 35 12 5 1 
40643|Child_LevyABC1|11: 1085 281 94 36 13 4 1 
40657|Child_Cross21|38: 1085 281 94 50 16 5 1 
40659|Child_LevyABC1|5|Mutated: 1095 297 104 42 12 5 1 
40661|Child_CrossABC1|7: 1086 296 105 41 13 6 1 
40665|Child_Avg|11: 1031 299 99 41 14 6 1 
40672|Child_Cross21|10: 1041 313 99 41 14 6 1 
40673|Child_Levy|32: 1195 340 106 41 14 6 1 
40675|Child_Avg|39: 1165 327 99 41 14 6 1 
40678|Survivor|1|Mutated: 1165 327 117 41 16 6 1 
40679|Child_CrossABC1|7: 1131 308 90 40 13 5 1 
40680|Child_LevyABC2|12: 1141 288 104 41 14 6 1 
40681|Child_CrossABC2|2: 1172 323 113 41 14 6 1 
40698|Child_Cross21|2: 1145 312 101 41 14 6 1 
40699|Child_Avg|3: 1090 298 97 40 13 5 1 
40703|Child_Cross12|21: 901 249 93 40 12 5 1 
40708|Child_Cross21|42: 1059 310 87 39 14 6 1 
40714|Child_Avg|15: 1052 301 85 40 13 5 1 
40715|Child_Avg|31: 1093 299 84 40 13 5 1 
40716|Child_Cross12|53|Mutated: 1103 293 97 40 13 5 1 
40718|Child_CrossABC2|2: 1117 298 102 40 13 5 1 
40719|Survivor|1|Mutated: 1117 298 102 35 13 5 1 
40721|Child_Levy|40: 1084 293 87 39 14 6 1 
40722|Child_Cross21|46: 1084 299 83 40 13 5 1 
40723|Child_Cross12|41: 1088 311 83 40 13 5 1 
40725|Child_Cross21|34: 1088 287 83 40 12 5 1 
40727|Child_CrossABC2|2|Mutated: 1096 291 83 40 13 5 1 
40729|Child_Avg|39: 1269 305 103 40 13 4 1 
40730|Child_CrossABC1|1: 1150 285 93 40 12 5 1 
40734|Child_Cross21|58: 1053 277 81 40 12 5 1 
40735|Child_Avg|43: 1051 291 80 35 11 4 1 
40736|Child_Cross12|25: 1116 302 81 40 12 5 1 
40738|Child_CrossABC2|2: 1098 309 81 40 12 5 1 
40743|Child_Cross21|18: 1055 294 77 40 12 5 1 
40744|Child_Cross21|54: 1038 297 77 40 12 5 1 
40745|Child_Cross21|2: 1016 279 75 40 12 5 1 
40747|Child_CrossABC2|2: 1063 292 77 40 12 5 1 
40749|Child_CrossABC2|8: 1023 291 81 40 12 5 1 
40751|Child_Avg|7: 1047 289 77 40 12 5 1 
40753|Child_Cross12|29: 1044 289 77 40 12 5 1 
40756|Child_LevyABC1|11: 1296 308 82 37 13 4 1 
40763|Child_Cross12|21: 1115 286 77 40 12 5 1 
40764|Child_CrossABC2|8: 986 275 93 40 12 5 1 
40767|Child_Cross21|2: 1161 271 91 40 12 5 1 
40768|Child_Avg|7: 1162 292 89 41 13 4 1 
40770|Child_CrossABC1|7: 1162 295 85 41 13 4 1 
40772|Child_LevyP2|4: 1153 292 87 40 12 5 1 
40774|Child_Cross12|5: 1108 296 77 41 13 4 1 
40775|Child_Cross12|9: 1063 282 83 40 12 5 1 
40778|Child_Cross12|21: 1071 291 80 39 11 4 1 
40792|Child_LevyP1|9: 1074 273 77 40 12 5 1 
40795|Child_LevyP1|9: 1055 270 79 37 13 4 1 
40804|Child_Cross12|57: 1055 285 73 36 13 4 1 
40818|Child_Cross12|53: 1055 283 73 36 13 4 1 
40819|Child_CrossABC2|8: 1063 285 73 36 13 4 1 
40820|Child_Cross12|25: 1047 285 73 36 13 4 1 
40823|Child_Cross12|45: 1049 285 73 36 13 4 1 
40824|Child_CrossABC2|2: 1047 285 97 36 13 4 1 
40828|Survivor|1|Mutated: 1205 285 97 36 13 4 1 
40831|Child_Cross12|17|Mutated: 1048 285 86 36 13 4 1 
40834|Child_CrossABC2|2: 1049 285 99 36 13 4 1 
40838|Child_Levy|12: 1048 281 87 35 12 5 1 
40857|Child_Avg|59: 1290 340 113 41 13 4 1 
40858|Child_LevyP2|4: 1265 337 113 41 13 4 1 
40860|Child_Cross12|1: 1014 283 92 41 13 4 1 
40864|Child_CrossABC1|7: 1077 367 130 41 13 4 1 
40867|Child_Levy|44: 1019 275 90 39 14 4 1 
40870|Child_Avg|55: 1039 249 90 39 14 4 1 
40871|Child_CrossABC1|7: 1033 263 104 32 13 4 1 
40885|Child_CrossABC1|1: 1089 263 104 32 13 4 1 
40886|Child_CrossABC1|7: 1016 263 104 32 13 4 1 
40887|Survivor|1|Mutated: 1168 263 104 32 13 4 1 
40888|Child_CrossABC1|1: 1089 264 94 32 13 4 1 
40895|Child_Cross21|2: 1103 282 88 32 13 4 1 
40898|Child_Cross12|9: 1063 257 85 32 13 4 1 
40902|Child_Cross12|5: 1127 269 85 32 13 4 1 
40917|Child_Cross21|22: 1105 266 79 32 13 4 1 
40918|Child_Levy|40: 1117 272 83 33 14 4 1 
40919|Child_Levy|16|Mutated: 1107 268 92 31 14 5 1 
40923|Child_Cross12|53: 1102 267 81 32 13 4 1 
40926|Child_Cross12|29: 1099 283 77 35 13 5 1 
40932|Child_CrossABC1|7|Mutated: 1085 275 92 32 13 5 1 
40937|Child_CrossABC2|2: 1105 253 87 32 13 5 1 
40939|Child_Cross12|37: 1121 286 87 41 14 4 1 
40944|Child_Cross12|29: 1088 295 88 40 14 5 1 
40945|Child_Cross21|14: 1093 282 93 37 13 4 1 
40946|Child_Cross12|45: 1121 286 87 41 14 6 1 
40947|Child_CrossABC2|8|Mutated: 1085 289 98 32 13 4 1 
40951|Child_Avg|59: 1112 314 90 37 13 4 1 
40963|Child_Cross21|34: 1143 298 79 39 14 4 1 
40965|Child_Levy|52: 1106 297 89 40 13 5 1 
40970|Child_Avg|19: 991 282 82 37 13 5 1 
40971|Child_Avg|23: 1101 301 82 39 11 4 1 
40972|Child_LevyABC1|5: 988 281 83 40 13 5 1 
40973|Child_Avg|35: 1069 295 80 39 11 4 1 
40976|Child_Cross12|13: 1061 289 80 39 11 4 1 
40980|Child_CrossABC2|2: 1031 307 81 40 12 5 1 
40981|Child_Cross21|58: 985 290 79 41 13 4 1 
40982|Child_Cross21|18: 1022 290 79 40 12 5 1 
40984|Child_Cross21|14: 1065 301 85 40 13 5 1 
40985|Child_Levy|4: 1056 289 78 35 11 5 1 
40991|Child_Cross21|38: 1099 289 78 35 11 5 1 
40993|Child_Cross21|14: 928 289 78 35 11 5 1 
40998|Child_Avg|47: 1057 289 77 35 11 5 1 
40999|Child_CrossABC2|2: 1058 289 76 35 11 5 1 
41001|Child_Cross21|34|Mutated: 1064 289 77 35 11 5 1 
41002|Child_Cross21|34: 1048 289 77 35 13 5 1 
41003|Child_Cross12|13: 1044 289 76 35 11 5 1 
41004|Child_Avg|23: 1085 289 77 35 11 5 1 
41005|Child_Cross12|17: 1073 289 76 35 11 5 1 
41006|Child_Cross12|41: 1076 289 76 35 12 5 1 
41009|Child_Cross12|53: 1076 289 76 35 11 5 1 
41010|Child_Cross12|5: 1082 289 76 35 11 5 1 
41014|Child_Avg|23: 1068 288 75 35 11 5 1 
41015|Child_Cross21|18: 1072 283 75 35 11 5 1 
41016|Child_Cross12|37: 1081 288 75 35 11 5 1 
41017|Child_Avg|11: 1075 286 75 35 11 5 1 
41020|Child_CrossABC2|8: 1070 292 75 35 11 5 1 
41025|Child_Cross12|21: 1073 288 75 35 11 5 1 
41030|Child_Avg|43: 1076 288 75 35 11 5 1 
41031|Child_Cross21|10: 1015 288 75 35 11 5 1 
41034|Child_Avg|7|Mutated: 1046 288 75 35 11 5 1 
41036|Child_Cross21|22: 1080 287 75 35 11 5 1 
41037|Child_Cross12|33: 1085 287 75 35 11 5 1 
41041|Child_Cross12|53: 1080 272 75 35 11 5 1 
41042|Child_Cross12|33: 1080 286 75 35 11 5 1 
41045|Child_Avg|7|Mutated: 1080 296 89 35 11 5 1 
41046|Child_CrossABC2|8: 1076 292 86 35 11 5 1 
41051|Child_Avg|23: 1075 291 86 35 11 5 1 
41054|Child_Cross12|41: 1077 286 75 35 11 5 1 
41062|Child_Avg|43: 924 309 89 35 13 5 1 
41065|Child_Cross21|26: 979 285 84 35 13 5 1 
41066|Child_CrossABC1|7|Mutated: 977 311 84 35 13 5 1 
41067|Child_CrossABC1|7: 987 303 84 35 13 5 1 
41069|Child_Avg|39: 841 248 82 35 13 5 1 
41070|Child_Cross21|2: 1023 285 73 35 12 5 1 
41071|Child_Cross12|13: 1029 291 77 35 13 5 1 
41072|Child_Avg|39: 877 293 113 39 16 5 1 
41075|Child_Avg|47: 919 286 95 37 13 4 1 
41078|Child_LevyABC1|11: 824 281 98 35 12 5 1 
41079|Child_Cross21|30: 919 286 95 40 17 5 1 
41089|Child_Avg|39: 999 283 83 36 13 4 1 
41090|Child_Cross21|22: 1004 275 82 39 16 5 1 
41091|Child_Cross21|18: 1036 277 82 35 13 5 1 
41093|Child_Levy|44: 1283 344 95 37 14 4 1 
41096|Child_Avg|23: 1102 283 79 37 13 4 1 
41097|Child_Levy|40: 1062 286 85 38 13 5 1 
41098|Child_Levy|36: 1068 296 85 39 14 4 1 
41100|Child_Avg|19: 1020 281 82 37 14 4 1 
41105|Child_Cross21|34: 885 248 80 37 13 4 1 
41106|Child_Cross21|22: 1006 275 77 37 13 4 1 
41107|Child_CrossABC1|1: 1016 293 77 37 13 4 1 
41109|Child_LevyP1|9: 1189 341 97 44 15 4 1 
41110|Child_Avg|47: 1215 333 89 41 13 4 1 
41120|Child_Levy|12: 1141 318 102 40 13 4 1 
41126|Child_CrossABC2|2|Mutated: 1113 316 91 41 11 5 1 
41134|Survivor|1|Mutated: 988 316 91 41 11 5 1 
41135|Child_Cross12|17: 881 251 81 40 12 5 1 
41136|Child_Levy|60: 1059 274 82 40 11 5 1 
41137|Child_LevyABC2|12: 1057 278 81 41 13 4 1 
41144|Child_CrossABC2|2: 1115 271 82 40 12 5 1 
41145|Child_CrossABC2|8: 1068 279 82 40 12 5 1 
41146|Child_CrossABC1|7: 1126 268 83 40 12 5 1 
41147|Child_CrossABC1|1: 1069 271 85 40 13 5 1 
41154|Child_Cross21|6: 1066 271 79 40 12 5 1 
41155|Child_CrossABC2|8: 1041 262 93 40 12 5 1 
41156|Child_Avg|35: 1061 304 87 41 13 4 1 
41157|Child_Cross21|42: 1055 274 85 40 12 5 1 
41158|Child_Cross12|53: 1069 274 81 40 12 5 1 
41159|Child_Cross21|6: 1070 274 81 40 12 5 1 
41160|Child_Cross21|42: 1068 253 81 40 12 5 1 
41161|Child_Cross12|33: 1070 260 79 40 12 5 1 
41166|Child_LevyP1|3: 1072 279 103 41 13 6 1 
41168|Child_Cross21|46: 1055 275 81 40 12 5 1 
41169|Child_CrossABC1|1: 1087 260 77 40 12 5 1 
41170|Child_Cross12|53: 1087 260 77 41 13 4 1 
41172|Child_Levy|8: 1080 263 77 40 13 5 1 
41176|Child_Avg|55: 923 265 80 36 15 4 1 
41195|Child_Levy|24: 782 277 90 39 14 6 1 
41198|Child_Cross12|5: 894 292 90 39 14 6 1 
41208|Child_Cross21|22|Mutated: 889 270 83 40 14 5 1 
41218|Child_LevyABC1|11: 924 263 80 37 13 4 1 
41223|Child_Avg|27: 1103 324 95 37 13 4 1 
41231|Child_Avg|11: 1177 308 85 37 14 4 1 
41239|Child_CrossABC1|7: 1311 319 91 37 14 4 1 
41240|Child_Avg|19: 1066 274 80 37 13 4 1 
41241|Child_CrossABC1|7: 930 265 87 32 13 4 1 
41243|Child_CrossABC1|7: 912 264 86 35 12 5 1 
41245|Child_CrossABC2|2: 920 268 90 35 12 5 1 
41248|Child_LevyP2|4: 910 276 93 37 13 4 1 
41257|Child_Avg|27: 930 280 87 36 13 4 1 
41261|Child_LevyABC2|12: 901 309 90 35 12 5 1 
41291|Child_Avg|51: 887 267 81 32 13 4 1 
41297|Child_Cross21|46: 938 284 77 35 12 5 1 
41298|Child_Cross12|29: 942 287 75 35 12 5 1 
41300|Child_Cross12|57: 921 279 74 35 12 5 1 
41309|Child_Cross12|21: 929 282 74 35 12 5 1 
41311|Child_CrossABC2|2: 916 283 74 35 12 5 1 
41313|Child_CrossABC2|2: 923 278 74 35 12 5 1 
41315|Child_Avg|43: 917 274 73 35 12 5 1 
41321|Child_Cross21|54: 917 274 73 35 11 5 1 
41324|Child_Avg|43: 914 275 73 35 12 5 1 
41326|Child_Cross12|45: 914 277 73 35 11 5 1 
41330|Child_Cross21|34: 917 275 73 35 12 5 1 
41338|Child_Cross21|14: 914 272 73 35 11 5 1 
41352|Child_Cross12|9: 917 288 73 35 12 5 1 
41364|Child_CrossABC2|8: 922 261 90 35 12 5 1 
41381|Child_Cross12|1: 917 269 73 35 11 5 1 
41386|Child_Cross21|10: 917 272 73 35 11 5 1 
41405|Child_CrossABC1|1: 917 261 85 35 12 5 1 
41431|Survivor|1|Mutated: 914 261 73 35 13 5 1 
41432|Child_Levy|40: 858 274 93 42 13 6 1 
41433|Child_Levy|36: 1233 335 119 45 14 4 1 
41436|Survivor|1|Mutated: 1287 335 119 45 14 4 1 
41438|Child_Levy|44: 1385 351 114 47 14 6 1 
41443|Child_Levy|52: 1274 332 105 43 14 4 1 
41444|Child_Avg|19: 1267 336 105 43 13 5 1 
41445|Child_CrossABC2|8: 1275 335 109 40 15 4 1 
41446|Child_Avg|35: 1167 312 100 41 13 4 1 
41447|Child_LevyP1|9: 1203 351 125 40 13 5 1 
41451|Child_Levy|28: 1120 313 105 41 14 4 1 
41452|Child_Cross21|42: 1118 291 102 40 13 5 1 
41457|Child_Avg|31: 1057 291 90 40 13 5 1 
41459|Child_Cross21|26: 1088 293 88 40 13 5 1 
41461|Child_Avg|3: 1080 291 89 40 13 5 1 
41462|Child_CrossABC1|7: 1095 295 89 40 13 5 1 
41465|Child_Avg|7: 1078 293 88 40 13 5 1 
41466|Child_Avg|31: 1086 293 88 40 13 5 1 
41474|Child_CrossABC2|8: 1097 302 90 40 13 5 1 
41475|Child_CrossABC2|8: 1075 293 88 40 13 5 1 
41492|Child_Cross12|45: 1079 297 85 40 13 5 1 
41493|Child_CrossABC1|7|Mutated: 1085 306 96 40 13 5 1 
41495|Child_Levy|32: 1083 302 91 41 14 4 1 
41510|Child_Cross12|41: 1083 297 85 40 13 5 1 
41516|Child_Avg|47|Mutated: 1078 253 85 40 13 5 1 
41533|Child_Cross21|14: 1081 297 85 40 13 5 1 
41561|Child_CrossABC2|8: 1086 297 85 40 13 5 1 
41562|Child_Avg|3: 1128 297 85 40 13 5 1 
41566|Child_Cross21|14: 1080 306 85 40 13 5 1 
41568|Child_Cross21|2: 1122 297 85 40 13 5 1 
41575|Child_Cross12|21|Mutated: 1085 297 98 40 13 5 1 
41588|Child_Cross21|38|Mutated: 1087 341 99 40 13 5 1 
41610|Child_Cross21|2: 1085 297 85 40 12 5 1 
41664|Child_LevyABC2|6: 1096 285 118 39 14 6 1 
41667|Child_Cross12|29|Mutated: 1039 269 94 39 14 6 1 
41670|Child_Avg|59: 1108 281 86 40 13 5 1 
41671|Child_Cross21|22: 1045 291 74 39 14 6 1 
41672|Child_CrossABC1|7: 1227 278 87 41 13 4 1 
41682|Child_CrossABC2|8: 1053 288 83 40 13 5 1 
41686|Child_CrossABC1|7: 1073 277 90 40 13 4 1 
41705|Child_CrossABC2|2: 1067 271 93 40 14 5 1 
41706|Child_LevyP1|3: 1061 257 89 41 13 4 1 
41713|Child_Avg|43: 1028 252 85 40 13 5 1 
41722|Child_CrossABC1|7: 1076 253 83 41 13 4 1 
41725|Child_CrossABC1|1: 932 261 80 39 11 4 1 
41727|Child_Avg|39: 1027 253 82 40 13 5 1 
41728|Child_Levy|4: 1057 255 76 42 12 5 1 
41729|Child_Cross12|21: 1028 261 77 40 12 5 1 
41730|Child_Cross21|50: 1039 261 72 41 13 4 1 
41732|Child_LevyABC1|5: 1035 243 83 42 13 6 1 
41733|Child_CrossABC1|1|Mutated: 1037 277 81 41 13 4 1 
41736|Child_Avg|35: 1128 337 95 45 13 5 1 
41745|Child_Cross21|58: 1089 291 85 42 11 4 1 
41746|Child_Cross21|42: 1128 303 83 43 13 5 1 
41750|Child_Levy|32: 1410 427 114 40 14 5 1 
41752|Child_Avg|15: 1113 327 97 40 14 5 1 
41760|Child_Avg|35: 1048 285 79 39 14 4 1 
41761|Child_Levy|60: 1100 318 87 41 14 6 1 
41773|Child_LevyP1|3: 1114 323 90 40 13 5 1 
41775|Child_Avg|39: 1174 319 89 40 13 5 1 
41777|Child_CrossABC2|8: 1180 319 89 40 13 5 1 
41781|Child_CrossABC1|7: 1130 319 89 40 13 5 1 
41784|Child_CrossABC1|7: 1139 311 85 40 13 5 1 
41787|Child_Avg|59: 1125 311 84 40 13 5 1 
41794|Child_Cross21|34: 1125 314 83 40 13 5 1 
41795|Child_Avg|27: 1125 297 83 40 13 5 1 
41796|Child_Cross21|54: 1128 310 83 40 13 5 1 
41797|Child_Avg|19: 1122 311 83 40 13 5 1 
41798|Child_Cross12|53: 1125 311 83 40 13 5 1 
41800|Child_Cross12|17: 1125 296 83 40 13 5 1 
41804|Child_Cross12|29: 1129 311 83 40 13 5 1 
41805|Child_Cross21|30|Mutated: 1125 297 98 40 12 5 1 
41806|Child_Cross12|53|Mutated: 1123 303 95 40 12 5 1 
41810|Child_Cross21|10|Mutated: 1125 310 83 40 14 5 1 
41812|Child_Cross21|26: 1122 297 83 40 14 5 1 
41815|Child_Cross12|21: 1125 297 83 40 14 5 1 
41823|Child_CrossABC1|1: 1125 310 83 40 13 5 1 
41826|Child_Cross12|25|Mutated: 1125 307 88 40 14 5 1 
41828|Child_Avg|47: 1125 306 85 40 13 5 1 
41831|Child_CrossABC2|2: 1122 297 83 40 13 5 1 
41832|Child_LevyABC2|6: 1211 299 91 43 14 6 1 
41838|Child_Cross21|34: 1124 299 83 40 14 5 1 
41840|Child_Cross12|25: 1122 321 83 40 13 5 1 
41847|Child_Avg|11: 1125 319 83 40 12 5 1 
41850|Child_CrossABC2|2: 1125 319 95 40 12 5 1 
41858|Child_Levy|24: 987 255 101 35 12 5 1 
41861|Child_Cross21|38: 1192 255 97 33 13 4 1 
41862|Child_Avg|23: 1052 234 89 35 12 5 1 
41863|Child_Cross12|33|Mutated: 1093 260 93 39 11 4 1 
41865|Child_Cross21|34: 979 282 86 32 13 5 1 
41866|Child_Avg|51|Mutated: 1019 282 85 35 12 5 1 
41868|Child_Cross21|50: 1153 267 86 35 11 5 1 
41869|Child_CrossABC2|2: 933 291 85 35 12 5 1 
41873|Child_Cross12|13: 933 291 85 35 13 5 1 
41878|Child_CrossABC2|2|Mutated: 1075 276 89 35 13 5 1 
41879|Child_CrossABC2|2: 965 282 86 35 13 5 1 
41887|Child_CrossABC1|1: 939 280 96 35 12 5 1 
41888|Child_Avg|27|Mutated: 1091 341 97 40 14 5 1 
41909|Child_CrossABC2|8: 1120 252 97 40 14 5 1 
41913|Survivor|1|Mutated: 1120 252 97 40 12 5 1 
41914|Child_Cross21|26: 1060 293 83 40 12 5 1 
41915|Child_Avg|15: 1395 355 123 44 16 5 1 
41918|Child_CrossABC1|1: 1044 334 97 40 14 5 1 
41922|Child_Levy|16: 1129 314 97 43 14 6 1 
41926|Child_Levy|52: 1007 295 88 39 14 6 1 
41927|Child_Avg|43: 1089 302 90 41 13 6 1 
41928|Child_LevyP1|3: 1019 288 89 40 13 5 1 
41932|Child_Avg|3: 1068 306 100 41 13 4 1 
41933|Child_Cross12|9: 1086 304 90 39 14 4 1 
41934|Child_Cross21|22: 1049 301 87 41 13 4 1 
41935|Child_CrossABC2|8: 1057 301 111 41 13 4 1 
41938|Child_LevyABC1|11: 1021 300 112 41 14 4 1 
41939|Child_Avg|27: 1083 306 90 46 13 4 1 
41940|Child_Cross12|25: 1041 295 87 41 14 4 1 
41944|Child_Cross12|1: 1049 293 87 40 14 5 1 
41949|Child_Cross12|9|Mutated: 1053 297 86 40 14 5 1 
41950|Child_Cross21|50: 1050 295 87 40 12 5 1 
41953|Child_Cross12|37: 1036 303 84 40 13 5 1 
41954|Child_CrossABC1|7: 1035 293 88 35 11 5 1 
41955|Child_CrossABC1|7: 1043 291 90 35 13 5 1 
41961|Child_Cross12|17: 1081 292 94 32 13 4 1 
41967|Child_Avg|19: 1043 292 86 36 13 4 1 
41968|Child_Cross21|38: 1055 312 80 35 13 5 1 
41969|Child_Levy|12: 1106 295 88 40 13 5 1 
41970|Child_Avg|3: 1062 303 86 40 14 5 1 
41971|Child_Avg|59: 1143 276 86 35 13 5 1 
41975|Child_Avg|35|Mutated: 1167 367 103 40 13 5 1 
41990|Child_CrossABC1|7: 1118 332 117 40 14 5 1 
41992|Child_Cross21|34: 1118 332 117 41 14 6 1 
41993|Child_CrossABC1|1: 1139 336 118 39 14 4 1 
42003|Survivor|1|Mutated: 949 292 118 39 14 4 1 
42004|Child_Cross12|57: 1151 287 87 39 14 4 1 
42005|Child_LevyP1|9: 1023 289 119 40 12 5 1 
42006|Child_Cross12|33: 1108 325 101 40 12 5 1 
42009|Child_Cross12|49: 1107 298 97 40 12 5 1 
42010|Child_Cross12|13: 1093 281 97 40 12 5 1 
42011|Child_Avg|43: 1101 293 98 40 12 5 1 
42014|Child_Avg|27: 1104 300 97 40 13 5 1 
42016|Child_LevyABC2|6: 1331 317 107 39 16 5 1 
42017|Child_Levy|40: 1111 285 93 40 12 5 1 
42019|Child_Avg|51|Mutated: 1089 276 95 37 13 4 1 
42020|Child_CrossABC2|8: 1139 294 96 40 13 5 1 
42026|Child_CrossABC2|8: 1141 300 98 41 14 6 1 
42027|Child_Cross12|1: 1109 293 94 40 12 5 1 
42029|Child_Cross12|1: 1127 297 86 40 12 5 1 
42030|Child_CrossABC1|1: 1131 301 88 40 13 4 1 
42032|Child_Cross21|10: 1122 303 84 40 13 5 1 
42033|Child_Avg|7: 1153 294 88 40 13 5 1 
42045|Child_LevyP2|10: 1067 266 90 40 13 5 1 
42051|Child_CrossABC2|8: 1058 303 90 40 13 5 1 
42052|Child_Cross21|58: 1054 319 89 40 13 5 1 
42054|Child_CrossABC2|8: 1062 292 89 40 13 5 1 
42055|Child_CrossABC1|1: 1048 305 89 40 13 5 1 
42056|Child_Avg|39: 1035 293 88 40 13 5 1 
42057|Child_Avg|11: 1056 291 89 40 13 5 1 
42060|Survivor|1|Mutated: 1056 291 84 40 13 5 1 
42061|Child_Cross12|21: 1045 298 85 40 13 5 1 
42064|Child_Cross21|46: 1087 286 84 40 13 5 1 
42067|Child_CrossABC2|8: 1771 408 117 45 16 5 1 
42073|Child_Avg|11: 1179 322 89 40 13 5 1 
42078|Child_LevyABC2|6: 1125 313 99 39 14 4 1 
42082|Child_LevyP1|3: 1091 312 97 40 13 5 1 
42104|Child_Cross12|33: 1037 297 91 37 14 4 1 
42105|Survivor|1|Mutated: 1175 297 91 37 14 4 1 
42106|Child_Cross12|45: 907 286 84 40 13 5 1 
42107|Child_LevyABC1|11: 933 273 100 37 14 6 1 
42111|Child_Avg|59: 1047 295 85 38 13 5 1 
42114|Child_Avg|39: 970 282 82 37 13 4 1 
42115|Child_Avg|39: 968 324 89 37 14 4 1 
42120|Child_LevyABC2|6: 970 292 86 35 12 5 1 
42124|Child_Avg|27: 964 294 81 36 13 4 1 
42128|Child_CrossABC2|2: 947 251 81 36 13 4 1 
42129|Child_CrossABC2|8: 952 294 81 36 13 4 1 
42135|Child_CrossABC1|7: 988 271 81 36 13 4 1 
42139|Child_Cross21|58: 983 286 81 36 13 4 1 
42140|Child_Cross21|34: 955 284 77 35 13 5 1 
42146|Child_CrossABC1|1: 952 284 77 35 13 5 1 
42150|Child_Cross21|2: 972 277 76 35 13 5 1 
42151|Child_LevyP1|3: 974 282 79 33 14 4 1 
42153|Child_Cross21|58: 898 277 76 35 13 5 1 
42159|Child_Avg|27: 950 300 81 36 13 4 1 
42167|Child_CrossABC1|1: 1071 296 81 36 13 4 1 
42172|Child_Cross21|34: 1419 342 121 39 14 6 1 
42177|Child_CrossABC2|2: 948 343 112 39 14 6 1 
42181|Child_Levy|56: 1067 312 91 35 11 4 1 
42182|Child_Avg|7|Mutated: 1123 320 93 40 12 5 1 
42183|Child_Cross12|41: 992 296 86 41 14 6 1 
42184|Child_Levy|32: 1095 328 105 39 16 5 1 
42197|Child_Cross12|33: 1096 323 105 39 16 5 1 
42200|Child_Levy|24: 1046 287 101 40 13 5 1 
42203|Child_Levy|32: 1079 310 97 40 13 5 1 
42204|Child_Cross12|53: 1135 302 90 40 13 5 1 
42210|Child_Avg|3: 1090 305 89 40 13 5 1 
42214|Child_Levy|56: 1103 315 94 41 13 4 1 
42215|Child_CrossABC1|7: 1096 305 90 41 13 4 1 
42220|Child_LevyABC2|12: 1099 312 107 40 12 5 1 
42221|Child_Cross21|18: 1117 330 88 41 13 4 1 
42226|Child_Cross12|1: 1073 296 85 39 14 4 1 
42227|Child_Cross12|57: 1068 310 87 39 14 4 1 
42231|Child_CrossABC2|8: 1059 303 85 40 13 5 1 
42233|Child_LevyP1|9: 1046 310 87 41 14 6 1 
42234|Child_Levy|16: 1053 307 87 39 14 4 1 
42237|Child_Cross21|2: 1130 325 84 40 13 5 1 
42239|Child_Avg|15: 1071 303 84 40 13 5 1 
42247|Child_LevyP1|9: 1135 304 85 37 14 4 1 
42248|Child_Cross21|42|Mutated: 1204 314 90 39 14 6 1 
42251|Child_Avg|3: 1155 303 84 40 13 5 1 
42255|Child_Avg|47: 1082 307 83 40 13 5 1 
42256|Child_Cross12|1: 1126 308 83 40 13 5 1 
42259|Child_Cross21|26: 1086 308 83 40 13 5 1 
42263|Child_Cross12|53|Mutated: 1101 307 83 40 13 5 1 
42269|Child_Cross21|38|Mutated: 1104 307 97 40 13 5 1 
42283|Child_Cross12|33: 1208 319 88 40 13 5 1 
42284|Child_Cross12|33: 1069 324 91 41 14 6 1 
42288|Child_Cross21|50|Mutated: 1147 318 101 41 14 6 1 
42292|Child_Levy|40: 1121 299 84 40 13 4 1 
42293|Child_Cross21|10: 1120 298 85 40 13 5 1 
42295|Child_Levy|56: 1067 310 89 40 13 5 1 
42297|Child_CrossABC1|7: 1071 313 90 40 13 5 1 
42298|Child_Avg|23: 1057 316 90 40 13 5 1 
42300|Child_Cross12|33: 1059 314 88 40 13 5 1 
42308|Child_Avg|11: 1089 313 84 40 13 5 1 
42309|Child_LevyP1|3: 1042 358 100 41 13 4 1 
42330|Survivor|1|Mutated: 1042 358 117 41 13 4 1 
42332|Child_Avg|7|Mutated: 1089 274 86 40 13 5 1 
42334|Child_Cross12|9: 1103 319 92 41 13 4 1 
42336|Child_Avg|59|Mutated: 1102 305 96 40 13 4 1 
42337|Child_Cross12|17: 1089 304 85 40 13 5 1 
42338|Child_LevyP2|4: 1082 311 83 39 14 6 1 
42339|Child_Cross12|49: 1066 295 87 39 14 4 1 
42340|Child_Avg|43: 1086 303 84 40 13 4 1 
42342|Child_Avg|27: 1093 281 84 40 13 5 1 
42348|Child_CrossABC1|1: 1089 281 84 40 13 5 1 
42359|Child_Avg|51: 1087 297 82 40 12 5 1 
42360|Child_Avg|15: 1125 285 83 40 13 5 1 
42368|Child_Cross12|29: 1096 293 81 40 12 5 1 
42384|Survivor|1|Mutated: 1087 293 81 40 12 5 1 
42385|Child_CrossABC2|8: 1084 292 77 40 12 5 1 
42388|Child_Avg|27: 1095 292 77 40 13 5 1 
42389|Child_Cross21|34: 1084 292 77 40 13 5 1 
42391|Child_CrossABC1|1: 1072 293 77 40 13 5 1 
42393|Child_Avg|15|Mutated: 1025 277 89 40 12 5 1 
42400|Child_CrossABC1|1: 1126 268 91 40 13 5 1 
42406|Child_CrossABC2|8: 1127 266 88 40 13 5 1 
42415|Child_LevyP2|4: 1093 308 87 39 14 6 1 
42421|Child_CrossABC1|7: 1073 339 92 41 14 6 1 
42427|Child_CrossABC2|8|Mutated: 1075 340 93 41 14 6 1 
42430|Child_CrossABC1|7: 1070 329 90 41 14 6 1 
42431|Survivor|1|Mutated: 1107 329 90 41 14 6 1 
42443|Child_LevyP2|4: 1202 324 117 40 12 5 1 
42446|Child_CrossABC2|8: 1120 323 85 40 13 5 1 
42448|Child_Levy|16: 1126 310 83 40 13 5 1 
42450|Child_Avg|11: 1125 307 88 42 13 4 1 
42451|Child_Avg|47: 1244 351 106 36 15 4 1 
42458|Child_Avg|59: 1090 299 80 37 13 4 1 
42459|Child_Avg|47: 1131 298 77 37 14 4 1 
42460|Child_Levy|8: 1156 315 89 35 12 5 1 
42463|Child_CrossABC2|8: 1125 295 82 35 13 5 1 
42464|Child_Avg|7: 1043 302 84 35 11 5 1 
42469|Child_CrossABC1|1: 1038 306 84 35 11 5 1 
42472|Child_CrossABC1|1: 1072 297 88 35 12 5 1 
42477|Child_CrossABC1|7: 1091 304 86 35 12 5 1 
42499|Child_Cross12|13: 1162 305 74 35 12 5 1 
42501|Child_Avg|43|Mutated: 1091 289 82 37 13 4 1 
42506|Child_Levy|8: 1053 281 75 35 12 5 1 
42508|Child_Levy|60: 1083 273 80 36 15 4 1 
42512|Child_Cross21|42: 1013 286 73 36 13 4 1 
42513|Child_Levy|4: 1080 311 89 35 13 5 1 
42520|Child_CrossABC1|1: 1089 298 75 35 12 5 1 
42521|Child_LevyP1|3: 1221 279 86 36 13 4 1 
42528|Child_Levy|20: 1359 317 95 43 14 4 1 
42529|Child_LevyABC2|12: 1348 260 99 40 14 5 1 
42535|Child_Levy|40: 1110 270 88 39 14 4 1 
42541|Child_Avg|27: 1115 274 86 36 13 4 1 
42546|Survivor|1|Mutated: 1115 328 86 36 13 4 1 
42564|Child_Avg|47: 1093 292 99 39 14 4 1 
42566|Child_Cross21|10: 1093 292 99 39 14 6 1 
42569|Child_Cross21|54: 1090 321 79 32 13 4 1 
42581|Child_Cross12|49: 924 270 74 33 14 4 1 
42582|Child_Avg|35: 848 266 75 32 13 4 1 
42584|Child_Cross12|21: 883 276 75 32 13 4 1 
42586|Child_Cross12|5: 926 258 73 32 13 4 1 
42588|Child_Avg|19: 966 273 72 32 13 4 1 
42589|Child_Avg|3: 1042 301 98 45 13 4 1 
42595|Child_Avg|27: 960 262 80 43 13 4 1 
42596|Child_LevyABC1|5: 1109 284 90 41 13 4 1 
42599|Child_LevyP2|10: 1161 272 91 40 12 5 1 
42600|Child_Avg|55: 1053 273 82 40 12 5 1 
42601|Child_Levy|52: 927 234 96 38 13 5 1 
42603|Child_Levy|8|Mutated: 920 246 95 37 13 4 1 
42604|Child_Avg|7|Mutated: 944 237 88 41 13 4 1 
42606|Child_Cross21|2: 891 244 79 37 13 4 1 
42607|Child_LevyP1|3: 847 243 78 35 12 5 1 
42609|Child_Avg|27: 881 311 86 36 13 4 1 
42612|Child_Avg|3: 913 238 85 35 12 5 1 
42624|Child_CrossABC1|1: 885 236 86 35 12 5 1 
42629|Child_Levy|12: 905 237 75 35 11 5 1 
42643|Child_Cross12|17: 884 253 73 35 11 5 1 
42644|Child_Cross12|53: 904 237 75 35 11 5 1 
42648|Child_Cross12|1: 886 246 73 35 12 5 1 
42649|Child_Cross21|42: 886 244 73 35 12 5 1 
42695|Child_Avg|15|Mutated: 1188 321 103 39 15 4 1 
42698|Child_Cross12|17: 1063 267 84 35 12 5 1 
42700|Child_Levy|60|Mutated: 840 259 86 35 12 5 1 
42701|Child_Levy|44: 945 252 75 35 11 5 1 
42721|Child_Cross12|45: 963 264 71 33 12 5 1 
42722|Child_Levy|56: 1454 393 98 45 13 5 1 
42731|Child_CrossABC1|1|Mutated: 1159 390 118 42 13 6 1 
42734|Child_Levy|36: 1052 331 95 42 13 4 1 
42736|Child_Cross21|50: 1052 331 95 42 13 6 1 
42753|Child_Levy|4: 1214 328 101 40 13 5 1 
42755|Child_Levy|28|Mutated: 1158 332 109 41 13 6 1 
42759|Child_Cross12|41: 1086 299 108 42 13 6 1 
42760|Child_Cross21|46: 1068 293 97 40 13 5 1 
42763|Child_Cross12|29: 1083 302 103 40 12 5 1 
42764|Child_Levy|12: 1085 297 93 39 14 4 1 
42766|Child_Cross12|37: 1085 301 99 40 13 5 1 
42770|Child_Cross21|30: 1070 303 85 40 13 5 1 
42771|Child_Avg|23: 1059 302 90 40 13 5 1 
42773|Child_Avg|55: 1069 304 86 35 13 5 1 
42775|Child_Cross21|22: 1088 305 89 41 13 4 1 
42778|Child_Cross21|42: 1014 296 89 41 13 4 1 
42783|Child_CrossABC2|2|Mutated: 1085 323 92 41 13 4 1 
42801|Child_Cross12|9: 1076 300 83 40 13 5 1 
42802|Child_Cross21|18: 1115 299 83 40 13 5 1 
42803|Child_Cross12|17: 1075 299 83 40 13 5 1 
42804|Child_Cross21|42: 1072 299 83 40 13 5 1 
42810|Child_Cross21|22: 1085 299 83 40 12 5 1 
42815|Child_Cross12|57: 1077 297 83 40 13 5 1 
42818|Child_Cross12|37: 1101 299 83 40 13 5 1 
42819|Child_Avg|23: 1074 297 83 40 13 5 1 
42823|Child_Cross12|13: 1073 296 83 40 14 5 1 
42828|Child_Cross12|41|Mutated: 1077 297 83 40 14 5 1 
42829|Child_Cross21|46: 1075 297 83 40 14 5 1 
42832|Child_LevyP1|9: 1084 305 90 41 13 4 1 
42838|Child_Cross12|57: 1072 297 83 40 14 5 1 
42840|Child_Cross12|53: 1069 297 83 40 14 5 1 
42841|Child_Cross12|21: 1073 296 83 40 13 5 1 
42844|Child_Cross21|10: 1073 284 83 40 13 5 1 
42847|Child_Cross21|22: 1073 254 83 40 13 5 1 
42849|Child_Cross21|26: 1116 296 83 40 13 5 1 
42850|Child_CrossABC1|1: 1073 296 93 40 12 5 1 
42852|Child_Cross12|25: 1070 296 83 40 14 5 1 
42854|Child_Cross12|41: 1069 296 83 40 14 5 1 
42861|Child_Avg|59: 1070 296 83 40 13 5 1 
42862|Child_LevyP1|3: 1052 290 90 39 14 4 1 
42871|Child_Cross21|14: 1075 296 83 40 13 5 1 
42873|Child_Cross21|42: 1075 296 83 40 14 5 1 
42880|Child_Avg|19: 1074 296 83 40 14 5 1 
42895|Child_CrossABC1|1: 1073 294 83 40 14 5 1 
42917|Child_Cross12|37: 1113 296 83 40 14 5 1 
42919|Child_Cross21|30: 1122 296 83 40 14 5 1 
42920|Child_Avg|55: 1076 293 85 40 13 5 1 
42923|Child_Cross12|57: 1122 296 83 40 13 5 1 
42924|Child_LevyP2|10: 1098 300 85 41 13 4 1 
42926|Child_Cross21|38|Mutated: 1122 341 97 40 13 5 1 
42927|Child_Avg|3: 1097 318 90 40 13 5 1 
42928|Child_LevyP1|9: 1129 332 101 41 14 6 1 
42930|Child_LevyABC1|11: 1092 301 117 37 14 6 1 
42933|Child_Avg|15: 1027 299 101 39 14 6 1 
42945|Child_Cross12|5: 1066 296 83 40 13 5 1 
42951|Child_Cross21|26: 1082 296 83 40 13 5 1 
42974|Child_Cross21|2: 1072 294 83 40 14 5 1 
43008|Child_Avg|3: 1070 306 89 40 12 5 1 
43011|Child_Avg|55: 989 294 90 40 13 5 1 
43024|Child_CrossABC1|7|Mutated: 1125 302 98 40 13 5 1 
43026|Child_Avg|3: 1097 298 90 40 13 5 1 
43046|Child_LevyABC1|5: 1166 296 101 41 14 6 1 
43071|Child_CrossABC1|7: 1068 294 91 40 13 5 1 
43073|Child_CrossABC2|2: 1071 294 97 40 13 5 1 
43075|Child_CrossABC1|1: 1067 294 88 40 13 5 1 
43076|Child_CrossABC2|8: 1071 294 86 40 13 5 1 
43091|Child_Cross12|45: 1068 294 83 40 14 5 1 
43108|Child_Avg|51: 1070 294 85 40 13 5 1 
43137|Child_CrossABC2|8: 1121 294 97 40 13 5 1 
43147|Child_Levy|60|Mutated: 1088 295 99 39 14 6 1 
43168|Child_CrossABC1|7: 1069 294 99 40 13 5 1 
43176|Child_Avg|35: 1074 294 83 40 13 5 1 
43225|Child_Avg|55: 1174 381 128 40 13 4 1 
43227|Child_Cross21|6: 1040 281 87 41 14 6 1 
43228|Child_Avg|15: 1119 315 129 40 13 5 1 
43236|Child_CrossABC2|8: 1086 305 102 40 13 5 1 
43237|Child_Levy|48: 1152 299 114 41 14 6 1 
43259|Survivor|1|Mutated: 1152 295 114 41 14 6 1 
43261|Child_Cross12|53|Mutated: 1143 298 102 39 14 6 1 
43262|Child_CrossABC1|1: 1131 292 95 43 14 6 1 
43267|Child_LevyABC2|6: 1219 312 91 45 16 6 1 
43269|Child_Cross21|26: 1109 301 88 40 13 4 1 
43270|Child_Levy|48|Mutated: 1097 283 89 40 13 5 1 
43272|Child_LevyP1|9: 1083 287 93 39 14 4 1 
43307|Child_Cross21|22: 1045 267 85 39 14 4 1 
43309|Child_CrossABC2|8: 1010 262 83 39 14 4 1 
43312|Child_LevyP1|3: 1145 287 87 39 14 4 1 
43316|Child_Levy|40: 1122 280 86 37 14 4 1 
43320|Child_Cross21|58: 1114 271 79 39 14 4 1 
43322|Child_Levy|28: 1101 264 77 40 13 5 1 
43326|Child_Avg|35: 1038 255 76 41 13 4 1 
43329|Child_Avg|39: 1104 300 98 41 13 4 1 
43336|Child_LevyABC2|6: 1081 298 120 41 16 6 1 
43350|Child_Cross12|21: 983 281 91 40 14 5 1 
43351|Child_Avg|51: 1232 334 131 41 14 6 1 
43361|Child_Cross12|5: 1217 321 102 40 13 5 1 
43363|Child_Levy|36: 1197 302 106 41 14 6 1 
43364|Child_Cross21|38: 1121 303 105 41 14 6 1 
43369|Child_CrossABC1|7: 1157 301 101 41 14 6 1 
43377|Child_CrossABC1|7|Mutated: 1192 277 98 40 13 5 1 
43378|Child_LevyP1|9: 1119 263 99 39 14 6 1 
43380|Child_Avg|59: 1150 281 103 40 13 5 1 
43392|Survivor|1|Mutated: 1086 281 103 40 13 5 1 
43418|Survivor|1|Mutated: 989 305 103 40 13 5 1 
43420|Child_LevyABC1|11: 975 278 108 37 14 4 1 
43421|Child_LevyABC1|5: 932 272 112 37 14 4 1 
43423|Child_Cross12|13: 1025 286 95 37 14 4 1 
43424|Child_Cross12|57: 1012 276 94 37 14 4 1 
43425|Child_Avg|43: 962 268 99 37 13 4 1 
43426|Child_Cross12|45: 1061 283 89 37 14 4 1 
43428|Child_Levy|12: 1027 282 86 36 13 4 1 
43429|Child_Cross21|42: 1068 285 90 37 13 4 1 
43433|Survivor|1|Mutated: 1068 298 90 37 13 4 1 
43435|Child_CrossABC1|7: 1060 287 89 35 13 5 1 
43437|Child_Avg|31|Mutated: 1068 284 91 35 13 5 1 
43438|Child_Levy|36: 1075 282 85 35 12 5 1 
43444|Child_Cross21|22: 1057 289 84 35 13 5 1 
43456|Child_Cross21|26: 1008 270 77 35 13 5 1 
43458|Child_Cross12|41: 975 258 76 35 13 5 1 
43461|Child_CrossABC2|2|Mutated: 1064 262 85 35 12 5 1 
43465|Child_CrossABC1|1: 1041 271 91 35 12 5 1 
43466|Child_CrossABC2|2: 1073 254 91 35 11 4 1 
43468|Child_Cross21|42: 987 292 75 35 11 4 1 
43470|Child_Cross12|1: 1043 277 73 35 12 5 1 
43471|Child_Cross21|50: 1043 277 73 35 11 5 1 
43472|Child_Cross12|9: 1008 293 74 35 12 5 1 
43473|Child_Avg|51: 1031 277 73 35 11 4 1 
43475|Child_Avg|15: 1013 285 73 35 11 4 1 
43476|Child_Cross21|50|Mutated: 988 296 73 35 12 5 1 
43478|Child_Cross12|25: 1017 281 73 35 12 5 1 
43481|Child_Cross21|10: 942 302 73 35 11 5 1 
43482|Child_LevyP1|9: 925 291 74 36 13 4 1 
43483|Child_CrossABC2|2: 978 271 73 35 11 5 1 
43485|Child_Avg|19: 985 285 73 35 11 5 1 
43487|Child_Cross12|5: 981 278 73 35 12 5 1 
43488|Child_Cross21|6: 985 285 73 36 13 4 1 
43491|Child_CrossABC2|8: 1045 279 75 35 11 5 1 
43492|Child_Avg|3: 1489 361 118 41 13 4 1 
43502|Child_CrossABC1|1: 1442 348 118 41 13 4 1 
43514|Child_Cross21|30: 1223 323 106 40 12 5 1 
43515|Child_Avg|59: 1219 327 100 41 13 4 1 
43519|Child_Cross21|54|Mutated: 1166 312 111 40 13 5 1 
43520|Child_Avg|55: 1137 313 98 41 13 4 1 
43526|Child_CrossABC2|8|Mutated: 1226 318 97 36 13 4 1 
43534|Child_Levy|4: 1098 367 103 40 12 5 1 
43544|Child_Avg|7: 1101 344 101 35 12 5 1 
43554|Child_Avg|31: 1106 244 89 35 11 5 1 
43559|Child_CrossABC1|1: 1136 271 82 35 13 5 1 
43562|Child_Levy|12: 1136 268 82 37 14 4 1 
43568|Survivor|1|Mutated: 958 268 98 37 14 4 1 
43569|Child_Avg|35: 1038 268 89 37 14 4 1 
43570|Child_CrossABC2|8: 910 268 105 37 14 4 1 
43578|Child_Cross21|2: 905 261 104 41 14 4 1 
43592|Child_Cross12|57: 905 261 104 41 14 6 1 
43595|Child_CrossABC2|2|Mutated: 878 273 117 41 14 6 1 
43596|Child_CrossABC1|1: 927 251 106 41 14 6 1 
43597|Child_CrossABC2|2: 1036 274 102 41 13 4 1 
43599|Child_LevyP1|3: 1025 268 99 40 12 5 1 
43601|Child_Cross21|50: 967 276 101 40 12 5 1 
43602|Child_Avg|47: 1073 300 97 40 12 5 1 
43606|Child_Avg|51: 974 276 95 40 12 5 1 
43607|Child_Avg|31: 913 278 90 40 13 5 1 
43608|Survivor|1|Mutated: 1073 278 90 40 13 5 1 
43611|Survivor|1|Mutated: 1073 278 87 40 13 5 1 
43612|Child_CrossABC2|8: 1019 278 90 40 13 5 1 
43622|Child_CrossABC1|1: 975 283 85 40 13 5 1 
43623|Child_Cross12|17: 1039 284 81 36 13 4 1 
43624|Child_CrossABC2|8: 1021 283 85 40 13 5 1 
43626|Child_CrossABC2|8: 1017 282 83 40 13 5 1 
43627|Child_CrossABC2|2: 1023 282 84 40 13 5 1 
43630|Child_Levy|44: 987 269 77 35 12 5 1 
43633|Child_Cross12|49: 1036 285 80 37 13 4 1 
43637|Child_CrossABC1|1: 1044 300 80 37 13 4 1 
43653|Child_Levy|24: 1006 254 102 47 12 5 1 
43654|Child_CrossABC2|2: 929 253 92 40 15 4 1 
43655|Child_CrossABC1|1: 1033 269 90 41 13 4 1 
43659|Child_Levy|60: 1141 362 95 41 11 5 1 
43660|Child_Avg|55: 1458 333 101 47 13 4 1 
43675|Child_Avg|27: 1111 309 98 45 13 4 1 
43678|Child_Avg|55: 1119 298 86 45 13 4 1 
43679|Child_Avg|19: 1093 293 88 45 13 5 1 
43683|Child_Cross21|26: 1099 289 88 45 13 4 1 
43684|Child_CrossABC2|8: 1142 297 88 45 13 4 1 
43685|Child_Cross21|34: 1140 293 88 45 13 4 1 
43688|Child_Levy|24|Mutated: 1067 287 95 35 13 6 1 
43689|Child_CrossABC1|7: 1134 293 88 45 13 4 1 
43691|Child_Cross21|46: 1117 291 87 41 14 6 1 
43692|Child_Avg|47: 1130 293 89 40 12 5 1 
43694|Child_Levy|32: 1060 288 85 41 14 4 1 
43695|Child_Avg|31: 1094 288 85 40 13 5 1 
43696|Child_Avg|43: 1122 292 86 41 14 4 1 
43698|Child_Avg|55|Mutated: 1104 287 85 40 13 5 1 
43701|Child_Avg|15: 1099 300 85 41 13 4 1 
43705|Child_CrossABC1|7: 1082 276 97 40 13 4 1 
43707|Child_CrossABC2|8: 1083 283 102 41 13 4 1 
43713|Child_CrossABC1|7: 1150 290 103 41 13 4 1 
43714|Child_LevyP2|10: 1131 281 95 35 13 5 1 
43716|Child_CrossABC2|8: 1159 275 98 35 13 5 1 
43717|Child_Cross12|29: 1168 291 89 35 13 5 1 
43725|Child_CrossABC2|8: 1124 297 89 35 13 5 1 
43727|Child_CrossABC1|7: 1146 297 89 35 13 5 1 
43728|Child_Cross12|49: 1137 310 85 32 13 4 1 
43729|Child_CrossABC2|8: 1050 289 95 35 11 5 1 
43732|Child_Avg|27: 1098 302 83 36 13 4 1 
43733|Child_Levy|56: 1127 285 80 36 13 4 1 
43734|Child_Avg|51: 1049 295 86 35 12 5 1 
43736|Child_Avg|55|Mutated: 1023 291 85 35 13 5 1 
43738|Child_Levy|60: 1056 297 73 36 13 4 1 
43741|Child_Levy|32: 1081 303 80 35 11 5 1 
43748|Child_Cross12|25: 1058 297 73 35 12 5 1 
43752|Child_Avg|47: 1073 305 68 37 13 4 1 
43753|Child_Avg|31: 1142 303 85 45 14 5 1 
43757|Child_LevyP1|9: 1113 299 90 46 13 4 1 
43764|Child_Cross12|17: 1066 298 88 41 13 4 1 
43767|Child_Cross21|26: 1105 305 81 41 13 4 1 
43768|Child_Levy|12: 1097 300 81 45 13 4 1 
43770|Child_Avg|55|Mutated: 1104 304 81 36 13 4 1 
43771|Child_Cross21|2: 1097 300 81 37 14 4 1 
43774|Child_Cross12|21|Mutated: 955 284 77 37 14 4 1 
43775|Child_Cross21|2: 1092 297 80 37 14 4 1 
43779|Child_CrossABC1|7: 1114 298 80 37 13 4 1 
43785|Child_LevyP1|3: 1182 306 93 32 13 5 1 
43787|Child_LevyP1|3: 1175 295 101 33 14 4 1 
43797|Child_Avg|11|Mutated: 1139 318 98 32 13 5 1 
43798|Child_CrossABC1|7: 1114 296 96 33 14 6 1 
43801|Child_Avg|7: 980 271 95 35 13 5 1 
43804|Child_Cross12|9: 937 291 89 35 13 5 1 
43806|Child_Levy|20: 1157 279 86 35 13 5 1 
43808|Child_CrossABC1|1: 1007 296 85 35 12 5 1 
43809|Child_Cross12|13: 1076 286 85 35 12 5 1 
43810|Child_Cross12|37: 964 270 86 35 11 5 1 
43816|Child_CrossABC2|8: 1068 289 85 35 12 5 1 
43817|Child_Cross12|29: 1042 291 83 36 13 4 1 
43824|Child_Cross21|26: 1030 288 73 35 12 5 1 
43832|Child_Cross12|33: 1028 288 73 35 12 5 1 
43837|Child_Cross12|57: 1029 288 73 35 12 5 1 
43838|Child_CrossABC1|1|Mutated: 1025 275 73 35 12 5 1 
43840|Child_Cross21|22: 916 288 73 35 12 5 1 
43842|Child_CrossABC1|1: 921 288 73 35 12 5 1 
43845|Child_Avg|19|Mutated: 1064 288 86 35 11 5 1 
43849|Child_Avg|43: 952 288 73 35 12 5 1 
43850|Child_Avg|23: 919 288 73 35 12 5 1 
43852|Child_Cross12|53: 923 288 73 35 12 5 1 
43858|Child_Cross12|5|Mutated: 923 288 86 35 12 5 1 
43859|Child_Avg|51: 921 288 73 35 11 5 1 
43860|Child_Avg|15: 920 288 73 35 12 5 1 
43867|Child_Cross12|49: 920 277 73 35 11 5 1 
43868|Child_Avg|59: 920 285 73 35 12 5 1 
43870|Child_CrossABC1|7: 920 282 73 35 12 5 1 
43871|Child_Avg|55: 919 287 78 35 12 5 1 
43875|Child_Avg|43: 919 285 73 35 12 5 1 
43877|Child_CrossABC2|8: 918 288 73 35 11 5 1 
43887|Child_Cross21|50: 953 288 73 35 12 5 1 
43892|Child_Cross21|46: 953 288 73 35 11 5 1 
43909|Child_Avg|11|Mutated: 769 266 85 35 12 5 1 
43911|Child_Cross21|38: 952 287 73 35 12 5 1 
43924|Child_Cross21|54: 928 262 73 35 12 5 1 
43931|Survivor|1|Mutated: 916 249 85 35 12 5 1 
43940|Child_Avg|55|Mutated: 932 262 86 35 13 5 1 
43947|Child_Avg|11: 926 255 73 35 12 5 1 
43953|Child_Cross12|57: 919 252 73 35 12 5 1 
43964|Child_Avg|11: 919 250 73 35 12 5 1 
43967|Child_Cross12|41|Mutated: 936 250 84 35 13 5 1 
43969|Child_Avg|43: 929 251 78 35 12 5 1 
43988|Child_Avg|51|Mutated: 1003 275 86 35 11 5 1 
44007|Survivor|1|Mutated: 916 261 73 35 12 5 1 
44009|Child_Levy|60: 1004 300 96 35 12 5 1 
44011|Child_LevyP2|10: 1053 299 100 36 15 4 1 
44012|Child_LevyABC1|5: 1064 308 99 36 13 4 1 
44014|Child_Avg|35: 970 271 90 35 13 5 1 
44031|Survivor|1|Mutated: 825 271 90 35 13 6 1 
44032|Child_Avg|27: 910 264 85 35 12 5 1 
44036|Child_Cross12|21: 982 278 73 35 12 5 1 
44037|Child_Avg|39: 970 275 79 35 12 5 1 
44038|Child_CrossABC2|8: 973 277 79 35 12 5 1 
44039|Child_Cross21|2: 964 271 74 35 12 5 1 
44040|Child_Cross12|45: 965 270 74 35 12 5 1 
44041|Child_Avg|11: 970 271 78 35 12 5 1 
44057|Child_Cross12|57: 975 264 73 35 11 5 1 
44058|Child_CrossABC1|1: 975 264 73 35 12 5 1 
44068|Child_Cross12|25: 910 265 73 35 12 5 1 
44118|Random|17: 1516 319 118 45 13 4 1 
44129|Child_Cross12|9|Mutated: 936 258 87 35 12 5 1 
44152|Child_Avg|31: 891 252 92 41 11 5 1 
44156|Child_CrossABC1|1: 1177 310 116 35 13 6 1 
44158|Child_Levy|60: 950 278 93 38 13 5 1 
44159|Child_Avg|31: 1240 423 121 36 15 4 1 
44161|Child_Cross21|34: 936 344 93 35 13 5 1 
44162|Child_Avg|27: 1094 336 101 36 15 4 1 
44165|Child_Avg|51: 956 287 99 36 13 4 1 
44168|Child_CrossABC2|2: 1065 330 104 41 14 4 1 
44173|Child_Levy|12: 1049 321 97 40 14 5 1 
44175|Child_Avg|23: 1029 301 90 40 13 5 1 
44176|Child_Cross12|25: 1046 302 92 41 14 6 1 
44181|Child_Cross21|54: 1039 306 91 41 14 6 1 
44182|Child_Avg|11: 1025 285 87 41 13 4 1 
44183|Child_Avg|39: 1040 301 90 40 13 5 1 
44184|Child_Cross12|25|Mutated: 1019 306 96 40 13 5 1 
44189|Child_Levy|20: 1042 301 101 39 14 6 1 
44195|Child_CrossABC1|1: 991 299 90 40 13 5 1 
44201|Child_CrossABC1|1: 987 269 86 40 13 5 1 
44202|Child_Levy|44: 1029 297 83 40 13 5 1 
44206|Child_Avg|31: 1071 293 86 40 12 5 1 
44207|Child_CrossABC2|8: 1033 297 85 40 13 5 1 
44208|Child_CrossABC1|1: 1046 297 89 40 12 5 1 
44211|Survivor|1|Mutated: 1046 330 89 40 12 5 1 
44213|Child_Avg|7: 977 288 89 40 12 5 1 
44229|Child_CrossABC2|8: 1063 297 89 40 12 5 1 
44239|Child_CrossABC2|2: 1061 296 91 40 12 5 1 
44240|Child_Cross12|53: 985 297 82 40 12 5 1 
44241|Child_CrossABC2|8: 1056 295 93 40 12 5 1 
44242|Child_CrossABC2|8: 1006 297 90 40 12 5 1 
44245|Child_Levy|20: 1035 301 99 42 13 4 1 
44250|Child_LevyABC2|12: 981 287 87 39 14 6 1 
44251|Child_Cross12|21: 1028 293 87 41 13 4 1 
44266|Child_CrossABC2|8: 940 293 87 41 13 4 1 
44278|Child_Cross21|22: 933 290 98 41 13 4 1 
44279|Child_CrossABC2|8: 936 315 103 41 13 4 1 
44281|Child_Avg|31: 945 301 93 39 14 4 1 
44292|Child_Avg|27: 926 289 90 41 13 4 1 
44311|Child_CrossABC1|7: 942 296 96 41 13 4 1 
44312|Survivor|1|Mutated: 899 296 113 41 13 4 1 
44319|Child_CrossABC2|2: 885 298 118 41 13 4 1 
44325|Child_Cross12|57: 886 259 107 40 14 5 1 
44326|Child_Avg|19|Mutated: 1049 292 103 41 13 4 1 
44330|Child_Cross21|50: 1054 290 105 41 14 6 1 
44333|Child_CrossABC2|2: 1047 299 105 41 14 6 1 
44347|Child_Cross21|14: 1014 283 89 40 13 5 1 
44348|Child_Cross12|33: 1019 293 96 40 13 5 1 
44350|Child_CrossABC2|2: 1019 287 102 40 13 5 1 
44351|Child_Cross21|26: 1010 301 90 39 14 4 1 
44353|Child_Cross12|37: 1010 289 90 40 13 5 1 
44363|Child_Cross21|38: 951 284 85 40 13 5 1 
44370|Child_Cross21|10: 945 284 85 40 13 5 1 
44371|Child_Cross21|6: 959 285 84 40 13 5 1 
44372|Child_CrossABC2|2: 946 284 85 40 13 5 1 
44376|Child_Cross12|21: 962 284 85 40 13 5 1 
44382|Child_Cross21|22: 984 281 84 40 13 5 1 
44384|Child_Avg|43: 942 279 85 40 13 5 1 
44386|Child_Avg|43: 967 285 84 40 13 5 1 
44391|Child_Cross21|6: 914 282 83 40 13 5 1 
44392|Child_Cross12|5: 987 284 83 40 13 5 1 
44393|Child_Cross21|46: 974 282 83 40 13 5 1 
44396|Child_Avg|23|Mutated: 1075 282 89 40 13 5 1 
44405|Child_CrossABC2|8: 965 281 97 40 13 5 1 
44408|Child_Avg|55: 948 281 97 40 13 5 1 
44411|Child_CrossABC2|2: 951 281 97 40 13 5 1 
44412|Child_Avg|11: 953 282 90 40 13 5 1 
44415|Child_Avg|27|Mutated: 965 281 84 40 13 5 1 
44417|Child_CrossABC2|8: 955 281 84 40 13 5 1 
44421|Child_CrossABC2|8: 958 281 84 40 13 5 1 
44449|Child_Levy|20: 684 269 97 40 12 5 1 
44450|Child_Levy|44: 969 294 85 40 14 5 1 
44452|Child_Avg|47: 851 271 83 40 12 5 1 
44454|Child_Levy|52: 894 277 89 37 14 6 1 
44455|Child_LevyABC1|11: 889 281 126 35 11 5 1 
44456|Child_Avg|51: 924 259 86 35 13 5 1 
44461|Child_LevyP1|9: 912 272 97 36 13 4 1 
44470|Child_Cross21|54: 877 271 77 35 13 5 1 
44471|Child_Levy|44: 874 265 83 36 13 4 1 
44473|Child_Avg|51: 909 284 75 35 11 5 1 
44474|Child_Cross21|38: 899 277 79 35 12 5 1 
44479|Child_Avg|19: 892 266 74 35 12 5 1 
44488|Child_Cross12|33|Mutated: 917 266 85 35 12 5 1 
44494|Child_CrossABC1|7: 838 269 85 35 12 5 1 
44495|Child_Avg|51: 1115 293 96 40 13 5 1 
44499|Survivor|1|Mutated: 1115 293 96 40 11 5 1 
44504|Child_Cross12|45: 981 292 85 40 12 5 1 
44505|Child_Levy|24: 947 295 75 41 13 4 1 
44506|Child_Levy|16: 1028 255 84 40 13 5 1 
44511|Child_CrossABC2|8: 933 292 107 42 11 4 1 
44514|Child_Cross21|38: 1063 279 84 41 11 5 1 
44515|Child_Avg|47: 1270 295 88 42 12 5 1 
44521|Child_Avg|59: 1118 277 81 36 13 4 1 
44524|Child_CrossABC1|1|Mutated: 1100 286 83 33 12 5 1 
44525|Child_Avg|11: 1118 277 82 35 13 5 1 
44527|Child_Avg|39: 1047 292 77 40 13 4 1 
44528|Child_Avg|19|Mutated: 1131 279 83 36 13 4 1 
44534|Child_Cross12|17: 1128 285 83 40 14 5 1 
44535|Child_Cross21|22: 1082 284 83 40 13 5 1 
44536|Child_Avg|19|Mutated: 1090 282 83 40 14 5 1 
44539|Child_Cross21|2: 1095 283 76 40 13 5 1 
44540|Child_Levy|60: 860 248 85 35 12 5 1 
44544|Child_Cross12|13: 1088 282 85 35 12 5 1 
44545|Child_CrossABC2|8: 913 277 85 35 12 5 1 
44548|Child_CrossABC1|7: 1068 274 85 35 12 5 1 
44549|Child_Cross21|18: 1009 283 78 35 12 5 1 
44550|Child_CrossABC2|8: 1081 283 78 35 12 5 1 
44551|Child_CrossABC1|7: 1060 283 78 35 12 5 1 
44552|Child_Avg|59: 1038 265 79 35 12 5 1 
44554|Child_Avg|27: 1025 279 78 35 12 5 1 
44563|Child_Cross21|18: 971 279 78 35 12 5 1 
44564|Child_CrossABC2|2: 1025 269 77 35 12 5 1 
44569|Child_Cross12|1: 1046 274 74 35 12 5 1 
44576|Child_Cross12|53|Mutated: 1183 311 86 35 12 5 1 
44589|Child_CrossABC1|7: 1189 312 97 35 12 5 1 
44592|Child_CrossABC1|7: 1119 321 101 35 12 5 1 
44621|Child_Cross21|54: 831 198 77 35 12 5 1 
44622|Child_Cross21|46: 806 245 88 37 13 4 1 
44623|Child_Avg|27: 1021 270 97 36 13 4 1 
44626|Child_Avg|23: 1021 294 93 37 13 4 1 
44631|Child_Avg|59: 1071 292 86 36 13 4 1 
44632|Child_Avg|47: 906 253 89 35 13 5 1 
44634|Child_Cross21|22: 959 284 87 36 13 4 1 
44635|Child_Cross21|2: 908 270 83 37 12 5 1 
44636|Child_Cross21|42: 1012 293 86 36 13 4 1 
44638|Child_Levy|40: 1012 295 86 35 13 5 1 
44643|Child_CrossABC2|8: 1189 309 115 35 13 5 1 
44645|Child_Avg|59: 1116 281 97 36 13 4 1 
44647|Child_Levy|12: 1073 290 93 37 13 4 1 
44648|Child_CrossABC2|8: 1132 281 97 36 13 4 1 
44649|Child_Cross21|10: 1208 287 94 36 13 4 1 
44652|Child_Cross12|13: 973 272 87 36 13 4 1 
44653|Child_CrossABC1|1: 926 279 90 37 12 5 1 
44655|Child_Avg|51: 895 279 85 40 13 5 1 
44657|Child_Levy|56: 959 294 86 35 12 5 1 
44659|Child_Levy|40: 875 271 85 43 13 5 1 
44660|Child_Levy|36: 966 298 88 41 11 5 1 
44661|Child_Avg|23: 972 286 84 35 11 5 1 
44662|Child_Cross12|53: 970 297 85 40 12 5 1 
44672|Child_CrossABC2|2: 967 301 84 40 13 5 1 
44673|Child_LevyP1|9: 970 293 86 41 14 4 1 
44674|Child_Avg|39|Mutated: 968 297 85 40 13 4 1 
44676|Child_LevyABC2|6: 978 318 87 41 14 4 1 
44679|Child_Cross12|5: 947 300 77 40 13 5 1 
44681|Child_Levy|12: 1034 313 77 40 12 5 1 
44682|Child_CrossABC2|2: 957 307 88 40 14 5 1 
44685|Child_Cross21|22: 1034 313 77 39 14 4 1 
44686|Child_Avg|43: 931 300 91 40 14 5 1 
44687|Child_CrossABC2|2: 943 268 82 37 14 4 1 
44689|Child_LevyABC2|6: 973 341 102 45 14 6 1 
44700|Child_Avg|47: 1118 326 92 41 13 4 1 
44712|Child_Cross21|34: 866 299 86 40 12 5 1 
44713|Child_Levy|60: 1081 317 92 43 13 5 1 
44716|Child_CrossABC1|1: 899 253 92 40 15 4 1 
44717|Child_LevyP2|10: 1068 326 91 41 14 6 1 
44723|Child_Avg|43: 1089 278 90 40 13 5 1 
44741|Child_Avg|39: 1079 270 89 40 13 5 1 
44742|Child_LevyABC2|12: 1085 262 88 40 13 5 1 
44746|Child_CrossABC1|1: 1078 279 83 40 12 5 1 
44753|Child_Cross12|17: 1065 281 83 36 13 4 1 
44758|Child_Cross21|46: 1082 279 83 36 13 4 1 
44760|Child_Cross12|53: 1068 279 83 36 13 4 1 
44761|Child_CrossABC2|2: 1059 279 83 36 13 4 1 
44762|Child_CrossABC1|7: 1060 279 83 36 13 4 1 
44766|Child_Cross21|42: 1065 279 83 36 13 4 1 
44768|Child_Cross12|45: 1076 279 83 36 13 4 1 
44769|Child_Cross12|9: 1087 279 83 36 13 4 1 
44778|Child_CrossABC1|7: 1078 275 97 36 13 4 1 
44781|Child_CrossABC2|8: 1102 278 107 36 13 4 1 
44784|Child_Levy|28: 1071 275 107 40 14 5 1 
44785|Child_Levy|40: 1087 269 85 40 12 5 1 
44786|Child_LevyABC2|6|Mutated: 1098 317 113 40 12 5 1 
44787|Child_Avg|7: 1020 290 102 41 13 4 1 
44788|Child_Avg|47: 1081 279 87 40 12 5 1 
44800|Child_Cross12|49: 1064 273 83 40 12 5 1 
44801|Child_Levy|36: 1323 315 91 40 12 5 1 
44806|Survivor|1|Mutated: 1323 315 91 40 14 5 1 
44807|Child_CrossABC2|8: 1116 289 94 42 12 5 1 
44809|Child_Avg|47|Mutated: 1239 318 102 43 13 5 1 
44810|Child_CrossABC1|7: 1190 284 92 41 11 5 1 
44811|Child_Avg|19: 1156 295 83 41 11 5 1 
44814|Child_CrossABC1|7: 1151 281 82 42 12 5 1 
44816|Child_CrossABC1|7: 1115 274 80 41 11 5 1 
44818|Child_Levy|60|Mutated: 964 276 77 40 13 5 1 
44822|Child_CrossABC2|8: 937 269 77 41 14 4 1 
44825|Child_Cross21|2|Mutated: 970 273 85 40 12 5 1 
44831|Child_LevyP1|9: 973 275 87 36 13 4 1 
44834|Child_CrossABC2|8: 1043 279 83 36 13 4 1 
44841|Child_CrossABC2|2: 1046 275 93 36 13 4 1 
44871|Child_Cross21|10: 1025 276 90 41 13 4 1 
44878|Child_Levy|16: 1054 296 95 40 12 5 1 
44879|Child_LevyABC1|5: 1130 319 105 40 14 5 1 
44880|Child_CrossABC1|1: 1071 282 123 40 13 5 1 
44881|Child_CrossABC2|8: 1129 283 105 40 12 5 1 
44882|Child_Cross21|42: 994 279 88 40 13 5 1 
44883|Child_Avg|19: 1118 287 102 40 12 5 1 
44889|Child_CrossABC2|2: 1064 285 93 40 12 5 1 
44894|Child_Avg|15: 1088 288 91 40 12 5 1 
44895|Child_CrossABC2|8: 1070 287 91 40 12 5 1 
44896|Child_Avg|43: 1065 276 93 40 12 5 1 
44901|Child_Cross21|58: 1066 285 89 41 13 4 1 
44907|Child_Cross12|41: 1073 269 84 40 13 5 1 
44908|Child_Levy|12: 950 269 85 40 11 5 1 
44910|Child_Avg|7: 960 267 81 40 12 5 1 
44911|Child_Avg|55: 977 274 86 36 13 4 1 
44912|Child_Cross21|2: 1073 296 86 40 13 5 1 
44915|Child_Avg|51: 1004 284 85 40 13 5 1 
44917|Child_Levy|4: 1020 284 86 35 12 5 1 
44922|Child_LevyP2|4: 1087 288 98 40 13 5 1 
44932|Child_Levy|32: 1043 277 90 40 12 5 1 
44949|Child_Cross21|10: 1122 284 83 40 12 5 1 
44950|Child_CrossABC1|1: 1055 281 89 40 12 5 1 
44959|Child_Levy|56|Mutated: 1197 323 87 39 11 4 1 
44960|Child_CrossABC1|7: 1072 297 85 40 12 5 1 
44970|Child_Avg|23: 1052 288 82 39 11 4 1 
44973|Child_Cross21|42: 1100 295 87 39 11 4 1 
44980|Child_LevyP2|4: 1126 335 97 40 12 5 1 
44984|Child_Levy|20: 1115 320 92 41 13 4 1 
44985|Child_Cross21|6: 1106 307 85 41 14 4 1 
44989|Child_Avg|19: 1104 294 99 40 13 5 1 
44992|Child_Cross12|13: 1105 277 103 41 14 4 1 
44993|Child_CrossABC1|1: 1093 293 97 40 13 5 1 
44996|Child_Levy|52: 1073 288 90 40 13 5 1 
45004|Child_LevyABC2|6: 1101 286 118 41 13 6 1 
45006|Child_CrossABC2|8: 1106 275 99 40 13 5 1 
45008|Child_Avg|43: 1118 266 101 40 13 5 1 
45011|Child_Cross12|49: 1087 298 85 40 12 5 1 
45012|Child_Cross21|34: 1073 285 84 40 13 5 1 
45019|Child_CrossABC2|8: 1091 285 84 40 13 5 1 
45020|Child_LevyP2|10|Mutated: 1065 283 98 35 12 5 1 
45022|Child_CrossABC2|2: 1074 295 84 40 13 5 1 
45025|Child_Cross12|57: 1094 291 85 40 14 5 1 
45027|Child_Avg|27: 1115 286 98 40 13 4 1 
45030|Child_Cross21|18: 1098 287 85 37 14 4 1 
45031|Child_Cross12|29: 1094 287 85 41 14 4 1 
45032|Child_Levy|24: 1148 281 85 40 12 5 1 
45033|Child_Cross12|49: 1094 287 85 40 12 5 1 
45035|Child_Avg|59: 1184 281 81 36 13 4 1 
45036|Child_CrossABC1|7: 1090 288 83 40 12 5 1 
45037|Child_Avg|7: 1118 257 82 40 12 5 1 
45038|Child_CrossABC2|2|Mutated: 1158 273 86 40 14 5 1 
45039|Child_LevyP1|9: 1317 303 89 41 13 4 1 
45040|Child_Cross12|33: 1128 276 77 41 13 4 1 
45041|Child_CrossABC2|8: 1134 270 79 40 12 5 1 
45042|Child_Avg|23: 1127 253 81 39 11 4 1 
45044|Child_CrossABC1|1: 1109 273 79 41 13 4 1 
45048|Child_Cross21|6|Mutated: 1133 265 77 41 13 4 1 
45050|Child_Cross21|46: 1144 271 77 41 13 4 1 
45055|Child_LevyP1|3: 1155 253 86 35 12 5 1 
45056|Child_CrossABC1|1: 1174 310 92 41 11 5 1 
45061|Child_Cross12|33: 1150 299 80 41 11 5 1 
45063|Child_Levy|60: 1143 285 86 42 12 5 1 
45064|Child_Cross21|2: 1115 285 79 41 13 4 1 
45068|Child_Levy|48: 1108 282 82 39 11 4 1 
45070|Child_CrossABC2|2: 1110 284 83 40 13 4 1 
45072|Child_CrossABC1|7: 1140 279 92 41 13 4 1 
45073|Child_Avg|47: 1114 273 77 41 13 4 1 
45086|Child_Levy|24: 1178 279 107 36 15 4 1 
45090|Child_Avg|7|Mutated: 950 238 77 40 13 4 1 
45091|Child_Levy|32|Mutated: 1105 317 85 48 13 5 1 
45096|Child_Avg|31: 1011 275 81 43 14 4 1 
45104|Child_Avg|55: 976 258 75 35 11 5 1 
45107|Child_Cross21|30: 954 241 75 41 13 4 1 
45108|Child_Cross21|6: 906 246 74 41 13 4 1 
45109|Child_Avg|11: 940 244 76 41 14 4 1 
45110|Child_Avg|59: 1056 249 76 36 13 4 1 
45112|Child_Avg|51: 1152 317 97 40 12 5 1 
45116|Child_Levy|8: 990 280 88 35 12 5 1 
45117|Child_Avg|27: 1001 281 88 37 13 4 1 
45118|Child_Levy|8: 925 248 91 32 11 4 1 
45119|Child_Cross12|9: 1175 283 85 36 11 5 1 
45120|Child_Cross12|9: 926 249 92 41 14 6 1 
45122|Child_Cross21|14: 971 261 86 41 14 6 1 
45129|Child_Levy|24: 956 262 87 39 14 4 1 
45131|Child_CrossABC1|1|Mutated: 956 248 85 37 14 4 1 
45133|Child_Levy|28: 893 259 85 41 13 4 1 
45135|Child_Cross21|6: 943 270 80 39 14 4 1 
45136|Child_Avg|23|Mutated: 918 252 77 40 13 4 1 
45137|Child_LevyABC1|11: 933 249 77 40 12 5 1 
45140|Child_Avg|11: 914 256 77 37 13 4 1 
45141|Child_CrossABC2|2: 931 263 77 40 14 5 1 
45142|Child_Cross21|58: 931 263 77 40 13 5 1 
45148|Child_Cross21|58: 931 263 77 41 13 4 1 
45160|Child_Cross21|10: 881 252 74 40 13 4 1 
45161|Child_Cross21|18: 925 254 75 41 13 4 1 
45162|Child_CrossABC2|2: 930 254 75 41 13 4 1 
45170|Child_Cross12|21: 942 255 77 41 13 4 1 
45171|Child_CrossABC2|2: 936 254 79 41 13 4 1 
45180|Child_Avg|3: 1051 253 75 40 13 5 1 
45181|Child_Avg|15: 997 274 87 36 13 4 1 
45190|Child_Avg|55: 1219 298 100 44 13 4 1 
45191|Child_CrossABC1|1: 868 263 119 37 13 4 1 
45196|Child_CrossABC1|7: 922 263 101 39 14 6 1 
45197|Child_CrossABC2|8: 859 262 108 37 13 4 1 
45201|Child_Avg|11: 901 257 97 36 13 4 1 
45202|Child_Avg|3: 920 255 94 36 13 4 1 
45207|Survivor|1|Mutated: 920 233 94 36 13 4 1 
45209|Child_Cross12|5: 890 249 86 36 13 4 1 
45224|Child_Avg|27: 952 273 87 36 13 4 1 
45226|Child_Levy|12: 927 262 85 35 12 5 1 
45227|Child_Cross21|2: 911 250 80 37 13 4 1 
45232|Child_CrossABC1|1: 910 251 81 36 13 4 1 
45235|Child_CrossABC2|8: 932 258 81 36 13 4 1 
45237|Child_CrossABC1|1: 889 249 81 36 13 4 1 
45241|Child_CrossABC2|2: 935 255 83 36 13 4 1 
45258|Child_Cross12|25: 889 243 76 31 11 4 1 
45259|Child_Cross12|9: 890 242 75 35 11 5 1 
45270|Child_Levy|40: 977 269 80 35 13 5 1 
45271|Child_Avg|35: 1057 301 81 36 13 4 1 
45274|Child_Avg|59: 989 276 78 35 11 4 1 
45275|Child_Levy|20: 1248 329 88 40 13 5 1 
45278|Child_Cross12|1: 891 234 70 40 13 5 1 
45282|Child_Levy|44: 1073 291 87 32 12 5 1 
45284|Child_Avg|47: 955 254 78 35 11 5 1 
45286|Child_Avg|11|Mutated: 903 330 104 40 15 4 1 
45288|Child_CrossABC1|7: 978 239 79 30 13 5 1 
45289|Child_LevyP1|3: 1093 286 79 38 13 4 1 
45290|Child_CrossABC1|7: 922 248 79 28 13 4 1 
45304|Survivor|1|Mutated: 922 248 63 28 13 4 1 
45305|Child_Levy|24: 3254 1130 389 114 41 11 4 1 
45306|Child_Levy|20: 1253 378 107 40 11 3 1 
45307|Child_Levy|60: 1486 372 120 41 13 4 1 
45310|Child_Cross21|22: 1304 352 111 41 13 4 1 
45312|Child_CrossABC1|7: 1337 360 115 41 13 4 1 
45313|Child_CrossABC2|8: 1370 355 115 41 13 4 1 
45314|Child_Levy|4: 1346 357 113 40 12 5 1 
45316|Child_Avg|15: 1163 321 103 41 13 4 1 
45318|Child_LevyABC2|6: 1426 318 115 40 14 5 1 
45324|Child_Levy|8: 1281 316 102 40 13 5 1 
45325|Child_CrossABC1|1: 1412 318 101 40 14 5 1 
45327|Child_Cross21|46: 1209 301 98 40 13 5 1 
45328|Child_CrossABC1|7: 1142 308 102 39 14 6 1 
45329|Child_Avg|11: 1381 319 90 40 13 5 1 
45331|Child_Cross21|10: 1299 314 89 40 13 5 1 
45332|Child_Avg|11: 1279 331 89 40 13 5 1 
45333|Child_Cross12|21: 1408 330 89 39 16 5 1 
45334|Child_Cross21|26: 1221 298 85 40 13 5 1 
45337|Child_Cross12|17: 1267 341 90 40 13 5 1 
45343|Child_Avg|35: 1229 317 84 40 13 5 1 
45347|Child_Cross21|42: 1196 311 83 40 13 5 1 
45348|Child_Avg|31: 1258 303 84 40 13 5 1 
45350|Child_Avg|27: 1190 311 83 40 13 5 1 
45352|Child_Cross21|54: 1209 308 83 40 13 5 1 
45354|Child_Cross12|33: 1145 308 83 40 13 5 1 
45356|Child_Avg|23: 1208 307 83 40 13 5 1 
45357|Child_Cross12|1: 1067 308 83 40 13 4 1 
45358|Child_Cross21|58|Mutated: 1196 311 99 35 13 5 1 
45359|Child_Cross12|13: 1196 308 83 40 13 5 1 
45363|Child_Cross21|14: 1159 308 83 40 13 5 1 
45364|Child_Cross21|10|Mutated: 1333 308 90 40 13 5 1 
45366|Child_Avg|51: 1097 308 83 40 13 5 1 
45367|Child_CrossABC1|7: 1070 308 95 40 12 5 1 
45368|Child_LevyP2|10: 1095 268 108 37 14 6 1 
45375|Child_Levy|48: 1080 287 96 37 14 6 1 
45376|Child_Levy|16: 1093 289 94 37 14 6 1 
45388|Child_Cross21|46: 1110 308 83 40 13 5 1 
45389|Child_Cross21|14|Mutated: 1318 303 97 40 13 5 1 
45400|Child_Avg|47|Mutated: 1110 308 99 40 12 5 1 
45402|Child_Avg|23: 1110 308 91 40 12 5 1 
45406|Child_CrossABC2|2: 1111 308 90 40 13 5 1 
45412|Child_Cross21|14: 1083 308 83 40 13 5 1 
45413|Child_Cross12|13: 1073 308 83 40 13 5 1 
45414|Child_Cross12|5: 1107 308 83 40 13 5 1 
45415|Child_Cross21|6|Mutated: 1129 308 83 40 13 5 1 
45420|Child_Cross21|18: 1113 308 83 40 13 5 1 
45422|Child_Cross12|41: 1156 308 83 40 13 5 1 
45430|Child_LevyP1|9|Mutated: 1056 323 95 37 14 4 1 
45442|Child_LevyABC2|12: 1143 301 101 41 14 6 1 
45445|Child_Levy|56: 1114 309 88 39 14 6 1 
45451|Child_Cross12|1: 1137 308 83 40 13 5 1 
45458|Child_Cross12|57: 1088 307 83 40 13 5 1 
45461|Child_CrossABC2|8: 1097 306 90 40 13 5 1 
45466|Child_Avg|35: 1091 307 84 40 13 5 1 
45467|Child_Cross12|21: 1089 307 83 40 13 5 1 
45468|Child_Avg|47: 1088 307 84 40 13 5 1 
45475|Child_CrossABC1|7: 1164 309 93 40 11 5 1 
45477|Child_Avg|7: 1133 311 92 39 11 4 1 
45478|Child_Cross21|18: 1212 319 99 40 14 5 1 
45479|Child_Cross21|14: 944 271 89 40 13 5 1 
45480|Child_CrossABC2|8: 959 277 90 40 13 5 1 
45481|Child_Cross12|5: 1062 295 88 41 13 4 1 
45483|Child_Levy|48: 1077 307 103 41 13 6 1 
45484|Child_Cross12|9: 1105 336 90 40 13 5 1 
45485|Child_Avg|47: 955 275 83 40 12 5 1 
45486|Child_Avg|55: 1072 314 89 40 13 4 1 
45489|Child_Levy|28: 995 287 86 37 14 4 1 
45492|Child_Avg|35: 999 289 85 40 12 5 1 
45493|Child_Levy|44: 1058 309 86 36 13 4 1 
45496|Child_Levy|20: 929 269 89 32 11 4 1 
45501|Child_Cross12|1|Mutated: 1070 277 79 34 16 5 1 
45504|Child_Cross12|41: 1076 285 84 36 13 4 1 
45505|Child_LevyABC1|5: 946 272 84 35 12 5 1 
45507|Child_Levy|24: 987 285 79 39 14 4 1 
45508|Child_LevyP2|10: 942 274 92 37 13 4 1 
45519|Child_Cross21|26: 974 279 88 35 12 5 1 
45522|Child_CrossABC2|8: 952 262 86 35 12 5 1 
45523|Child_CrossABC2|8: 1104 258 91 35 12 5 1 
45524|Child_Avg|7: 944 256 78 35 12 5 1 
45526|Child_Cross12|45|Mutated: 925 247 78 35 12 5 1 
45527|Survivor|1|Mutated: 925 247 78 35 11 5 1 
45528|Child_Levy|24: 973 239 90 35 12 5 1 
45530|Child_Cross12|33|Mutated: 931 249 77 35 13 5 1 
45533|Child_CrossABC2|8: 939 249 86 35 13 5 1 
45534|Child_Avg|51: 886 231 81 32 13 5 1 
45535|Child_Cross12|29: 931 256 76 35 13 5 1 
45536|Child_Avg|3: 918 248 76 35 11 5 1 
45537|Child_Cross21|42: 918 248 76 35 12 5 1 
45540|Child_Avg|59: 930 258 75 35 11 5 1 
45541|Child_Cross21|22: 926 253 75 35 11 5 1 
45544|Child_Avg|43: 929 252 75 35 11 5 1 
45546|Child_CrossABC2|2: 931 253 75 35 11 5 1 
45547|Child_Cross21|10: 935 251 75 35 11 5 1 
45549|Child_Cross21|10: 938 248 75 35 11 5 1 
45550|Child_Avg|43|Mutated: 930 256 75 35 11 5 1 
45551|Child_Cross21|26: 932 248 75 35 11 5 1 
45558|Child_Cross21|30: 929 266 75 35 11 5 1 
45560|Child_Cross12|53: 930 263 75 35 11 5 1 
45586|Child_Avg|23: 1268 347 102 39 14 4 1 
45595|Child_Cross21|54: 1154 325 96 39 14 4 1 
45597|Child_Avg|31: 1155 325 113 41 13 4 1 
45600|Child_LevyABC2|12: 1105 323 97 40 14 5 1 
45603|Child_Cross12|45: 1064 283 89 40 13 5 1 
45608|Child_Cross12|17: 1075 300 89 40 13 5 1 
45613|Child_Levy|36: 1069 296 87 39 14 4 1 
45614|Child_Avg|35: 1089 301 89 40 13 5 1 
45615|Child_Cross12|37: 1101 273 84 40 13 5 1 
45616|Child_Cross21|18: 1115 288 85 40 13 5 1 
45617|Child_Cross21|58: 1082 299 84 40 13 5 1 
45619|Child_Avg|51: 1077 297 85 40 13 5 1 
45621|Child_Avg|11: 1073 302 84 40 13 5 1 
45659|Child_Cross12|9: 1034 244 79 40 12 5 1 
45660|Child_Cross12|9: 1101 285 92 45 14 4 1 
45661|Child_Avg|55: 1490 390 123 46 13 4 1 
45664|Child_Levy|28: 1221 311 100 43 13 5 1 
45676|Child_Avg|55: 1095 285 88 41 13 4 1 
45680|Child_Avg|3: 1056 277 86 40 12 5 1 
45681|Child_Avg|55: 1114 301 81 40 12 5 1 
45682|Child_Avg|47: 1120 285 87 41 13 4 1 
45683|Child_CrossABC1|1: 1113 286 79 41 13 4 1 
45684|Child_Cross12|9: 955 283 83 41 13 4 1 
45685|Child_Cross21|10: 1102 318 86 41 14 6 1 
45686|Child_CrossABC1|7: 1376 314 103 41 13 4 1 
45691|Child_Avg|7: 1202 291 88 41 13 4 1 
45703|Child_Avg|7: 1064 282 85 41 13 4 1 
45704|Child_Cross12|5: 1060 253 85 32 13 4 1 
45705|Child_Cross21|2: 1059 272 85 32 13 4 1 
45707|Child_Cross21|42: 1078 238 85 32 13 4 1 
45708|Child_Avg|51: 1059 259 85 32 13 4 1 
45710|Child_CrossABC2|2: 1068 258 85 32 13 4 1 
45711|Child_CrossABC1|1: 1045 252 85 32 13 4 1 
45714|Child_Cross21|46: 1055 301 81 32 13 4 1 
45715|Child_Cross21|10: 1067 252 81 32 13 4 1 
45716|Child_Avg|23: 1057 280 81 32 13 4 1 
45717|Child_Avg|55: 1122 304 106 37 13 4 1 
45721|Child_Levy|4: 1056 252 82 33 14 4 1 
45722|Child_Cross21|46|Mutated: 1103 251 86 32 13 4 1 
45723|Child_CrossABC2|2: 1069 259 79 32 13 4 1 
45726|Child_Cross12|13: 1043 272 79 32 13 4 1 
45728|Child_CrossABC1|7: 1095 266 79 32 13 4 1 
45730|Child_Levy|60: 1023 268 83 36 13 4 1 
45733|Child_CrossABC1|7: 1084 262 79 32 13 4 1 
45735|Child_LevyABC2|12: 1138 269 83 37 12 5 1 
45736|Child_Cross21|38: 1088 261 79 32 13 4 1 
45740|Child_Avg|47: 1114 268 79 32 13 4 1 
45742|Child_Levy|12: 1115 286 91 33 14 4 1 
45743|Child_Levy|20: 1098 279 79 32 13 4 1 
45746|Child_LevyABC1|5|Mutated: 1104 266 85 36 14 5 1 
45751|Child_Avg|19: 1071 265 81 36 13 4 1 
45752|Child_CrossABC2|2: 968 265 87 36 13 4 1 
45763|Child_CrossABC1|1: 1028 270 87 41 13 4 1 
45765|Child_Cross21|6|Mutated: 1077 256 90 35 12 5 1 
45774|Child_CrossABC2|2: 1459 396 109 35 12 5 1 
45775|Child_Avg|3: 1206 285 98 35 12 5 1 
45778|Child_CrossABC1|7: 1365 291 98 35 12 5 1 
45783|Child_Cross12|17: 1359 290 97 35 12 5 1 
45784|Child_Avg|59: 1372 297 98 35 12 5 1 
45785|Child_Levy|28: 1131 316 97 40 13 5 1 
45791|Child_Avg|51: 1131 296 102 40 13 5 1 
45794|Child_Cross12|21: 1184 321 102 40 13 5 1 
45801|Child_LevyP1|3: 1132 329 100 41 14 6 1 
45818|Survivor|1|Mutated: 1323 385 100 41 14 6 1 
45821|Survivor|1|Mutated: 1323 402 100 41 14 6 1 
45822|Child_LevyABC1|11: 1166 349 101 44 16 5 1 
45827|Child_Cross12|13: 1169 279 85 41 13 4 1 
45832|Child_Cross21|18: 1159 303 84 40 13 5 1 
45841|Child_CrossABC2|8: 1150 297 83 41 13 4 1 
45842|Child_CrossABC2|2: 1171 298 90 40 13 5 1 
45843|Child_Avg|23: 1165 307 83 40 13 5 1 
45854|Child_Cross12|57: 1153 297 80 39 14 4 1 
45855|Child_LevyABC1|11: 1185 291 85 40 13 5 1 
45856|Child_CrossABC2|8: 1146 297 80 39 14 4 1 
45857|Child_Avg|7: 1149 306 80 37 13 4 1 
45858|Child_Cross21|26: 1127 299 79 39 14 4 1 
45859|Child_Cross21|30: 1139 306 78 35 12 5 1 
45861|Child_Cross21|2: 1149 302 79 35 12 5 1 
45867|Child_CrossABC2|8: 1146 303 78 35 12 5 1 
45868|Child_Avg|59: 1080 299 77 35 12 5 1 
45870|Child_Avg|23|Mutated: 1063 298 89 35 11 5 1 
45884|Child_Levy|8: 1028 294 86 35 11 5 1 
45890|Child_Levy|60|Mutated: 1228 332 125 47 14 6 1 
45906|Child_Avg|43: 1067 315 111 42 13 6 1 
45926|Child_CrossABC2|8: 1096 303 126 40 13 5 1 
45928|Child_Cross12|21: 1051 306 99 40 13 5 1 
45937|Child_CrossABC2|2: 1117 313 99 40 13 5 1 
45944|Child_CrossABC2|8: 1084 307 97 40 13 5 1 
45945|Child_CrossABC2|8: 1089 299 101 40 13 5 1 
45947|Child_Cross21|22: 1072 287 85 40 14 5 1 
45948|Child_Cross21|50: 1033 306 90 40 13 5 1 
45955|Child_Avg|47: 1051 275 88 40 13 5 1 
45973|Child_Avg|27|Mutated: 1200 327 111 40 12 5 1 
45974|Child_Levy|28: 957 265 91 32 13 4 1 
45975|Child_Cross12|49: 1105 237 88 32 13 4 1 
45976|Child_Cross21|42: 874 240 81 32 13 4 1 
45977|Child_Avg|39: 905 254 85 35 12 5 1 
45979|Child_Avg|35: 968 272 90 35 12 5 1 
45981|Child_CrossABC1|7: 798 251 86 35 12 5 1 
45982|Child_Avg|43: 838 260 86 35 12 5 1 
45983|Child_CrossABC1|7: 929 252 86 35 12 5 1 
45986|Child_LevyP1|3: 942 251 85 41 13 4 1 
45996|Child_LevyP2|4: 917 252 89 40 12 5 1 
45998|Child_Cross21|54: 911 243 79 40 12 5 1 
45999|Child_LevyP2|10: 877 244 82 37 12 5 1 
46000|Child_LevyABC1|11: 921 252 91 40 12 5 1 
46006|Survivor|1|Mutated: 911 252 87 40 12 5 1 
46012|Child_Cross12|29: 882 245 83 40 13 5 1 
46015|Child_LevyP2|4: 925 265 139 40 14 5 1 
46016|Child_Cross12|25: 857 266 77 40 13 5 1 
46017|Child_Cross21|2: 932 237 85 40 14 5 1 
46020|Child_Cross12|33: 919 254 85 40 14 5 1 
46021|Child_CrossABC1|7: 921 242 85 40 14 5 1 
46033|Child_Levy|4: 928 244 82 37 14 4 1 
46034|Child_Cross12|37: 866 249 77 40 13 5 1 
46038|Child_Avg|3: 858 249 76 40 13 5 1 
46039|Child_Cross21|18: 853 256 77 40 13 5 1 
46040|Child_CrossABC1|1: 856 249 77 40 13 5 1 
46041|Child_CrossABC2|8: 853 253 77 40 13 5 1 
46042|Child_Cross21|14: 867 248 72 35 13 5 1 
46043|Child_Cross21|30: 874 249 73 36 13 4 1 
46048|Child_CrossABC2|8: 873 248 73 36 13 4 1 
46050|Child_Cross12|53: 878 262 73 36 13 4 1 
46051|Child_CrossABC1|1: 874 250 73 36 13 4 1 
46057|Child_LevyP2|10: 886 247 74 35 12 5 1 
46069|Child_CrossABC2|2: 919 247 74 35 12 5 1 
46070|Child_CrossABC1|1: 925 247 74 35 12 5 1 
46074|Child_Cross21|30: 884 244 72 35 12 5 1 
46075|Child_CrossABC2|2: 896 244 72 35 12 5 1 
46076|Child_Cross21|54: 892 245 71 36 11 5 1 
46077|Child_Avg|19|Mutated: 926 220 73 35 11 5 1 
46078|Child_Cross21|42: 928 242 71 33 10 4 1 
46079|Child_Cross12|5: 894 244 71 35 13 5 1 
46080|Child_Cross21|2: 904 241 71 35 13 5 1 
46082|Child_Cross21|2: 892 243 71 36 11 5 1 
46087|Child_Avg|19: 1385 313 91 44 15 4 1 
46089|Child_Avg|23: 1238 366 108 45 14 5 1 
46090|Child_Avg|31: 958 277 98 40 13 4 1 
46091|Child_Cross12|41: 1158 277 89 45 14 5 1 
46094|Child_Avg|23|Mutated: 1186 326 105 37 13 4 1 
46095|Child_Cross12|29: 1186 326 105 40 12 5 1 
46098|Child_Cross21|22: 1095 282 88 42 13 4 1 
46099|Child_Avg|43: 1105 307 89 35 11 5 1 
46100|Child_LevyABC2|12: 1140 303 86 40 14 5 1 
46102|Child_Cross12|37: 1119 300 89 35 11 4 1 
46108|Child_Cross21|42: 1099 300 86 35 11 4 1 
46109|Child_Avg|35: 1066 294 86 35 11 4 1 
46110|Child_Cross21|42: 1030 269 89 35 13 6 1 
46111|Child_Avg|11: 1086 291 86 35 13 6 1 
46114|Child_Levy|20: 1379 352 95 37 13 4 1 
46117|Child_Avg|59: 1081 299 82 35 13 5 1 
46118|Child_Avg|3: 1135 307 84 35 13 5 1 
46122|Child_Avg|11: 1039 274 82 35 13 5 1 
46123|Child_Avg|7: 1128 292 85 35 12 5 1 
46130|Child_CrossABC1|7: 1164 294 97 35 12 5 1 
46131|Child_Avg|47|Mutated: 982 288 89 35 12 5 1 
46135|Child_Avg|51: 930 287 86 35 12 5 1 
46137|Child_Avg|11: 991 279 79 35 12 5 1 
46138|Child_Cross12|29: 1095 289 74 35 12 5 1 
46139|Child_LevyP1|3: 950 295 80 36 13 4 1 
46140|Child_Avg|19: 1105 283 75 35 11 5 1 
46142|Child_CrossABC1|7: 1096 283 75 35 11 5 1 
46143|Child_Avg|27: 1127 277 73 35 11 4 1 
46144|Child_Avg|3: 1127 274 73 35 11 4 1 
46145|Child_Levy|44: 1117 287 93 37 13 5 1 
46148|Child_Levy|8: 1110 262 84 35 13 5 1 
46149|Child_CrossABC2|2: 1120 284 97 38 13 5 1 
46151|Child_CrossABC1|1: 1124 282 117 36 14 5 1 
46155|Child_Avg|3: 1100 281 86 35 13 5 1 
46157|Child_CrossABC1|1: 1091 284 89 35 12 5 1 
46161|Child_LevyABC2|6: 1115 300 109 36 13 4 1 
46164|Child_Avg|3: 1080 283 86 35 12 5 1 
46176|Child_Avg|59: 1082 283 78 35 12 5 1 
46179|Child_CrossABC1|1|Mutated: 1096 319 85 35 13 5 1 
46184|Child_Cross12|17: 1112 289 82 35 13 5 1 
46185|Child_CrossABC2|2: 1136 306 80 35 13 5 1 
46189|Child_CrossABC1|7: 1022 322 86 35 12 5 1 
46193|Child_Avg|43: 1106 307 84 35 11 5 1 
46199|Child_Cross21|50: 1204 307 77 35 11 5 1 
46200|Child_CrossABC2|8: 1281 279 78 35 12 5 1 
46203|Child_CrossABC1|7: 1088 302 78 35 12 5 1 
46205|Child_LevyP2|10: 1096 300 81 36 13 4 1 
46209|Child_CrossABC1|1: 1137 299 86 35 11 5 1 
46236|Survivor|1|Mutated: 1137 299 86 35 11 4 1 
46259|Child_Cross21|38|Mutated: 1187 307 86 35 11 4 1 
46271|Child_Cross12|57: 1064 287 78 35 12 5 1 
46273|Child_Levy|20: 997 286 95 40 12 5 1 
46275|Child_Levy|12: 1018 297 82 35 13 5 1 
46289|Child_CrossABC1|1: 1047 303 86 35 11 5 1 
46297|Survivor|1|Mutated: 1047 313 86 35 11 4 1 
46305|Child_Avg|19: 1061 315 86 35 11 5 1 
46314|Child_CrossABC2|8: 1146 297 86 35 11 5 1 
46316|Child_Avg|59: 1123 316 86 35 11 5 1 
46317|Child_Avg|7: 1091 316 84 35 11 5 1 
46318|Child_CrossABC2|8: 1090 308 86 35 11 5 1 
46319|Child_CrossABC2|2: 1093 314 91 35 11 5 1 
46341|Child_Avg|27: 1037 311 98 40 13 5 1 
46347|Child_Levy|52: 1056 300 89 40 12 5 1 
46348|Child_Cross21|18: 1055 299 90 41 13 4 1 
46353|Child_CrossABC2|8: 1091 293 87 39 14 4 1 
46354|Child_Levy|28: 1061 288 88 42 13 6 1 
46358|Child_Avg|7: 1076 291 87 41 13 4 1 
46360|Child_Levy|56: 1069 291 87 41 14 4 1 
46383|Child_Levy|32: 1061 286 85 41 13 4 1 
46384|Child_Avg|39: 1044 287 83 40 13 4 1 
46386|Child_CrossABC2|8: 1050 281 85 40 12 5 1 
46406|Child_LevyABC1|5: 1054 285 87 41 13 4 1 
46422|Child_Avg|3: 1017 277 89 41 14 5 1 
46423|Child_Cross21|54: 981 278 81 41 13 4 1 
46425|Child_LevyP1|3: 1024 321 99 42 13 6 1 
46439|Child_Avg|19: 1005 305 76 36 13 4 1 
46440|Child_Levy|16: 1002 301 77 37 14 6 1 
46441|Child_Cross12|13: 1046 291 80 43 13 5 1 
46445|Child_Avg|27: 1024 284 77 41 13 4 1 
46449|Child_CrossABC2|2: 1013 279 76 41 13 4 1 
46451|Child_Avg|31: 1053 289 76 36 13 4 1 
46452|Child_Avg|27: 1173 332 85 40 13 4 1 
46459|Child_Avg|7: 1019 283 73 36 13 4 1 
46462|Child_LevyP1|9: 1139 257 75 35 12 5 1 
46464|Child_Cross21|2: 1074 290 73 35 12 5 1 
46469|Child_CrossABC2|8: 1015 278 74 35 12 5 1 
46473|Child_Avg|27: 1036 278 74 35 12 5 1 
46474|Child_Avg|15: 1043 269 77 35 12 5 1 
46480|Child_CrossABC1|1: 1000 287 79 35 12 5 1 
46488|Child_Cross12|33: 1048 281 74 35 12 5 1 
46490|Child_Avg|43: 1042 279 75 35 11 5 1 
46491|Child_Cross12|5: 1016 287 74 35 12 5 1 
46498|Child_Cross12|1: 1046 286 74 35 12 5 1 
46500|Child_Levy|60: 1021 285 73 36 13 4 1 
46501|Child_CrossABC2|2: 1034 286 74 35 12 5 1 
46505|Child_LevyP2|10: 1126 267 80 36 13 4 1 
46507|Child_Avg|27: 1038 271 78 35 12 5 1 
46517|Child_CrossABC1|1: 1201 312 124 35 12 5 1 
46519|Child_CrossABC1|7|Mutated: 1012 292 102 35 13 5 1 
46521|Child_Levy|8: 1149 301 102 35 13 5 1 
46524|Child_CrossABC1|7: 1131 298 112 35 13 5 1 
46526|Child_Cross12|29: 890 289 85 35 13 5 1 
46527|Child_Levy|28: 1052 293 106 31 14 4 1 
46530|Child_Avg|59: 954 288 85 32 13 4 1 
46531|Child_Cross12|41: 1192 297 94 37 14 6 1 
46533|Child_Cross12|29: 987 276 84 35 13 5 1 
46536|Child_CrossABC2|8: 899 277 89 35 13 5 1 
46549|Child_CrossABC1|1|Mutated: 882 276 98 35 13 5 1 
46550|Child_Avg|39: 903 263 90 35 12 5 1 
46551|Child_Avg|7: 904 259 86 35 12 5 1 
46552|Child_CrossABC1|1: 928 252 88 33 14 4 1 
46553|Child_Levy|44: 931 282 84 35 12 5 1 
46558|Child_CrossABC2|2: 901 284 80 35 13 5 1 
46560|Child_Avg|55: 908 275 78 35 12 5 1 
46563|Child_Avg|19: 892 271 78 35 12 5 1 
46565|Child_Cross21|46: 896 269 77 35 12 5 1 
46573|Child_CrossABC2|2: 914 270 79 35 12 5 1 
46574|Child_CrossABC2|2: 919 268 85 35 12 5 1 
46575|Child_CrossABC2|2: 960 269 91 35 12 5 1 
46576|Child_CrossABC1|7: 865 269 90 35 12 5 1 
46580|Child_CrossABC1|1: 904 275 86 35 12 5 1 
46584|Child_CrossABC2|8: 897 272 85 35 12 5 1 
46586|Child_CrossABC1|1: 914 272 85 35 12 5 1 
46587|Child_CrossABC2|2: 906 272 85 35 12 5 1 
46591|Child_CrossABC2|8: 905 273 97 35 12 5 1 
46593|Child_CrossABC2|8: 904 275 121 35 12 5 1 
46594|Child_Avg|51: 903 273 97 35 12 5 1 
46595|Child_Avg|27: 904 273 97 35 12 5 1 
46601|Child_Cross21|10: 902 271 73 35 12 5 1 
46605|Child_Cross21|34|Mutated: 905 272 85 35 12 5 1 
46616|Child_CrossABC1|1: 907 272 85 35 12 5 1 
46617|Child_CrossABC2|2: 908 272 85 35 12 5 1 
46628|Child_Avg|23: 911 269 73 35 12 5 1 
46653|Child_Avg|39|Mutated: 890 271 78 35 12 5 1 
46656|Child_Cross12|9|Mutated: 919 271 84 35 12 5 1 
46657|Child_Avg|43: 913 271 78 35 12 5 1 
46670|Child_Cross12|9: 902 269 73 35 12 5 1 
46708|Child_Avg|51|Mutated: 904 253 87 35 12 5 1 
46709|Child_CrossABC1|7: 904 258 91 35 12 5 1 
46713|Child_CrossABC1|7: 915 258 97 35 12 5 1 
46753|Child_Avg|43: 967 272 98 35 12 5 1 
46755|Child_Avg|59: 938 274 98 35 12 5 1 
46758|Child_Avg|15: 927 255 97 35 12 5 1 
46761|Child_CrossABC1|1: 943 261 97 35 12 5 1 
46776|Child_CrossABC2|8: 953 261 89 35 12 5 1 
46777|Child_Avg|27: 925 258 85 35 12 5 1 
46778|Child_Cross12|5: 955 257 85 35 12 5 1 
46780|Child_CrossABC1|7: 938 259 86 35 12 5 1 
46781|Child_Avg|15: 973 256 84 35 11 5 1 
46784|Child_Avg|47: 926 259 86 35 12 5 1 
46785|Child_Avg|51: 925 259 85 35 12 5 1 
46788|Child_Levy|24: 937 261 85 35 12 5 1 
46789|Child_CrossABC2|8: 950 256 85 35 12 5 1 
46794|Child_Cross12|57: 932 258 84 35 12 5 1 
46795|Child_LevyABC1|11: 1117 264 86 36 13 4 1 
46796|Child_CrossABC1|7: 962 257 90 35 12 5 1 
46805|Child_CrossABC2|2: 936 261 84 35 11 5 1 
46809|Child_Cross21|34: 936 261 84 47 15 4 1 
46815|Child_Levy|8: 1091 273 89 35 11 4 1 
46819|Child_Avg|43: 938 259 86 35 11 5 1 
46832|Child_CrossABC1|1: 944 258 91 35 11 5 1 
46840|Child_Avg|35: 920 277 75 35 11 4 1 
46841|Child_CrossABC2|8: 890 260 86 35 11 4 1 
46842|Child_Cross21|38: 920 277 75 35 11 5 1 
46871|Child_Cross12|53: 909 274 73 35 11 5 1 
46872|Child_Cross21|26: 888 267 73 35 11 4 1 
46874|Child_Cross21|10: 890 264 71 35 11 5 1 
46875|Child_Cross21|54: 888 267 73 35 11 5 1 
46880|Child_Cross12|5: 888 269 73 35 11 5 1 
46883|Child_CrossABC2|8: 894 265 73 35 13 5 1 
46885|Child_Cross21|50: 889 255 71 35 11 5 1 
46886|Child_Cross12|41: 890 254 71 35 11 5 1 
46887|Child_Cross21|50: 787 242 71 35 11 5 1 
46891|Child_CrossABC2|2: 889 253 71 35 11 5 1 
46894|Child_Cross21|14: 882 254 71 35 11 5 1 
46896|Child_Cross21|34: 883 255 71 35 11 5 1 
46898|Child_CrossABC1|7: 888 254 71 35 11 5 1 
46900|Child_Cross12|53: 891 254 71 35 11 5 1 
46901|Child_Cross12|41: 887 255 71 35 11 5 1 
46904|Child_Avg|7: 924 254 77 35 11 5 1 
46908|Child_CrossABC2|8: 891 256 73 35 11 5 1 
46913|Child_CrossABC1|1: 888 255 71 35 11 5 1 
46914|Child_Cross21|50: 888 254 71 36 11 5 1 
46916|Child_Cross12|17: 888 254 71 35 13 5 1 
46918|Child_Cross21|2: 890 254 71 35 13 5 1 
46924|Child_Cross21|30: 889 255 71 35 13 5 1 
46925|Child_Cross21|46|Mutated: 900 291 80 35 13 5 1 
46932|Child_Avg|39: 893 262 73 35 13 5 1 
46933|Child_Avg|31: 884 254 71 35 13 5 1 
46935|Child_Avg|51: 886 253 71 35 13 5 1 
46938|Child_CrossABC1|1: 888 254 85 35 13 5 1 
46940|Child_CrossABC2|8: 890 254 85 35 13 5 1 
46942|Child_Avg|15: 886 254 71 35 13 5 1 
46946|Child_Cross12|9: 891 254 71 35 13 5 1 
46947|Child_Cross21|50|Mutated: 889 237 85 35 13 5 1 
46953|Child_CrossABC2|8: 887 253 76 35 13 5 1 
46960|Child_Cross21|10: 887 254 71 35 13 5 1 
46975|Child_Levy|20: 919 250 74 32 13 4 1 
46976|Child_Avg|27: 923 268 73 32 13 4 1 
46980|Child_Cross21|2: 913 256 71 36 13 4 1 
46982|Child_Levy|60|Mutated: 1144 291 98 40 13 5 1 
47003|Child_Levy|4: 1358 332 121 44 13 4 1 
47004|Child_CrossABC1|7|Mutated: 1356 334 121 44 13 4 1 
47005|Child_LevyABC2|6: 1321 342 116 46 13 4 1 
47006|Child_Levy|40: 1338 336 119 44 14 5 1 
47009|Child_Levy|56: 1123 287 125 42 13 6 1 
47010|Child_CrossABC1|1: 1356 329 118 41 14 6 1 
47011|Child_Cross21|2: 1036 265 103 41 14 6 1 
47012|Child_Cross21|34: 1268 322 113 45 12 5 1 
47013|Child_Levy|40: 1109 289 98 40 12 5 1 
47016|Child_Avg|43: 1118 288 99 40 13 4 1 
47020|Child_Avg|31: 1091 287 98 40 13 5 1 
47026|Child_Cross21|6: 1121 306 88 32 13 5 1 
47027|Child_CrossABC1|1: 1081 277 98 40 13 5 1 
47028|Child_Cross12|37: 1122 306 91 37 14 6 1 
47030|Child_Cross21|2: 1137 297 91 41 14 6 1 
47031|Child_Cross21|46: 1113 308 91 37 14 6 1 
47034|Child_Avg|43: 1139 305 90 41 13 4 1 
47039|Child_Avg|11: 1103 297 95 37 13 4 1 
47041|Child_Cross12|17: 1147 293 93 37 13 4 1 
47046|Child_CrossABC1|7: 1132 291 96 37 14 4 1 
47050|Child_Cross21|30: 1118 292 82 37 13 4 1 
47051|Child_CrossABC1|7: 1093 311 85 37 14 4 1 
47053|Child_Levy|52: 1092 270 84 35 11 5 1 
47067|Child_Avg|15: 1215 274 97 35 12 5 1 
47078|Child_Levy|60: 1130 262 83 40 12 5 1 
47079|Child_Avg|35: 1194 270 91 35 11 4 1 
47082|Child_Avg|35: 1130 256 85 35 13 5 1 
47083|Child_LevyABC2|12|Mutated: 1218 272 97 36 13 4 1 
47089|Child_Cross21|2: 1110 242 83 37 12 5 1 
47090|Child_Avg|3: 1141 261 77 35 13 5 1 
47091|Child_Avg|15: 1125 251 80 35 13 5 1 
47107|Child_Levy|16: 1128 253 82 35 13 5 1 
47108|Child_Avg|35: 1142 283 112 45 13 5 1 
47114|Child_Cross12|57: 1142 283 112 42 13 6 1 
47138|Child_LevyABC2|6: 1093 300 111 43 14 6 1 
47153|Child_LevyABC1|11: 1016 291 102 40 13 5 1 
47155|Child_Avg|31: 1013 291 102 40 13 5 1 
47166|Child_CrossABC2|2: 964 290 103 40 13 5 1 
47172|Child_CrossABC1|7: 1081 282 102 40 13 5 1 
47173|Child_Avg|31: 1122 271 85 40 13 5 1 
47174|Child_CrossABC1|1|Mutated: 1162 274 113 41 14 6 1 
47186|Child_Avg|31: 1112 271 101 40 13 5 1 
47189|Child_CrossABC1|1: 1103 270 98 40 13 5 1 
47209|Child_Levy|8: 1126 279 99 41 11 5 1 
47210|Child_Avg|39: 1095 262 90 40 13 5 1 
47221|Child_Cross21|10: 1116 270 83 40 13 5 1 
47222|Child_Cross12|57: 1131 267 83 40 13 5 1 
47224|Child_Levy|44: 1111 259 84 40 13 4 1 
47225|Child_Avg|39: 1128 264 83 40 13 5 1 
47228|Child_Cross12|9: 1120 265 83 40 13 5 1 
47236|Child_Cross12|41: 1115 265 83 40 13 5 1 
47237|Child_Cross12|17: 1128 267 83 40 13 5 1 
47238|Child_Cross21|34: 1116 267 83 40 13 5 1 
47239|Child_CrossABC1|7: 1119 268 83 40 13 5 1 
47240|Child_Avg|51: 1122 264 83 40 13 5 1 
47242|Child_Cross21|34: 1123 265 83 40 13 5 1 
47247|Child_Avg|47: 1122 268 83 40 13 5 1 
47250|Child_CrossABC2|2|Mutated: 1125 267 88 40 13 5 1 
47253|Child_Cross21|54: 1128 265 83 40 13 5 1 
47258|Child_Cross21|42: 1073 264 83 40 13 5 1 
47260|Child_Cross12|25: 1122 268 83 40 14 5 1 
47271|Child_Cross21|6: 1125 267 83 40 13 5 1 
47275|Child_Cross12|17|Mutated: 1125 267 99 40 13 5 1 
47279|Child_Cross21|30: 1102 265 83 40 13 5 1 
47282|Child_Cross12|9: 1126 265 83 40 13 5 1 
47294|Child_CrossABC1|1: 1125 267 83 40 14 5 1 
47296|Child_Cross21|10: 1119 267 83 40 13 5 1 
47299|Child_Cross21|14: 1119 267 83 40 14 5 1 
47300|Child_Cross12|21: 1128 267 83 40 14 5 1 
47306|Child_Cross12|9: 1103 267 83 40 13 5 1 
47314|Child_Cross12|41: 1116 268 83 40 13 5 1 
47315|Child_Cross12|37: 1124 267 83 40 13 5 1 
47316|Child_Cross12|21: 1143 267 83 40 13 5 1 
47317|Child_CrossABC1|1: 1134 267 83 40 13 5 1 
47324|Child_Avg|7: 1128 267 85 40 13 5 1 
47329|Child_LevyABC2|6: 1332 282 97 43 14 6 1 
47335|Child_Cross21|26: 1137 267 83 40 13 5 1 
47337|Child_Cross21|14: 1138 267 83 40 13 5 1 
47339|Child_CrossABC1|1: 1131 267 83 40 14 5 1 
47340|Child_Cross21|2: 932 267 83 40 13 5 1 
47342|Child_Avg|15: 1076 267 83 40 13 5 1 
47343|Child_Cross12|45|Mutated: 1128 267 84 40 13 5 1 
47345|Child_Cross21|42: 1094 267 83 40 13 5 1 
47347|Child_Cross21|34|Mutated: 1157 269 98 40 13 5 1 
47370|Child_Avg|3: 1125 268 90 40 13 5 1 
47390|Child_CrossABC1|7: 1113 267 97 40 13 5 1 
47392|Child_LevyP2|10: 1129 293 97 40 13 5 1 
47396|Child_Cross21|26: 1085 267 83 40 13 5 1 
47397|Child_Cross21|54: 1098 267 83 40 13 5 1 
47398|Child_Avg|3: 1106 267 83 40 13 5 1 
47401|Child_Cross21|2: 1085 267 83 40 14 5 1 
47402|Child_Cross21|54: 1088 267 83 40 13 5 1 
47403|Child_Cross21|42: 1091 267 83 40 14 5 1 
47405|Child_CrossABC2|2: 1115 267 111 40 13 5 1 
47407|Child_Avg|59: 1103 267 97 40 13 5 1 
47412|Child_Avg|27: 1107 267 104 40 13 5 1 
47419|Child_Avg|23: 1104 267 104 40 13 5 1 
47420|Child_LevyABC1|11: 1137 271 105 41 14 6 1 
47429|Child_Cross21|50|Mutated: 1088 288 83 40 12 5 1 
47436|Child_Cross21|58: 1113 308 83 40 14 5 1 
47447|Child_Cross21|46: 1103 267 83 40 14 5 1 
47451|Child_LevyP2|10: 1074 318 87 41 14 6 1 
47461|Child_Cross21|54: 1116 267 83 40 14 5 1 
47465|Child_Avg|55: 1085 267 88 40 13 5 1 
47469|Child_Cross12|9: 1113 267 83 40 13 5 1 
47476|Child_Cross12|57: 1088 267 83 40 14 5 1 
47480|Child_Cross21|46: 950 267 83 40 13 5 1 
47482|Child_Cross12|41: 1098 267 83 40 14 5 1 
47483|Child_Cross12|49: 950 267 83 40 14 5 1 
47489|Child_Cross21|10: 1100 267 83 40 14 5 1 
47502|Child_Avg|27: 1365 340 101 40 13 4 1 
47503|Child_Avg|35: 1309 388 109 40 13 4 1 
47504|Child_Levy|4: 942 344 93 35 13 5 1 
47508|Child_LevyABC2|6: 1136 299 91 41 11 5 1 
47509|Child_Levy|48: 1050 319 99 41 14 6 1 
47523|Child_CrossABC1|7: 1064 319 99 41 14 6 1 
47531|Survivor|1|Mutated: 1064 294 99 41 14 6 1 
47534|Child_Levy|40: 1103 305 109 43 14 6 1 
47535|Child_Levy|12|Mutated: 1160 314 111 43 16 6 1 
47549|Child_CrossABC2|2: 1131 314 111 43 16 6 1 
47550|Child_CrossABC1|1: 1186 314 111 43 16 6 1 
47558|Child_CrossABC1|7: 1180 315 117 43 16 6 1 
47560|Child_Cross21|42: 1143 300 95 43 16 6 1 
47566|Child_Cross21|6: 1098 302 93 43 16 6 1 
47567|Child_Avg|11: 1131 298 93 43 16 6 1 
47571|Child_LevyABC2|6: 1142 269 91 47 14 6 1 
47572|Child_Cross12|9|Mutated: 1112 295 105 47 14 6 1 
47573|Child_Levy|56: 1081 308 90 41 13 4 1 
47574|Child_CrossABC2|8: 1113 304 104 43 14 6 1 
47575|Child_Avg|31: 1087 299 93 41 14 6 1 
47583|Child_Cross21|26: 1095 300 87 41 14 6 1 
47586|Child_Avg|3|Mutated: 1083 290 101 41 14 6 1 
47588|Child_Avg|35: 973 289 86 40 13 5 1 
47590|Child_Cross21|18: 1060 294 87 41 14 6 1 
47591|Child_Avg|51: 1027 295 84 40 13 5 1 
47593|Child_CrossABC2|8: 947 286 87 41 14 6 1 
47595|Child_LevyP2|4: 987 286 85 35 12 5 1 
47596|Child_Cross21|42: 1063 294 83 40 13 5 1 
47597|Child_Cross21|58: 1064 295 84 40 13 5 1 
47599|Child_Cross21|34: 966 281 84 35 12 5 1 
47608|Child_CrossABC1|1: 945 281 84 35 12 5 1 
47618|Child_Avg|43: 961 276 75 35 11 5 1 
47619|Child_Cross21|22: 962 272 75 35 11 5 1 
47620|Child_Cross21|58: 959 275 77 40 13 5 1 
47621|Child_Cross12|25: 964 274 75 35 12 5 1 
47623|Child_CrossABC2|2: 947 276 75 35 11 5 1 
47624|Child_Cross12|9: 964 274 75 35 11 5 1 
47626|Child_Avg|3: 935 273 75 35 11 5 1 
47627|Child_Avg|51: 935 272 75 35 11 5 1 
47634|Child_Avg|35: 923 272 75 35 11 5 1 
47636|Child_Cross21|10: 930 272 75 35 11 5 1 
47641|Child_Avg|11: 932 272 75 35 11 5 1 
47653|Child_Cross12|41: 934 272 75 35 11 5 1 
47661|Child_Cross21|58: 927 272 75 35 11 5 1 
47693|Child_CrossABC2|2: 930 272 99 35 11 5 1 
47694|Child_Cross12|49|Mutated: 932 272 90 35 12 5 1 
47697|Survivor|1|Mutated: 986 272 90 35 12 5 1 
47711|Child_Cross12|5: 925 272 75 35 11 5 1 
47719|Child_Cross21|14|Mutated: 939 272 75 35 11 5 1 
47723|Child_Cross21|34: 925 263 75 35 11 5 1 
47735|Child_Cross21|14: 965 272 75 35 11 5 1 
47737|Child_Cross21|22: 948 259 75 35 11 5 1 
47776|Child_Avg|47: 1166 335 101 47 13 4 1 
47779|Child_Cross12|9: 916 264 73 36 11 5 1 
47780|Child_Levy|40|Mutated: 1102 353 94 35 13 6 1 
47784|Child_LevyP1|9: 1103 348 98 33 12 5 1 
47786|Child_LevyABC1|5: 1155 345 109 37 14 6 1 
47788|Child_Avg|19: 1103 366 111 35 13 5 1 
47792|Child_Avg|55: 987 317 102 35 12 5 1 
47793|Child_Cross21|38: 1044 321 97 36 13 4 1 
47795|Child_LevyP1|3: 939 283 85 32 13 4 1 
47798|Child_LevyP2|4: 1102 307 105 40 12 5 1 
47807|Child_Cross12|57: 1004 300 97 40 12 5 1 
47812|Child_Levy|60: 956 283 86 35 12 5 1 
47815|Child_Levy|8: 950 287 84 37 13 4 1 
47818|Child_Avg|11: 951 256 84 35 12 5 1 
47824|Child_Avg|47: 951 256 85 35 12 5 1 
47826|Child_CrossABC1|7: 949 256 86 35 12 5 1 
47834|Child_CrossABC2|2: 938 261 79 35 12 5 1 
47835|Child_Cross21|6: 889 265 79 35 12 5 1 
47838|Child_Avg|23: 945 266 82 35 13 5 1 
47862|Child_Cross12|21: 929 265 77 35 13 5 1 
47863|Child_Avg|27: 910 258 73 35 12 5 1 
47867|Child_Avg|23: 905 264 73 36 13 4 1 
47869|Child_Levy|40: 908 263 73 40 12 5 1 
47877|Child_Cross21|22: 908 263 73 36 13 4 1 
47878|Child_Avg|31: 1317 451 131 41 14 4 1 
47881|Child_Levy|52: 1108 354 101 40 14 5 1 
47882|Child_LevyP1|3: 1340 458 132 41 14 6 1 
47883|Child_Avg|7: 1173 366 112 40 13 4 1 
47884|Child_CrossABC1|7|Mutated: 1058 318 101 40 13 5 1 
47888|Child_LevyABC1|11: 1057 309 112 39 14 6 1 
47909|Child_LevyABC1|5: 1052 318 97 36 15 4 1 
47910|Child_Avg|27: 963 289 90 40 13 5 1 
47917|Child_Cross21|42: 963 295 88 37 13 4 1 
47918|Child_Avg|3: 992 292 85 40 13 5 1 
47919|Child_Avg|27: 920 296 101 41 13 4 1 
47922|Child_Cross21|2: 992 292 85 41 13 4 1 
47923|Survivor|1|Mutated: 992 292 92 41 13 4 1 
47925|Child_Levy|32: 1149 324 94 39 14 4 1 
47929|Child_CrossABC2|2: 1123 326 90 39 14 4 1 
47936|Child_CrossABC2|8: 1136 322 89 40 13 4 1 
47937|Child_CrossABC1|7: 1122 300 95 42 12 5 1 
47938|Child_Cross12|5: 1066 314 83 40 13 5 1 
47939|Child_Levy|4: 1099 318 83 40 12 5 1 
47941|Child_Cross21|30: 1079 307 83 40 12 5 1 
47944|Child_Cross12|25: 1079 310 83 40 14 5 1 
47945|Child_Cross12|29: 1128 314 83 40 13 5 1 
47949|Child_Cross12|37: 1076 308 83 40 13 5 1 
47952|Child_Cross12|53: 1093 305 83 40 13 5 1 
47970|Child_LevyP1|9: 1114 311 101 41 14 6 1 
47974|Child_LevyP2|4: 1033 324 97 40 13 5 1 
47980|Child_Cross12|21: 1085 307 83 40 13 5 1 
47983|Child_Avg|51: 1101 307 83 40 12 5 1 
47993|Child_Cross21|6: 1104 307 83 40 12 5 1 
48010|Child_LevyABC1|11: 1117 311 93 39 14 4 1 
48012|Child_CrossABC1|7: 1116 311 91 41 14 6 1 
48013|Child_Avg|15: 1154 301 90 41 13 4 1 
48015|Child_Cross21|42: 1108 303 87 41 13 4 1 
48028|Child_CrossABC2|8: 1089 306 88 40 13 4 1 
48034|Child_Levy|4: 1094 301 85 40 14 5 1 
48044|Child_Avg|19: 1127 298 95 37 14 4 1 
48055|Child_Avg|39: 1143 294 89 36 13 4 1 
48056|Child_Avg|59: 1133 324 91 33 14 4 1 
48067|Child_Levy|48: 1124 302 80 35 13 5 1 
48071|Child_CrossABC1|7: 1027 303 92 34 16 5 1 
48074|Child_Levy|4: 1094 302 85 32 13 4 1 
48079|Child_Avg|59: 1112 301 87 36 13 4 1 
48115|Child_Cross21|6: 1103 299 86 35 12 5 1 
48121|Child_CrossABC1|1: 1085 292 91 35 12 5 1 
48122|Child_CrossABC1|7: 1173 345 96 35 12 5 1 
48123|Child_Cross21|2|Mutated: 1093 300 83 36 13 4 1 
48124|Child_Cross12|17: 1162 288 85 35 12 5 1 
48125|Child_CrossABC2|8: 1104 316 101 35 12 5 1 
48126|Child_Levy|48: 1085 284 82 37 13 4 1 
48127|Child_Avg|43|Mutated: 1047 307 85 35 12 5 1 
48136|Child_CrossABC2|8: 1012 307 85 35 12 5 1 
48145|Child_Avg|7: 1063 302 86 35 12 5 1 
48150|Child_CrossABC1|1: 1074 302 86 35 12 5 1 
48154|Child_Cross21|18: 1050 293 84 35 11 5 1 
48156|Child_Cross12|29: 1050 305 84 35 11 5 1 
48157|Child_Cross12|5: 1050 302 84 35 11 5 1 
48158|Child_Cross12|9: 1064 303 84 35 11 5 1 
48159|Child_Cross12|41: 1063 302 84 35 11 5 1 
48161|Child_Cross12|33: 1064 305 84 35 11 5 1 
48162|Child_Cross21|30: 1064 302 84 35 11 5 1 
48163|Child_Cross21|54: 1057 303 84 35 11 5 1 
48165|Child_Avg|19: 1053 305 84 35 11 5 1 
48167|Child_Cross21|58: 1050 299 84 35 11 5 1 
48172|Child_Cross12|33: 1084 302 84 35 11 5 1 
48176|Child_Cross21|6: 1090 303 84 35 11 5 1 
48181|Child_Cross21|30|Mutated: 1032 305 84 35 11 5 1 
48182|Child_Cross12|37: 1069 303 84 35 11 5 1 
48196|Child_Cross21|54: 1064 281 84 35 11 5 1 
48201|Child_Cross21|58: 1071 295 84 35 11 5 1 
48204|Child_Avg|3: 1057 292 84 35 11 5 1 
48207|Child_Cross21|58: 1064 293 84 35 13 5 1 
48209|Child_Cross21|30: 1042 281 84 35 11 5 1 
48215|Child_Cross12|1: 1064 286 84 35 11 5 1 
48220|Child_Cross21|46: 1064 295 84 35 11 5 1 
48222|Child_Cross12|29|Mutated: 1015 291 84 35 11 5 1 
48227|Child_Cross21|46: 1064 293 84 35 11 5 1 
48228|Child_Cross12|41: 1064 283 84 35 11 5 1 
48233|Child_Cross12|29: 1064 289 84 35 13 5 1 
48247|Child_Avg|7: 1064 288 84 35 11 5 1 
48255|Child_Cross12|49: 962 291 84 35 11 5 1 
48257|Child_Cross21|50: 1064 289 84 35 11 5 1 
48258|Child_Cross21|58: 1064 282 84 35 11 5 1 
48281|Child_Cross21|42: 1064 278 84 35 11 5 1 
48282|Child_CrossABC1|1: 1064 279 84 35 11 5 1 
48300|Child_CrossABC2|2: 1064 277 84 35 11 5 1 
48319|Child_Avg|11: 1070 281 84 35 11 5 1 
48336|Child_CrossABC2|8: 1064 289 86 35 11 5 1 
48358|Child_Avg|27: 1056 281 84 35 11 5 1 
48369|Child_Avg|15: 1036 291 84 35 11 5 1 
48374|Child_Cross12|45: 1050 291 84 35 11 5 1 
48377|Child_Cross21|38|Mutated: 1060 291 84 35 11 5 1 
48388|Child_Cross21|54: 1057 291 84 35 11 5 1 
48402|Survivor|1|Mutated: 1048 288 95 35 11 5 1 
48403|Child_Avg|51: 994 276 89 35 11 4 1 
48404|Child_Avg|23: 906 256 85 36 15 4 1 
48416|Child_Levy|52: 1096 313 102 35 13 5 1 
48418|Child_CrossABC2|2|Mutated: 1126 345 93 35 13 5 1 
48420|Child_Levy|32: 938 275 86 35 12 5 1 
48422|Child_Cross12|33: 938 275 86 35 13 5 1 
48431|Child_Cross21|2: 915 274 86 36 13 4 1 
48440|Child_CrossABC1|7: 916 275 87 36 13 4 1 
48441|Child_Levy|48: 937 253 79 35 12 5 1 
48443|Child_Avg|55: 910 263 82 35 13 5 1 
48448|Child_LevyABC1|5: 909 289 83 36 13 4 1 
48451|Child_Cross21|10: 920 255 76 35 13 5 1 
48470|Child_CrossABC1|7: 1228 258 104 35 13 5 1 
48471|Child_LevyABC2|12: 1098 253 118 37 14 4 1 
48474|Child_Cross21|6: 1505 334 117 37 14 4 1 
48475|Child_Avg|15: 1186 285 106 37 13 4 1 
48480|Survivor|1|Mutated: 1122 285 121 37 13 4 1 
48481|Child_Avg|7: 929 268 93 37 13 4 1 
48485|Child_Cross12|9: 954 286 91 40 12 5 1 
48486|Child_Avg|15: 929 244 93 37 13 4 1 
48487|Child_Avg|7: 1032 365 112 40 14 5 1 
48488|Child_Cross21|14: 971 275 84 40 14 5 1 
48489|Random|23: 1618 388 133 41 13 4 1 
48490|Child_Avg|51: 924 275 79 37 13 4 1 
48494|Child_Cross12|21: 1010 338 101 45 13 4 1 
48499|Child_LevyABC1|5: 961 355 109 47 12 5 1 
48507|Child_Avg|51: 1163 347 106 40 12 5 1 
48513|Child_Cross12|45: 971 332 101 40 12 5 1 
48525|Survivor|1|Mutated: 1054 332 91 40 12 5 1 
48526|Child_Cross21|10: 977 313 87 39 11 4 1 
48527|Child_CrossABC1|1: 1143 366 89 40 12 5 1 
48528|Child_Levy|8: 986 315 88 40 13 5 1 
48529|Child_LevyP1|3: 969 312 91 41 14 6 1 
48533|Child_Avg|59: 982 311 85 40 13 5 1 
48535|Child_CrossABC2|8: 935 293 85 40 13 5 1 
48536|Child_Cross12|17: 1118 307 85 40 13 5 1 
48537|Child_Avg|51: 961 302 86 40 13 5 1 
48540|Child_Cross12|57: 933 281 84 40 13 5 1 
48547|Child_Avg|23: 973 286 84 40 13 5 1 
48548|Child_Cross12|41: 983 294 83 40 13 5 1 
48552|Child_Cross12|9: 978 281 83 40 13 5 1 
48556|Child_Avg|19: 980 282 83 40 13 5 1 
48557|Child_Cross12|41: 1031 294 83 40 13 5 1 
48561|Child_Avg|23: 981 281 83 40 13 5 1 
48562|Child_Cross21|58: 982 294 83 40 13 5 1 
48563|Child_Cross12|29: 1025 294 83 40 13 5 1 
48564|Child_Cross21|34: 945 294 83 40 13 5 1 
48566|Child_Cross12|29: 1077 294 83 40 13 5 1 
48576|Child_Cross12|13: 988 294 83 40 13 5 1 
48580|Child_Cross21|6|Mutated: 983 294 90 40 13 5 1 
48582|Child_LevyABC2|6: 973 285 94 39 14 4 1 
48583|Child_Cross21|22: 987 294 83 40 13 5 1 
48586|Child_Cross12|5: 939 294 83 40 13 5 1 
48587|Child_Cross21|54: 951 294 83 40 13 5 1 
48590|Child_Cross12|9: 985 294 83 40 13 5 1 
48597|Child_LevyABC2|12: 940 288 92 41 14 6 1 
48602|Child_LevyABC2|6: 1208 291 87 41 14 6 1 
48606|Child_CrossABC1|7: 980 293 85 40 13 5 1 
48608|Child_Avg|55: 1027 294 83 40 13 5 1 
48611|Child_Cross12|57: 940 294 83 40 13 5 1 
48653|Child_Cross12|9: 1329 362 111 31 14 6 1 
48656|Child_Cross21|38: 1177 361 108 31 14 6 1 
48657|Child_Levy|36: 935 265 86 35 11 5 1 
48659|Child_LevyABC2|12: 1112 335 108 35 13 5 1 
48674|Child_Cross21|22: 1101 302 99 35 13 5 1 
48675|Child_CrossABC2|2: 1088 285 102 35 13 5 1 
48677|Child_Cross12|49: 1097 305 93 35 13 5 1 
48678|Child_Avg|43: 1089 294 93 35 13 5 1 
48680|Child_CrossABC1|1: 1124 299 95 35 13 5 1 
48685|Child_CrossABC2|8: 1111 318 93 35 13 5 1 
48690|Child_CrossABC1|1: 1121 323 86 35 13 5 1 
48695|Child_Avg|59: 897 314 86 35 13 5 1 
48696|Child_Cross21|30: 1080 335 86 35 13 5 1 
48697|Child_Avg|27: 1087 318 82 35 13 5 1 
48698|Random|16: 2163 499 141 41 13 4 1 
48699|Child_Avg|59: 996 321 84 35 13 5 1 
48700|Child_Avg|27: 1324 333 97 36 13 4 1 
48702|Child_Cross21|50: 744 229 83 36 13 4 1 
48703|Child_Avg|27: 1088 318 80 35 13 5 1 
48707|Child_CrossABC1|1: 1075 286 81 35 13 5 1 
48711|Child_Avg|55: 1119 309 80 35 13 5 1 
48725|Child_Avg|19: 1052 292 75 35 11 5 1 
48728|Child_Avg|23|Mutated: 1042 295 86 33 14 4 1 
48729|Random|22: 1299 360 110 36 13 4 1 
48735|Child_Levy|28: 1142 316 94 35 13 6 1 
48739|Child_CrossABC2|2: 1112 311 99 35 13 5 1 
48767|Child_Cross21|2: 1037 302 87 35 11 4 1 
48768|Child_Cross21|34: 1022 289 84 35 13 5 1 
48769|Child_Avg|51: 1071 285 84 35 13 5 1 
48773|Child_Cross12|1: 1108 261 82 35 13 5 1 
48789|Child_Avg|39: 1091 305 99 36 13 4 1 
48793|Child_CrossABC2|2: 950 297 97 36 13 4 1 
48795|Child_CrossABC1|7: 1099 296 87 36 13 4 1 
48796|Child_CrossABC1|7: 983 327 86 36 13 4 1 
48797|Child_Cross21|10: 932 267 86 35 12 5 1 
48800|Child_Avg|59: 939 285 86 36 13 4 1 
48802|Child_Cross12|9: 899 273 82 35 13 5 1 
48806|Child_Levy|32: 942 267 85 35 12 5 1 
48809|Child_Cross21|42: 923 278 81 32 13 4 1 
48815|Child_Cross21|42: 963 264 79 32 13 4 1 
48820|Child_LevyP1|9: 961 276 85 35 12 5 1 
48824|Child_CrossABC1|1: 979 264 85 35 12 5 1 
48830|Child_CrossABC2|2: 997 263 86 35 11 5 1 
48832|Child_Avg|51: 946 259 78 35 12 5 1 
48833|Child_Cross21|42: 946 259 78 35 11 5 1 
48838|Child_Avg|19: 920 262 75 35 12 5 1 
48844|Child_Levy|52|Mutated: 1023 294 93 37 13 4 1 
48846|Child_Cross21|10: 909 264 73 35 12 5 1 
48847|Child_CrossABC1|1: 917 263 77 35 12 5 1 
48848|Child_CrossABC1|1: 928 255 73 35 12 5 1 
48849|Child_CrossABC2|2: 912 262 75 35 12 5 1 
48863|Child_Cross12|57|Mutated: 921 261 73 35 12 5 1 
48864|Child_Cross21|46: 918 252 73 35 12 5 1 
48873|Child_Cross12|53|Mutated: 917 267 86 35 12 5 1 
48894|Child_CrossABC2|8: 904 258 84 35 12 5 1 
48928|Child_CrossABC1|7: 901 290 101 40 14 5 1 
48940|Child_Cross21|30: 922 291 86 40 14 5 1 
48944|Child_Avg|27: 914 295 97 40 14 5 1 
48947|Child_Avg|27: 960 281 90 40 13 5 1 
48958|Child_CrossABC1|1: 947 275 93 40 12 5 1 
48972|Child_Levy|36: 962 291 87 40 13 5 1 
48973|Child_Cross12|45: 937 265 86 40 12 5 1 
48976|Child_Levy|56: 1040 286 92 33 12 5 1 
48977|Child_CrossABC2|2: 952 246 89 35 13 6 1 
48984|Child_Avg|35: 985 270 83 36 13 4 1 
48985|Child_Levy|4: 957 252 88 33 14 4 1 
48987|Child_CrossABC1|1: 901 251 85 32 13 4 1 
48989|Child_Avg|39: 988 284 82 35 13 5 1 
48992|Child_CrossABC1|7: 1092 285 84 35 13 5 1 
48995|Child_Cross21|22: 1029 271 77 35 13 5 1 
48996|Child_CrossABC1|7: 1085 284 82 35 13 5 1 
49018|Child_Avg|51|Mutated: 1088 280 76 35 13 5 1 
49022|Child_Avg|19: 1031 279 74 35 12 5 1 
49025|Child_CrossABC2|2: 1090 282 74 35 12 5 1 
49026|Child_Cross12|33: 1021 285 73 35 12 5 1 
49027|Child_Avg|59: 1035 282 74 35 12 5 1 
49028|Child_Avg|43: 1032 286 74 35 12 5 1 
49031|Child_Cross21|38: 1039 281 73 35 12 5 1 
49032|Child_Cross12|37: 1017 285 73 35 12 5 1 
49033|Child_Cross21|22: 1054 285 73 35 12 5 1 
49034|Child_Avg|39: 1047 285 73 35 12 5 1 
49035|Child_Cross21|10: 1032 282 73 35 12 5 1 
49041|Child_Cross21|2: 1013 285 73 35 12 5 1 
49042|Child_Cross21|46|Mutated: 1054 285 88 35 12 5 1 
49050|Child_Cross21|30: 1028 282 73 35 12 5 1 
49073|Child_CrossABC2|8|Mutated: 1037 284 88 35 12 5 1 
49074|Child_CrossABC2|8: 1033 284 97 35 12 5 1 
49076|Child_CrossABC1|1: 1039 284 108 35 12 5 1 
49078|Child_Avg|7: 1054 283 86 35 12 5 1 
49082|Child_CrossABC2|2: 1060 282 96 35 12 5 1 
49087|Child_CrossABC2|8: 1068 284 101 35 12 5 1 
49099|Child_Cross21|50|Mutated: 876 284 85 35 12 5 1 
49109|Child_LevyABC2|12: 1033 295 97 36 13 4 1 
49144|Child_Levy|32: 1194 494 147 45 16 5 1 
49149|Child_Avg|31: 1203 368 110 40 13 5 1 
49151|Child_Cross12|25: 1197 351 104 45 16 5 1 
49152|Survivor|1|Mutated: 1197 351 118 45 16 5 1 
49153|Child_Cross21|46: 1271 341 102 45 16 5 1 
49154|Child_Avg|51: 1134 327 125 45 17 5 1 
49155|Child_Avg|7: 1202 334 113 45 16 5 1 
49167|Child_CrossABC1|7: 1175 334 113 45 16 5 1 
49168|Child_Avg|15: 1123 330 105 44 16 5 1 
49169|Child_CrossABC2|8: 1112 330 142 45 16 5 1 
49170|Child_Avg|19: 1111 326 121 45 16 5 1 
49192|Child_Levy|16: 1132 326 124 45 16 5 1 
49208|Child_Cross21|10: 1092 331 108 45 16 5 1 
49209|Child_Avg|15|Mutated: 1106 301 107 44 14 5 1 
49212|Child_Avg|15: 1098 298 95 45 14 5 1 
49213|Child_Avg|3: 1112 306 104 43 14 6 1 
49224|Child_CrossABC2|8: 1122 315 118 43 14 6 1 
49226|Child_CrossABC2|8: 1123 318 120 43 14 6 1 
49227|Child_Avg|7: 1136 316 118 41 14 6 1 
49228|Child_Levy|12: 1128 315 125 43 14 6 1 
49242|Child_Cross12|57: 1074 299 87 40 12 5 1 
49243|Child_Avg|15: 1113 285 94 40 12 5 1 
49244|Child_Cross12|25: 1046 315 89 43 14 6 1 
49245|Child_Cross12|57|Mutated: 1097 278 88 45 13 4 1 
49246|Child_Cross21|26: 1088 299 89 40 12 5 1 
49247|Child_CrossABC2|8: 1101 291 92 40 11 5 1 
49249|Child_Levy|16: 1084 322 89 40 13 5 1 
49251|Child_CrossABC2|8: 1097 262 88 40 13 5 1 
49252|Child_LevyABC1|5: 1096 318 87 41 14 6 1 
49253|Child_Cross21|14: 1043 274 88 40 13 5 1 
49258|Child_Cross21|10: 1055 284 85 40 13 5 1 
49263|Child_Cross21|2: 1072 281 84 40 13 5 1 
49264|Child_Cross21|2: 1073 277 84 40 13 5 1 
49266|Child_CrossABC1|7: 1056 283 85 40 13 5 1 
49269|Child_Avg|11: 1069 284 85 40 13 5 1 
49271|Child_Cross12|17: 1066 284 85 40 13 5 1 
49272|Child_Avg|23: 1073 282 84 40 13 5 1 
49275|Child_Cross21|26: 1067 281 84 40 13 5 1 
49276|Child_Cross21|6: 1072 285 84 40 13 5 1 
49280|Child_CrossABC2|8: 1413 285 84 40 13 5 1 
49285|Child_LevyP2|10: 1093 282 93 39 14 4 1 
49288|Child_Avg|51: 1069 278 82 40 13 5 1 
49289|Child_Cross21|30: 1070 279 82 39 14 6 1 
49290|Child_Avg|3: 1072 303 85 40 12 5 1 
49293|Child_CrossABC2|2: 1072 295 84 40 13 5 1 
49295|Child_CrossABC1|1: 1070 295 84 40 13 5 1 
49297|Child_CrossABC1|1: 1068 292 85 40 13 5 1 
49300|Child_CrossABC1|7: 1066 294 85 40 13 5 1 
49301|Child_CrossABC1|1: 1075 291 87 40 12 5 1 
49310|Child_Avg|59|Mutated: 1072 300 89 40 13 5 1 
49312|Child_Cross21|50: 1018 291 98 40 13 5 1 
49313|Child_CrossABC2|2: 990 293 104 40 13 5 1 
49314|Child_CrossABC2|2: 1006 291 103 40 13 5 1 
49315|Child_CrossABC1|1: 958 289 113 40 13 5 1 
49323|Child_CrossABC2|8: 1056 291 110 40 13 5 1 
49327|Child_CrossABC1|7: 1055 283 97 40 13 5 1 
49328|Child_CrossABC2|8|Mutated: 1054 284 127 40 13 5 1 
49330|Child_Cross21|34: 1036 286 99 41 14 6 1 
49331|Child_CrossABC1|7: 1102 286 113 41 14 6 1 
49333|Child_Cross21|18: 1045 288 101 41 14 6 1 
49348|Child_Avg|43: 1112 295 92 41 13 4 1 
49352|Child_Cross12|37: 1113 299 91 40 12 5 1 
49355|Child_LevyABC2|6|Mutated: 1143 298 92 41 13 4 1 
49365|Child_Avg|19|Mutated: 1086 300 85 41 13 4 1 
49367|Child_CrossABC2|8: 1081 305 89 41 13 4 1 
49376|Child_Avg|23: 1080 299 98 41 13 4 1 
49387|Child_Avg|23: 1048 351 90 41 13 4 1 
49388|Child_Cross21|26: 1083 279 85 41 13 4 1 
49389|Child_Cross12|25: 1075 295 87 41 13 4 1 
49390|Child_Cross21|14: 1059 300 90 41 13 4 1 
49391|Child_Cross12|9: 1034 314 89 41 13 4 1 
49394|Child_Levy|52: 1085 302 90 39 14 4 1 
49398|Child_Cross12|5: 1080 301 88 39 14 4 1 
49406|Child_Cross12|5: 1080 301 88 39 14 6 1 
49407|Child_CrossABC1|1: 1080 301 87 39 14 4 1 
49409|Child_Levy|28: 1208 340 101 40 13 5 1 
49411|Child_CrossABC1|1: 1213 354 103 41 14 6 1 
49418|Child_CrossABC2|8: 1340 387 117 41 14 6 1 
49419|Child_Avg|7: 1039 303 84 40 13 5 1 
49426|Child_CrossABC2|8: 1079 299 90 41 13 4 1 
49427|Child_CrossABC1|1: 1071 298 92 41 13 4 1 
49432|Child_Cross21|58: 1075 303 87 41 13 4 1 
49435|Child_Avg|51|Mutated: 1057 304 90 41 13 4 1 
49440|Child_CrossABC2|8: 1144 310 87 41 13 4 1 
49441|Child_Cross12|5: 1089 323 90 41 13 4 1 
49442|Child_CrossABC2|2: 1140 300 89 40 12 5 1 
49448|Child_Cross12|25|Mutated: 1042 291 86 40 12 5 1 
49449|Child_Levy|40: 1075 299 94 45 13 5 1 
49453|Child_Cross12|1: 1066 302 83 29 14 4 1 
49455|Child_Avg|7: 1170 310 81 36 13 4 1 
49456|Child_Levy|52: 1121 293 89 40 12 5 1 
49474|Child_Avg|11: 1123 297 85 40 11 5 1 
49476|Child_Cross12|45: 1123 297 85 40 12 5 1 
49483|Child_CrossABC1|1: 1122 302 85 40 12 5 1 
49484|Child_Avg|27: 1132 298 85 40 12 5 1 
49487|Child_Cross21|30: 1113 300 83 40 12 5 1 
49489|Child_Levy|4: 1120 298 83 41 13 4 1 
49494|Child_Cross12|9: 1160 297 83 40 14 5 1 
49498|Child_Avg|59: 1157 297 83 40 13 5 1 
49499|Child_LevyP1|9: 1152 301 88 41 14 6 1 
49500|Child_Cross21|34: 1160 297 83 40 13 5 1 
49501|Child_Cross21|14|Mutated: 1154 303 94 41 13 4 1 
49504|Child_Avg|15: 1151 298 87 40 13 5 1 
49506|Child_CrossABC1|7: 1120 294 83 40 13 5 1 
49508|Child_CrossABC1|7: 1090 287 83 40 13 5 1 
49512|Child_LevyP2|4: 1073 294 82 39 14 4 1 
49513|Child_CrossABC2|8: 1086 283 89 40 13 5 1 
49516|Child_Avg|47: 1106 290 77 40 13 5 1 
49517|Child_Avg|27: 1083 286 89 40 13 5 1 
49518|Child_Avg|11: 1280 313 93 43 13 5 1 
49520|Child_CrossABC1|1: 1093 293 76 39 14 6 1 
49521|Child_Levy|56: 1122 296 81 40 11 5 1 
49525|Child_CrossABC2|8: 1143 294 88 40 13 5 1 
49538|Child_Avg|35: 1148 362 98 35 12 5 1 
49543|Child_CrossABC2|2|Mutated: 1167 322 110 39 10 6 1 
49544|Child_Avg|27|Mutated: 1013 278 96 40 13 5 1 
49547|Child_CrossABC1|1: 1186 268 104 35 14 6 1 
49548|Child_Levy|44: 1292 363 101 42 13 6 1 
49549|Child_Avg|39: 1170 295 86 35 12 5 1 
49552|Child_CrossABC1|7: 1153 302 86 35 12 5 1 
49554|Child_Avg|35|Mutated: 1118 298 100 35 12 5 1 
49556|Child_CrossABC1|1: 1547 318 125 35 12 5 1 
49558|Child_Avg|3: 1061 279 86 35 12 5 1 
49565|Child_Avg|35: 1070 291 85 35 12 5 1 
49566|Child_Avg|59: 1079 299 87 35 12 5 1 
49570|Child_CrossABC1|7: 1086 303 86 35 12 5 1 
49583|Child_Avg|51: 1059 293 80 36 13 4 1 
49584|Child_Avg|31: 1053 290 79 32 13 4 1 
49586|Child_Cross12|21: 1036 300 79 35 12 5 1 
49588|Child_CrossABC2|8: 1045 300 79 35 12 5 1 
49590|Child_Avg|47: 1154 303 105 45 13 4 1 
49599|Child_Cross21|38: 1118 297 101 45 13 4 1 
49602|Child_CrossABC1|7: 1057 283 84 43 13 4 1 
49604|Child_LevyABC1|5: 1038 271 106 44 12 5 1 
49605|Child_Cross12|17: 970 288 88 45 13 4 1 
49607|Child_LevyABC1|11: 1050 289 98 43 15 4 1 
49610|Child_Avg|35: 1046 299 92 45 14 5 1 
49612|Child_Avg|47: 1128 297 95 44 13 4 1 
49613|Child_Cross21|58: 1046 295 89 43 14 6 1 
49614|Child_Cross12|21: 1046 295 89 46 13 4 1 
49615|Child_Levy|60: 1037 294 85 41 13 4 1 
49618|Child_Avg|15: 1047 285 86 42 12 5 1 
49621|Child_LevyABC1|11: 1107 294 85 40 14 5 1 
49624|Child_CrossABC2|8: 1044 287 84 41 11 5 1 
49625|Child_Levy|44: 1138 290 89 40 13 5 1 
49627|Child_Cross21|18: 1036 287 79 40 12 5 1 
49628|Child_LevyP2|10: 1137 317 85 41 14 4 1 
49629|Child_Levy|56: 1081 304 84 41 11 5 1 
49630|Child_Cross21|54: 1036 244 79 39 14 4 1 
49631|Child_Cross21|2: 1094 298 79 33 14 4 1 
49635|Child_Cross12|33: 1017 281 77 41 13 4 1 
49643|Child_Cross21|38: 1018 281 77 41 13 4 1 
49647|Child_Avg|55: 1010 279 76 41 13 4 1 
49649|Child_Cross12|25: 990 284 77 41 13 4 1 
49651|Child_Cross21|46: 977 282 75 41 13 4 1 
49653|Child_Cross21|22: 960 284 75 41 13 4 1 
49655|Child_Cross21|30: 1008 277 74 41 13 4 1 
49656|Child_CrossABC1|7: 942 278 75 41 13 4 1 
49660|Child_CrossABC2|8: 879 271 77 41 13 4 1 
49662|Child_Cross12|53: 1051 269 72 41 13 4 1 
49663|Child_CrossABC2|2: 1070 248 72 41 13 4 1 
49665|Child_CrossABC1|7: 1090 243 72 41 13 4 1 
49669|Child_CrossABC2|8: 1044 253 72 41 13 4 1 
49671|Child_CrossABC2|8|Mutated: 1045 251 72 45 13 4 1 
49677|Child_Cross21|38|Mutated: 1006 257 75 41 13 4 1 
49678|Child_LevyP2|10: 718 259 86 35 12 5 1 
49680|Child_Levy|44: 953 253 76 35 11 5 1 
49685|Child_LevyABC2|6: 876 266 91 41 11 5 1 
49704|Child_Avg|35: 882 263 92 41 11 5 1 
49715|Child_Levy|28: 880 264 95 40 12 5 1 
49722|Child_Avg|15: 893 288 95 40 12 5 1 
49723|Child_CrossABC2|8: 987 264 95 40 12 5 1 
49727|Child_CrossABC2|2: 1027 264 95 40 12 5 1 
49728|Child_Cross12|5: 914 277 93 40 12 5 1 
49734|Child_Cross21|42: 912 273 89 40 12 5 1 
49736|Child_Cross21|10: 927 268 89 40 12 5 1 
49738|Child_LevyP2|4: 899 272 92 41 13 4 1 
49745|Child_Avg|15: 925 267 86 40 13 5 1 
49746|Child_Cross12|33: 900 270 83 40 13 5 1 
49747|Child_Cross12|5: 901 284 85 45 13 4 1 
49752|Child_Cross21|6: 901 284 85 40 13 5 1 
49763|Child_Avg|27: 899 281 84 40 13 5 1 
49764|Child_CrossABC2|8: 888 281 84 40 13 5 1 
49765|Child_CrossABC1|1: 900 281 84 40 13 5 1 
49768|Child_Cross21|26: 890 281 83 40 13 5 1 
49769|Child_Cross21|42: 896 281 83 40 13 5 1 
49770|Child_CrossABC2|2: 893 281 83 40 13 5 1 
49771|Child_Cross12|33: 903 277 83 40 13 5 1 
49778|Child_Cross21|22: 903 294 83 40 13 5 1 
49781|Child_Cross12|29: 907 264 83 40 13 5 1 
49784|Child_Avg|55: 898 267 83 40 13 5 1 
49790|Child_Avg|59: 930 281 83 40 13 5 1 
49793|Child_Cross21|10|Mutated: 973 281 84 40 13 5 1 
49813|Child_Avg|31|Mutated: 940 281 90 40 13 5 1 
49821|Child_Cross21|6: 1061 281 83 40 13 5 1 
49822|Child_Avg|43: 1066 281 83 40 13 5 1 
49829|Child_Avg|47: 1080 281 90 40 13 5 1 
49850|Child_Cross21|46: 1093 281 83 40 13 5 1 
49856|Child_Avg|15|Mutated: 1082 281 83 40 13 5 1 
49859|Child_Avg|39: 1080 281 91 40 13 5 1 
49870|Child_LevyABC2|6: 1027 378 100 41 14 6 1 
49878|Child_Avg|7|Mutated: 1081 281 90 40 13 5 1 
49880|Child_Cross12|29: 1080 265 83 40 13 5 1 
49902|Child_CrossABC1|7: 1082 281 97 40 13 5 1 
49903|Child_CrossABC2|8: 1076 281 97 40 13 5 1 
49905|Child_CrossABC2|2: 1086 281 97 40 13 5 1 
49915|Child_CrossABC2|8: 1081 281 104 40 13 5 1 
49917|Survivor|1|Mutated: 1081 333 114 40 13 5 1 
49918|Child_Cross12|17: 1050 275 98 40 13 5 1 
49922|Child_Avg|23: 1052 281 97 40 13 5 1 
49923|Child_Avg|11: 1085 278 90 40 13 5 1 
49936|Child_Cross12|9|Mutated: 1069 281 97 40 13 5 1 
49944|Child_Cross21|14: 1048 281 83 40 13 5 1 
49949|Child_CrossABC2|8: 1065 281 96 40 13 5 1 
49961|Child_Levy|56: 1050 280 88 39 14 6 1 
49971|Child_LevyABC2|6: 1078 282 93 39 14 6 1 
49973|Child_Cross21|14|Mutated: 1088 281 99 40 13 4 1 
49994|Child_LevyABC2|12: 1116 332 105 41 14 6 1 
50010|Child_Cross12|53: 1082 297 83 40 13 5 1 
50017|Child_Cross21|18|Mutated: 1077 281 90 40 13 5 1 
50022|Child_Cross12|25: 1082 297 83 40 14 5 1 
50023|Child_CrossABC2|8: 1081 281 88 40 13 5 1 
50028|Child_Avg|55|Mutated: 1086 281 96 40 13 5 1 
50029|Child_Avg|3: 1087 281 90 40 13 5 1 
50037|Child_CrossABC2|8: 1096 281 97 40 13 5 1 
50039|Child_Avg|23: 1079 281 84 40 13 5 1 
50051|Child_Avg|19|Mutated: 1048 281 97 40 13 5 1 
50054|Child_Avg|3: 1060 281 90 40 13 5 1 
50086|Child_Avg|47: 1053 331 112 49 13 4 1 
50087|Child_CrossABC1|1: 1386 416 120 49 13 6 1 
50088|Child_Cross21|50: 994 274 103 45 14 5 1 
50089|Child_Cross12|41: 1068 332 95 45 13 4 1 
50090|Child_Avg|19: 1015 284 101 45 13 4 1 
50091|Child_Cross12|9: 1053 326 107 45 13 4 1 
50095|Child_Cross21|46: 1031 294 92 45 13 4 1 
50097|Child_Cross12|37: 1073 321 95 45 13 4 1 
50098|Child_CrossABC1|7|Mutated: 1042 303 95 45 13 4 1 
50099|Child_Levy|24: 1366 396 124 45 16 5 1 
50100|Child_Avg|31: 1024 311 92 45 13 4 1 
50101|Child_Cross12|37: 1032 309 92 45 13 4 1 
50102|Child_CrossABC1|7: 1016 309 92 45 13 4 1 
50115|Child_Cross12|33: 1012 312 85 45 13 4 1 
50116|Child_Levy|32: 1065 306 86 45 13 5 1 
50118|Child_Cross12|41: 1071 316 85 45 13 4 1 
50121|Child_CrossABC2|8: 1077 316 85 45 13 4 1 
50126|Child_Cross12|41: 1072 316 85 41 13 4 1 
50128|Child_Cross12|53: 1074 316 85 45 13 4 1 
50129|Child_Cross12|9: 1044 304 85 45 13 4 1 
50130|Child_Cross12|37: 1073 317 85 45 13 4 1 
50133|Child_Cross12|13: 1074 323 85 45 13 4 1 
50135|Child_Cross21|54: 1069 316 85 45 13 4 1 
50137|Child_Cross21|34|Mutated: 1074 317 98 45 13 4 1 
50142|Child_Cross21|18: 1077 318 92 45 13 4 1 
50143|Child_CrossABC1|7: 1077 319 98 45 13 4 1 
50144|Child_Cross21|26: 1091 323 85 45 13 4 1 
50151|Child_Cross12|33: 1080 316 85 45 13 4 1 
50165|Child_Cross12|41: 1071 284 85 45 13 4 1 
50170|Child_CrossABC2|2: 1072 297 85 45 13 4 1 
50176|Child_Cross12|45: 1050 316 85 45 13 4 1 
50177|Child_Cross12|49: 1069 316 85 41 13 4 1 
50182|Child_Avg|11: 1061 316 85 45 13 4 1 
50185|Child_Cross12|41: 1058 316 85 45 13 4 1 
50187|Child_CrossABC2|2: 1066 316 98 45 13 4 1 
50205|Child_Cross12|29: 1085 316 85 45 13 4 1 
50212|Child_Cross12|13: 1095 316 85 45 13 4 1 
50216|Child_Cross21|2: 1080 323 85 45 13 4 1 
50225|Child_Avg|51|Mutated: 1080 319 100 36 13 4 1 
50238|Child_Cross12|25: 1078 317 85 45 13 4 1 
50239|Child_Cross12|45: 1079 283 85 45 13 4 1 
50248|Child_Cross12|13: 1165 323 85 45 13 4 1 
50249|Child_Cross21|54: 1079 296 85 45 13 4 1 
50251|Child_Avg|39: 1126 309 85 45 13 4 1 
50255|Child_Avg|15: 1076 297 85 45 13 4 1 
50257|Child_Cross12|1: 1074 296 85 45 13 4 1 
50262|Child_Cross21|46: 1075 296 85 45 13 4 1 
50268|Child_Cross12|1: 1182 323 85 45 13 4 1 
50274|Child_Cross21|18|Mutated: 1075 296 98 45 13 4 1 
50276|Child_Cross21|30: 1095 317 85 45 13 4 1 
50279|Child_Cross12|41: 1078 296 85 45 13 4 1 
50280|Child_Cross12|33: 1070 278 85 45 13 4 1 
50286|Child_Cross12|49: 1076 296 85 45 13 4 1 
50294|Child_Avg|47: 1115 296 85 45 13 4 1 
50297|Child_Avg|7: 1073 296 85 45 13 4 1 
50319|Child_Avg|19|Mutated: 852 276 97 40 11 5 1 
50320|Child_Avg|43: 1342 339 108 45 14 4 1 
50321|Child_Cross21|10: 1074 296 85 40 12 5 1 
50331|Child_Avg|15: 1107 289 85 41 13 4 1 
50347|Child_Cross12|29: 947 282 75 41 13 4 1 
50349|Child_Avg|51: 1087 284 77 41 13 4 1 
50354|Survivor|1|Mutated: 1118 284 77 41 13 4 1 
50355|Child_LevyP1|9: 829 235 97 40 12 5 1 
50356|Survivor|1|Mutated: 829 235 88 40 13 5 1 
50357|Child_Cross12|17: 905 262 102 37 12 5 1 
50367|Child_Levy|44: 1993 432 123 43 14 6 1 
50369|Child_Cross12|9: 842 251 91 43 14 6 1 
50370|Child_Cross21|42: 933 267 103 40 13 5 1 
50374|Child_LevyABC1|5: 1031 304 95 40 12 5 1 
50375|Child_LevyP2|4: 1104 300 103 41 13 4 1 
50380|Child_Cross12|57: 937 287 97 39 11 4 1 
50387|Child_Cross12|5: 937 287 97 39 16 5 1 
50394|Child_Levy|8: 1085 292 91 37 14 4 1 
50398|Child_Cross21|30: 1031 302 90 39 14 4 1 
50401|Child_Cross12|33: 1031 302 90 40 13 5 1 
50404|Child_Cross21|2: 1037 301 90 40 13 5 1 
50405|Child_Avg|59: 1030 301 89 40 13 5 1 
50412|Child_CrossABC1|7: 1039 301 89 40 13 5 1 
50414|Child_Cross12|25: 1027 301 88 40 13 5 1 
50418|Child_Avg|35: 1027 302 88 40 13 5 1 
50419|Child_Avg|27: 1044 297 85 40 13 5 1 
50422|Child_CrossABC1|1|Mutated: 1039 297 85 40 13 5 1 
50423|Child_CrossABC2|8: 1038 297 85 40 13 5 1 
50424|Child_LevyABC2|12: 1010 300 119 41 14 6 1 
50425|Child_CrossABC1|1: 1043 297 85 40 13 5 1 
50426|Child_Cross12|53: 1032 297 85 40 13 5 1 
50429|Child_Levy|8: 1147 305 105 37 14 6 1 
50433|Child_Avg|15: 1078 279 86 40 12 5 1 
50436|Child_CrossABC1|1: 1050 289 85 39 14 6 1 
50437|Child_LevyABC1|5: 1066 288 81 37 14 4 1 
50438|Child_Avg|27: 1086 295 86 35 12 5 1 
50459|Child_CrossABC2|8: 1077 276 86 35 12 5 1 
50464|Child_CrossABC1|7: 1074 279 95 35 13 5 1 
50466|Child_CrossABC1|7: 1068 272 89 35 13 5 1 
50467|Child_LevyABC1|5: 1072 271 103 37 14 6 1 
50480|Child_Cross12|5: 1064 265 97 35 11 5 1 
50485|Child_Cross12|17|Mutated: 1085 308 85 35 13 5 1 
50486|Child_Levy|28: 1098 278 85 35 13 6 1 
50490|Child_Avg|43: 1096 272 81 36 13 4 1 
50492|Child_CrossABC1|1: 1099 321 86 35 13 6 1 
50494|Child_Cross12|33: 1090 271 82 35 13 5 1 
50496|Child_CrossABC1|1: 1078 271 82 35 13 5 1 
50502|Child_CrossABC2|8: 1077 272 86 35 13 5 1 
50507|Child_Cross21|2: 1077 258 77 35 13 5 1 
50512|Child_Cross21|22|Mutated: 1096 284 86 35 12 5 1 
50536|Child_CrossABC2|8: 1031 263 82 36 11 5 1 
50537|Child_CrossABC1|1: 1031 291 82 36 11 5 1 
50540|Child_CrossABC2|8: 1031 294 82 36 11 5 1 
50541|Child_Levy|28: 1022 274 78 35 12 5 1 
50545|Child_Avg|51: 1022 274 77 35 12 5 1 
50548|Child_LevyABC2|6: 1029 279 80 37 14 6 1 
50550|Child_CrossABC1|7: 1029 274 77 35 12 5 1 
50551|Survivor|1|Mutated: 1029 274 77 35 13 5 1 
50553|Child_Cross12|9: 1015 277 76 35 13 5 1 
50555|Child_LevyABC2|12: 1028 285 82 37 14 4 1 
50556|Child_Cross12|9: 1036 277 76 35 13 5 1 
50563|Child_CrossABC1|1: 1009 271 76 35 13 5 1 
50564|Child_Cross21|26: 1023 283 76 35 13 5 1 
50565|Child_LevyP2|10: 1037 278 77 37 14 4 1 
50574|Child_Cross12|17: 963 298 99 45 14 4 1 
50576|Child_CrossABC2|2|Mutated: 1079 262 110 46 13 4 1 
50577|Child_Avg|7: 896 276 100 41 13 4 1 
50580|Child_Levy|8: 907 276 100 41 11 5 1 
50584|Child_Levy|32: 912 284 93 39 14 4 1 
50591|Child_Avg|19: 958 295 93 38 13 5 1 
50592|Child_Avg|11: 922 267 86 41 11 5 1 
50596|Child_Avg|11: 885 269 86 40 12 5 1 
50597|Child_Cross12|49: 891 265 84 35 11 5 1 
50598|Child_Levy|16: 901 271 85 40 13 5 1 
50599|Child_Cross12|9: 901 271 85 37 14 4 1 
50607|Child_Cross12|57: 896 271 85 37 14 4 1 
50624|Child_LevyABC2|6|Mutated: 827 222 91 46 11 4 1 
50625|Child_CrossABC2|8: 803 212 91 35 11 4 1 
50628|Child_CrossABC1|7: 863 225 93 35 11 4 1 
50630|Child_CrossABC2|8: 908 226 93 35 11 4 1 
50636|Child_Cross12|53: 817 253 76 35 11 4 1 
50637|Child_CrossABC2|2|Mutated: 826 243 84 35 12 5 1 
50638|Child_Avg|23: 823 237 75 35 11 4 1 
50639|Child_Avg|15: 909 246 80 35 11 4 1 
50641|Survivor|1|Mutated: 1059 246 80 35 11 5 1 
50650|Child_CrossABC2|2: 889 247 73 35 11 4 1 
50651|Child_Cross12|1: 911 237 75 35 11 5 1 
50652|Child_CrossABC2|8: 860 237 75 35 11 5 1 
50653|Child_Avg|19: 894 244 79 35 12 5 1 
50654|Child_Avg|7: 888 237 75 35 11 5 1 
50655|Child_CrossABC1|7: 865 237 75 35 11 5 1 
50657|Child_CrossABC2|2: 875 237 75 35 11 5 1 
50663|Child_CrossABC1|7: 890 234 73 35 11 5 1 
50664|Child_CrossABC1|1: 885 234 73 35 11 5 1 
50665|Child_CrossABC2|2: 897 236 73 35 11 5 1 
50666|Child_Cross21|2: 888 237 73 35 11 5 1 
50668|Child_Cross21|38: 885 240 73 35 11 5 1 
50670|Child_CrossABC1|1: 888 242 73 35 11 5 1 
50682|Child_Cross12|49: 885 237 73 35 11 5 1 
50694|Child_Avg|43: 867 242 73 35 11 5 1 
50706|Child_Cross12|53: 879 234 73 35 11 5 1 
50726|Child_Avg|55: 919 262 80 41 11 5 1 
50736|Child_Avg|3: 934 248 81 40 12 5 1 
50740|Child_CrossABC2|2: 933 250 83 40 12 5 1 
50741|Survivor|1|Mutated: 933 250 83 40 13 5 1 
50744|Child_Avg|23|Mutated: 1128 281 90 41 13 4 1 
50753|Child_Cross12|33: 916 258 77 41 13 4 1 
50754|Child_Levy|56: 1241 340 94 39 14 5 1 
50755|Child_Cross21|54: 1346 361 107 44 13 3 1 
50756|Child_Avg|3: 1146 307 90 44 13 4 1 
50758|Child_Levy|20: 929 269 80 39 14 4 1 
50766|Child_Avg|39: 976 269 79 39 14 4 1 
50785|Child_Avg|23: 981 341 115 40 13 5 1 
50788|Child_CrossABC1|1|Mutated: 1081 302 112 40 13 5 1 
50790|Child_Avg|39: 1041 314 112 40 13 5 1 
50791|Child_CrossABC2|8: 1099 293 112 40 13 5 1 
50798|Child_Levy|48: 966 272 101 41 14 6 1 
50799|Child_Levy|28: 1003 276 105 41 14 6 1 
50813|Child_CrossABC1|1: 1009 288 99 40 13 4 1 
50815|Child_Avg|43: 943 264 95 40 14 5 1 
50817|Child_Cross21|50: 963 269 96 40 13 4 1 
50818|Child_Avg|3: 1082 297 105 45 13 4 1 
50836|Child_Avg|27|Mutated: 994 281 89 35 12 5 1 
50843|Child_Levy|40: 966 281 82 42 12 5 1 
50844|Child_Cross12|5: 950 282 83 41 13 4 1 
50847|Child_Levy|36: 904 275 83 40 12 5 1 
50848|Survivor|1|Mutated: 904 239 83 40 14 5 1 
50850|Child_Levy|24: 1070 308 86 35 11 4 1 
50852|Child_Avg|15: 948 299 80 39 11 4 1 
50854|Child_Avg|31: 971 275 76 40 13 4 1 
50855|Child_Avg|19: 954 293 77 40 13 4 1 
50856|Child_Avg|11: 918 283 93 39 14 4 1 
50859|Child_Levy|4: 1400 399 126 44 16 5 1 
50860|Child_Levy|24: 1142 323 109 40 14 5 1 
50865|Child_Levy|36: 1084 303 102 40 13 5 1 
50867|Child_Cross21|14: 1120 293 99 40 13 5 1 
50873|Survivor|1|Mutated: 1120 293 99 40 13 4 1 
50874|Survivor|1|Mutated: 1264 293 99 40 13 4 1 
50877|Child_LevyABC1|11: 1084 299 102 40 14 5 1 
50880|Child_Levy|40: 1319 287 113 37 14 6 1 
50885|Child_Cross21|26: 971 283 90 35 12 5 1 
50886|Child_Cross21|46: 1033 287 89 37 14 6 1 
50888|Child_Cross21|26: 1067 285 96 37 14 6 1 
50891|Child_CrossABC2|2: 1032 288 89 37 14 6 1 
50892|Child_Cross21|42: 992 266 86 37 14 6 1 
50893|Child_Levy|28: 1134 373 107 39 14 6 1 
50895|Child_LevyABC2|6: 1082 348 154 47 16 6 1 
50898|Child_Avg|35: 1018 309 115 40 14 5 1 
50899|Child_Cross12|37: 1018 309 115 45 16 5 1 
50909|Child_Avg|3: 1293 340 101 40 13 4 1 
50910|Child_Cross12|5: 947 268 95 45 16 5 1 
50911|Child_Avg|31: 1124 314 98 41 13 4 1 
50922|Child_LevyP1|3: 1126 307 100 42 12 5 1 
50925|Child_Levy|40: 939 248 89 40 12 5 1 
50936|Child_Avg|3: 930 263 89 40 13 5 1 
50937|Child_LevyP2|4|Mutated: 933 257 94 32 13 4 1 
50949|Child_Avg|59: 1283 310 107 36 13 4 1 
50957|Child_Cross12|21: 1103 275 93 36 13 4 1 
50961|Child_CrossABC2|8: 1198 307 98 35 13 5 1 
50962|Child_Cross21|30: 1208 323 93 35 13 5 1 
50963|Survivor|1|Mutated: 1208 323 108 35 13 5 1 
50970|Child_Avg|39: 1119 284 94 36 13 4 1 
50971|Child_Levy|60|Mutated: 1087 281 98 40 14 5 1 
50972|Child_Avg|11: 1080 283 93 35 13 5 1 
50977|Child_Levy|12: 1084 281 93 37 13 4 1 
50978|Child_Cross21|14: 1030 263 91 35 13 5 1 
50980|Child_Cross12|53: 1146 257 87 36 13 4 1 
50981|Child_LevyABC1|5: 897 273 86 37 14 4 1 
50983|Child_CrossABC1|7: 951 269 85 35 12 5 1 
50985|Child_Levy|60: 922 277 89 35 12 5 1 
50986|Child_CrossABC1|1: 1072 269 85 35 12 5 1 
50987|Child_Cross12|21: 1025 268 85 35 12 5 1 
50989|Child_CrossABC1|1: 1077 268 85 35 12 5 1 
50991|Child_Avg|7: 1071 268 85 35 12 5 1 
50992|Child_Avg|7|Mutated: 1035 287 85 35 12 5 1 
50996|Child_Avg|47: 1041 268 85 35 12 5 1 
50997|Child_Cross21|14: 1050 267 84 35 12 5 1 
51000|Child_Avg|59: 1119 267 88 35 12 5 1 
51001|Child_Levy|20: 1043 268 83 36 13 4 1 
51002|Child_Cross12|1|Mutated: 1044 267 98 35 13 6 1 
51006|Child_CrossABC2|8: 1078 267 85 35 12 5 1 
51009|Child_Avg|27: 1046 263 86 35 12 5 1 
51013|Child_CrossABC2|8: 885 255 97 35 12 5 1 
51027|Child_Cross21|58: 885 255 97 35 11 5 1 
51032|Child_CrossABC2|2: 938 256 115 33 12 5 1 
51037|Child_Levy|56: 1056 246 103 38 17 5 1 
51038|Child_LevyABC1|11: 877 268 97 33 12 5 1 
51039|Child_Avg|11: 1049 269 95 35 13 5 1 
51042|Child_Cross21|38: 861 263 85 35 13 6 1 
51044|Child_Cross12|57: 969 259 82 35 13 6 1 
51045|Child_Cross21|30: 1078 236 85 35 12 5 1 
51046|Survivor|1|Mutated: 1078 234 85 40 12 5 1 
51047|Child_LevyP1|3: 990 258 87 35 11 5 1 
51048|Child_Avg|11: 911 256 86 35 11 4 1 
51058|Child_CrossABC2|8: 961 259 85 35 12 5 1 
51059|Child_Cross12|41: 868 258 84 35 12 5 1 
51060|Child_CrossABC1|7: 910 269 84 35 11 4 1 
51065|Child_Avg|51: 885 246 78 35 11 4 1 
51066|Child_Levy|44: 914 262 77 35 13 6 1 
51067|Child_Cross12|17|Mutated: 841 246 78 32 11 4 1 
51068|Child_Cross21|14: 940 261 76 35 13 6 1 
51070|Child_Levy|40: 930 255 74 36 13 4 1 
51083|Child_CrossABC1|1: 1210 343 143 36 13 4 1 
51084|Child_Levy|8: 971 320 111 36 14 5 1 
51086|Child_Avg|15: 933 288 89 35 12 5 1 
51093|Child_Cross21|42: 896 277 84 35 11 5 1 
51095|Child_Cross21|26: 902 269 83 36 13 4 1 
51097|Child_Cross12|57: 891 278 84 35 12 5 1 
51098|Child_CrossABC2|2: 915 281 90 35 12 5 1 
51101|Child_CrossABC2|8: 925 283 90 35 12 5 1 
51102|Child_Avg|43: 911 279 90 35 12 5 1 
51110|Child_Cross12|17: 920 279 86 35 12 5 1 
51111|Child_Cross12|45: 909 276 85 35 12 5 1 
51114|Child_CrossABC2|2: 918 269 85 35 12 5 1 
51115|Child_CrossABC1|7: 919 272 86 35 12 5 1 
51123|Child_Cross12|37: 913 278 88 35 12 5 1 
51126|Child_CrossABC2|8: 916 269 85 35 12 5 1 
51127|Child_Cross21|42: 920 272 86 35 13 5 1 
51128|Child_Cross21|14: 895 272 85 35 12 5 1 
51129|Child_CrossABC1|1: 883 273 86 35 11 5 1 
51136|Child_CrossABC1|1: 920 272 82 35 13 5 1 
51138|Child_CrossABC1|1: 926 275 82 32 13 4 1 
51139|Child_Avg|55|Mutated: 1033 353 113 41 11 5 1 
51147|Child_Levy|36|Mutated: 932 293 93 36 13 4 1 
51155|Child_Levy|32: 940 277 86 36 13 4 1 
51158|Child_CrossABC2|2: 926 286 87 36 13 4 1 
51159|Child_Avg|23: 904 282 91 45 14 4 1 
51160|Child_Cross21|22: 946 264 73 35 12 5 1 
51163|Child_Cross21|50|Mutated: 920 269 84 35 13 5 1 
51166|Child_Cross21|26: 926 275 77 35 12 5 1 
51169|Child_Avg|19: 927 277 80 35 13 5 1 
51171|Child_Avg|23: 938 276 77 37 13 4 1 
51172|Child_Cross12|53: 888 265 77 35 13 5 1 
51173|Child_Avg|11|Mutated: 956 272 89 36 13 4 1 
51174|Child_CrossABC2|8: 1020 275 91 35 13 5 1 
51181|Child_Avg|31: 991 272 85 35 12 5 1 
51182|Child_Avg|39: 1024 271 85 35 12 5 1 
51183|Child_Avg|55: 960 276 86 35 13 5 1 
51189|Child_CrossABC1|1: 879 253 89 35 13 5 1 
51191|Child_Cross12|25: 943 268 77 35 13 5 1 
51194|Child_LevyABC2|6: 921 285 89 35 11 5 1 
51195|Survivor|1|Mutated: 921 285 104 35 11 5 1 
51197|Child_Avg|11: 925 270 97 35 11 5 1 
51198|Child_CrossABC1|7|Mutated: 942 311 97 35 11 5 1 
51203|Child_CrossABC2|2: 943 287 110 35 11 5 1 
51213|Child_Avg|55: 954 272 86 35 12 5 1 
51223|Child_Avg|59: 968 268 86 35 12 5 1 
51228|Child_Cross12|25: 968 279 81 35 13 5 1 
51229|Child_Levy|4|Mutated: 869 268 90 35 13 5 1 
51231|Child_Cross21|18: 967 278 79 35 12 5 1 
51232|Child_Levy|40: 895 257 89 36 14 5 1 
51234|Child_Cross21|50: 982 275 78 35 12 5 1 
51237|Child_LevyABC2|6: 1016 259 109 36 13 4 1 
51248|Child_LevyP1|3: 925 255 86 39 15 4 1 
51249|Child_Avg|27: 947 254 83 43 13 5 1 
51253|Child_Levy|40: 924 255 76 35 13 5 1 
51254|Child_Levy|36: 938 254 77 35 11 5 1 
51261|Child_Avg|51: 916 256 75 35 11 5 1 
51264|Child_Avg|51: 923 255 78 35 12 5 1 
51265|Child_Avg|3: 930 257 75 35 12 5 1 
51269|Child_Avg|19: 767 267 99 40 13 4 1 
51280|Child_Avg|51|Mutated: 825 258 88 40 13 5 1 
51284|Child_Avg|27: 820 248 77 41 13 4 1 
51285|Child_Levy|20: 1875 421 129 39 16 5 1 
51286|Child_Levy|56: 928 261 85 40 14 5 1 
51293|Child_CrossABC1|7: 913 283 79 40 12 5 1 
51295|Child_CrossABC1|7: 930 272 81 40 12 5 1 
51297|Child_Cross21|10: 880 233 72 40 13 4 1 
51299|Child_Avg|43: 953 345 92 32 13 4 1 
51301|Child_Levy|44: 911 304 84 35 11 5 1 
51307|Child_Avg|31|Mutated: 1451 345 121 40 12 5 1 
51310|Child_Avg|15: 1419 349 119 39 14 4 1 
51311|Child_LevyP1|3: 1163 321 103 41 13 6 1 
51312|Child_LevyP2|4: 1388 342 115 40 13 5 1 
51313|Child_CrossABC2|8: 1346 327 118 41 13 4 1 
51316|Child_Avg|11: 1157 304 104 41 13 4 1 
51318|Child_Cross21|14: 1157 304 104 39 14 4 1 
51320|Child_Cross12|25: 1093 295 92 41 13 4 1 
51329|Child_Avg|31: 1082 292 90 41 13 4 1 
51336|Child_Cross21|26: 1147 316 85 41 13 4 1 
51337|Child_CrossABC1|1: 1148 309 87 41 13 4 1 
51339|Child_Cross12|25|Mutated: 1149 303 87 41 13 4 1 
51341|Child_Cross21|10: 1089 289 85 41 13 4 1 
51343|Child_CrossABC1|1: 1127 300 85 41 13 4 1 
51350|Child_Cross21|58: 1127 312 85 40 13 4 1 
51351|Child_Avg|43: 1131 300 85 41 13 4 1 
51353|Child_Avg|35: 1128 313 85 41 13 4 1 
51355|Child_Avg|39: 1131 306 85 40 13 5 1 
51364|Child_Avg|55: 1162 311 87 40 12 5 1 
51365|Child_LevyP1|3: 1177 278 129 39 14 6 1 
51372|Child_Cross21|46: 1116 308 83 40 14 5 1 
51376|Child_Cross21|58: 1096 285 79 40 14 5 1 
51377|Child_Avg|55: 1380 360 126 43 15 4 1 
51378|Child_Avg|11: 1289 305 103 41 13 4 1 
51379|Child_LevyABC1|5: 1390 332 141 40 12 5 1 
51380|Child_Cross12|49: 1120 302 81 40 12 5 1 
51381|Child_LevyABC2|12: 1141 293 103 42 11 4 1 
51382|Child_Cross21|18: 850 295 87 41 14 4 1 
51383|Child_Cross12|41: 1194 315 99 40 12 5 1 
51393|Child_Avg|7: 1131 311 93 40 12 5 1 
51394|Child_CrossABC1|1: 1090 314 93 40 12 5 1 
51396|Child_CrossABC1|1: 1089 329 93 40 12 5 1 
51398|Child_CrossABC2|8: 1088 321 93 40 12 5 1 
51402|Child_Levy|4: 1121 329 92 41 13 4 1 
51403|Child_Avg|59: 1106 324 89 40 12 5 1 
51406|Child_Levy|36|Mutated: 1130 320 89 41 13 4 1 
51419|Child_CrossABC2|8: 1122 315 88 41 13 4 1 
51424|Survivor|1|Mutated: 1122 315 88 40 13 5 1 
51429|Child_Avg|23: 1120 315 89 40 13 5 1 
51433|Child_CrossABC1|7: 1131 308 86 40 13 5 1 
51436|Child_CrossABC1|7: 1141 308 86 40 13 5 1 
51438|Child_CrossABC1|1: 1134 308 83 40 13 5 1 
51442|Child_CrossABC1|1: 1135 307 83 40 13 5 1 
51443|Child_Cross21|54: 1089 308 83 40 13 5 1 
51446|Child_Cross21|14: 1123 308 83 40 13 5 1 
51449|Child_Cross21|42: 1132 308 83 40 13 5 1 
51451|Child_Avg|19: 1128 307 83 40 13 5 1 
51461|Child_Cross21|34: 1132 307 83 40 13 5 1 
51471|Child_CrossABC1|7|Mutated: 1113 309 90 40 13 5 1 
51476|Child_Avg|7: 1089 303 84 40 13 5 1 
51483|Child_Cross21|10: 1049 307 83 40 13 5 1 
51496|Child_Levy|16: 1121 308 82 39 14 6 1 
51498|Child_Avg|55|Mutated: 1119 310 97 40 13 5 1 
51506|Child_CrossABC1|1: 1128 311 112 40 13 5 1 
51507|Child_LevyABC1|11: 1098 325 108 37 14 4 1 
51509|Child_Cross21|46: 1124 310 111 40 13 5 1 
51511|Child_CrossABC2|2: 1123 310 111 40 13 5 1 
51518|Child_Levy|20: 1128 315 99 41 14 6 1 
51529|Child_CrossABC2|8: 1117 302 88 39 14 6 1 
51530|Child_Cross21|26: 1122 314 87 41 13 4 1 
51531|Child_Avg|51: 1119 305 88 39 14 6 1 
51533|Child_Cross12|37: 1123 313 87 39 14 6 1 
51535|Child_Avg|55: 1114 310 86 35 13 5 1 
51537|Child_Cross12|5: 1127 310 86 35 13 5 1 
51538|Child_Cross21|14: 1134 310 86 37 14 6 1 
51541|Child_Cross12|41: 1116 313 82 35 13 5 1 
51544|Child_Cross12|17: 1118 311 82 35 13 5 1 
51548|Child_Cross12|53: 1134 311 82 35 13 5 1 
51550|Child_Cross12|41: 1142 266 82 35 13 5 1 
51552|Child_Cross12|29: 1117 311 82 35 13 5 1 
51553|Child_Avg|15: 1124 300 82 35 13 5 1 
51554|Child_Cross21|26: 1125 309 82 35 13 5 1 
51565|Child_Cross21|58: 1121 309 82 35 13 5 1 
51568|Child_Cross12|57: 1098 300 82 35 13 5 1 
51573|Child_Cross21|14: 1121 308 82 35 13 5 1 
51574|Child_Cross12|1|Mutated: 1208 307 93 35 13 5 1 
51577|Child_Cross21|30: 1079 308 82 35 13 5 1 
51580|Child_Avg|11: 1113 308 82 35 13 5 1 
51582|Child_CrossABC2|8: 1131 310 98 35 13 5 1 
51584|Child_Avg|19: 1123 308 95 35 13 5 1 
51587|Child_CrossABC1|7: 1121 308 95 35 13 5 1 
51589|Child_CrossABC1|7: 1120 308 95 35 13 5 1 
51595|Child_Cross21|34: 1128 301 82 35 13 5 1 
51596|Child_Avg|47: 1089 300 82 35 13 5 1 
51599|Child_Cross12|13: 1116 301 82 35 13 5 1 
51600|Child_Avg|59: 1084 297 82 35 13 5 1 
51601|Child_Cross21|18: 1072 297 82 35 13 5 1 
51602|Child_CrossABC2|8: 1092 297 82 35 13 5 1 
51603|Child_Cross21|38: 925 265 82 35 13 5 1 
51605|Child_Cross12|17|Mutated: 1084 337 98 35 13 5 1 
51610|Child_Avg|47: 1107 300 89 35 13 5 1 
51613|Child_Cross12|21: 1117 300 82 35 13 5 1 
51614|Child_Avg|35|Mutated: 1042 300 82 35 13 5 1 
51617|Child_Cross12|25: 1112 300 82 35 13 5 1 
51620|Child_Avg|55: 1121 300 82 35 13 5 1 
51625|Child_Cross21|58: 1096 298 82 35 13 5 1 
51626|Child_Avg|59: 1088 297 82 35 13 5 1 
51628|Child_CrossABC1|1: 1100 297 82 35 13 5 1 
51633|Child_Cross12|57: 1124 301 82 35 13 5 1 
51635|Child_Cross12|5|Mutated: 1092 297 98 35 13 5 1 
51641|Child_CrossABC1|7: 1085 297 93 35 13 5 1 
51647|Child_Avg|35: 1097 296 82 35 13 5 1 
51650|Child_Avg|31: 1100 296 82 35 13 5 1 
51654|Child_Cross12|1: 1108 297 82 35 13 5 1 
51657|Child_Cross21|10: 1097 266 82 35 13 5 1 
51659|Child_Avg|23: 1101 296 82 35 13 5 1 
51661|Child_Cross21|10: 1092 296 82 35 13 5 1 
51665|Child_CrossABC2|2: 1089 296 82 35 13 5 1 
51670|Child_Cross12|5: 1104 297 82 35 13 5 1 
51674|Child_Cross21|14: 1104 296 82 35 13 5 1 
51678|Child_LevyP2|10: 1072 302 89 37 14 6 1 
51681|Child_Cross12|9: 1112 296 82 35 13 5 1 
51685|Child_Avg|19: 1103 296 82 35 13 5 1 
51700|Child_Cross12|1|Mutated: 1054 296 82 35 13 5 1 
51703|Child_CrossABC1|7: 1115 296 82 35 13 5 1 
51711|Child_Cross21|2: 1080 296 82 35 13 5 1 
51737|Child_CrossABC2|8|Mutated: 1377 323 103 35 13 5 1 
51771|Child_Cross21|30: 1065 296 82 35 13 5 1 
51772|Child_Cross21|6: 1085 296 82 35 13 5 1 
51796|Child_Cross12|29: 1030 296 82 35 13 5 1 
51807|Child_Cross21|22: 1062 296 82 35 13 5 1 
51810|Child_Cross21|14: 1053 296 82 35 13 5 1 
51831|Child_LevyP2|4: 1050 297 103 37 14 6 1 
51834|Child_Cross21|22: 1071 296 82 35 13 5 1 
51866|Child_CrossABC1|1|Mutated: 1124 296 82 35 13 5 1 
51931|Child_Cross12|45|Mutated: 1497 406 112 40 13 4 1 
51932|Child_Cross12|49: 1192 303 88 40 13 5 1 
51933|Child_Avg|15: 1115 288 90 40 13 5 1 
51936|Survivor|1|Mutated: 1115 288 90 40 13 4 1 
51938|Child_LevyP2|4: 1219 307 99 37 14 6 1 
51945|Child_Levy|12: 1036 293 87 39 14 4 1 
51946|Child_Avg|27: 1124 296 93 39 14 6 1 
51948|Child_Cross12|49: 1124 296 93 39 14 4 1 
51953|Child_Avg|11: 1076 293 93 39 14 4 1 
51954|Child_Cross12|1: 1132 294 81 36 13 4 1 
51958|Child_Avg|23: 1221 344 97 36 13 4 1 
51961|Child_CrossABC2|2: 1258 338 107 36 13 4 1 
51962|Child_Avg|35: 1047 316 87 36 13 4 1 
51965|Child_CrossABC2|8: 1093 300 95 37 13 4 1 
51967|Child_Avg|11: 1113 304 94 32 13 4 1 
51978|Child_Cross21|26: 1068 291 86 35 13 5 1 
51985|Child_CrossABC2|8|Mutated: 1080 291 85 35 13 5 1 
51986|Child_Avg|11: 1043 279 79 35 12 5 1 
51987|Child_Cross12|41: 4388 1122 291 82 35 13 5 1 
51988|Child_Cross12|45: 1011 275 78 35 12 5 1 
51996|Child_CrossABC1|1: 1091 275 78 35 12 5 1 
51997|Child_Avg|59: 910 276 77 35 12 5 1 
52006|Child_CrossABC1|1: 932 284 97 35 12 5 1 
52015|Child_Levy|32: 872 260 100 31 14 5 1 
52018|Child_CrossABC1|7: 979 258 74 35 12 5 1 
52020|Child_Cross12|41: 931 275 73 35 12 5 1 
52024|Child_Avg|35: 949 275 73 35 12 5 1 
52025|Child_Avg|59: 952 261 73 35 12 5 1 
52028|Child_Cross12|41: 952 267 73 35 12 5 1 
52034|Child_LevyABC1|5: 973 255 92 32 13 4 1 
52040|Child_Avg|15: 955 261 73 35 12 5 1 
52042|Child_Cross21|18|Mutated: 1054 261 85 35 12 5 1 
52043|Child_CrossABC1|1: 931 246 91 35 12 5 1 
52056|Child_Avg|3: 1468 409 109 40 12 5 1 
52061|Child_Avg|35: 1068 338 105 40 12 5 1 
52072|Child_Avg|31: 1078 311 102 41 13 4 1 
52087|Child_Levy|8: 1148 342 103 40 13 5 1 
52102|Child_Levy|24: 1088 319 100 37 14 4 1 
52104|Child_CrossABC2|2: 1106 320 99 40 13 5 1 
52105|Child_Cross21|6: 1088 320 93 43 14 6 1 
52106|Child_Cross12|13: 979 302 90 40 13 5 1 
52123|Child_CrossABC2|2: 999 309 89 40 13 5 1 
52125|Child_Cross21|34: 1053 298 85 40 13 5 1 
52126|Child_Cross12|41: 1011 306 85 40 13 5 1 
52127|Child_Cross12|21: 1029 316 85 40 13 5 1 
52129|Child_Cross12|13: 1049 296 85 37 14 4 1 
52133|Child_Cross21|58: 1053 304 85 40 13 5 1 
52135|Child_Avg|23: 1024 312 85 40 13 5 1 
52136|Child_CrossABC1|1: 1025 311 85 40 13 5 1 
52137|Child_Levy|36: 1095 308 85 40 14 5 1 
52139|Child_Avg|47|Mutated: 1030 367 101 40 13 5 1 
52142|Child_LevyABC2|12: 1039 331 104 43 14 4 1 
52153|Child_Levy|24: 1069 305 91 40 14 5 1 
52158|Child_CrossABC2|2: 1069 305 86 40 12 5 1 
52159|Child_Avg|19: 1077 310 100 41 14 4 1 
52162|Child_CrossABC2|8: 1074 304 94 39 14 4 1 
52165|Child_Levy|32: 1140 313 105 41 13 4 1 
52168|Child_Avg|55: 1108 312 97 40 14 5 1 
52170|Child_Levy|56: 1070 298 92 41 13 4 1 
52171|Child_Levy|16: 1091 293 96 34 16 5 1 
52173|Child_Cross21|30: 1052 301 94 34 16 5 1 
52179|Child_Cross12|13: 1037 315 88 39 14 6 1 
52182|Child_Cross21|26|Mutated: 1187 291 88 45 13 4 1 
52185|Child_Avg|23|Mutated: 1138 303 91 41 14 4 1 
52196|Child_LevyABC2|12: 1062 312 100 41 14 4 1 
52209|Child_Levy|20: 1112 305 86 40 14 5 1 
52214|Child_CrossABC2|2|Mutated: 1128 306 88 41 13 4 1 
52218|Child_Avg|43: 1079 303 84 40 13 4 1 
52220|Child_Cross12|37: 1075 297 83 42 13 6 1 
52221|Child_Cross21|38: 1071 294 83 40 13 4 1 
52223|Child_Cross12|33: 1067 300 83 40 12 5 1 
52224|Child_Avg|43: 1088 297 87 43 13 5 1 
52226|Child_CrossABC2|8: 1071 294 83 40 14 5 1 
52227|Child_CrossABC1|1: 1076 297 85 40 13 5 1 
52229|Child_Avg|55: 1075 296 85 40 12 5 1 
52232|Child_Avg|47: 1078 302 93 38 13 5 1 
52237|Child_Cross21|58: 1085 296 80 38 11 4 1 
52238|Child_Levy|4: 1130 298 80 37 13 4 1 
52240|Child_Cross21|46: 1092 297 80 37 13 4 1 
52246|Child_Levy|28|Mutated: 1163 276 93 35 11 5 1 
52247|Child_Avg|27: 1086 298 80 37 13 4 1 
52251|Child_Avg|19: 1113 299 79 37 13 4 1 
52253|Child_CrossABC1|7: 1088 288 81 37 13 4 1 
52255|Child_Levy|16|Mutated: 1025 272 92 41 13 4 1 
52268|Child_Levy|28: 1082 264 84 37 14 6 1 
52271|Child_Cross12|37: 1085 268 84 37 14 6 1 
52272|Child_CrossABC1|1: 1096 269 86 35 13 5 1 
52298|Survivor|1|Mutated: 1096 269 103 35 13 5 1 
52300|Child_Avg|59: 1088 265 89 35 12 5 1 
52305|Survivor|1|Mutated: 1088 288 89 35 12 5 1 
52308|Child_CrossABC2|8|Mutated: 1091 287 107 35 13 5 1 
52311|Child_Avg|3: 1099 278 98 35 13 5 1 
52315|Child_Levy|16: 1153 302 104 35 14 5 1 
52316|Child_Cross21|58: 1078 288 90 35 13 5 1 
52321|Child_CrossABC2|2: 1084 288 93 35 13 5 1 
52326|Child_Avg|51: 1440 372 115 41 13 4 1 
52338|Child_CrossABC1|7: 1299 336 105 41 13 4 1 
52339|Child_Cross12|57: 1349 354 105 41 13 4 1 
52340|Child_CrossABC1|7: 1131 325 103 41 13 4 1 
52341|Child_Cross12|41: 1182 320 103 41 13 4 1 
52343|Child_Avg|23: 1076 288 92 41 13 4 1 
52344|Child_CrossABC2|8: 1169 324 102 41 13 4 1 
52345|Child_CrossABC1|7: 1128 324 100 41 13 4 1 
52347|Child_Cross21|50: 1036 295 92 41 13 4 1 
52348|Child_Avg|59: 956 286 89 41 13 4 1 
52350|Child_CrossABC2|8: 1142 302 95 40 12 5 1 
52351|Child_Cross12|21: 966 295 89 40 13 5 1 
52352|Child_Avg|23|Mutated: 956 285 84 40 13 5 1 
52354|Child_Avg|55: 1155 286 90 40 13 5 1 
52356|Child_Avg|39: 1097 286 88 40 13 5 1 
52357|Child_CrossABC2|8: 1113 286 90 40 13 5 1 
52359|Child_Avg|15: 1089 287 88 40 13 5 1 
52361|Child_LevyABC2|12: 1101 293 82 37 14 4 1 
52362|Child_CrossABC2|8|Mutated: 1093 281 91 40 13 5 1 
52368|Child_CrossABC2|8: 1091 306 85 40 13 5 1 
52374|Child_Cross12|17: 1072 293 84 40 13 5 1 
52379|Child_Avg|59: 1075 286 84 40 13 5 1 
52399|Child_Avg|55: 1125 310 98 40 13 4 1 
52402|Child_CrossABC2|2: 1109 310 98 40 13 4 1 
52403|Child_LevyP1|9: 1113 304 109 35 12 5 1 
52407|Child_Levy|4: 1025 297 88 41 13 4 1 
52408|Child_Cross12|49: 1140 273 97 35 12 5 1 
52415|Child_Cross21|10: 1177 301 99 37 13 4 1 
52416|Child_Avg|51: 1116 294 94 37 13 4 1 
52417|Child_Cross21|38: 972 295 93 37 13 4 1 
52418|Child_CrossABC1|7: 1143 291 93 37 13 4 1 
52425|Child_LevyABC2|12: 1154 294 83 37 16 6 1 
52426|Child_Cross21|18: 1087 297 82 35 13 5 1 
52427|Child_CrossABC2|2: 1079 295 82 35 13 5 1 
52430|Child_CrossABC2|8: 1088 286 82 35 13 5 1 
52434|Child_CrossABC1|7: 1076 289 82 35 13 5 1 
52439|Child_Avg|15: 1017 287 90 35 12 5 1 
52444|Child_CrossABC1|7: 1036 266 108 35 12 5 1 
52453|Child_CrossABC2|8: 1020 258 109 35 12 5 1 
52458|Child_Avg|47: 981 271 93 35 13 5 1 
52459|Survivor|1|Mutated: 981 271 93 35 13 6 1 
52463|Child_Cross12|9: 1005 271 74 35 12 5 1 
52466|Child_Avg|19: 958 272 75 35 11 5 1 
52469|Child_Levy|52|Mutated: 1021 262 80 35 13 5 1 
52470|Child_Avg|19: 951 269 73 35 12 5 1 
52472|Child_Avg|3: 984 271 74 35 12 5 1 
52473|Child_CrossABC2|8: 976 269 75 35 12 5 1 
52474|Child_CrossABC2|8: 935 267 97 35 12 5 1 
52482|Child_CrossABC1|7: 996 276 86 35 12 5 1 
52483|Child_LevyABC1|5: 816 236 93 33 14 4 1 
52494|Child_Cross21|26: 978 267 73 35 12 5 1 
52495|Child_CrossABC1|1: 973 269 75 35 12 5 1 
52497|Child_Avg|27: 1091 258 73 35 11 4 1 
52498|Child_Cross21|54: 1091 258 73 35 12 5 1 
52500|Child_Cross12|1: 975 265 73 35 12 5 1 
52501|Child_Avg|7: 961 269 73 35 12 5 1 
52502|Child_Cross12|53: 990 272 73 35 12 5 1 
52505|Child_Cross12|45: 961 272 73 35 12 5 1 
52508|Child_CrossABC2|2: 1091 258 91 35 12 5 1 
52509|Child_CrossABC1|7: 1127 262 88 35 12 5 1 
52523|Child_Cross12|33: 1088 259 73 35 12 5 1 
52527|Child_Avg|7: 1090 259 73 35 12 5 1 
52538|Child_Levy|8|Mutated: 1090 274 82 35 13 6 1 
52560|Child_Levy|60: 1399 356 132 48 17 4 1 
52565|Child_Levy|44: 919 289 97 39 16 5 1 
52575|Child_Cross21|2|Mutated: 1313 326 112 40 17 5 1 
52584|Child_Cross12|1: 1023 299 101 39 14 4 1 
52587|Child_CrossABC2|2: 1158 295 99 39 14 4 1 
52590|Child_Avg|31: 962 291 90 39 14 4 1 
52591|Child_CrossABC1|1: 1073 296 93 39 14 4 1 
52593|Child_Cross12|1: 841 268 83 39 14 4 1 
52597|Random|11: 1136 352 126 37 18 4 1 
52598|Child_Levy|4: 930 276 85 40 13 5 1 
52599|Child_Cross12|29: 930 276 85 45 13 4 1 
52601|Child_Levy|36: 909 279 83 40 14 5 1 
52602|Child_CrossABC1|7: 944 278 85 40 13 5 1 
52609|Child_Levy|40: 937 266 82 39 11 4 1 
52611|Child_Levy|36: 866 273 89 40 13 5 1 
52615|Child_CrossABC2|8: 901 273 85 40 13 5 1 
52616|Child_Avg|59: 1055 309 88 41 13 4 1 
52620|Child_CrossABC2|2: 952 281 88 41 13 4 1 
52633|Child_CrossABC2|8: 951 279 89 41 13 4 1 
52641|Child_Avg|31: 962 277 87 41 13 4 1 
52647|Child_Cross12|37: 937 261 81 41 13 4 1 
52648|Child_Levy|44: 1089 266 99 40 13 4 1 
52650|Child_Avg|15: 991 264 90 40 13 4 1 
52651|Child_Levy|56: 1078 275 97 40 14 5 1 
52654|Child_CrossABC2|8: 1062 271 87 40 13 5 1 
52659|Child_CrossABC2|8: 1103 273 89 40 13 5 1 
52662|Child_Levy|16: 974 262 77 39 14 4 1 
52666|Child_CrossABC1|1: 1075 262 77 39 14 4 1 
52667|Child_Cross21|30|Mutated: 914 269 75 40 12 5 1 
52669|Child_Avg|47: 1144 269 75 40 12 5 1 
52670|Child_LevyABC2|6: 921 289 74 36 13 4 1 
52671|Child_Cross21|14: 943 281 73 40 12 5 1 
52672|Child_Cross12|29: 1041 272 73 36 13 4 1 
52682|Child_Avg|15: 956 272 77 40 13 5 1 
52683|Child_Avg|55: 1131 289 81 41 13 4 1 
52690|Child_Levy|48: 974 301 85 40 13 5 1 
52697|Child_Cross21|42: 974 301 85 40 12 5 1 
52699|Child_Avg|3: 949 271 95 37 12 5 1 
52716|Child_Levy|20: 902 282 90 35 13 5 1 
52719|Child_Cross21|6: 938 277 81 36 13 4 1 
52725|Child_Levy|12: 1218 332 89 40 13 5 1 
52730|Child_CrossABC2|8: 1207 326 90 40 13 5 1 
52734|Child_Cross12|29: 1049 299 84 40 13 5 1 
52735|Child_Avg|7|Mutated: 1372 339 100 41 14 4 1 
52744|Child_Cross21|2: 926 289 85 41 13 4 1 
52746|Child_LevyP1|9: 1158 311 93 36 13 4 1 
52749|Child_Avg|43: 1147 324 94 36 13 4 1 
52755|Child_LevyP2|10: 1098 329 105 39 16 5 1 
52758|Child_CrossABC1|1: 1129 311 90 39 16 5 1 
52759|Child_CrossABC2|2: 1079 324 111 39 16 5 1 
52775|Child_Cross21|34: 1066 303 90 37 13 4 1 
52777|Child_Avg|39: 1089 303 94 39 14 4 1 
52789|Child_Cross21|26: 1118 304 93 40 12 5 1 
52811|Child_Avg|51: 1130 294 91 40 13 5 1 
52814|Child_CrossABC1|1: 1124 292 89 40 13 5 1 
52827|Child_Levy|12: 1368 317 126 40 12 5 1 
52835|Child_Cross21|26: 925 270 89 41 13 4 1 
52841|Child_Levy|8: 951 269 92 41 14 4 1 
52842|Child_Avg|7: 969 291 86 35 12 5 1 
52849|Child_CrossABC2|2|Mutated: 972 303 86 35 13 5 1 
52850|Child_Avg|43: 946 293 85 40 13 5 1 
52853|Survivor|1|Mutated: 1089 307 85 40 13 5 1 
52856|Child_Avg|3: 1007 303 83 37 12 5 1 
52857|Child_Levy|8: 1063 310 85 36 11 5 1 
52858|Child_Avg|59: 1080 287 84 40 13 5 1 
52859|Child_LevyP1|3: 1146 293 91 43 14 6 1 
52860|Child_Levy|48: 1045 284 79 39 14 4 1 
52870|Child_Cross21|22: 950 288 76 39 14 4 1 
52871|Child_Cross21|58: 1019 281 77 40 14 5 1 
52873|Child_Levy|40: 1436 343 113 41 13 4 1 
52885|Child_Avg|31: 1364 329 105 41 13 4 1 
52888|Child_Avg|3: 1066 291 83 36 13 4 1 
52889|Child_LevyP2|10: 1348 327 106 37 12 5 1 
52891|Child_Cross21|54: 960 282 85 37 14 4 1 
52897|Child_Cross21|54: 960 282 85 35 12 5 1 
52898|Child_Avg|15: 1120 293 91 35 12 5 1 
52899|Child_Levy|32: 1144 294 81 36 13 4 1 
52900|Child_Levy|44: 1038 287 80 37 14 4 1 
52901|Child_Avg|19: 1079 287 81 36 13 4 1 
52902|Child_Cross21|26: 1051 290 80 37 14 4 1 
52903|Child_Avg|15: 1070 324 90 37 13 4 1 
52905|Child_Avg|27: 1069 315 86 37 14 4 1 
52910|Child_Avg|43: 1081 287 81 36 13 4 1 
52913|Child_Cross12|53: 993 278 76 36 13 4 1 
52914|Child_Levy|32: 1127 306 109 36 13 6 1 
52918|Child_CrossABC1|7: 1164 321 121 35 13 5 1 
52919|Child_LevyP1|3: 1161 324 122 37 14 4 1 
52920|Survivor|1|Mutated: 1161 324 122 39 14 4 1 
52921|Child_Avg|3: 1082 297 84 35 13 5 1 
52922|Child_Avg|23: 1118 311 107 36 13 4 1 
52923|Child_Cross21|46: 1125 326 99 36 13 4 1 
52928|Child_Levy|28: 1087 292 91 35 12 5 1 
52937|Child_CrossABC2|2: 1087 294 90 35 12 5 1 
52940|Child_Avg|27: 991 275 89 36 13 4 1 
52941|Child_Levy|56: 949 263 86 35 13 5 1 
52946|Child_Levy|40: 1083 292 91 35 13 5 1 
52950|Child_Cross21|26: 1116 299 82 33 14 4 1 
52952|Child_CrossABC2|8: 1063 313 82 35 13 5 1 
52953|Child_Avg|47: 1117 297 84 35 13 5 1 
52955|Child_Cross12|41: 988 232 77 35 13 5 1 
52957|Child_CrossABC2|8: 988 232 98 35 13 5 1 
52967|Child_CrossABC1|1: 895 276 85 35 13 5 1 
52976|Child_Avg|47: 1205 344 117 40 13 4 1 
52977|Child_Cross21|30: 931 271 80 35 13 5 1 
52982|Child_Avg|19: 992 276 86 35 12 5 1 
52993|Child_Cross21|30: 952 277 76 35 12 5 1 
52994|Child_Levy|40: 958 276 82 37 13 4 1 
52996|Child_Levy|40: 934 244 74 35 12 5 1 
52997|Survivor|1|Mutated: 874 244 74 35 12 5 1 
52998|Child_Avg|31: 936 268 75 35 11 5 1 
53001|Child_CrossABC1|7: 933 264 73 35 11 5 1 
53002|Child_Avg|3: 943 261 75 35 11 5 1 
53004|Child_CrossABC1|7: 923 264 75 35 11 5 1 
53010|Child_CrossABC2|8: 918 264 75 35 11 3 1 
53011|Child_Avg|11: 933 258 73 35 11 5 1 
53016|Child_Cross21|18: 898 245 71 35 11 5 1 
53017|Child_Cross21|26: 890 247 67 38 11 4 1 
53018|Child_Levy|36: 906 251 71 37 12 5 1 
53019|Child_Avg|7: 913 251 70 36 11 5 1 
53023|Child_Levy|52: 908 248 68 33 12 5 1 
53024|Child_Cross21|6: 916 250 65 33 12 5 1 
53025|Child_Levy|56: 898 253 65 34 11 5 1 
53026|Child_Cross12|5: 816 250 67 35 12 5 1 
53027|Child_Cross12|53: 900 258 68 31 10 4 1 
53029|Child_Avg|3: 1095 376 119 49 13 4 1 
53031|Child_LevyP2|4: 1029 295 94 42 12 5 1 
53036|Child_CrossABC1|1: 1094 298 97 40 12 5 1 
53043|Child_Levy|36: 975 269 90 41 13 4 1 
53044|Child_Avg|39: 1076 295 93 39 11 4 1 
53045|Child_Levy|44: 1092 277 109 40 12 5 1 
53048|Child_LevyABC2|12: 1162 277 103 41 13 4 1 
53056|Child_LevyP2|4: 1114 263 82 42 12 5 1 
53058|Child_Cross21|54: 1172 282 85 37 14 4 1 
53060|Child_Cross21|6: 1112 279 85 40 13 5 1 
53068|Child_Avg|15: 950 293 82 42 13 4 1 
53069|Child_Levy|24: 950 285 84 35 13 5 1 
53075|Child_CrossABC2|2: 999 288 89 35 12 5 1 
53079|Child_Cross12|21: 1046 283 76 35 12 5 1 
53080|Child_CrossABC1|7: 1098 286 86 35 12 5 1 
53083|Child_Cross21|50: 919 271 75 35 11 4 1 
53084|Child_Avg|15: 1061 283 74 35 12 5 1 
53085|Child_CrossABC1|1: 984 264 86 35 12 5 1 
53090|Child_CrossABC1|1: 920 257 85 35 12 5 1 
53097|Child_CrossABC2|8: 1115 277 79 35 12 5 1 
53098|Child_CrossABC2|8: 1184 264 78 35 12 5 1 
53099|Child_CrossABC1|7: 1142 251 77 35 12 5 1 
53101|Child_Levy|60: 1147 257 85 37 14 4 1 
53112|Child_Avg|15: 1065 259 76 36 13 4 1 
53114|Child_LevyABC1|5|Mutated: 1105 251 89 37 14 4 1 
53118|Child_LevyABC1|11: 921 251 87 35 12 5 1 
53120|Child_Avg|11: 941 240 81 32 13 5 1 
53126|Random|22: 1833 383 121 39 14 4 1 
53131|Child_Levy|4: 1145 258 83 33 14 4 1 
53132|Child_Avg|7: 1107 260 90 39 14 6 1 
53139|Child_Levy|8: 1068 252 100 41 14 6 1 
53140|Child_Avg|47: 1098 251 90 37 13 4 1 
53141|Child_Cross21|2: 1098 251 90 40 13 5 1 
53143|Child_Cross12|37: 1149 253 88 40 13 5 1 
53144|Child_Cross12|29: 1090 253 88 40 13 5 1 
53145|Child_CrossABC2|8: 1110 253 88 40 13 5 1 
53146|Child_Levy|40: 1094 264 87 40 12 5 1 
53148|Child_Levy|56: 1090 251 88 42 12 5 1 
53154|Child_Avg|55|Mutated: 1062 251 79 40 12 5 1 
53155|Child_Cross12|33: 1088 266 77 41 13 4 1 
53156|Child_LevyP2|4: 1134 260 81 40 12 5 1 
53162|Survivor|1|Mutated: 1171 260 81 40 12 5 1 
53163|Child_Cross21|58|Mutated: 1088 266 91 40 14 5 1 
53165|Child_Levy|12: 1069 263 77 40 13 5 1 
53166|Child_Levy|8: 1081 266 77 40 13 4 1 
53167|Child_Levy|4: 987 308 99 35 13 5 1 
53174|Child_CrossABC2|2: 984 290 103 35 13 5 1 
53175|Survivor|1|Mutated: 984 312 109 35 12 5 1 
53177|Child_Levy|56: 1065 282 89 35 13 5 1 
53181|Survivor|1|Mutated: 1065 282 95 35 13 5 1 
53182|Child_Cross12|29: 1061 319 82 35 13 5 1 
53185|Child_CrossABC2|2: 1067 339 86 35 13 5 1 
53187|Child_CrossABC2|2: 1068 311 84 35 13 5 1 
53190|Child_CrossABC1|7: 1071 312 82 35 13 5 1 
53195|Child_CrossABC2|8: 1043 265 82 35 13 5 1 
53197|Child_CrossABC2|2: 1043 279 78 35 12 5 1 
53198|Child_CrossABC2|2: 1066 279 82 35 13 5 1 
53202|Child_CrossABC2|2|Mutated: 1073 289 86 35 13 5 1 
53214|Child_Cross12|45: 1080 281 73 35 12 5 1 
53215|Child_Avg|19: 1069 277 73 35 13 5 1 
53216|Child_LevyP1|3: 1063 281 74 33 14 4 1 
53236|Child_LevyP2|4|Mutated: 1039 279 91 30 11 5 1 
53247|Child_LevyP2|4: 1043 273 92 29 10 4 1 
53248|Child_Cross21|42: 1044 277 78 30 11 5 1 
53250|Child_Cross12|13: 1038 281 83 30 11 5 1 
53259|Child_CrossABC2|8: 1038 244 89 30 11 5 1 
53267|Child_Cross21|6: 4616 964 236 86 48 13 4 1 
53268|Child_Levy|32: 836 253 82 32 11 4 1 
53269|Child_Cross12|5: 1115 375 103 40 12 5 1 
53271|Child_Cross21|38: 999 289 97 40 12 5 1 
53280|Child_CrossABC2|8: 992 299 103 40 12 5 1 
53283|Child_CrossABC2|8: 961 289 110 40 12 5 1 
53285|Child_Cross21|42: 1045 273 89 40 12 5 1 
53287|Child_CrossABC1|1|Mutated: 1028 282 89 40 13 5 1 
53293|Child_Cross12|37: 1060 292 85 40 13 5 1 
53300|Child_Cross21|2: 1057 286 84 40 13 5 1 
53304|Child_CrossABC2|8: 1065 284 85 40 13 5 1 
53307|Child_CrossABC1|7: 1057 285 84 40 13 5 1 
53310|Child_CrossABC1|1: 1083 285 84 40 13 5 1 
53314|Child_Cross21|46|Mutated: 1096 281 99 40 13 5 1 
53326|Child_CrossABC1|7: 1100 279 98 40 13 5 1 
53339|Child_Avg|11: 1092 281 104 40 13 5 1 
53340|Child_Cross12|17: 1076 282 83 40 13 5 1 
53358|Child_CrossABC2|2: 1078 286 95 37 14 6 1 
53372|Child_Avg|3: 1076 292 86 35 12 5 1 
53373|Child_Cross21|22: 1089 279 86 35 12 5 1 
53387|Child_Levy|56: 1095 281 89 35 11 5 1 
53388|Child_CrossABC2|8: 1105 291 90 35 12 5 1 
53394|Child_Levy|40: 1081 283 81 36 13 6 1 
53395|Child_Cross21|10: 1103 319 83 37 12 5 1 
53396|Child_Cross21|42: 1096 289 82 35 13 5 1 
53405|Child_CrossABC1|1: 1097 288 82 35 13 6 1 
53406|Child_Avg|51: 895 258 75 35 11 5 1 
53409|Child_Cross12|21: 1073 278 76 35 13 5 1 
53411|Child_Avg|39: 886 255 73 35 11 5 1 
53415|Child_Avg|55: 919 252 73 35 11 5 1 
53437|Child_CrossABC1|1: 920 252 99 35 12 5 1 
53440|Child_Cross12|25: 999 266 89 35 13 5 1 
53442|Child_Levy|40: 1027 266 83 36 13 4 1 
53444|Child_Avg|11: 1058 267 88 35 12 5 1 
53445|Child_Cross21|22: 1065 261 86 36 13 4 1 
53446|Child_Avg|59: 1046 263 89 35 11 5 1 
53448|Child_Avg|11: 1083 271 84 35 13 5 1 
53450|Child_CrossABC1|7: 1034 271 84 35 13 5 1 
53458|Child_Cross12|33: 1034 271 84 35 12 5 1 
53459|Child_CrossABC2|8: 1027 272 85 35 13 5 1 
53460|Child_Cross21|50: 1053 271 82 35 13 5 1 
53461|Child_LevyP2|4: 1040 269 89 37 14 6 1 
53466|Child_Cross12|33: 1055 275 86 35 13 5 1 
53467|Child_Cross21|34: 1045 271 82 35 13 5 1 
53476|Child_Levy|20: 1156 283 86 35 11 5 1 
53477|Child_Avg|11: 1093 267 81 36 13 4 1 
53480|Child_Levy|52: 965 264 76 35 13 5 1 
53484|Child_Avg|11: 904 256 82 35 13 5 1 
53487|Child_CrossABC1|7: 939 268 75 35 11 4 1 
53489|Child_CrossABC2|2: 1038 289 76 35 13 5 1 
53492|Child_Avg|23: 982 274 76 35 13 5 1 
53494|Child_Avg|39: 1044 274 88 41 13 4 1 
53497|Child_Avg|11: 1064 284 79 39 14 5 1 
53498|Survivor|1|Mutated: 1064 284 79 39 14 6 1 
53499|Child_Cross21|18: 984 274 74 35 12 5 1 
53500|Child_Cross21|42: 1026 267 74 35 12 5 1 
53501|Child_Cross12|57: 959 264 71 36 13 4 1 
53503|Child_LevyP2|10: 1026 294 83 40 13 4 1 
53507|Child_Avg|39: 1052 278 76 35 12 5 1 
53508|Child_Avg|59: 1024 283 79 40 12 5 1 
53510|Child_Cross21|22: 1128 313 86 40 12 5 1 
53511|Child_Levy|36: 1286 286 101 41 14 6 1 
53513|Child_Avg|51: 1153 291 87 40 13 5 1 
53526|Child_Avg|11: 930 288 91 36 13 4 1 
53528|Child_Avg|55: 1127 292 77 40 14 5 1 
53529|Child_Cross21|22: 1047 285 80 36 13 4 1 
53532|Child_LevyP2|4: 1078 280 83 37 12 5 1 
53535|Child_Avg|7: 1057 286 79 37 13 4 1 
53541|Child_CrossABC1|1: 1065 285 80 37 13 4 1 
53565|Child_LevyABC2|6: 801 269 84 33 10 4 1 
53567|Child_Levy|40: 1383 411 147 43 14 4 1 
53568|Child_Avg|27: 1110 292 99 37 13 4 1 
53570|Child_Avg|11: 995 290 98 41 13 4 1 
53571|Child_LevyABC1|11|Mutated: 1003 285 93 40 14 5 1 
53572|Child_Avg|3: 952 267 90 40 13 5 1 
53573|Child_CrossABC1|1|Mutated: 1424 311 83 40 14 5 1 
53577|Child_LevyABC2|12: 1215 329 98 45 13 4 1 
53593|Survivor|1|Mutated: 1243 329 98 45 13 4 1 
53602|Child_Cross21|18: 1145 313 82 44 13 4 1 
53603|Child_Cross21|34: 1153 320 90 43 14 4 1 
53617|Child_Avg|43|Mutated: 1167 332 109 43 13 5 1 
53627|Child_Levy|40: 1262 327 118 40 12 5 1 
53631|Survivor|1|Mutated: 1224 327 118 40 12 5 1 
53633|Child_Avg|3: 1180 322 103 40 12 5 1 
53634|Child_Cross21|30: 1160 322 85 40 12 5 1 
53635|Child_Cross21|38: 1211 323 92 41 13 4 1 
53637|Child_CrossABC1|7|Mutated: 1121 318 90 41 13 4 1 
53639|Child_Cross12|17: 1133 316 87 41 13 4 1 
53640|Child_Avg|59: 1116 313 88 41 13 4 1 
53641|Child_Cross12|37|Mutated: 1130 313 85 40 12 5 1 
53642|Child_Cross12|5: 1126 313 87 41 14 4 1 
53654|Child_CrossABC2|8: 1170 313 85 37 14 4 1 
53657|Child_LevyABC2|6|Mutated: 1146 314 89 40 13 5 1 
53658|Child_CrossABC1|1: 1168 313 87 41 14 6 1 
53667|Child_Avg|43: 1218 338 101 41 14 4 1 
53668|Child_CrossABC1|7: 1200 340 114 41 14 4 1 
53669|Child_Avg|11: 1211 307 89 41 13 4 1 
53671|Child_Avg|15: 1163 318 90 41 13 4 1 
53683|Child_CrossABC1|1: 1162 320 90 41 13 4 1 
53688|Child_CrossABC2|8: 1140 309 85 40 12 5 1 
53689|Child_Avg|3: 1078 301 88 40 13 5 1 
53690|Survivor|1|Mutated: 1078 301 88 32 13 5 1 
53694|Child_Avg|47: 1035 313 86 35 12 5 1 
53697|Child_Cross12|1|Mutated: 1141 308 82 35 13 5 1 
53701|Child_Avg|23: 1078 306 84 35 13 5 1 
53709|Child_Cross21|42: 1099 302 80 35 13 5 1 
53711|Child_Levy|4: 1137 293 93 37 13 4 1 
53714|Child_Levy|20: 1081 292 77 35 12 5 1 
53715|Child_Cross21|6: 1136 299 76 35 13 5 1 
53716|Child_Cross12|45: 1087 292 77 35 12 5 1 
53717|Child_Avg|59: 1052 304 95 35 13 5 1 
53721|Child_Avg|3: 1043 303 84 35 13 5 1 
53724|Child_Cross12|29: 1064 300 77 35 13 5 1 
53725|Child_CrossABC1|1: 1037 302 80 35 13 5 1 
53732|Child_Levy|60|Mutated: 1048 301 90 37 14 4 1 
53761|Child_CrossABC2|2: 1025 294 85 37 14 4 1 
53764|Child_CrossABC1|1: 1033 294 85 37 14 4 1 
53766|Child_CrossABC2|8: 1031 265 85 37 14 4 1 
53772|Child_Levy|48: 1012 292 89 41 13 4 1 
53788|Child_Cross12|49: 1001 278 72 45 13 4 1 
53789|Child_Avg|27: 1640 352 87 39 14 4 1 
53790|Child_Levy|48: 1017 311 87 43 13 5 1 
53791|Child_Levy|8: 1034 284 83 41 13 4 1 
53793|Child_LevyP2|10|Mutated: 989 272 94 39 14 4 1 
53794|Child_CrossABC1|7: 1034 339 85 41 13 4 1 
53804|Survivor|1|Mutated: 1031 284 88 41 13 4 1 
53808|Child_Levy|16: 1025 276 88 39 14 4 1 
53822|Child_Levy|36: 1047 281 82 37 14 4 1 
53827|Child_Avg|51: 1267 303 86 40 14 5 1 
53830|Child_Avg|19: 1152 303 82 37 14 4 1 
53831|Child_Cross21|30: 1046 275 81 39 11 4 1 
53832|Child_Avg|39: 1287 303 85 39 14 4 1 
53833|Child_Cross21|14: 995 282 79 39 14 4 1 
53834|Child_Cross12|1: 1119 306 83 39 14 4 1 
53838|Child_LevyABC1|5: 1116 307 85 40 12 5 1 
53842|Child_CrossABC1|7: 1140 301 85 40 12 5 1 
53855|Survivor|1|Mutated: 1140 362 85 40 12 5 1 
53856|Child_Avg|39: 1087 294 79 40 12 5 1 
53857|Child_CrossABC2|8: 1133 305 91 40 12 5 1 
53860|Child_Levy|4: 1065 296 86 40 11 5 1 
53861|Child_Cross12|25: 1027 284 93 43 13 4 1 
53869|Child_LevyABC1|11: 1095 263 93 37 13 4 1 
53872|Child_Levy|60: 1112 294 93 35 13 5 1 
53875|Child_Cross12|41: 1087 297 89 35 13 5 1 
53881|Child_CrossABC2|8: 1051 311 99 35 13 5 1 
53893|Child_Cross12|45|Mutated: 1077 306 82 35 13 5 1 
53894|Child_Levy|40|Mutated: 1034 247 89 35 11 5 1 
53895|Child_Avg|59: 1067 303 85 35 12 5 1 
53898|Child_Avg|11: 1066 308 85 35 12 5 1 
53911|Child_CrossABC2|8|Mutated: 915 275 84 35 11 5 1 
53915|Child_Cross21|30: 1059 306 80 35 13 5 1 
53920|Child_Avg|11: 1058 311 78 35 11 5 1 
53921|Child_CrossABC1|7: 1096 298 77 35 12 5 1 
53922|Child_Cross21|54: 1051 302 78 35 12 5 1 
53925|Child_Avg|19: 1066 299 77 35 12 5 1 
53926|Child_LevyP2|4|Mutated: 909 306 89 35 12 5 1 
53928|Child_Cross21|50: 1088 297 77 35 13 5 1 
53929|Child_Avg|7: 1063 330 86 35 12 5 1 
53931|Child_Levy|28: 1065 320 79 33 14 4 1 
53932|Child_Levy|32|Mutated: 1107 301 92 43 14 6 1 
53933|Child_Cross12|29: 1061 322 80 35 13 5 1 
53940|Child_Levy|24: 1118 306 75 37 14 4 1 
53943|Child_Avg|51: 1063 308 76 35 11 4 1 
53944|Child_LevyABC1|11: 1178 318 81 37 14 4 1 
53945|Child_Cross12|41: 1097 307 77 37 14 6 1 
53947|Child_CrossABC2|2: 1071 301 73 36 13 4 1 
53948|Child_CrossABC1|1: 1070 301 73 36 13 4 1 
53950|Child_Levy|12|Mutated: 813 238 74 35 14 5 1 
53951|Child_CrossABC2|2: 960 236 73 35 11 5 1 
53957|Child_LevyABC2|6: 976 249 80 42 13 6 1 
53958|Child_CrossABC1|1: 958 251 74 35 12 5 1 
53963|Child_Avg|15: 947 252 73 35 12 5 1 
53965|Child_Cross21|38|Mutated: 985 244 82 36 15 4 1 
53967|Child_Avg|51: 730 225 78 35 12 5 1 
53968|Child_LevyP1|3: 1100 299 115 40 13 4 1 
53969|Child_Levy|52: 1033 261 80 37 13 5 1 
53970|Child_LevyABC2|6: 1477 437 110 35 12 5 1 
53971|Child_Cross12|1: 1006 278 84 35 12 5 1 
53974|Child_Cross12|53: 956 254 76 35 12 5 1 
53979|Child_CrossABC1|1: 962 256 77 35 13 5 1 
53981|Child_Avg|11: 957 255 76 35 13 5 1 
53988|Child_CrossABC2|2: 941 255 76 35 13 5 1 
53994|Child_CrossABC2|8: 948 256 77 35 13 5 1 
53995|Child_Cross21|10: 990 263 71 35 13 5 1 
53996|Child_Avg|23: 955 262 73 35 13 5 1 
53998|Child_Avg|3: 959 259 71 35 13 5 1 
54003|Child_Cross21|38: 966 258 71 35 13 5 1 
54005|Child_Cross21|30: 948 259 71 35 13 5 1 
54006|Random|26: 1657 401 124 45 13 4 1 
54013|Child_CrossABC2|8: 1186 265 111 35 13 5 1 
54015|Child_Avg|27: 1050 271 84 35 13 5 1 
54016|Child_CrossABC1|1: 1151 263 93 35 13 5 1 
54017|Child_CrossABC1|1: 1069 262 111 35 13 5 1 
54023|Survivor|1|Mutated: 1157 262 111 35 13 5 1 
54025|Child_LevyP1|3: 1167 267 105 31 14 4 1 
54062|Child_LevyP1|3: 1093 274 104 32 13 5 1 
54065|Survivor|1|Mutated: 1093 302 104 32 13 5 1 
54066|Child_Avg|7: 1116 278 111 32 13 4 1 
54067|Child_Levy|28: 947 272 92 31 14 4 1 
54074|Child_LevyP1|9: 1125 345 137 40 12 5 1 
54080|Child_LevyP1|3: 1091 331 126 39 11 4 1 
54081|Child_Avg|39: 933 304 102 35 11 4 1 
54083|Child_LevyP1|3: 1157 344 138 37 14 4 1 
54084|Child_Cross12|9|Mutated: 856 231 82 35 13 5 1 
54085|Child_Avg|35: 999 302 113 36 13 4 1 
54090|Child_Cross21|50: 851 268 86 35 13 5 1 
54091|Child_Avg|51: 820 253 84 35 13 5 1 
54096|Child_Cross21|50: 833 242 84 35 13 5 1 
54097|Child_Cross12|5: 831 244 80 35 13 5 1 
54098|Child_CrossABC2|8: 794 264 80 35 13 5 1 
54099|Child_CrossABC2|2: 914 244 80 35 13 5 1 
54101|Child_CrossABC2|8: 944 244 78 35 12 5 1 
54103|Child_Levy|52: 879 242 77 35 13 5 1 
54107|Child_Avg|55: 896 242 77 35 13 5 1 
54112|Child_Avg|47: 895 243 76 35 12 5 1 
54113|Child_Avg|55: 873 252 75 35 12 5 1 
54114|Child_Cross12|53|Mutated: 890 244 87 41 14 6 1 
54115|Child_Avg|39: 876 248 74 35 12 5 1 
54116|Child_Cross21|30: 853 257 75 35 12 5 1 
54117|Child_Avg|51: 879 243 76 35 12 5 1 
54118|Child_Avg|31: 877 244 74 35 12 5 1 
54120|Child_CrossABC2|8: 878 244 74 35 12 5 1 
54121|Child_Avg|47: 891 242 73 35 11 5 1 
54125|Child_Avg|27|Mutated: 914 243 78 35 11 5 1 
54136|Child_CrossABC2|2: 885 246 85 35 12 5 1 
54140|Child_CrossABC1|7|Mutated: 953 246 97 35 11 5 1 
54148|Child_Cross12|37|Mutated: 968 246 85 35 12 5 1 
54155|Child_Cross12|57: 881 249 73 35 12 5 1 
54187|Child_Avg|11: 1241 301 94 29 14 4 1 
54188|Child_Avg|43: 935 290 92 29 14 4 1 
54189|Child_Avg|51: 1153 286 98 32 13 4 1 
54191|Child_CrossABC2|2: 1393 289 94 32 13 4 1 
54199|Child_Cross12|17: 745 281 79 32 13 4 1 
54200|Child_Levy|24: 1061 280 91 33 14 6 1 
54201|Child_Avg|59: 870 265 81 32 13 4 1 
54202|Child_Avg|35: 897 265 81 32 13 4 1 
54205|Child_Avg|31: 953 254 81 32 13 4 1 
54206|Child_Cross21|18: 871 240 79 32 13 4 1 
54209|Child_CrossABC1|7: 914 274 81 32 13 4 1 
54213|Child_CrossABC2|8: 874 244 79 32 13 4 1 
54223|Child_Levy|44: 1051 307 115 40 13 5 1 
54232|Child_LevyP2|4: 1109 309 114 41 14 6 1 
54238|Child_Cross21|50: 1140 309 95 41 16 6 1 
54240|Child_Cross21|30: 971 281 98 39 14 6 1 
54244|Child_Cross12|25: 979 279 94 32 13 5 1 
54245|Child_Avg|3: 1235 298 111 40 17 5 1 
54246|Child_Avg|3: 1050 297 94 37 14 4 1 
54247|Child_Cross12|45: 1046 289 93 35 13 5 1 
54255|Child_CrossABC2|8: 1090 289 91 35 11 5 1 
54257|Child_Cross21|38: 1045 304 90 35 13 5 1 
54258|Child_Cross12|33: 1043 293 89 35 13 5 1 
54259|Child_Avg|11: 1069 277 93 35 13 5 1 
54260|Child_Cross21|14|Mutated: 1051 297 95 35 13 5 1 
54270|Child_CrossABC2|2: 1072 291 86 35 12 5 1 
54277|Survivor|1|Mutated: 1072 295 86 35 12 5 1 
54279|Child_Levy|4: 1070 295 82 42 12 5 1 
54281|Child_Avg|15: 1093 298 85 45 13 4 1 
54283|Child_Cross21|58: 1059 293 81 43 14 4 1 
54285|Child_Cross21|10: 1080 292 82 45 13 4 1 
54287|Child_Avg|31: 1030 288 79 40 12 5 1 
54288|Child_Cross21|6: 937 306 77 40 13 5 1 
54290|Child_Cross21|2: 1025 307 79 40 12 5 1 
54293|Child_Cross12|53: 1063 310 79 40 12 5 1 
54294|Child_CrossABC2|8: 1031 306 79 40 12 5 1 
54295|Child_CrossABC1|7: 1056 308 79 40 12 5 1 
54296|Child_Avg|15: 1027 290 78 35 12 5 1 
54297|Child_Cross12|13: 1039 306 79 40 12 5 1 
54298|Child_Cross21|14: 1029 310 77 40 12 5 1 
54300|Child_Avg|11: 1039 296 76 39 11 4 1 
54301|Child_CrossABC1|7: 1045 296 76 41 13 4 1 
54302|Child_Avg|19: 1033 292 76 39 11 4 1 
54303|Child_Cross21|58: 1047 327 77 41 13 4 1 
54304|Child_Levy|8: 1052 288 77 41 13 4 1 
54307|Child_Cross12|33: 1041 279 77 41 13 4 1 
54308|Child_Avg|35: 1041 326 77 40 12 5 1 
54309|Child_Cross12|25: 1040 297 76 35 11 5 1 
54312|Child_LevyP2|4: 851 331 121 40 14 5 1 
54316|Survivor|1|Mutated: 810 331 121 40 14 5 1 
54317|Survivor|1|Mutated: 810 329 121 40 14 5 1 
54323|Child_Avg|47: 861 324 97 40 14 5 1 
54331|Child_Avg|23: 1065 307 87 40 12 5 1 
54332|Survivor|1|Mutated: 1023 307 87 40 12 5 1 
54333|Child_Avg|59: 988 309 89 40 13 5 1 
54336|Child_CrossABC2|2: 1084 309 89 40 13 5 1 
54338|Child_Avg|15: 1028 293 84 40 13 5 1 
54341|Child_LevyP1|3: 1058 326 103 41 14 6 1 
54346|Child_Levy|4: 1131 310 105 37 14 6 1 
54348|Child_CrossABC1|1: 1127 315 103 37 14 6 1 
54349|Survivor|1|Mutated: 1127 315 103 37 14 4 1 
54367|Child_Avg|27: 1126 318 97 36 13 4 1 
54369|Child_LevyABC1|5: 1146 315 94 36 15 4 1 
54370|Child_CrossABC2|8: 1141 314 95 35 13 5 1 
54372|Child_CrossABC1|1: 1117 315 99 35 13 5 1 
54373|Child_Cross12|9: 980 284 91 35 13 5 1 
54381|Child_CrossABC1|7: 1078 311 98 35 13 5 1 
54384|Child_Cross12|29: 1060 293 87 35 12 5 1 
54385|Child_Cross21|50: 1085 304 89 35 13 5 1 
54387|Child_Cross21|50: 1052 312 85 35 12 5 1 
54394|Child_Cross21|22: 1053 299 86 36 13 4 1 
54400|Child_Levy|56: 1057 286 84 35 11 5 1 
54403|Child_Avg|43: 1359 364 106 41 14 4 1 
54404|Child_Cross12|33: 1029 286 90 39 14 4 1 
54410|Child_LevyABC1|11: 1052 286 93 35 13 5 1 
54419|Child_Avg|55: 1112 303 81 36 13 4 1 
54420|Child_Cross12|13|Mutated: 1100 296 85 35 12 5 1 
54433|Child_Levy|28: 1075 298 86 35 12 5 1 
54435|Child_Avg|15: 1072 297 85 35 12 5 1 
54438|Child_CrossABC2|2: 1071 302 91 35 12 5 1 
54442|Child_CrossABC1|7: 1073 298 85 35 12 5 1 
54447|Survivor|1|Mutated: 1071 302 98 35 12 5 1 
54461|Child_Cross12|5|Mutated: 1129 281 94 35 13 5 1 
54463|Child_Avg|3: 1073 256 88 35 11 4 1 
54464|Child_CrossABC2|8: 1095 298 98 35 12 5 1 
54468|Child_CrossABC2|8: 1009 252 86 35 12 5 1 
54469|Child_Avg|23: 987 267 86 35 12 5 1 
54482|Child_Avg|31: 962 251 103 41 11 4 1 
54483|Child_Levy|36: 1508 405 152 54 12 5 1 
54484|Child_Levy|32: 1215 386 113 53 17 5 1 
54485|Child_Cross21|38: 1053 347 98 35 11 4 1 
54486|Child_Levy|16: 1137 328 121 46 11 5 1 
54487|Child_Avg|23: 803 288 116 40 13 4 1 
54490|Child_LevyP1|3: 1184 369 100 37 14 6 1 
54491|Child_Levy|36|Mutated: 1160 307 95 43 14 4 1 
54492|Child_Cross12|49: 1157 329 97 40 13 4 1 
54495|Child_Cross12|53: 1130 340 103 40 13 5 1 
54499|Child_Levy|56: 1166 321 101 45 13 4 1 
54500|Child_Levy|40: 1113 323 94 43 14 4 1 
54501|Child_Avg|23|Mutated: 1123 337 107 36 13 4 1 
54505|Child_Levy|52: 1125 321 97 40 12 5 1 
54514|Child_CrossABC1|1: 1125 321 97 40 13 5 1 
54515|Child_CrossABC1|7: 1125 321 97 40 14 5 1 
54520|Child_Avg|23|Mutated: 1024 301 89 40 13 4 1 
54522|Child_Cross21|18: 1111 293 100 41 13 4 1 
54523|Child_CrossABC1|1: 1113 297 103 41 13 4 1 
54525|Child_CrossABC2|2: 1109 294 100 41 13 4 1 
54540|Child_Avg|43: 1130 304 94 39 14 4 1 
54541|Child_LevyABC1|5: 1107 299 90 39 14 4 1 
54542|Child_Levy|16: 1089 319 100 41 13 4 1 
54544|Child_Avg|47: 1092 306 100 41 14 4 1 
54545|Survivor|1|Mutated: 1092 271 100 41 14 4 1 
54547|Child_Avg|39: 1041 308 92 41 13 4 1 
54584|Child_CrossABC1|7: 1046 304 95 40 14 5 1 
54599|Child_Avg|3: 1032 301 97 40 13 4 1 
54603|Child_Avg|23: 968 297 84 40 13 5 1 
54605|Child_CrossABC1|1: 992 340 99 40 13 5 1 
54606|Child_LevyP2|4: 911 307 84 40 13 5 1 
54607|Child_CrossABC2|2: 1067 322 103 40 13 5 1 
54608|Survivor|1|Mutated: 1067 322 96 40 13 5 1 
54610|Child_LevyABC1|11: 1189 340 104 43 14 4 1 
54611|Child_Avg|47: 1111 300 90 41 13 4 1 
54628|Child_LevyABC2|12: 1314 386 109 37 14 6 1 
54630|Child_CrossABC2|2: 1356 239 98 40 17 4 1 
54631|Child_Levy|56: 1027 282 96 37 14 4 1 
54635|Child_Cross21|30: 888 246 88 43 13 5 1 
54637|Child_Cross21|38: 965 281 87 43 13 5 1 
54644|Child_Avg|39: 934 245 81 36 13 4 1 
54646|Child_Cross21|34: 981 275 86 37 14 6 1 
54647|Child_Levy|44: 908 261 77 37 14 4 1 
54672|Child_Avg|3: 965 269 82 39 14 4 1 
54682|Child_Avg|55: 939 279 97 43 14 4 1 
54683|Child_Cross12|37: 980 264 83 42 12 5 1 
54684|Child_LevyABC1|11: 914 273 96 43 13 4 1 
54685|Child_CrossABC2|2: 921 267 92 44 15 4 1 
54686|Child_Avg|3: 912 264 92 41 13 4 1 
54687|Child_CrossABC2|8: 928 266 92 45 14 4 1 
54689|Child_Avg|7: 939 252 89 41 13 4 1 
54692|Child_Cross21|54: 881 252 89 41 13 4 1 
54694|Child_Cross12|1: 948 244 83 41 13 4 1 
54695|Child_CrossABC1|7: 991 251 89 41 13 4 1 
54696|Child_Cross12|37: 911 250 87 41 13 4 1 
54698|Child_CrossABC2|8: 904 252 85 40 12 5 1 
54699|Child_CrossABC2|8: 889 247 87 41 13 4 1 
54706|Child_Cross12|25: 950 244 89 41 13 4 1 
54711|Child_Cross12|45: 888 244 89 41 13 4 1 
54714|Child_Cross21|2: 925 289 105 43 14 6 1 
54729|Survivor|1|Mutated: 1060 289 105 43 14 6 1 
54730|Child_Levy|16: 1573 444 126 51 16 5 1 
54731|Child_Avg|55: 1078 289 94 41 13 4 1 
54734|Child_Levy|52: 1089 297 103 43 14 6 1 
54738|Child_CrossABC2|8: 1123 291 106 43 14 6 1 
54739|Child_CrossABC1|1: 1112 302 106 43 14 6 1 
54763|Child_CrossABC2|2: 1133 303 111 43 14 6 1 
54764|Child_Avg|39: 1107 298 105 43 14 6 1 
54770|Survivor|1|Mutated: 1107 298 105 41 14 6 1 
54771|Child_LevyP2|4|Mutated: 1065 330 111 40 13 5 1 
54778|Child_Levy|24: 1072 311 105 41 14 6 1 
54779|Child_Cross21|14: 1106 293 97 40 13 5 1 
54782|Child_Cross21|14: 1063 299 97 40 14 5 1 
54787|Child_LevyP2|10: 1061 298 100 41 14 4 1 
54788|Child_CrossABC2|8: 1106 298 97 40 13 5 1 
54794|Child_Cross12|5: 1064 298 92 41 13 4 1 
54797|Child_Cross12|49: 1071 270 98 40 13 5 1 
54810|Child_Avg|43: 1070 274 89 40 13 5 1 
54812|Child_LevyP1|9: 1062 271 98 41 13 4 1 
54813|Child_Cross21|30: 1067 271 85 40 13 5 1 
54819|Child_Cross12|5: 1068 281 84 40 13 5 1 
54827|Child_Cross21|30: 1058 285 84 40 13 5 1 
54829|Child_Cross12|17: 1063 281 84 40 13 5 1 
54830|Child_CrossABC2|2: 1055 289 84 40 13 5 1 
54832|Child_Cross21|30: 1059 278 83 40 13 5 1 
54833|Child_CrossABC2|2|Mutated: 984 285 84 40 13 5 1 
54836|Child_Levy|4|Mutated: 1060 277 98 39 16 5 1 
54837|Child_Cross21|6|Mutated: 1062 310 97 40 13 5 1 
54839|Child_CrossABC1|1: 1069 291 96 40 13 5 1 
54840|Child_Levy|32: 1048 295 87 41 14 6 1 
54862|Child_Avg|7: 1321 447 128 40 13 5 1 
54863|Child_Levy|20: 1190 363 103 37 14 6 1 
54889|Child_Levy|8: 1147 353 94 30 12 5 1 
54891|Child_Avg|31: 1101 341 101 45 13 5 1 
54893|Child_CrossABC1|7: 1051 325 101 39 14 4 1 
54898|Child_LevyP1|3: 1016 316 103 36 15 4 1 
54902|Child_CrossABC1|7: 918 303 91 37 14 4 1 
54905|Child_Cross12|25: 991 298 91 37 14 4 1 
54906|Child_Avg|39: 1081 314 87 36 13 4 1 
54908|Child_Cross12|1: 964 282 89 35 11 5 1 
54909|Child_Cross12|53: 928 292 89 35 13 5 1 
54910|Child_Cross21|14: 964 282 89 35 13 5 1 
54911|Child_Cross21|46: 959 268 86 35 12 5 1 
54948|Child_Levy|8: 1152 304 83 36 13 4 1 
54949|Child_CrossABC1|1|Mutated: 1112 306 85 35 12 5 1 
54953|Child_CrossABC2|2: 1070 272 86 35 12 5 1 
54971|Child_Cross21|50: 1070 272 86 35 13 5 1 
54973|Child_Cross21|10: 1060 273 80 35 13 5 1 
54987|Child_Cross21|46: 1124 276 77 35 13 5 1 
54988|Child_Avg|7: 1055 278 76 36 13 4 1 
54989|Child_Avg|7: 1046 273 76 35 13 5 1 
54990|Child_Avg|3: 1035 277 76 35 13 5 1 
54995|Child_CrossABC1|1: 1055 277 76 35 13 5 1 
54998|Child_CrossABC1|1: 1058 277 76 35 13 5 1 
54999|Child_Levy|20: 1052 292 75 35 12 5 1 
55001|Child_Cross12|25: 1068 274 73 35 13 5 1 
55002|Child_Cross12|25: 1076 285 73 35 12 5 1 
55004|Child_Avg|35|Mutated: 1068 274 78 35 12 5 1 
55007|Child_Cross12|29: 1079 282 73 35 11 5 1 
55010|Child_Cross12|49|Mutated: 1071 274 82 35 13 5 1 
55019|Child_Avg|19: 1067 274 80 35 13 5 1 
55020|Child_Avg|15|Mutated: 1064 273 86 35 12 5 1 
55024|Child_Cross12|9: 1066 253 73 35 12 5 1 
55025|Child_CrossABC2|8: 1069 272 73 35 12 5 1 
55027|Child_Avg|23: 1065 274 76 35 13 5 1 
55033|Child_Cross21|58: 885 272 73 35 12 5 1 
55040|Child_Cross12|29: 1080 272 73 35 12 5 1 
55053|Child_Cross21|22: 1060 272 73 35 12 5 1 
55054|Child_Cross12|29: 1031 272 73 35 12 5 1 
55062|Child_Cross21|46: 1016 272 73 35 12 5 1 
55075|Random|63: 1460 347 132 35 18 4 1 
55083|Child_Avg|43: 1085 299 99 36 13 4 1 
55090|Survivor|1|Mutated: 1085 308 99 36 13 4 1 
55098|Child_Levy|44: 1066 305 95 37 14 6 1 
55099|Child_CrossABC2|8: 1078 309 96 37 14 6 1 
55110|Child_Cross21|10: 1150 302 89 37 14 6 1 
55114|Child_CrossABC1|1: 1159 302 89 37 14 6 1 
55115|Child_CrossABC1|1: 1157 302 89 37 14 6 1 
55116|Child_Cross12|49: 1150 337 89 37 14 6 1 
55118|Child_Avg|31: 1081 288 89 37 14 6 1 
55132|Survivor|1|Mutated: 1081 288 89 37 17 6 1 
55133|Child_Cross21|50: 931 262 81 33 13 4 1 
55134|Child_Levy|24: 1092 305 103 41 14 6 1 
55142|Child_CrossABC1|1: 1089 297 102 41 14 6 1 
55143|Child_CrossABC2|2: 1090 302 104 41 14 6 1 
55148|Child_Levy|28: 1066 307 105 39 14 6 1 
55160|Child_Levy|12: 1113 307 100 41 14 6 1 
55161|Child_Cross21|54: 1111 307 103 40 13 5 1 
55166|Child_Cross12|37: 1071 294 88 40 13 5 1 
55167|Child_CrossABC1|7: 1071 298 85 40 13 5 1 
55168|Child_Cross21|58: 1125 255 84 40 13 5 1 
55183|Child_CrossABC1|1: 1115 298 85 40 13 5 1 
55185|Child_CrossABC1|1: 1160 297 85 40 13 5 1 
55189|Child_CrossABC2|2: 1126 297 85 40 13 5 1 
55190|Child_CrossABC2|2: 1130 297 85 40 13 5 1 
55191|Child_Cross21|46: 1137 292 85 40 13 5 1 
55195|Child_Avg|39: 1129 297 85 40 13 5 1 
55201|Child_Avg|55: 1159 289 85 40 13 5 1 
55202|Child_CrossABC2|2: 1148 292 85 40 13 5 1 
55211|Child_Cross12|29: 1137 289 84 40 13 5 1 
55213|Child_Avg|19: 1142 289 84 40 13 5 1 
55217|Child_Cross21|22: 1144 293 83 40 14 5 1 
55223|Child_Avg|19: 1115 294 83 40 13 5 1 
55225|Child_Avg|27: 1130 285 84 40 13 5 1 
55250|Child_CrossABC2|2: 1115 293 84 40 13 5 1 
55262|Child_CrossABC1|1: 1007 292 87 40 13 5 1 
55264|Child_Cross12|45: 1049 282 86 40 13 5 1 
55265|Child_Cross21|18: 1079 295 84 40 13 5 1 
55269|Child_CrossABC2|8: 1084 299 85 40 13 5 1 
55270|Child_CrossABC2|8: 1085 289 84 40 13 5 1 
55271|Child_Avg|39: 1083 295 84 40 13 5 1 
55274|Child_CrossABC1|1: 1080 295 84 40 13 5 1 
55275|Child_CrossABC2|2: 1075 295 84 40 13 5 1 
55277|Child_Avg|3: 1113 295 84 40 13 5 1 
55284|Child_Levy|4|Mutated: 1196 302 95 37 14 4 1 
55287|Child_Avg|35|Mutated: 1101 309 100 49 13 4 1 
55290|Child_LevyABC2|12: 1102 307 97 46 11 4 1 
55303|Child_CrossABC1|7: 1103 315 108 48 13 6 1 
55304|Child_CrossABC2|2: 1129 303 99 49 13 4 1 
55321|Child_Avg|23: 1088 275 99 40 13 4 1 
55325|Child_Cross12|33: 1122 287 88 40 13 4 1 
55330|Child_Cross12|41: 994 286 85 40 13 4 1 
55331|Child_Cross21|42: 1057 285 87 40 13 4 1 
55332|Child_Cross12|21: 1018 285 86 42 12 5 1 
55335|Child_Levy|44: 1081 300 85 41 13 4 1 
55337|Child_Levy|16: 1117 287 85 40 12 5 1 
55343|Child_CrossABC2|8: 1091 299 85 40 13 5 1 
55346|Child_Cross12|53: 1092 297 85 40 13 5 1 
55350|Child_CrossABC2|2: 1089 297 85 40 13 5 1 
55365|Child_Levy|52: 1066 294 82 39 14 4 1 
55366|Child_Cross12|41: 1077 297 83 40 13 4 1 
55370|Child_Avg|27: 1105 303 96 38 13 5 1 
55377|Child_Avg|35: 1112 303 90 37 13 5 1 
55378|Child_LevyABC1|11: 1117 319 95 35 13 6 1 
55382|Child_Levy|44: 1113 302 77 35 13 6 1 
55383|Child_Avg|19: 1367 359 82 37 13 4 1 
55384|Child_Avg|39: 1114 308 87 35 14 5 1 
55385|Child_LevyABC2|6: 1109 317 87 32 13 4 1 
55389|Child_Levy|12: 1068 291 77 35 13 5 1 
55393|Child_Avg|19: 941 237 75 32 13 4 1 
55395|Child_LevyP1|3: 733 287 94 36 13 4 1 
55396|Child_Levy|52: 884 263 92 32 13 4 1 
55408|Survivor|1|Mutated: 884 263 92 32 13 5 1 
55410|Child_Avg|39: 946 263 81 32 13 4 1 
55413|Child_CrossABC1|7: 998 263 81 32 13 4 1 
55415|Child_Levy|8: 978 265 81 31 14 4 1 
55417|Child_Avg|23: 996 287 79 32 13 4 1 
55420|Child_Avg|55: 999 274 79 32 13 4 1 
55422|Child_CrossABC2|8: 1162 323 79 32 13 4 1 
55424|Child_Levy|48: 1027 287 78 33 14 4 1 
55425|Child_Levy|52: 1022 305 86 35 11 4 1 
55428|Child_Avg|19: 1478 397 97 43 14 4 1 
55432|Child_Cross12|13: 947 277 76 42 11 4 1 
55433|Child_Levy|44: 1077 304 81 36 13 4 1 
55435|Child_Avg|11: 1008 289 77 41 13 4 1 
55461|Child_Avg|23: 1055 286 82 37 14 4 1 
55479|Child_Cross12|45|Mutated: 938 279 82 37 14 4 1 
55485|Child_LevyP2|4: 1013 277 84 40 13 5 1 
55489|Child_Avg|3: 1090 284 77 37 14 4 1 
55490|Child_CrossABC2|2: 1072 241 84 40 13 5 1 
55499|Child_CrossABC1|1: 904 264 83 40 13 5 1 
55500|Child_LevyABC1|11: 1024 225 110 39 14 6 1 
55502|Child_Levy|24: 1074 253 88 39 14 6 1 
55503|Child_CrossABC2|2: 1074 253 88 41 14 6 1 
55510|Child_Cross12|53|Mutated: 1017 269 75 32 13 4 1 
55512|Child_Levy|56: 1022 268 79 33 14 4 1 
55513|Child_Cross21|46: 963 272 74 40 13 5 1 
55514|Child_Avg|27: 879 254 82 33 14 4 1 
55521|Child_Cross21|2: 908 242 83 42 13 4 1 
55522|Child_Avg|59: 921 258 79 33 14 4 1 
55529|Child_Levy|16: 1143 316 93 40 12 5 1 
55534|Child_CrossABC1|1|Mutated: 868 259 103 40 12 5 1 
55539|Child_CrossABC2|2: 1052 313 98 40 12 5 1 
55544|Survivor|1|Mutated: 1052 335 98 40 12 5 1 
55545|Child_Levy|8: 983 274 85 42 13 4 1 
55549|Child_LevyABC1|5: 1075 285 84 40 13 5 1 
55552|Child_LevyABC1|5: 963 291 101 41 13 4 1 
55554|Child_CrossABC1|7: 995 286 111 40 13 5 1 
55559|Child_CrossABC2|8: 987 284 117 40 12 5 1 
55560|Child_CrossABC2|8: 963 294 102 40 13 5 1 
55561|Child_LevyABC2|6|Mutated: 1139 332 109 43 13 5 1 
55566|Child_Cross12|57: 1051 301 101 39 14 4 1 
55569|Child_Levy|56: 1097 286 100 41 13 4 1 
55571|Child_Avg|23|Mutated: 998 291 102 40 13 4 1 
55572|Survivor|1|Mutated: 1095 291 115 40 13 4 1 
55573|Child_Avg|43: 1049 284 89 40 12 5 1 
55574|Child_Cross21|10: 1071 310 92 41 13 4 1 
55578|Child_Cross12|21: 1041 303 90 40 13 5 1 
55579|Child_Cross12|41: 1024 281 90 41 13 4 1 
55581|Child_Avg|19: 1041 287 87 39 14 4 1 
55583|Child_CrossABC1|1: 1057 296 88 41 14 6 1 
55587|Child_Cross12|53: 1028 282 85 40 14 5 1 
55591|Child_Cross21|54: 1028 282 85 41 13 4 1 
55593|Child_CrossABC2|8: 1037 285 87 41 13 4 1 
55601|Child_Avg|11: 1036 281 126 40 12 5 1 
55603|Child_Avg|55: 1118 281 96 40 13 5 1 
55605|Child_LevyP1|9: 1078 289 99 41 14 6 1 
55626|Child_CrossABC2|8: 1076 289 100 41 14 6 1 
55627|Child_CrossABC2|2: 1077 289 100 41 14 6 1 
55634|Survivor|1|Mutated: 1077 262 100 41 14 6 1 
55637|Child_CrossABC2|8: 1035 258 105 41 14 6 1 
55643|Child_CrossABC2|2: 1045 261 115 41 14 6 1 
55651|Child_CrossABC1|1: 1017 284 100 41 14 6 1 
55671|Child_Cross21|22: 1055 284 86 41 14 6 1 
55672|Child_Levy|32: 1070 281 87 41 14 6 1 
55674|Child_CrossABC2|2: 1058 284 85 41 14 6 1 
55675|Child_Cross12|45: 1069 280 86 41 14 6 1 
55679|Child_Cross12|21: 1057 281 84 40 13 5 1 
55708|Child_Cross21|46: 1084 269 86 27 13 4 1 
55709|Child_Cross12|49: 1493 341 96 34 13 3 1 
55710|Child_Levy|32: 898 269 109 36 15 4 1 
55714|Child_Avg|11: 1030 283 101 39 14 4 1 
55715|Child_LevyP2|10: 896 271 106 34 16 5 1 
55716|Child_Levy|20: 929 274 89 45 14 5 1 
55721|Child_Cross21|10: 895 274 90 39 14 6 1 
55725|Child_Avg|23: 912 265 87 41 13 4 1 
55744|Child_LevyABC2|6: 914 252 91 40 12 5 1 
55748|Child_Cross21|50: 913 264 83 40 13 5 1 
55749|Child_Cross21|26: 916 267 83 40 12 5 1 
55750|Child_Cross12|13|Mutated: 914 264 85 45 13 4 1 
55754|Child_Cross12|37: 906 265 83 40 13 5 1 
55755|Child_LevyP1|3|Mutated: 993 270 98 39 14 6 1 
55756|Child_Cross12|37: 914 264 83 40 13 5 1 
55758|Child_Cross21|42|Mutated: 911 265 83 36 13 4 1 
55764|Child_Cross12|37: 922 265 83 36 13 4 1 
55765|Child_Cross12|33: 914 265 83 40 13 5 1 
55771|Child_Cross21|30: 922 265 83 40 13 5 1 
55776|Child_Cross12|57: 920 265 83 40 13 5 1 
55779|Child_Cross12|17: 916 264 83 40 13 5 1 
55785|Child_Cross12|57: 917 264 83 40 13 5 1 
55790|Child_Avg|43|Mutated: 916 264 90 41 13 4 1 
55796|Child_Cross12|41: 938 264 83 40 13 5 1 
55798|Child_Cross21|18: 916 268 83 40 13 5 1 
55799|Child_Cross21|46: 916 267 83 40 13 5 1 
55801|Child_Cross12|41: 916 260 83 40 12 5 1 
55802|Child_Cross21|58: 916 274 83 40 13 5 1 
55804|Child_CrossABC1|1|Mutated: 1067 265 97 40 13 5 1 
55805|Child_CrossABC2|2: 867 263 97 40 13 5 1 
55811|Child_Avg|27: 891 263 90 40 12 5 1 
55814|Child_Cross21|14|Mutated: 916 267 84 40 13 5 1 
55823|Child_Cross12|53|Mutated: 919 264 90 40 13 5 1 
55825|Child_Cross21|14: 1082 264 83 40 13 5 1 
55826|Child_Cross21|30: 910 264 83 40 13 5 1 
55827|Child_Cross21|46|Mutated: 959 264 89 40 13 5 1 
55830|Child_Cross21|18: 950 264 83 40 13 5 1 
55832|Child_Cross21|22: 919 264 83 40 13 5 1 
55835|Child_Cross21|10: 910 267 83 40 13 5 1 
55838|Child_Cross12|33: 932 264 83 40 13 5 1 
55845|Child_Cross12|53: 923 264 83 40 13 5 1 
55848|Child_CrossABC2|2: 879 228 90 40 13 5 1 
55849|Child_CrossABC1|7: 926 264 83 40 13 5 1 
55850|Child_LevyP2|4: 935 271 87 39 14 4 1 
55866|Child_Cross12|9: 916 281 83 40 13 5 1 
55873|Child_Cross21|30: 887 265 83 40 13 5 1 
55875|Child_Cross12|45: 898 264 83 40 13 5 1 
55886|Child_LevyP2|10: 895 283 109 35 12 5 1 
55888|Child_Avg|19: 1033 339 104 45 12 5 1 
55889|Child_Avg|47: 909 319 92 42 12 5 1 
55890|Child_CrossABC1|7: 962 295 95 37 13 4 1 
55891|Child_Levy|56: 1035 301 112 40 13 5 1 
55898|Child_Cross12|9: 1077 313 115 40 12 5 1 
55908|Child_Levy|28: 1100 317 102 35 11 4 1 
55913|Child_LevyABC2|6: 1037 295 105 37 14 6 1 
55918|Child_Avg|31: 970 303 90 35 12 5 1 
55919|Child_Cross21|22: 1094 327 90 35 12 5 1 
55920|Child_Levy|20: 998 294 95 35 13 6 1 
55921|Child_Avg|43: 978 308 95 35 13 5 1 
55924|Child_Avg|7: 1040 309 93 35 13 5 1 
55939|Child_Cross21|46: 1036 311 84 35 13 5 1 
55949|Child_Cross21|34: 1092 303 84 35 13 5 1 
55954|Child_Avg|19: 886 271 76 35 13 5 1 
55963|Child_Avg|23: 1011 293 76 35 13 5 1 
55964|Child_Cross12|5: 908 277 76 35 13 5 1 
55972|Child_Avg|47: 900 273 76 35 13 5 1 
55973|Child_CrossABC2|2: 896 273 76 35 13 5 1 
55974|Child_Cross21|46: 904 277 76 35 13 5 1 
55977|Child_CrossABC2|8: 958 271 76 35 13 5 1 
55978|Child_Cross12|1: 951 277 76 35 13 5 1 
55981|Child_Cross21|50: 895 274 76 35 13 5 1 
55983|Child_Cross21|34: 901 274 76 35 13 5 1 
55993|Child_Avg|19: 893 264 76 35 13 5 1 
55995|Child_Cross12|25: 931 274 76 35 13 5 1 
56001|Child_Avg|43: 890 271 76 35 13 5 1 
56002|Child_Avg|19: 886 271 82 35 13 5 1 
56003|Child_CrossABC2|2: 882 271 77 35 13 5 1 
56009|Child_Cross21|46: 900 274 76 35 13 5 1 
56010|Child_Cross21|2|Mutated: 893 262 84 35 13 5 1 
56016|Child_Cross12|5: 882 271 76 35 13 5 1 
56018|Child_Cross21|22: 905 268 76 35 13 5 1 
56020|Child_Cross21|30: 894 273 76 35 13 5 1 
56022|Child_Cross21|14: 896 271 76 35 13 5 1 
56023|Child_Cross21|38: 888 271 76 35 13 5 1 
56025|Child_Cross21|26: 947 268 76 35 13 5 1 
56028|Child_Cross21|18: 892 271 76 35 13 5 1 
56034|Child_Cross12|13: 894 268 76 35 13 5 1 
56052|Child_Avg|39: 919 271 77 35 13 5 1 
56055|Child_CrossABC1|1: 917 271 77 35 13 5 1 
56073|Child_CrossABC2|8: 933 271 103 35 13 5 1 
56075|Child_CrossABC2|2: 933 271 117 35 13 5 1 
56079|Child_CrossABC2|8: 934 271 111 35 13 5 1 
56086|Child_CrossABC1|1: 935 271 111 35 13 5 1 
56089|Child_Avg|31: 939 271 93 35 13 5 1 
56092|Child_CrossABC1|1: 935 271 106 35 13 5 1 
56106|Child_Avg|31: 1059 332 108 35 12 5 1 
56109|Child_Cross21|22: 1059 332 108 35 11 5 1 
56111|Child_Cross12|45|Mutated: 934 293 99 35 13 5 1 
56113|Survivor|1|Mutated: 934 293 99 35 13 6 1 
56114|Child_Avg|31: 923 292 97 35 12 5 1 
56115|Child_Cross12|53: 907 284 97 40 14 5 1 
56120|Child_Avg|59: 922 284 95 37 14 4 1 
56122|Child_Avg|51: 935 276 96 37 14 4 1 
56124|Child_Cross21|18: 1119 297 86 37 14 4 1 
56125|Child_Cross21|10: 877 293 90 40 13 4 1 
56126|Child_Avg|43: 887 288 92 41 13 4 1 
56129|Child_Cross12|25: 1003 292 89 41 13 4 1 
56133|Child_Levy|56: 1065 300 91 40 12 5 1 
56143|Child_Avg|7: 1757 405 112 49 13 4 1 
56145|Child_CrossABC1|7: 1732 428 118 45 13 4 1 
56146|Child_Cross21|26: 1073 319 97 40 13 5 1 
56147|Child_Levy|16: 920 343 101 41 14 6 1 
56154|Child_Levy|48: 1098 324 97 40 14 5 1 
56158|Child_CrossABC2|2|Mutated: 1088 284 97 40 12 5 1 
56159|Child_Cross21|50: 1098 324 97 40 13 5 1 
56160|Child_Cross12|29: 1097 324 97 40 13 5 1 
56162|Child_CrossABC1|7: 1081 306 97 40 13 5 1 
56167|Child_Cross21|58: 1085 319 97 40 13 5 1 
56170|Child_Avg|43: 1121 324 98 40 13 5 1 
56179|Child_Cross12|33: 1103 323 97 40 13 5 1 
56180|Child_Cross21|58: 1094 323 97 40 13 5 1 
56181|Child_Cross21|26: 1099 321 97 40 13 5 1 
56182|Child_Cross12|37: 1091 324 97 40 13 5 1 
56183|Child_Cross12|49: 1095 323 97 40 13 5 1 
56186|Child_CrossABC2|8: 1101 323 97 40 13 5 1 
56191|Child_Avg|27: 1111 322 96 40 13 5 1 
56192|Child_Avg|51: 1104 321 96 40 13 5 1 
56193|Child_CrossABC2|2: 1103 321 96 40 13 5 1 
56194|Child_Cross12|37|Mutated: 1097 322 96 40 13 5 1 
56195|Child_Cross21|46: 1094 321 96 40 13 5 1 
56196|Child_Cross12|17: 1095 322 96 40 13 5 1 
56198|Child_Cross12|53: 1099 322 96 40 13 5 1 
56200|Child_CrossABC2|2: 1071 321 96 40 13 5 1 
56201|Child_Avg|51|Mutated: 1082 321 97 40 13 5 1 
56203|Child_Cross21|54: 1055 321 96 40 13 5 1 
56205|Child_Cross12|29: 1095 321 96 40 13 5 1 
56207|Child_CrossABC2|2: 1103 322 96 40 13 5 1 
56212|Child_Cross12|45: 1087 321 96 40 13 5 1 
56213|Child_CrossABC1|1: 1087 321 99 40 13 5 1 
56220|Child_Cross21|26: 1096 321 96 40 13 5 1 
56223|Child_Cross21|18: 1111 321 96 40 13 5 1 
56233|Child_Cross21|46: 1070 321 96 40 13 5 1 
56241|Child_Cross21|38: 1088 321 96 40 13 5 1 
56242|Child_Cross21|30: 1086 321 96 40 13 5 1 
56254|Child_Avg|15: 1135 321 96 40 13 5 1 
56262|Child_Cross12|17: 1110 321 96 40 13 5 1 
56263|Child_Avg|3: 1127 321 96 40 13 5 1 
56264|Child_Cross21|42: 1143 321 96 40 13 5 1 
56267|Child_Cross21|42: 1102 321 96 40 13 5 1 
56268|Child_Cross12|9: 1144 321 96 40 13 5 1 
56276|Child_Avg|11: 1110 293 96 40 13 5 1 
56286|Child_Avg|59|Mutated: 1111 327 102 40 13 5 1 
56293|Child_CrossABC1|7: 1112 333 104 40 13 5 1 
56294|Child_CrossABC1|7: 1111 324 98 40 13 5 1 
56296|Child_Avg|23: 1112 326 97 40 13 5 1 
56298|Child_Cross12|49: 1126 321 96 40 13 5 1 
56300|Child_Avg|55: 1101 322 96 40 13 5 1 
56302|Child_Avg|43: 1105 322 96 40 13 5 1 
56313|Child_CrossABC2|2: 1112 321 96 40 13 5 1 
56314|Child_Cross21|2: 1118 321 96 40 13 5 1 
56319|Child_LevyP2|10: 1102 303 114 41 14 6 1 
56323|Child_Cross21|18: 1109 322 96 40 13 5 1 
56328|Child_Avg|47: 1096 321 104 40 13 5 1 
56337|Child_CrossABC1|1|Mutated: 1168 321 96 40 13 5 1 
56342|Child_CrossABC2|2: 1116 341 98 40 13 5 1 
56349|Child_LevyP1|3: 1183 328 97 47 14 6 1 
56351|Child_Avg|11: 1074 312 97 40 13 5 1 
56354|Child_LevyP2|4: 1094 295 99 39 14 4 1 
56360|Survivor|1|Mutated: 1094 295 104 39 14 4 1 
56361|Child_Avg|47: 1051 293 96 40 13 4 1 
56366|Child_LevyABC1|5: 1135 275 91 41 14 4 1 
56374|Child_Avg|3: 1044 279 86 40 12 5 1 
56376|Child_CrossABC2|8: 1099 283 86 40 14 5 1 
56377|Child_Cross21|50: 1055 272 85 41 13 4 1 
56381|Child_LevyP2|10|Mutated: 1067 274 86 40 13 5 1 
56382|Child_Cross12|9: 1036 279 85 41 13 4 1 
56389|Child_Cross21|26: 1104 292 85 41 13 4 1 
56390|Child_Avg|39: 1051 279 85 40 13 4 1 
56391|Child_Avg|39: 1022 272 85 41 13 4 1 
56392|Child_CrossABC1|1: 1035 272 85 41 13 4 1 
56401|Child_CrossABC1|1: 1138 272 85 41 13 4 1 
56428|Child_Cross12|45: 1199 313 101 35 12 5 1 
56431|Child_Avg|11: 1131 284 89 35 13 5 1 
56445|Child_Levy|20: 1158 287 102 40 12 5 1 
56448|Child_Cross12|49: 1142 294 101 40 12 5 1 
56450|Child_CrossABC2|2: 1092 287 102 40 13 5 1 
56452|Child_CrossABC2|8: 1127 289 97 40 13 5 1 
56485|Child_LevyABC1|5|Mutated: 1134 299 103 40 13 5 1 
56487|Child_LevyP2|10: 1077 291 88 40 14 5 1 
56488|Child_CrossABC2|2: 1214 293 90 40 12 5 1 
56489|Child_LevyP1|9: 1046 275 93 41 14 6 1 
56494|Child_Cross12|33: 1101 286 87 41 13 4 1 
56495|Child_Avg|39: 1095 283 87 41 13 4 1 
56498|Child_CrossABC1|7: 1104 280 87 41 13 4 1 
56499|Child_CrossABC2|2|Mutated: 1112 285 87 41 13 4 1 
56501|Child_Cross21|50: 1109 285 85 41 13 4 1 
56502|Child_Cross12|9: 1139 279 85 40 13 5 1 
56504|Child_Cross21|34: 1149 279 85 40 13 5 1 
56509|Child_CrossABC1|7: 1160 279 85 40 13 5 1 
56512|Child_Cross12|45: 1157 279 85 40 13 5 1 
56520|Child_CrossABC1|7: 1016 279 85 40 13 5 1 
56526|Child_Avg|39: 1138 279 85 40 13 5 1 
56527|Child_Cross12|17: 1144 279 85 40 13 5 1 
56531|Child_Cross12|41: 1154 279 85 40 13 5 1 
56544|Child_CrossABC2|2: 1165 279 85 40 13 5 1 
56545|Child_Cross21|58: 1152 279 85 40 13 5 1 
56550|Child_Cross12|41: 1141 279 85 40 13 5 1 
56551|Child_Cross12|9: 1147 279 85 40 13 5 1 
56555|Child_Cross21|34|Mutated: 1155 318 101 40 13 5 1 
56561|Survivor|1|Mutated: 1155 318 114 40 13 5 1 
56567|Child_CrossABC2|8: 1144 279 103 40 13 5 1 
56573|Child_CrossABC2|8: 1138 279 103 40 13 5 1 
56576|Child_CrossABC1|1: 1093 279 90 40 13 5 1 
56577|Child_Cross21|30: 1136 279 85 40 13 5 1 
56593|Child_Cross21|46: 918 279 85 40 13 5 1 
56595|Child_Avg|47: 1125 279 85 40 13 5 1 
56600|Child_Avg|47: 1029 279 85 40 13 5 1 
56605|Child_Cross21|2: 1094 279 85 40 13 5 1 
56611|Child_LevyABC1|5: 1090 284 88 35 12 5 1 
56616|Child_CrossABC1|1: 1085 279 98 40 13 5 1 
56620|Child_Cross12|5|Mutated: 1107 279 97 40 13 5 1 
56656|Child_Cross12|57: 1004 254 81 36 13 4 1 
56659|Child_Avg|19: 978 275 81 33 13 4 1 
56660|Child_CrossABC2|2: 987 265 81 36 13 4 1 
56669|Child_Levy|60: 1179 307 115 47 11 5 1 
56670|Child_Avg|7: 913 265 92 41 13 4 1 
56673|Child_Avg|39: 1082 297 132 39 14 4 1 
56678|Child_LevyP2|10: 1107 296 130 40 13 5 1 
56679|Child_Avg|39: 972 267 113 39 14 4 1 
56682|Child_Cross12|33: 1021 275 88 41 13 4 1 
56686|Child_Cross21|58: 931 263 88 39 14 4 1 
56687|Child_Avg|51: 960 265 87 40 13 4 1 
56688|Survivor|1|Mutated: 960 265 87 40 13 5 1 
56691|Child_CrossABC1|1|Mutated: 924 239 83 40 14 5 1 
56692|Child_Levy|60: 942 266 91 41 14 6 1 
56694|Child_Avg|55: 942 247 85 40 13 5 1 
56695|Child_CrossABC2|2: 931 247 85 40 13 5 1 
56696|Child_Avg|59: 947 266 88 40 13 5 1 
56704|Child_Avg|23: 943 258 84 40 13 5 1 
56706|Child_Cross12|49: 949 256 83 40 13 5 1 
56707|Child_LevyABC2|6: 959 258 87 41 14 6 1 
56708|Child_Avg|23: 954 257 85 40 13 5 1 
56709|Child_Cross12|17: 945 254 83 40 13 5 1 
56712|Child_Avg|19|Mutated: 951 269 84 40 13 5 1 
56714|Child_Avg|47: 937 249 84 40 13 5 1 
56717|Child_Cross12|13: 938 257 83 40 13 5 1 
56718|Child_Avg|3: 933 251 83 40 13 5 1 
56724|Child_CrossABC2|2: 943 253 83 40 13 5 1 
56725|Child_CrossABC1|7: 940 254 83 40 13 5 1 
56731|Child_LevyP1|3: 933 259 90 40 13 5 1 
56732|Child_Avg|35: 912 253 85 40 13 4 1 
56733|Child_LevyP2|4: 915 267 101 41 14 4 1 
56734|Child_Avg|35: 935 255 89 40 13 5 1 
56735|Child_CrossABC2|8: 935 264 98 40 13 5 1 
56741|Child_Cross21|14: 957 253 82 35 13 5 1 
56742|Child_Cross12|21: 931 253 82 35 13 5 1 
56744|Child_Avg|19: 955 253 88 40 13 5 1 
56747|Child_Avg|15: 945 253 85 40 13 5 1 
56756|Child_CrossABC2|2: 943 253 85 40 13 5 1 
56762|Child_LevyP2|10: 969 263 94 41 13 4 1 
56765|Child_Cross12|29: 1079 253 81 40 12 5 1 
56766|Child_Cross12|13: 944 252 81 40 12 5 1 
56767|Child_Cross12|33: 945 253 81 40 12 5 1 
56770|Child_Cross12|33: 947 253 81 40 12 5 1 
56772|Child_Cross21|54: 964 252 81 40 12 5 1 
56773|Child_Cross12|53|Mutated: 947 253 85 40 12 5 1 
56775|Child_CrossABC2|2: 948 253 89 40 12 5 1 
56776|Child_Cross12|5: 966 253 81 40 12 5 1 
56777|Child_Avg|51: 946 253 85 40 12 5 1 
56779|Child_Cross12|13|Mutated: 945 253 98 40 12 5 1 
56807|Child_CrossABC1|7: 923 252 89 40 13 5 1 
56832|Child_Avg|11: 933 252 81 40 12 5 1 
56834|Child_Avg|43: 931 252 81 40 12 5 1 
56836|Child_Cross12|41: 962 252 81 40 12 5 1 
56837|Child_Avg|27: 932 252 81 40 12 5 1 
56839|Child_Cross21|42: 953 252 81 40 12 5 1 
56844|Child_Cross12|17: 922 252 81 40 12 5 1 
56851|Child_Cross12|13: 923 252 81 40 12 5 1 
56858|Child_Avg|3: 903 252 81 40 12 5 1 
56874|Child_Cross21|30: 937 253 81 40 12 5 1 
56883|Child_Cross21|42|Mutated: 931 252 87 40 12 5 1 
56899|Survivor|1|Mutated: 885 252 81 40 12 5 1 
56901|Child_CrossABC2|8: 966 267 83 40 12 5 1 
56902|Child_Cross21|50: 1429 318 100 49 13 4 1 
56905|Child_Cross12|25: 1097 301 90 41 13 4 1 
56906|Child_Avg|59: 1093 292 93 39 14 4 1 
56909|Child_CrossABC2|8: 1136 300 102 41 13 4 1 
56917|Child_Cross12|53: 972 261 83 40 12 5 1 
56918|Child_CrossABC1|7: 1002 295 93 43 13 4 1 
56919|Child_CrossABC2|8|Mutated: 981 273 89 45 12 5 1 
56920|Child_Avg|35: 1007 283 89 41 13 4 1 
56925|Child_CrossABC1|1: 1018 277 89 41 13 4 1 
56928|Child_CrossABC2|8: 1027 272 89 41 13 4 1 
56933|Child_CrossABC2|2: 1024 283 91 41 13 4 1 
56934|Child_CrossABC2|8: 1121 284 92 41 13 4 1 
56935|Child_Levy|48: 1036 284 83 41 11 5 1 
56937|Child_CrossABC2|2: 964 282 83 40 13 5 1 
56939|Child_CrossABC2|8: 957 284 85 40 13 5 1 
56940|Child_CrossABC2|2: 961 285 83 40 13 5 1 
56951|Child_CrossABC2|2: 957 284 85 40 14 5 1 
56954|Child_LevyABC1|5|Mutated: 1127 285 108 47 15 4 1 
56955|Child_Avg|31: 1060 311 85 40 13 4 1 
56966|Child_Avg|31: 1127 332 90 40 13 4 1 
56967|Survivor|1|Mutated: 1127 332 90 40 13 5 1 
56972|Child_Cross12|17: 990 283 75 37 14 4 1 
56973|Child_Avg|59: 1166 334 91 37 11 4 1 
56974|Child_Cross12|5: 1049 300 83 40 13 5 1 
56976|Child_Levy|52: 1019 291 87 35 11 5 1 
56978|Child_Cross21|42: 943 280 77 40 13 5 1 
56979|Child_CrossABC2|2: 1132 341 85 38 13 5 1 
56985|Child_Cross12|1|Mutated: 945 266 75 35 11 5 1 
56986|Child_Levy|48: 942 258 100 35 16 5 1 
56990|Child_Levy|44: 885 253 98 32 13 4 1 
56991|Child_Cross21|30|Mutated: 957 263 81 32 13 4 1 
56992|Child_Avg|31: 916 257 85 37 14 4 1 
56993|Child_Cross12|21: 976 267 88 32 13 4 1 
56995|Child_Levy|16: 936 259 79 33 14 4 1 
56996|Child_Avg|23: 932 267 81 32 13 4 1 
56999|Child_Avg|11: 940 272 79 32 13 4 1 
57009|Child_Avg|55: 897 255 74 32 13 4 1 
57010|Child_Cross12|33: 899 250 72 32 13 4 1 
57012|Child_Levy|8: 894 249 76 35 12 5 1 
57023|Child_Avg|39: 905 330 118 37 14 4 1 
57033|Child_Levy|12: 917 282 84 35 11 4 1 
57035|Child_Levy|24: 807 257 77 35 12 5 1 
57046|Child_CrossABC1|7: 793 257 77 35 12 5 1 
57048|Child_Avg|55: 1073 295 78 35 12 5 1 
57054|Child_Cross21|14: 870 264 73 35 12 5 1 
57058|Child_CrossABC1|7: 872 261 73 35 12 5 1 
57060|Child_Avg|55: 871 262 73 35 12 5 1 
57075|Child_CrossABC1|7: 868 261 73 35 12 5 1 
57077|Child_Cross21|18: 862 259 73 35 12 5 1 
57083|Child_Levy|24: 866 259 73 35 12 5 1 
57087|Child_Levy|40: 1186 335 123 36 11 5 1 
57091|Child_Cross12|17: 944 246 73 35 12 5 1 
57092|Child_Avg|35: 913 268 84 35 11 5 1 
57110|Child_Avg|19|Mutated: 924 252 86 35 12 5 1 
57112|Child_CrossABC1|1: 931 255 84 35 11 5 1 
57114|Child_Levy|36: 923 249 76 35 13 5 1 
57120|Child_CrossABC1|1: 915 246 80 35 11 5 1 
57126|Child_CrossABC2|8: 917 253 75 35 11 5 1 
57127|Child_Cross12|53: 921 244 74 35 12 5 1 
57135|Child_Cross12|5: 909 247 74 35 12 5 1 
57139|Child_Cross12|41: 950 246 73 35 12 5 1 
57141|Child_Cross21|18: 945 246 73 35 12 5 1 
57173|Child_Cross21|18|Mutated: 918 246 85 35 12 5 1 
57184|Child_Avg|23: 936 231 111 46 10 3 1 
57185|Child_Levy|16: 1061 264 100 39 10 3 1 
57186|Child_Levy|12: 1071 281 87 36 11 6 1 
57187|Child_Avg|35: 908 242 82 33 9 4 1 
57189|Child_CrossABC1|1: 918 278 110 35 11 4 1 
57192|Child_LevyP2|4: 877 274 112 33 12 5 1 
57193|Child_Levy|16: 962 257 85 35 12 5 1 
57194|Child_LevyP2|10: 839 267 98 35 12 5 1 
57199|Child_CrossABC2|2: 932 240 86 35 12 5 1 
57200|Child_Avg|51: 1068 246 86 35 11 5 1 
57201|Child_Cross12|41: 925 260 86 35 12 5 1 
57218|Child_CrossABC1|7: 974 246 86 35 11 5 1 
57221|Child_CrossABC1|7: 975 247 87 35 11 5 1 
57222|Child_Cross12|41: 975 247 87 35 12 5 1 
57224|Child_Avg|35: 978 256 86 35 11 5 1 
57225|Child_Cross12|21: 978 256 86 35 12 5 1 
57226|Child_CrossABC2|8: 960 255 89 35 11 4 1 
57229|Child_Levy|24: 1089 257 86 35 12 5 1 
57239|Child_CrossABC2|2|Mutated: 1140 275 86 35 12 5 1 
57243|Survivor|1|Mutated: 1140 308 97 35 12 5 1 
57273|Child_Cross21|30: 1011 287 89 35 12 5 1 
57274|Child_CrossABC1|1: 1061 296 89 35 13 5 1 
57275|Child_Avg|51: 1030 300 89 35 12 5 1 
57277|Child_Cross21|18: 1046 295 86 35 12 5 1 
57278|Child_CrossABC2|8: 894 282 89 35 12 5 1 
57282|Child_Cross21|14: 1073 294 85 35 12 5 1 
57286|Child_CrossABC2|2: 1066 294 85 35 12 5 1 
57287|Child_CrossABC1|7: 1074 294 85 35 12 5 1 
57291|Child_Cross12|21: 1018 291 84 35 11 5 1 
57292|Child_Avg|7: 1032 291 84 35 11 5 1 
57294|Child_Avg|55|Mutated: 1046 291 84 35 11 5 1 
57295|Child_Avg|23: 1043 291 84 35 11 5 1 
57297|Child_Cross21|54: 1050 289 84 35 11 5 1 
57300|Child_Cross21|22: 1057 289 84 35 11 5 1 
57301|Child_Cross12|57: 1053 291 84 35 11 5 1 
57328|Child_Cross21|30: 670 234 75 35 11 5 1 
57329|Child_Levy|16: 914 272 78 35 11 5 1 
57330|Child_Avg|59: 914 273 75 35 11 5 1 
57331|Child_CrossABC2|8: 1432 374 153 43 13 5 1 
57333|Child_Avg|7: 1248 303 115 49 13 4 1 
57334|Child_CrossABC1|1: 1284 352 123 43 13 5 1 
57336|Child_Levy|4: 1149 328 107 40 12 5 1 
57341|Child_Levy|28: 1013 290 111 40 13 5 1 
57342|Child_Cross21|18: 1151 320 109 42 13 6 1 
57351|Child_Cross12|53: 967 290 92 36 15 4 1 
57353|Child_Cross21|38: 1021 283 95 35 13 5 1 
57354|Child_Avg|35: 996 291 94 36 13 4 1 
57359|Child_CrossABC1|7: 1014 283 93 37 13 4 1 
57376|Child_Avg|19: 1015 282 93 37 13 4 1 
57378|Child_Avg|23|Mutated: 1025 284 92 31 14 4 1 
57379|Child_Cross12|25: 938 262 78 35 12 5 1 
57380|Child_Avg|23: 951 263 78 35 12 5 1 
57382|Child_CrossABC1|7: 947 291 78 35 12 5 1 
57386|Child_Avg|39: 1593 414 113 41 13 4 1 
57406|Child_Levy|8: 1135 288 91 35 13 5 1 
57411|Child_Cross12|53: 898 231 89 35 13 5 1 
57413|Child_Avg|11|Mutated: 1094 277 86 40 12 5 1 
57414|Child_Cross12|29: 1021 272 84 35 13 5 1 
57418|Child_Cross12|21: 1018 267 80 35 13 5 1 
57421|Child_Avg|55: 903 254 81 36 13 4 1 
57422|Child_Avg|23: 1278 337 100 36 13 4 1 
57428|Child_CrossABC1|7: 1125 278 99 36 13 4 1 
57433|Child_Levy|8: 990 273 80 35 13 5 1 
57434|Child_Levy|52: 1003 266 99 35 12 5 1 
57435|Child_Levy|12: 1036 255 94 36 13 4 1 
57437|Survivor|1|Mutated: 831 255 94 36 13 4 1 
57438|Child_Cross12|41: 939 242 79 35 12 5 1 
57441|Child_Avg|11: 986 259 80 36 13 4 1 
57443|Child_CrossABC2|8: 969 257 80 36 13 4 1 
57444|Child_Levy|16: 1112 281 77 37 14 4 1 
57446|Child_Avg|23: 1112 254 82 35 13 5 1 
57461|Child_CrossABC2|2: 1079 253 82 35 13 5 1 
57466|Child_CrossABC1|7: 1110 251 80 35 13 5 1 
57467|Child_Cross21|54: 1038 251 74 35 12 5 1 
57468|Child_Cross12|45: 1041 249 76 35 13 5 1 
57473|Child_Levy|20: 1024 247 73 35 12 5 1 
57474|Child_Avg|11: 1032 247 73 35 12 5 1 
57475|Child_CrossABC2|2: 1039 247 73 35 12 5 1 
57476|Child_Cross12|25: 917 249 73 35 12 5 1 
57477|Child_Cross21|14: 1031 247 73 35 12 5 1 
57479|Child_Cross12|37: 1028 247 73 35 12 5 1 
57480|Child_Avg|35: 1018 247 73 35 12 5 1 
57482|Child_Cross21|26: 1023 246 73 35 12 5 1 
57483|Child_Cross21|34: 1025 247 73 35 12 5 1 
57491|Child_Cross12|9: 1021 247 73 35 12 5 1 
57534|Child_Avg|27|Mutated: 920 246 87 35 12 5 1 
57540|Child_CrossABC1|7: 915 246 101 35 12 5 1 
57542|Child_CrossABC1|7: 917 246 98 35 12 5 1 
57545|Child_CrossABC2|2: 904 246 87 35 12 5 1 
57552|Child_CrossABC1|7: 905 246 89 35 12 5 1 
57570|Child_Cross21|46|Mutated: 764 246 87 35 12 5 1 
57578|Child_Avg|55: 917 246 75 35 12 5 1 
57605|Child_CrossABC2|8: 912 247 97 35 12 5 1 
57610|Child_CrossABC2|8: 915 248 111 35 12 5 1 
57622|Child_LevyABC2|6: 1043 311 84 30 14 5 1 
57624|Child_CrossABC2|8: 1038 314 84 35 12 5 1 
57626|Child_Levy|60: 1090 304 87 36 13 4 1 
57630|Child_CrossABC1|1: 1111 303 80 36 13 4 1 
57631|Child_Avg|27: 993 289 80 35 13 5 1 
57637|Child_Avg|11: 1140 367 132 36 13 4 1 
57638|Child_Levy|44: 1100 313 102 41 11 5 1 
57640|Child_CrossABC2|8: 1101 304 102 41 11 5 1 
57641|Child_CrossABC2|2: 1095 310 102 41 11 5 1 
57647|Child_Cross12|1: 1025 282 95 41 11 5 1 
57654|Child_CrossABC1|1: 1023 295 95 41 11 5 1 
57655|Child_Avg|3: 1030 281 95 41 11 5 1 
57657|Child_Levy|36|Mutated: 1093 300 102 37 10 6 1 
57659|Child_Cross12|5: 1029 274 93 46 11 5 1 
57660|Child_LevyABC1|11: 1024 285 110 47 12 5 1 
57662|Child_Levy|12: 1056 279 89 40 13 4 1 
57663|Child_Cross21|54: 1014 261 79 40 12 5 1 
57664|Child_Cross21|2: 971 286 87 39 11 4 1 
57670|Child_Avg|11: 980 277 83 40 13 5 1 
57674|Child_CrossABC1|1|Mutated: 991 277 84 40 13 5 1 
57675|Child_LevyP2|4: 930 302 94 39 14 6 1 
57677|Child_Avg|47: 1024 301 93 35 13 5 1 
57681|Child_CrossABC1|7: 997 299 95 35 13 5 1 
57683|Child_CrossABC1|1: 1017 295 103 35 13 5 1 
57692|Child_LevyABC2|6: 1307 408 128 41 14 6 1 
57694|Child_Cross21|30: 4969 1049 333 86 41 14 6 1 
57696|Child_Avg|35: 1241 341 99 40 13 5 1 
57697|Child_Levy|8|Mutated: 1065 328 95 35 13 6 1 
57704|Child_Avg|31: 985 284 89 35 13 5 1 
57707|Survivor|1|Mutated: 989 284 89 35 13 5 1 
57711|Child_Avg|55: 925 272 85 35 12 5 1 
57723|Child_CrossABC1|1: 928 272 85 35 12 5 1 
57726|Child_Cross12|5: 929 272 85 35 12 5 1 
57736|Child_CrossABC1|1: 927 273 85 35 12 5 1 
57737|Child_CrossABC1|7: 926 272 85 35 12 5 1 
57749|Child_Cross21|54: 922 272 85 35 12 5 1 
57762|Child_Cross12|45: 917 271 84 35 11 5 1 
57767|Child_Cross21|50: 967 272 84 35 13 5 1 
57768|Child_Cross12|5: 918 272 84 35 11 5 1 
57769|Child_Cross21|26: 926 271 84 35 11 5 1 
57771|Child_Cross12|25: 926 271 84 35 13 5 1 
57779|Child_Cross12|37: 917 271 84 35 13 5 1 
57783|Child_Avg|31: 927 271 89 35 13 5 1 
57784|Child_Cross21|22: 933 271 84 35 13 5 1 
57786|Child_Cross21|26: 931 271 84 35 13 5 1 
57788|Child_LevyABC2|12|Mutated: 1062 250 96 37 14 4 1 
57797|Child_CrossABC1|1: 940 271 84 35 13 5 1 
57799|Child_Cross12|1: 942 271 84 35 13 5 1 
57802|Child_Cross21|58: 919 271 84 35 13 5 1 
57805|Child_Cross12|53: 947 271 84 35 13 5 1 
57806|Child_Avg|23|Mutated: 1069 271 84 35 13 5 1 
57814|Child_Avg|3: 936 271 84 35 13 5 1 
57815|Child_Cross12|57: 952 271 84 35 13 5 1 
57816|Child_Avg|35: 938 271 84 35 13 5 1 
57827|Child_Cross12|29: 1071 271 84 35 13 5 1 
57842|Child_Cross21|46: 912 271 84 35 13 5 1 
57856|Child_CrossABC1|1: 1081 313 109 35 12 5 1 
57859|Child_Cross12|5: 911 258 96 35 12 5 1 
57861|Child_CrossABC2|8: 904 257 96 35 12 5 1 
57864|Child_Cross21|54: 908 258 96 35 12 5 1 
57873|Child_Levy|48|Mutated: 950 269 92 31 14 4 1 
57926|Child_CrossABC2|2: 869 245 81 31 14 4 1 
57929|Child_CrossABC1|1: 861 227 87 32 13 4 1 
57934|Child_Cross21|10: 881 247 81 31 14 4 1 
57935|Child_Cross12|1: 874 241 77 31 14 4 1 
57936|Child_Cross21|2: 874 263 75 31 14 4 1 
57940|Child_Avg|7: 877 256 77 31 14 4 1 
57945|Child_Cross21|10: 880 256 77 31 14 4 1 
57948|Child_CrossABC1|1: 877 277 80 31 14 4 1 
57956|Child_CrossABC1|7: 1052 247 83 31 14 4 1 
57957|Child_Avg|31: 989 279 79 32 13 4 1 
57964|Child_Avg|11: 1076 278 95 35 13 5 1 
57968|Child_CrossABC2|2: 1176 274 93 35 13 5 1 
57970|Child_CrossABC1|1: 923 269 91 32 13 4 1 
57971|Child_Cross12|49: 1012 265 87 32 13 4 1 
57973|Child_Cross21|38: 981 259 79 32 13 4 1 
57983|Child_Avg|11: 1413 359 107 39 14 4 1 
57985|Child_LevyABC2|12: 1016 263 109 40 14 5 1 
57990|Child_Avg|59: 1164 299 98 35 12 5 1 
58003|Child_Cross12|25: 1070 300 98 35 12 5 1 
58012|Child_Cross21|42: 1131 311 89 35 12 5 1 
58013|Child_Avg|43: 1133 304 93 37 13 4 1 
58050|Child_CrossABC1|1: 1137 341 99 37 14 4 1 
58059|Child_CrossABC1|1: 1131 257 99 37 14 4 1 
58070|Child_Cross21|42|Mutated: 1000 282 87 37 14 4 1 
58071|Child_Levy|12: 1019 278 86 35 12 5 1 
58073|Child_LevyABC2|12: 930 284 85 40 13 4 1 
58080|Child_Avg|47: 1051 258 83 36 13 4 1 
58081|Child_Levy|8|Mutated: 1043 272 84 35 13 5 1 
58087|Child_Avg|55: 1054 291 86 35 12 5 1 
58089|Child_CrossABC2|8: 1093 329 115 35 13 5 1 
58090|Child_LevyABC1|5: 1149 301 117 32 13 4 1 
58122|Child_Avg|55: 1052 302 77 29 14 4 1 
58123|Child_Avg|7: 938 244 86 35 12 5 1 
58131|Child_CrossABC2|8: 999 256 86 35 12 5 1 
58133|Child_CrossABC2|2: 1057 258 87 35 12 5 1 
58135|Child_Cross21|6: 928 282 86 35 12 5 1 
58137|Child_Cross12|33: 1025 271 78 35 12 5 1 
58138|Child_Cross21|6|Mutated: 976 276 82 35 13 5 1 
58142|Child_Avg|7: 940 272 82 35 13 5 1 
58143|Child_Cross21|46: 1126 269 77 35 13 5 1 
58144|Survivor|1|Mutated: 1026 269 77 35 13 5 1 
58151|Child_CrossABC2|8: 1005 273 85 35 12 5 1 
58152|Child_CrossABC2|2: 946 266 88 35 12 5 1 
58157|Child_Avg|11: 1079 267 78 35 12 5 1 
58166|Child_CrossABC2|2: 1104 267 78 35 12 5 1 
58171|Child_Cross21|18: 1092 266 74 35 12 5 1 
58172|Child_Avg|47: 1108 272 75 35 11 5 1 
58173|Child_Levy|20: 1088 273 80 35 13 5 1 
58178|Child_Avg|51: 1135 271 74 35 12 5 1 
58182|Child_Cross21|6: 1062 271 73 35 12 5 1 
58183|Child_Cross12|29: 1122 296 73 35 12 5 1 
58184|Child_Cross12|5: 1124 285 73 35 12 5 1 
58186|Child_Cross12|45: 1124 271 73 35 12 5 1 
58187|Child_Cross21|58: 1127 249 73 35 12 5 1 
58191|Child_Cross21|10: 1089 271 73 35 12 5 1 
58201|Child_CrossABC2|8: 1136 272 86 35 12 5 1 
58204|Child_Avg|51: 1136 268 73 35 12 5 1 
58208|Child_Cross12|25: 1138 271 73 35 12 5 1 
58219|Child_Cross21|58: 1135 271 73 35 12 5 1 
58224|Child_Avg|11: 1120 271 84 35 12 5 1 
58228|Child_Avg|43: 1122 271 78 35 12 5 1 
58235|Child_Cross21|10: 1103 271 73 35 12 5 1 
58246|Child_Cross12|45: 893 272 73 35 12 5 1 
58248|Child_Cross12|37: 1100 271 73 35 12 5 1 
58256|Child_LevyABC1|5|Mutated: 926 256 85 35 13 5 1 
58261|Child_Cross12|37: 935 272 73 37 14 4 1 
58272|Child_Cross12|53|Mutated: 931 272 86 35 12 5 1 
58286|Child_LevyABC1|11: 933 277 116 36 13 4 1 
58309|Child_Avg|39: 937 310 86 35 12 5 1 
58311|Child_Avg|27: 938 291 79 35 12 5 1 
58322|Child_Cross12|21: 945 259 73 35 12 5 1 
58339|Child_Cross21|22: 867 271 73 35 12 5 1 
58347|Child_Cross12|37|Mutated: 944 304 85 35 12 5 1 
58352|Child_CrossABC2|8: 945 295 84 35 12 5 1 
58353|Child_CrossABC1|7: 953 282 85 35 12 5 1 
58357|Child_Avg|23: 929 271 78 35 12 5 1 
58374|Child_CrossABC1|7|Mutated: 924 272 86 35 12 5 1 
58386|Child_CrossABC1|7: 938 249 90 35 12 5 1 
58397|Child_CrossABC2|2: 941 265 89 35 12 5 1 
58402|Child_Cross12|29: 942 259 73 35 12 5 1 
58403|Child_Cross12|53: 941 247 73 35 12 5 1 
58416|Child_LevyP1|3: 1513 388 126 45 16 5 1 
58424|Child_Levy|4: 1200 303 98 45 13 4 1 
58426|Child_Avg|23: 1204 302 95 45 16 5 1 
58428|Child_LevyABC1|11: 1268 348 96 43 14 6 1 
58431|Child_LevyP2|4: 1201 339 108 45 14 6 1 
58445|Child_Levy|56: 1172 323 101 45 13 4 1 
58451|Child_CrossABC1|7: 1154 317 101 45 13 4 1 
58460|Child_Levy|12: 1108 293 89 40 12 5 1 
58472|Child_LevyP1|3: 1072 300 103 41 13 4 1 
58482|Survivor|1|Mutated: 916 300 103 41 13 4 1 
58489|Child_Avg|19: 859 239 89 40 13 5 1 
58491|Child_Cross21|34: 919 259 89 41 13 4 1 
58494|Child_Cross12|45: 886 257 87 40 13 4 1 
58495|Child_Cross21|38: 970 256 77 40 13 5 1 
58496|Child_Levy|44: 890 255 89 40 13 5 1 
58497|Child_Cross21|34: 886 257 87 40 13 5 1 
58503|Child_Cross21|38|Mutated: 1005 259 84 40 13 5 1 
58513|Child_LevyABC1|5: 936 247 98 32 13 4 1 
58515|Child_Levy|60: 932 259 94 40 12 5 1 
58519|Child_LevyP2|4: 923 281 86 36 13 4 1 
58520|Child_Avg|39: 1138 305 99 40 15 4 1 
58521|Child_Cross12|45: 905 262 85 35 12 5 1 
58524|Child_Avg|7: 935 238 76 35 11 4 1 
58525|Child_CrossABC1|7: 935 243 76 35 11 4 1 
58528|Child_Levy|28: 942 260 86 35 11 4 1 
58530|Child_Avg|43: 927 244 75 35 11 5 1 
58531|Child_CrossABC1|7: 929 242 75 35 11 5 1 
58532|Child_Cross12|5: 921 244 71 35 11 5 1 
58533|Child_Cross12|45: 1090 242 75 35 11 5 1 
58534|Child_Cross21|58: 935 242 75 35 11 5 1 
58535|Child_Cross12|49: 931 232 75 35 11 5 1 
58537|Child_Avg|59: 970 243 75 35 11 4 1 
58538|Child_Cross21|10: 933 237 75 35 11 5 1 
58539|Child_Cross21|26: 915 237 75 35 11 5 1 
58540|Child_CrossABC1|7: 939 237 75 35 11 5 1 
58544|Child_CrossABC1|1: 917 237 75 35 11 5 1 
58554|Child_Cross12|9|Mutated: 917 239 73 35 11 5 1 
58556|Child_Cross12|37: 928 239 73 35 11 5 1 
58557|Child_Avg|7: 920 239 73 35 11 5 1 
58571|Child_CrossABC1|1: 1167 311 103 37 12 5 1 
58579|Child_Levy|48: 1068 301 90 40 12 5 1 
58580|Child_Avg|35|Mutated: 1076 267 88 35 12 5 1 
58581|Child_CrossABC1|1: 1080 283 89 40 12 5 1 
58582|Child_Levy|16: 1061 281 90 40 13 5 1 
58583|Child_Cross21|2: 1080 283 89 40 13 5 1 
58588|Child_Cross21|30: 979 271 85 40 13 5 1 
58591|Child_Cross12|37|Mutated: 1021 272 93 39 14 4 1 
58594|Child_Cross21|18: 997 281 83 40 13 4 1 
58596|Child_Levy|32: 1009 279 84 35 11 5 1 
58597|Child_CrossABC2|8: 1021 281 83 36 13 4 1 
58602|Child_Cross21|10: 943 268 85 35 12 5 1 
58604|Child_CrossABC2|8: 911 268 86 35 12 5 1 
58656|Survivor|1|Mutated: 911 273 86 35 12 5 1 
58666|Child_Cross12|49: 895 265 83 37 12 5 1 
58667|Child_Avg|23: 896 268 85 40 12 5 1 
58668|Child_Cross21|22: 919 271 86 35 12 5 1 
58669|Child_CrossABC1|7: 902 257 86 35 12 5 1 
58674|Child_CrossABC1|1: 879 257 85 35 12 5 1 
58684|Child_CrossABC1|7: 918 257 85 35 12 5 1 
58687|Child_Cross12|17: 910 256 84 35 11 5 1 
58689|Child_Avg|47: 913 256 84 35 11 5 1 
58693|Child_Cross21|14: 906 256 84 35 11 5 1 
58694|Child_Cross12|17: 907 256 84 35 11 5 1 
58696|Child_Cross21|38|Mutated: 898 257 97 35 11 5 1 
58705|Child_CrossABC2|8: 903 256 84 35 11 5 1 
58732|Child_CrossABC1|7: 878 256 84 35 11 5 1 
58733|Child_CrossABC1|1: 913 256 86 35 12 5 1 
58759|Child_Levy|12: 905 257 85 35 12 5 1 
58761|Child_Cross21|54: 906 270 84 35 11 5 1 
58764|Child_Cross12|57: 1078 256 84 35 11 5 1 
58774|Child_Cross12|45: 899 256 84 35 11 5 1 
58815|Survivor|1|Mutated: 868 257 84 35 11 5 1 
58821|Survivor|1|Mutated: 868 264 84 35 13 5 1 
58822|Child_Cross12|37: 775 257 91 35 12 5 1 
58824|Child_Avg|15: 1108 331 100 32 13 4 1 
58846|Child_Avg|31: 1102 327 100 32 13 4 1 
58848|Child_Cross21|38: 965 286 86 35 13 5 1 
58849|Child_Cross21|2: 925 269 85 35 13 5 1 
58850|Child_CrossABC1|1: 935 282 87 35 12 5 1 
58851|Child_CrossABC1|7: 929 286 86 35 11 5 1 
58852|Child_CrossABC2|2: 938 287 86 36 13 4 1 
58853|Child_Cross12|53: 925 297 85 35 12 5 1 
58861|Child_Cross21|46: 973 264 78 38 11 4 1 
58862|Child_LevyABC2|12: 1021 322 115 40 13 4 1 
58866|Child_LevyABC2|6|Mutated: 968 298 105 39 16 5 1 
58903|Child_LevyABC1|11: 978 290 103 40 15 4 1 
58904|Child_Levy|60: 977 289 99 37 14 6 1 
58907|Child_Avg|19: 1008 290 94 35 13 5 1 
58908|Child_LevyP1|3: 991 292 101 35 12 5 1 
58910|Child_Cross21|2|Mutated: 874 272 90 35 12 5 1 
58912|Child_Levy|44: 912 281 85 35 12 5 1 
58919|Child_Avg|31: 949 282 85 35 12 5 1 
58920|Child_CrossABC2|2: 956 297 86 35 11 5 1 
58921|Child_CrossABC1|7|Mutated: 1104 258 96 35 12 5 1 
58922|Child_CrossABC1|7: 917 292 85 35 12 5 1 
58923|Child_CrossABC1|7: 960 262 85 35 12 5 1 
58925|Child_LevyP2|4: 888 242 87 36 13 4 1 
58928|Child_Avg|3: 890 279 91 35 12 5 1 
58935|Survivor|1|Mutated: 890 256 91 35 12 5 1 
58937|Child_Levy|8: 905 266 87 35 11 5 1 
58938|Child_CrossABC1|1: 940 295 78 35 12 5 1 
58939|Child_CrossABC1|7: 896 276 79 35 12 5 1 
58944|Child_Avg|59: 934 263 77 35 12 5 1 
58950|Child_Cross12|41: 928 262 76 35 11 5 1 
58966|Child_Cross12|33: 934 265 73 35 11 5 1 
58967|Child_Cross12|45: 911 268 73 35 11 5 1 
58968|Child_Cross12|49: 873 264 73 35 12 5 1 
58971|Child_Avg|47: 907 265 73 35 12 5 1 
58976|Child_Cross21|38: 911 264 73 35 12 5 1 
58977|Child_Cross21|6: 888 265 73 35 12 5 1 
58981|Child_Cross12|33: 891 264 73 35 12 5 1 
58983|Child_Cross21|6: 905 264 73 35 12 5 1 
58984|Child_Cross12|5: 882 261 73 35 12 5 1 
58989|Child_Cross12|37: 873 259 73 35 12 5 1 
58991|Child_CrossABC2|8: 908 264 85 35 12 5 1 
58992|Child_LevyP1|9: 891 260 86 36 13 4 1 
59001|Child_CrossABC1|7: 1404 433 125 40 14 5 1 
59002|Child_Cross12|53: 4212 1098 226 87 41 14 4 1 
59003|Child_LevyABC2|12: 1344 486 130 35 13 5 1 
59004|Child_CrossABC2|8: 1072 254 105 41 14 4 1 
59005|Child_Avg|3: 1104 306 110 39 14 4 1 
59007|Child_CrossABC1|7: 1069 309 112 39 14 4 1 
59008|Child_Avg|39: 1107 306 106 36 13 4 1 
59012|Child_Cross21|58: 1098 319 100 36 13 4 1 
59013|Child_Cross12|57: 1067 298 93 35 13 5 1 
59015|Child_LevyP1|9: 1055 336 102 35 12 5 1 
59030|Child_Avg|23: 1040 318 100 35 11 4 1 
59032|Child_Cross21|46: 1143 296 88 35 12 5 1 
59035|Child_Cross21|26: 1118 298 90 35 12 5 1 
59036|Child_Avg|59: 1111 297 89 35 13 5 1 
59037|Child_Levy|52: 1034 299 90 35 12 5 1 
59039|Child_CrossABC1|1: 1109 297 88 35 12 5 1 
59046|Child_Avg|35: 1102 302 86 35 11 5 1 
59047|Child_Avg|3: 1102 302 86 35 12 5 1 
59048|Child_Avg|19: 1083 295 86 35 12 5 1 
59050|Child_Cross12|53: 1090 302 85 35 13 5 1 
59053|Child_Cross21|58: 1078 283 84 35 11 5 1 
59058|Child_Cross21|54: 1090 293 80 35 12 5 1 
59059|Child_Cross21|30: 1090 293 80 35 11 5 1 
59061|Child_Levy|36|Mutated: 1042 277 97 35 11 5 1 
59068|Child_Cross21|50: 1077 273 74 33 14 4 1 
59069|Child_CrossABC1|1: 1064 267 95 35 11 5 1 
59078|Child_Avg|59: 1064 267 86 35 11 5 1 
59082|Child_Avg|7: 1079 275 78 35 12 5 1 
59083|Child_Cross21|34: 1067 277 84 35 11 4 1 
59084|Child_Cross21|30: 1097 279 78 35 12 5 1 
59085|Child_LevyABC1|5: 946 279 83 36 13 4 1 
59091|Child_CrossABC2|2: 1137 279 83 36 13 4 1 
59099|Child_Cross12|5: 968 265 76 36 13 4 1 
59104|Child_Avg|35: 921 263 84 35 13 5 1 
59110|Child_Avg|19|Mutated: 982 293 80 35 13 5 1 
59115|Child_Cross21|50: 952 267 74 35 12 5 1 
59122|Child_Cross12|25: 983 225 73 36 13 4 1 
59123|Child_Cross21|18: 946 271 73 36 13 4 1 
59124|Child_Cross21|50: 906 261 73 35 11 5 1 
59127|Child_Cross21|34: 964 275 73 35 12 5 1 
59128|Child_CrossABC2|8: 907 261 73 35 11 5 1 
59129|Child_CrossABC1|1: 911 261 73 35 11 5 1 
59132|Child_Cross12|29: 960 274 73 35 11 5 1 
59148|Child_Avg|23|Mutated: 914 261 85 35 12 5 1 
59152|Child_Avg|43: 911 261 85 35 12 5 1 
59153|Child_CrossABC1|7: 884 261 85 35 12 5 1 
59155|Child_CrossABC1|1: 915 261 85 35 12 5 1 
59182|Child_CrossABC2|2: 910 261 88 35 12 5 1 
59229|Child_Cross21|22|Mutated: 907 261 85 35 12 5 1 
59248|Child_CrossABC1|7: 907 257 85 35 12 5 1 
59262|Child_Avg|47: 906 258 76 35 13 5 1 
59288|Child_Avg|35: 904 258 77 35 13 5 1 
59302|Child_Cross12|17: 905 258 73 35 11 5 1 
59323|Child_CrossABC2|2: 886 258 96 35 12 5 1 
59340|Child_Avg|59: 895 258 84 35 11 5 1 
59346|Child_Cross21|6: 1046 258 73 35 12 5 1 
59347|Child_Avg|7: 975 258 73 35 12 5 1 
59385|Child_Avg|15: 905 258 79 35 12 5 1 
59424|Survivor|1|Mutated: 905 234 85 35 12 5 1 
59428|Child_Levy|44: 1024 295 94 37 14 6 1 
59431|Survivor|1|Mutated: 1024 295 91 37 14 6 1 
59441|Child_CrossABC2|8: 1070 304 87 37 14 6 1 
59446|Child_LevyP2|4: 1142 264 90 35 13 5 1 
59450|Child_Avg|43: 1108 263 85 35 13 5 1 
59451|Child_CrossABC2|2: 1099 279 84 35 13 5 1 
59454|Child_Cross12|29: 1037 264 80 35 13 5 1 
59455|Child_Levy|28: 1120 284 93 35 13 5 1 
59459|Child_CrossABC2|2: 1060 279 80 35 13 5 1 
59461|Child_Avg|3: 1086 253 86 35 13 5 1 
59465|Survivor|1|Mutated: 1086 253 86 35 13 6 1 
59468|Child_Cross12|57: 1132 277 80 35 13 5 1 
59469|Child_Cross12|37: 1095 266 79 35 12 5 1 
59470|Child_CrossABC2|8: 1117 267 80 35 13 5 1 
59479|Survivor|1|Mutated: 1117 267 80 36 13 6 1 
59484|Child_Cross21|30|Mutated: 1083 264 80 37 14 4 1 
59487|Child_Avg|39: 1367 325 118 41 13 4 1 
59488|Child_Avg|31: 1247 298 92 45 13 4 1 
59491|Child_LevyABC1|11: 1137 304 98 40 13 4 1 
59494|Survivor|1|Mutated: 1137 304 98 40 13 5 1 
59497|Survivor|1|Mutated: 1137 304 110 40 13 5 1 
59503|Child_Avg|7: 1133 270 102 41 13 4 1 
59510|Child_Cross21|18: 1096 284 90 41 13 4 1 
59512|Child_Levy|56: 1563 371 129 40 13 5 1 
59517|Child_LevyP1|9: 1623 341 134 43 14 6 1 
59519|Child_Avg|15: 1007 275 88 40 13 4 1 
59520|Child_Levy|24: 933 261 91 43 14 6 1 
59523|Child_Avg|27: 945 266 88 40 13 5 1 
59525|Child_Levy|20: 900 242 89 42 13 6 1 
59531|Child_Cross12|21: 1025 278 85 40 13 5 1 
59537|Child_Cross12|33: 998 282 85 41 13 4 1 
59538|Child_Cross21|38: 971 285 85 41 13 4 1 
59540|Child_CrossABC2|2: 1111 293 86 40 12 5 1 
59543|Child_Cross12|25: 1030 277 85 40 12 5 1 
59547|Child_Cross12|57: 1076 296 83 41 11 5 1 
59548|Child_Cross12|53: 992 275 83 40 12 5 1 
59549|Child_Cross12|17: 1066 282 83 40 14 5 1 
59550|Child_Cross12|29: 1022 281 82 40 12 5 1 
59552|Child_Avg|19: 960 270 82 39 11 4 1 
59554|Child_CrossABC1|7: 1038 274 85 40 12 5 1 
59555|Child_CrossABC2|8: 1016 288 83 40 12 5 1 
59557|Child_CrossABC2|8|Mutated: 928 280 89 40 12 5 1 
59559|Child_CrossABC1|1: 949 265 99 40 12 5 1 
59568|Child_CrossABC1|7|Mutated: 962 240 91 37 14 4 1 
59593|Child_CrossABC1|7: 1098 255 91 37 14 4 1 
59604|Child_CrossABC1|1: 977 281 82 37 14 4 1 
59612|Child_Cross12|41: 971 281 82 37 14 4 1 
59626|Child_Cross12|53: 955 272 77 37 14 4 1 
59634|Child_Avg|11: 936 290 77 37 14 4 1 
59636|Child_CrossABC1|7: 900 286 77 37 14 4 1 
59638|Child_Cross21|58: 852 239 73 36 13 4 1 
59639|Child_CrossABC1|7|Mutated: 905 290 81 37 14 4 1 
59640|Child_CrossABC1|1: 897 269 75 37 14 4 1 
59642|Child_Cross12|57: 1013 266 71 37 14 4 1 
59643|Child_Avg|51: 944 268 71 37 14 4 1 
59645|Child_Cross21|42: 941 264 71 36 13 4 1 
59647|Child_CrossABC1|7: 943 264 71 36 13 4 1 
59648|Child_Avg|55: 961 269 71 36 13 4 1 
59652|Child_Avg|11: 942 256 71 36 13 4 1 
59659|Child_Cross21|50|Mutated: 904 263 86 36 13 4 1 
59671|Child_Levy|60: 727 248 95 35 13 5 1 
59673|Child_LevyABC1|5: 791 219 82 37 14 4 1 
59675|Child_Avg|35: 883 253 82 37 13 4 1 
59677|Child_Cross21|2|Mutated: 942 261 82 35 13 5 1 
59680|Survivor|1|Mutated: 942 214 82 35 13 5 1 
59681|Child_Cross12|37: 873 239 82 35 13 5 1 
59685|Child_Avg|55: 1297 310 103 36 13 4 1 
59686|Child_Avg|39: 1294 309 104 37 12 5 1 
59687|Child_Avg|19: 1199 295 97 36 13 4 1 
59696|Child_CrossABC1|1: 1156 286 97 36 13 4 1 
59697|Child_Cross21|42: 1231 309 97 35 12 5 1 
59698|Child_CrossABC2|2: 1197 283 97 36 13 4 1 
59706|Child_CrossABC2|8: 1200 283 97 36 13 4 1 
59720|Child_CrossABC2|2: 1182 281 104 37 13 5 1 
59722|Child_Avg|7: 1107 258 84 35 13 5 1 
59723|Child_Avg|27: 1002 293 91 35 13 5 1 
59725|Child_Avg|3: 1096 263 85 35 12 5 1 
59727|Child_Levy|12: 1124 262 84 35 13 5 1 
59728|Child_Cross12|5: 1124 271 78 35 12 5 1 
59729|Child_CrossABC2|2: 1092 262 86 35 13 5 1 
59732|Child_Avg|19: 910 277 84 40 13 4 1 
59734|Child_Avg|39: 1023 258 76 35 11 5 1 
59735|Survivor|1|Mutated: 1023 275 78 35 11 5 1 
59743|Child_Cross21|38: 959 288 73 35 11 5 1 
59744|Child_Avg|23: 1001 264 75 35 11 5 1 
59745|Child_CrossABC2|2: 923 282 75 35 11 5 1 
59748|Child_CrossABC1|1: 945 268 75 35 11 5 1 
59756|Child_Avg|55: 970 264 75 35 11 5 1 
59758|Child_CrossABC1|7: 941 258 73 35 11 5 1 
59762|Child_Cross21|6: 939 258 73 35 11 5 1 
59764|Child_Avg|39: 936 258 73 35 11 5 1 
59791|Child_Avg|55: 929 271 85 40 13 5 1 
59793|Child_CrossABC2|8: 1117 341 129 40 13 5 1 
59806|Child_Avg|31: 1130 319 110 40 13 5 1 
59809|Child_Avg|51|Mutated: 1138 299 101 40 13 5 1 
59811|Child_Avg|23: 1131 299 98 40 12 5 1 
59812|Child_Avg|39: 1176 319 103 39 11 4 1 
59814|Child_Cross12|49: 1128 280 93 36 13 4 1 
59815|Child_LevyABC1|5: 1124 308 95 45 14 5 1 
59816|Child_Cross21|42: 1373 298 95 45 14 5 1 
59818|Child_LevyABC1|11: 1109 270 97 40 14 5 1 
59819|Child_LevyABC1|11: 1210 289 110 40 13 5 1 
59821|Child_Cross21|58: 1145 292 91 40 14 5 1 
59825|Child_CrossABC1|1: 1145 307 91 40 14 5 1 
59828|Child_Avg|39: 1130 305 89 40 13 4 1 
59829|Child_CrossABC1|7|Mutated: 1139 302 90 40 13 4 1 
59830|Child_Cross21|26: 1139 302 90 39 14 6 1 
59833|Child_Levy|4: 1138 296 87 39 14 4 1 
59834|Child_Cross12|29: 1092 300 85 41 13 4 1 
59835|Child_CrossABC2|2: 1131 294 87 41 14 6 1 
59836|Child_Cross12|45: 1143 291 85 40 13 5 1 
59837|Child_Cross12|17: 1095 292 86 41 14 4 1 
59839|Child_Levy|8: 1080 289 85 40 12 5 1 
59841|Child_Avg|31: 1152 283 89 40 13 5 1 
59847|Child_LevyABC2|6: 1095 291 87 41 14 6 1 
59850|Child_Avg|51|Mutated: 1091 291 95 40 12 5 1 
59852|Child_CrossABC1|7: 1147 288 99 40 12 5 1 
59871|Child_Cross21|14: 1150 289 98 40 12 5 1 
59872|Child_Levy|48: 1141 312 114 45 13 4 1 
59873|Child_CrossABC2|2: 1141 310 114 45 13 4 1 
59879|Child_CrossABC2|2: 1127 277 111 45 13 4 1 
59881|Child_Cross21|26: 1315 334 101 45 13 4 1 
59893|Survivor|1|Mutated: 1083 334 101 45 13 4 1 
59894|Child_CrossABC1|7: 1211 369 98 45 13 4 1 
59895|Child_Cross21|26: 1230 293 86 45 13 4 1 
59896|Child_Cross21|22|Mutated: 1423 292 92 45 13 4 1 
59904|Child_Levy|28: 1435 283 98 45 13 4 1 
59914|Child_CrossABC2|8: 1409 283 99 45 13 4 1 
59915|Child_CrossABC1|1: 1432 283 98 45 13 4 1 
59923|Child_Cross12|57: 1363 285 92 45 13 4 1 
59926|Child_Cross21|58: 1271 282 88 45 13 4 1 
59930|Child_Cross21|46: 1396 299 88 45 13 4 1 
59931|Child_Cross12|49: 1327 269 88 45 13 4 1 
59932|Child_Cross12|45: 1346 285 86 45 13 4 1 
59935|Child_Cross21|54: 1257 277 85 45 13 4 1 
59937|Child_Cross21|22: 1346 285 86 45 13 5 1 
59938|Child_Cross12|29: 1078 277 85 45 13 4 1 
59941|Child_Cross12|25: 1323 283 85 45 13 4 1 
59942|Child_Cross21|34|Mutated: 947 278 81 36 13 4 1 
59946|Child_Avg|47: 1011 272 80 37 13 4 1 
59950|Child_Avg|7: 1211 274 88 32 13 4 1 
59952|Child_Avg|23: 1128 291 80 37 13 4 1 
59961|Child_Cross12|29|Mutated: 902 261 84 37 12 5 1 
59962|Survivor|1|Mutated: 897 261 82 37 12 5 1 
59966|Child_Cross12|17: 866 283 79 37 13 4 1 
59967|Child_Cross12|17: 1087 291 79 37 13 4 1 
59968|Child_Avg|51: 1120 292 82 37 13 4 1 
59969|Child_Avg|59: 1500 403 113 41 13 4 1 
59976|Child_CrossABC2|2: 1094 326 92 41 13 4 1 
59985|Child_CrossABC1|7: 1108 336 103 41 13 4 1 
60003|Child_Levy|24|Mutated: 1062 299 101 39 14 4 1 
60009|Child_Avg|47: 1032 307 96 40 13 5 1 
60014|Child_CrossABC1|1: 1109 302 95 40 12 5 1 
60015|Child_Avg|15: 1025 302 88 40 13 4 1 
60016|Child_Avg|11: 1081 293 89 40 12 5 1 
60026|Child_CrossABC2|8: 1057 309 89 40 12 5 1 
60043|Child_Cross21|26: 1061 281 82 40 12 5 1 
60045|Child_LevyP2|4|Mutated: 927 280 88 41 13 4 1 
60049|Child_Avg|15: 1011 271 81 41 11 5 1 
60060|Child_LevyP1|9: 1016 261 77 41 13 4 1 
60068|Child_CrossABC1|7: 1040 236 77 40 12 5 1 
60069|Child_Levy|36: 1037 328 91 35 13 5 1 
60076|Child_CrossABC1|7: 992 281 89 35 13 5 1 
60086|Child_LevyABC1|11: 1114 269 111 43 14 6 1 
60088|Child_Cross21|54: 1065 305 97 35 11 4 1 
60094|Child_Avg|15: 1032 305 89 40 13 5 1 
60109|Child_Levy|12: 979 281 87 41 14 6 1 
60110|Child_Avg|27: 1042 297 85 40 13 4 1 
60113|Child_Avg|59: 966 298 85 40 13 5 1 
60121|Child_CrossABC2|8: 932 276 83 36 13 4 1 
60123|Child_LevyP2|10: 916 261 85 35 12 5 1 
60126|Child_Avg|55: 920 271 85 35 12 5 1 
60128|Child_CrossABC2|2: 915 273 85 35 12 5 1 
60141|Child_Avg|35: 1177 329 101 39 14 4 1 
60157|Child_Avg|31: 1075 288 91 36 13 4 1 
60158|Child_Avg|27: 1064 305 90 37 13 4 1 
60159|Child_CrossABC2|8: 1153 314 90 39 14 6 1 
60160|Child_Cross12|25: 1019 291 85 39 11 4 1 
60161|Child_Cross12|37: 1058 275 88 40 13 4 1 
60162|Child_LevyABC2|6: 1224 297 89 35 13 5 1 
60165|Child_CrossABC2|2: 1222 297 89 35 13 5 1 
60172|Child_Avg|27: 1096 287 86 35 12 5 1 
60173|Child_Avg|47: 1082 290 81 36 13 4 1 
60174|Child_Avg|47: 1065 273 85 35 12 5 1 
60187|Child_Levy|12: 1564 382 120 50 17 5 1 
60190|Child_Avg|11: 1288 335 101 41 13 4 1 
60192|Child_Avg|51: 1096 298 91 40 12 5 1 
60194|Child_Avg|59: 1178 349 112 39 16 6 1 
60199|Child_CrossABC1|1: 1195 341 115 40 13 5 1 
60200|Child_Cross21|42: 1075 302 88 39 16 5 1 
60201|Child_Cross21|26: 1075 302 88 40 13 5 1 
60204|Child_Avg|55|Mutated: 1117 321 84 40 13 5 1 
60206|Child_CrossABC2|2: 1122 301 85 40 13 5 1 
60209|Child_Cross12|9: 1118 317 84 40 13 5 1 
60211|Child_Avg|47: 1106 307 84 40 13 5 1 
60214|Child_Cross21|50: 1064 307 83 40 13 5 1 
60215|Child_Cross12|5: 1091 308 83 40 14 5 1 
60226|Child_LevyP2|4: 1092 315 94 39 14 4 1 
60228|Child_Avg|51|Mutated: 1072 301 98 40 13 5 1 
60232|Child_Avg|55: 1089 304 90 40 13 5 1 
60242|Child_CrossABC2|2: 1074 301 89 40 13 5 1 
60259|Child_LevyP1|9: 1055 297 93 39 14 4 1 
60275|Child_Cross12|41: 1020 287 90 39 14 4 1 
60277|Child_Levy|44: 987 275 93 36 13 4 1 
60286|Child_Cross21|26: 1010 278 93 36 13 4 1 
60288|Child_Avg|55: 1013 277 86 36 13 4 1 
60291|Child_CrossABC1|7: 1140 277 86 36 13 4 1 
60294|Child_Avg|39: 1062 280 87 36 13 4 1 
60295|Child_CrossABC2|2: 1129 277 86 36 13 4 1 
60296|Child_Avg|19: 1065 278 86 36 13 4 1 
60297|Child_Avg|35: 1051 275 86 36 13 4 1 
60298|Child_Avg|31: 1071 277 86 36 13 4 1 
60299|Child_CrossABC1|1: 1043 275 86 36 13 4 1 
60300|Child_CrossABC2|8: 1043 277 86 36 13 4 1 
60301|Child_Cross12|49|Mutated: 1005 271 85 35 12 5 1 
60319|Child_Avg|15: 1070 305 86 35 11 5 1 
60321|Child_Cross21|2: 980 265 84 35 11 5 1 
60327|Child_CrossABC2|2: 973 269 90 35 12 5 1 
60329|Child_LevyABC1|5: 994 271 97 36 13 4 1 
60333|Child_Cross12|1: 916 259 83 41 11 4 1 
60334|Child_Avg|19: 964 257 91 37 11 4 1 
60335|Child_CrossABC2|2: 967 261 104 35 11 4 1 
60340|Child_Avg|35: 923 247 76 35 11 4 1 
60341|Child_Avg|55: 973 263 89 35 11 4 1 
60346|Child_Avg|19|Mutated: 940 246 84 35 11 5 1 
60347|Child_Avg|47: 1510 358 111 40 13 4 1 
60360|Child_Avg|31: 1325 359 101 40 13 5 1 
60371|Child_Levy|28: 1155 311 91 41 14 4 1 
60376|Child_Avg|35: 1155 304 90 40 13 4 1 
60379|Child_Cross21|14: 1152 287 85 40 13 5 1 
60380|Child_Cross12|29: 1138 279 85 40 13 4 1 
60386|Child_CrossABC1|7: 1091 279 85 40 13 5 1 
60389|Child_Cross21|54: 1129 266 85 40 13 5 1 
60391|Child_Cross12|9: 1128 279 85 40 13 5 1 
60395|Child_CrossABC2|2: 1077 279 85 40 13 5 1 
60397|Child_Cross21|34: 1123 279 85 40 13 5 1 
60410|Child_Avg|23: 1187 284 81 36 14 5 1 
60411|Child_Levy|4: 935 244 87 31 10 4 1 
60413|Child_Avg|51: 1009 293 96 42 13 6 1 
60414|Child_Levy|32: 1049 279 89 35 11 5 1 
60420|Child_Cross21|10: 924 246 78 35 11 5 1 
60421|Child_Levy|12: 872 269 89 32 11 4 1 
60435|Child_Cross21|2: 911 260 78 32 11 4 1 
60436|Child_Avg|59: 1009 283 90 42 11 4 1 
60439|Child_Avg|27: 906 252 79 31 10 3 1 
60440|Child_Cross21|46: 931 263 78 42 11 4 1 
60442|Child_LevyP1|3: 868 255 78 34 9 4 1 
60443|Child_LevyP1|9|Mutated: 934 250 87 40 13 5 1 
60445|Child_CrossABC1|7: 930 251 86 41 14 6 1 
60450|Child_Levy|12: 927 250 84 36 11 5 1 
60451|Child_Cross12|5: 918 254 75 41 13 4 1 
60454|Child_CrossABC1|7: 1098 241 80 37 14 4 1 
60456|Child_LevyP1|9: 938 253 83 33 14 6 1 
60458|Child_Avg|59: 790 245 77 37 13 4 1 
60459|Child_LevyABC2|12: 946 250 93 36 11 5 1 
60460|Child_Avg|7: 966 249 85 35 12 5 1 
60461|Survivor|1|Mutated: 966 261 85 35 12 5 1 
60474|Child_CrossABC2|8: 875 239 74 35 12 5 1 
60475|Child_LevyP2|4: 948 275 89 36 13 4 1 
60476|Child_Avg|39: 847 253 82 35 13 5 1 
60480|Child_Avg|51: 908 243 78 35 12 5 1 
60482|Child_Avg|47|Mutated: 1501 361 105 33 14 4 1 
60512|Child_Cross21|18: 911 244 73 35 12 5 1 
60545|Child_Avg|59|Mutated: 914 248 86 35 12 5 1 
60561|Child_Avg|27|Mutated: 789 246 85 35 12 5 1 
60590|Child_Cross21|30|Mutated: 923 246 86 35 11 5 1 
60602|Child_Levy|8: 993 261 86 36 13 4 1 
60604|Child_Levy|52: 1359 385 97 40 14 5 1 
60605|Child_Cross21|54: 1071 307 91 40 14 5 1 
60623|Child_CrossABC2|2: 1074 312 89 41 13 6 1 
60625|Child_Cross21|26: 917 275 83 34 16 5 1 
60629|Child_Cross12|45: 1061 306 85 35 13 5 1 
60634|Child_Avg|19: 1049 295 86 35 13 5 1 
60644|Child_CrossABC1|7: 1119 295 86 35 13 5 1 
60645|Child_CrossABC1|7: 1139 295 86 35 13 5 1 
60646|Child_CrossABC1|1: 1122 291 86 35 13 5 1 
60654|Child_Cross21|14: 1052 278 82 35 13 5 1 
60674|Child_Avg|51: 1588 379 119 43 14 4 1 
60686|Child_Levy|4: 1390 313 111 43 14 6 1 
60687|Child_CrossABC1|7: 1427 365 124 43 14 6 1 
60690|Child_CrossABC1|1: 1161 358 109 43 14 6 1 
60691|Child_CrossABC1|7: 1433 359 109 43 14 6 1 
60692|Child_CrossABC1|1: 1386 359 126 43 14 6 1 
60693|Survivor|1|Mutated: 1386 313 126 43 14 6 1 
60694|Survivor|1|Mutated: 1386 313 126 50 14 5 1 
60696|Child_CrossABC2|8: 1360 317 93 43 13 5 1 
60702|Child_CrossABC1|7: 1362 346 110 43 13 5 1 
60703|Child_Cross12|45: 1334 317 93 43 13 5 1 
60704|Child_LevyP2|4: 1303 311 94 45 14 6 1 
60706|Child_LevyABC2|6: 1352 309 97 47 14 6 1 
60712|Child_Avg|7|Mutated: 1446 316 105 43 13 5 1 
60716|Child_LevyABC1|11: 1446 321 97 40 14 5 1 
60718|Child_Cross21|42: 1412 315 91 40 14 5 1 
60719|Child_Levy|52: 1334 327 106 41 14 6 1 
60721|Child_Levy|60: 1350 329 98 40 12 5 1 
60722|Child_LevyP1|3: 1509 331 105 39 14 4 1 
60723|Child_Levy|56: 1360 325 96 43 14 6 1 
60727|Child_Cross21|30: 1362 317 89 40 13 5 1 
60730|Child_Cross21|58: 1325 329 90 39 14 4 1 
60733|Child_CrossABC1|7: 1378 316 94 45 16 5 1 
60735|Child_Cross12|53|Mutated: 1398 323 101 39 14 4 1 
60742|Child_CrossABC2|2: 1411 364 110 40 13 5 1 
60755|Child_Cross12|21: 1099 316 97 40 12 5 1 
60760|Child_Cross12|45: 1099 316 97 40 13 5 1 
60764|Child_Avg|31: 1153 315 91 40 12 5 1 
60765|Child_Avg|59: 1181 316 97 40 12 5 1 
60769|Survivor|1|Mutated: 1041 354 109 40 12 5 1 
60770|Child_Avg|55: 1068 322 93 40 11 5 1 
60771|Child_Avg|3: 1084 329 90 40 13 4 1 
60772|Child_Avg|7: 1083 317 90 40 13 4 1 
60773|Child_Levy|40: 1042 319 88 40 13 5 1 
60775|Child_Cross12|49: 1041 311 89 41 13 4 1 
60776|Child_Cross12|49: 1053 318 90 40 13 4 1 
60777|Child_Cross21|22: 1131 318 89 41 13 4 1 
60778|Child_Avg|23: 1061 314 88 40 13 4 1 
60780|Survivor|1|Mutated: 1061 314 88 32 13 4 1 
60784|Child_Cross12|57: 1061 298 88 40 13 5 1 
60786|Child_Avg|23: 1073 300 89 40 13 5 1 
60788|Child_Avg|3: 1052 301 87 39 14 6 1 
60789|Child_Cross12|5: 1049 302 88 40 13 5 1 
60791|Child_CrossABC2|2: 1035 302 88 40 13 5 1 
60792|Child_Avg|31: 1043 306 88 40 13 5 1 
60811|Child_Avg|3: 1197 359 135 41 13 4 1 
60814|Child_Avg|39: 1360 334 113 39 14 4 1 
60825|Child_Avg|7: 1200 307 103 41 13 4 1 
60827|Child_CrossABC1|1: 1201 334 103 41 13 4 1 
60828|Child_CrossABC2|2: 1201 320 103 41 13 4 1 
60829|Child_Cross21|2: 1066 315 98 41 13 4 1 
60832|Survivor|1|Mutated: 1159 331 98 41 13 4 1 
60834|Child_Avg|39: 1200 309 96 40 13 5 1 
60840|Child_Avg|23: 1085 304 99 40 12 5 1 
60843|Child_LevyP2|10: 1121 303 99 39 14 6 1 
60844|Child_Levy|44: 1118 315 97 40 12 5 1 
60851|Child_LevyABC2|6: 1109 307 103 40 13 5 1 
60860|Child_Avg|27: 1104 311 103 40 13 5 1 
60861|Child_LevyP1|9: 1073 306 105 39 14 6 1 
60867|Child_Cross12|33: 1073 313 90 39 14 6 1 
60868|Child_Avg|59: 1059 319 100 37 14 6 1 
60877|Child_Cross21|26: 1060 304 90 35 12 5 1 
60878|Child_Cross12|21: 1060 304 90 35 13 5 1 
60901|Child_CrossABC2|2: 1045 298 86 35 13 5 1 
60902|Child_Avg|27: 1149 302 86 35 12 5 1 
60907|Child_Cross12|21: 1045 304 77 40 12 5 1 
60908|Child_Avg|3: 1082 312 82 35 13 5 1 
60910|Child_Levy|24: 1084 315 85 36 11 5 1 
60914|Child_Avg|55: 1073 313 83 36 13 4 1 
60917|Child_Cross21|26: 885 267 80 36 13 4 1 
60918|Child_Avg|55: 1063 326 82 37 14 4 1 
60921|Child_CrossABC1|1|Mutated: 1062 268 95 37 14 4 1 
60924|Child_LevyP2|10: 1094 326 80 35 13 5 1 
60928|Child_CrossABC1|1: 1114 322 83 36 13 4 1 
60929|Child_Avg|7: 1035 313 83 31 14 4 1 
60930|Child_Cross21|10: 969 299 77 31 14 4 1 
60934|Child_Avg|7: 1783 425 136 46 13 4 1 
60935|Child_Avg|43: 959 305 78 31 14 4 1 
60936|Child_Levy|32: 1195 290 106 37 12 5 1 
60939|Child_LevyABC1|11: 1000 342 91 37 14 6 1 
60940|Child_Levy|40: 1363 335 150 41 13 6 1 
60941|Child_Levy|36: 1235 327 118 37 14 6 1 
60943|Child_Avg|7: 1278 334 131 37 14 6 1 
60949|Child_LevyABC2|6: 1102 351 96 37 14 6 1 
60950|Child_Cross12|13: 1160 331 100 37 14 6 1 
60953|Child_Avg|7: 1064 317 94 36 13 4 1 
60956|Child_CrossABC2|2|Mutated: 1066 321 93 35 13 5 1 
60960|Child_Cross12|17: 1052 316 91 37 14 4 1 
60962|Child_Levy|60|Mutated: 1162 310 91 35 13 5 1 
60963|Child_Cross12|9: 1064 311 84 35 13 5 1 
60968|Child_Cross12|25: 1015 321 86 35 12 5 1 
60969|Child_Avg|35: 948 300 86 35 12 5 1 
60970|Child_Avg|27: 964 299 84 35 13 5 1 
60971|Child_Avg|15: 1051 313 83 36 13 4 1 
60975|Child_Avg|27|Mutated: 1017 330 95 31 14 4 1 
60977|Child_Cross21|50: 1003 321 82 37 14 4 1 
60982|Child_LevyABC2|12: 1324 307 89 35 12 5 1 
60988|Child_Cross12|29: 1210 307 89 35 12 5 1 
60989|Child_Avg|15: 1062 302 80 35 11 5 1 
60991|Child_Levy|52: 1163 307 84 35 13 6 1 
60994|Child_Avg|51: 1111 299 84 35 13 5 1 
60995|Child_Avg|59: 895 270 95 37 12 5 1 
60996|Child_Avg|3: 962 287 86 35 12 5 1 
60999|Child_CrossABC2|8: 923 285 94 35 13 5 1 
61001|Child_CrossABC2|8: 926 287 95 35 13 5 1 
61005|Child_CrossABC2|2: 932 287 95 35 13 5 1 
61015|Child_CrossABC2|8: 1064 288 89 35 13 5 1 
61051|Child_LevyABC2|12: 1057 296 112 37 14 6 1 
61052|Child_CrossABC1|7: 1061 301 103 35 13 5 1 
61054|Child_Levy|12: 1342 359 101 40 12 5 1 
61055|Child_CrossABC1|1: 1080 309 100 33 14 6 1 
61056|Child_Avg|11: 1107 304 83 36 13 4 1 
61061|Child_Avg|19: 1047 303 83 33 14 4 1 
61066|Child_Levy|16|Mutated: 1176 316 91 41 14 6 1 
61068|Child_Cross12|33: 1060 295 88 41 14 6 1 
61069|Child_Avg|3: 1142 308 85 36 14 5 1 
61071|Child_Avg|59: 1102 293 81 36 13 4 1 
61072|Survivor|1|Mutated: 1102 309 81 36 13 4 1 
61073|Child_Levy|56: 1160 299 84 35 13 5 1 
61074|Child_Cross12|45: 1139 303 84 35 13 5 1 
61075|Child_Levy|4: 1111 297 82 37 12 5 1 
61079|Child_LevyABC1|11|Mutated: 1400 269 88 40 13 5 1 
61080|Child_Avg|51|Mutated: 1596 328 128 37 14 4 1 
61081|Child_Cross21|26: 1347 372 132 37 14 4 1 
61084|Child_Avg|47: 1335 368 121 36 15 4 1 
61087|Child_Avg|51: 960 275 100 32 13 4 1 
61088|Child_CrossABC1|1: 922 260 93 33 14 4 1 
61089|Child_CrossABC1|7: 907 257 96 36 13 4 1 
61091|Child_CrossABC2|2: 975 257 93 36 13 4 1 
61093|Child_Cross21|54: 875 256 90 35 12 5 1 
61094|Child_Cross21|38: 1017 254 93 36 13 4 1 
61095|Child_Cross12|25: 1017 254 93 33 14 4 1 
61098|Child_CrossABC1|7: 976 254 93 33 14 4 1 
61099|Child_Cross12|5: 917 260 87 33 14 4 1 
61109|Child_Levy|44: 934 261 88 32 13 4 1 
61117|Child_Cross21|14: 916 255 81 32 13 4 1 
61119|Child_Avg|7: 920 251 81 32 13 4 1 
