5|Child_Levy|48: 5736 2026 838 325 141 67 23 10 4 1 
15|Child_Levy|12: 4451 1484 633 257 127 67 23 10 4 1 
18|Child_Cross21|18: 4422 1554 672 248 127 67 23 10 4 1 
19|Child_Cross21|34: 4451 1484 633 257 127 64 23 10 4 1 
25|Survivor|1|Mutated: 4066 1484 633 257 127 64 23 10 4 1 
30|Child_Levy|40: 4300 1607 628 251 114 61 24 9 4 1 
41|Child_Cross21|26: 4151 1526 622 251 112 64 23 10 4 1 
46|Child_Cross21|50: 4309 1570 626 253 111 64 23 10 4 1 
48|Child_Cross21|10: 4146 1562 637 260 111 64 23 10 4 1 
88|Survivor|1: 3556 1216 511 206 85 53 24 9 4 1 
246|Child_CrossABC1|7: 4749 2039 624 237 123 49 23 8 3 1 
283|Child_LevyP2|4: 4160 1308 571 259 140 62 24 9 4 1 
296|Child_Cross12|41: 3782 1448 571 231 113 62 24 9 4 1 
303|Child_CrossABC1|1: 3578 1390 533 272 128 59 24 9 4 1 
307|Child_Cross21|58: 3578 1390 545 272 128 59 24 9 4 1 
312|Child_Avg|19: 3444 1315 516 254 121 59 24 9 4 1 
313|Child_CrossABC2|2: 3461 1309 506 250 117 59 24 9 4 1 
320|Child_Cross21|18: 3610 1271 522 235 102 59 24 9 4 1 
334|Survivor|1: 3847 1209 502 233 98 58 24 9 4 1 
338|Survivor|1: 3691 1167 497 228 103 58 24 9 4 1 
340|Child_Cross12|45: 3768 1219 507 229 95 58 24 9 4 1 
419|Survivor|1|Mutated: 3877 1244 600 251 108 55 24 9 4 1 
429|Child_Avg|59: 3909 1250 598 254 105 55 24 9 4 1 
431|Child_CrossABC2|2: 3870 1258 599 248 106 55 24 9 4 1 
434|Child_CrossABC2|2: 3841 1263 600 250 107 55 24 9 4 1 
448|Child_CrossABC2|8: 3898 1255 601 283 105 55 24 9 4 1 
461|Child_CrossABC1|7: 3918 1282 573 277 115 55 24 9 4 1 
464|Survivor|1: 3918 1063 573 277 115 55 24 9 4 1 
465|Child_CrossABC1|7: 3599 1139 517 273 104 55 24 9 4 1 
470|Child_CrossABC2|8: 3916 1356 508 242 105 55 24 9 4 1 
478|Child_CrossABC1|7: 3481 1123 506 261 104 55 24 9 4 1 
479|Child_Cross21|14: 3592 1164 511 244 92 57 21 10 4 1 
531|Child_Cross21|14: 3030 1059 440 202 86 47 21 10 4 1 
655|Survivor|1: 3100 997 477 205 83 48 20 9 4 1 
681|Child_Cross12|45: 5455 1731 566 236 132 67 24 9 4 1 
694|Child_Levy|40: 5198 1645 569 262 125 60 21 10 4 1 
700|Child_Cross12|9: 4981 1549 551 226 107 60 21 10 4 1 
704|Child_Cross12|13: 4536 1355 536 226 108 58 23 10 4 1 
705|Child_Avg|27: 4787 1416 546 226 107 57 21 10 4 1 
710|Child_CrossABC2|2: 4599 1316 594 226 107 57 21 10 4 1 
713|Child_Cross12|9: 4738 1429 544 229 106 57 21 10 4 1 
721|Child_CrossABC2|8: 4176 1495 545 226 110 56 21 10 4 1 
729|Child_CrossABC2|2: 4114 1467 548 225 111 56 21 10 4 1 
741|Child_Levy|16: 4214 1344 526 218 93 52 19 10 4 1 
742|Child_CrossABC1|7: 4102 1481 538 218 107 57 21 10 4 1 
750|Survivor|1|Mutated: 4812 1479 577 236 96 57 21 10 4 1 
756|Survivor|1: 4457 1402 547 222 89 57 20 9 4 1 
786|Child_Avg|19: 3835 1342 525 199 81 48 20 9 4 1 
901|Child_Avg|7: 4151 1497 462 216 95 58 24 9 4 1 
903|Child_Avg|59: 3918 1315 480 219 95 60 23 10 4 1 
978|Survivor|1: 4069 1245 423 202 93 43 19 10 4 1 
982|Child_Cross21|38: 3983 1260 481 211 88 43 19 10 4 1 
984|Survivor|1|Mutated: 4567 1260 481 211 88 43 19 10 4 1 
988|Child_Avg|27|Mutated: 4290 1233 497 243 97 50 21 10 4 1 
1054|Child_CrossABC1|1: 4367 1305 479 209 84 49 24 9 4 1 
1071|Survivor|1: 4375 1305 479 209 84 49 24 9 4 1 
1144|Survivor|1: 3468 1149 464 248 105 48 23 10 4 1 
1182|Child_Avg|47|Mutated: 3578 1099 443 219 85 46 20 9 4 1 
1214|Child_Cross21|18: 3578 1355 552 235 106 46 21 10 4 1 
1220|Child_Cross12|17: 3804 1613 551 219 91 46 21 10 4 1 
1229|Survivor|1: 3742 1612 551 219 91 46 21 10 4 1 
1245|Survivor|1: 3754 1520 502 217 89 43 19 10 4 1 
1301|Child_Cross12|5: 4366 1283 578 239 107 56 24 9 4 1 
1302|Child_CrossABC2|8: 4308 1217 576 241 122 56 24 9 4 1 
1306|Survivor|1|Mutated: 4308 1217 573 241 122 56 24 9 4 1 
1308|Child_Cross21|34: 4408 1397 598 239 102 46 24 9 4 1 
1309|Child_Avg|39: 4195 1259 571 240 109 53 24 9 4 1 
1310|Child_Avg|7: 4142 1233 543 238 105 55 24 9 4 1 
1327|Survivor|1|Mutated: 4264 1192 558 240 95 55 24 9 4 1 
1470|Survivor|1: 3606 1428 526 215 84 55 24 9 4 1 
1596|Child_Avg|59: 3790 1325 520 221 113 58 24 9 4 1 
1687|Child_LevyABC2|12: 4706 2142 739 321 125 70 24 9 4 1 
1701|Survivor|1: 4026 1439 606 259 108 70 24 9 4 1 
1704|Child_CrossABC1|1: 3897 1393 569 251 107 62 24 9 4 1 
1707|Child_Cross12|29: 3863 1446 596 247 99 64 24 9 4 1 
1715|Child_CrossABC2|2: 3877 1576 600 239 98 64 24 9 4 1 
1717|Child_CrossABC2|2: 3866 1620 602 231 98 64 24 9 4 1 
1720|Child_Cross21|38: 3904 1438 574 237 98 64 24 9 4 1 
1741|Survivor|1: 3907 1416 566 237 89 64 24 9 4 1 
1746|Survivor|1: 3797 1430 556 237 89 64 24 9 4 1 
1749|Child_CrossABC2|8: 4052 1413 555 237 89 64 24 9 4 1 
1755|Child_CrossABC2|8: 3868 1425 560 237 89 64 24 9 4 1 
1758|Child_CrossABC1|1: 3821 1425 560 237 89 64 24 9 4 1 
1761|Child_CrossABC2|2: 3877 1425 560 237 89 64 24 9 4 1 
1763|Child_CrossABC2|2: 3924 1425 560 237 89 64 24 9 4 1 
1765|Child_CrossABC1|7: 3921 1425 560 237 89 64 24 9 4 1 
1774|Child_CrossABC2|8: 3893 1346 560 222 89 64 24 9 4 1 
1860|Child_Levy|44: 3687 1321 536 229 123 57 23 10 4 1 
1866|Child_Avg|7: 3622 1324 527 258 122 57 23 10 4 1 
1867|Child_Cross21|10: 3597 1331 531 291 122 57 23 10 4 1 
1869|Child_Cross12|29: 4088 1441 526 266 121 57 23 10 4 1 
1870|Child_CrossABC1|7: 3851 1338 519 245 118 57 23 10 4 1 
1882|Child_CrossABC2|2: 3851 1379 557 245 118 57 23 10 4 1 
1888|Child_CrossABC2|8: 3592 1224 515 243 105 57 23 10 4 1 
1891|Child_Cross12|53: 3651 1164 515 234 98 57 23 10 4 1 
1892|Child_Cross21|50: 3612 1283 500 247 104 53 19 10 4 1 
1900|Child_Cross21|54: 3718 1212 495 244 98 53 19 10 4 1 
1930|Child_Avg|27: 3795 1145 514 222 90 54 19 10 4 1 
1931|Child_Cross12|45: 3699 1154 513 225 88 55 19 10 4 1 
2132|Child_CrossABC1|7: 4614 1566 618 263 130 55 27 10 4 1 
2136|Child_CrossABC1|7: 4425 1516 574 257 125 55 27 10 4 1 
2144|Child_Levy|60: 4063 1380 560 241 102 55 24 9 4 1 
2151|Child_Cross12|25: 4131 1351 563 233 95 55 24 9 4 1 
2158|Survivor|1: 3723 1398 511 229 92 59 21 10 4 1 
2169|Child_CrossABC2|2: 3849 1421 511 229 90 57 21 10 4 1 
2170|Child_CrossABC1|7: 3731 1397 520 231 89 56 21 10 4 1 
2325|Child_Levy|4: 4469 1799 693 290 139 71 24 9 4 1 
2336|Child_Levy|44: 3691 1472 613 261 121 65 24 9 4 1 
2341|Child_CrossABC1|1: 4755 1473 652 294 121 67 24 9 4 1 
2354|Child_CrossABC1|7: 4673 1487 656 295 125 67 24 9 4 1 
2355|Child_Avg|55: 4722 1478 647 294 127 67 24 9 4 1 
2358|Child_CrossABC1|7|Mutated: 4624 1412 644 296 123 67 24 9 4 1 
2361|Child_CrossABC2|8: 4428 1473 584 273 117 67 24 9 4 1 
2378|Child_CrossABC1|7: 3794 1549 586 278 111 61 23 10 4 1 
2383|Child_Avg|47|Mutated: 3730 1361 530 264 114 54 23 10 4 1 
2391|Child_Cross12|5: 3607 1372 597 286 110 59 24 9 4 1 
2393|Child_Cross12|17: 3395 1398 551 230 105 56 24 9 4 1 
2398|Child_Cross12|33: 3781 1396 552 221 106 56 24 9 4 1 
2408|Child_CrossABC2|8: 3545 1313 581 228 94 56 21 10 4 1 
2415|Child_Cross21|38: 3559 1327 574 232 94 56 21 10 4 1 
2417|Child_Cross12|1: 3550 1340 597 237 92 56 21 10 4 1 
2421|Child_CrossABC2|8: 3563 1307 592 237 92 56 21 10 4 1 
2423|Child_Cross12|5: 3490 1370 576 239 90 56 21 10 4 1 
2443|Child_Cross12|37: 2901 1143 501 200 83 48 20 9 4 1 
2536|Survivor|1: 3045 945 325 158 58 24 9 4 1 
2587|Child_CrossABC2|8: 3740 1532 580 293 125 68 24 9 4 1 
2588|Child_CrossABC1|7: 3906 1492 619 266 128 67 24 9 4 1 
2589|Child_Levy|8|Mutated: 3833 1509 600 274 127 64 23 10 4 1 
2594|Child_Cross21|14: 4426 1446 571 255 117 67 24 9 4 1 
2595|Child_CrossABC2|8: 4227 1428 559 262 121 61 24 9 4 1 
2602|Child_LevyABC1|5: 3904 1206 531 251 94 43 24 9 4 1 
2611|Child_Cross21|38: 3904 1206 525 251 94 50 24 9 4 1 
2638|Child_CrossABC2|2: 3905 1218 526 249 103 50 24 9 4 1 
2659|Survivor|1: 3818 1402 569 238 97 54 23 7 3 1 
2722|Child_CrossABC2|8: 2890 1009 442 202 85 27 14 4 1 
2878|Survivor|1: 4260 1275 498 204 88 53 19 10 4 1 
3002|Survivor|1: 4605 1621 550 291 106 62 24 11 5 1 
3019|Survivor|1: 5138 1561 646 246 119 60 19 10 4 1 
3029|Survivor|1: 4366 1336 533 223 103 59 20 9 4 1 
3046|Survivor|1: 3889 1232 512 221 95 59 20 9 4 1 
3048|Survivor|1: 4070 1324 491 218 86 60 21 10 4 1 
3062|Survivor|1: 3910 1241 484 215 84 59 20 9 4 1 
3118|Child_CrossABC1|7: 4135 1491 734 337 122 72 27 10 4 1 
3121|Child_Cross12|5: 4031 1592 727 286 122 72 27 10 4 1 
3222|Survivor|1: 3940 1166 489 209 81 48 20 9 4 1 
3240|Survivor|1: 4003 1103 496 212 81 48 20 9 4 1 
3285|Survivor|1|Mutated: 5614 2029 734 280 132 72 27 10 4 1 
3297|Survivor|1: 5601 1728 685 271 114 69 27 10 4 1 
3299|Child_CrossABC2|2: 5595 1675 703 265 110 69 27 10 4 1 
3311|Child_LevyABC2|12: 5121 1504 671 246 103 51 19 10 4 1 
3321|Child_CrossABC2|2: 3946 1364 573 230 89 56 17 10 4 1 
3322|Child_Cross12|25: 3951 1215 490 193 88 51 19 10 4 1 
3361|Child_Cross12|37|Mutated: 6961 1986 764 271 142 70 29 9 4 1 
3368|Child_Levy|60: 4921 1825 638 284 126 66 29 9 4 1 
3370|Child_Cross21|54: 4581 1874 585 256 121 65 27 10 4 1 
3385|Child_Levy|48: 3957 1610 602 249 110 65 24 11 5 1 
3389|Child_Cross21|18: 3957 1610 602 249 110 65 24 9 4 1 
3393|Child_Avg|35: 4031 1577 579 251 101 64 23 10 4 1 
3396|Survivor|1: 3989 1554 569 258 93 64 23 10 4 1 
3401|Child_Cross12|13: 3946 1539 603 273 98 64 24 9 4 1 
3439|Child_CrossABC1|1|Mutated: 4527 1427 601 257 91 57 21 10 4 1 
3441|Child_Avg|3: 4117 1312 578 238 89 56 21 10 4 1 
3518|Child_Levy|24|Mutated: 4491 1293 568 252 116 57 23 8 3 1 
3523|Child_Levy|60: 4421 1331 491 230 104 54 20 9 4 1 
3567|Child_Levy|48: 4490 1329 599 219 91 45 21 10 4 1 
3591|Survivor|1: 3917 1243 536 208 87 46 20 9 4 1 
3672|Survivor|1: 3853 1132 473 210 92 44 19 7 3 1 
3680|Survivor|1: 3917 1124 471 207 84 44 19 7 3 1 
3745|Child_Avg|47: 3901 1440 584 217 102 56 25 9 4 1 
3889|Child_Avg|35: 6636 2050 884 363 150 74 28 11 4 1 
3932|Child_Cross21|18: 4841 1569 518 246 106 55 23 10 4 1 
3943|Child_Cross12|9|Mutated: 4466 1673 506 219 107 55 24 9 4 1 
3946|Child_CrossABC1|1: 5479 1517 525 242 107 54 23 10 4 1 
3962|Survivor|1: 5152 1501 541 242 107 54 23 10 4 1 
3974|Child_CrossABC2|8: 4310 1347 516 221 96 54 23 10 4 1 
4139|Child_Avg|15: 4947 1443 578 259 114 70 23 10 4 1 
4221|Survivor|1: 4505 1281 513 229 83 51 23 10 4 1 
4321|Child_Cross12|45: 3120 1265 528 239 103 71 23 10 4 1 
4334|Child_Avg|51: 4457 1362 528 253 93 64 23 10 4 1 
4338|Child_CrossABC1|7: 4247 1353 539 248 119 64 23 10 4 1 
4339|Child_CrossABC2|8: 4487 1363 532 253 111 64 23 10 4 1 
4345|Child_Cross21|18: 4425 1300 538 255 104 70 24 9 4 1 
4481|Child_Cross12|13: 3226 1325 567 220 97 58 21 10 4 1 
4483|Child_CrossABC2|8: 3235 1237 563 236 93 58 21 10 4 1 
4552|Child_CrossABC2|2: 4845 1485 542 299 103 59 24 9 4 1 
4557|Child_Cross21|42: 4207 1249 473 221 99 43 24 9 4 1 
4574|Child_Cross21|26: 4161 1367 526 218 101 59 24 9 4 1 
4584|Survivor|1|Mutated: 3544 1257 525 238 102 54 23 10 4 1 
4593|Child_CrossABC1|1: 3573 1374 531 241 114 54 23 10 4 1 
4603|Child_CrossABC2|2: 3566 1248 513 243 122 55 24 9 4 1 
4627|Survivor|1: 3357 1255 504 239 99 55 24 9 4 1 
4745|Survivor|1: 3086 1177 479 225 99 55 23 10 4 1 
4901|Survivor|1: 3283 1469 532 203 105 58 24 9 4 1 
5048|Survivor|1: 4441 1381 651 253 101 70 23 10 4 1 
5226|Child_Levy|4: 4691 1323 592 236 117 52 20 9 4 1 
5239|Survivor|1: 3822 1217 513 200 103 52 20 9 4 1 
5247|Survivor|1: 3650 1226 540 217 97 52 20 9 4 1 
5256|Survivor|1: 3673 1233 551 208 93 46 20 9 4 1 
5267|Survivor|1: 3881 1208 557 199 91 46 20 9 4 1 
5271|Child_Cross21|10: 3914 1258 550 202 89 46 20 9 4 1 
5278|Child_CrossABC2|8: 3911 1198 557 195 96 46 20 9 4 1 
5430|Child_CrossABC2|2: 4067 1412 509 253 119 57 23 10 4 1 
5435|Child_Avg|31: 3591 1177 446 201 103 47 23 10 4 1 
5444|Child_CrossABC1|7: 3234 1168 481 226 98 47 23 10 4 1 
5446|Child_Cross21|26: 3394 1194 462 202 93 46 20 9 4 1 
5583|Survivor|1: 4263 1552 740 287 124 71 28 11 4 1 
5610|Child_Cross12|17: 4294 1666 647 256 118 65 27 10 4 1 
5621|Survivor|1: 4418 1720 603 251 116 65 27 10 4 1 
5626|Child_CrossABC2|8|Mutated: 3899 1523 589 260 112 62 27 10 4 1 
5627|Child_CrossABC2|2: 4025 1336 579 263 111 63 27 10 4 1 
5628|Child_Cross21|38: 3909 1366 588 257 103 62 27 10 4 1 
5630|Child_Cross21|6: 3890 1462 620 264 103 62 27 10 4 1 
5639|Survivor|1: 3653 1440 597 252 98 60 25 9 4 1 
5645|Child_Avg|19: 3879 1381 583 255 104 58 25 9 4 1 
5671|Child_CrossABC1|1: 3856 1507 596 255 104 58 25 9 4 1 
5673|Child_CrossABC2|2: 3842 1378 588 255 104 58 25 9 4 1 
5684|Child_LevyP2|4: 3779 1451 597 263 98 56 24 9 4 1 
5907|Survivor|1: 5408 1604 640 236 105 57 23 10 4 1 
5910|Survivor|1: 3835 1340 591 255 98 74 23 10 4 1 
5914|Child_Cross21|6: 4203 1306 539 229 96 57 23 10 4 1 
5919|Child_CrossABC2|8: 3839 1348 587 253 98 47 23 10 4 1 
5925|Child_CrossABC1|1: 3877 1348 587 253 98 47 23 10 4 1 
5928|Child_CrossABC2|8: 3948 1344 587 253 98 47 23 10 4 1 
5929|Child_CrossABC1|7: 3869 1330 568 258 96 51 23 10 4 1 
6123|Child_Avg|23: 3640 1112 453 249 111 64 24 9 4 1 
6151|Child_Cross21|18: 4207 1346 529 240 113 67 24 9 4 1 
6440|Survivor|1: 3848 1075 466 224 102 55 24 11 5 1 
6442|Child_Levy|4: 4046 1114 459 226 99 54 23 10 4 1 
6450|Survivor|1: 4086 1104 466 218 91 54 23 10 4 1 
6557|Child_Cross12|49: 3190 1210 554 229 101 67 21 10 4 1 
6625|Child_CrossABC2|8: 3625 1407 458 209 87 51 19 10 4 1 
6652|Survivor|1: 3513 1237 451 208 84 51 19 10 4 1 
6663|Survivor|1: 3113 1237 451 208 84 51 19 10 4 1 
6727|Survivor|1: 3556 1423 535 227 118 53 24 9 4 1 
6731|Child_Cross21|22: 3575 1444 542 232 118 53 24 9 4 1 
6732|Child_CrossABC1|1: 3859 1416 496 250 114 53 24 9 4 1 
6737|Child_Cross21|58: 3504 1414 537 247 110 53 24 9 4 1 
6738|Child_CrossABC1|7: 3711 1385 585 250 114 53 24 9 4 1 
6742|Survivor|1|Mutated: 3711 1385 564 250 114 53 24 9 4 1 
6748|Survivor|1|Mutated: 3924 1385 564 250 114 53 24 9 4 1 
6757|Child_CrossABC2|2: 3785 1365 577 258 113 53 24 9 4 1 
6759|Child_Avg|15: 3664 1392 556 222 103 53 24 9 4 1 
6761|Child_CrossABC1|7: 3827 1427 531 274 105 53 24 9 4 1 
6792|Child_CrossABC1|1: 3824 1399 535 252 105 53 24 9 4 1 
6793|Child_CrossABC2|8: 3823 1438 534 274 100 53 24 9 4 1 
6799|Child_CrossABC2|2: 3823 1436 532 262 100 53 24 9 4 1 
6828|Child_Avg|59: 4031 1552 724 273 143 64 24 9 4 1 
6829|Child_Cross21|30: 3949 1474 654 261 133 65 24 9 4 1 
6830|Child_Cross21|14: 3922 1448 749 262 133 63 25 11 5 1 
6831|Child_Avg|7: 3899 1402 634 262 133 64 24 9 4 1 
6832|Child_Levy|20: 3713 1396 606 254 137 64 24 9 4 1 
6836|Child_Cross12|5: 3631 1546 615 281 131 65 24 9 4 1 
6838|Survivor|1|Mutated: 4316 1546 615 281 131 65 24 9 4 1 
6842|Child_Levy|28: 4103 1446 665 271 126 64 24 9 4 1 
6843|Child_CrossABC1|7: 4368 1611 652 271 126 64 24 9 4 1 
6844|Child_CrossABC1|1: 4208 1300 657 271 126 64 24 9 4 1 
6847|Child_CrossABC2|2: 4436 1315 657 271 126 64 24 9 4 1 
6850|Child_CrossABC1|7: 3907 1293 661 265 127 64 24 9 4 1 
6853|Child_Avg|35: 4115 1324 623 263 113 64 24 9 4 1 
6870|Child_Cross12|21: 3976 1274 578 243 109 64 24 9 4 1 
6874|Child_Cross12|1: 4268 1292 693 255 107 64 24 9 4 1 
6881|Survivor|1: 3705 1208 544 234 99 64 24 9 4 1 
6886|Child_Avg|23|Mutated: 4547 1369 607 274 102 57 21 10 4 1 
6896|Child_CrossABC2|8: 4569 1388 603 271 111 57 21 10 4 1 
6900|Survivor|1|Mutated: 3972 1388 603 271 111 57 21 10 4 1 
6936|Child_Levy|8: 3673 1196 531 207 103 50 19 10 4 1 
6944|Survivor|1: 4350 1182 465 225 107 55 19 10 4 1 
6954|Child_CrossABC1|7: 3967 1172 514 204 97 55 19 10 4 1 
6968|Survivor|1: 3967 1172 514 204 97 54 20 9 4 1 
6974|Child_CrossABC1|1: 3967 1192 497 204 97 54 20 9 4 1 
6976|Child_Avg|39: 3967 1120 521 204 97 54 20 9 4 1 
6977|Child_CrossABC2|2: 3967 1175 523 204 97 54 20 9 4 1 
6978|Child_Cross12|53: 3967 1148 511 204 97 54 20 9 4 1 
6995|Survivor|1: 3961 1126 481 202 95 54 20 9 4 1 
7002|Survivor|1: 3979 1128 486 201 89 54 20 9 4 1 
7033|Survivor|1: 3774 1138 494 236 99 52 20 9 4 1 
7037|Survivor|1: 3787 1148 501 230 87 52 20 9 4 1 
7054|Child_CrossABC1|7: 3736 1151 489 227 90 52 20 9 4 1 
7121|Survivor|1: 3901 1608 540 251 114 64 24 9 4 1 
7135|Child_Cross12|37: 3897 1465 555 215 99 62 24 9 4 1 
7147|Survivor|1: 3900 1484 539 217 94 62 24 9 4 1 
7235|Child_CrossABC1|1: 3628 1330 619 211 94 49 21 10 4 1 
7236|Child_Avg|39: 3438 1339 617 215 93 49 21 10 4 1 
7237|Child_CrossABC2|2: 3695 1363 629 231 96 49 21 10 4 1 
7244|Child_CrossABC1|7: 3595 1342 624 226 96 49 21 10 4 1 
7256|Survivor|1: 3776 1323 613 218 87 49 21 10 4 1 
7302|Survivor|1: 3457 1291 561 210 83 52 19 10 4 1 
7381|Survivor|1: 3618 1288 582 209 88 59 24 9 4 1 
7421|Child_LevyP1|9: 3807 1303 565 216 99 48 20 9 4 1 
7431|Child_Avg|15: 3141 1131 463 186 97 52 19 10 4 1 
7434|Child_Levy|44: 3580 1367 536 220 111 57 21 10 4 1 
7437|Child_Avg|39: 3579 1224 525 241 104 56 21 10 4 1 
7539|Child_Avg|31: 4639 1401 559 218 111 56 21 10 4 1 
7548|Survivor|1: 3508 1173 483 208 97 57 21 10 4 1 
7549|Child_CrossABC2|8: 3795 1308 483 215 91 57 21 10 4 1 
7679|Child_Levy|32: 4112 1237 520 247 127 58 24 9 4 1 
7690|Child_Cross21|46: 3995 1251 510 236 105 58 24 9 4 1 
7739|Survivor|1: 3670 1913 682 292 120 62 25 9 4 1 
7747|Child_Avg|39: 3296 1789 648 253 114 58 24 9 4 1 
7890|Child_Cross21|54: 3491 1443 559 245 115 56 24 9 4 1 
7894|Child_Cross21|14: 3421 1314 550 239 114 56 24 9 4 1 
7896|Child_Cross12|45: 3373 1364 557 239 110 56 24 9 4 1 
7897|Child_Cross21|26: 3531 1360 546 251 114 56 24 9 4 1 
7902|Child_CrossABC2|2: 3531 1362 556 253 108 56 24 9 4 1 
7903|Child_CrossABC1|7: 3511 1354 559 251 109 56 24 9 4 1 
7908|Survivor|1|Mutated: 3511 1595 559 251 109 56 24 9 4 1 
7913|Child_CrossABC2|8: 3544 1618 580 251 109 56 24 9 4 1 
7916|Child_CrossABC1|1: 3543 1616 577 251 109 56 24 9 4 1 
7917|Child_Avg|55: 3791 1611 570 250 107 56 24 9 4 1 
7923|Child_Avg|19: 3699 1519 567 253 112 55 23 10 4 1 
7928|Child_Cross21|30: 3184 1284 482 238 89 55 24 9 4 1 
7929|Child_Levy|24: 3097 1175 518 224 94 54 23 10 4 1 
7939|Child_Cross12|17: 3020 1158 481 224 91 54 23 10 4 1 
7958|Child_Cross21|30: 3050 1147 484 223 91 54 23 10 4 1 
8126|Survivor|1: 3586 1380 532 209 98 55 20 9 4 1 
8170|Survivor|1: 3999 1680 591 271 106 68 24 9 4 1 
8175|Child_Cross12|1: 4034 1637 578 246 105 68 24 9 4 1 
8183|Child_Cross12|29: 3935 1498 566 254 97 65 24 9 4 1 
8184|Child_CrossABC1|1: 3753 1525 547 238 100 65 24 9 4 1 
8190|Child_CrossABC2|2: 3965 1497 570 269 103 65 24 9 4 1 
8193|Child_CrossABC2|8: 3993 1496 567 278 105 65 24 9 4 1 
8228|Survivor|1: 4658 1298 517 234 116 64 24 9 4 1 
8309|Child_Cross12|17: 4102 1255 583 220 87 60 21 10 4 1 
8314|Child_CrossABC2|8: 4085 1252 568 223 87 60 21 10 4 1 
8316|Survivor|1: 4103 1260 575 226 87 60 21 10 4 1 
8320|Child_Avg|47: 3954 1227 564 220 87 60 21 10 4 1 
8322|Child_CrossABC2|8: 4061 1258 560 226 87 60 21 10 4 1 
8324|Survivor|1: 4014 1255 550 227 87 60 21 10 4 1 
8325|Child_CrossABC2|8: 4021 1263 550 227 87 60 21 10 4 1 
8348|Child_Cross21|50: 3802 1322 555 219 86 50 21 10 4 1 
8429|Survivor|1: 4739 1848 652 255 106 80 24 9 4 1 
8487|Survivor|1: 3496 1350 520 252 95 61 23 10 4 1 
8490|Child_Cross21|10: 3644 1375 529 243 93 52 24 9 4 1 
8560|Survivor|1: 3191 1174 546 242 101 53 25 9 4 1 
8566|Child_Avg|15: 3191 1168 546 242 101 53 25 9 4 1 
8567|Child_Avg|35: 3191 1169 546 242 101 53 25 9 4 1 
8568|Child_CrossABC1|7: 3411 1270 546 242 101 53 25 9 4 1 
8578|Survivor|1: 4412 1169 546 242 101 53 25 9 4 1 
8613|Child_CrossABC1|7: 3827 1304 551 237 110 52 24 9 4 1 
8626|Survivor|1: 3724 1257 548 232 93 49 24 9 4 1 
8633|Child_Cross21|38: 4027 1221 563 235 84 49 24 9 4 1 
8710|Child_Cross12|13: 4611 1673 716 288 115 55 24 11 5 1 
8712|Child_Avg|35: 4114 1495 583 241 107 58 23 10 4 1 
8715|Survivor|1: 4183 1512 585 246 109 57 20 9 4 1 
8724|Child_Cross21|38: 3991 1439 566 226 98 55 20 9 4 1 
8732|Child_Levy|24: 4237 1529 580 257 109 59 21 10 4 1 
8738|Child_CrossABC1|7: 4527 1684 601 307 127 59 21 10 4 1 
8763|Child_Avg|35: 4147 1559 543 252 120 59 21 10 4 1 
8768|Child_Cross21|54: 3574 1304 482 221 109 59 21 10 4 1 
8770|Child_CrossABC2|2: 4022 1308 512 212 99 59 21 10 4 1 
8775|Child_CrossABC1|1: 3580 1159 508 227 102 57 21 10 4 1 
8776|Child_Cross12|45: 3206 1175 515 219 92 58 21 10 4 1 
8802|Child_Cross21|42: 3949 1168 503 207 83 57 20 9 4 1 
8878|Child_Avg|23: 3363 1321 537 202 116 51 23 10 4 1 
8881|Child_CrossABC1|1: 3833 1607 599 245 106 52 20 9 4 1 
8897|Child_Cross21|14: 3422 1346 509 209 102 52 20 9 4 1 
8902|Child_Cross21|38: 4084 1569 585 252 99 52 20 9 4 1 
8903|Child_Avg|47: 3787 1458 536 231 99 52 20 9 4 1 
8908|Child_CrossABC1|1|Mutated: 3753 1465 561 227 99 52 20 9 4 1 
8925|Survivor|1: 3674 1264 567 218 97 52 20 9 4 1 
8926|Child_CrossABC1|7: 3737 1652 576 229 95 52 20 9 4 1 
8940|Child_CrossABC1|1: 3932 1452 558 229 89 52 20 9 4 1 
8948|Survivor|1: 3952 1285 596 243 86 52 20 9 4 1 
8997|Child_Levy|36: 3763 1203 511 230 104 44 21 10 4 1 
9028|Child_CrossABC2|8: 3257 1416 655 238 104 48 21 10 4 1 
9031|Child_Cross12|49: 3700 1363 570 250 99 46 21 10 4 1 
9032|Child_Cross21|34: 3825 1545 525 241 101 46 21 10 4 1 
9043|Child_CrossABC1|1: 3724 1394 554 243 98 45 19 10 4 1 
9049|Child_Cross12|29: 3636 1246 544 233 96 46 20 9 4 1 
9054|Child_CrossABC1|1: 4693 1246 544 233 96 46 20 9 4 1 
9055|Child_Cross12|41: 3454 1246 544 233 96 46 20 9 4 1 
9057|Child_CrossABC1|7: 3488 1246 544 233 96 46 20 9 4 1 
9058|Child_Cross21|42: 3632 1246 544 233 96 46 20 9 4 1 
9060|Child_Avg|3: 4176 1246 544 233 96 46 20 9 4 1 
9064|Child_Cross21|34: 3917 1246 544 233 96 46 20 9 4 1 
9065|Child_Cross12|13: 3980 1246 544 233 96 46 20 9 4 1 
9066|Child_Avg|55: 4098 1246 544 233 96 46 20 9 4 1 
9067|Child_Avg|19: 4059 1246 544 233 96 46 20 9 4 1 
9068|Child_Cross12|41: 3997 1246 544 233 96 46 20 9 4 1 
9070|Child_Cross12|33: 3998 1246 544 233 96 46 20 9 4 1 
9071|Child_Avg|19|Mutated: 4078 1246 544 233 96 46 20 9 4 1 
9072|Child_Cross12|21: 4060 1246 544 233 96 46 20 9 4 1 
9073|Child_Cross21|30: 4022 1246 544 233 96 46 20 9 4 1 
9074|Child_Cross21|10: 4034 1246 544 233 96 46 20 9 4 1 
9076|Child_Cross21|34: 4037 1246 544 233 96 46 20 9 4 1 
9078|Child_Cross12|37: 4040 1246 544 233 96 46 20 9 4 1 
9079|Child_Cross12|9: 4004 1246 544 233 96 46 20 9 4 1 
9080|Child_Cross12|53: 4039 1246 544 233 96 46 20 9 4 1 
9082|Child_Cross21|34: 4020 1246 544 233 96 46 20 9 4 1 
9084|Child_Cross21|26: 4079 1246 544 233 96 46 20 9 4 1 
9085|Child_Cross21|42: 4017 1246 544 233 96 46 20 9 4 1 
9089|Child_Avg|11: 4032 1246 544 233 96 46 20 9 4 1 
9090|Child_Cross21|6: 4018 1246 544 233 96 46 20 9 4 1 
9091|Child_Avg|31: 4036 1246 544 233 96 46 20 9 4 1 
9093|Child_Cross12|17: 3996 1246 544 233 96 46 20 9 4 1 
9097|Child_Cross21|50: 4024 1246 544 233 96 46 20 9 4 1 
9098|Child_Cross12|9: 4029 1246 544 233 96 46 20 9 4 1 
9099|Child_Cross12|21: 4038 1246 544 233 96 46 20 9 4 1 
9106|Child_Cross12|17: 4027 1246 544 233 96 46 20 9 4 1 
9107|Child_Cross12|57: 4016 1246 544 233 96 46 20 9 4 1 
9108|Child_Cross21|30: 4024 1246 544 235 96 46 20 9 4 1 
9112|Child_Cross21|46: 4002 1246 544 233 96 46 20 9 4 1 
9114|Child_Avg|55: 4019 1246 544 233 96 46 20 9 4 1 
9116|Child_Avg|35: 4020 1287 544 233 96 46 20 9 4 1 
9122|Child_Cross21|10: 4014 1246 544 233 96 46 20 9 4 1 
9126|Child_Cross21|18: 4021 1246 544 233 96 46 20 9 4 1 
9127|Child_Avg|15: 4019 1241 544 233 96 46 20 9 4 1 
9128|Child_Cross12|41: 4020 1236 544 233 96 46 20 9 4 1 
9133|Child_Cross12|41: 4019 1250 544 233 96 46 20 9 4 1 
9136|Child_Cross12|37: 4021 1250 544 233 96 46 20 9 4 1 
9137|Child_Cross12|41: 4020 1245 544 233 96 46 20 9 4 1 
9138|Child_Cross12|57: 4018 1245 544 233 96 46 20 9 4 1 
9144|Child_Avg|39: 4090 1245 544 233 96 46 20 9 4 1 
9146|Child_Cross21|2: 4039 1245 544 233 96 46 20 9 4 1 
9147|Child_Cross21|58: 4028 1197 518 233 96 46 20 9 4 1 
9148|Child_Avg|59: 4056 1245 544 233 96 46 20 9 4 1 
9149|Child_Cross12|21: 4036 1245 544 233 96 46 20 9 4 1 
9150|Child_Cross21|42: 4074 1245 544 233 96 46 20 9 4 1 
9151|Child_Avg|23: 4016 1245 544 233 96 46 20 9 4 1 
9153|Child_Cross21|54: 4017 1245 544 233 96 46 20 9 4 1 
9156|Child_Cross21|38: 4053 1245 544 233 96 46 20 9 4 1 
9158|Child_Cross21|30: 4037 1245 544 233 96 46 20 9 4 1 
9159|Child_Cross12|25: 4019 1245 544 233 96 46 20 9 4 1 
9161|Child_Cross12|21: 4015 1245 544 233 96 46 20 9 4 1 
9165|Child_Cross21|14: 4077 1245 544 233 96 46 20 9 4 1 
9167|Child_Avg|31|Mutated: 4035 1245 535 233 96 46 20 9 4 1 
9171|Child_Cross21|54: 4057 1245 544 233 96 46 20 9 4 1 
9175|Child_Avg|23: 4033 1245 544 233 96 46 20 9 4 1 
9179|Child_Cross12|41: 4033 1245 539 233 96 46 20 9 4 1 
9180|Child_Avg|19: 4035 1245 544 233 96 46 20 9 4 1 
9186|Child_CrossABC1|7: 4013 1245 544 233 96 46 20 9 4 1 
9190|Child_Avg|55: 4034 1245 544 233 96 46 20 9 4 1 
9196|Child_Avg|19: 4030 1245 544 233 96 46 20 9 4 1 
9204|Child_Avg|47: 4014 1245 544 233 96 46 20 9 4 1 
9205|Child_Cross21|42: 4187 1245 544 233 96 46 20 9 4 1 
9228|Child_Avg|39: 4023 1244 545 225 94 46 20 9 4 1 
9239|Child_Cross12|17|Mutated: 3972 1329 545 227 96 46 20 9 4 1 
9244|Child_CrossABC1|1: 3952 1392 544 228 105 46 20 9 4 1 
9257|Survivor|1: 3780 1282 541 221 84 45 20 9 4 1 
9292|Child_LevyP2|4: 3234 1368 623 271 118 64 24 9 4 1 
9325|Child_Avg|11|Mutated: 3878 1359 638 296 124 60 25 9 5 1 
9326|Child_CrossABC2|2: 3089 1159 521 252 121 61 23 10 4 1 
9330|Survivor|1|Mutated: 3089 1159 613 252 121 61 23 10 4 1 
9332|Child_Avg|43: 3741 1222 595 249 125 59 24 9 4 1 
9340|Child_CrossABC2|8: 4256 1246 578 242 113 53 24 9 4 1 
9343|Child_Cross12|37: 3208 1289 553 245 99 53 24 9 4 1 
9380|Child_CrossABC1|7: 3398 1267 526 243 110 53 24 9 4 1 
9384|Child_Cross21|14: 3398 1267 526 243 100 53 24 9 4 1 
9385|Child_CrossABC1|1: 3548 1255 528 249 105 53 24 9 4 1 
9395|Survivor|1: 3333 1252 511 238 93 53 24 9 4 1 
9617|Survivor|1: 3103 1301 479 221 91 57 21 10 4 1 
9698|Survivor|1: 3463 1381 507 202 96 46 17 7 3 1 
9866|Survivor|1: 3863 1325 505 218 99 61 24 9 4 1 
9949|Child_Avg|19: 4548 1305 559 249 113 56 21 10 4 1 
9954|Child_Cross21|46|Mutated: 3896 1180 521 222 108 47 21 10 4 1 
9955|Child_CrossABC1|1: 4766 1419 563 248 130 56 21 10 4 1 
9956|Child_Cross21|34: 4507 1226 545 224 102 47 21 10 4 1 
9966|Child_Cross21|2: 4472 1288 530 205 98 50 23 10 4 1 
9968|Child_Cross21|14|Mutated: 3754 1200 511 206 97 53 19 10 4 1 
9970|Child_Levy|8: 4153 1274 523 212 96 47 21 10 4 1 
9976|Child_Cross21|30: 3920 1241 518 195 97 47 21 10 4 1 
10045|Child_Cross12|29: 3116 884 321 156 71 29 10 4 1 
10053|Child_CrossABC1|7: 3176 886 321 156 71 29 10 4 1 
10054|Child_CrossABC2|2: 2908 884 321 156 71 29 10 4 1 
10095|Child_Avg|31: 5322 2423 724 274 123 61 24 9 4 1 
10096|Child_Cross12|1: 4746 1789 663 245 114 61 24 9 4 1 
10105|Child_CrossABC1|7: 3690 1491 484 228 103 62 24 9 4 1 
10109|Child_Avg|43: 4631 1557 575 256 99 59 24 9 4 1 
10121|Child_Cross21|6: 3967 1202 523 240 93 61 23 10 4 1 
10126|Child_CrossABC2|2: 4094 1365 548 238 90 56 21 10 4 1 
10223|Survivor|1: 3996 1230 508 252 95 47 25 9 4 1 
10328|Child_Cross21|58: 3908 1400 507 217 92 57 20 9 4 1 
10332|Child_Cross21|14: 4024 1218 527 205 92 57 20 9 4 1 
10379|Survivor|1: 3965 1253 549 231 98 51 19 7 3 1 
10387|Survivor|1: 3988 1285 547 235 98 51 19 7 3 1 
10498|Survivor|1: 5850 1509 581 262 123 53 19 10 4 1 
10501|Child_Cross12|49|Mutated: 4413 1176 513 226 107 53 19 10 4 1 
10502|Child_CrossABC1|7: 5799 1626 600 239 123 53 19 10 4 1 
10509|Child_Avg|23: 4559 1211 573 226 104 51 19 10 4 1 
10517|Survivor|1: 3903 1164 511 203 93 51 19 10 4 1 
10520|Survivor|1: 3448 1087 509 200 93 51 19 10 4 1 
10564|Child_Avg|7|Mutated: 4221 1441 581 242 127 58 25 10 4 1 
10566|Survivor|1: 3642 1487 681 241 117 65 27 10 4 1 
10570|Child_Avg|11: 4050 1590 653 263 113 64 24 9 4 1 
10578|Child_Avg|55: 4043 1692 719 252 119 61 23 10 4 1 
10581|Child_Cross12|49: 3972 1532 658 256 113 68 21 10 4 1 
10585|Survivor|1: 3848 1570 649 259 107 61 24 9 4 1 
10591|Child_CrossABC1|7: 3844 1474 616 229 106 61 24 9 4 1 
10593|Child_Avg|51: 3966 1567 616 239 105 61 24 9 4 1 
10604|Child_CrossABC2|8: 3966 1567 616 272 105 61 24 9 4 1 
10615|Child_Cross12|9: 4008 1561 624 242 99 59 24 9 4 1 
10622|Child_CrossABC1|7: 3676 1551 619 238 93 58 24 9 4 1 
10626|Child_Cross21|38|Mutated: 3974 1484 617 242 91 59 24 9 4 1 
10627|Child_Avg|55: 3819 1413 589 233 90 56 21 10 4 1 
10679|Child_Cross12|21: 5972 2092 652 283 108 62 24 9 4 1 
10685|Survivor|1: 4762 1709 516 245 114 64 24 9 4 1 
10700|Child_Cross21|26: 4762 1709 516 245 114 61 24 9 4 1 
10721|Survivor|1: 3920 1429 491 225 86 58 24 9 4 1 
10728|Child_CrossABC2|8: 3877 1388 491 225 86 58 24 9 4 1 
10731|Survivor|1: 3913 1429 491 225 86 58 24 9 4 1 
10732|Child_Cross12|45: 3862 1405 491 225 86 58 24 9 4 1 
10735|Child_Cross21|18: 3892 1413 491 225 86 58 24 9 4 1 
10738|Child_Cross12|53: 3897 1413 491 225 86 58 24 9 4 1 
10741|Child_Cross21|34: 3908 1413 491 225 86 58 24 9 4 1 
10743|Child_CrossABC2|8: 3983 1413 491 225 86 58 24 9 4 1 
10748|Child_Avg|23: 3956 1413 491 225 86 58 24 9 4 1 
10749|Child_Avg|31: 3919 1413 491 225 86 58 24 9 4 1 
10751|Child_Avg|55: 3937 1413 491 225 86 58 24 9 4 1 
10754|Child_Avg|35: 3929 1413 491 225 86 58 24 9 4 1 
10756|Child_Cross12|33: 3915 1413 491 225 86 58 24 9 4 1 
10758|Child_Avg|47: 3944 1413 491 225 86 58 24 9 4 1 
10763|Child_Avg|15: 3933 1413 491 225 86 58 24 9 4 1 
10768|Child_Cross21|2: 3942 1413 491 225 86 58 24 9 4 1 
10769|Child_Cross21|50: 3918 1413 491 225 86 58 24 9 4 1 
10770|Child_Cross21|22: 3926 1413 491 225 86 58 24 9 4 1 
10773|Child_Cross12|53: 3930 1413 491 225 86 58 24 9 4 1 
10817|Survivor|1: 5637 1792 590 279 98 46 24 9 4 1 
10832|Survivor|1: 5884 1690 591 275 95 46 24 9 4 1 
10856|Child_CrossABC1|7: 5816 1688 615 253 100 58 24 9 4 1 
10881|Survivor|1: 3953 1445 478 245 101 61 24 9 4 1 
10948|Child_Cross12|33: 3879 1423 554 254 125 63 27 10 4 1 
10951|Survivor|1|Mutated: 4414 1423 613 254 125 63 27 10 4 1 
10961|Child_LevyABC2|12: 4087 1418 596 261 119 56 24 11 5 1 
10965|Survivor|1|Mutated: 3927 1542 617 286 124 56 24 11 4 1 
10967|Survivor|1|Mutated: 3927 1542 617 286 124 56 24 11 5 1 
10971|Child_Avg|27: 4155 1547 537 266 113 56 21 10 4 1 
10986|Child_Avg|43: 4029 1534 549 240 111 56 21 10 4 1 
10999|Child_CrossABC1|1: 4030 1533 548 239 114 56 21 10 4 1 
11002|Child_CrossABC1|7: 4037 1499 644 298 136 56 21 10 4 1 
11005|Child_CrossABC2|8: 3714 1284 578 253 112 55 21 10 4 1 
11007|Survivor|1: 3787 1345 552 242 110 56 21 10 4 1 
11008|Child_Cross12|5: 3728 1311 570 244 102 57 21 10 4 1 
11009|Child_Cross21|58: 3746 1337 505 232 111 56 21 10 4 1 
11011|Child_Cross21|50: 3751 1359 562 249 101 56 21 10 4 1 
11012|Child_CrossABC2|2: 3757 1332 522 223 120 56 21 10 4 1 
11021|Child_CrossABC2|8: 4082 1392 521 225 146 56 21 10 4 1 
11097|Survivor|1: 2237 770 303 151 67 23 10 4 1 
11143|Child_Avg|39|Mutated: 3412 1137 498 227 125 56 21 10 4 1 
11150|Child_Cross12|33: 3637 1155 466 207 117 56 21 10 4 1 
11152|Child_CrossABC1|7: 4077 1141 486 244 116 56 21 10 4 1 
11154|Child_Cross21|34: 2992 1162 478 201 115 56 21 10 4 1 
11166|Child_Cross21|6: 2966 1125 473 228 94 56 21 10 4 1 
11168|Child_Avg|35: 3048 1113 465 212 117 56 21 10 4 1 
11169|Child_Cross21|14: 3076 1157 479 240 90 56 21 10 4 1 
11184|Child_CrossABC2|8: 3076 1157 478 240 90 56 21 10 4 1 
11219|Child_Cross21|58: 4854 1649 765 267 117 65 27 10 4 1 
11252|Child_Levy|16: 4827 1906 704 268 105 61 19 10 4 1 
11257|Child_Cross12|17: 3415 1249 532 206 98 61 20 9 4 1 
11308|Child_Cross21|42: 3375 1233 477 190 92 57 20 9 4 1 
11320|Survivor|1: 3427 1247 478 199 110 57 20 9 4 1 
11334|Child_CrossABC2|8: 3438 1236 475 202 103 57 20 9 4 1 
11396|Child_Cross21|10: 3759 1111 568 227 107 52 20 9 4 1 
11458|Child_Cross12|53: 2508 1034 437 166 69 27 10 4 1 
11479|Child_CrossABC1|7: 2182 765 317 141 59 27 10 4 1 
11516|Survivor|1: 2183 791 302 127 59 27 10 4 1 
11566|Child_Levy|16: 4441 1333 551 216 98 55 24 9 4 1 
11582|Child_CrossABC1|7: 4673 1455 568 210 115 55 24 9 4 1 
11587|Child_CrossABC2|2: 4663 1428 572 210 108 55 24 9 4 1 
11622|Child_Avg|7: 4520 1333 621 231 117 59 24 9 4 1 
11630|Child_CrossABC2|8: 4461 1365 568 224 121 59 24 9 4 1 
11671|Survivor|1|Mutated: 3912 1313 514 209 97 59 24 9 4 1 
11680|Survivor|1: 4312 1236 489 238 93 58 24 9 4 1 
11698|Survivor|1: 4001 1243 457 231 86 58 24 9 4 1 
11796|Survivor|1: 3795 1146 459 225 86 54 20 9 4 1 
11851|Child_Avg|15: 4243 1346 480 241 102 56 24 9 4 1 
11853|Child_Cross21|6: 4283 1367 546 247 99 59 24 9 4 1 
11856|Child_Avg|19: 4026 1306 476 235 99 53 24 9 4 1 
11858|Child_CrossABC1|1: 4028 1308 474 235 99 53 24 9 4 1 
11866|Child_CrossABC1|1: 4128 1263 496 229 90 53 24 9 4 1 
11868|Child_Cross12|37: 4006 1263 471 232 91 53 24 9 4 1 
11878|Survivor|1: 4187 1257 505 229 90 53 24 9 4 1 
11938|Child_Cross12|17: 4009 1299 510 233 138 58 24 9 4 1 
11945|Child_Avg|55: 4014 1298 511 234 114 58 24 9 4 1 
11951|Survivor|1: 3993 1283 513 236 105 58 24 9 4 1 
11954|Child_Cross21|2|Mutated: 4305 1283 513 236 105 57 23 8 3 1 
11959|Child_Cross21|54: 4435 1411 562 229 108 60 21 10 4 1 
11978|Child_Cross12|5: 5798 1349 597 245 104 55 21 10 4 1 
11986|Child_Cross12|49: 4890 1329 575 244 98 60 21 10 4 1 
11987|Child_Cross21|30: 4343 1417 604 240 98 51 23 10 4 1 
12024|Child_Avg|7: 4299 1301 560 243 94 54 23 10 4 1 
12036|Child_Levy|36: 4263 1164 480 220 94 53 19 10 4 1 
12055|Survivor|1: 3892 1051 485 223 84 51 19 10 4 1 
12086|Child_Levy|52: 3591 1070 471 200 83 52 19 10 4 1 
12187|Child_CrossABC1|7: 4440 1414 677 248 102 56 21 10 4 1 
12195|Child_CrossABC1|7: 4660 1420 599 250 114 56 21 10 4 1 
12217|Child_Avg|59|Mutated: 4419 1158 539 228 93 54 20 9 4 1 
12218|Child_Avg|31: 4020 1234 535 225 92 55 20 9 4 1 
12241|Survivor|1: 3880 1143 489 211 86 54 20 9 4 1 
12300|Child_Cross12|1: 4111 1447 557 237 99 49 23 8 3 1 
12311|Child_Cross21|22: 3936 1379 546 233 97 50 24 9 4 1 
12312|Child_CrossABC1|1: 3997 1419 528 232 97 49 23 8 3 1 
12318|Survivor|1: 4012 1484 554 232 97 49 23 8 3 1 
12381|Child_CrossABC1|7: 2887 886 348 149 73 27 10 4 1 
12382|Child_CrossABC1|7: 2886 885 351 149 73 27 10 4 1 
12385|Child_CrossABC2|8: 2930 909 356 149 73 27 10 4 1 
12407|Child_CrossABC2|2: 2917 866 356 149 73 27 10 4 1 
12439|Survivor|1: 2214 822 326 149 73 27 10 4 1 
12443|Survivor|1: 2266 825 338 138 72 27 10 4 1 
12450|Child_Cross12|37: 2314 850 358 137 72 27 10 4 1 
12573|Survivor|1: 3917 1197 511 201 91 51 23 10 4 1 
12701|Survivor|1|Mutated: 3975 1454 610 233 132 59 24 9 4 1 
12707|Child_Cross21|14: 4110 1385 652 244 130 59 24 9 4 1 
12715|Child_Avg|43: 4159 1500 688 245 134 59 24 9 4 1 
12722|Child_Cross12|57: 3790 1393 631 240 112 59 24 9 4 1 
12729|Child_CrossABC2|8: 3812 1320 631 240 112 59 24 9 4 1 
12732|Child_Cross12|29: 3989 1549 635 240 106 59 24 9 4 1 
12733|Child_CrossABC2|2: 3874 1434 627 240 114 59 24 9 4 1 
12736|Child_Cross12|37: 3773 1337 588 237 104 59 24 9 4 1 
12738|Child_Cross21|42: 3773 1337 588 237 104 55 24 9 4 1 
12742|Child_Cross12|33: 3923 1447 615 236 104 55 24 9 4 1 
12743|Child_CrossABC2|8: 3942 1274 613 235 104 55 24 9 4 1 
12747|Child_Cross21|30: 3806 1378 592 232 99 55 24 9 4 1 
12757|Child_Cross12|5: 3811 1378 592 232 99 55 24 9 4 1 
12758|Child_CrossABC1|7: 3815 1378 592 232 99 55 24 9 4 1 
12760|Child_Cross12|41: 3832 1381 562 230 99 55 24 9 4 1 
12802|Survivor|1|Mutated: 3975 1381 561 230 99 55 24 9 4 1 
12822|Child_LevyABC2|12: 3811 1277 561 234 101 58 24 11 4 1 
12825|Child_Avg|11: 3768 1313 529 236 100 58 23 10 4 1 
12833|Survivor|1: 3778 1301 530 222 88 52 19 10 4 1 
12907|Child_Cross21|18: 3170 1179 487 221 99 56 24 9 4 1 
12912|Child_CrossABC1|1: 3006 1179 487 221 99 56 24 9 4 1 
12913|Child_CrossABC1|7: 3054 1179 487 221 99 56 24 9 4 1 
12914|Child_CrossABC2|8: 3151 1179 487 221 99 56 24 9 4 1 
12917|Child_CrossABC2|8: 3161 1179 487 221 99 56 24 9 4 1 
12918|Child_CrossABC1|1: 3208 1179 487 221 99 56 24 9 4 1 
12921|Survivor|1: 3358 1179 487 221 99 56 24 9 4 1 
12922|Child_CrossABC1|7: 3366 1179 487 221 99 56 24 9 4 1 
12925|Child_CrossABC2|2: 3375 1179 487 221 99 56 24 9 4 1 
12933|Child_Levy|52: 3827 1365 658 287 124 65 27 10 4 1 
13012|Child_CrossABC2|2: 6234 2443 923 336 127 73 24 11 5 1 
13033|Child_Avg|31|Mutated: 4139 1771 637 255 111 73 23 10 4 1 
13095|Child_CrossABC2|8: 4199 1402 551 213 124 60 23 10 4 1 
13098|Survivor|1: 3849 1210 487 211 104 60 23 10 4 1 
13155|Survivor|1: 2853 1177 475 245 99 56 21 10 4 1 
13252|Child_CrossABC2|8: 3133 1228 533 206 89 43 19 10 4 1 
13260|Child_Cross12|17: 3111 1194 519 218 84 43 20 9 4 1 
13284|Child_Avg|39: 3500 1282 619 233 99 46 24 9 4 1 
13374|Child_LevyP1|3: 3910 1454 635 259 110 58 24 11 4 1 
13402|Child_Levy|8: 4028 1444 617 252 112 58 23 10 4 1 
13414|Child_Cross21|10: 4020 1457 610 252 112 57 23 10 4 1 
13416|Child_CrossABC1|1: 4057 1438 610 252 119 57 23 10 4 1 
13439|Child_Cross12|33: 3972 1437 594 250 118 57 23 10 4 1 
13440|Child_CrossABC2|8: 4009 1436 618 250 112 57 23 10 4 1 
13447|Survivor|1: 3514 1340 528 223 98 58 23 10 4 1 
13451|Child_Avg|51: 3870 1443 575 233 93 56 24 9 4 1 
13539|Survivor|1: 4214 1321 551 229 90 56 24 9 4 1 
13543|Child_Cross12|45: 4214 1321 551 229 90 53 24 9 4 1 
13580|Survivor|1: 4216 1136 509 255 90 56 24 9 4 1 
13710|Child_CrossABC2|2: 3264 1236 501 244 101 51 19 10 4 1 
13712|Child_Cross12|45: 3248 1257 496 234 97 51 19 10 4 1 
13713|Child_CrossABC1|7: 3299 1225 502 269 104 51 19 10 4 1 
13720|Child_Cross21|2: 3300 1231 497 238 97 51 19 10 4 1 
13735|Survivor|1: 3207 1283 463 234 91 51 19 10 4 1 
13739|Survivor|1: 3263 1262 472 234 91 51 19 10 4 1 
13741|Child_Cross12|9: 3248 1276 472 238 91 51 19 10 4 1 
13743|Child_Cross12|37: 3145 1245 467 230 91 51 19 10 4 1 
13744|Child_Avg|47: 3287 1259 476 236 91 51 19 10 4 1 
13746|Child_Avg|27: 3238 1264 464 234 91 51 19 10 4 1 
13748|Child_Cross21|42: 3247 1259 472 234 91 51 19 10 4 1 
13750|Child_Cross21|18: 3222 1273 463 234 91 51 19 10 4 1 
13751|Child_CrossABC1|7: 3228 1287 464 234 91 51 19 10 4 1 
13753|Child_Cross21|58: 3249 1274 464 234 91 51 19 10 4 1 
13756|Child_Avg|39: 3219 1283 464 234 91 51 19 10 4 1 
13758|Child_Cross12|49: 3118 1287 464 234 91 51 19 10 4 1 
13760|Child_Cross12|25: 3239 1319 464 234 91 51 19 10 4 1 
13763|Child_Cross21|58: 3046 1276 464 234 91 51 19 10 4 1 
13765|Child_Cross12|5: 3220 1278 463 234 91 51 19 10 4 1 
13768|Child_Avg|3: 3232 1287 464 234 91 51 19 10 4 1 
13771|Child_Cross21|2: 3357 1295 464 234 91 51 19 10 4 1 
13772|Child_Cross21|42: 3199 1307 464 234 91 51 19 10 4 1 
13774|Child_Avg|47: 3230 1285 464 234 91 51 19 10 4 1 
13775|Child_Cross12|1: 3245 1287 464 234 91 51 19 10 4 1 
13777|Child_Cross21|46: 3209 1247 464 234 91 51 19 10 4 1 
13779|Child_Cross21|30: 3239 1287 464 234 91 51 19 10 4 1 
13783|Child_Avg|23: 3232 1286 464 234 91 51 19 10 4 1 
13786|Child_Cross12|25: 3227 1287 464 234 91 51 19 10 4 1 
13787|Child_Cross21|58: 3241 1287 464 234 91 51 19 10 4 1 
13788|Child_Cross12|37: 3235 1287 464 234 91 51 19 10 4 1 
13789|Child_Avg|31: 3243 1286 464 234 91 51 19 10 4 1 
13794|Child_Cross12|29: 3231 1287 464 234 91 51 19 10 4 1 
13796|Child_Cross21|30: 3236 1287 464 234 91 51 19 10 4 1 
13806|Child_Avg|19|Mutated: 3226 1287 464 234 91 51 19 10 4 1 
13810|Child_Cross12|5: 3251 1287 464 234 91 51 19 10 4 1 
13811|Child_Cross21|18: 3230 1287 464 234 91 51 19 10 4 1 
13815|Child_Cross21|54: 3261 1287 464 234 91 51 19 10 4 1 
13819|Child_Avg|27: 3240 1287 464 234 91 51 19 10 4 1 
13821|Child_Cross21|34: 3214 1287 464 234 91 51 19 10 4 1 
13824|Child_Cross12|57: 3222 1287 464 234 91 51 19 10 4 1 
13826|Child_Cross21|58: 3213 1287 464 234 91 51 19 10 4 1 
13828|Child_Avg|3: 3223 1287 464 234 91 51 19 10 4 1 
13829|Child_Cross12|9: 3204 1287 464 234 91 51 19 10 4 1 
13833|Child_Avg|43: 3218 1287 464 234 91 51 19 10 4 1 
13840|Child_Cross21|10: 4284 1287 464 234 91 51 19 10 4 1 
13842|Child_Avg|55: 3751 1287 464 234 91 51 19 10 4 1 
13844|Child_Cross21|46: 3590 1287 464 234 91 51 19 10 4 1 
13845|Child_Cross12|49: 4102 1287 464 234 91 51 19 10 4 1 
13847|Child_Cross21|42: 4002 1287 464 234 91 51 19 10 4 1 
13849|Child_CrossABC2|8: 4150 1287 464 234 91 51 19 10 4 1 
13850|Child_Avg|19: 4112 1287 464 234 91 51 19 10 4 1 
13851|Child_Cross12|17: 4040 1287 464 234 91 51 19 10 4 1 
13852|Child_Avg|23: 4089 1287 464 234 91 51 19 10 4 1 
13853|Child_CrossABC2|2: 4088 1287 464 234 91 51 19 10 4 1 
13854|Child_Cross21|38: 4044 1287 464 234 91 51 19 10 4 1 
13855|Child_Cross21|10: 4080 1287 464 234 91 51 19 10 4 1 
13856|Child_Cross12|57: 4060 1287 464 234 91 51 19 10 4 1 
13857|Child_Cross12|57: 4032 1287 464 234 91 51 19 10 4 1 
13858|Child_Avg|27: 4051 1287 464 234 91 51 19 10 4 1 
13859|Child_CrossABC1|1: 4042 1287 464 234 91 51 19 10 4 1 
13860|Child_Cross21|10: 4046 1287 464 234 91 51 19 10 4 1 
13861|Child_Cross21|38: 4055 1287 464 234 91 51 19 10 4 1 
13862|Child_Avg|7: 4045 1287 464 234 91 51 19 10 4 1 
13863|Child_Avg|31: 4047 1287 464 234 91 51 19 10 4 1 
13864|Child_Cross21|18: 4041 1287 464 234 91 51 19 10 4 1 
13865|Child_Cross21|30: 4050 1287 464 234 91 51 19 10 4 1 
13866|Child_Avg|59: 4054 1287 464 234 91 51 19 10 4 1 
13872|Child_Cross12|29: 4058 1287 464 234 91 51 19 10 4 1 
13896|Child_CrossABC1|1: 4123 1268 469 243 94 51 19 10 4 1 
13922|Survivor|1: 3953 1261 463 229 83 50 19 10 4 1 
13968|Survivor|1: 3611 1173 501 204 103 44 20 7 3 1 
14027|Survivor|1: 3673 1239 533 269 112 65 24 9 4 1 
14316|Survivor|1: 2418 892 349 143 67 23 10 4 1 
14347|Survivor|1: 3317 1093 476 215 117 59 24 9 4 1 
14388|Survivor|1: 3083 1140 460 194 89 55 24 9 4 1 
14405|Survivor|1: 3101 1142 523 197 91 51 23 10 4 1 
14416|Child_Avg|23: 3004 1134 523 197 91 51 23 10 4 1 
14545|Child_LevyP2|10: 4582 2026 690 289 127 63 20 9 4 1 
14564|Child_Cross21|38|Mutated: 3616 1434 544 223 122 68 20 9 4 1 
14683|Survivor|1: 3929 1455 568 216 97 62 24 9 4 1 
14695|Child_Avg|15: 3960 1435 564 223 93 50 24 9 4 1 
14696|Child_Cross21|10: 3984 1440 561 226 95 55 24 9 4 1 
14707|Child_CrossABC2|8: 4043 1288 561 226 95 55 24 9 4 1 
14730|Child_CrossABC1|1: 3498 1233 491 225 109 56 24 9 4 1 
14779|Survivor|1|Mutated: 3224 1298 560 242 111 51 23 10 3 1 
14781|Survivor|1: 4016 1512 595 256 108 62 29 10 4 1 
14785|Child_CrossABC1|1: 3837 1384 524 283 108 70 24 9 4 1 
14788|Survivor|1: 3975 1469 575 294 107 73 24 9 4 1 
14789|Child_Cross12|37: 4002 1444 537 257 103 62 27 10 4 1 
14799|Child_Cross12|53: 3893 1443 534 253 100 62 27 10 4 1 
14803|Survivor|1: 3905 1491 531 253 100 62 27 10 4 1 
14806|Child_CrossABC2|8: 4054 1392 532 253 100 62 27 10 4 1 
14807|Child_Cross21|6: 4007 1397 548 249 95 62 27 10 4 1 
14861|Child_Cross12|5: 4649 1584 661 310 137 61 29 9 4 1 
14871|Child_CrossABC1|1: 4569 1524 648 325 134 61 29 9 4 1 
14892|Survivor|1: 3697 1390 539 229 102 59 29 9 4 1 
14899|Child_Avg|47: 3705 1362 534 239 102 59 29 9 4 1 
14900|Child_CrossABC1|7: 3699 1403 541 228 102 59 29 9 4 1 
14903|Child_Avg|51: 3732 1395 525 239 101 57 29 9 4 1 
15001|Survivor|1: 4280 1583 599 307 127 47 24 9 4 1 
15005|Child_Cross12|49: 4284 1778 583 328 118 53 25 9 4 1 
15006|Child_Cross12|17: 4474 1565 616 299 126 59 24 9 4 1 
15037|Child_Avg|27: 4102 1473 538 261 110 58 24 9 4 1 
15040|Child_CrossABC2|2: 4424 1494 563 238 109 56 24 9 4 1 
15049|Child_Avg|31|Mutated: 4180 1195 431 229 105 56 24 9 4 1 
15050|Child_Cross21|18: 4366 1450 523 237 99 56 24 9 4 1 
15052|Child_Cross21|38: 4060 1534 547 255 97 56 24 9 4 1 
15063|Survivor|1: 4348 1502 528 235 93 56 24 9 4 1 
15064|Child_CrossABC2|8: 4397 1447 531 232 93 56 24 9 4 1 
15066|Child_Cross12|1: 4191 1576 613 235 93 56 24 9 4 1 
15096|Child_CrossABC2|2: 3549 1201 525 230 104 51 23 10 4 1 
15113|Child_Avg|47: 3686 1205 519 226 93 51 23 10 4 1 
15114|Child_CrossABC1|1: 3728 1196 523 227 98 51 23 10 4 1 
15133|Child_CrossABC2|2: 4105 1197 538 221 103 51 23 10 4 1 
15145|Child_Avg|27: 4626 1993 831 293 155 70 27 10 4 1 
15181|Child_Cross12|1: 3272 1324 553 215 105 56 24 9 4 1 
15203|Child_CrossABC1|1: 4045 1272 555 217 102 56 24 9 4 1 
15211|Survivor|1: 3716 1208 520 209 98 55 24 9 4 1 
15223|Child_Cross21|2: 3803 1372 547 225 87 55 24 9 4 1 
15230|Survivor|1: 3928 1378 561 218 89 52 24 9 4 1 
15240|Survivor|1: 4047 1366 518 218 89 52 24 9 4 1 
15256|Survivor|1: 3762 1407 530 226 83 52 24 9 4 1 
15374|Survivor|1|Mutated: 5822 1611 638 302 99 54 23 10 4 1 
15386|Child_CrossABC2|2: 4226 1307 551 224 85 57 21 10 4 1 
15413|Child_Avg|51: 3917 1240 501 225 84 59 20 9 4 1 
15427|Survivor|1: 3907 1235 490 218 83 59 20 9 4 1 
15512|Random|12: 7553 2163 742 315 141 80 23 10 4 1 
15546|Survivor|1: 4805 1406 597 264 100 58 23 10 4 1 
15547|Child_Cross21|38: 4871 1422 576 260 99 58 23 10 4 1 
15565|Survivor|1: 3947 1215 477 209 90 56 21 10 4 1 
15578|Survivor|1: 4160 1304 499 218 85 57 23 10 4 1 
15597|Survivor|1: 4679 1290 500 209 88 57 23 10 4 1 
15613|Survivor|1: 4075 1242 481 216 96 58 21 10 4 1 
15623|Survivor|1: 4186 1234 508 213 93 58 21 10 4 1 
15624|Child_Cross12|25: 3791 1154 518 219 86 57 21 10 4 1 
15628|Child_CrossABC1|1: 3950 1163 515 221 97 57 21 10 4 1 
15727|Survivor|1: 3999 1472 614 230 112 65 21 10 4 1 
15729|Child_Cross12|45: 3806 1336 581 222 103 65 21 10 4 1 
15747|Survivor|1: 3498 1189 466 200 94 51 19 10 4 1 
15783|Survivor|1: 3008 1068 461 201 92 51 19 10 4 1 
15845|Survivor|1: 4183 1317 495 189 92 60 19 10 4 1 
15988|Child_Avg|19: 3721 1112 553 239 94 54 23 10 4 1 
15989|Child_CrossABC1|7: 3692 1038 583 250 107 54 23 10 4 1 
16082|Survivor|1: 3041 858 348 129 74 23 10 4 1 
16110|Survivor|1: 2854 1078 477 197 98 52 24 9 4 1 
16152|Survivor|1|Mutated: 3113 1078 477 197 98 52 24 9 4 1 
16161|Survivor|1: 3486 1154 477 197 98 52 24 9 4 1 
16162|Child_CrossABC2|2: 3948 1133 477 197 98 52 24 9 4 1 
16296|Child_Avg|23: 4539 1609 600 272 102 55 24 9 4 1 
16320|Child_Cross21|2: 4539 1597 615 278 99 55 24 9 4 1 
16326|Child_CrossABC1|7: 4626 1582 568 258 91 56 24 9 4 1 
16334|Survivor|1: 4024 1350 507 231 89 55 24 9 4 1 
16337|Child_CrossABC2|8: 3985 1350 507 231 89 55 24 9 4 1 
16338|Child_CrossABC1|7: 3887 1350 507 231 89 55 24 9 4 1 
16339|Child_CrossABC2|8: 3926 1350 507 231 89 55 24 9 4 1 
16341|Child_Cross12|33: 4105 1350 507 231 89 55 24 9 4 1 
16343|Child_Cross12|41: 3889 1350 507 231 89 55 24 9 4 1 
16344|Child_Avg|55: 4046 1350 507 231 89 55 24 9 4 1 
16345|Child_Cross21|26: 4118 1350 507 231 89 55 24 9 4 1 
16347|Child_Cross21|18: 4053 1566 557 231 89 55 24 9 4 1 
16348|Child_Cross21|18: 3964 1350 507 231 89 55 24 9 4 1 
16351|Child_Cross12|9: 3963 1350 507 231 89 55 24 9 4 1 
16360|Child_Cross12|25: 3979 1350 507 231 89 55 24 9 4 1 
16361|Child_Cross12|29: 3950 1350 507 231 89 55 24 9 4 1 
16362|Child_Cross12|53: 3948 1350 507 231 89 55 24 9 4 1 
16363|Child_Cross12|57: 4016 1458 567 231 89 55 24 9 4 1 
16364|Child_Cross12|25: 3959 1350 507 231 89 55 24 9 4 1 
16366|Child_Avg|47: 3958 1350 507 231 89 55 24 9 4 1 
16367|Child_CrossABC1|7: 3968 1441 521 231 89 55 24 9 4 1 
16369|Child_Cross12|53: 4008 1431 552 231 89 55 24 9 4 1 
16370|Child_Avg|7: 3958 1395 514 231 89 55 24 9 4 1 
16373|Child_Cross12|53: 3959 1231 507 231 89 55 24 9 4 1 
16374|Child_Cross12|25: 3963 1336 514 231 89 55 24 9 4 1 
16375|Child_Cross21|26: 3930 1276 499 231 89 55 24 9 4 1 
16383|Child_Cross21|50: 3892 1431 552 231 89 55 24 9 4 1 
16385|Child_CrossABC1|7: 3859 1431 552 231 89 55 24 9 4 1 
16387|Child_Avg|51: 3933 1431 552 231 89 55 24 9 4 1 
16388|Child_CrossABC2|8: 3955 1431 552 231 89 55 24 9 4 1 
16389|Child_CrossABC1|7: 4042 1431 552 231 89 55 24 9 4 1 
16390|Child_Avg|35: 3970 1431 552 231 89 55 24 9 4 1 
16394|Child_Cross12|33: 3908 1431 552 231 89 55 24 9 4 1 
16395|Child_Cross21|2: 3985 1431 552 231 89 55 24 9 4 1 
16396|Child_Cross12|49: 3947 1431 552 231 89 55 24 9 4 1 
16397|Child_Avg|15: 3939 1431 552 231 89 55 24 9 4 1 
16399|Child_Cross21|2: 3916 1431 552 231 89 55 24 9 4 1 
16400|Child_Cross21|58: 3941 1431 552 231 89 55 24 9 4 1 
16402|Child_Cross21|42: 3951 1431 552 231 89 55 24 9 4 1 
16403|Child_Avg|19: 3907 1431 552 231 89 55 24 9 4 1 
16404|Child_Cross21|26: 3945 1431 552 231 89 55 24 9 4 1 
16405|Child_Cross21|10: 3911 1431 552 231 89 55 24 9 4 1 
16406|Child_Cross21|54: 3910 1431 552 231 89 55 24 9 4 1 
16407|Child_Cross21|30: 3940 1431 552 231 89 55 24 9 4 1 
16412|Child_Avg|39: 3898 1431 552 231 89 55 24 9 4 1 
16415|Child_Cross21|2: 3880 1431 552 231 89 55 24 9 4 1 
16418|Child_Avg|19: 3895 1431 552 231 89 55 24 9 4 1 
16419|Child_Cross12|33: 3901 1431 552 231 89 55 24 9 4 1 
16421|Child_CrossABC2|2: 3900 1431 552 231 89 55 24 9 4 1 
16422|Child_Cross21|38: 3897 1431 552 231 89 55 24 9 4 1 
16425|Child_Avg|19: 3903 1431 552 231 89 55 24 9 4 1 
16430|Child_Cross12|5: 3887 1431 552 231 89 55 24 9 4 1 
16431|Child_Avg|39: 3893 1431 552 231 89 55 24 9 4 1 
16436|Child_Cross12|13: 3905 1431 552 231 89 55 24 9 4 1 
16437|Child_CrossABC2|2: 3896 1431 552 231 89 55 24 9 4 1 
16441|Child_Avg|27: 3899 1431 552 231 89 55 24 9 4 1 
16451|Child_Cross21|58: 3902 1431 552 231 89 55 24 9 4 1 
16466|Child_Avg|23: 3950 1431 552 231 89 55 24 9 4 1 
16473|Child_Avg|59: 3946 1431 552 231 89 55 24 9 4 1 
16474|Child_Cross21|2: 3952 1431 552 231 89 55 24 9 4 1 
16480|Child_Avg|39: 3917 1431 552 231 89 55 24 9 4 1 
16481|Child_Cross21|14: 3932 1431 552 231 89 55 24 9 4 1 
16486|Child_Cross12|9: 3904 1431 552 231 89 55 24 9 4 1 
16491|Child_Cross21|14: 4094 1431 552 231 89 55 24 9 4 1 
16494|Child_Cross21|2: 3998 1431 552 231 89 55 24 9 4 1 
16500|Child_Cross21|10: 3925 1431 552 231 89 55 24 9 4 1 
16501|Child_Avg|35: 3881 1431 552 231 89 55 24 9 4 1 
16504|Child_Cross12|5: 3891 1431 552 231 89 55 24 9 4 1 
16510|Child_Cross12|5: 3759 1431 552 231 89 55 24 9 4 1 
16513|Child_Avg|47: 3903 1397 552 231 89 55 24 9 4 1 
16517|Child_Cross21|26: 3892 1417 552 231 89 55 24 9 4 1 
16518|Child_Cross21|46: 3799 1431 552 231 89 55 24 9 4 1 
16521|Child_Cross21|58: 3902 1397 552 231 89 55 24 9 4 1 
16523|Child_Cross12|25: 3850 1431 552 231 89 55 24 9 4 1 
16526|Child_Cross21|58: 3896 1429 552 231 89 55 24 9 4 1 
16528|Child_Cross12|57: 3899 1430 552 231 89 55 24 9 4 1 
16529|Child_Cross12|29: 3851 1431 552 231 89 55 24 9 4 1 
16534|Child_Cross21|38: 3903 1430 552 231 89 55 24 9 4 1 
16536|Child_Cross12|57: 3899 1413 552 231 89 55 24 9 4 1 
16537|Child_Avg|19: 3902 1415 552 231 89 55 24 9 4 1 
16538|Child_Cross12|25: 3944 1430 552 231 89 55 24 9 4 1 
16539|Child_Avg|23: 3902 1430 552 231 89 55 24 9 4 1 
16544|Child_Avg|59: 3901 1429 552 231 89 55 24 9 4 1 
16552|Child_Avg|19: 3900 1430 552 231 89 55 24 9 4 1 
16553|Child_Cross21|34: 3897 1430 552 231 89 55 24 9 4 1 
16556|Child_Avg|39: 3898 1430 552 231 89 55 24 9 4 1 
16557|Child_Cross12|37: 4078 1430 552 231 89 55 24 9 4 1 
16561|Child_Cross21|50: 3897 1256 552 231 89 55 24 9 4 1 
16564|Child_Avg|55: 3919 1430 552 231 89 55 24 9 4 1 
16565|Child_Avg|59: 4279 1256 552 231 89 55 24 9 4 1 
16571|Child_Cross12|53: 3907 1430 552 231 89 55 24 9 4 1 
16572|Child_CrossABC2|2|Mutated: 3897 1343 605 231 102 55 24 9 4 1 
16576|Child_Avg|51: 3905 1430 552 231 89 55 24 9 4 1 
16580|Child_Cross12|33: 3904 1430 552 231 89 55 24 9 4 1 
16597|Child_Avg|27: 3890 1430 552 231 89 55 24 9 4 1 
16598|Child_CrossABC1|1: 3909 1430 552 231 89 55 24 9 4 1 
16602|Child_Cross12|17: 3938 1430 552 231 89 55 24 9 4 1 
16607|Child_Cross21|34: 3901 1430 552 231 89 55 24 9 4 1 
16611|Child_Avg|3: 3925 1430 552 231 89 55 24 9 4 1 
16615|Child_Cross21|42: 3795 1430 552 231 89 55 24 9 4 1 
16618|Child_Cross12|45: 3878 1430 552 231 89 55 24 9 4 1 
16620|Child_Cross21|50: 3893 1430 552 231 89 55 24 9 4 1 
16621|Child_Cross12|21: 3889 1430 552 231 89 55 24 9 4 1 
16626|Child_Cross12|41: 3895 1430 552 231 89 55 24 9 4 1 
16628|Child_Cross12|9: 3894 1430 552 231 89 55 24 9 4 1 
16631|Child_Cross12|37: 3885 1430 552 231 89 55 24 9 4 1 
16635|Child_Cross21|10: 3883 1430 552 231 89 55 24 9 4 1 
16636|Child_CrossABC1|1: 3891 1430 552 231 89 55 24 9 4 1 
16638|Child_Cross21|30: 3888 1430 552 231 89 55 24 9 4 1 
16677|Child_LevyABC2|6: 4314 1773 647 251 143 63 25 9 4 1 
16742|Child_Cross12|53: 3866 1171 520 244 84 49 24 9 4 1 
16761|Child_Cross21|58: 3845 1171 520 244 84 49 24 9 4 1 
16764|Child_Cross12|57: 3851 1171 520 244 84 49 24 9 4 1 
16785|Child_CrossABC2|2: 4230 1205 515 234 84 49 24 9 4 1 
16797|Survivor|1: 4216 1205 515 234 84 49 24 9 4 1 
16814|Child_CrossABC1|1: 4018 1172 514 223 103 49 24 9 4 1 
16892|Survivor|1: 3825 1634 671 273 145 60 21 10 4 1 
16907|Child_Cross21|38: 3630 1273 554 239 108 60 21 10 4 1 
16908|Child_Cross12|9: 3580 1348 576 234 115 60 21 10 4 1 
16923|Survivor|1: 4028 1495 599 263 142 53 24 11 4 1 
16929|Child_Avg|35: 3880 1439 631 210 111 52 24 9 4 1 
16930|Child_Cross21|6: 4678 1398 515 223 111 50 24 9 4 1 
16934|Child_Cross21|26: 4119 1310 478 219 108 50 24 9 4 1 
16947|Child_Cross12|45: 4179 1317 478 221 103 50 24 9 4 1 
16951|Child_Avg|31: 4185 1324 476 221 103 50 24 9 4 1 
16953|Child_Cross12|37: 4198 1324 481 220 103 50 24 9 4 1 
16954|Child_Avg|11: 4264 1326 477 220 103 50 24 9 4 1 
16957|Child_CrossABC1|7: 4179 1231 517 221 103 50 24 9 4 1 
16984|Survivor|1: 4179 1231 606 221 103 50 24 9 4 1 
16991|Child_Cross12|49: 4073 1265 519 223 97 52 24 9 4 1 
17006|Child_CrossABC2|2: 4126 1270 490 209 99 52 24 9 4 1 
17014|Child_Levy|8: 3941 1253 506 220 93 49 24 9 4 1 
17259|Survivor|1: 2725 982 387 144 76 25 14 4 1 
17409|Survivor|1: 4068 1275 595 263 163 65 27 10 4 1 
17410|Child_CrossABC2|2|Mutated: 4067 1275 601 266 151 65 27 10 4 1 
17420|Child_Avg|47: 3972 1262 572 251 136 64 25 10 4 1 
17423|Child_CrossABC1|7: 4304 1242 591 245 124 65 27 10 4 1 
17426|Child_Avg|15|Mutated: 3986 1245 588 248 117 59 27 10 4 1 
17438|Child_Avg|43: 3816 1186 556 225 101 61 24 9 4 1 
17440|Child_Cross21|54: 3926 1093 497 241 101 61 24 9 4 1 
17458|Child_CrossABC1|1: 3759 1175 599 231 95 49 24 9 4 1 
17500|Survivor|1: 4084 1109 564 209 90 49 24 9 4 1 
17532|Survivor|1: 3559 1310 543 237 91 53 24 9 4 1 
17597|Child_CrossABC2|8: 3924 1437 591 256 108 65 24 9 4 1 
17635|Child_Cross21|18: 3624 1404 534 238 85 53 24 9 4 1 
17643|Child_CrossABC1|7: 3623 1404 534 240 85 53 24 9 4 1 
17705|Child_CrossABC2|2: 6819 1667 829 368 123 70 24 9 4 1 
17711|Child_LevyP1|9: 7452 1498 836 361 126 59 24 9 4 1 
17719|Child_CrossABC1|7: 4669 1231 711 280 126 59 24 9 4 1 
17721|Survivor|1: 5250 1524 644 281 110 59 24 9 4 1 
17723|Child_CrossABC2|8: 4794 1509 645 287 123 61 24 9 4 1 
17724|Child_Cross12|45: 4558 1748 645 268 92 61 24 9 4 1 
17729|Survivor|1: 3879 1427 551 240 95 61 20 9 4 1 
17747|Child_Cross21|50: 3653 1429 522 219 99 49 17 10 4 1 
17756|Survivor|1: 3874 1494 555 235 104 49 18 8 3 1 
17758|Child_Avg|47: 3812 1448 548 222 95 47 18 8 3 1 
17844|Survivor|1: 3899 1433 564 216 104 67 24 9 4 1 
17860|Child_Avg|7: 3433 1248 508 221 106 59 21 10 4 1 
17912|Child_CrossABC2|8: 3857 1417 684 256 126 57 20 9 4 1 
17914|Child_Cross21|54: 3658 1236 574 240 109 54 20 9 4 1 
17917|Child_Levy|16: 3704 1404 635 252 116 55 19 10 4 1 
17918|Child_Levy|48: 3641 1373 604 247 117 56 21 10 4 1 
17923|Child_CrossABC2|8: 3425 1295 552 227 106 54 20 9 4 1 
17938|Child_Avg|39: 3715 1189 506 235 97 52 20 9 4 1 
17972|Child_Avg|27: 3541 1267 472 220 108 59 24 9 4 1 
17977|Child_Cross12|1|Mutated: 4099 1270 517 224 103 59 24 9 4 1 
17980|Child_Cross21|22: 4036 1202 488 230 97 59 24 9 4 1 
17989|Survivor|1|Mutated: 3535 1202 488 230 97 59 24 9 4 1 
17992|Child_Cross12|13: 4178 1247 488 234 89 58 24 9 4 1 
18063|Survivor|1|Mutated: 4049 1330 493 216 121 50 23 10 4 1 
18102|Child_CrossABC1|1: 3525 1116 532 245 91 46 20 9 4 1 
18125|Child_CrossABC2|8: 3199 1180 458 221 91 46 20 9 4 1 
18222|Child_Cross12|29: 4754 1381 501 249 109 64 23 10 4 1 
18234|Child_Avg|43: 4067 1307 470 227 102 57 21 10 4 1 
18239|Child_Cross21|6: 4114 1261 481 250 103 55 21 10 4 1 
18267|Survivor|1: 4076 1211 486 229 96 54 20 9 4 1 
18270|Survivor|1: 4063 1215 477 235 86 54 20 9 4 1 
18277|Child_CrossABC2|8: 4088 1190 478 225 86 54 20 9 4 1 
18279|Survivor|1: 3983 1214 534 225 86 54 20 9 4 1 
18345|Survivor|1: 3780 1043 388 159 64 24 11 5 1 
18359|Survivor|1: 2747 797 328 128 61 23 10 4 1 
18533|Survivor|1: 3602 1293 504 232 90 49 24 9 4 1 
18637|Child_Cross12|1: 4741 1639 627 254 116 61 24 9 4 1 
18643|Child_Levy|40: 4045 1362 548 247 119 53 24 9 4 1 
18645|Child_Cross12|57: 4796 1550 640 291 116 61 24 9 4 1 
18646|Child_CrossABC2|8: 4421 1834 599 252 118 53 24 9 4 1 
18647|Child_CrossABC2|2: 4934 1552 689 279 113 58 24 9 4 1 
18651|Child_Cross12|21: 4406 1518 660 274 114 53 24 9 4 1 
18653|Child_Cross12|21: 4694 1571 636 264 114 53 24 9 4 1 
18656|Child_Cross21|10: 4088 1397 540 249 109 56 24 9 4 1 
18664|Child_Avg|7: 3890 1486 602 250 107 52 24 9 4 1 
18666|Child_Cross12|1: 3890 1486 602 250 107 55 24 9 4 1 
18671|Child_CrossABC1|7: 4059 1546 576 269 105 55 24 9 4 1 
18676|Child_CrossABC2|2: 4061 1578 568 261 106 55 24 9 4 1 
18681|Child_CrossABC1|7: 3706 1528 569 272 113 55 24 9 4 1 
18700|Child_Levy|4: 4306 1710 616 303 113 58 23 10 4 1 
18706|Child_Cross21|18: 4088 1537 566 272 112 58 23 10 4 1 
18710|Child_Avg|15: 3976 1547 581 266 107 57 23 10 4 1 
18712|Survivor|1|Mutated: 4281 1547 581 266 107 57 23 10 4 1 
18716|Survivor|1|Mutated: 4281 1612 581 266 107 57 23 10 4 1 
18725|Child_Cross21|50: 3862 1475 543 253 101 54 23 10 4 1 
18728|Child_Cross12|57: 3741 1477 547 254 99 55 23 10 4 1 
18730|Child_Avg|23: 4065 1475 539 267 112 54 24 11 4 1 
18772|Child_Avg|59: 3746 1391 517 243 105 52 24 9 4 1 
18774|Child_Cross21|26: 3731 1419 498 240 101 52 24 9 4 1 
18779|Child_Cross12|49: 3859 1440 509 245 99 46 24 9 4 1 
18844|Survivor|1: 3658 1466 474 218 101 52 24 9 4 1 
18849|Survivor|1: 3689 1489 469 217 105 52 24 9 4 1 
18853|Child_Avg|59: 3700 1466 476 217 105 52 24 9 4 1 
18857|Survivor|1: 3711 1460 543 217 101 52 24 9 4 1 
18859|Child_Avg|11: 3732 1455 529 223 97 52 24 9 4 1 
18864|Survivor|1: 3806 1412 536 225 89 52 24 9 4 1 
18872|Child_CrossABC1|7: 3781 1422 539 221 87 52 24 9 4 1 
18911|Survivor|1: 3756 1430 516 238 103 50 24 9 4 1 
18964|Child_CrossABC2|2: 3995 1224 622 235 110 56 21 10 4 1 
18965|Child_Cross12|25|Mutated: 3573 1280 566 231 116 56 21 10 4 1 
18966|Child_CrossABC1|1: 3543 1232 590 243 114 56 21 10 4 1 
18969|Child_Cross21|46: 3532 1263 557 229 115 56 21 10 4 1 
18980|Child_Cross21|6: 3576 1231 529 226 110 56 21 10 4 1 
18982|Child_CrossABC1|1: 3473 1207 506 207 101 56 21 10 4 1 
19053|Child_Avg|47: 3633 1463 529 242 139 59 27 10 4 1 
19120|Survivor|1: 3289 1164 472 200 102 57 21 10 4 1 
19139|Child_CrossABC1|7: 2904 1106 469 208 97 57 21 10 4 1 
19141|Child_CrossABC1|1: 2886 1097 469 193 97 57 21 10 4 1 
19149|Child_Cross21|34: 2976 1072 474 193 94 46 20 9 4 1 
19172|Survivor|1: 3648 1446 586 245 111 64 25 10 4 1 
19178|Child_Levy|48|Mutated: 3448 1369 559 238 106 51 23 10 4 1 
19196|Child_CrossABC1|1: 3445 1439 556 231 108 51 23 10 4 1 
19200|Child_Cross12|25: 3846 1362 603 243 101 51 23 10 4 1 
19210|Child_Cross21|10: 3685 1375 584 234 96 51 23 10 4 1 
19220|Child_CrossABC2|2: 3623 1366 557 234 96 51 23 10 4 1 
19222|Survivor|1: 3600 1382 548 241 91 51 23 10 4 1 
19235|Child_CrossABC1|1: 3661 1349 532 225 88 51 23 10 4 1 
19238|Child_CrossABC1|1|Mutated: 3610 1342 524 224 95 51 23 10 4 1 
19250|Survivor|1: 3607 1343 523 222 103 51 23 10 4 1 
19261|Child_Cross21|38: 3286 1271 460 205 97 46 24 9 4 1 
19365|Child_Cross12|25: 4504 1413 531 227 93 56 24 9 4 1 
19369|Survivor|1: 4461 1402 565 238 93 58 24 9 4 1 
19374|Survivor|1: 4375 1383 529 239 90 56 24 9 4 1 
19379|Child_CrossABC1|7: 4528 1391 547 233 90 58 24 9 4 1 
19381|Survivor|1: 4520 1391 547 233 90 58 24 9 4 1 
19382|Child_CrossABC1|1: 4527 1391 547 233 90 58 24 9 4 1 
19385|Child_Cross21|22: 4532 1391 547 233 90 58 24 9 4 1 
19386|Child_CrossABC1|7: 4519 1391 547 233 90 58 24 9 4 1 
19394|Child_Cross21|18: 4525 1391 547 233 90 58 24 9 4 1 
19443|Child_Cross12|13: 4465 1430 510 225 107 56 21 10 4 1 
19452|Child_CrossABC2|2: 4475 1431 518 245 110 56 21 10 4 1 
19454|Child_CrossABC2|8: 4486 1431 526 246 117 56 21 10 4 1 
19457|Child_CrossABC1|7: 3605 1348 519 261 117 56 21 10 4 1 
19462|Child_CrossABC2|8: 3580 1273 530 249 116 54 19 10 4 1 
19475|Child_Cross21|2: 4050 1132 514 217 93 54 20 9 4 1 
19488|Child_Cross12|33: 3862 1167 484 221 89 54 20 9 4 1 
19795|Child_Avg|59|Mutated: 3951 1415 479 222 105 56 24 9 4 1 
19808|Child_CrossABC1|1: 3791 1429 523 222 93 56 24 9 4 1 
19828|Survivor|1: 3714 1412 524 221 94 56 24 9 4 1 
19916|Child_CrossABC1|1: 3859 1502 575 210 118 67 24 9 4 1 
19952|Child_CrossABC1|7: 2823 1258 571 227 108 58 24 9 4 1 
19965|Survivor|1: 3330 1195 532 220 99 56 24 9 4 1 
20010|Survivor|1: 3813 1352 511 234 89 55 24 9 4 1 
20017|Survivor|1|Mutated: 4499 1352 511 234 89 55 24 9 4 1 
20024|Child_CrossABC2|2: 3574 1342 517 224 89 55 24 9 4 1 
20043|Child_CrossABC1|1: 3727 1355 533 224 89 55 24 9 4 1 
20045|Child_CrossABC2|8: 3925 1362 548 224 89 55 24 9 4 1 
20111|Child_Avg|39: 4117 1261 573 224 118 58 21 10 4 1 
20115|Child_Avg|15: 3859 1303 514 233 97 57 21 10 4 1 
20119|Child_Avg|51: 3960 1299 510 233 103 56 21 10 4 1 
20126|Child_Cross21|38: 3762 1228 502 221 95 54 20 9 4 1 
20131|Child_Avg|35: 3890 1229 505 227 93 54 20 9 4 1 
20151|Child_Avg|35: 3892 1259 521 225 86 54 20 9 4 1 
20223|Survivor|1: 4128 1240 548 236 121 58 28 11 4 1 
20248|Child_Avg|43: 3839 1716 645 278 118 56 27 10 4 1 
20250|Child_Cross12|53: 3840 1715 646 279 119 54 23 10 4 1 
20256|Survivor|1: 3808 1277 500 239 96 54 25 9 4 1 
20269|Child_Avg|31: 3541 1291 511 235 93 53 24 9 4 1 
20279|Child_CrossABC2|8: 3614 1243 508 235 93 53 24 9 4 1 
20305|Survivor|1: 3627 1282 522 232 85 53 24 9 4 1 
20306|Child_LevyABC1|5: 3398 1291 564 228 93 46 20 9 4 1 
20309|Survivor|1|Mutated: 3398 1353 564 228 93 46 20 9 4 1 
20357|Child_Cross12|57: 3449 1333 569 228 93 46 20 9 4 1 
20359|Child_CrossABC2|8: 3416 1338 564 228 93 46 20 9 4 1 
20362|Child_CrossABC2|2: 3453 1328 576 228 93 46 20 9 4 1 
20363|Child_CrossABC2|8: 3446 1331 565 228 93 46 20 9 4 1 
20369|Child_CrossABC2|2: 3908 1389 535 198 87 46 20 9 4 1 
20372|Child_CrossABC1|1: 3712 1387 537 198 87 46 20 9 4 1 
20373|Child_CrossABC2|2: 4049 1390 525 207 87 46 20 9 4 1 
20377|Child_CrossABC1|7: 3715 1382 537 198 87 46 20 9 4 1 
20381|Child_Cross21|54: 3713 1384 537 198 87 46 20 9 4 1 
20385|Child_Avg|59: 3708 1382 537 198 87 46 20 9 4 1 
20386|Child_Cross21|34: 3709 1390 537 198 87 46 20 9 4 1 
20392|Child_CrossABC1|7: 3706 1382 537 198 87 46 20 9 4 1 
20395|Child_Avg|7: 3710 1382 537 198 87 46 20 9 4 1 
20396|Child_Cross21|14: 3712 1382 537 198 87 46 20 9 4 1 
20397|Child_Cross21|26: 3709 1382 537 198 87 46 20 9 4 1 
20398|Child_Cross21|38: 3712 1384 537 198 87 46 20 9 4 1 
20399|Child_Cross21|26: 3714 1382 537 198 87 46 20 9 4 1 
20401|Child_Cross12|53: 3740 1382 537 198 87 46 20 9 4 1 
20403|Child_Cross21|34: 3741 1382 537 198 87 46 20 9 4 1 
20404|Child_CrossABC2|8: 3731 1382 537 198 87 46 20 9 4 1 
20408|Child_Cross21|2: 3716 1382 537 198 87 46 20 9 4 1 
20410|Child_Cross21|14: 3738 1382 537 198 87 46 20 9 4 1 
20411|Child_Avg|3: 3747 1382 537 198 87 46 20 9 4 1 
20412|Child_Avg|19: 3742 1382 537 198 87 46 20 9 4 1 
20415|Child_Avg|7: 3735 1382 537 198 87 46 20 9 4 1 
20416|Child_Avg|11: 3739 1382 537 198 87 46 20 9 4 1 
20417|Child_Cross12|17: 3736 1382 537 198 87 46 20 9 4 1 
20419|Child_Cross21|6: 3737 1382 537 198 87 46 20 9 4 1 
20423|Child_Cross21|34: 3707 1382 537 198 87 46 20 9 4 1 
20424|Child_Cross21|38: 3732 1382 537 198 87 46 20 9 4 1 
20425|Child_Cross21|2: 3882 1382 537 198 87 46 20 9 4 1 
20426|Child_Cross21|38: 3852 1382 537 198 87 46 20 9 4 1 
20427|Child_Cross12|25: 3734 1382 537 198 87 46 20 9 4 1 
20428|Child_Avg|39: 3765 1382 537 198 87 46 20 9 4 1 
20429|Child_CrossABC2|2: 3797 1382 537 198 87 46 20 9 4 1 
20431|Child_Cross12|57: 3850 1382 537 198 87 46 20 9 4 1 
20432|Child_Avg|11: 3757 1382 537 198 87 46 20 9 4 1 
20435|Child_Cross12|49: 3795 1382 537 198 87 46 20 9 4 1 
20439|Child_Cross21|2: 3756 1382 537 198 87 46 20 9 4 1 
20441|Child_Cross21|30: 3880 1382 537 198 87 46 20 9 4 1 
20442|Child_Cross21|26: 3793 1382 537 198 87 46 20 9 4 1 
20444|Child_Cross12|17: 3824 1382 537 198 87 46 20 9 4 1 
20446|Child_Cross21|34: 3787 1382 537 198 87 46 20 9 4 1 
20447|Child_Cross12|13: 3851 1382 537 198 87 46 20 9 4 1 
20448|Child_Avg|35: 3819 1382 537 198 87 46 20 9 4 1 
20451|Child_Avg|47: 3821 1382 537 198 87 46 20 9 4 1 
20453|Child_Avg|23: 3836 1382 537 198 87 46 20 9 4 1 
20454|Child_CrossABC1|1: 3857 1382 537 198 87 46 20 9 4 1 
20457|Child_Cross21|14: 3903 1382 537 198 87 46 20 9 4 1 
20459|Child_Cross12|9: 3849 1382 537 198 87 46 20 9 4 1 
20460|Child_Cross12|33: 3843 1382 537 198 87 46 20 9 4 1 
20461|Child_Cross21|2: 3999 1382 537 198 87 46 20 9 4 1 
20465|Child_Avg|15: 3848 1382 537 198 87 46 20 9 4 1 
20471|Child_Cross12|21: 3853 1382 537 198 87 46 20 9 4 1 
20482|Child_Avg|39: 3884 1382 537 198 87 46 20 9 4 1 
20485|Child_Cross12|33: 3858 1382 537 198 87 46 20 9 4 1 
20491|Child_Cross12|17: 3906 1382 537 198 87 46 20 9 4 1 
20505|Child_Cross12|25: 3881 1382 537 198 87 46 20 9 4 1 
20517|Child_Cross12|57: 3851 1211 537 198 87 46 20 9 4 1 
20530|Child_Cross12|17: 3951 1382 537 198 87 46 20 9 4 1 
20532|Child_Avg|43: 3875 1382 537 198 87 46 20 9 4 1 
20534|Child_Cross12|29: 4049 1382 537 198 87 46 20 9 4 1 
20535|Child_CrossABC1|7: 3923 1382 537 198 87 46 20 9 4 1 
20539|Child_Avg|7: 3874 1382 537 198 87 46 20 9 4 1 
20540|Child_Cross21|22: 3898 1382 537 198 87 46 20 9 4 1 
20541|Child_Avg|31: 3912 1382 537 198 87 46 20 9 4 1 
20542|Child_Cross21|18: 3897 1382 537 198 87 46 20 9 4 1 
20544|Child_CrossABC1|1: 3867 1382 537 198 87 46 20 9 4 1 
20552|Child_Avg|35: 3876 1382 537 198 87 46 20 9 4 1 
20558|Child_Cross21|34: 3859 1382 537 198 87 46 20 9 4 1 
20588|Survivor|1: 3865 1361 522 227 105 63 27 10 4 1 
20744|Survivor|1: 3941 1300 578 229 92 49 24 9 4 1 
20765|Child_CrossABC1|7: 4040 1313 513 221 87 49 21 10 4 1 
20767|Survivor|1: 3945 1305 555 224 86 49 21 10 4 1 
20799|Survivor|1: 3949 1298 551 224 85 50 21 10 4 1 
20852|Survivor|1: 3986 1225 543 236 100 51 23 8 3 1 
20889|Survivor|1: 3798 1304 533 216 105 52 24 9 4 1 
20914|Child_CrossABC2|8: 3409 1268 469 203 98 53 24 9 4 1 
20936|Survivor|1: 3046 1154 441 193 105 53 24 9 4 1 
20952|Child_Avg|7: 3619 1322 530 270 101 49 24 9 4 1 
20957|Child_Avg|55: 4020 1649 647 253 116 55 24 9 4 1 
20958|Child_CrossABC2|8: 4020 1649 682 253 116 55 24 9 4 1 
20971|Child_Cross12|33: 4452 1427 613 244 97 55 24 9 4 1 
20972|Child_Cross21|10: 4453 1502 581 238 94 54 23 10 4 1 
21003|Survivor|1: 4105 1445 494 256 93 53 24 9 4 1 
21098|Survivor|1: 3699 1371 542 217 106 46 24 9 4 1 
21103|Child_CrossABC2|2: 3699 1371 542 217 106 47 24 9 4 1 
21111|Child_Avg|7: 3257 1322 527 231 100 46 24 9 4 1 
21112|Child_Cross21|34: 3213 1361 478 253 100 46 24 9 4 1 
21115|Child_Cross21|42: 3485 1344 495 237 98 46 24 9 4 1 
21120|Survivor|1: 3349 1331 488 237 97 47 21 10 4 1 
21123|Child_CrossABC2|2: 3566 1274 492 237 97 47 21 10 4 1 
21136|Child_Avg|31: 3471 1292 470 225 91 47 21 10 4 1 
21155|Child_Cross12|33: 3405 1276 479 225 86 47 21 10 4 1 
21260|Survivor|1: 3543 1363 543 235 116 56 25 9 4 1 
21262|Child_CrossABC1|1: 3539 1349 550 229 114 55 24 9 4 1 
21265|Child_Cross12|1: 3539 1349 550 229 114 59 24 9 4 1 
21266|Child_Cross21|22: 3901 1356 544 248 113 56 25 9 4 1 
21274|Child_CrossABC2|2: 3944 1376 563 244 111 55 24 9 4 1 
21277|Child_CrossABC1|1: 3952 1357 545 243 111 55 24 9 4 1 
21279|Child_CrossABC2|2: 3950 1409 545 242 111 55 24 9 4 1 
21282|Child_CrossABC2|2: 3950 1340 545 242 111 55 24 9 4 1 
21285|Child_Avg|39: 3952 1385 545 242 111 55 24 9 4 1 
21287|Child_CrossABC1|7: 3951 1396 545 242 111 55 24 9 4 1 
21294|Child_CrossABC2|8: 4916 1286 679 242 111 55 24 9 4 1 
21297|Child_Avg|35: 3995 1316 585 277 132 62 24 9 4 1 
21308|Child_Cross12|37: 3955 1339 588 269 126 62 24 9 4 1 
21309|Child_Levy|12: 4032 1318 571 256 114 61 24 9 4 1 
21313|Survivor|1: 4090 1322 544 247 110 58 24 11 4 1 
21316|Child_Cross21|22: 3632 1188 548 225 102 55 24 9 4 1 
21317|Child_CrossABC1|1: 3200 1189 552 231 110 58 24 11 4 1 
21321|Child_CrossABC1|1: 3200 1189 552 265 110 58 24 11 4 1 
21380|Child_CrossABC2|2: 3747 1316 597 235 97 58 24 11 4 1 
21384|Survivor|1: 3964 1351 578 240 99 59 24 9 4 1 
21389|Child_Cross21|50: 3638 1220 543 249 95 55 24 9 4 1 
21391|Survivor|1: 3486 1331 515 240 93 53 24 9 4 1 
21402|Child_CrossABC2|8: 3483 1330 514 240 93 53 24 9 4 1 
21403|Child_CrossABC2|2: 3484 1330 513 240 93 53 24 9 4 1 
21408|Survivor|1: 3484 1329 512 240 93 53 24 9 4 1 
21550|Child_Cross12|5: 5706 1380 633 237 113 64 24 9 4 1 
21573|Child_Cross12|9: 4506 1282 482 222 99 53 19 10 4 1 
21574|Child_Cross12|33: 4134 1208 514 207 99 53 19 10 4 1 
21577|Child_CrossABC2|2: 4257 1222 501 238 99 53 19 10 4 1 
21586|Child_Avg|31: 4148 1217 498 204 99 53 19 10 4 1 
21592|Child_Cross21|6: 4069 1190 503 210 93 53 19 10 4 1 
21594|Child_Avg|23: 4201 1206 498 209 93 52 19 10 4 1 
21595|Child_Cross12|13: 4069 1190 503 210 93 52 19 10 4 1 
21596|Child_Avg|11: 4093 1192 504 210 93 53 19 10 4 1 
21597|Child_Avg|11: 4032 1197 501 209 93 52 19 10 4 1 
21599|Child_Avg|51: 4111 1204 501 209 93 52 19 10 4 1 
21604|Child_Avg|3: 4090 1172 503 209 93 52 19 10 4 1 
21605|Child_Cross12|41: 4094 1183 503 210 93 52 19 10 4 1 
21606|Child_Avg|11: 4106 1210 503 209 93 52 19 10 4 1 
21607|Child_Cross21|54: 3975 1190 503 209 93 52 19 10 4 1 
21609|Child_Avg|27: 4022 1190 503 209 93 52 19 10 4 1 
21610|Child_Cross12|29: 4078 1221 503 209 93 52 19 10 4 1 
21611|Child_Avg|55: 4031 1198 503 209 93 52 19 10 4 1 
21613|Child_Avg|47: 4079 1198 503 209 93 52 19 10 4 1 
21616|Child_CrossABC2|2: 4062 1198 503 209 93 52 19 10 4 1 
21620|Child_CrossABC2|8: 4061 1198 503 209 93 52 19 10 4 1 
21623|Child_Avg|19: 4054 1198 503 209 93 52 19 10 4 1 
21625|Child_Cross21|34: 4065 1209 503 209 93 52 19 10 4 1 
21626|Child_Cross21|6: 4053 1198 503 209 93 52 19 10 4 1 
21627|Child_Cross21|30: 4067 1209 503 209 93 52 19 10 4 1 
21628|Child_Cross21|26: 4047 1198 503 209 93 52 19 10 4 1 
21631|Child_Avg|23: 4039 1198 503 209 93 52 19 10 4 1 
21635|Child_Cross21|14: 4044 1198 503 209 93 52 19 10 4 1 
21638|Child_Cross21|14: 4048 1198 503 209 93 52 19 10 4 1 
21640|Child_Cross12|57: 4025 1198 503 209 93 52 19 10 4 1 
21641|Child_Cross21|22: 4055 1198 503 209 93 52 19 10 4 1 
21655|Child_Cross21|54: 4040 1198 503 209 93 52 19 10 4 1 
21656|Child_Cross21|14: 4042 1198 503 209 93 52 19 10 4 1 
21657|Child_Avg|31: 4045 1198 503 209 93 52 19 10 4 1 
21658|Child_Cross12|13: 4033 1198 503 209 93 52 19 10 4 1 
21664|Child_Cross12|9: 4032 1198 503 209 93 52 19 10 4 1 
21665|Child_Cross21|14: 4038 1198 503 209 93 52 19 10 4 1 
21670|Child_Avg|11: 3993 1198 503 209 93 52 19 10 4 1 
21672|Child_Cross12|33: 4070 1198 503 209 93 52 19 10 4 1 
21677|Child_Cross12|25: 4023 1198 503 209 93 52 19 10 4 1 
21680|Child_Cross12|41: 4017 1198 503 209 93 52 19 10 4 1 
21684|Child_Cross21|30: 4017 1198 503 209 93 43 19 10 4 1 
21685|Child_Cross12|21: 4008 1198 503 209 93 43 19 10 4 1 
21687|Child_CrossABC1|1: 4110 1198 503 209 93 52 19 10 4 1 
21690|Child_Cross12|41: 4036 1198 503 209 93 52 19 10 4 1 
21692|Child_Avg|35: 4022 1198 503 209 93 52 19 10 4 1 
21699|Child_Cross12|29: 4023 1198 503 209 93 43 19 10 4 1 
21701|Child_Cross21|34: 4031 1198 503 209 93 43 19 10 4 1 
21710|Child_Cross12|21: 4025 1198 503 209 93 43 19 10 4 1 
21713|Child_Cross21|38: 4028 1198 503 209 93 43 19 10 4 1 
21718|Child_Avg|23: 4130 1198 503 209 93 52 19 10 4 1 
21722|Child_Cross21|42: 4064 1198 503 209 93 52 19 10 4 1 
21725|Child_Cross12|45: 4076 1198 503 209 93 52 19 10 4 1 
21762|Child_Avg|23: 3874 1357 537 228 88 46 17 10 4 1 
21851|Survivor|1: 5365 1592 671 263 137 64 29 9 4 1 
21855|Survivor|1: 4861 1450 617 246 130 59 28 9 4 1 
21862|Child_Avg|51|Mutated: 4323 1719 589 228 134 56 21 10 4 1 
21865|Child_Cross21|30: 4222 1474 598 246 111 56 21 10 4 1 
21873|Survivor|1: 4003 1320 605 218 105 58 24 9 4 1 
21879|Child_CrossABC2|8: 4015 1318 533 216 105 58 24 9 4 1 
21882|Child_CrossABC2|2: 4012 1322 539 216 105 58 24 9 4 1 
21932|Child_CrossABC2|2: 3794 1298 562 224 101 61 24 9 4 1 
21935|Child_CrossABC1|7: 3774 1273 540 229 99 56 24 9 4 1 
21951|Survivor|1: 3809 1431 538 264 93 56 24 9 4 1 
21952|Child_CrossABC1|1: 3870 1295 540 237 91 56 24 9 4 1 
21961|Child_CrossABC2|2: 3874 1272 539 267 93 52 24 9 4 1 
21963|Child_CrossABC1|1|Mutated: 3828 1318 513 267 93 52 24 9 4 1 
21974|Child_Avg|19: 4051 1320 566 259 107 49 19 7 3 1 
22090|Child_Cross12|41: 4556 1836 653 275 116 65 24 9 4 1 
22094|Child_CrossABC1|7: 4454 1402 649 271 116 57 23 10 4 1 
22100|Survivor|1|Mutated: 4454 1362 649 271 123 61 23 10 4 1 
22104|Child_Cross21|18: 4454 1362 649 271 123 56 24 9 4 1 
22115|Survivor|1: 4455 1345 649 267 116 55 24 9 4 1 
22117|Child_CrossABC1|1: 3840 1365 647 272 114 56 24 9 4 1 
22119|Child_Avg|23: 4015 1377 634 263 113 55 24 9 4 1 
22120|Child_Avg|47: 3986 1372 602 264 105 55 24 9 4 1 
22131|Child_Avg|35: 3985 1373 599 261 104 55 24 9 4 1 
22134|Child_Cross12|53: 3966 1326 601 286 102 55 24 9 4 1 
22138|Child_Cross21|14: 3973 1307 597 248 102 55 24 9 4 1 
22143|Child_Cross21|6: 3802 1115 609 235 97 52 20 9 4 1 
22160|Survivor|1: 3754 1299 590 249 90 56 24 9 4 1 
22165|Child_CrossABC1|7: 3703 1387 590 265 90 56 24 9 4 1 
22166|Child_CrossABC2|2: 3822 1424 612 263 90 58 24 9 4 1 
22178|Survivor|1: 3698 1416 588 263 90 56 24 9 4 1 
22222|Child_CrossABC1|1: 3647 1515 584 233 108 56 24 9 4 1 
22226|Child_CrossABC2|2: 3651 1510 584 253 105 56 24 9 4 1 
22227|Child_CrossABC1|7: 3678 1389 580 251 109 56 24 9 4 1 
22228|Child_CrossABC1|7: 3658 1512 584 261 105 56 24 9 4 1 
22238|Child_Avg|35: 3865 1361 531 226 90 53 24 9 4 1 
22240|Survivor|1: 3925 1335 538 228 89 55 24 9 4 1 
22243|Child_Cross12|49: 3747 1360 526 224 89 55 24 9 4 1 
22257|Survivor|1: 3733 1318 523 223 90 55 24 9 4 1 
22267|Survivor|1: 3682 1318 529 216 90 55 24 9 4 1 
22312|Survivor|1: 4106 1418 551 227 90 56 24 9 4 1 
22326|Survivor|1: 4211 1269 459 227 90 59 24 9 4 1 
22336|Child_CrossABC2|2|Mutated: 4280 1344 540 209 110 58 24 9 4 1 
22551|Survivor|1: 3827 1533 521 209 93 52 24 9 4 1 
22655|Child_Avg|59: 4116 1408 513 236 97 68 24 9 4 1 
22728|Child_Cross12|29: 4483 1442 629 254 105 63 27 10 4 1 
22734|Child_Avg|39: 4543 1398 623 255 107 53 25 9 4 1 
22742|Child_Avg|47: 4521 1430 608 246 104 53 25 9 4 1 
22743|Child_Avg|19: 4481 1425 603 246 104 53 25 9 4 1 
22746|Child_CrossABC2|8|Mutated: 4518 1439 564 246 104 53 25 9 4 1 
22750|Child_Avg|55: 3816 1306 586 235 99 53 24 9 4 1 
22760|Child_Avg|27: 3349 1192 516 222 109 55 24 9 4 1 
22761|Child_CrossABC1|1: 3426 1285 536 231 117 59 24 9 4 1 
22767|Child_Avg|51: 3545 1318 506 231 108 58 24 9 4 1 
22769|Child_CrossABC1|1: 3519 1280 543 227 117 59 24 9 4 1 
22788|Survivor|1: 3503 1255 528 227 100 59 24 9 4 1 
22797|Child_CrossABC1|1: 3286 1185 583 234 108 59 24 9 4 1 
22826|Survivor|1: 3836 1301 543 250 96 56 25 9 4 1 
22842|Survivor|1: 3836 1415 543 281 96 56 25 9 4 1 
22896|Child_Avg|23|Mutated: 3857 1243 528 212 98 55 20 9 4 1 
22899|Child_LevyP2|10: 3892 1254 490 214 99 56 21 10 4 1 
22904|Child_CrossABC2|8: 3889 1266 491 218 94 56 21 10 4 1 
22910|Child_CrossABC2|2: 3891 1266 503 218 94 56 21 10 4 1 
22916|Child_Avg|59: 3902 1220 496 221 91 55 21 10 4 1 
22931|Child_CrossABC2|8: 3848 1113 493 233 92 55 21 10 4 1 
23035|Survivor|1: 4213 1277 569 235 80 57 21 10 4 1 
23196|Child_Avg|27: 2918 1071 404 204 81 48 20 9 4 1 
23206|Child_Avg|55: 2917 1071 404 204 81 48 20 9 4 1 
23211|Child_Cross12|21: 2918 1071 464 204 81 48 20 9 4 1 
23218|Child_CrossABC1|1: 2929 1071 445 204 81 48 20 9 4 1 
23247|Survivor|1: 2909 1071 464 204 81 48 20 9 4 1 
23250|Survivor|1|Mutated: 2702 1071 464 204 81 48 20 9 4 1 
23444|Child_Levy|48: 4669 1397 633 241 120 56 25 9 4 1 
23453|Child_Cross21|26: 4766 1303 563 214 109 55 24 9 4 1 
23464|Child_CrossABC1|1: 4459 1279 549 218 106 55 23 10 4 1 
23477|Child_CrossABC2|2: 4297 1280 549 218 106 55 23 10 4 1 
23478|Child_CrossABC1|1: 4235 1278 549 218 106 55 23 10 4 1 
23479|Child_CrossABC1|7: 4212 1279 549 218 106 55 23 10 4 1 
23481|Child_CrossABC2|8: 4166 1278 549 218 106 55 23 10 4 1 
23482|Child_CrossABC2|8: 4282 1279 549 218 106 55 23 10 4 1 
23483|Child_CrossABC2|2: 4373 1280 549 218 106 55 23 10 4 1 
23492|Child_Avg|3: 4096 1269 542 218 96 54 23 10 4 1 
23504|Child_CrossABC1|7: 4177 1265 547 229 96 54 23 10 4 1 
23506|Child_Cross12|29: 4135 1285 540 221 94 54 23 10 4 1 
23523|Child_Cross21|18: 3935 1276 607 217 91 54 23 10 4 1 
23524|Child_CrossABC1|1: 3952 1437 575 223 91 54 23 10 4 1 
23662|Survivor|1: 4164 1233 533 219 80 55 24 9 4 1 
23765|Survivor|1: 3726 1306 537 271 117 59 24 9 4 1 
23770|Survivor|1: 3539 1196 517 260 113 59 24 9 4 1 
23774|Survivor|1: 3161 1188 487 268 114 59 24 9 4 1 
23775|Child_CrossABC2|2: 3457 1200 522 257 112 59 24 9 4 1 
23778|Child_Cross12|5: 3472 1236 522 254 102 59 24 9 4 1 
23784|Child_CrossABC1|7: 3585 1277 519 267 135 58 24 9 4 1 
23810|Child_CrossABC1|1: 3697 1153 508 231 95 58 24 9 4 1 
23815|Survivor|1: 3697 1153 498 231 95 58 24 9 4 1 
23828|Survivor|1: 3692 1135 516 223 90 58 24 9 4 1 
23836|Child_Avg|43: 4286 1496 622 291 108 59 24 9 4 1 
23879|Survivor|1: 3611 1304 503 219 83 55 24 9 4 1 
23926|Survivor|1: 3889 1300 499 225 91 50 23 8 3 1 
23935|Survivor|1: 3623 1142 480 245 99 56 24 9 4 1 
23979|Child_Cross21|54: 3092 1113 465 217 106 51 19 10 4 1 
23990|Child_CrossABC1|1: 3088 1127 473 217 106 51 19 10 4 1 
23993|Survivor|1|Mutated: 3088 1127 456 217 106 51 19 10 4 1 
23994|Child_Levy|24: 3086 1211 463 236 103 53 19 10 4 1 
24007|Child_Cross12|41: 3623 1341 529 235 99 53 19 10 4 1 
24011|Child_Cross12|25: 3571 1320 526 236 100 53 19 10 4 1 
24013|Child_CrossABC2|2: 3569 1303 528 226 101 54 19 10 4 1 
24016|Child_CrossABC2|2: 3714 1378 534 229 104 54 19 10 4 1 
24020|Child_Cross21|58: 3745 1322 526 232 93 52 19 10 4 1 
24026|Child_CrossABC2|8: 3590 1311 521 226 93 52 19 10 4 1 
24076|Child_Avg|51: 3859 1514 572 270 122 57 21 11 4 1 
24081|Child_CrossABC2|8: 3943 1543 664 266 117 55 21 10 4 1 
24082|Child_CrossABC2|8: 3828 1507 632 273 127 59 21 10 4 1 
24096|Child_Avg|59: 6975 1497 561 260 106 59 21 10 4 1 
24193|Survivor|1: 2250 828 331 134 62 28 13 4 1 
24270|Child_Avg|59: 4435 1835 636 267 95 58 24 9 4 1 
24373|Survivor|1: 3969 1135 512 215 91 56 24 9 4 1 
24498|Survivor|1: 3821 1294 587 252 98 55 24 9 4 1 
24516|Child_Cross21|2: 3934 1269 587 235 89 55 24 9 4 1 
24526|Survivor|1: 3952 1282 579 235 89 55 24 9 4 1 
24573|Child_Avg|27|Mutated: 5445 1976 599 276 130 53 28 9 4 1 
24590|Child_CrossABC1|7|Mutated: 3266 1335 495 255 118 68 21 10 4 1 
24621|Survivor|1: 3525 1117 525 205 86 54 20 9 4 1 
24653|Survivor|1: 6082 1571 690 290 131 61 22 8 3 1 
24654|Child_Cross12|17: 5624 1571 690 290 131 61 22 8 3 1 
24657|Child_CrossABC2|8: 5953 1571 690 290 131 61 22 8 3 1 
24660|Child_CrossABC1|7: 6010 1571 690 290 131 61 22 8 3 1 
24662|Child_Cross12|49: 5939 1571 736 290 131 61 22 8 3 1 
24668|Child_Avg|51: 5877 1571 688 299 131 61 22 8 3 1 
24680|Child_CrossABC2|8: 4790 1423 622 252 115 62 24 9 4 1 
24681|Child_CrossABC1|1: 4528 1329 626 259 117 62 24 9 4 1 
24687|Child_Cross21|42: 4359 1298 623 233 108 62 24 9 4 1 
24698|Survivor|1: 4971 1385 608 245 101 61 23 10 4 1 
24699|Child_Levy|16: 4298 1284 539 229 106 62 24 9 4 1 
24703|Survivor|1: 4015 1325 632 249 102 62 24 9 4 1 
24713|Child_CrossABC2|2: 3673 1325 680 257 108 61 24 9 4 1 
24718|Child_Avg|19: 4111 1330 597 247 108 61 24 9 4 1 
24798|Survivor|1: 4016 1305 554 243 109 70 27 10 4 1 
24838|Child_Avg|19: 3940 1233 551 225 97 71 24 9 4 1 
24841|Child_Cross12|33: 3936 1233 551 225 97 71 24 9 4 1 
24842|Child_CrossABC1|7: 3937 1233 551 225 97 71 24 9 4 1 
24848|Child_Cross21|54: 3938 1233 551 225 97 71 24 9 4 1 
24849|Child_Avg|55: 3936 1232 550 225 97 71 24 9 4 1 
24851|Child_Cross12|5: 3930 1237 551 225 97 71 24 9 4 1 
24855|Child_CrossABC2|8: 3941 1233 551 225 97 71 24 9 4 1 
24856|Child_Cross21|38: 3943 1233 551 225 97 71 24 9 4 1 
24861|Child_Cross21|22: 3939 1233 551 225 97 71 24 9 4 1 
24864|Child_Avg|51: 3938 1237 551 225 97 71 24 9 4 1 
24871|Child_Cross21|58: 3938 1264 551 225 97 71 24 9 4 1 
24873|Child_Cross21|18: 3942 1236 551 225 97 71 24 9 4 1 
24876|Child_Cross12|33: 3938 1439 551 225 97 71 24 9 4 1 
24879|Child_Cross12|33: 3939 1237 551 225 97 71 24 9 4 1 
24880|Child_CrossABC2|2: 3953 1237 551 225 97 71 24 9 4 1 
24883|Child_Cross21|54: 3946 1233 551 225 97 71 24 9 4 1 
24886|Child_Avg|3: 3970 1233 551 225 97 71 24 9 4 1 
24890|Child_Cross12|13: 3949 1259 551 225 97 71 24 9 4 1 
24892|Child_Cross12|37: 3940 1236 551 225 97 71 24 9 4 1 
24896|Child_Avg|43: 3965 1237 551 225 97 71 24 9 4 1 
24897|Child_Avg|35: 3954 1241 551 225 97 71 24 9 4 1 
24898|Child_Avg|31: 3942 1241 551 225 97 71 24 9 4 1 
24899|Child_Cross12|25: 3956 1259 551 225 97 71 24 9 4 1 
24901|Child_Avg|59: 3949 1258 551 225 97 71 24 9 4 1 
24903|Child_Avg|43: 3952 1258 551 225 97 71 24 9 4 1 
24908|Child_Cross21|14: 3951 1258 551 225 97 71 24 9 4 1 
24909|Child_Cross21|2: 3961 1237 551 225 97 71 24 9 4 1 
24913|Child_Cross21|26: 3955 1258 551 225 97 71 24 9 4 1 
24918|Child_Cross21|58: 3955 1236 551 225 97 71 24 9 4 1 
24921|Child_Cross12|49: 3954 1258 551 225 97 71 24 9 4 1 
24922|Child_Cross21|34: 3950 1258 551 225 97 71 24 9 4 1 
24958|Child_Cross12|5: 3902 1226 512 219 93 61 24 9 4 1 
25095|Survivor|1: 2941 1225 504 200 90 49 24 9 4 1 
25100|Child_CrossABC2|8: 2969 1323 474 217 87 49 24 9 4 1 
25230|Child_Cross12|53: 4454 1273 597 227 115 48 23 10 4 1 
25239|Survivor|1: 4038 1198 586 213 105 65 24 9 4 1 
25245|Child_Cross12|13: 3918 1225 581 211 101 64 24 9 4 1 
25250|Child_CrossABC1|1: 4054 1281 564 208 101 61 24 9 4 1 
25277|Survivor|1: 4201 1215 513 211 93 61 24 9 4 1 
25284|Survivor|1: 4221 1214 514 229 92 61 24 9 4 1 
25286|Child_Avg|7: 4224 1214 511 226 92 61 24 9 4 1 
25495|Survivor|1: 3681 1185 457 200 95 49 24 9 4 1 
25546|Survivor|1: 5426 1751 613 293 114 50 24 9 4 1 
25548|Survivor|1: 5426 1474 613 293 114 50 24 9 4 1 
25562|Survivor|1: 4340 1210 566 223 93 50 24 9 4 1 
25653|Child_Levy|60: 4140 1425 622 234 103 60 19 10 4 1 
25693|Survivor|1: 4952 1411 813 303 137 56 24 11 4 1 
25698|Child_Avg|51: 4246 1368 597 237 112 58 23 10 4 1 
25702|Child_CrossABC1|1: 3738 1282 596 237 112 58 23 10 4 1 
25706|Child_CrossABC1|1: 4264 1283 596 237 112 58 23 10 4 1 
25711|Child_CrossABC2|2: 4272 1283 596 237 112 58 23 10 4 1 
25713|Child_Avg|11: 4232 1275 591 236 110 58 23 10 4 1 
25716|Child_Avg|23: 4206 1280 601 233 109 58 23 10 4 1 
25718|Child_Avg|3: 4114 1247 576 236 106 57 23 10 4 1 
25729|Child_Cross21|50: 4088 1259 587 246 107 57 23 10 4 1 
25738|Child_Avg|7: 3926 1192 562 231 101 57 23 10 4 1 
25739|Child_Cross21|38: 3866 1187 524 231 101 57 23 10 4 1 
25781|Child_Levy|60: 3687 1301 519 226 107 60 21 10 4 1 
25787|Child_Avg|23: 3855 1347 519 238 94 56 21 10 4 1 
25788|Child_Avg|23: 3867 1386 508 239 90 56 21 10 4 1 
25807|Child_Cross21|42: 3952 1374 503 228 84 53 19 10 4 1 
25819|Child_CrossABC1|7: 4061 1322 473 218 87 52 19 10 4 1 
25925|Survivor|1: 3636 1177 449 208 84 49 17 10 4 1 
25989|Child_CrossABC2|8: 3759 1055 444 214 114 60 21 10 4 1 
26003|Survivor|1: 3704 1143 444 213 104 59 21 10 4 1 
26006|Survivor|1: 3703 1151 442 214 104 60 21 10 4 1 
26209|Child_CrossABC1|7: 4084 1403 585 223 111 59 24 9 4 1 
26230|Survivor|1: 3190 1308 499 198 93 56 24 9 4 1 
26258|Child_Cross12|49: 3297 1231 507 204 95 46 24 9 4 1 
26264|Survivor|1: 3287 1226 516 204 95 46 24 9 4 1 
26409|Child_Avg|11: 5450 1681 600 269 126 61 29 9 4 1 
26428|Survivor|1: 4590 1454 657 261 117 64 29 10 4 1 
26431|Child_Levy|24: 4575 1396 641 260 115 62 27 10 4 1 
26435|Child_Cross12|25: 4697 1420 552 244 103 62 27 10 4 1 
26445|Child_Avg|3: 4800 1478 570 245 99 64 24 9 4 1 
26457|Survivor|1: 4651 1375 583 255 97 56 24 9 4 1 
26458|Child_Cross21|42: 4650 1379 603 254 97 56 24 9 4 1 
26464|Child_CrossABC2|8: 4015 1372 538 254 107 62 24 9 4 1 
26480|Survivor|1: 4208 1253 481 231 86 58 24 9 4 1 
26649|Child_Avg|7: 3726 1453 531 263 93 50 24 9 4 1 
26653|Child_Avg|31: 3645 1369 509 247 90 50 24 9 4 1 
26675|Survivor|1: 3637 1362 543 221 87 52 24 9 4 1 
26824|Child_Cross21|18: 4663 1805 667 282 142 62 24 9 4 1 
26828|Child_Cross21|10: 4847 1792 657 356 127 62 24 9 4 1 
26832|Child_Avg|39: 4124 1473 505 243 99 62 24 9 4 1 
26884|Child_Cross21|26: 3441 1337 510 217 107 54 23 10 4 1 
26889|Child_CrossABC2|8: 3653 1396 510 225 107 54 23 10 4 1 
26915|Child_CrossABC2|8: 3653 1373 510 225 107 54 23 10 4 1 
26917|Child_CrossABC2|2: 3653 1392 510 225 107 54 23 10 4 1 
26918|Child_Avg|39: 3653 1379 510 225 107 54 23 10 4 1 
26920|Child_Avg|27: 3653 1380 510 225 107 54 23 10 4 1 
26923|Child_CrossABC1|1: 3653 1391 510 225 107 54 23 10 4 1 
26925|Child_CrossABC2|8: 3653 1378 510 225 107 54 23 10 4 1 
26933|Child_Avg|19: 3631 1398 505 222 104 54 23 10 4 1 
26936|Child_Cross21|46: 3631 1398 553 222 104 54 23 10 4 1 
26937|Child_Avg|19|Mutated: 3658 1396 546 223 114 54 23 10 4 1 
26941|Child_Cross21|58: 3571 1398 497 222 102 54 23 10 4 1 
26943|Child_Avg|23: 3822 1320 481 213 102 54 23 10 4 1 
26944|Child_Cross12|37: 3555 1398 499 222 102 54 23 10 4 1 
26945|Child_Avg|11: 3864 1339 496 222 102 54 23 10 4 1 
26950|Child_CrossABC1|7: 3954 1293 494 222 102 54 23 10 4 1 
26951|Child_CrossABC1|7: 3864 1169 496 222 102 54 23 10 4 1 
26957|Child_CrossABC1|7: 3864 1105 496 222 102 54 23 10 4 1 
26959|Child_Cross12|45: 3838 1339 496 222 102 54 23 10 4 1 
26963|Child_Cross12|33: 3864 1165 496 222 102 54 23 10 4 1 
26967|Child_Avg|15: 3857 1201 496 222 102 54 23 10 4 1 
26970|Child_Cross21|2: 3930 1185 496 222 102 54 23 10 4 1 
26971|Child_Cross21|42: 3864 1183 496 222 102 54 23 10 4 1 
26974|Child_Avg|3: 4037 1201 496 222 102 54 23 10 4 1 
26975|Child_Cross12|33: 4047 1285 496 222 102 54 23 10 4 1 
26976|Child_Avg|11: 3878 1159 496 222 102 54 23 10 4 1 
26979|Child_Cross21|46: 3955 1225 496 222 102 54 23 10 4 1 
26983|Child_Avg|39: 3915 1201 496 222 102 54 23 10 4 1 
26984|Child_Cross12|53: 3941 1203 496 222 102 54 23 10 4 1 
26985|Child_Cross21|2: 3952 1243 496 222 102 54 23 10 4 1 
26987|Child_Cross12|49: 3934 1263 496 222 102 54 23 10 4 1 
26988|Child_Cross12|21: 4037 1227 496 222 102 54 23 10 4 1 
26989|Child_CrossABC2|2: 3965 1209 496 222 102 54 23 10 4 1 
26992|Child_Cross12|29: 3971 1229 496 222 102 54 23 10 4 1 
26993|Child_Cross12|37: 3957 1259 496 222 102 54 23 10 4 1 
26998|Child_Avg|23: 3927 1203 496 222 102 54 23 10 4 1 
26999|Child_Cross12|49: 3951 1201 496 222 102 54 23 10 4 1 
27000|Child_Cross12|5: 3893 1203 496 222 102 54 23 10 4 1 
27001|Child_Avg|3: 4124 1201 496 222 102 54 23 10 4 1 
27004|Child_Avg|51: 4019 1201 496 222 102 54 23 10 4 1 
27006|Child_Cross21|34: 4026 1187 496 222 102 54 23 10 4 1 
27008|Child_Cross12|1: 4001 1201 496 222 102 54 23 10 4 1 
27009|Child_Cross12|25: 3933 1201 496 222 102 54 23 10 4 1 
27010|Child_Cross21|34: 3983 1201 496 222 102 54 23 10 4 1 
27012|Child_Cross12|17: 3967 1201 496 222 102 54 23 10 4 1 
27014|Child_Cross12|13: 3975 1201 496 222 102 54 23 10 4 1 
27016|Child_Cross12|33: 3962 1201 496 222 102 54 23 10 4 1 
27018|Child_Cross21|22: 3941 1201 496 222 102 54 23 10 4 1 
27020|Child_Cross21|30: 3964 1201 496 222 102 54 23 10 4 1 
27021|Child_Cross21|46: 3959 1201 496 222 102 54 23 10 4 1 
27023|Child_Cross12|41: 3944 1201 496 222 102 54 23 10 4 1 
27027|Child_Cross12|21: 3972 1201 496 222 102 54 23 10 4 1 
27029|Child_Cross21|54: 3957 1201 496 222 102 54 23 10 4 1 
27032|Child_Cross21|26: 3954 1201 496 222 102 54 23 10 4 1 
27033|Child_Cross21|18: 3980 1201 496 222 102 54 23 10 4 1 
27036|Child_CrossABC1|1: 3949 1201 496 222 102 54 23 10 4 1 
27040|Child_Cross21|14: 3970 1201 496 222 102 54 23 10 4 1 
27041|Child_Avg|43: 3973 1201 496 222 102 54 23 10 4 1 
27065|Child_Cross21|38: 3965 1201 496 222 102 54 23 10 4 1 
27077|Child_Avg|11: 3974 1201 496 222 102 54 23 10 4 1 
27086|Child_Avg|19: 4006 1201 496 222 102 54 23 10 4 1 
27087|Child_Cross21|14: 3967 1201 514 222 102 54 23 10 4 1 
27088|Child_Cross21|34: 4035 1201 496 222 102 54 23 10 4 1 
27092|Child_Avg|55: 3996 1201 496 222 102 54 23 10 4 1 
27097|Child_Avg|35: 3985 1201 496 222 102 54 23 10 4 1 
27099|Child_Avg|11: 3978 1201 496 222 102 54 23 10 4 1 
27109|Child_Cross12|57: 3986 1201 496 222 102 54 23 10 4 1 
27113|Child_Cross12|25: 3918 1201 496 222 102 54 23 10 4 1 
27129|Child_CrossABC2|8: 3985 1281 496 222 102 54 23 10 4 1 
27241|Survivor|1: 3259 1246 501 223 96 51 23 10 4 1 
27268|Survivor|1: 3217 1324 487 218 90 53 24 9 4 1 
27292|Child_Cross21|34: 4533 2049 710 272 124 72 27 10 4 1 
27320|Child_Avg|59: 5345 1692 636 290 123 64 29 9 4 1 
27332|Child_Cross12|25: 4680 1667 678 295 121 61 29 9 4 1 
27347|Child_Avg|19: 4427 1602 646 287 114 61 29 9 4 1 
27366|Survivor|1: 4068 1360 555 245 94 50 23 8 3 1 
27379|Survivor|1: 4017 1356 549 243 94 50 23 8 3 1 
27390|Child_Cross12|13: 3918 1243 519 229 89 49 22 7 3 1 
27561|Survivor|1: 3478 1200 483 218 88 55 19 10 4 1 
27650|Survivor|1: 3739 1173 454 230 94 54 19 10 4 1 
27666|Child_Cross21|42: 3865 1163 459 231 84 53 19 10 4 1 
27669|Child_CrossABC2|2: 3865 1162 459 231 84 53 19 10 4 1 
27672|Child_CrossABC2|2: 3881 1163 457 231 84 53 19 10 4 1 
27757|Child_LevyP2|10: 3418 1300 525 271 106 54 20 9 4 1 
27813|Survivor|1: 4147 1591 613 214 120 58 23 10 4 1 
27820|Survivor|1: 4522 1512 628 218 119 59 24 9 4 1 
27825|Child_Cross12|17: 4574 1479 561 219 101 61 24 9 4 1 
27855|Survivor|1: 4474 1496 557 218 102 61 24 9 4 1 
27866|Survivor|1: 4474 1566 557 218 102 61 24 9 4 1 
27870|Child_CrossABC2|8|Mutated: 4082 1549 561 219 101 61 24 9 4 1 
27885|Child_LevyP1|9: 4476 1311 563 227 117 56 24 9 4 1 
27920|Child_CrossABC2|8: 4476 1292 548 227 117 56 24 9 4 1 
27925|Child_CrossABC1|1: 4471 1302 552 227 117 56 24 9 4 1 
27929|Child_CrossABC1|1|Mutated: 4468 1232 536 227 117 56 24 9 4 1 
27931|Child_CrossABC1|7: 4463 1247 546 227 117 56 24 9 4 1 
27932|Child_Avg|51: 4476 1301 526 227 117 56 24 9 4 1 
27936|Child_CrossABC1|7: 4474 1425 556 227 117 56 24 9 4 1 
27950|Child_Cross21|38: 4335 1355 552 225 111 56 24 9 4 1 
27952|Child_Avg|7: 4411 1307 543 223 105 56 24 9 4 1 
27955|Child_Levy|28|Mutated: 4089 1303 524 224 102 55 23 10 4 1 
27974|Child_Cross21|34: 4099 1278 536 217 95 55 23 10 4 1 
27990|Child_Avg|43: 3957 1295 523 222 102 55 24 9 4 1 
28009|Child_CrossABC2|8: 3918 1289 550 214 101 54 25 10 4 1 
28039|Child_Cross12|57: 3960 1232 566 219 80 55 24 9 4 1 
28067|Child_CrossABC1|1: 3909 1278 560 248 95 55 24 9 4 1 
28128|Child_Avg|31|Mutated: 3965 1490 577 228 103 61 23 10 4 1 
28130|Child_Cross12|45: 3965 1490 577 228 103 62 24 9 4 1 
28138|Survivor|1: 3842 1468 588 232 93 56 24 9 4 1 
28140|Child_CrossABC1|1: 3703 1474 592 213 91 56 24 9 4 1 
28141|Child_Cross12|53: 3788 1509 606 261 91 56 24 9 4 1 
28144|Child_Cross21|6: 3823 1327 578 234 91 56 24 9 4 1 
28168|Child_CrossABC1|7: 3803 1453 587 242 95 55 24 9 4 1 
28180|Child_CrossABC2|8: 3803 1451 620 242 95 55 24 9 4 1 
28189|Child_CrossABC2|2: 3662 1346 562 234 95 55 24 9 4 1 
28231|Survivor|1: 3721 1341 580 229 93 52 24 9 4 1 
28241|Survivor|1: 3740 1358 586 228 99 52 24 9 4 1 
28262|Survivor|1: 3463 1242 536 232 90 53 24 9 4 1 
28264|Survivor|1|Mutated: 3380 1034 597 232 108 53 24 9 4 1 
28289|Survivor|1: 3766 1415 529 237 98 46 24 7 3 1 
28291|Child_CrossABC2|8: 3592 1317 572 241 102 52 24 9 4 1 
28295|Child_Cross12|5: 2968 1098 491 217 98 52 24 9 4 1 
28321|Survivor|1: 2965 1064 482 219 102 53 25 9 4 1 
28362|Child_Cross21|46: 6091 1614 596 307 135 71 29 10 4 1 
28377|Child_Levy|16|Mutated: 3977 1513 571 244 121 64 24 9 4 1 
28392|Child_CrossABC2|8: 3682 1523 583 239 114 64 24 9 4 1 
28397|Survivor|1: 4047 1512 619 272 99 64 24 9 4 1 
28398|Child_Avg|19: 3834 1491 553 261 113 64 24 9 4 1 
28409|Child_Cross21|18: 3678 1431 542 254 105 64 24 9 4 1 
28438|Child_Cross12|29: 3688 1362 511 238 98 64 24 9 4 1 
28443|Survivor|1: 3653 1358 497 240 101 64 24 9 4 1 
28444|Child_Cross12|53: 3546 1336 552 255 98 64 24 9 4 1 
28453|Survivor|1|Mutated: 3556 1318 540 229 102 64 24 9 4 1 
28466|Child_Cross21|18: 3405 1333 557 250 129 58 24 9 4 1 
28482|Child_Cross21|6: 3153 1265 492 207 89 55 24 9 4 1 
28593|Child_Avg|27: 4445 1276 579 225 104 57 23 10 4 1 
28610|Child_Levy|56: 3869 1095 505 217 92 55 21 10 4 1 
28612|Child_Avg|3: 3795 1104 506 209 91 48 20 9 4 1 
28634|Child_CrossABC2|2: 3877 1126 500 205 83 48 20 9 4 1 
28642|Child_CrossABC1|1: 3278 1280 481 208 83 48 20 9 4 1 
28720|Survivor|1: 2936 1205 481 226 94 49 25 9 4 1 
28800|Child_CrossABC1|7: 3695 1343 527 217 85 50 21 10 4 1 
28890|Child_Avg|11: 4095 1428 660 300 125 64 24 9 4 1 
28892|Child_Cross12|17: 3037 1271 652 327 123 64 24 9 4 1 
28896|Child_CrossABC2|2: 3720 1101 590 242 105 61 24 9 4 1 
28897|Child_CrossABC2|2: 3818 1100 590 242 105 61 24 9 4 1 
28900|Child_CrossABC1|7: 4114 1113 622 242 105 61 24 9 4 1 
28909|Child_CrossABC2|8: 3993 1111 578 239 105 61 24 9 4 1 
28911|Child_Avg|19: 4090 1123 587 240 101 61 24 9 4 1 
28941|Survivor|1: 3971 1321 585 262 101 56 24 9 4 1 
29117|Child_Cross21|2: 3696 1354 493 223 102 61 24 9 4 1 
29134|Child_Avg|39: 3737 1415 547 276 117 60 23 10 4 1 
29267|Child_CrossABC2|8: 3808 1207 506 218 114 59 24 9 4 1 
29280|Child_LevyP1|3: 4084 1230 535 235 111 55 24 9 4 1 
29290|Child_Cross12|57: 3961 1197 539 229 94 46 20 9 4 1 
29329|Survivor|1: 4180 1220 491 197 89 55 24 9 4 1 
29347|Survivor|1: 4062 1240 509 202 83 52 24 9 4 1 
29415|Survivor|1: 3475 1327 478 218 106 51 23 10 4 1 
29417|Child_Cross12|33: 3855 1328 588 225 103 51 23 10 4 1 
29424|Child_Avg|55: 3793 1350 566 228 96 51 23 10 4 1 
29448|Child_CrossABC2|8: 3794 1309 560 228 96 51 23 10 4 1 
29458|Survivor|1: 3562 1230 572 232 93 48 21 10 4 1 
29464|Survivor|1: 3831 1325 587 243 83 48 20 9 4 1 
29625|Survivor|1: 3746 1343 588 246 97 56 21 10 4 1 
29723|Survivor|1: 3941 1247 522 240 90 61 23 10 4 1 
29747|Child_Cross21|18: 3890 1475 495 251 93 53 24 9 4 1 
29758|Survivor|1: 3775 1471 492 233 98 54 25 9 4 1 
29870|Survivor|1: 3690 1158 472 197 93 49 24 9 4 1 
29880|Child_Cross12|41: 3663 1105 476 200 90 49 24 9 4 1 
29882|Child_CrossABC1|7: 3696 1162 469 248 94 49 24 9 4 1 
29884|Child_CrossABC2|8: 3874 1054 459 194 92 49 24 9 4 1 
29903|Survivor|1: 3840 1007 463 198 95 49 24 9 4 1 
30062|Survivor|1: 4467 1613 598 331 129 53 25 9 4 1 
30072|Child_CrossABC2|8: 3971 1348 470 258 109 49 24 9 4 1 
30076|Child_CrossABC1|1: 3938 1335 480 223 109 49 24 9 4 1 
30093|Survivor|1|Mutated: 4591 1335 480 223 109 49 24 9 4 1 
30102|Child_Avg|35: 4349 1355 459 215 106 49 24 9 4 1 
30109|Child_CrossABC1|1: 3877 1202 477 223 106 49 24 9 4 1 
30122|Child_CrossABC1|7: 3880 1214 478 223 106 49 24 9 4 1 
30220|Survivor|1: 3978 1420 514 220 93 47 25 9 4 1 
30221|Child_CrossABC1|1: 3976 1417 508 236 104 49 24 9 4 1 
30293|Child_Avg|39: 4497 1522 518 224 94 51 19 10 4 1 
30300|Survivor|1: 4531 1468 502 223 91 51 19 10 4 1 
30343|Survivor|1: 6985 2546 900 353 147 64 29 9 4 1 
30347|Survivor|1: 6209 2268 826 321 130 64 29 9 4 1 
30387|Child_Avg|51: 3979 1687 637 254 109 64 23 10 4 1 
30389|Child_Cross12|1: 4084 1684 673 241 106 64 23 10 4 1 
30394|Survivor|1: 3846 1599 618 242 117 64 23 10 4 1 
30396|Child_Cross12|57: 3956 1643 660 278 111 64 23 10 4 1 
30423|Survivor|1: 4805 1463 658 323 143 71 29 11 5 1 
30444|Survivor|1: 3943 1247 540 234 106 66 27 10 4 1 
30447|Child_CrossABC2|2: 3943 1271 540 234 106 66 27 10 4 1 
30704|Child_Cross12|13: 4109 1356 478 248 109 53 24 9 4 1 
30707|Child_Cross21|58: 4568 1338 575 235 109 53 24 9 4 1 
30708|Child_Cross12|9: 4378 1371 500 232 105 53 24 9 4 1 
30709|Child_Cross21|30: 4172 1342 527 233 109 53 24 9 4 1 
30711|Child_Cross12|37|Mutated: 3830 1371 500 232 105 52 24 9 4 1 
30718|Child_Cross12|25: 4130 1248 486 237 101 52 24 9 4 1 
30720|Child_CrossABC1|1: 4109 1219 486 242 101 52 24 9 4 1 
30721|Child_Cross21|58: 4234 1207 480 243 101 52 24 9 4 1 
30723|Child_Avg|23: 4163 1197 485 238 101 52 24 9 4 1 
30724|Child_Cross21|34: 4291 1311 506 243 99 53 24 9 4 1 
30727|Child_Cross21|10: 4291 1311 506 243 99 52 24 9 4 1 
30733|Child_Cross21|54: 4034 1299 523 239 98 52 24 9 4 1 
30746|Child_Cross21|46: 3912 1300 514 227 89 52 24 9 4 1 
30750|Child_CrossABC2|2: 3821 1308 515 228 91 53 24 9 4 1 
30751|Child_Cross21|54: 3912 1300 514 227 89 55 24 9 4 1 
30850|Child_Avg|39: 4596 1579 536 269 95 56 21 10 4 1 
30853|Child_Avg|35: 4295 1551 594 252 98 55 20 9 4 1 
30863|Survivor|1: 3770 1355 539 251 91 57 21 10 4 1 
30870|Survivor|1: 3693 1172 476 211 86 57 21 10 4 1 
30923|Survivor|1: 5174 1676 604 315 139 59 28 9 4 1 
30931|Child_CrossABC1|1: 3635 1171 466 271 114 55 24 9 4 1 
30942|Survivor|1: 3625 1079 452 266 103 65 24 9 4 1 
30964|Survivor|1: 3678 1135 561 269 107 59 27 10 4 1 
31004|Child_Avg|35: 4085 1477 575 227 95 56 21 10 4 1 
31005|Child_Avg|43: 3935 1229 557 228 94 56 21 10 4 1 
31012|Child_Cross21|26: 3834 1299 563 211 90 56 21 10 4 1 
31025|Child_CrossABC2|2: 3510 1334 557 216 85 56 21 10 4 1 
31027|Survivor|1: 3511 1330 560 217 85 56 21 10 4 1 
31053|Child_Cross21|54: 2746 1247 489 215 116 46 20 9 4 1 
31089|Survivor|1: 3016 1082 472 195 86 54 20 9 4 1 
31167|Survivor|1: 3518 1030 483 228 106 46 21 10 4 1 
31169|Child_CrossABC2|8: 3860 1157 486 238 121 56 24 9 4 1 
31178|Child_CrossABC2|2: 4031 1419 485 235 118 56 24 9 4 1 
31181|Child_CrossABC2|2: 3948 1189 479 233 132 56 24 9 4 1 
31197|Child_CrossABC2|8: 3845 1315 505 213 106 56 24 9 4 1 
31205|Child_CrossABC2|8: 3857 1315 503 227 101 56 24 9 4 1 
31228|Child_Cross12|25: 3884 1290 504 227 93 56 24 9 4 1 
31295|Survivor|1: 3759 1335 628 241 110 72 27 10 4 1 
31311|Child_CrossABC1|7: 3760 1316 629 248 111 72 27 10 4 1 
31455|Child_Cross21|18: 4765 1550 589 245 119 58 23 10 4 1 
31458|Child_Avg|7: 3444 1324 585 223 103 49 21 10 4 1 
31461|Child_Avg|55: 3786 1303 581 228 101 48 20 9 4 1 
31464|Child_Cross21|42|Mutated: 3637 1254 599 238 97 49 21 10 4 1 
31469|Child_Avg|3: 3702 1170 562 222 93 49 21 10 4 1 
31481|Survivor|1|Mutated: 3424 1373 562 222 93 49 21 10 4 1 
31521|Survivor|1: 3389 1298 500 224 85 50 21 10 4 1 
31677|Child_Cross21|42: 4379 1942 879 275 138 59 24 9 4 1 
31685|Child_Cross21|50: 4395 1651 760 254 117 56 24 9 4 1 
31701|Survivor|1: 3271 1226 485 218 91 56 24 9 4 1 
31763|Child_Avg|11: 3883 1261 521 251 111 55 23 10 4 1 
31767|Child_Cross12|13: 4017 1378 592 288 124 59 29 9 4 1 
31776|Child_CrossABC2|2: 4111 1419 603 283 131 59 29 9 4 1 
31805|Survivor|1: 3577 1242 526 266 99 57 29 9 4 1 
31871|Survivor|1: 3935 1263 518 252 88 55 29 9 4 1 
31959|Child_CrossABC2|8: 4371 1214 449 221 113 64 24 9 4 1 
31961|Child_Cross12|53: 4289 1200 610 221 107 64 24 9 4 1 
31978|Child_Cross21|2: 4281 1225 546 218 105 53 24 9 4 1 
31986|Survivor|1: 4281 1059 546 218 105 53 24 9 4 1 
32007|Survivor|1: 3785 1023 546 218 105 53 24 9 4 1 
32034|Survivor|1: 3699 1442 509 264 121 68 20 9 4 1 
32116|Child_CrossABC1|1: 3585 1359 505 223 104 55 24 9 4 1 
32338|Child_CrossABC1|7: 2939 1259 599 221 105 50 24 9 4 1 
32412|Child_Levy|24: 4844 1867 895 321 134 63 25 11 5 1 
32418|Child_Cross12|57: 4080 1441 619 292 123 62 29 10 4 1 
32435|Survivor|1|Mutated: 4080 1441 602 292 123 62 29 9 4 1 
32440|Child_Cross21|2: 3856 1407 589 269 111 63 29 9 4 1 
32480|Child_Cross21|26: 4283 1581 601 254 95 54 20 9 4 1 
32483|Child_Avg|19: 4218 1490 597 254 95 54 20 9 4 1 
32485|Child_CrossABC1|7: 4270 1520 595 254 95 54 20 9 4 1 
32488|Child_CrossABC2|8: 4381 1538 597 254 95 54 20 9 4 1 
32490|Child_Cross21|34: 4541 1542 597 254 95 54 20 9 4 1 
32491|Child_CrossABC2|8: 4542 1538 597 254 95 54 20 9 4 1 
32494|Child_CrossABC2|2: 4221 1538 597 254 95 54 20 9 4 1 
32496|Child_Avg|43: 4477 1532 597 254 95 54 20 9 4 1 
32497|Child_Avg|59: 4552 1538 597 254 95 54 20 9 4 1 
32499|Child_Cross21|26: 4475 1538 597 254 95 54 20 9 4 1 
32500|Child_Cross21|30: 4178 1538 597 254 95 54 20 9 4 1 
32501|Child_Avg|23: 4363 1538 597 254 95 54 20 9 4 1 
32502|Child_Cross21|42: 4444 1538 597 254 95 54 20 9 4 1 
32503|Child_Cross21|22: 4327 1535 597 254 95 54 20 9 4 1 
32504|Child_Cross21|46: 4517 1538 597 254 95 54 20 9 4 1 
32505|Child_Avg|51: 4164 1538 597 254 95 54 20 9 4 1 
32506|Child_Cross12|33: 4464 1538 597 254 95 54 20 9 4 1 
32507|Child_Cross12|49: 4142 1538 597 254 95 54 20 9 4 1 
32508|Child_Cross21|42: 3992 1538 597 254 95 54 20 9 4 1 
32510|Child_Cross12|21: 4173 1538 597 254 95 54 20 9 4 1 
32511|Child_Cross12|45: 4097 1538 597 254 95 54 20 9 4 1 
32512|Child_Cross21|22: 4126 1538 597 254 95 54 20 9 4 1 
32513|Child_Cross21|54: 4132 1538 597 254 95 54 20 9 4 1 
32514|Child_Cross21|6: 3962 1538 597 254 95 54 20 9 4 1 
32516|Child_Avg|15: 4172 1538 597 254 95 54 20 9 4 1 
32517|Child_Cross21|42: 4152 1538 597 254 95 54 20 9 4 1 
32518|Child_Avg|15: 4115 1538 597 254 95 54 20 9 4 1 
32519|Child_Cross12|29: 4134 1538 597 254 95 54 20 9 4 1 
32520|Child_Cross21|14: 4151 1538 597 254 95 54 20 9 4 1 
32521|Child_Cross21|30: 4121 1538 597 254 95 54 20 9 4 1 
32522|Child_Avg|7: 4129 1538 597 254 95 54 20 9 4 1 
32523|Child_Cross12|13: 4088 1538 597 254 95 54 20 9 4 1 
32524|Child_Cross21|38: 4025 1538 597 254 95 54 20 9 4 1 
32525|Child_Cross21|38: 4120 1538 597 254 95 54 20 9 4 1 
32526|Child_Avg|3: 4063 1538 597 254 95 54 20 9 4 1 
32527|Child_Avg|39: 4114 1538 597 254 95 54 20 9 4 1 
32529|Child_Avg|7: 4128 1538 597 254 95 54 20 9 4 1 
32530|Child_Avg|15: 4095 1538 597 254 95 54 20 9 4 1 
32531|Child_Cross21|18: 4127 1538 597 254 95 54 20 9 4 1 
32532|Child_Avg|47: 4103 1538 597 254 95 54 20 9 4 1 
32533|Child_CrossABC2|2: 4096 1538 597 254 95 54 20 9 4 1 
32536|Child_Cross12|9: 4082 1538 597 254 95 54 20 9 4 1 
32537|Child_Cross12|21: 4119 1538 597 254 95 54 20 9 4 1 
32541|Child_Cross12|53: 4083 1538 597 254 95 54 20 9 4 1 
32544|Child_Cross12|17: 3967 1538 597 254 95 54 20 9 4 1 
32547|Child_Avg|23: 4101 1538 597 254 95 54 20 9 4 1 
32549|Child_Cross21|6: 4038 1538 597 254 95 54 20 9 4 1 
32550|Child_Avg|23: 4077 1538 597 254 95 54 20 9 4 1 
32551|Child_Cross21|14: 4008 1538 597 254 95 54 20 9 4 1 
32556|Child_Cross21|10: 4065 1538 597 254 95 54 20 9 4 1 
32557|Child_Cross12|29: 4056 1538 597 254 95 54 20 9 4 1 
32558|Child_Avg|7: 4062 1538 597 254 95 54 20 9 4 1 
32561|Child_Cross21|30: 4071 1538 597 254 95 54 20 9 4 1 
32562|Child_Cross21|26: 4044 1538 597 254 95 54 20 9 4 1 
32563|Child_CrossABC2|2: 4045 1538 597 254 95 54 20 9 4 1 
32564|Child_Avg|43: 4057 1538 597 254 95 54 20 9 4 1 
32565|Child_Cross21|38: 4067 1538 597 254 95 54 20 9 4 1 
32566|Child_Avg|19: 4068 1538 597 254 95 54 20 9 4 1 
32568|Child_Avg|19: 4069 1538 597 254 95 54 20 9 4 1 
32576|Child_CrossABC1|1: 4072 1538 597 254 95 54 20 9 4 1 
32577|Child_Cross12|57: 4064 1538 597 254 95 54 20 9 4 1 
32580|Child_Avg|7: 4078 1538 597 254 95 54 20 9 4 1 
32587|Child_Cross21|34: 4073 1538 597 254 95 54 20 9 4 1 
32589|Child_Cross21|30: 4070 1538 597 254 95 54 20 9 4 1 
32592|Child_Cross12|41: 4066 1538 597 254 95 54 20 9 4 1 
32600|Child_Cross21|58: 4076 1538 597 254 95 54 20 9 4 1 
32604|Child_Cross12|13: 3924 1538 597 254 95 54 20 9 4 1 
32605|Child_Avg|15: 4034 1538 597 254 95 54 20 9 4 1 
32607|Child_Avg|7: 4051 1538 597 254 95 54 20 9 4 1 
32615|Child_Cross12|1: 4089 1538 597 254 95 54 20 9 4 1 
32636|Child_Cross21|38: 4013 1538 597 254 95 54 20 9 4 1 
32639|Child_Cross12|29: 4040 1538 597 254 95 54 20 9 4 1 
32640|Child_Avg|7: 4052 1538 597 254 95 54 20 9 4 1 
32642|Child_Cross21|54: 4039 1538 597 254 95 54 20 9 4 1 
32645|Child_Cross21|18: 4026 1538 597 254 95 54 20 9 4 1 
32648|Child_Cross12|33: 4032 1538 597 254 95 54 20 9 4 1 
32654|Child_Cross21|42: 4037 1538 597 254 95 54 20 9 4 1 
32658|Child_Cross12|29: 4050 1538 597 254 95 54 20 9 4 1 
32662|Child_Avg|15: 4059 1538 597 254 95 54 20 9 4 1 
32663|Child_Cross12|21: 4046 1538 597 254 95 54 20 9 4 1 
32676|Child_Cross21|30|Mutated: 4071 1538 597 259 107 54 20 9 4 1 
32689|Child_Cross12|57: 3999 1518 568 256 94 59 20 9 4 1 
32753|Survivor|1: 3875 1313 570 252 115 77 24 9 4 1 
32841|Survivor|1: 6211 1743 709 229 105 56 24 11 4 1 
32846|Child_Levy|8: 5645 1651 659 226 99 53 24 9 4 1 
32853|Child_Cross21|38: 5779 1676 663 226 99 54 23 10 4 1 
32856|Child_Cross12|5: 5582 1638 657 226 99 54 23 10 4 1 
32857|Child_Avg|51: 5785 1675 666 226 99 54 23 10 4 1 
32859|Child_Cross12|45: 5730 1636 662 226 99 54 23 10 4 1 
32870|Child_CrossABC2|2: 4037 1424 535 210 108 62 19 10 4 1 
32894|Child_Cross21|34: 3795 1342 520 222 99 53 19 10 4 1 
32919|Child_Cross12|13: 3982 1496 477 218 93 49 21 10 4 1 
32930|Child_Avg|43: 4093 1609 502 228 96 49 21 10 4 1 
33014|Survivor|1: 3996 1465 456 267 103 51 19 10 4 1 
33097|Child_Avg|31: 3782 1345 563 249 103 71 24 9 4 1 
33178|Survivor|1: 3824 1185 491 231 89 55 24 9 4 1 
33359|Survivor|1: 4615 1382 599 259 117 65 28 11 4 1 
33367|Survivor|1: 2326 922 315 161 72 29 10 4 1 
33582|Survivor|1: 3729 1736 654 268 104 69 21 10 4 1 
33691|Survivor|1: 3888 1495 641 283 130 66 27 8 3 1 
33695|Child_Cross12|45: 3547 1335 514 239 105 64 24 9 4 1 
33735|Child_LevyP2|4: 6101 2076 755 345 148 75 27 10 4 1 
33763|Survivor|1: 3855 1307 567 235 98 64 24 9 4 1 
33772|Child_Cross21|22: 3928 1303 593 220 97 68 24 9 4 1 
33783|Survivor|1: 3926 1313 575 223 97 56 24 9 4 1 
33787|Survivor|1: 3928 1308 562 223 93 50 24 9 4 1 
33800|Survivor|1: 3592 1279 541 209 90 50 24 9 4 1 
33803|Child_Avg|43: 3896 1517 563 239 93 50 24 9 4 1 
33808|Child_CrossABC2|2: 3740 1494 560 243 94 50 24 9 4 1 
33810|Child_Avg|51|Mutated: 3839 1461 561 235 90 50 24 9 4 1 
33813|Child_CrossABC1|1: 3734 1493 567 231 94 50 24 9 4 1 
33907|Survivor|1: 4211 1359 489 223 102 58 23 8 3 1 
33920|Survivor|1: 4092 1271 493 213 93 55 21 10 4 1 
33928|Child_Cross21|58: 4212 1289 499 217 92 55 21 10 4 1 
33955|Survivor|1: 4419 1264 517 227 93 59 19 10 4 1 
34072|Child_Cross21|18: 3863 1230 501 208 106 56 21 10 4 1 
34074|Child_Cross12|17|Mutated: 3985 1416 514 225 101 56 21 10 4 1 
34087|Child_Cross12|1: 3993 1379 549 221 94 56 21 10 4 1 
34089|Child_CrossABC2|8: 4068 1377 514 231 100 56 21 10 4 1 
34092|Survivor|1: 4030 1341 531 226 96 56 21 10 4 1 
34093|Child_Cross21|2: 3986 1356 545 224 89 53 19 10 4 1 
34124|Child_Cross21|18: 4226 1378 764 388 131 61 23 10 4 1 
34132|Survivor|1: 3411 1180 526 278 111 61 23 10 4 1 
34133|Child_CrossABC2|8: 3928 1369 616 255 111 61 23 10 4 1 
34138|Child_Levy|56: 3938 1235 516 262 105 64 24 9 4 1 
34141|Child_Cross21|14: 4135 1242 597 247 113 64 24 9 4 1 
34142|Child_Avg|51: 4001 1190 587 251 123 62 24 9 4 1 
34143|Child_Avg|15: 4317 1213 593 240 109 62 24 9 4 1 
34145|Child_Cross21|34: 4024 1367 581 257 116 62 24 9 4 1 
34146|Child_CrossABC2|8: 4161 1473 575 263 123 62 24 9 4 1 
34147|Child_CrossABC1|7: 4248 1520 574 251 118 62 24 9 4 1 
34152|Survivor|1: 4174 1378 561 253 102 62 24 9 4 1 
34155|Survivor|1|Mutated: 4174 1378 561 253 118 62 24 9 4 1 
34158|Child_CrossABC1|1: 4135 1388 569 267 117 62 24 9 4 1 
34176|Child_Cross12|53: 3979 1462 528 237 94 62 24 9 4 1 
34181|Child_Cross12|53: 3784 1410 532 252 103 62 24 9 4 1 
34189|Child_CrossABC2|2: 3779 1412 532 252 103 62 24 9 4 1 
34190|Child_CrossABC2|2: 3782 1412 532 252 103 62 24 9 4 1 
34191|Child_CrossABC1|1: 3777 1412 532 252 103 62 24 9 4 1 
34193|Child_CrossABC1|7: 3787 1412 532 252 103 62 24 9 4 1 
34196|Child_CrossABC2|2: 3784 1413 532 252 103 62 24 9 4 1 
34198|Child_Avg|23: 3762 1413 532 252 103 62 24 9 4 1 
34199|Child_CrossABC1|1: 3789 1413 532 252 103 62 24 9 4 1 
34201|Child_CrossABC1|7: 3665 1413 532 252 103 62 24 9 4 1 
34202|Child_CrossABC1|1: 3767 1413 532 252 103 62 24 9 4 1 
34206|Child_Cross12|5: 3715 1389 532 252 103 62 24 9 4 1 
34207|Child_Cross12|1: 3873 1443 532 252 103 62 24 9 4 1 
34209|Child_Cross21|6: 3726 1441 532 252 103 62 24 9 4 1 
34210|Child_Avg|51: 3797 1425 532 252 103 62 24 9 4 1 
34211|Child_Cross12|57: 3748 1404 532 252 103 62 24 9 4 1 
34212|Child_Cross12|25: 3753 1399 532 252 103 62 24 9 4 1 
34213|Child_Cross12|25: 3790 1412 532 252 103 62 24 9 4 1 
34214|Child_Cross21|46: 3766 1410 532 252 103 62 24 9 4 1 
34215|Child_Cross21|54: 3789 1397 532 252 103 62 24 9 4 1 
34217|Child_Cross21|42: 3774 1425 532 252 103 62 24 9 4 1 
34219|Child_Cross12|33: 3776 1412 532 252 103 62 24 9 4 1 
34220|Child_Cross21|30: 3745 1425 532 252 103 62 24 9 4 1 
34221|Child_Avg|3: 3781 1421 532 252 103 62 24 9 4 1 
34223|Child_Avg|35: 3785 1415 532 252 103 62 24 9 4 1 
34226|Child_Cross21|54: 3787 1417 532 252 103 62 24 9 4 1 
34228|Child_Cross21|46: 3786 1422 532 252 103 62 24 9 4 1 
34240|Child_Cross12|37: 3777 1423 532 252 103 62 24 9 4 1 
34243|Child_Cross12|37: 3771 1421 532 252 103 62 24 9 4 1 
34244|Child_Cross21|58: 3958 1423 532 252 103 62 24 9 4 1 
34245|Child_Cross21|18: 3776 1423 625 252 103 62 24 9 4 1 
34248|Child_Cross12|33: 3765 1422 532 252 103 62 24 9 4 1 
34249|Child_Cross12|5: 3838 1423 532 252 103 62 24 9 4 1 
34250|Child_Avg|7: 3828 1417 532 252 103 62 24 9 4 1 
34252|Child_Avg|39: 3863 1422 532 252 103 62 24 9 4 1 
34253|Child_Cross21|6: 3871 1421 532 252 103 62 24 9 4 1 
34254|Child_Cross12|1: 3970 1417 532 252 103 62 24 9 4 1 
34255|Child_CrossABC1|1: 3892 1417 532 252 103 62 24 9 4 1 
34257|Child_Cross21|10: 3831 1418 578 252 103 62 24 9 4 1 
34258|Child_Cross21|50: 3863 1417 532 252 103 62 24 9 4 1 
34259|Child_Avg|11: 4011 1417 532 252 103 62 24 9 4 1 
34262|Child_Cross12|41: 3965 1417 532 252 103 62 24 9 4 1 
34265|Child_Cross21|18: 4005 1417 532 252 103 62 24 9 4 1 
34266|Child_Cross12|13: 3842 1425 532 252 103 62 24 9 4 1 
34268|Child_Cross12|41: 3950 1417 532 252 103 62 24 9 4 1 
34269|Child_Cross21|10: 3995 1417 532 252 103 62 24 9 4 1 
34270|Child_Cross21|54: 3933 1417 532 252 103 62 24 9 4 1 
34273|Child_Avg|47: 3989 1417 532 252 103 62 24 9 4 1 
34276|Child_Cross12|49: 3956 1417 532 252 103 62 24 9 4 1 
34277|Child_Cross21|30: 3980 1417 532 252 103 62 24 9 4 1 
34279|Child_Avg|31: 3977 1417 532 252 103 62 24 9 4 1 
34281|Child_CrossABC1|1: 3975 1417 532 252 103 62 24 9 4 1 
34283|Child_Cross21|34: 3959 1417 532 252 103 62 24 9 4 1 
34284|Child_Cross21|6: 3984 1417 532 252 103 62 24 9 4 1 
34285|Child_Cross12|17: 3967 1417 532 252 103 62 24 9 4 1 
34287|Child_Avg|27: 3986 1417 532 252 103 62 24 9 4 1 
34292|Child_Cross21|46: 3987 1417 532 252 103 62 24 9 4 1 
34293|Child_CrossABC2|8: 3962 1417 532 252 103 62 24 9 4 1 
34295|Child_Avg|15: 3969 1417 532 252 103 62 24 9 4 1 
34299|Child_Avg|59: 3978 1417 532 252 103 62 24 9 4 1 
34300|Child_Cross21|14: 3961 1417 532 252 103 62 24 9 4 1 
34301|Child_Avg|23: 3960 1417 532 252 103 62 24 9 4 1 
34347|Child_CrossABC2|2: 4159 1597 654 221 130 55 24 9 4 1 
34353|Child_Levy|12: 4222 1527 616 232 111 61 23 10 4 1 
34358|Child_Cross21|22: 3703 1410 538 225 100 57 21 10 4 1 
34359|Child_Cross21|22: 3703 1410 538 225 100 61 23 10 4 1 
34369|Survivor|1: 4299 1612 545 247 97 56 24 11 5 1 
34371|Child_Avg|3: 4094 1482 543 233 90 56 24 9 4 1 
34406|Survivor|1: 3865 1395 509 209 114 55 24 9 4 1 
34408|Child_Levy|56|Mutated: 3507 1366 481 208 100 56 21 10 4 1 
34477|Child_Levy|52|Mutated: 3922 1334 526 212 109 44 20 9 4 1 
34486|Survivor|1: 3922 1334 526 212 87 44 20 9 4 1 
34545|Child_Avg|43: 4508 1419 665 252 105 50 24 9 4 1 
34554|Child_Cross21|6: 3998 1279 582 243 94 50 24 9 4 1 
34572|Survivor|1: 3514 1288 567 251 90 50 24 9 4 1 
34752|Child_Avg|55: 3329 1249 534 245 113 51 25 9 4 1 
34912|Survivor|1: 5739 1474 568 247 113 63 27 10 4 1 
34929|Child_Avg|39: 4335 1378 536 258 97 62 24 9 4 1 
34934|Survivor|1: 4207 1262 496 239 94 62 24 9 4 1 
34975|Child_Cross12|9: 4235 1227 532 223 93 46 20 9 4 1 
34979|Child_Cross12|25: 3935 1183 526 223 93 46 20 9 4 1 
34994|Child_Cross21|54: 3961 1155 527 212 87 43 20 9 4 1 
34997|Child_Cross21|50: 3961 1155 527 212 87 44 20 9 4 1 
35002|Survivor|1: 4014 1155 538 218 83 48 20 9 4 1 
35147|Child_Cross12|45|Mutated: 6157 1561 634 243 110 69 27 10 4 1 
35149|Child_CrossABC1|1: 5660 1630 709 254 115 69 27 10 4 1 
35165|Survivor|1: 5592 1917 706 284 105 60 19 10 4 1 
35167|Survivor|1: 5459 1765 620 279 111 50 24 9 4 1 
35169|Child_Cross12|33: 4750 1626 610 218 105 50 24 9 4 1 
35172|Child_CrossABC1|1: 4884 1510 621 230 105 50 24 9 4 1 
35173|Child_Levy|24: 4481 1459 548 219 106 56 24 9 4 1 
35195|Child_CrossABC1|1: 4626 1452 577 223 99 55 24 9 4 1 
35201|Child_CrossABC2|8: 4636 1456 577 223 99 55 24 9 4 1 
35207|Child_CrossABC2|2: 4509 1463 565 219 98 55 24 9 4 1 
35211|Survivor|1|Mutated: 4341 1366 553 234 95 55 24 9 4 1 
35212|Child_CrossABC2|8: 4391 1359 561 240 95 55 24 9 4 1 
35214|Child_Avg|19: 4545 1383 535 231 89 55 24 9 4 1 
35246|Child_Cross21|34: 4096 1357 515 208 111 55 24 9 4 1 
35253|Child_Cross12|29: 3959 1265 503 206 105 55 24 9 4 1 
35254|Child_CrossABC2|8: 3847 1344 482 208 111 55 24 9 4 1 
35357|Survivor|1: 5587 1608 657 286 151 71 28 10 3 1 
35359|Survivor|1: 4398 1393 662 257 130 70 29 9 4 1 
35374|Child_Levy|16: 5440 1426 781 295 114 56 25 9 4 1 
35388|Child_Avg|11: 5361 1464 719 283 114 64 24 9 4 1 
35397|Child_Cross12|37: 5831 1590 757 255 110 64 24 9 4 1 
35405|Survivor|1: 5390 1391 688 283 101 64 24 9 4 1 
35476|Survivor|1: 4548 2040 599 303 137 55 23 10 4 1 
35491|Child_Cross12|57|Mutated: 4087 1401 533 250 105 54 23 10 4 1 
35499|Survivor|1|Mutated: 4087 1210 533 250 105 54 23 10 4 1 
35502|Child_CrossABC1|7: 3888 1281 504 250 105 54 23 10 4 1 
35503|Child_Avg|19: 3987 1245 518 250 105 54 23 10 4 1 
35504|Child_CrossABC2|2: 4016 1253 513 251 102 54 23 10 4 1 
35508|Child_Avg|27: 4079 1358 507 246 101 51 23 10 4 1 
35510|Child_Cross12|1: 3991 1265 528 237 101 51 23 10 4 1 
35513|Survivor|1: 3973 1348 540 244 101 51 23 10 4 1 
35514|Child_Cross12|5: 4061 1344 511 245 101 51 23 10 4 1 
35515|Child_CrossABC2|8: 3941 1352 563 245 101 51 23 10 4 1 
35518|Child_Cross12|45: 3967 1346 527 245 101 51 23 10 4 1 
35519|Child_CrossABC2|8: 4023 1331 531 243 103 51 23 10 4 1 
35523|Child_Cross12|57: 4057 1231 524 245 99 51 23 10 4 1 
35524|Child_Avg|35: 3993 1328 523 245 101 50 23 10 4 1 
35623|Survivor|1: 4347 1762 768 314 133 80 30 11 5 1 
35637|Child_Cross21|34: 4347 1762 768 314 133 72 29 10 4 1 
35648|Survivor|1: 3803 1481 619 259 119 73 29 10 4 1 
35677|Child_Levy|52: 4104 1488 561 264 114 58 21 10 4 1 
35679|Child_Cross21|38: 4002 1349 565 254 102 58 21 10 4 1 
35684|Survivor|1: 3889 1112 610 275 102 58 21 10 4 1 
35858|Survivor|1: 3405 1234 521 230 95 60 23 10 4 1 
35868|Child_CrossABC2|8: 3517 1240 515 256 101 60 23 10 4 1 
35931|Survivor|1: 3924 1337 532 248 109 55 23 10 4 1 
36046|Survivor|1: 3584 1357 561 265 101 64 23 10 4 1 
36065|Survivor|1: 3385 1215 511 252 91 64 23 10 4 1 
36069|Survivor|1: 3464 1207 508 239 89 47 23 10 4 1 
36128|Survivor|1: 3529 1126 483 230 101 47 23 10 4 1 
36131|Child_CrossABC2|8: 3545 1115 483 229 122 47 23 10 4 1 
36139|Child_Cross12|9: 3550 1085 491 233 102 47 23 10 4 1 
36147|Child_CrossABC1|7: 3552 1081 489 237 101 47 23 10 4 1 
36168|Child_CrossABC2|8: 3163 1166 519 216 112 47 23 10 4 1 
36175|Survivor|1: 3219 1214 521 225 110 47 23 10 4 1 
36191|Survivor|1: 3099 1151 521 231 88 47 23 10 4 1 
36252|Child_LevyP2|10: 3227 1108 462 203 108 53 24 9 4 1 
36256|Survivor|1: 3898 1139 426 245 109 54 23 10 4 1 
36265|Child_CrossABC1|1: 3949 1141 461 253 100 56 21 10 4 1 
36269|Child_Avg|11: 4020 1156 463 253 101 56 21 10 4 1 
36271|Child_CrossABC2|2: 3996 1156 457 253 101 56 21 10 4 1 
36272|Child_Cross21|26|Mutated: 4011 1138 475 240 103 56 21 10 4 1 
36276|Child_CrossABC2|2: 3964 1141 472 234 111 56 21 10 4 1 
36292|Survivor|1: 4027 1152 490 221 94 59 20 9 4 1 
36297|Child_CrossABC1|1: 3986 1149 491 220 92 59 20 9 4 1 
36303|Child_CrossABC2|8: 3986 1137 491 220 92 59 20 9 4 1 
36321|Survivor|1: 3590 1137 491 220 92 59 20 9 4 1 
36416|Child_CrossABC1|1: 3515 1114 465 244 101 52 19 10 4 1 
36417|Child_CrossABC1|7: 3507 1115 467 231 99 53 19 10 4 1 
36424|Child_CrossABC1|7: 3500 1101 479 234 107 52 19 10 4 1 
36446|Survivor|1: 3590 1098 464 218 87 52 19 10 4 1 
36455|Child_Cross21|46: 3934 1325 527 225 86 52 20 9 4 1 
36579|Child_Avg|23: 3894 1241 512 211 99 47 23 10 4 1 
36592|Child_Cross21|46: 4052 1277 511 214 98 46 21 10 4 1 
36605|Survivor|1: 3965 1293 510 220 94 46 21 10 4 1 
36702|Survivor|1: 4529 1385 572 255 104 59 20 9 4 1 
36722|Survivor|1: 4193 1245 523 240 103 54 19 9 4 1 
36726|Child_Cross21|22: 4113 1219 487 226 97 57 23 10 4 1 
36736|Child_Cross12|9: 3831 1201 511 227 93 54 20 9 4 1 
36741|Survivor|1: 3534 1218 505 218 94 51 19 10 4 1 
36744|Child_Avg|15: 3607 1201 493 232 94 51 19 10 4 1 
36757|Child_Cross12|29: 3765 1120 472 205 94 51 19 10 4 1 
36804|Survivor|1: 3926 1361 518 202 100 61 29 9 4 1 
36886|Survivor|1: 3983 1230 466 210 97 48 23 10 4 1 
37003|Survivor|1: 3865 1277 530 227 89 47 23 10 4 1 
37009|Survivor|1: 3968 1297 565 237 88 47 23 10 4 1 
37011|Child_CrossABC2|8: 3966 1298 564 237 88 47 23 10 4 1 
37014|Survivor|1: 3966 1299 565 237 88 47 23 10 4 1 
37027|Child_CrossABC1|7: 3963 1267 542 234 85 47 23 10 4 1 
37034|Child_Avg|31: 3964 1274 542 234 85 47 23 10 4 1 
37035|Child_CrossABC2|2: 3962 1266 542 234 85 47 23 10 4 1 
37040|Child_CrossABC1|7: 3959 1267 542 234 85 47 23 10 4 1 
37042|Child_CrossABC1|1: 3957 1267 542 234 85 47 23 10 4 1 
37043|Child_CrossABC1|1: 3955 1268 542 234 85 47 23 10 4 1 
37046|Child_CrossABC2|8: 3962 1267 542 234 85 47 23 10 4 1 
37048|Child_CrossABC2|2: 3955 1267 542 234 85 47 23 10 4 1 
37051|Child_CrossABC1|7: 3958 1267 542 234 85 47 23 10 4 1 
37054|Child_CrossABC1|7: 3954 1267 542 234 85 47 23 10 4 1 
37128|Survivor|1: 3794 1197 504 218 79 46 21 10 4 1 
37178|Child_Levy|32|Mutated: 3689 1167 486 213 86 50 21 10 4 1 
37187|Survivor|1: 3895 1073 464 205 86 50 21 10 4 1 
37344|Child_Avg|15: 4080 1397 609 263 102 57 20 9 4 1 
37349|Child_CrossABC1|7: 3824 1373 656 248 110 57 20 9 4 1 
37357|Child_CrossABC1|7: 3787 1375 681 248 118 57 20 9 4 1 
37376|Child_Cross21|38: 3617 1288 568 233 92 57 20 9 4 1 
37504|Child_Avg|23: 4178 1499 570 219 101 60 23 10 4 1 
37507|Child_Cross21|46: 4508 1510 598 212 99 57 23 10 4 1 
37510|Child_Cross21|46: 3762 1475 524 205 96 56 21 10 4 1 
37522|Child_Cross12|9: 4127 1486 575 206 95 56 21 10 4 1 
37536|Child_Cross21|10|Mutated: 4219 1224 560 215 107 56 21 10 4 1 
37540|Survivor|1: 3548 1224 560 215 107 56 21 10 4 1 
37547|Child_Cross12|29: 3505 1213 509 198 104 56 21 10 4 1 
37565|Survivor|1: 3601 1220 528 226 87 55 19 10 4 1 
37785|Survivor|1: 5305 2057 870 329 125 64 24 9 4 1 
37787|Child_Cross21|18: 4687 1531 609 256 123 71 24 11 4 1 
37794|Child_Cross12|9: 4596 1553 628 267 117 65 24 9 4 1 
37795|Child_Avg|47: 3932 1516 624 257 120 67 23 10 4 1 
37802|Child_Cross12|25|Mutated: 4298 1539 620 260 114 56 21 10 4 1 
37807|Child_CrossABC2|2|Mutated: 4298 1475 620 260 114 56 21 10 4 1 
37810|Child_CrossABC1|7: 4298 1553 620 260 114 56 21 10 4 1 
37813|Child_Cross21|54: 3995 1467 574 250 110 56 21 10 4 1 
37816|Child_Cross12|5: 4441 1482 571 241 102 56 21 10 4 1 
37818|Child_Cross21|2: 4006 1471 579 246 104 56 21 10 4 1 
37823|Child_Cross12|33: 3996 1279 562 259 93 56 21 10 4 1 
37826|Child_CrossABC2|8|Mutated: 4310 1381 562 255 98 55 19 10 4 1 
37827|Child_Cross12|17: 4218 1380 566 250 97 55 19 10 4 1 
37844|Survivor|1: 3877 1315 543 225 87 52 19 10 4 1 
37852|Survivor|1: 3997 1291 540 235 84 51 19 10 4 1 
37926|Child_CrossABC1|1: 3647 1111 468 232 91 60 23 10 4 1 
37935|Survivor|1: 3561 1121 492 204 90 56 21 10 4 1 
37944|Survivor|1: 4164 1107 487 206 86 49 21 10 4 1 
37945|Child_Cross21|10: 3894 1101 487 208 86 49 21 10 4 1 
38047|Survivor|1: 4519 1378 692 273 142 67 21 10 4 1 
38062|Survivor|1: 3580 1329 593 230 107 67 21 10 4 1 
38185|Survivor|1: 3637 1215 495 222 93 52 20 9 4 1 
38301|Survivor|1: 4003 1481 560 259 91 59 24 9 4 1 
38308|Survivor|1: 4093 1471 522 250 90 53 24 9 4 1 
38369|Child_Levy|16: 3651 1529 695 307 134 49 21 10 4 1 
38378|Child_Levy|44: 3271 1276 471 234 101 48 20 9 4 1 
38384|Child_CrossABC2|2: 3855 1239 472 261 102 46 20 9 4 1 
38399|Survivor|1: 3250 1186 443 202 93 46 20 9 4 1 
38404|Child_CrossABC1|7: 3294 1303 477 203 93 46 20 9 4 1 
38419|Survivor|1: 3551 1165 468 221 88 46 20 9 4 1 
38517|Survivor|1: 4506 1407 510 273 101 64 24 9 4 1 
38533|Survivor|1: 4828 1432 515 259 98 64 24 9 4 1 
38564|Child_Cross12|13: 4736 1513 686 260 106 61 20 9 4 1 
38582|Child_CrossABC1|7: 3876 1217 488 229 91 57 21 10 4 1 
38594|Child_Cross21|54: 3944 1226 495 227 86 57 21 10 4 1 
38600|Child_Avg|27: 3790 1107 494 220 86 56 21 10 4 1 
38601|Child_CrossABC2|8: 4183 1223 508 219 89 56 21 10 4 1 
38610|Survivor|1: 4004 1116 501 199 90 56 21 10 4 1 
38625|Survivor|1: 4004 1116 501 199 106 47 21 10 4 1 
38627|Child_CrossABC1|1: 3955 1122 487 200 94 49 21 10 4 1 
38665|Child_Cross12|9: 3571 1102 435 191 71 29 10 4 1 
38673|Child_Avg|59: 3011 937 385 175 71 29 10 4 1 
38955|Survivor|1: 3145 1135 526 251 86 54 20 9 4 1 
39013|Child_Avg|11|Mutated: 3563 1090 472 208 98 51 19 10 4 1 
39034|Survivor|1: 3461 1088 495 219 84 50 19 10 4 1 
39105|Survivor|1: 4161 1101 562 211 109 56 24 9 4 1 
39107|Child_Cross21|54: 4171 1229 511 214 109 56 24 9 4 1 
39108|Child_Avg|19: 4004 1132 547 209 107 52 24 9 4 1 
39117|Child_Cross21|22: 3873 1213 519 215 101 52 24 9 4 1 
39118|Child_Avg|7: 3795 1099 506 219 99 53 24 9 4 1 
39120|Child_CrossABC2|8: 3690 1241 478 215 99 52 24 9 4 1 
39121|Child_Avg|47: 4239 1144 521 225 108 49 24 9 4 1 
39144|Child_Cross12|29: 3834 1183 463 209 84 49 24 9 4 1 
39159|Child_CrossABC1|1: 3873 1185 471 209 84 49 24 9 4 1 
39256|Survivor|1: 3626 1337 553 228 92 55 20 9 4 1 
39258|Child_CrossABC1|7: 3591 1374 494 234 94 55 20 9 4 1 
39267|Survivor|1: 3564 1270 488 221 94 55 20 9 4 1 
39274|Child_CrossABC2|2: 3618 1233 488 221 94 55 20 9 4 1 
39321|Survivor|1: 3116 1117 476 208 83 50 19 10 4 1 
39361|Survivor|1: 3777 1144 476 253 102 47 23 10 4 1 
39363|Child_Cross21|42: 3557 1124 496 244 97 45 21 10 4 1 
39404|Child_Cross21|10: 5167 1442 553 257 111 53 25 9 4 1 
39414|Child_CrossABC2|2: 4048 1251 464 230 107 53 25 9 4 1 
39487|Survivor|1: 3913 1183 497 204 98 55 24 9 4 1 
39500|Child_Cross21|26: 5228 1826 617 285 129 56 25 9 4 1 
39513|Child_Avg|11: 3979 1373 491 242 119 55 24 9 4 1 
39517|Survivor|1: 4610 1484 531 248 118 54 25 8 3 1 
39615|Survivor|1: 3578 1234 476 221 108 60 21 10 4 1 
39625|Child_Cross21|6: 3532 1304 488 241 92 59 21 10 4 1 
39626|Child_Avg|47: 3345 1260 502 228 93 59 20 9 4 1 
39636|Survivor|1: 3250 1208 482 213 92 57 20 9 4 1 
39701|Child_CrossABC2|2: 3568 1085 462 235 102 57 21 10 4 1 
39872|Child_Cross12|17: 5862 1551 584 268 113 62 25 9 4 1 
39885|Child_LevyABC1|11: 4621 1481 641 266 131 64 24 9 4 1 
39892|Child_CrossABC2|8: 4622 1645 734 276 113 62 24 9 4 1 
39893|Survivor|1|Mutated: 4649 1645 734 276 113 52 24 9 4 1 
39899|Child_Cross12|17: 3983 1224 535 251 102 61 24 9 4 1 
39906|Child_Cross21|46: 4427 1283 562 248 95 55 24 9 4 1 
39910|Child_CrossABC1|1: 4559 1296 560 248 95 55 24 9 4 1 
39912|Child_Cross21|22: 4604 1349 560 249 95 55 24 9 4 1 
39917|Survivor|1|Mutated: 4223 1349 560 249 95 55 24 9 4 1 
39931|Child_Avg|59: 4264 1349 559 248 95 55 24 9 4 1 
39933|Child_CrossABC1|7: 4250 1349 559 248 95 55 24 9 4 1 
39940|Child_CrossABC2|8: 4265 1349 559 248 95 55 24 9 4 1 
39955|Survivor|1: 4429 1345 544 249 89 55 24 9 4 1 
39983|Survivor|1: 4434 1359 543 234 89 55 24 9 4 1 
39992|Survivor|1: 4367 1318 529 226 87 55 24 9 4 1 
40008|Child_CrossABC2|2: 3939 1206 562 219 114 61 24 9 4 1 
40013|Child_Cross21|46: 3700 1171 560 209 101 61 24 9 4 1 
40047|Survivor|1: 3698 1144 528 232 111 55 24 9 4 1 
40053|Child_CrossABC2|2: 3718 1157 529 217 102 55 24 9 4 1 
40055|Child_CrossABC1|7|Mutated: 3644 1155 514 218 105 55 24 9 4 1 
40096|Survivor|1: 3676 1079 526 221 101 54 23 10 4 1 
40099|Child_Cross12|21: 3740 1107 509 217 99 54 23 10 4 1 
40108|Child_CrossABC2|8: 3756 1133 509 233 99 54 23 10 4 1 
40124|Survivor|1|Mutated: 3756 1133 567 233 99 54 23 10 4 1 
40130|Child_CrossABC1|1: 4108 1242 571 249 102 54 23 10 4 1 
40135|Survivor|1: 4108 1220 571 249 102 54 23 10 4 1 
40139|Child_CrossABC1|1: 4157 1218 581 253 102 54 23 10 4 1 
40145|Child_Cross12|57: 3991 1172 489 223 91 54 23 10 4 1 
40149|Child_Cross21|6: 3993 1176 493 223 91 54 23 10 4 1 
40153|Child_Avg|35: 4008 1157 495 227 89 54 23 10 4 1 
40156|Child_Cross21|10: 3915 1201 474 226 89 56 21 10 4 1 
40234|Survivor|1: 2960 1112 440 217 86 49 21 10 4 1 
40244|Child_CrossABC1|7: 3009 1288 466 210 85 49 21 10 4 1 
40386|Child_Cross21|58: 3966 1330 492 256 101 60 23 10 4 1 
40410|Survivor|1|Mutated: 3966 1446 492 256 101 60 23 10 4 1 
40424|Survivor|1: 4008 1412 557 241 100 61 23 10 4 1 
40425|Child_CrossABC2|2: 4045 1306 554 240 100 61 23 10 4 1 
40431|Child_Cross21|6: 4071 1231 551 237 93 61 23 10 4 1 
40433|Child_Avg|47: 4064 1290 553 237 98 61 23 10 4 1 
40442|Child_Avg|7: 4023 1286 548 231 96 61 23 10 4 1 
40472|Survivor|1: 4870 1611 593 256 138 58 24 9 4 1 
40474|Child_CrossABC1|1: 3964 1784 631 239 118 58 24 9 4 1 
40506|Survivor|1: 3502 1175 461 227 99 57 23 10 4 1 
40525|Survivor|1: 3601 1165 448 225 95 57 23 10 4 1 
40576|Child_Cross21|6|Mutated: 4608 1358 504 243 114 61 24 9 4 1 
40602|Survivor|1: 4066 1114 479 227 90 55 24 9 4 1 
40622|Survivor|1: 4097 1255 470 213 82 56 24 9 4 1 
40674|Survivor|1: 4096 1203 475 214 89 54 23 10 4 1 
40719|Child_Cross12|33: 4207 1731 613 268 103 61 23 10 4 1 
40722|Child_Cross12|41: 3896 1218 543 251 98 61 23 10 4 1 
40772|Child_Avg|51: 4102 1297 558 250 91 59 24 9 4 1 
40774|Child_CrossABC1|7: 4560 1341 553 254 97 59 24 9 4 1 
40790|Survivor|1: 3969 1307 563 243 82 56 24 9 4 1 
40791|Child_Cross12|25|Mutated: 3969 1307 563 243 94 49 24 9 4 1 
40803|Child_Cross12|29: 3985 1376 564 242 90 49 24 9 4 1 
40879|Child_LevyP2|4: 5480 1770 616 279 115 55 24 9 4 1 
40886|Child_CrossABC2|2: 5882 1523 563 238 129 55 24 9 4 1 
40900|Child_CrossABC1|1: 4121 1282 486 215 131 55 24 9 4 1 
40917|Child_Cross12|13: 4111 1285 499 196 117 53 24 9 4 1 
40924|Child_CrossABC1|1: 4180 1230 549 194 113 53 24 9 4 1 
40948|Survivor|1: 4021 1218 517 204 99 53 24 9 4 1 
41108|Survivor|1: 4025 1667 550 253 102 60 27 10 4 1 
41119|Child_Cross21|42: 4096 1421 522 222 95 58 24 9 4 1 
41124|Child_CrossABC1|7: 4144 1545 516 233 95 58 24 9 4 1 
41233|Child_Avg|11: 4282 1652 605 261 116 55 24 9 4 1 
41244|Child_Cross12|13: 3754 1391 632 258 111 55 24 9 4 1 
41245|Child_CrossABC2|8: 3526 1494 602 241 111 55 24 9 4 1 
41249|Child_Avg|47: 4293 1399 617 250 107 55 24 9 4 1 
41250|Child_Avg|3: 4036 1468 603 240 104 55 24 9 4 1 
41252|Child_Cross21|38: 3734 1371 560 222 107 55 24 9 4 1 
41261|Child_CrossABC1|1: 3807 1401 572 238 109 55 24 9 4 1 
41262|Child_CrossABC2|8: 3648 1416 560 237 104 55 24 9 4 1 
41263|Child_CrossABC2|8: 3649 1484 564 241 102 55 24 9 4 1 
41264|Child_Avg|7: 3743 1458 559 242 105 55 24 9 4 1 
41265|Child_CrossABC1|7: 3921 1520 565 242 104 55 24 9 4 1 
41273|Child_Avg|3: 3978 1499 558 239 102 55 24 9 4 1 
41283|Child_Cross12|29: 3984 1499 555 239 102 55 24 9 4 1 
41302|Child_Cross12|37: 3923 1515 566 235 86 61 20 9 4 1 
41473|Child_Avg|55: 4232 1380 499 206 101 51 19 10 4 1 
41477|Child_Cross12|5: 4638 1395 521 245 93 51 19 10 4 1 
41500|Child_Levy|44: 4216 1343 545 222 94 51 19 10 4 1 
41516|Child_Cross21|46: 3946 1343 542 232 92 52 19 10 4 1 
41650|Child_Avg|35: 3910 1240 521 227 113 54 19 10 4 1 
41652|Child_Cross12|33: 3910 1483 521 227 113 54 19 10 4 1 
41659|Child_Cross21|30: 4379 1226 527 212 97 54 19 10 4 1 
41681|Child_Avg|55: 3935 1217 486 221 93 53 19 10 4 1 
41685|Child_Avg|11: 4099 1274 474 228 93 52 19 10 4 1 
41700|Child_Cross12|57: 4025 1241 488 220 87 52 19 10 4 1 
41701|Child_Avg|47: 4058 1244 478 226 104 51 19 10 4 1 
41702|Child_CrossABC2|8: 4063 1243 477 232 121 52 19 10 4 1 
41711|Child_Cross21|34: 4077 1253 490 220 87 51 19 10 4 1 
41714|Child_Avg|11: 4067 1258 499 220 87 51 19 10 4 1 
41755|Survivor|1|Mutated: 4067 1258 454 220 87 51 19 10 4 1 
41780|Survivor|1: 4161 1272 467 217 82 52 19 10 4 1 
41885|Child_Avg|43: 3954 1592 631 218 113 55 24 9 4 1 
41886|Survivor|1|Mutated: 3954 1592 631 203 113 55 24 9 4 1 
41888|Child_Cross12|41: 3753 1350 601 231 98 55 24 9 4 1 
41891|Child_Cross12|13: 3624 1501 602 233 95 55 24 9 4 1 
41892|Child_Cross21|14: 3744 1472 581 217 99 55 24 9 4 1 
41893|Child_Avg|7: 3683 1382 614 223 105 53 24 9 4 1 
41934|Survivor|1: 3373 1316 529 245 105 50 23 10 4 1 
41950|Child_Avg|7: 3614 1189 528 225 91 50 23 10 4 1 
41969|Child_Cross12|41: 3609 1200 527 224 91 50 23 10 4 1 
42151|Survivor|1: 8953 6231 1747 727 349 149 62 30 12 5 1 
42161|Child_Cross12|17: 5428 1596 665 298 121 55 29 10 4 1 
42163|Child_Cross12|45: 5428 1596 665 298 121 63 27 10 4 1 
42175|Child_Cross12|9: 4145 1306 498 253 115 63 27 10 4 1 
42176|Child_Cross12|33: 4442 1359 557 260 109 63 27 10 4 1 
42217|Child_CrossABC2|8: 4248 1277 565 260 111 63 27 10 4 1 
42230|Survivor|1: 4135 1306 557 258 112 63 27 10 4 1 
42246|Survivor|1: 4226 1224 572 230 105 64 24 9 4 1 
42281|Child_Cross21|22: 4483 1436 554 253 110 61 19 10 4 1 
42314|Child_Cross21|18: 3960 1236 516 259 96 56 21 10 4 1 
42375|Survivor|1: 4459 1564 703 232 118 65 25 9 4 1 
42387|Survivor|1: 3638 1343 564 231 99 57 23 10 4 1 
42394|Survivor|1: 3642 1343 557 231 99 57 23 10 4 1 
42415|Survivor|1: 3764 1329 531 225 91 55 21 10 4 1 
42488|Child_CrossABC1|1: 3840 1350 471 219 109 56 24 9 4 1 
42548|Survivor|1: 4374 1383 501 234 109 57 29 9 4 1 
42555|Survivor|1: 3983 1369 473 215 109 57 29 9 4 1 
42558|Survivor|1: 4041 1405 585 226 104 55 27 10 4 1 
42572|Survivor|1: 4672 1396 554 233 104 55 27 10 4 1 
42583|Survivor|1: 4364 1376 561 237 113 55 27 10 4 1 
42588|Survivor|1: 4556 1167 562 243 123 55 27 10 4 1 
42643|Survivor|1: 4593 1471 696 314 114 59 24 9 4 1 
42648|Child_Avg|3: 3977 1398 566 298 104 55 24 9 4 1 
42650|Child_Avg|19: 3379 1228 542 253 104 55 24 9 4 1 
42657|Child_Avg|7: 3852 1217 529 252 99 55 24 9 4 1 
42673|Child_Cross12|17: 3972 1162 535 234 95 55 24 9 4 1 
42680|Child_Cross12|25: 3590 1148 517 227 89 55 24 9 4 1 
42688|Child_Cross21|38: 4028 1188 562 234 89 55 24 9 4 1 
42694|Survivor|1: 3766 1259 531 235 89 55 24 9 4 1 
42725|Survivor|1: 3954 1363 567 241 87 55 24 9 4 1 
42969|Survivor|1: 4641 1737 639 239 99 67 24 9 4 1 
43015|Survivor|1: 3767 1559 536 218 99 56 24 9 4 1 
43026|Survivor|1: 3871 1398 498 218 107 56 24 9 4 1 
43027|Child_Cross12|53: 3754 1462 522 213 91 56 24 9 4 1 
43226|Survivor|1: 3736 1127 490 230 97 59 24 9 4 1 
43235|Child_Levy|20: 3818 1100 493 206 90 56 21 10 4 1 
43312|Child_Cross21|38|Mutated: 3702 1407 567 283 103 59 24 9 4 1 
43315|Child_Cross21|42: 3660 1625 605 266 99 59 24 9 4 1 
43317|Child_Cross21|18: 3947 1356 539 257 103 59 24 9 4 1 
43338|Child_Cross12|57: 3886 1408 574 258 97 59 24 9 4 1 
43401|Survivor|1|Mutated: 4315 1156 589 269 115 60 24 11 5 1 
43422|Survivor|1: 3973 1277 525 245 106 61 23 10 4 1 
43427|Child_CrossABC1|1: 4015 1274 549 245 101 61 23 10 4 1 
43433|Child_Avg|35: 4002 1268 543 227 101 60 23 10 4 1 
43489|Survivor|1: 4058 1473 557 252 95 59 27 10 4 1 
43494|Child_Cross12|33: 4668 1351 597 266 95 56 21 10 4 1 
43497|Survivor|1|Mutated: 5590 1351 597 266 95 56 21 10 4 1 
43522|Survivor|1: 3997 1488 584 245 108 53 23 10 4 1 
43529|Child_Cross21|30: 4007 1494 584 246 99 60 25 9 4 1 
43565|Child_Avg|39: 4003 1644 701 245 99 59 24 9 4 1 
43566|Child_Cross12|53: 4005 1643 630 245 99 59 24 9 4 1 
43570|Child_CrossABC2|8: 3952 1615 572 245 99 60 25 9 4 1 
43571|Child_CrossABC1|1: 3914 1616 621 245 99 59 24 9 4 1 
43573|Child_Avg|39: 3906 1620 642 244 97 59 24 9 4 1 
43574|Child_CrossABC2|8: 3894 1593 622 238 97 59 24 9 4 1 
43576|Child_CrossABC2|8: 3858 1464 625 247 97 59 24 9 4 1 
43600|Survivor|1: 4302 1415 694 277 105 56 24 9 4 1 
43721|Child_Cross21|34: 3763 1437 537 249 101 49 21 10 4 1 
43730|Survivor|1: 4252 1431 542 226 92 59 20 9 4 1 
43753|Child_Avg|19: 3701 1314 534 231 93 52 19 10 4 1 
43919|Child_Levy|20: 4315 1301 540 239 125 60 23 10 4 1 
43931|Survivor|1: 4319 1199 467 224 102 58 23 10 4 1 
43940|Child_Cross12|9: 4362 1236 465 220 100 58 23 10 4 1 
43948|Survivor|1: 4040 1149 469 215 94 56 21 10 4 1 
43950|Child_Cross21|26: 4013 1147 469 214 100 58 23 10 4 1 
44182|Child_Cross21|22: 4136 1337 548 223 90 50 24 9 4 1 
44267|Survivor|1: 3640 1136 494 224 85 57 21 10 4 1 
44345|Survivor|1: 5302 2011 591 260 114 55 21 10 4 1 
44348|Child_Cross21|2: 4730 1762 559 240 112 55 21 10 4 1 
44359|Child_Avg|11: 4194 1264 473 199 92 55 21 10 4 1 
44459|Child_Cross12|1: 3417 1261 424 164 67 23 10 4 1 
44587|Survivor|1: 3387 1305 512 214 91 45 21 10 4 1 
44588|Child_CrossABC1|7: 3387 1306 512 214 91 45 21 10 4 1 
44589|Child_CrossABC1|7: 3387 1313 512 214 91 45 21 10 4 1 
44597|Survivor|1: 3550 1279 502 208 89 45 21 10 4 1 
44598|Child_CrossABC2|2: 3467 1293 502 208 89 45 21 10 4 1 
44600|Child_Avg|55: 3464 1305 523 208 89 45 21 10 4 1 
44603|Child_CrossABC2|2: 3424 1283 516 208 89 45 21 10 4 1 
44605|Survivor|1: 3475 1276 509 208 89 45 21 10 4 1 
44616|Child_CrossABC1|7: 3493 1290 507 206 88 45 21 10 4 1 
44619|Child_Cross21|54: 3529 1288 505 206 88 45 21 10 4 1 
44620|Child_Cross12|41: 3508 1288 505 206 88 45 21 10 4 1 
44621|Child_CrossABC1|1: 3527 1288 505 206 88 45 21 10 4 1 
44627|Child_CrossABC1|1: 3517 1288 505 206 88 45 21 10 4 1 
44629|Child_Cross12|21: 3522 1288 505 206 88 45 21 10 4 1 
44630|Child_CrossABC1|7: 3526 1288 505 206 88 45 21 10 4 1 
44633|Child_Cross21|46: 3532 1288 505 206 88 45 21 10 4 1 
44636|Child_Cross12|33: 3501 1288 505 206 88 45 21 10 4 1 
44637|Child_Avg|35: 3533 1288 505 206 88 45 21 10 4 1 
44638|Child_Cross21|18: 3506 1288 505 206 88 45 21 10 4 1 
44641|Child_CrossABC2|2: 3511 1288 505 206 88 45 21 10 4 1 
44642|Child_Cross21|14: 3541 1288 505 206 88 45 21 10 4 1 
44646|Child_Cross21|38: 3532 1288 505 206 88 45 19 10 4 1 
44647|Child_Cross21|58: 3516 1288 505 206 88 45 21 10 4 1 
44659|Child_Cross12|53: 3522 1288 505 206 88 45 19 10 4 1 
44667|Child_Cross12|29: 3506 1288 505 206 88 45 19 10 4 1 
44673|Child_Cross12|53: 3520 1288 505 206 88 45 19 10 4 1 
44675|Child_Cross12|37: 3527 1288 505 206 88 45 19 10 4 1 
44676|Child_Cross21|42: 3520 1288 505 206 88 45 21 10 4 1 
44685|Child_CrossABC2|8: 3536 1288 505 206 88 45 19 10 4 1 
44688|Child_Cross12|41: 3511 1288 505 206 88 45 19 10 4 1 
44692|Child_Avg|43: 3516 1288 505 206 88 45 19 10 4 1 
44694|Child_Cross12|53: 3531 1288 505 206 88 45 19 10 4 1 
44702|Child_Cross12|21: 3645 1288 505 206 88 45 19 10 4 1 
44707|Child_Cross12|21: 3547 1288 505 206 88 45 19 10 4 1 
44708|Child_Cross21|22: 3517 1288 505 206 88 45 19 10 4 1 
44711|Child_Avg|3: 3525 1288 505 206 88 45 19 10 4 1 
44714|Child_Cross12|9: 3533 1288 505 206 88 45 19 10 4 1 
44725|Child_Cross21|34: 3515 1288 505 206 88 43 19 10 4 1 
44726|Child_Cross21|10: 3522 1288 505 206 88 43 19 10 4 1 
44728|Child_Cross12|25: 3516 1288 505 206 88 43 19 10 4 1 
44729|Child_CrossABC2|2: 3517 1288 505 206 88 43 19 10 4 1 
44730|Child_Cross12|21: 3532 1288 505 206 88 43 19 10 4 1 
44731|Child_Cross21|26: 3527 1288 505 206 88 43 19 10 4 1 
44732|Child_Cross21|54: 3511 1288 505 206 88 43 19 10 4 1 
44733|Child_Cross21|38: 3526 1288 505 206 88 43 19 10 4 1 
44740|Child_Avg|55: 3520 1288 505 206 88 43 19 10 4 1 
44744|Child_Cross12|45: 3525 1288 505 206 88 43 19 10 4 1 
44749|Child_Cross12|29: 3521 1288 505 206 88 43 19 10 4 1 
44751|Child_Cross21|18: 3877 1288 505 206 88 43 19 10 4 1 
44752|Child_CrossABC1|7: 3984 1288 505 206 88 43 19 10 4 1 
44755|Child_Cross12|5: 3949 1288 505 206 88 43 19 10 4 1 
44756|Child_Cross12|41: 3991 1288 505 206 88 43 19 10 4 1 
44758|Child_Cross21|30: 3944 1288 505 206 88 43 19 10 4 1 
44759|Child_Cross12|49: 4027 1288 505 206 88 43 19 10 4 1 
44760|Child_Avg|27: 4000 1288 505 206 88 43 19 10 4 1 
44761|Child_Cross12|41: 3992 1288 505 206 88 43 19 10 4 1 
44762|Child_Cross12|33: 3990 1288 505 206 88 43 19 10 4 1 
44764|Child_Cross12|33: 3995 1288 505 206 88 43 19 10 4 1 
44768|Child_Cross12|17: 3958 1288 505 206 88 43 19 10 4 1 
44769|Child_Cross21|6: 4011 1288 505 206 88 43 19 10 4 1 
44770|Child_Avg|27: 3997 1288 505 206 88 43 19 10 4 1 
44771|Child_Cross12|29: 3976 1288 505 206 88 43 19 10 4 1 
44772|Child_Cross12|45: 4032 1288 505 206 88 43 19 10 4 1 
44775|Child_Cross12|49: 4002 1288 505 206 88 43 19 10 4 1 
44778|Child_Cross12|49: 3985 1288 505 206 88 43 19 10 4 1 
44785|Child_Cross12|9: 4006 1288 505 206 88 43 19 10 4 1 
44789|Child_Cross21|34: 4025 1288 505 206 88 43 19 10 4 1 
44790|Child_CrossABC2|8: 3981 1288 505 206 88 43 19 10 4 1 
44791|Child_Cross12|57: 4004 1288 505 206 88 43 19 10 4 1 
44793|Child_Avg|27: 4016 1288 505 206 88 43 19 10 4 1 
44799|Child_Cross12|9: 4013 1288 505 206 88 43 19 10 4 1 
44801|Child_Avg|23: 4017 1288 505 206 88 43 19 10 4 1 
44805|Child_Cross21|6: 4010 1288 505 206 88 43 19 10 4 1 
44814|Child_Avg|35: 4021 1288 505 206 88 43 19 10 4 1 
44816|Child_CrossABC1|1: 4041 1288 505 206 88 43 19 10 4 1 
44817|Child_Avg|3: 4031 1288 505 206 88 43 19 10 4 1 
44821|Child_Avg|51: 4023 1288 505 206 88 43 19 10 4 1 
44825|Child_Cross21|6: 4064 1288 505 206 88 43 19 10 4 1 
44827|Child_Cross12|9: 4022 1288 505 206 88 43 19 10 4 1 
44829|Child_Cross21|18: 4034 1288 505 206 88 43 19 10 4 1 
44832|Child_CrossABC2|2: 4038 1288 505 206 88 43 19 10 4 1 
44835|Child_Cross21|18: 4037 1288 505 206 88 43 19 10 4 1 
44837|Child_Cross12|17: 3964 1283 505 206 88 43 19 10 4 1 
44841|Child_Cross21|2: 3999 1285 505 206 88 43 19 10 4 1 
44842|Child_Avg|43: 4019 1287 505 206 88 43 19 10 4 1 
44844|Child_Cross12|25: 4030 1288 505 206 88 43 19 10 4 1 
44851|Child_Cross12|9: 4010 1287 505 206 88 43 19 10 4 1 
44852|Child_Cross12|9: 4024 1287 505 206 88 43 19 10 4 1 
44853|Child_Cross21|14: 4008 1287 505 206 88 43 19 10 4 1 
44855|Child_Cross21|46: 4014 1287 505 206 88 43 19 10 4 1 
44868|Survivor|1|Mutated: 4649 1287 505 206 88 43 19 10 4 1 
44904|Child_CrossABC2|8: 4025 1386 524 203 97 54 19 10 4 1 
44911|Child_CrossABC1|1: 3849 1350 465 209 98 55 19 10 4 1 
44952|Child_CrossABC1|1|Mutated: 3985 1367 588 251 111 66 27 10 4 1 
44955|Survivor|1|Mutated: 3985 1299 577 251 111 66 27 10 4 1 
45006|Survivor|1: 3909 1330 491 199 102 48 20 9 4 1 
45022|Child_Avg|7: 4154 1649 485 254 123 59 20 9 4 1 
45108|Child_Cross21|10: 3479 1480 589 257 99 57 23 10 4 1 
45135|Child_CrossABC1|1: 3844 1270 496 243 112 57 23 10 4 1 
45158|Survivor|1|Mutated: 3844 1136 496 243 112 57 23 10 4 1 
45226|Survivor|1: 3203 1244 470 207 89 55 24 9 4 1 
45387|Child_Cross21|22: 3922 1432 699 245 99 53 24 9 4 1 
45427|Child_CrossABC2|2: 3850 1230 487 204 93 45 20 9 4 1 
45428|Child_CrossABC1|7: 4075 1457 553 232 98 43 20 9 4 1 
45490|Child_Cross21|26: 8222 3931 1198 533 259 134 59 21 10 4 1 
45497|Child_Cross21|34: 5098 1659 566 263 133 59 21 10 4 1 
45500|Survivor|1: 4317 1271 473 234 125 59 21 10 4 1 
45501|Child_Cross21|30: 4245 1658 577 221 109 55 20 9 4 1 
45517|Child_Cross12|13: 4215 1275 509 221 92 54 20 9 4 1 
45599|Survivor|1: 3861 1454 570 208 92 59 20 9 4 1 
45629|Child_CrossABC1|7: 3867 1460 521 220 84 59 20 9 4 1 
45638|Survivor|1: 4115 1489 512 224 119 57 23 10 4 1 
45649|Survivor|1: 4024 1487 488 217 96 57 23 10 4 1 
45734|Child_Avg|19: 4223 1255 491 211 84 50 20 9 4 1 
45828|Child_Avg|27: 5450 2015 835 283 150 64 29 9 4 1 
45837|Survivor|1: 5450 2015 835 315 176 64 29 9 4 1 
45838|Child_Cross21|54: 3662 1375 564 258 123 56 24 9 4 1 
45843|Child_Cross21|38: 3033 1121 499 230 117 56 24 9 4 1 
45845|Child_Avg|23: 3307 1402 549 248 116 61 24 9 4 1 
45849|Child_Cross21|50: 4260 1574 732 309 108 61 24 9 4 1 
45852|Child_Avg|59: 3832 1441 587 270 117 61 24 9 4 1 
45854|Child_Cross21|30: 3048 1402 549 248 116 61 24 9 4 1 
45855|Child_Avg|55: 3938 1385 575 257 114 59 24 9 4 1 
45858|Child_Cross12|33: 3646 1466 681 266 114 61 24 9 4 1 
45859|Child_Cross21|58: 3365 1371 586 252 112 61 24 9 4 1 
45861|Child_Cross21|18: 3460 1440 593 261 108 61 24 9 4 1 
45866|Child_Cross12|5: 3582 1452 589 259 106 61 24 9 4 1 
45875|Child_CrossABC1|7: 3549 1292 561 256 105 61 24 9 4 1 
45884|Child_CrossABC1|7: 3457 1373 553 253 102 62 24 9 4 1 
45888|Child_CrossABC1|7: 3457 1373 553 253 102 64 24 9 4 1 
45895|Survivor|1: 3299 1299 537 249 95 55 24 9 4 1 
45934|Child_Levy|28: 4377 1529 676 377 157 60 28 11 4 1 
45950|Child_CrossABC1|1: 2935 1099 526 239 99 57 23 10 4 1 
45952|Survivor|1: 3514 1163 549 238 95 57 23 10 4 1 
45954|Child_CrossABC2|8: 3626 1172 553 241 95 57 23 10 4 1 
45969|Survivor|1|Mutated: 3903 1278 499 226 98 57 23 10 4 1 
45999|Child_Avg|7: 3755 1183 512 220 107 57 23 10 4 1 
46124|Survivor|1: 5297 1499 578 238 113 59 29 9 4 1 
46212|Survivor|1: 3776 1127 494 209 88 46 20 9 4 1 
46369|Survivor|1: 6214 1385 621 220 109 52 24 9 4 1 
46392|Child_CrossABC1|1: 5780 1535 576 240 101 52 24 9 4 1 
46405|Child_CrossABC2|8: 4537 1349 482 221 103 51 23 10 4 1 
46620|Child_CrossABC1|1: 3664 1358 523 198 93 52 24 9 4 1 
46763|Survivor|1: 2943 1199 448 207 92 59 20 9 4 1 
46786|Child_Cross12|45: 4006 1213 466 207 83 29 10 4 1 
46899|Child_Cross21|50: 5763 1591 642 276 99 53 24 9 4 1 
46902|Child_Avg|47: 4602 1272 530 241 99 54 23 10 4 1 
46906|Survivor|1: 5182 1431 586 258 99 56 24 9 4 1 
46911|Child_Cross21|6: 4769 1346 556 248 99 56 24 9 4 1 
46964|Survivor|1: 4665 1314 573 234 89 55 24 9 4 1 
47078|Survivor|1: 3655 1096 477 205 93 59 24 9 4 1 
47108|Survivor|1: 3607 1118 458 231 93 55 23 10 4 1 
47124|Survivor|1: 3598 1122 497 202 91 47 21 10 4 1 
47126|Child_CrossABC2|8: 3607 1123 496 204 94 46 21 10 4 1 
47150|Child_Avg|7: 3738 1134 487 214 85 46 21 10 4 1 
47176|Child_Cross12|9: 4283 1369 645 305 137 67 23 10 4 1 
47182|Child_CrossABC2|2: 4633 1721 637 303 118 60 23 10 4 1 
47192|Child_CrossABC1|7: 4557 1705 568 295 108 60 23 10 4 1 
47195|Child_Avg|15: 3695 1394 546 248 113 58 23 10 4 1 
47197|Child_Cross21|26: 4094 1499 550 239 107 58 23 10 4 1 
47198|Child_Avg|59: 4205 1600 567 272 107 57 23 10 4 1 
47199|Child_Avg|7: 4080 1463 581 268 108 58 23 10 4 1 
47200|Child_Cross21|38: 3968 1551 554 275 106 57 23 10 4 1 
47208|Survivor|1: 4173 1604 582 288 105 56 24 11 5 1 
47213|Child_Avg|11: 4005 1480 583 274 107 57 23 10 4 1 
47242|Child_CrossABC1|7: 4047 1474 584 263 98 57 23 10 4 1 
47245|Survivor|1|Mutated: 3875 1269 584 263 98 57 23 10 4 1 
47247|Survivor|1: 3991 1456 549 258 98 57 23 10 4 1 
47250|Child_CrossABC2|8: 4048 1456 549 258 98 57 23 10 4 1 
47259|Child_Cross21|2: 3882 1446 543 248 84 49 24 9 4 1 
47296|Child_Avg|35: 5078 1813 714 262 121 58 23 10 4 1 
47309|Survivor|1: 3766 1444 532 230 102 55 23 10 4 1 
47345|Child_Cross12|9: 3174 1220 494 209 94 54 23 10 4 1 
47496|Survivor|1: 4938 1659 613 215 132 57 21 10 4 1 
47501|Child_Cross21|54: 4747 1678 589 224 118 57 21 10 4 1 
47514|Child_Avg|27: 4102 1651 595 217 106 57 21 10 4 1 
47515|Child_CrossABC1|7: 4681 1702 594 230 128 57 21 10 4 1 
47518|Child_Cross21|58: 4159 1607 587 220 111 57 21 10 4 1 
47519|Child_Avg|11: 3906 1627 590 212 112 57 21 10 4 1 
47524|Child_Avg|47|Mutated: 3901 1565 567 210 118 57 21 10 4 1 
47540|Child_Cross21|42|Mutated: 3867 1348 678 265 123 57 21 10 4 1 
47550|Survivor|1|Mutated: 3867 1565 678 265 123 57 21 10 4 1 
47565|Child_Avg|39: 3613 1417 603 251 111 57 21 10 4 1 
47588|Survivor|1: 2851 1130 465 218 87 60 21 10 4 1 
47696|Child_LevyP1|9: 3758 1204 554 263 112 71 24 11 4 1 
47703|Survivor|1: 4226 1207 567 309 112 71 24 11 4 1 
47773|Child_CrossABC1|7: 4164 1310 579 230 101 57 20 9 4 1 
47792|Child_CrossABC1|1: 3842 1368 557 220 107 58 21 10 4 1 
47799|Survivor|1: 3842 1319 545 219 90 57 20 9 4 1 
47802|Child_Cross21|18: 4036 1209 536 215 90 57 20 9 4 1 
47804|Survivor|1|Mutated: 4036 1209 549 215 90 57 20 9 4 1 
47814|Survivor|1: 3830 1228 534 230 83 57 20 9 4 1 
47853|Child_CrossABC1|1: 4031 1192 526 275 129 52 24 9 4 1 
47861|Survivor|1|Mutated: 4031 1192 526 323 129 52 24 9 4 1 
47888|Child_Cross12|1: 3989 1245 523 292 109 52 24 9 4 1 
47892|Child_Cross21|6: 4039 1175 548 288 114 53 24 9 4 1 
47901|Survivor|1: 4088 1274 517 279 99 53 24 9 4 1 
47913|Child_Cross12|57: 4829 1594 820 307 135 67 23 10 4 1 
47919|Child_Avg|55: 4311 1373 682 269 124 64 23 10 4 1 
47920|Child_Levy|32: 4734 1503 715 277 126 65 24 9 4 1 
47930|Child_LevyP1|9: 4486 1362 626 257 122 64 24 9 4 1 
47954|Child_Cross12|45|Mutated: 4169 1532 636 276 118 65 24 9 4 1 
47956|Survivor|1: 4169 1532 636 276 118 77 24 9 4 1 
47957|Child_Cross12|9: 4253 1674 637 278 113 64 24 9 4 1 
47964|Survivor|1: 4264 1605 655 283 111 64 24 9 4 1 
47965|Child_Cross21|42: 4306 1596 632 284 111 70 23 10 4 1 
47990|Child_Avg|27: 4505 1637 541 246 101 56 27 10 4 1 
47993|Child_Cross12|17: 3619 1307 592 242 95 60 23 10 4 1 
48015|Child_CrossABC1|1: 3526 1326 591 243 91 51 23 10 4 1 
48044|Child_Levy|52: 4020 1228 511 275 126 59 24 9 4 1 
48051|Child_CrossABC2|2: 4216 1230 509 261 126 59 24 9 4 1 
48096|Survivor|1: 4626 1592 659 271 129 80 24 9 4 1 
48125|Survivor|1: 3860 1342 542 218 97 43 20 7 3 1 
48127|Child_Levy|16: 3734 1321 486 208 97 50 21 10 4 1 
48137|Survivor|1: 3832 1343 536 218 94 43 20 7 3 1 
48139|Child_CrossABC2|2: 3827 1257 536 218 94 43 20 7 3 1 
48144|Survivor|1: 4292 1308 530 221 91 43 20 7 3 1 
48214|Survivor|1: 3611 1091 537 197 94 44 20 9 4 1 
48225|Child_Avg|47|Mutated: 4059 1128 519 197 91 52 20 9 4 1 
48300|Child_Avg|35: 3576 1200 539 223 111 54 20 9 4 1 
48306|Child_Levy|8: 3596 1222 541 217 106 57 21 10 4 1 
48310|Survivor|1: 3596 1318 582 217 124 65 21 10 4 1 
48311|Child_Levy|16: 3747 1396 550 218 93 48 20 9 4 1 
48316|Child_CrossABC1|1: 3777 1394 532 217 102 48 20 9 4 1 
48325|Survivor|1: 3607 1345 523 213 94 48 20 9 4 1 
48330|Child_CrossABC2|2: 3549 1346 513 223 105 48 20 9 4 1 
48337|Child_Avg|55: 3610 1374 509 216 103 48 20 9 4 1 
48376|Child_CrossABC2|2: 3510 1412 571 263 121 56 24 9 4 1 
48396|Child_CrossABC1|7: 3454 1361 507 251 102 56 24 9 4 1 
48398|Child_Avg|59: 3642 1249 502 224 99 55 24 9 4 1 
48412|Survivor|1: 3648 1325 536 233 111 58 24 9 4 1 
48415|Child_CrossABC1|7: 3648 1325 536 233 114 58 24 9 4 1 
48416|Child_CrossABC2|2: 3648 1325 536 233 115 58 24 9 4 1 
48432|Child_CrossABC1|1: 3649 1373 552 227 117 58 24 9 4 1 
48437|Child_Avg|55: 4127 1394 575 224 108 60 23 10 4 1 
48441|Child_Cross12|49: 4400 1422 589 224 108 60 23 10 4 1 
48444|Survivor|1|Mutated: 4400 1583 634 224 108 48 23 10 4 1 
48448|Child_Cross21|18: 3810 1207 514 217 93 58 21 10 4 1 
48455|Child_Cross21|54: 3810 1207 514 217 93 54 20 9 4 1 
48476|Survivor|1: 3630 1173 486 225 88 47 24 9 4 1 
48525|Child_LevyP2|10: 3548 1160 481 225 101 61 24 9 4 1 
48672|Child_CrossABC2|2: 6120 1691 715 307 121 68 27 10 4 1 
48699|Survivor|1: 4168 1171 557 243 117 65 27 10 4 1 
48709|Survivor|1: 4492 1301 547 227 111 45 27 10 4 1 
48711|Child_Cross12|33: 5893 1500 653 239 102 56 24 9 4 1 
48799|Child_Cross12|13: 4170 1193 495 209 104 46 24 9 4 1 
48805|Child_CrossABC1|7: 4169 1213 547 204 98 55 24 9 4 1 
48821|Child_Avg|7: 3960 1216 538 207 89 55 24 9 4 1 
48822|Child_Cross12|13: 4070 1155 531 210 89 55 24 9 4 1 
48823|Child_CrossABC2|2: 4008 1213 537 210 89 55 24 9 4 1 
48826|Child_Avg|35: 4007 1189 536 210 89 55 24 9 4 1 
48828|Child_CrossABC2|8: 4011 1191 533 210 89 55 24 9 4 1 
48832|Child_CrossABC1|7: 4050 1255 543 204 99 55 24 9 4 1 
48839|Child_CrossABC1|7: 3670 1258 542 207 102 55 24 9 4 1 
48847|Child_CrossABC1|7: 3910 1285 542 219 111 55 24 9 4 1 
48960|Survivor|1: 3156 1163 444 196 82 43 20 9 4 1 
49076|Child_Cross12|45: 4135 1163 476 218 101 58 24 9 4 1 
49084|Survivor|1: 4135 1187 511 211 103 58 24 9 4 1 
49089|Survivor|1: 3907 1259 529 220 95 58 24 9 4 1 
49228|Child_Cross12|21: 4073 1247 501 229 95 58 24 9 4 1 
49239|Child_Avg|31: 3983 1247 499 229 93 58 24 9 4 1 
49248|Survivor|1: 4038 1211 504 227 87 55 20 9 4 1 
49475|Survivor|1: 3956 1325 596 245 102 70 24 9 4 1 
49488|Survivor|1: 3668 1357 564 244 101 70 24 9 4 1 
49503|Survivor|1: 3791 1357 564 244 101 70 24 9 4 1 
49512|Child_Cross21|42: 3815 1361 564 243 101 67 24 9 4 1 
49574|Survivor|1: 7170 1619 590 297 119 49 23 8 3 1 
49581|Child_Levy|20: 4227 1225 536 238 97 55 23 10 4 1 
49615|Child_Cross21|50: 4079 1137 475 213 86 54 20 9 4 1 
49632|Child_CrossABC1|7|Mutated: 3960 1129 455 208 93 53 19 10 4 1 
49641|Child_CrossABC2|8: 3993 1130 454 209 94 53 19 10 4 1 
49651|Survivor|1|Mutated: 3770 1098 451 205 83 52 19 10 4 1 
49730|Child_Cross21|34: 3982 1162 497 216 107 47 24 9 4 1 
49732|Survivor|1: 3982 1371 497 216 107 47 24 9 4 1 
49739|Survivor|1: 3659 1182 472 193 103 50 24 9 4 1 
49796|Child_CrossABC1|7|Mutated: 3656 1341 502 229 115 60 21 10 4 1 
49800|Child_Cross12|49: 3741 1402 508 221 103 57 20 9 4 1 
49816|Child_Avg|7: 4224 2255 805 358 137 64 24 9 4 1 
49837|Child_Avg|3|Mutated: 4071 1640 658 294 119 68 24 9 4 1 
49840|Survivor|1: 4071 1640 658 294 119 67 24 9 4 1 
49841|Child_Cross21|2: 4094 1686 656 297 116 67 24 9 4 1 
49844|Child_Levy|32: 3940 1638 650 311 118 64 24 9 4 1 
49845|Child_Cross12|45: 3942 1359 628 277 113 67 24 9 4 1 
49848|Child_Avg|27: 3589 1353 621 269 114 64 24 9 4 1 
49851|Child_Cross21|50: 4032 1484 572 255 114 64 24 9 4 1 
49855|Child_Avg|51: 3858 1513 603 285 107 64 24 9 4 1 
49880|Child_CrossABC2|8: 4111 1438 599 265 114 64 24 9 4 1 
49884|Child_Avg|27: 4029 1471 596 290 107 64 24 9 4 1 
49891|Child_Cross12|29: 3786 1473 597 283 98 64 24 9 4 1 
49893|Child_Cross12|57: 4145 1485 630 287 98 64 24 9 4 1 
49894|Child_CrossABC2|8: 3753 1594 597 283 98 64 24 9 4 1 
49908|Child_CrossABC2|2: 4488 1511 600 277 107 64 24 9 4 1 
49913|Child_CrossABC1|7: 4886 1513 592 277 107 64 24 9 4 1 
49929|Child_Avg|51: 4402 1350 526 271 105 64 24 9 4 1 
49951|Child_Avg|27: 4182 1456 543 257 98 64 24 9 4 1 
49962|Survivor|1: 3812 1459 544 244 99 62 24 9 4 1 
49974|Child_CrossABC2|8: 3857 1347 536 253 106 62 24 9 4 1 
49977|Child_CrossABC2|2: 3923 1456 538 256 99 62 24 9 4 1 
49984|Child_Cross12|53: 3894 1388 513 253 94 62 24 9 4 1 
50032|Child_LevyABC1|5: 4165 1277 506 222 99 53 19 10 4 1 
50145|Child_Avg|11: 3684 1354 532 224 108 57 23 10 4 1 
50161|Survivor|1: 3914 1436 567 223 90 56 24 9 4 1 
50350|Child_CrossABC2|2: 3672 1336 503 225 92 55 21 10 4 1 
50354|Child_CrossABC1|7: 3717 1337 477 235 92 55 21 10 4 1 
50362|Child_Avg|19: 3859 1346 511 234 91 55 21 10 4 1 
50370|Child_Avg|51: 3483 1195 519 230 91 55 21 10 4 1 
50398|Child_CrossABC1|7: 3882 1468 557 226 107 55 24 9 4 1 
50407|Child_CrossABC2|8: 3872 1429 550 235 106 55 24 9 4 1 
50410|Child_CrossABC1|1: 3864 1483 554 223 104 55 24 9 4 1 
50422|Child_CrossABC2|2: 3736 1348 537 224 102 55 24 9 4 1 
50427|Child_CrossABC2|2: 3798 1360 520 229 107 55 24 9 4 1 
50430|Child_Cross21|42: 3913 1433 533 226 95 55 24 9 4 1 
50431|Child_Avg|39: 3850 1396 525 227 99 55 24 9 4 1 
50435|Child_CrossABC2|2: 3779 1356 490 241 108 55 24 9 4 1 
50466|Survivor|1: 3974 1188 479 233 87 47 24 9 4 1 
50472|Survivor|1: 3264 1188 502 233 87 47 24 9 4 1 
50541|Child_Cross21|42: 4050 1282 606 223 88 46 20 9 4 1 
50542|Child_Cross21|54: 4026 1281 608 223 87 46 20 9 4 1 
50545|Child_CrossABC2|8: 4029 1281 606 223 87 46 20 9 4 1 
50553|Child_Cross12|5: 4025 1283 596 223 87 46 20 9 4 1 
50560|Child_Avg|27: 4024 1282 598 223 87 46 20 9 4 1 
50564|Child_CrossABC2|8|Mutated: 4026 1283 600 223 87 46 20 9 4 1 
50565|Child_Cross21|54: 4026 1281 588 223 87 46 20 9 4 1 
50573|Child_Cross21|50: 4026 1282 598 223 87 46 20 9 4 1 
50575|Child_Cross21|50: 4024 1283 596 223 87 46 20 9 4 1 
50577|Child_Cross12|45: 4026 1282 594 223 87 46 20 9 4 1 
50580|Child_Cross21|58: 4014 1282 598 223 87 46 20 9 4 1 
50584|Child_Cross21|42: 4025 1282 589 223 87 46 20 9 4 1 
50586|Child_Cross21|42: 3502 1283 596 223 87 46 20 9 4 1 
50587|Child_Cross21|30: 4027 1281 595 223 87 46 20 9 4 1 
50592|Child_Cross12|37: 4008 1282 598 223 87 46 20 9 4 1 
50593|Child_Cross12|37|Mutated: 4033 1282 594 223 87 46 20 9 4 1 
50595|Child_Cross21|22: 4066 1282 598 223 87 46 20 9 4 1 
50596|Child_Cross12|45: 4029 1282 598 223 87 46 20 9 4 1 
50598|Child_Avg|39: 4017 1282 598 223 87 46 20 9 4 1 
50599|Child_Cross12|1: 3969 1282 598 223 87 46 20 9 4 1 
50600|Child_Cross12|33: 4076 1282 598 223 87 46 20 9 4 1 
50602|Child_Cross12|13: 4061 1282 598 223 87 46 20 9 4 1 
50603|Child_Cross21|42: 4018 1252 598 223 87 46 20 9 4 1 
50604|Child_Cross21|46: 4111 1282 598 223 87 46 20 9 4 1 
50605|Child_Cross12|37: 4007 1282 598 223 87 46 20 9 4 1 
50606|Child_Avg|23: 4088 1282 598 223 87 46 20 9 4 1 
50607|Child_Avg|31: 4077 1282 598 223 87 46 20 9 4 1 
50609|Child_Cross12|37: 4023 1282 598 223 87 46 20 9 4 1 
50610|Child_Cross12|5: 4078 1282 598 223 87 46 20 9 4 1 
50611|Child_Cross21|42: 4055 1282 598 223 87 46 20 9 4 1 
50612|Child_Cross21|14: 4056 1282 598 223 87 46 20 9 4 1 
50613|Child_Cross12|29: 4045 1282 598 223 87 46 20 9 4 1 
50615|Child_Cross12|37: 4050 1282 598 223 87 46 20 9 4 1 
50617|Child_Cross12|37: 4067 1282 598 223 87 46 20 9 4 1 
50621|Child_Avg|27: 4082 1282 598 223 87 46 20 9 4 1 
50629|Child_Cross12|17: 4072 1282 598 223 87 46 20 9 4 1 
50633|Child_Avg|35: 4073 1282 598 223 87 46 20 9 4 1 
50645|Child_Avg|7: 4116 1282 598 223 87 46 20 9 4 1 
50646|Child_Cross21|42|Mutated: 3920 1282 598 223 87 46 20 9 4 1 
50649|Child_Cross21|42: 4076 1282 560 223 87 46 20 9 4 1 
50651|Child_Avg|43: 4071 1282 598 223 87 46 20 9 4 1 
50664|Child_CrossABC2|8: 4094 1282 598 223 87 46 20 9 4 1 
50667|Child_Cross12|13: 4093 1282 598 223 87 46 20 9 4 1 
50670|Child_Cross21|46: 4057 1282 598 223 87 46 20 9 4 1 
50692|Child_Cross21|54: 4062 1282 598 223 87 46 20 9 4 1 
50704|Child_Cross21|6: 4065 1282 598 223 87 46 20 9 4 1 
50711|Child_CrossABC1|7: 4086 1282 598 223 87 46 20 9 4 1 
50730|Child_Avg|43: 4052 1282 598 223 87 46 20 9 4 1 
50732|Child_Avg|51: 4051 1282 598 223 87 46 20 9 4 1 
50736|Child_Cross12|33: 4040 1282 598 223 87 46 20 9 4 1 
50751|Child_Avg|39: 4051 1282 598 223 94 46 20 9 4 1 
50760|Child_Cross12|33: 4159 1282 598 223 87 46 20 9 4 1 
50767|Child_Cross21|54: 4109 1282 598 223 87 46 20 9 4 1 
50814|Child_Avg|31: 4864 1499 668 282 114 67 24 9 4 1 
50823|Child_CrossABC1|7: 4431 1499 650 279 108 59 24 9 4 1 
50844|Child_Avg|27: 4580 1549 603 270 102 58 23 8 3 1 
50859|Survivor|1: 4067 1332 552 237 88 59 24 9 4 1 
50933|Child_Cross12|17: 3196 1207 515 220 101 67 21 10 4 1 
50936|Survivor|1: 3559 1226 517 244 102 66 21 10 4 1 
50938|Child_CrossABC1|7: 3516 1202 512 247 103 66 21 10 4 1 
50943|Child_Levy|48: 3393 1205 536 234 99 59 24 9 4 1 
51032|Survivor|1: 3835 1066 457 211 97 54 23 10 4 1 
51054|Child_Cross21|30: 5781 1993 938 362 141 60 23 10 4 1 
51074|Child_Avg|35: 3251 1208 511 204 99 57 23 10 4 1 
51077|Child_Cross12|29: 3770 1202 472 199 98 57 23 10 4 1 
51129|Child_Cross12|49: 4625 1639 590 232 107 55 24 9 4 1 
51163|Child_Avg|55: 4148 1346 644 275 112 59 24 9 4 1 
51166|Child_Cross21|42: 4274 1503 672 275 108 67 24 9 4 1 
51167|Child_Cross21|14: 4193 1461 598 273 108 62 24 9 4 1 
51170|Child_CrossABC1|1: 4074 1458 523 275 108 58 24 9 4 1 
51187|Child_CrossABC1|7: 4074 1456 555 273 108 61 24 9 4 1 
51189|Survivor|1: 4074 1547 555 273 110 52 24 9 4 1 
51192|Child_CrossABC1|1: 4248 1505 528 268 109 52 24 9 4 1 
51212|Survivor|1: 3989 1381 514 252 89 55 24 9 4 1 
51265|Survivor|1: 3527 1129 482 253 85 46 21 10 4 1 
51379|Survivor|1: 5681 1641 684 254 118 45 20 9 4 1 
51384|Child_Cross21|34: 4096 1484 583 250 124 71 24 9 4 1 
51393|Survivor|1: 4469 1377 671 245 104 43 20 9 4 1 
51397|Child_Cross12|1: 4463 1373 672 245 104 43 20 9 4 1 
51401|Child_Cross12|17: 4241 1337 554 249 102 43 20 9 4 1 
51403|Child_Cross21|54: 4043 1297 514 238 102 43 20 9 4 1 
51424|Child_Cross12|37: 4050 1298 510 249 101 43 20 9 4 1 
51428|Child_Cross12|9: 4041 1298 510 244 101 43 20 9 4 1 
51430|Child_Cross12|49: 4259 1313 515 242 102 43 20 9 4 1 
51433|Child_Cross21|58: 4113 1303 539 230 99 43 20 9 4 1 
51435|Child_CrossABC1|1: 4124 1382 552 228 101 43 20 9 4 1 
51449|Child_Avg|39: 4098 1335 538 243 96 43 20 9 4 1 
51470|Survivor|1|Mutated: 4513 1335 538 243 98 43 20 9 4 1 
51494|Child_CrossABC1|7: 3063 1213 486 219 84 43 20 9 4 1 
51499|Child_Cross12|21: 3063 1214 486 219 84 43 19 10 4 1 
51516|Child_Cross12|53: 3043 1213 483 218 83 43 19 10 4 1 
51522|Child_Cross21|58: 2962 1200 477 218 83 43 19 10 4 1 
51526|Child_Avg|7: 3040 1211 480 218 83 43 19 10 4 1 
51532|Child_Cross21|30: 3047 1211 480 218 83 43 19 10 4 1 
51534|Survivor|1: 3052 1211 480 218 83 43 19 10 4 1 
51535|Child_Cross12|25: 3005 1210 480 218 83 43 19 10 4 1 
51537|Child_Avg|43: 3037 1210 480 218 83 43 19 10 4 1 
51538|Child_Avg|3: 3045 1210 480 218 83 43 19 10 4 1 
51540|Child_Avg|47: 3048 1213 480 218 83 43 19 10 4 1 
51542|Child_Cross21|6: 3053 1211 480 218 83 43 19 10 4 1 
51543|Child_Cross12|1: 3061 1207 480 218 83 43 19 10 4 1 
51544|Child_Cross12|49: 3056 1210 480 218 83 43 19 10 4 1 
51545|Child_Cross21|22: 3049 1211 480 218 83 43 19 10 4 1 
51546|Child_Cross21|10: 3036 1211 480 218 83 43 19 10 4 1 
51555|Child_Avg|3: 3049 1210 480 218 83 43 19 10 4 1 
51558|Child_Cross21|46: 3041 1211 480 218 83 43 19 10 4 1 
51565|Child_Avg|11: 3046 1211 480 218 83 43 19 10 4 1 
51578|Child_Cross21|46: 3050 1197 480 218 83 43 19 10 4 1 
51580|Child_Cross21|10: 3075 1203 480 218 83 43 19 10 4 1 
51581|Child_Avg|3: 3045 1198 480 218 83 43 19 10 4 1 
51582|Child_Avg|27: 3055 1197 480 218 83 43 19 10 4 1 
51583|Child_Cross12|13: 3046 1195 480 218 83 43 19 10 4 1 
51584|Child_Avg|15: 3052 1195 480 218 83 43 19 10 4 1 
51586|Child_Avg|3: 3049 1193 480 218 83 43 19 10 4 1 
51588|Child_Cross21|26: 3049 1203 480 218 83 43 19 10 4 1 
51593|Child_Cross12|37: 3046 1202 480 218 83 43 19 10 4 1 
51594|Child_Cross12|41: 3050 1203 480 218 83 43 19 10 4 1 
51598|Child_Cross21|2: 3049 1190 480 218 83 43 19 10 4 1 
51599|Child_Cross12|25: 3049 1202 480 218 83 43 19 10 4 1 
51600|Child_Avg|15: 3048 1198 480 218 83 43 19 10 4 1 
51605|Child_Cross21|2: 3049 1198 480 218 83 43 19 10 4 1 
51606|Child_Cross12|25: 3050 1203 480 205 83 43 19 10 4 1 
51620|Child_Cross21|30: 3048 1213 511 218 83 43 19 10 4 1 
51626|Child_Avg|23: 3048 1202 480 218 83 43 19 10 4 1 
51632|Child_Cross21|6: 3049 1149 480 218 83 43 19 10 4 1 
51633|Child_CrossABC1|1: 3051 1114 480 218 83 43 19 10 4 1 
51641|Child_Cross12|5: 3048 1154 480 218 83 43 19 10 4 1 
51645|Child_Cross12|41: 3048 1161 480 218 83 43 19 10 4 1 
51650|Child_Cross12|33: 3048 1158 480 218 83 43 19 10 4 1 
51658|Child_Cross12|41: 3049 1207 480 218 83 43 19 10 4 1 
51665|Child_Cross21|18: 3049 1192 480 218 83 43 19 10 4 1 
51670|Child_Cross21|30: 3101 1210 480 218 83 43 19 10 4 1 
51672|Child_Cross12|9: 3131 1148 480 218 83 43 19 10 4 1 
51674|Child_Cross21|42: 3144 1167 480 218 83 43 19 10 4 1 
51676|Child_Cross12|57: 3049 1164 480 218 83 43 19 10 4 1 
51678|Child_Cross21|34: 3134 1151 480 218 83 43 19 10 4 1 
51684|Child_Avg|47: 3095 1158 480 218 83 43 19 10 4 1 
51687|Child_Avg|27: 3114 1161 480 218 83 43 19 10 4 1 
51689|Child_Cross21|22: 3049 1161 480 218 83 43 19 10 4 1 
51691|Child_Cross21|18: 3085 1153 480 218 83 43 19 10 4 1 
51692|Child_Cross21|22: 3135 1146 480 218 83 43 19 10 4 1 
51693|Child_Cross21|50: 3067 1158 480 218 83 43 19 10 4 1 
51701|Child_CrossABC1|7: 3096 1146 480 218 83 43 19 10 4 1 
51704|Child_Cross12|53: 3124 1153 480 218 83 43 19 10 4 1 
51705|Child_Cross12|57: 3075 1158 480 218 83 43 19 10 4 1 
51707|Child_Cross12|1: 3099 1158 480 218 83 43 19 10 4 1 
51709|Child_Cross21|6: 3090 1159 480 218 83 43 19 10 4 1 
51712|Child_Cross21|54: 3092 1158 480 218 83 43 19 10 4 1 
51713|Child_Cross21|26: 3087 1158 480 218 83 43 19 10 4 1 
51718|Child_Cross21|42: 3076 1158 480 218 83 43 19 10 4 1 
51721|Child_Cross21|26: 3083 1158 480 218 83 43 19 10 4 1 
51727|Child_Avg|43: 3088 1158 480 218 83 43 19 10 4 1 
51738|Child_Cross21|30: 3079 1158 480 218 83 43 19 10 4 1 
51739|Child_Cross12|37: 3642 1158 480 218 83 43 19 10 4 1 
51740|Child_Cross21|10: 2996 1158 480 218 83 43 19 10 4 1 
51741|Child_Cross21|58: 3080 1158 480 218 83 43 19 10 4 1 
51742|Child_Cross12|25|Mutated: 3127 1158 480 218 83 43 19 10 4 1 
51746|Child_Cross12|49: 3128 1151 480 218 83 43 19 10 4 1 
51748|Child_Cross12|9: 3650 1158 480 218 83 43 19 10 4 1 
51754|Child_Avg|55: 3072 1158 480 218 83 43 19 10 4 1 
51759|Child_Cross12|13: 3063 1158 480 218 83 43 19 10 4 1 
51762|Child_Cross12|41: 3575 1158 480 218 83 43 19 10 4 1 
51765|Child_Cross21|30: 3055 1158 480 218 83 43 19 10 4 1 
51766|Child_Cross21|2: 3107 1158 480 218 83 43 19 10 4 1 
51767|Child_Cross21|34: 3012 1158 480 218 83 43 19 10 4 1 
51769|Child_Avg|27: 3049 1158 480 218 83 43 19 10 4 1 
51772|Child_CrossABC1|7: 3041 1158 480 218 83 43 19 10 4 1 
51773|Child_Cross21|58: 3114 1158 480 218 83 43 19 10 4 1 
51778|Child_Cross21|14: 3100 1158 480 218 83 43 19 10 4 1 
51779|Child_Cross21|54: 3056 1158 480 218 83 43 19 10 4 1 
51800|Child_Cross21|58: 3030 1158 480 218 83 43 19 10 4 1 
51805|Child_Cross12|29: 3115 1158 480 218 83 43 19 10 4 1 
51808|Child_Cross12|57: 3088 1161 480 218 83 43 19 10 4 1 
51822|Child_Cross21|42: 3096 1158 480 218 83 43 19 10 4 1 
51830|Child_Avg|7: 3094 1158 480 218 83 43 19 10 4 1 
51832|Child_CrossABC1|1: 3132 1158 480 218 83 43 19 10 4 1 
51834|Child_Cross12|5: 3112 1158 480 218 83 43 19 10 4 1 
51845|Child_Cross21|42: 3111 1158 480 218 83 43 19 10 4 1 
51847|Child_Cross12|33: 3119 1158 480 218 83 43 19 10 4 1 
51876|Child_Cross21|18: 2822 1158 480 218 83 43 19 10 4 1 
51878|Child_CrossABC2|2: 3106 1158 480 218 83 43 19 10 4 1 
51885|Child_Cross12|57: 3175 1158 480 218 83 43 19 10 4 1 
51910|Child_Cross12|21: 3089 1159 480 218 83 43 19 10 4 1 
51919|Child_Cross12|25: 3044 1158 480 218 83 43 19 10 4 1 
51929|Child_Cross12|41: 3060 1158 480 218 83 43 19 10 4 1 
51932|Child_Cross12|25: 3043 1158 480 218 83 43 19 10 4 1 
51936|Child_Cross12|21: 3074 1158 480 218 83 43 19 10 4 1 
52103|Survivor|1: 7523 1890 672 320 131 61 23 10 4 1 
52105|Child_LevyP2|10: 6839 1889 675 327 130 62 24 11 5 1 
52107|Child_CrossABC1|1: 6117 1769 738 324 127 62 24 11 5 1 
52111|Child_Avg|31: 5853 1742 733 304 126 61 23 10 4 1 
52117|Child_Avg|27: 4219 1481 510 240 111 61 23 10 4 1 
52119|Child_Cross21|26: 4904 1501 515 258 111 61 23 10 4 1 
52124|Child_Cross21|18: 5052 1488 515 262 111 61 23 10 4 1 
52126|Child_Avg|39: 4676 1457 539 245 108 60 23 10 4 1 
52130|Child_CrossABC1|7: 4754 1477 531 251 108 61 23 10 4 1 
52131|Child_CrossABC1|1: 4760 1508 528 255 111 61 23 10 4 1 
52150|Survivor|1: 4548 1405 506 240 93 61 23 10 4 1 
52151|Child_CrossABC2|8: 4421 1405 580 260 93 61 23 10 4 1 
52155|Child_Cross12|49: 4303 1376 525 242 90 61 23 10 4 1 
52199|Child_Cross21|30: 3915 1461 557 240 104 55 20 9 4 1 
52203|Child_CrossABC1|1: 3915 1461 557 240 104 55 21 10 4 1 
52216|Child_Cross12|17: 3834 1554 622 277 93 54 20 9 4 1 
52217|Child_Avg|43: 3781 1343 525 233 95 54 20 9 4 1 
52222|Child_CrossABC1|1: 3812 1334 559 256 89 54 20 9 4 1 
52233|Survivor|1: 3702 1338 519 230 88 51 19 10 4 1 
52286|Survivor|1: 3916 1393 529 242 81 51 19 10 4 1 
52330|Child_Avg|31: 3551 1360 569 228 93 60 19 10 4 1 
52334|Child_CrossABC1|1: 3558 1328 572 231 93 60 19 10 4 1 
52336|Survivor|1: 3472 1308 535 239 92 60 19 10 4 1 
52341|Child_Avg|7: 3555 1310 569 228 92 61 19 10 4 1 
52370|Child_CrossABC2|8: 3530 1274 557 236 83 60 19 10 4 1 
52608|Survivor|1: 2958 1114 442 194 69 30 11 5 1 
52701|Survivor|1: 3781 1465 596 227 113 55 24 9 4 1 
52717|Child_Avg|23: 3828 1255 533 219 90 50 24 9 4 1 
52781|Survivor|1: 3199 1105 418 191 69 28 11 4 1 
52836|Child_Avg|15: 3553 1211 529 205 88 53 19 10 4 1 
52852|Child_Cross12|33|Mutated: 4602 1691 652 343 143 54 28 11 4 1 
52862|Child_Levy|60: 4968 1654 626 285 133 59 24 9 4 1 
52864|Child_Cross21|46: 3478 1567 570 266 119 59 24 9 4 1 
52899|Survivor|1: 3092 1342 495 231 91 59 24 9 4 1 
52973|Survivor|1: 3968 1173 475 211 90 50 24 9 4 1 
52984|Survivor|1: 3889 1174 479 212 88 47 24 9 4 1 
52997|Child_Cross21|18: 4045 1153 464 201 90 50 24 9 4 1 
53138|Survivor|1: 4179 1445 525 232 99 59 24 9 4 1 
53150|Child_Cross21|18: 4475 1341 526 238 95 57 23 10 4 1 
53156|Child_CrossABC1|1: 4476 1346 527 245 95 57 23 10 4 1 
53169|Survivor|1|Mutated: 4476 1346 527 215 95 57 23 10 4 1 
53200|Survivor|1: 4010 1260 499 242 88 57 23 10 4 1 
53207|Child_CrossABC1|7|Mutated: 4003 1296 497 244 109 57 23 10 4 1 
53210|Child_CrossABC2|2: 4077 1310 492 241 129 57 23 10 4 1 
53211|Child_CrossABC1|7: 4063 1289 512 258 117 57 23 10 4 1 
53212|Child_CrossABC2|2: 4049 1287 525 272 118 57 23 10 4 1 
53217|Child_Cross21|30: 4025 1294 510 256 107 57 23 10 4 1 
53220|Survivor|1|Mutated: 4025 1303 510 251 107 57 23 10 4 1 
53222|Child_Cross21|18: 4063 1208 508 252 105 57 23 10 4 1 
53224|Child_CrossABC2|2: 4196 1210 517 253 112 57 23 10 4 1 
53231|Child_Cross21|6: 3998 1211 508 248 109 57 23 10 4 1 
53239|Child_CrossABC1|7: 3998 1238 498 250 109 57 23 10 4 1 
53255|Child_Avg|55: 4028 1367 490 218 102 57 21 10 4 1 
53264|Child_Cross12|25: 3996 1299 493 216 101 57 21 10 4 1 
53265|Child_Avg|23: 3677 1226 492 229 100 56 21 10 4 1 
53268|Child_Avg|31: 4040 1311 509 222 98 55 20 9 4 1 
53372|Child_CrossABC2|8: 3821 1172 465 224 106 55 23 10 4 1 
53384|Child_Cross21|6: 3814 1140 476 219 92 49 24 9 4 1 
53385|Child_CrossABC1|7: 3816 1123 486 216 96 52 23 10 4 1 
53394|Child_Levy|12: 6168 2021 735 393 138 52 24 9 4 1 
53400|Child_CrossABC2|8: 4181 1262 506 259 110 52 24 9 4 1 
53404|Survivor|1: 4143 1261 510 261 106 52 24 9 4 1 
53410|Survivor|1: 3794 1175 482 236 107 52 24 9 4 1 
53430|Survivor|1: 3866 1175 482 236 107 52 24 9 4 1 
53441|Child_CrossABC1|7: 3853 1218 481 235 116 52 24 9 4 1 
53455|Child_CrossABC2|8: 3857 1184 491 223 107 52 24 9 4 1 
