293|Survivor|1: 1138 339 157 59 24 9 4 1 
299|Survivor|1: 1133 330 137 58 24 9 4 1 
515|Survivor|1: 1081 374 156 57 23 10 4 1 
526|Survivor|1: 935 318 130 54 23 10 4 1 
817|Child_Cross21|38: 1175 376 132 59 24 9 4 1 
818|Child_CrossABC1|1: 1170 353 132 59 24 9 4 1 
847|Survivor|1: 1102 345 130 49 24 9 4 1 
1023|Survivor|1: 879 333 126 52 24 9 4 1 
1491|Survivor|1: 1061 355 138 58 24 9 4 1 
1690|Survivor|1: 924 348 133 55 24 9 4 1 
1695|Survivor|1: 917 320 135 52 24 9 4 1 
1705|Child_Cross21|38: 866 314 126 49 24 9 4 1 
1712|Child_Avg|47: 870 314 126 49 24 9 4 1 
1716|Child_Cross12|53: 869 314 126 49 24 9 4 1 
1725|Child_Cross12|25: 864 314 126 49 24 9 4 1 
1732|Survivor|1: 856 313 126 49 24 9 4 1 
1740|Child_Cross21|58: 853 314 126 49 24 9 4 1 
1741|Child_Cross21|30: 862 314 126 49 24 9 4 1 
1755|Child_Cross12|9: 856 314 126 49 24 9 4 1 
1769|Survivor|1: 860 313 126 49 24 9 4 1 
1777|Child_Cross21|30: 852 313 126 49 24 9 4 1 
1791|Child_Avg|11: 856 312 126 49 24 9 4 1 
1795|Survivor|1: 857 312 126 49 24 9 4 1 
1879|Survivor|1: 928 288 134 49 24 9 4 1 
2029|Survivor|1: 1128 425 148 54 23 10 4 1 
2672|Child_Cross12|49: 928 348 129 53 24 9 4 1 
2688|Child_CrossABC2|8: 863 319 129 50 24 9 4 1 
3113|Survivor|1: 862 302 122 47 24 9 4 1 
3167|Survivor|1: 1151 328 127 56 25 9 4 1 
3175|Survivor|1: 1118 333 129 55 24 9 4 1 
3435|Survivor|1: 853 312 126 49 24 9 4 1 
3807|Survivor|1|Mutated: 1150 354 141 55 27 10 4 1 
4424|Child_CrossABC2|2: 869 319 129 50 24 9 4 1 
5389|Child_Avg|19: 1192 363 141 64 24 9 4 1 
5772|Survivor|1: 1124 305 132 58 24 9 4 1 
6010|Survivor|1: 1077 319 150 62 24 9 4 1 
6913|Survivor|1: 1111 312 130 49 24 9 4 1 
7244|Child_Avg|23: 1175 347 132 62 24 9 4 1 
7958|Survivor|1: 949 375 142 55 24 9 4 1 
8000|Child_Cross21|14: 876 338 130 49 24 9 4 1 
8014|Child_Cross12|53: 875 329 130 49 24 9 4 1 
8052|Child_Avg|47|Mutated: 907 337 126 49 24 9 4 1 
8053|Child_Cross21|34: 912 337 130 49 24 9 4 1 
8126|Survivor|1: 963 338 130 49 24 9 4 1 
8161|Survivor|1: 940 345 130 49 24 9 4 1 
8390|Child_Avg|31: 1203 321 135 58 24 9 4 1 
9121|Survivor|1: 896 343 135 57 23 10 4 1 
9389|Survivor|1: 859 347 122 54 23 10 4 1 
9410|Survivor|1: 849 329 126 51 23 10 4 1 
9428|Survivor|1: 878 321 128 47 23 10 4 1 
10244|Survivor|1: 924 345 133 49 24 9 4 1 
10248|Survivor|1: 830 323 119 49 24 9 4 1 
10901|Survivor|1: 948 368 128 55 24 9 4 1 
11211|Child_CrossABC2|2: 1188 401 147 62 24 9 4 1 
11808|Survivor|1: 1037 309 122 52 24 9 4 1 
12515|Survivor|1: 1142 404 129 58 24 9 4 1 
13410|Survivor|1: 1095 315 142 58 24 9 4 1 
13724|Survivor|1: 1081 312 126 49 24 9 4 1 
14343|Survivor|1: 939 300 125 47 23 10 4 1 
14733|Child_Cross12|5: 1185 341 122 52 24 9 4 1 
14756|Survivor|1: 1152 348 139 49 24 9 4 1 
15142|Survivor|1: 887 370 132 59 21 10 4 1 
15146|Child_Avg|55: 909 358 136 56 21 10 4 1 
15165|Survivor|1: 909 365 139 56 21 10 4 1 
15166|Child_CrossABC1|7|Mutated: 869 268 131 56 21 10 4 1 
15230|Survivor|1|Mutated: 857 293 125 47 23 10 4 1 
15233|Child_Cross12|1: 850 293 125 47 23 10 4 1 
15241|Child_Cross12|17: 862 293 125 47 23 10 4 1 
15247|Child_Cross12|5: 849 294 125 47 23 10 4 1 
15252|Child_Cross21|14: 846 294 125 47 23 10 4 1 
15284|Child_Cross21|58: 858 293 125 47 23 10 4 1 
15299|Child_Cross12|57: 854 293 125 47 23 10 4 1 
15813|Survivor|1: 862 307 133 49 24 9 4 1 
15828|Child_Avg|59: 941 362 139 64 24 9 4 1 
15835|Survivor|1: 935 365 139 64 24 9 4 1 
15859|Survivor|1: 814 299 129 52 24 9 4 1 
16753|Survivor|1: 893 328 124 64 23 10 4 1 
17541|Survivor|1: 1107 321 119 49 24 9 4 1 
17629|Survivor|1: 1121 321 119 49 24 9 4 1 
17728|Survivor|1: 905 347 129 52 24 9 4 1 
18250|Child_Cross12|45: 1133 341 141 49 24 9 4 1 
18326|Child_CrossABC2|8: 1151 299 129 52 24 9 4 1 
18580|Child_Levy|16: 1087 327 148 58 24 9 4 1 
18601|Survivor|1: 985 372 149 52 24 9 4 1 
19355|Survivor|1: 867 352 129 50 24 9 4 1 
19814|Child_Cross21|2: 1236 346 133 49 24 9 4 1 
19815|Child_Cross12|29: 1205 346 133 49 24 9 4 1 
19826|Child_Cross12|1: 1187 346 133 49 24 9 4 1 
19857|Survivor|1: 1166 346 133 49 24 9 4 1 
19864|Survivor|1|Mutated: 853 304 128 60 21 10 4 1 
20306|Child_Cross21|58: 1133 318 125 47 23 10 4 1 
20332|Survivor|1: 1140 317 125 47 23 10 4 1 
20343|Survivor|1: 1095 332 125 47 23 10 4 1 
20350|Child_Cross12|33: 1078 309 125 47 23 10 4 1 
20351|Child_Cross21|14: 1140 316 125 47 23 10 4 1 
20359|Child_Avg|19: 1140 308 125 47 23 10 4 1 
20362|Child_Cross21|58: 1088 340 125 47 23 10 4 1 
20370|Child_Cross21|42: 1141 316 125 47 23 10 4 1 
20383|Child_Avg|51: 1134 316 125 47 23 10 4 1 
20403|Child_Cross12|45: 1121 316 125 47 23 10 4 1 
20431|Survivor|1: 1118 324 125 47 23 10 4 1 
20432|Child_Cross12|9: 1118 316 125 47 23 10 4 1 
20442|Child_Avg|15: 1111 324 125 47 23 10 4 1 
20447|Child_Cross21|6: 1115 324 125 47 23 10 4 1 
20456|Child_Cross21|58: 1122 324 125 47 23 10 4 1 
20523|Survivor|1: 1084 356 139 55 24 9 4 1 
20556|Child_Cross12|13|Mutated: 1080 313 126 49 24 9 4 1 
20580|Survivor|1: 1130 312 126 49 24 9 4 1 
20635|Child_CrossABC1|1: 1080 314 126 49 24 9 4 1 
20647|Child_Cross12|57: 1077 314 126 49 24 9 4 1 
20655|Child_Cross12|29: 1108 314 126 49 24 9 4 1 
20662|Child_Cross21|6: 1092 313 126 49 24 9 4 1 
20966|Survivor|1: 924 314 126 49 24 9 4 1 
21013|Child_Cross12|37: 883 332 133 49 24 9 4 1 
21028|Survivor|1|Mutated: 817 334 129 58 24 9 4 1 
21192|Survivor|1: 876 324 121 51 23 10 4 1 
21263|Survivor|1: 1089 339 134 50 24 9 4 1 
22270|Survivor|1: 837 297 133 49 24 9 4 1 
22301|Child_Avg|31: 847 297 119 49 24 9 4 1 
22318|Child_Cross12|9: 851 297 119 49 24 9 4 1 
22345|Survivor|1: 840 297 119 49 24 9 4 1 
22436|Survivor|1: 917 311 138 53 27 10 4 1 
22468|Survivor|1: 865 302 137 52 27 10 4 1 
22763|Child_CrossABC2|8: 915 352 136 55 24 9 4 1 
23132|Survivor|1: 902 331 131 61 24 9 4 1 
23143|Child_Cross21|58: 875 353 135 56 21 10 4 1 
23789|Child_Cross12|5: 850 301 125 47 23 10 4 1 
23804|Child_Cross21|14: 865 332 125 47 23 10 4 1 
23805|Child_Avg|7: 865 316 125 47 23 10 4 1 
23816|Child_Cross12|49: 865 324 125 47 23 10 4 1 
23842|Child_Cross21|38: 892 324 125 47 23 10 4 1 
23855|Child_Cross12|33: 877 324 125 47 23 10 4 1 
23859|Child_Cross21|18: 869 324 125 47 23 10 4 1 
23861|Child_Cross21|10: 872 324 125 47 23 10 4 1 
23862|Child_Avg|35: 868 324 125 47 23 10 4 1 
23876|Child_Cross21|34|Mutated: 1114 324 125 47 23 10 4 1 
23905|Survivor|1: 864 324 125 47 23 10 4 1 
24995|Survivor|1: 1242 347 153 52 24 9 4 1 
25004|Survivor|1: 1117 329 142 50 24 9 4 1 
25608|Child_Cross12|33: 2017 600 256 103 60 19 10 4 1 
26281|Survivor|1: 967 339 138 55 24 9 4 1 
26869|Survivor|1: 875 302 122 47 23 10 4 1 
26892|Survivor|1: 860 303 122 47 23 10 4 1 
26912|Survivor|1: 866 302 122 47 23 10 4 1 
27125|Survivor|1: 1134 376 167 72 27 10 4 1 
27318|Survivor|1: 924 323 131 50 24 9 4 1 
27435|Survivor|1: 845 264 126 55 24 9 4 1 
27628|Child_Avg|43: 972 341 127 54 23 10 4 1 
27920|Survivor|1: 855 278 125 47 23 10 4 1 
28545|Child_Cross21|26: 954 310 126 55 24 9 4 1 
28697|Survivor|1: 863 355 129 57 23 10 4 1 
28940|Survivor|1: 908 325 125 47 23 10 4 1 
28952|Child_Avg|15: 1169 324 125 47 23 10 4 1 
28953|Child_Cross21|30: 1095 325 125 47 23 10 4 1 
28960|Survivor|1: 1145 325 125 47 23 10 4 1 
29132|Child_LevyP1|3: 1031 354 144 57 23 10 4 1 
29137|Child_CrossABC1|1: 878 344 123 59 24 9 4 1 
29662|Survivor|1: 873 321 126 56 24 9 4 1 
29668|Survivor|1: 1078 333 134 53 24 9 4 1 
29833|Survivor|1: 1111 303 127 53 24 9 4 1 
29847|Child_CrossABC2|8: 1132 303 127 53 24 9 4 1 
30383|Survivor|1: 903 323 128 57 21 10 4 1 
30590|Survivor|1: 819 311 129 49 24 9 4 1 
30704|Survivor|1: 1077 355 132 59 24 9 4 1 
30751|Survivor|1: 833 312 123 59 24 9 4 1 
31030|Child_Cross21|14: 861 332 125 47 23 10 4 1 
31042|Child_Cross21|14: 861 340 125 47 23 10 4 1 
31043|Child_Cross12|53: 862 340 125 47 23 10 4 1 
31051|Child_Cross12|49: 862 332 125 47 23 10 4 1 
31077|Survivor|1: 861 323 125 47 23 10 4 1 
31097|Child_CrossABC2|2: 861 293 125 47 23 10 4 1 
31122|Survivor|1|Mutated: 841 324 125 47 23 10 4 1 
31676|Survivor|1: 1112 392 163 58 24 9 4 1 
31713|Child_Cross21|50: 880 332 135 47 23 10 4 1 
32050|Survivor|1: 1174 371 125 47 23 10 4 1 
32265|Survivor|1: 1143 321 131 51 23 10 4 1 
32268|Child_Cross12|17: 1156 322 131 51 23 10 4 1 
32277|Child_Avg|27: 1155 321 131 51 23 10 4 1 
32278|Child_Cross21|26: 1171 321 131 51 23 10 4 1 
32283|Child_Cross21|46: 1156 321 131 51 23 10 4 1 
32284|Child_Cross12|53: 1157 325 129 51 23 10 4 1 
32291|Child_Cross12|13: 1141 321 131 51 23 10 4 1 
32294|Child_Cross12|13: 1133 321 131 51 23 10 4 1 
32305|Child_CrossABC1|1: 1162 325 129 51 23 10 4 1 
32310|Child_Cross21|22: 1156 325 129 51 23 10 4 1 
32311|Child_Cross12|57: 1180 325 129 51 23 10 4 1 
32314|Child_Cross21|22: 1164 325 129 51 23 10 4 1 
32319|Child_Cross21|42: 1151 325 129 51 23 10 4 1 
32328|Child_Cross12|49: 1154 325 129 51 23 10 4 1 
32332|Child_CrossABC1|1: 1149 325 129 51 23 10 4 1 
32337|Child_Cross12|9: 1175 325 129 51 23 10 4 1 
32344|Child_CrossABC1|1|Mutated: 1146 325 129 51 23 10 4 1 
32363|Child_Cross12|45|Mutated: 1165 325 129 51 23 10 4 1 
32368|Child_Cross21|42: 1153 325 129 51 23 10 4 1 
32376|Child_CrossABC1|7: 1145 325 129 51 23 10 4 1 
32390|Child_Cross21|54: 1140 325 129 51 23 10 4 1 
32392|Child_Cross12|13: 949 325 129 51 23 10 4 1 
32405|Child_Cross12|5: 1148 325 129 51 23 10 4 1 
32414|Child_Avg|15: 1172 325 129 51 23 10 4 1 
32415|Child_Cross21|58: 1137 325 129 51 23 10 4 1 
32428|Child_Cross12|25: 1138 325 129 51 23 10 4 1 
32452|Child_Avg|47: 1143 325 129 51 23 10 4 1 
32467|Child_Cross21|38: 1135 325 129 51 23 10 4 1 
32468|Child_Avg|47: 1105 325 129 51 23 10 4 1 
32473|Survivor|1: 1130 325 129 51 23 10 4 1 
32836|Survivor|1: 927 310 133 49 24 9 4 1 
33054|Survivor|1: 1076 350 143 59 24 9 4 1 
34044|Survivor|1: 886 335 132 50 24 9 4 1 
34074|Child_CrossABC1|1: 1131 343 135 47 23 10 4 1 
34098|Survivor|1: 933 300 125 47 23 10 4 1 
34151|Survivor|1: 848 301 114 53 24 9 4 1 
34187|Survivor|1: 1097 331 131 49 24 9 4 1 
34691|Child_Cross21|42: 1179 349 152 53 24 9 4 1 
35476|Survivor|1: 948 395 141 57 23 10 4 1 
35480|Child_CrossABC1|1: 945 398 141 57 23 10 4 1 
35650|Survivor|1: 1078 350 134 65 27 10 4 1 
35665|Survivor|1: 1075 328 148 65 27 10 4 1 
35677|Survivor|1: 1079 328 115 52 27 10 4 1 
35857|Child_Cross21|34: 1084 329 139 57 23 10 4 1 
35871|Survivor|1: 1080 335 142 58 23 10 4 1 
35966|Child_Cross21|38: 866 318 141 57 23 10 4 1 
35980|Child_CrossABC2|2: 862 318 141 57 23 10 4 1 
35984|Child_Cross12|17: 851 318 141 57 23 10 4 1 
35988|Child_CrossABC1|1: 853 318 141 57 23 10 4 1 
35990|Child_CrossABC1|1: 871 318 141 57 23 10 4 1 
35992|Child_CrossABC1|7: 845 318 141 57 23 10 4 1 
35995|Child_CrossABC2|8: 874 318 141 57 23 10 4 1 
35996|Child_CrossABC1|1: 865 318 141 57 23 10 4 1 
35997|Child_Avg|11: 856 318 141 57 23 10 4 1 
35999|Child_CrossABC2|8: 854 318 141 57 23 10 4 1 
36013|Child_Cross21|58: 854 317 130 54 23 10 4 1 
36018|Survivor|1: 861 317 130 54 23 10 4 1 
36020|Child_Cross12|17: 875 317 127 54 23 10 4 1 
36023|Child_CrossABC2|2: 860 317 130 54 23 10 4 1 
36028|Child_Cross12|53: 860 318 127 54 23 10 4 1 
36030|Child_Cross21|50: 855 317 130 54 23 10 4 1 
36035|Child_Avg|43: 858 317 130 54 23 10 4 1 
36037|Child_Cross12|9: 857 317 130 54 23 10 4 1 
36040|Child_CrossABC1|7: 863 317 130 54 23 10 4 1 
36050|Child_Avg|7: 864 317 130 54 23 10 4 1 
36082|Child_CrossABC2|8: 877 317 130 54 23 10 4 1 
36098|Child_Cross12|37: 873 317 130 54 23 10 4 1 
36126|Child_Avg|59: 851 317 130 54 23 10 4 1 
36130|Child_Cross12|53: 854 333 130 54 23 10 4 1 
36131|Child_Cross21|30: 842 317 130 54 23 10 4 1 
36135|Child_Cross12|53: 876 317 130 54 23 10 4 1 
36914|Survivor|1: 1063 379 138 56 24 9 4 1 
37142|Survivor|1: 838 301 125 47 23 10 4 1 
37315|Child_Avg|19: 1214 370 139 55 24 9 4 1 
37818|Survivor|1: 913 380 133 55 24 9 4 1 
38143|Survivor|1: 845 326 152 55 24 9 4 1 
38186|Survivor|1: 1255 356 127 62 24 9 4 1 
38200|Survivor|1: 942 332 133 49 24 9 4 1 
38228|Child_Cross12|57: 889 332 133 49 24 9 4 1 
38234|Child_Avg|3: 890 332 133 49 24 9 4 1 
38256|Child_Cross12|45: 887 332 133 49 24 9 4 1 
38272|Child_Cross21|10: 907 332 133 49 24 9 4 1 
38290|Survivor|1: 903 333 133 49 24 9 4 1 
38324|Child_CrossABC1|7: 892 333 133 49 24 9 4 1 
38362|Child_Cross12|41: 876 332 133 49 24 9 4 1 
38388|Child_Avg|59: 873 332 133 49 24 9 4 1 
38392|Child_Cross12|9: 910 332 133 49 24 9 4 1 
38410|Child_Cross12|17: 875 332 133 49 24 9 4 1 
38418|Child_Cross12|13: 900 332 133 49 24 9 4 1 
38439|Child_Cross21|18: 886 332 133 49 24 9 4 1 
38441|Child_Cross21|50: 893 332 133 49 24 9 4 1 
38470|Child_Cross21|58: 957 332 133 49 24 9 4 1 
38476|Child_Cross21|50: 924 332 133 49 24 9 4 1 
38480|Child_Cross12|57: 904 332 133 49 24 9 4 1 
38538|Child_Avg|59: 914 332 133 49 24 9 4 1 
38733|Survivor|1: 869 317 143 59 24 9 4 1 
38749|Survivor|1|Mutated: 869 349 143 59 24 9 4 1 
38750|Child_CrossABC2|2: 1113 314 132 59 24 9 4 1 
38843|Survivor|1|Mutated: 870 274 114 53 24 9 4 1 
39656|Survivor|1: 1060 379 134 59 21 10 4 1 
39729|Survivor|1: 1219 314 129 53 24 9 4 1 
40207|Survivor|1: 892 340 131 55 24 9 4 1 
40224|Survivor|1: 872 337 128 53 24 9 4 1 
40243|Child_Cross21|18: 871 324 127 53 24 9 4 1 
40250|Survivor|1: 849 316 117 49 24 9 4 1 
40289|Survivor|1: 845 317 125 52 24 9 4 1 
40305|Survivor|1: 835 335 138 58 24 9 4 1 
41030|Survivor|1: 921 329 127 56 21 10 4 1 
41064|Child_CrossABC2|2: 816 306 129 55 23 10 4 1 
41092|Child_Cross12|21: 940 293 125 47 23 10 4 1 
41098|Child_Avg|31: 843 292 125 47 23 10 4 1 
41117|Survivor|1: 848 292 125 47 23 10 4 1 
41529|Child_Cross21|26: 819 332 125 47 23 10 4 1 
41545|Child_Cross12|9: 857 332 125 47 23 10 4 1 
41551|Child_Cross21|2: 857 316 125 47 23 10 4 1 
41555|Child_Cross21|30: 853 332 125 47 23 10 4 1 
41559|Child_CrossABC2|2: 897 332 125 47 23 10 4 1 
41563|Child_Cross21|10: 826 332 125 47 23 10 4 1 
41564|Child_CrossABC2|2: 854 332 125 47 23 10 4 1 
41565|Child_Cross12|45: 846 332 125 47 23 10 4 1 
41579|Survivor|1: 850 332 125 47 23 10 4 1 
41606|Survivor|1: 858 332 125 47 23 10 4 1 
41635|Child_Cross12|25: 842 332 125 47 23 10 4 1 
41640|Child_Cross21|38: 849 332 125 47 23 10 4 1 
41645|Child_Cross21|50: 854 331 125 47 23 10 4 1 
41723|Child_Cross12|5|Mutated: 940 332 125 47 23 10 4 1 
41727|Child_Cross21|10: 889 332 125 47 23 10 4 1 
41741|Survivor|1: 943 324 125 47 23 10 4 1 
41746|Child_CrossABC2|2: 931 324 125 47 23 10 4 1 
41908|Survivor|1: 844 275 119 57 23 10 4 1 
42087|Survivor|1: 867 330 121 50 24 9 4 1 
42405|Child_Avg|15: 1202 347 125 47 23 10 4 1 
42415|Child_Cross12|45: 1210 348 125 47 23 10 4 1 
42420|Survivor|1: 1210 340 125 47 23 10 4 1 
42432|Child_Cross21|50: 1208 347 125 47 23 10 4 1 
42454|Child_Cross12|29: 1205 347 125 47 23 10 4 1 
42596|Child_Cross21|46: 1119 310 132 49 24 9 4 1 
42604|Child_Cross12|9: 1153 310 132 49 24 9 4 1 
42623|Child_Cross12|45: 1115 310 133 49 24 9 4 1 
42919|Survivor|1: 845 310 132 49 24 9 4 1 
43008|Child_Avg|35: 1280 361 126 56 24 9 4 1 
43372|Survivor|1: 1148 394 166 71 29 10 4 1 
43407|Child_CrossABC1|7: 845 344 138 55 24 9 4 1 
43646|Child_CrossABC2|2: 888 346 129 52 24 9 4 1 
43812|Survivor|1: 1157 339 128 53 24 9 4 1 
44328|Survivor|1: 875 302 133 57 23 10 4 1 
44588|Child_Avg|7: 872 356 135 57 23 10 4 1 
45103|Survivor|1: 935 357 131 58 24 9 4 1 
45136|Survivor|1: 842 336 125 49 21 10 4 1 
45687|Survivor|1: 1146 350 135 56 21 10 4 1 
45700|Survivor|1: 1122 340 132 59 20 9 4 1 
45702|Survivor|1: 1042 359 131 56 21 10 4 1 
45986|Child_Avg|3: 1148 329 135 58 23 10 4 1 
46137|Child_CrossABC1|1: 907 315 124 46 24 9 4 1 
47034|Child_CrossABC1|7: 848 316 129 51 23 10 4 1 
47042|Survivor|1: 2800 1072 318 125 47 23 10 4 1 
47074|Child_Cross12|21: 865 293 125 47 23 10 4 1 
47084|Child_Cross12|33: 853 293 125 47 23 10 4 1 
47107|Child_Cross12|37: 853 308 125 47 23 10 4 1 
47111|Child_Cross21|34: 857 324 125 47 23 10 4 1 
47127|Child_Cross12|25: 850 309 125 47 23 10 4 1 
47160|Child_Cross21|14: 846 301 125 47 23 10 4 1 
47182|Child_Cross12|41: 867 300 125 47 23 10 4 1 
47190|Survivor|1: 855 300 125 47 23 10 4 1 
47226|Survivor|1: 842 300 125 47 23 10 4 1 
47558|Child_Cross12|13: 952 327 126 55 24 9 4 1 
47625|Survivor|1: 1083 371 129 55 24 9 4 1 
47777|Survivor|1: 906 284 124 51 23 10 4 1 
48033|Survivor|1: 902 346 149 55 27 10 4 1 
48427|Survivor|1: 1274 335 142 55 24 9 4 1 
49234|Survivor|1: 1094 321 132 62 24 9 4 1 
49243|Survivor|1: 875 333 133 49 24 9 4 1 
49283|Child_Cross12|9|Mutated: 1114 331 137 55 24 9 4 1 
49313|Survivor|1: 1129 328 132 53 24 9 4 1 
50369|Child_CrossABC1|1: 1110 371 148 66 27 10 4 1 
50395|Child_CrossABC1|1: 1211 391 138 53 24 9 4 1 
50403|Child_CrossABC2|2: 1227 391 138 53 24 9 4 1 
50405|Survivor|1: 1243 391 138 53 24 9 4 1 
50415|Child_Avg|59: 1200 391 138 53 24 9 4 1 
50490|Survivor|1: 1211 368 135 52 24 9 4 1 
50515|Survivor|1: 929 345 134 58 24 9 4 1 
50671|Child_Avg|39: 1150 345 150 52 24 9 4 1 
50699|Child_CrossABC1|1: 1149 345 150 52 24 9 4 1 
50709|Child_Avg|27: 1164 345 150 52 24 9 4 1 
50718|Child_CrossABC1|7: 1143 345 150 52 24 9 4 1 
50747|Survivor|1: 1084 322 129 50 24 9 4 1 
51089|Child_Cross12|25: 1275 351 156 58 24 9 4 1 
51240|Child_CrossABC2|2: 1245 377 139 58 24 9 4 1 
51253|Survivor|1: 1225 380 139 55 24 9 4 1 
51293|Child_Cross21|30: 1104 348 157 52 24 9 4 1 
51311|Child_Avg|3: 1096 347 139 49 24 9 4 1 
51331|Survivor|1: 1097 347 139 49 24 9 4 1 
51920|Child_CrossABC1|1: 946 344 132 61 24 9 4 1 
51953|Child_Cross12|57: 935 346 133 49 24 9 4 1 
51960|Child_Avg|3: 895 334 133 49 24 9 4 1 
51972|Child_Cross21|42|Mutated: 930 333 133 49 24 9 4 1 
51979|Child_Avg|31: 917 333 133 49 24 9 4 1 
51995|Survivor|1: 923 333 133 49 24 9 4 1 
52017|Survivor|1: 903 332 133 49 24 9 4 1 
52102|Survivor|1: 1245 387 161 55 27 10 4 1 
52193|Child_CrossABC1|7: 1189 363 154 62 27 10 4 1 
52197|Survivor|1: 1189 391 158 63 27 10 4 1 
52203|Child_Levy|4: 1179 396 147 62 24 9 4 1 
52228|Survivor|1: 896 335 142 55 24 9 4 1 
52284|Survivor|1: 1196 324 129 53 24 9 4 1 
52319|Survivor|1: 1096 294 123 58 23 10 4 1 
52343|Survivor|1: 846 293 125 47 23 10 4 1 
53114|Child_CrossABC1|7: 1075 314 126 49 24 9 4 1 
54117|Survivor|1: 1179 358 150 55 24 9 4 1 
54135|Survivor|1: 1138 335 143 53 24 9 4 1 
54151|Survivor|1|Mutated: 1138 335 143 58 24 9 4 1 
54163|Survivor|1: 1045 374 142 55 24 9 4 1 
54382|Survivor|1: 1120 326 134 51 23 10 4 1 
55109|Child_Cross12|21: 935 323 129 52 24 9 4 1 
55112|Survivor|1: 870 323 129 52 24 9 4 1 
55114|Child_Avg|11: 875 323 129 52 24 9 4 1 
55117|Child_Cross12|13: 896 323 129 52 24 9 4 1 
55128|Child_Cross12|37: 874 323 129 52 24 9 4 1 
55133|Child_Cross12|33: 859 323 129 52 24 9 4 1 
55136|Child_Cross12|37: 885 323 129 52 24 9 4 1 
55139|Child_CrossABC2|2: 869 323 129 52 24 9 4 1 
55143|Child_Cross21|38: 873 323 129 52 24 9 4 1 
55182|Survivor|1: 860 323 129 52 24 9 4 1 
55628|Survivor|1: 881 274 117 52 24 9 4 1 
56615|Child_CrossABC2|2: 879 324 143 53 24 9 4 1 
56864|Survivor|1: 854 298 119 49 24 9 4 1 
56871|Survivor|1: 854 298 119 58 24 9 4 1 
57026|Child_CrossABC2|2: 1263 386 141 61 29 9 4 1 
57089|Survivor|1: 929 301 122 53 24 9 4 1 
57400|Survivor|1: 914 324 143 49 24 9 4 1 
57639|Survivor|1: 1304 378 169 69 27 10 4 1 
57653|Survivor|1: 1286 358 142 65 27 10 4 1 
57661|Child_Avg|31: 1116 335 143 61 24 9 4 1 
58064|Survivor|1: 870 269 129 51 23 10 4 1 
58148|Survivor|1: 1182 359 146 62 24 9 4 1 
58205|Survivor|1: 1073 316 126 49 24 9 4 1 
58552|Survivor|1: 861 293 122 53 24 9 4 1 
58764|Child_CrossABC1|1: 887 302 123 62 24 9 4 1 
59066|Survivor|1: 857 316 132 49 24 9 4 1 
59122|Survivor|1: 1092 339 140 57 23 10 4 1 
59130|Survivor|1: 988 318 143 57 23 10 4 1 
59610|Survivor|1: 1116 315 133 53 24 9 4 1 
59859|Survivor|1: 908 352 134 59 24 9 4 1 
59898|Survivor|1: 1044 367 132 59 24 9 4 1 
60305|Survivor|1: 872 329 126 51 23 10 4 1 
60424|Survivor|1: 1114 363 132 59 24 9 4 1 
60462|Child_Avg|3: 1119 327 143 59 24 9 4 1 
60494|Child_Cross21|10|Mutated: 1138 328 136 55 24 9 4 1 
60527|Child_Cross12|13: 1153 334 133 49 24 9 4 1 
60540|Child_Cross21|22: 1128 323 133 49 24 9 4 1 
60565|Survivor|1: 1132 321 143 49 24 9 4 1 
60621|Survivor|1: 1132 322 142 49 24 9 4 1 
60724|Survivor|1: 1063 343 129 50 24 9 4 1 
60728|Survivor|1: 1061 343 129 50 24 9 4 1 
60751|Survivor|1: 1071 331 129 58 24 9 4 1 
60962|Child_CrossABC1|1: 946 335 129 58 24 9 4 1 
61586|Survivor|1: 1077 387 132 59 24 9 4 1 
61781|Survivor|1: 923 337 129 53 24 9 4 1 
61786|Survivor|1: 967 338 138 53 24 9 4 1 
61804|Survivor|1: 955 342 126 49 24 9 4 1 
61862|Survivor|1: 941 339 125 47 23 10 4 1 
61900|Child_Avg|23: 896 332 125 47 23 10 4 1 
62228|Child_Avg|51: 1044 402 151 58 24 9 4 1 
62353|Child_Cross12|49|Mutated: 1109 333 131 51 23 10 4 1 
62407|Child_Cross21|42: 1136 325 125 47 23 10 4 1 
62411|Child_Cross12|17: 1150 324 125 47 23 10 4 1 
62427|Child_Cross21|54: 1158 324 125 47 23 10 4 1 
62428|Child_Cross21|30: 1126 324 125 47 23 10 4 1 
62442|Survivor|1: 1142 324 125 47 23 10 4 1 
62528|Child_CrossABC1|7: 969 349 132 58 24 9 4 1 
62671|Survivor|1|Mutated: 952 307 137 55 24 9 4 1 
62708|Child_Cross21|6: 863 318 126 47 23 10 4 1 
62711|Child_Cross12|41: 939 296 126 47 23 10 4 1 
63451|Child_CrossABC1|7: 1120 334 133 55 27 10 4 1 
63457|Survivor|1: 1120 338 133 55 27 10 4 1 
63484|Survivor|1: 880 329 130 49 24 9 4 1 
63507|Survivor|1: 887 358 133 49 24 9 4 1 
63844|Survivor|1: 858 279 126 55 24 9 4 1 
64425|Survivor|1: 1203 356 158 57 23 10 4 1 
64624|Survivor|1: 1125 299 133 56 24 9 4 1 
65001|Survivor|1: 948 345 134 51 23 10 4 1 
65280|Child_Cross21|34: 1170 332 131 49 24 9 4 1 
65317|Child_Cross21|58: 1152 333 133 49 24 9 4 1 
65328|Child_Cross12|57: 1152 332 133 49 24 9 4 1 
65340|Child_Cross12|45: 1156 332 133 49 24 9 4 1 
65351|Survivor|1: 1155 332 133 49 24 9 4 1 
65372|Child_Cross12|9: 1088 332 133 49 24 9 4 1 
65383|Child_Cross21|38: 1141 332 133 49 24 9 4 1 
65405|Child_Cross21|22: 1151 332 133 49 24 9 4 1 
65409|Child_Cross12|53: 1148 332 133 49 24 9 4 1 
65419|Child_Cross12|41: 1187 332 133 49 24 9 4 1 
65439|Child_Cross21|54: 1107 332 133 49 24 9 4 1 
65444|Child_Avg|7: 1089 332 133 49 24 9 4 1 
65449|Child_Cross12|57: 1137 332 133 49 24 9 4 1 
65461|Child_Cross21|38|Mutated: 1121 332 133 49 24 9 4 1 
65466|Child_Avg|31: 1118 332 133 49 24 9 4 1 
65469|Child_Cross21|10: 1138 332 133 49 24 9 4 1 
65478|Child_Avg|51: 1135 332 133 49 24 9 4 1 
65490|Child_Cross21|50: 1136 332 133 49 24 9 4 1 
65516|Child_Cross21|14: 1137 333 133 49 24 9 4 1 
65567|Survivor|1: 946 295 129 52 24 9 4 1 
65719|Child_Avg|23: 1156 325 135 47 23 10 4 1 
65988|Survivor|1: 1138 321 129 52 24 9 4 1 
66092|Child_Avg|47: 855 288 126 49 24 9 4 1 
66174|Child_Cross21|42: 973 372 145 57 23 10 4 1 
66189|Child_Avg|35: 973 356 145 57 23 10 4 1 
66193|Child_Cross12|57: 977 377 145 57 23 10 4 1 
66194|Child_CrossABC2|8: 981 380 145 57 23 10 4 1 
66195|Child_CrossABC1|7: 976 380 145 57 23 10 4 1 
66201|Child_CrossABC1|7: 969 379 145 57 23 10 4 1 
66206|Child_CrossABC2|8: 968 379 145 57 23 10 4 1 
66207|Child_CrossABC2|8: 973 379 145 57 23 10 4 1 
66209|Child_CrossABC2|8: 974 379 145 57 23 10 4 1 
66210|Child_Cross21|38: 975 379 145 57 23 10 4 1 
66211|Child_CrossABC2|8: 976 379 145 57 23 10 4 1 
66218|Child_CrossABC1|7: 976 368 145 57 23 10 4 1 
66240|Survivor|1: 925 314 130 57 23 10 4 1 
66395|Survivor|1: 950 282 122 53 24 9 4 1 
66649|Survivor|1: 1183 344 147 59 24 9 4 1 
66671|Survivor|1: 1181 333 138 53 24 9 4 1 
66712|Survivor|1: 1207 343 132 58 24 9 4 1 
66960|Survivor|1: 786 291 115 49 21 10 4 1 
67217|Survivor|1: 1189 443 158 66 27 10 4 1 
67224|Survivor|1: 1230 443 158 66 27 10 4 1 
67235|Survivor|1: 1196 381 131 55 27 10 4 1 
67685|Survivor|1: 947 329 126 52 24 9 4 1 
67711|Child_Avg|35: 1068 353 132 58 24 9 4 1 
67736|Child_Cross12|45: 1109 333 133 49 24 9 4 1 
67750|Child_CrossABC2|2: 1106 333 133 49 24 9 4 1 
67751|Child_Cross12|9: 1085 333 133 49 24 9 4 1 
67768|Child_CrossABC1|7|Mutated: 1145 333 132 58 24 9 4 1 
67799|Child_Cross21|34: 1108 333 133 49 24 9 4 1 
67822|Child_CrossABC2|8: 1141 333 133 49 24 9 4 1 
67836|Child_Cross12|13: 1120 333 133 49 24 9 4 1 
67841|Child_Cross21|58: 1123 333 133 49 24 9 4 1 
67880|Survivor|1: 1139 310 133 49 24 9 4 1 
68041|Child_Levy|52: 1233 340 139 61 23 10 4 1 
68179|Child_CrossABC1|1: 1204 361 136 59 27 10 4 1 
68183|Child_CrossABC1|7: 1069 361 136 59 27 10 4 1 
68186|Child_CrossABC1|1: 1246 361 136 59 27 10 4 1 
68188|Child_Avg|59: 1199 361 136 59 27 10 4 1 
68190|Child_CrossABC2|8: 1209 361 136 59 27 10 4 1 
68192|Survivor|1: 1156 361 136 59 27 10 4 1 
68193|Child_Cross21|14: 1203 360 136 59 27 10 4 1 
68195|Child_CrossABC2|8: 1180 361 136 59 27 10 4 1 
68196|Child_Cross12|37: 1188 361 136 59 27 10 4 1 
68204|Child_Cross21|18: 1197 369 136 59 27 10 4 1 
68209|Child_Cross12|9: 1193 361 136 59 27 10 4 1 
68216|Child_Cross21|10: 1190 360 136 59 27 10 4 1 
68220|Child_Cross21|10: 1188 360 136 59 27 10 4 1 
68221|Child_Avg|31: 1198 369 136 59 27 10 4 1 
68224|Child_Avg|19: 1189 360 136 59 27 10 4 1 
68231|Child_Cross21|10: 1197 360 136 59 27 10 4 1 
68238|Survivor|1: 1196 360 136 59 27 10 4 1 
68246|Child_Cross12|37: 1192 361 136 59 27 10 4 1 
68249|Child_Cross21|26: 1190 342 136 59 27 10 4 1 
68255|Child_CrossABC2|2: 1217 351 136 59 27 10 4 1 
68258|Child_Cross21|2: 1222 342 136 59 27 10 4 1 
68260|Child_Cross12|25: 1213 370 136 59 27 10 4 1 
68263|Child_Cross12|29: 1192 360 136 59 27 10 4 1 
68272|Survivor|1: 1202 351 136 59 27 10 4 1 
68279|Child_Cross21|34: 1195 360 136 59 27 10 4 1 
68280|Child_Cross21|34: 1204 351 136 59 27 10 4 1 
68286|Child_Cross21|18: 1201 351 136 59 27 10 4 1 
68293|Child_Cross12|41: 1200 352 136 59 27 10 4 1 
68295|Child_Cross21|2: 1220 351 136 59 27 10 4 1 
68464|Survivor|1: 1282 346 131 59 27 10 4 1 
69705|Survivor|1: 1066 323 125 56 21 10 4 1 
70691|Child_Levy|36: 932 285 125 47 23 10 4 1 
70769|Child_CrossABC2|2: 844 304 121 51 23 10 4 1 
71195|Child_Cross12|17: 1104 337 126 49 24 9 4 1 
71209|Child_Cross12|25: 1110 339 126 49 24 9 4 1 
71219|Child_Avg|47: 1117 339 126 49 24 9 4 1 
71242|Child_Cross21|2: 1120 339 126 49 24 9 4 1 
71259|Child_Cross21|10: 1166 339 126 49 24 9 4 1 
71260|Child_Avg|15: 1131 339 126 49 24 9 4 1 
71266|Child_Avg|31: 1141 339 126 49 24 9 4 1 
71276|Child_Cross21|46: 1149 339 126 49 24 9 4 1 
71294|Child_Cross12|17: 1127 339 126 49 24 9 4 1 
71303|Child_Cross21|10: 1173 339 126 49 24 9 4 1 
71309|Child_Cross21|14: 1107 339 126 49 24 9 4 1 
71325|Child_Cross12|33: 1145 339 126 49 24 9 4 1 
71337|Child_Cross12|13|Mutated: 1092 339 126 49 24 9 4 1 
71344|Child_Cross21|58: 1135 339 126 49 24 9 4 1 
71383|Child_Cross12|57: 1138 339 126 49 24 9 4 1 
71393|Child_Cross12|41: 1129 339 126 49 24 9 4 1 
71398|Child_Cross12|9: 1148 339 126 49 24 9 4 1 
71411|Child_CrossABC1|1: 1146 339 126 49 24 9 4 1 
71522|Survivor|1: 1098 316 125 47 23 10 4 1 
72159|Child_CrossABC2|8: 1196 341 138 61 24 9 4 1 
72163|Child_Cross21|34: 1146 327 134 58 24 9 4 1 
72167|Child_Avg|39: 1140 325 132 58 24 9 4 1 
72177|Child_CrossABC2|8: 1140 333 132 58 24 9 4 1 
73022|Survivor|1: 846 307 111 47 23 10 4 1 
73047|Child_Avg|7: 860 308 125 47 23 10 4 1 
73050|Child_Cross12|25: 866 309 125 47 23 10 4 1 
73056|Child_Avg|23: 852 308 125 47 23 10 4 1 
73063|Child_Avg|51: 849 308 125 47 23 10 4 1 
73065|Child_Cross12|1: 863 308 125 47 23 10 4 1 
73066|Child_Cross21|26: 864 308 125 47 23 10 4 1 
73357|Child_Cross21|54: 946 297 119 49 24 9 4 1 
73371|Child_CrossABC2|2: 935 297 119 49 24 9 4 1 
73396|Child_Cross12|57: 956 297 119 49 24 9 4 1 
73400|Survivor|1: 945 297 119 49 24 9 4 1 
73665|Survivor|1: 899 347 125 47 23 10 4 1 
73741|Survivor|1: 940 327 129 52 24 9 4 1 
74141|Survivor|1: 1043 327 139 55 24 9 4 1 
74176|Child_CrossABC1|1: 847 312 126 49 24 9 4 1 
74192|Survivor|1: 872 311 126 49 24 9 4 1 
74436|Survivor|1: 1132 323 137 58 24 9 4 1 
75146|Survivor|1: 969 326 145 57 23 10 4 1 
75227|Survivor|1: 889 309 133 49 24 9 4 1 
75527|Child_CrossABC2|2: 843 321 136 55 24 9 4 1 
75552|Child_CrossABC2|8: 862 321 133 49 24 9 4 1 
76293|Survivor|1: 960 376 139 59 27 10 4 1 
76323|Survivor|1: 910 338 134 55 27 10 4 1 
76408|Survivor|1: 918 329 124 51 23 10 4 1 
76502|Survivor|1: 884 277 125 47 23 10 4 1 
76505|Child_Avg|51: 865 277 125 47 23 10 4 1 
76507|Child_Cross12|33: 861 277 125 47 23 10 4 1 
76515|Child_Cross12|57|Mutated: 864 285 125 47 23 10 4 1 
76519|Child_Cross21|2: 860 277 125 47 23 10 4 1 
76562|Child_Cross12|57: 868 277 125 47 23 10 4 1 
76738|Survivor|1: 827 301 125 47 23 10 4 1 
76818|Child_Avg|43: 1127 328 138 53 24 9 4 1 
77047|Survivor|1: 911 330 130 49 24 9 4 1 
77340|Child_CrossABC2|2: 1111 336 129 55 24 9 4 1 
77574|Child_Cross21|26: 864 277 125 47 23 10 4 1 
77578|Child_Cross12|57: 879 277 125 47 23 10 4 1 
77593|Child_Cross12|9: 876 277 125 47 23 10 4 1 
77858|Survivor|1: 871 321 130 49 24 9 4 1 
77876|Survivor|1: 868 312 126 49 24 9 4 1 
78324|Survivor|1: 959 293 143 59 24 9 4 1 
78753|Survivor|1: 1139 418 166 61 29 9 4 1 
78792|Survivor|1: 1244 354 152 64 29 9 4 1 
79358|Child_Cross12|49: 900 350 135 47 23 10 4 1 
79924|Survivor|1: 1118 299 134 51 23 10 4 1 
80679|Child_Cross21|50: 866 326 126 47 23 10 4 1 
81089|Survivor|1: 1169 375 137 69 27 10 4 1 
81411|Survivor|1: 1090 327 139 56 25 9 4 1 
81438|Survivor|1: 1060 329 131 52 24 9 4 1 
81942|Survivor|1: 1063 351 130 55 24 9 4 1 
82327|Survivor|1: 1208 363 162 55 24 9 4 1 
82380|Survivor|1: 1170 339 137 54 23 10 4 1 
83368|Survivor|1: 915 290 147 59 24 9 4 1 
83444|Child_Avg|51: 873 309 133 49 24 9 4 1 
83461|Survivor|1: 875 309 133 49 24 9 4 1 
83936|Child_Cross12|25: 1210 353 130 49 24 9 4 1 
84020|Survivor|1: 1123 322 118 49 24 9 4 1 
84463|Survivor|1: 1051 370 145 54 23 10 4 1 
84660|Survivor|1: 1108 356 137 52 24 9 4 1 
84682|Survivor|1: 1088 320 132 55 24 9 4 1 
84938|Survivor|1: 1169 323 129 52 24 9 4 1 
84940|Child_CrossABC2|2: 1168 323 129 52 24 9 4 1 
85182|Survivor|1|Mutated: 1130 338 126 49 24 9 4 1 
85817|Child_LevyP1|9: 1213 429 164 62 24 9 4 1 
85824|Survivor|1: 1208 427 164 62 24 9 4 1 
85833|Child_Avg|59: 1191 383 153 61 24 9 4 1 
85862|Survivor|1: 948 331 137 55 24 9 4 1 
86367|Survivor|1: 1180 372 138 57 29 9 4 1 
86413|Child_Avg|31: 864 316 125 47 23 10 4 1 
86429|Child_Cross12|21: 867 325 125 47 23 10 4 1 
86457|Child_Cross21|30: 853 316 125 47 23 10 4 1 
86471|Child_Cross12|37: 852 316 125 47 23 10 4 1 
86524|Survivor|1: 860 316 125 47 23 10 4 1 
86882|Child_Cross12|53: 1125 320 129 52 24 9 4 1 
86889|Child_CrossABC1|7: 1113 319 129 50 24 9 4 1 
86926|Child_Cross12|41: 1107 314 126 49 24 9 4 1 
86932|Child_Cross21|30: 1108 313 126 49 24 9 4 1 
86937|Child_Cross21|22: 1115 313 126 49 24 9 4 1 
86945|Child_Avg|59: 1109 312 126 49 24 9 4 1 
86969|Child_Cross21|46: 1114 312 126 49 24 9 4 1 
86977|Child_Cross12|33: 1142 311 126 49 24 9 4 1 
86982|Child_Cross12|41: 1106 311 126 49 24 9 4 1 
86999|Child_Cross21|58: 1145 311 126 49 24 9 4 1 
87036|Survivor|1: 1149 311 129 49 24 9 4 1 
87075|Survivor|1: 1044 327 139 55 24 9 4 1 
88189|Survivor|1: 903 293 134 51 23 10 4 1 
88782|Survivor|1: 1144 330 144 61 23 10 4 1 
88788|Survivor|1: 1220 344 157 57 23 10 4 1 
89180|Survivor|1: 884 332 125 47 23 10 4 1 
89260|Survivor|1: 886 278 123 47 23 10 4 1 
89774|Survivor|1: 1131 347 141 66 27 10 4 1 
89781|Child_Cross21|54: 1129 340 146 63 27 10 4 1 
89825|Survivor|1: 965 355 129 57 23 10 4 1 
90369|Survivor|1: 931 289 134 50 24 9 4 1 
90698|Survivor|1: 1237 342 137 61 29 10 4 1 
90708|Survivor|1: 1216 331 132 59 24 9 4 1 
90729|Child_Cross21|6: 1205 348 129 55 24 9 4 1 
90730|Child_CrossABC1|7: 1212 329 135 55 24 9 4 1 
90732|Survivor|1: 1200 350 138 55 24 9 4 1 
90766|Child_CrossABC1|1: 1211 340 126 49 24 9 4 1 
90806|Child_Avg|43: 1192 337 126 49 24 9 4 1 
90842|Survivor|1: 1176 337 126 49 24 9 4 1 
91378|Child_Avg|51: 899 286 121 51 23 10 4 1 
91487|Survivor|1|Mutated: 961 334 126 55 24 9 4 1 
91497|Survivor|1: 928 334 126 55 24 9 4 1 
91550|Survivor|1: 1233 381 138 53 24 9 4 1 
91564|Child_CrossABC1|1: 1345 389 138 53 24 9 4 1 
92094|Survivor|1: 934 315 132 58 24 9 4 1 
92202|Survivor|1: 934 356 133 49 24 9 4 1 
92826|Survivor|1: 1089 310 126 51 23 10 4 1 
93270|Child_Cross21|6: 1084 307 138 53 24 9 4 1 
93279|Survivor|1: 904 324 135 52 24 9 4 1 
93290|Survivor|1: 921 329 135 55 24 9 4 1 
93727|Child_CrossABC2|2: 885 317 123 56 24 9 4 1 
94930|Child_Cross21|54: 1182 375 147 61 24 9 4 1 
94942|Survivor|1: 1065 324 129 61 24 9 4 1 
95447|Survivor|1: 962 341 122 57 23 10 4 1 
95473|Survivor|1: 904 272 119 49 24 9 4 1 
96201|Survivor|1: 1126 343 151 67 23 10 4 1 
96219|Survivor|1: 1126 349 151 67 23 10 4 1 
96393|Child_Avg|39: 1134 352 151 59 27 10 4 1 
97021|Survivor|1: 856 304 117 52 24 9 4 1 
97085|Child_Cross12|9: 1174 373 146 61 23 10 4 1 
97224|Child_CrossABC2|8: 1027 351 137 58 24 9 4 1 
97257|Survivor|1: 956 333 133 49 24 9 4 1 
97299|Child_Cross21|2: 935 332 133 49 24 9 4 1 
97315|Child_Cross21|22: 938 332 133 49 24 9 4 1 
97442|Child_Avg|55: 946 339 125 47 23 10 4 1 
97444|Child_Cross21|38: 944 348 125 47 23 10 4 1 
97453|Child_Cross12|49: 909 340 125 47 23 10 4 1 
97463|Child_Cross12|45: 912 341 125 47 23 10 4 1 
97471|Child_Cross21|18: 920 340 125 47 23 10 4 1 
97474|Child_Cross12|41: 947 339 125 47 23 10 4 1 
97508|Child_Cross21|10|Mutated: 929 348 125 47 23 10 4 1 
97534|Survivor|1: 913 340 125 47 23 10 4 1 
97640|Survivor|1: 944 296 139 58 24 9 4 1 
97655|Child_Cross12|53: 936 333 141 58 24 9 4 1 
97683|Survivor|1: 919 319 126 55 24 9 4 1 
97747|Child_Avg|23: 1107 393 156 58 24 9 4 1 
98167|Child_Avg|19: 1067 317 136 59 24 9 4 1 
98249|Survivor|1: 985 385 122 54 23 10 4 1 
98294|Survivor|1: 874 285 117 52 24 9 4 1 
98322|Survivor|1: 849 310 133 49 24 9 4 1 
98698|Child_Cross12|53: 1076 327 135 47 23 10 4 1 
98731|Survivor|1: 1197 324 125 47 23 10 4 1 
98755|Child_Cross12|37: 1146 324 125 47 23 10 4 1 
98766|Child_Cross12|25: 1154 324 125 47 23 10 4 1 
98778|Child_Cross21|42: 1138 324 125 47 23 10 4 1 
98831|Child_Cross21|26: 1127 324 125 47 23 10 4 1 
98838|Child_Cross21|26: 1157 324 125 47 23 10 4 1 
98844|Child_Cross21|30: 1131 324 125 47 23 10 4 1 
98982|Survivor|1: 988 383 157 72 27 10 4 1 
99010|Child_Cross21|34: 863 334 133 49 24 9 4 1 
99023|Child_CrossABC2|8: 895 333 133 49 24 9 4 1 
99147|Survivor|1: 1217 386 166 67 23 10 4 1 
99271|Child_Cross12|25: 830 323 129 50 24 9 4 1 
99295|Child_Cross21|10: 914 292 125 47 23 10 4 1 
99301|Child_Cross12|33: 935 292 125 47 23 10 4 1 
99313|Child_Cross21|14: 942 292 125 47 23 10 4 1 
99320|Child_CrossABC2|2: 936 293 125 47 23 10 4 1 
99335|Child_Avg|43: 937 292 125 47 23 10 4 1 
99342|Child_Avg|31: 935 293 125 47 23 10 4 1 
99350|Child_Avg|47: 862 292 125 47 23 10 4 1 
99427|Survivor|1: 1103 349 129 51 23 10 4 1 
99432|Survivor|1: 1113 341 125 47 23 10 4 1 
99451|Child_Cross12|25: 1124 341 125 47 23 10 4 1 
99457|Child_Avg|27: 1115 341 125 47 23 10 4 1 
99474|Child_Cross12|9: 1139 341 125 47 23 10 4 1 
99804|Survivor|1: 859 304 130 49 24 9 4 1 
99844|Child_CrossABC1|1: 822 296 131 56 21 10 4 1 
99886|Survivor|1: 862 336 138 53 24 9 4 1 
99923|Child_Cross21|50: 847 337 135 52 24 9 4 1 
99932|Child_Cross12|5: 841 331 141 52 24 9 4 1 
99950|Child_Cross21|30: 866 337 141 52 24 9 4 1 
99956|Child_Cross12|25: 865 337 141 52 24 9 4 1 
99970|Child_Avg|51: 909 337 141 52 24 9 4 1 
99998|Child_Cross12|21|Mutated: 902 337 141 52 24 9 4 1 
100000|Child_Avg|55: 917 337 141 52 24 9 4 1 
100016|Child_Cross21|30: 896 337 141 52 24 9 4 1 
100031|Child_CrossABC2|8: 912 337 141 52 24 9 4 1 
100118|Survivor|1: 909 309 134 53 24 9 4 1 
100250|Survivor|1: 839 319 121 51 23 10 4 1 
100277|Child_CrossABC2|8: 864 300 125 47 23 10 4 1 
100309|Survivor|1: 876 325 125 47 23 10 4 1 
100687|Child_Cross21|46: 1201 373 150 56 27 10 4 1 
100879|Survivor|1: 905 349 118 57 23 10 4 1 
100982|Survivor|1: 865 271 119 49 24 9 4 1 
101360|Survivor|1: 1095 319 129 50 24 9 4 1 
101504|Survivor|1: 1072 314 135 60 28 11 4 1 
101814|Survivor|1: 1206 358 138 59 24 9 4 1 
102108|Survivor|1: 952 327 122 47 23 10 4 1 
102659|Child_Avg|51: 1150 357 146 56 21 10 4 1 
102781|Child_LevyABC1|5: 1113 337 124 58 24 9 4 1 
102914|Survivor|1: 927 356 132 64 29 9 4 1 
103267|Survivor|1: 933 288 126 55 24 9 4 1 
103420|Survivor|1: 1164 326 135 47 23 10 4 1 
103569|Survivor|1: 1168 346 129 52 24 9 4 1 
103580|Survivor|1: 1089 340 133 52 24 9 4 1 
104273|Survivor|1: 1099 326 132 53 24 9 4 1 
104307|Survivor|1: 1164 334 155 59 21 10 4 1 
104426|Survivor|1: 1112 409 148 54 23 10 4 1 
104437|Survivor|1: 1277 386 160 55 24 9 4 1 
104450|Survivor|1|Mutated: 1283 386 161 55 24 9 4 1 
104689|Survivor|1: 1069 314 126 49 24 9 4 1 
104843|Child_Avg|11: 1297 413 156 57 23 10 4 1 
105101|Child_Cross21|50: 1142 337 130 49 24 9 4 1 
105139|Child_Cross12|33: 1172 337 130 49 24 9 4 1 
105166|Survivor|1: 1146 337 130 49 24 9 4 1 
105475|Child_CrossABC2|8: 921 352 141 55 27 10 4 1 
105482|Survivor|1: 887 352 141 55 27 10 4 1 
105589|Survivor|1: 1046 357 157 55 24 9 4 1 
105602|Survivor|1: 841 299 117 49 24 9 4 1 
105610|Survivor|1: 893 339 126 49 24 9 4 1 
105626|Child_Cross12|49: 928 339 126 49 24 9 4 1 
105646|Child_Cross21|42: 932 339 126 49 24 9 4 1 
105657|Child_Avg|7: 935 339 126 49 24 9 4 1 
105660|Child_Cross21|50: 953 339 126 49 24 9 4 1 
105672|Child_Cross12|21: 943 339 126 49 24 9 4 1 
105680|Survivor|1: 1068 339 126 49 24 9 4 1 
105684|Child_Avg|43: 945 339 126 49 24 9 4 1 
105693|Child_Cross21|22: 938 339 126 49 24 9 4 1 
105706|Child_CrossABC1|1: 942 339 126 49 24 9 4 1 
105744|Survivor|1: 925 339 126 49 24 9 4 1 
106263|Survivor|1: 1053 338 135 52 24 9 4 1 
106360|Survivor|1: 874 322 131 51 23 10 4 1 
106372|Survivor|1: 885 327 131 51 23 10 4 1 
106420|Survivor|1: 854 310 133 47 23 10 4 1 
106462|Survivor|1: 860 325 133 47 23 10 4 1 
106507|Survivor|1: 847 315 125 47 23 10 4 1 
106685|Survivor|1: 932 339 125 52 24 9 4 1 
106815|Survivor|1: 1081 325 134 50 24 9 4 1 
107099|Survivor|1: 1104 340 141 49 24 9 4 1 
107210|Survivor|1: 850 331 133 49 24 9 4 1 
107404|Survivor|1: 1124 333 131 56 24 9 4 1 
107410|Survivor|1: 1164 343 129 56 24 9 4 1 
107498|Child_Cross21|42: 845 296 128 47 24 9 4 1 
107974|Child_Avg|19: 849 347 137 52 24 9 4 1 
108427|Survivor|1: 829 355 124 55 21 10 4 1 
108441|Child_CrossABC1|1: 944 355 122 57 21 10 4 1 
108464|Child_Cross21|30: 947 346 122 57 21 10 4 1 
108561|Child_CrossABC1|1: 1131 322 129 58 24 9 4 1 
108566|Survivor|1: 1137 328 139 58 24 9 4 1 
108615|Child_Cross21|6: 1117 332 133 49 24 9 4 1 
108631|Child_Cross21|46: 1124 332 133 49 24 9 4 1 
108676|Child_Cross21|26: 1139 332 133 49 24 9 4 1 
108904|Child_Levy|4: 1179 314 145 57 23 10 4 1 
109549|Child_Cross21|58: 882 331 135 47 23 10 4 1 
109589|Child_Cross12|13: 880 331 135 47 23 10 4 1 
110548|Survivor|1: 1109 321 135 55 24 9 4 1 
110566|Survivor|1: 1146 323 136 55 24 9 4 1 
110570|Survivor|1: 1140 323 136 55 24 9 4 1 
110639|Child_Cross21|26: 880 313 126 49 24 9 4 1 
110657|Survivor|1: 868 313 126 49 24 9 4 1 
110664|Child_Cross12|53: 878 338 126 49 24 9 4 1 
110683|Child_Cross21|30: 855 314 126 49 24 9 4 1 
110696|Child_Cross21|54: 872 313 126 49 24 9 4 1 
110720|Child_Avg|15: 867 312 126 49 24 9 4 1 
110729|Child_Avg|15: 851 312 126 49 24 9 4 1 
111748|Survivor|1: 1123 352 132 59 24 9 4 1 
111960|Survivor|1: 861 302 129 56 21 10 4 1 
112304|Survivor|1: 1149 402 160 72 27 14 4 1 
112322|Survivor|1: 844 313 130 62 27 10 4 1 
112339|Child_Avg|47: 907 335 131 55 27 10 4 1 
112353|Survivor|1: 872 328 131 55 27 10 4 1 
112464|Survivor|1: 946 336 129 55 24 9 4 1 
113154|Child_Cross21|54: 1192 339 146 59 24 9 4 1 
113324|Survivor|1: 1242 325 137 56 21 10 4 1 
114077|Child_Cross12|37: 1119 327 135 47 23 10 4 1 
114487|Survivor|1: 956 339 126 49 24 9 4 1 
114506|Child_Cross12|17: 954 338 126 49 24 9 4 1 
114509|Survivor|1: 1190 339 126 49 24 9 4 1 
114515|Child_CrossABC2|2: 1184 339 126 49 24 9 4 1 
114534|Child_Cross21|6: 1099 339 126 49 24 9 4 1 
114538|Child_CrossABC1|1: 1103 339 126 49 24 9 4 1 
114561|Child_Cross12|33: 1130 339 126 49 24 9 4 1 
114840|Survivor|1: 1218 331 127 62 27 10 4 1 
114993|Survivor|1: 1197 382 140 63 27 10 4 1 
114994|Child_Avg|35: 1063 369 137 67 24 9 4 1 
115003|Child_CrossABC1|1: 1131 350 129 56 24 9 4 1 
115011|Survivor|1: 1196 352 135 52 24 9 4 1 
115030|Child_Avg|51|Mutated: 1156 326 136 55 24 9 4 1 
115187|Survivor|1: 949 301 134 58 24 9 4 1 
115202|Child_Cross12|45|Mutated: 874 334 129 58 24 9 4 1 
115413|Child_CrossABC1|7: 1058 357 138 61 24 9 4 1 
115418|Survivor|1: 1077 352 138 61 24 9 4 1 
116475|Survivor|1: 870 341 135 52 24 9 4 1 
116512|Survivor|1: 854 332 133 49 24 9 4 1 
117185|Survivor|1: 1137 325 126 52 24 9 4 1 
117556|Survivor|1: 847 323 140 62 24 9 4 1 
117670|Survivor|1: 1052 362 149 52 24 9 4 1 
117954|Child_Avg|7: 857 307 118 57 23 10 4 1 
118403|Child_Cross12|53: 1160 313 126 49 24 9 4 1 
118412|Child_Avg|31: 1132 313 126 49 24 9 4 1 
118413|Child_Cross21|46: 1164 313 126 49 24 9 4 1 
118422|Child_Cross21|58: 1148 313 126 49 24 9 4 1 
118435|Child_Cross12|21: 1129 313 126 49 24 9 4 1 
118437|Child_Cross12|1: 1144 313 126 49 24 9 4 1 
118458|Child_Cross12|25: 1136 313 126 49 24 9 4 1 
118465|Child_Cross21|10: 1140 313 126 49 24 9 4 1 
118532|Child_Cross12|1: 1139 323 142 62 27 10 4 1 
118619|Survivor|1: 947 363 125 47 23 10 4 1 
118670|Survivor|1: 876 307 132 57 23 10 4 1 
119237|Survivor|1: 864 321 118 49 24 9 4 1 
119678|Child_CrossABC1|7: 846 373 147 62 24 9 4 1 
119701|Child_CrossABC1|1: 842 321 138 56 24 9 4 1 
119707|Survivor|1: 857 320 137 55 24 9 4 1 
120031|Survivor|1: 926 383 132 58 24 9 4 1 
120221|Child_Cross21|14: 1136 321 152 56 25 9 4 1 
120674|Child_LevyP1|3: 1350 379 143 55 29 9 4 1 
121705|Survivor|1: 1196 354 149 63 27 10 4 1 
121947|Child_Cross12|25: 1171 335 146 56 24 9 4 1 
122534|Survivor|1: 955 324 132 57 23 10 4 1 
122718|Child_Cross21|46: 1124 311 126 49 24 9 4 1 
122916|Survivor|1: 1028 313 132 57 23 10 4 1 
122957|Survivor|1: 940 301 121 51 23 10 4 1 
123678|Survivor|1: 1129 361 137 59 24 9 4 1 
124334|Child_Cross21|38: 1192 386 164 73 27 10 4 1 
124349|Child_Cross12|33: 1230 358 157 55 24 9 4 1 
124358|Child_CrossABC2|2: 942 357 141 52 24 9 4 1 
124563|Child_Avg|11: 910 361 141 59 27 10 4 1 
124628|Survivor|1: 935 343 129 55 24 9 4 1 
124729|Survivor|1: 929 289 130 49 24 9 4 1 
124753|Survivor|1: 912 296 126 55 24 9 4 1 
124893|Survivor|1: 1115 321 129 50 24 9 4 1 
125278|Child_Cross12|45: 1117 314 128 55 24 9 4 1 
125299|Survivor|1: 1083 337 130 49 24 9 4 1 
125905|Survivor|1: 925 341 147 55 24 9 4 1 
126076|Survivor|1: 799 302 122 56 21 10 4 1 
126176|Survivor|1: 864 323 130 55 24 9 4 1 
126332|Survivor|1: 1089 318 129 52 24 9 4 1 
126687|Survivor|1: 879 313 135 52 24 9 4 1 
127501|Survivor|1: 866 319 129 50 24 9 4 1 
127514|Child_Cross12|13: 865 324 129 50 24 9 4 1 
128060|Survivor|1: 877 266 129 53 24 9 4 1 
128151|Survivor|1: 1092 338 151 49 24 9 4 1 
128244|Child_CrossABC2|2: 1072 307 122 47 23 10 4 1 
128476|Child_Cross21|42: 856 299 119 49 24 9 4 1 
128661|Child_Cross12|53: 891 345 141 56 24 9 4 1 
129888|Child_CrossABC1|7: 1242 377 157 64 24 9 4 1 
129892|Child_CrossABC1|7: 1237 384 158 59 24 9 4 1 
130201|Survivor|1: 854 331 126 52 24 9 4 1 
130363|Survivor|1: 1060 321 131 51 23 10 4 1 
130914|Survivor|1: 1200 335 144 53 27 10 4 1 
131059|Child_CrossABC1|7: 1131 319 129 50 24 9 4 1 
131092|Child_CrossABC2|2: 1104 313 126 49 24 9 4 1 
131100|Child_Cross21|26: 1120 312 126 49 24 9 4 1 
131118|Survivor|1: 1119 312 126 49 24 9 4 1 
131121|Survivor|1: 1103 312 126 49 24 9 4 1 
131126|Child_Avg|15: 1099 312 126 49 24 9 4 1 
131244|Survivor|1: 1151 315 127 49 24 9 4 1 
131754|Survivor|1: 837 334 122 57 23 10 4 1 
131763|Survivor|1: 827 329 121 61 23 10 4 1 
131819|Child_CrossABC1|7: 876 344 138 53 24 9 4 1 
132496|Survivor|1: 843 313 134 58 24 9 4 1 
132666|Survivor|1: 925 321 119 49 24 9 4 1 
132953|Child_CrossABC2|2: 914 327 128 56 21 10 4 1 
132955|Survivor|1: 1155 328 141 56 21 10 4 1 
132959|Survivor|1: 1156 320 141 56 21 10 4 1 
133164|Survivor|1: 868 339 138 58 24 9 4 1 
133166|Child_Avg|55: 889 339 148 58 24 9 4 1 
133180|Child_Avg|47|Mutated: 881 319 138 55 24 9 4 1 
133192|Survivor|1: 880 344 138 53 24 9 4 1 
133205|Child_Cross12|13: 873 334 135 52 24 9 4 1 
133218|Child_Avg|3: 861 344 135 52 24 9 4 1 
133227|Child_Cross21|2: 920 334 135 52 24 9 4 1 
133231|Child_Cross12|29|Mutated: 906 341 135 52 24 9 4 1 
133234|Child_Cross12|49: 875 341 135 52 24 9 4 1 
133235|Child_Cross12|17: 903 341 135 52 24 9 4 1 
133241|Child_Avg|59: 882 341 135 52 24 9 4 1 
133242|Child_Avg|3: 899 341 135 52 24 9 4 1 
133258|Survivor|1: 921 337 135 52 24 9 4 1 
133288|Survivor|1: 874 320 137 58 24 9 4 1 
133530|Survivor|1: 1125 315 134 50 24 9 4 1 
133550|Survivor|1: 1179 327 138 64 24 9 4 1 
133590|Survivor|1: 1054 318 129 61 24 9 4 1 
133598|Survivor|1: 1055 318 129 61 24 9 4 1 
133603|Child_Cross12|1: 1050 318 129 61 24 9 4 1 
133963|Survivor|1: 864 309 122 53 24 9 4 1 
133987|Survivor|1: 846 312 126 49 24 9 4 1 
134001|Survivor|1: 929 317 129 50 24 9 4 1 
134396|Child_Cross21|30: 1135 314 149 65 24 9 4 1 
134439|Child_Cross12|45: 885 359 141 52 24 9 4 1 
134446|Survivor|1: 950 359 141 52 24 9 4 1 
134460|Child_Cross12|53: 1204 365 141 49 24 9 4 1 
134482|Child_Cross21|14: 1201 365 141 49 24 9 4 1 
134625|Survivor|1: 886 326 132 53 24 9 4 1 
134736|Survivor|1|Mutated: 886 275 125 54 19 10 4 1 
134947|Survivor|1: 900 340 125 47 23 10 4 1 
134975|Child_Cross21|42: 882 347 129 52 24 9 4 1 
134982|Child_Cross21|30: 848 339 126 49 24 9 4 1 
135000|Child_Avg|47: 879 339 126 49 24 9 4 1 
135005|Child_Avg|47: 897 339 126 49 24 9 4 1 
135012|Child_Cross21|54: 876 339 126 49 24 9 4 1 
135013|Child_Avg|55: 865 339 126 49 24 9 4 1 
135017|Child_Cross21|34: 866 339 126 49 24 9 4 1 
135021|Child_Cross21|58: 875 339 126 49 24 9 4 1 
135041|Child_Cross21|54: 883 339 126 49 24 9 4 1 
135478|Survivor|1: 881 318 143 58 24 9 4 1 
135631|Survivor|1: 867 291 132 58 24 9 4 1 
135663|Child_Avg|23: 890 291 132 58 24 9 4 1 
135759|Survivor|1: 895 321 118 57 23 10 4 1 
136041|Child_Cross21|50: 842 316 127 49 24 9 4 1 
136059|Child_CrossABC2|2: 843 314 126 49 24 9 4 1 
136067|Child_Cross21|54: 839 313 126 49 24 9 4 1 
136069|Child_CrossABC1|1: 842 314 126 49 24 9 4 1 
136092|Child_Cross21|6: 847 313 126 49 24 9 4 1 
136296|Survivor|1: 868 302 131 58 27 10 4 1 
136571|Survivor|1: 856 309 122 52 24 9 4 1 
136625|Survivor|1: 1217 379 141 64 25 10 4 1 
136776|Child_Cross21|54: 1109 321 133 49 24 9 4 1 
136779|Child_Cross12|9: 1120 309 133 49 24 9 4 1 
136804|Child_Cross21|14: 1112 333 133 49 24 9 4 1 
136828|Child_Avg|7: 1120 332 133 49 24 9 4 1 
136876|Survivor|1: 1137 349 142 50 24 9 4 1 
136896|Survivor|1: 1122 354 131 50 24 9 4 1 
138128|Survivor|1: 938 297 119 49 24 9 4 1 
138474|Survivor|1: 872 313 131 55 27 10 4 1 
138592|Survivor|1: 829 305 132 58 24 9 4 1 
138624|Survivor|1: 876 314 138 53 24 9 4 1 
138686|Survivor|1: 1116 407 142 55 24 9 4 1 
138711|Survivor|1: 1034 393 155 57 23 10 4 1 
138938|Survivor|1: 937 325 132 53 24 9 4 1 
139241|Child_Cross12|9: 916 332 125 47 23 10 4 1 
139253|Child_Cross12|33: 928 332 125 47 23 10 4 1 
139262|Child_Cross21|54: 924 332 125 47 23 10 4 1 
139268|Child_CrossABC2|8: 880 324 125 47 23 10 4 1 
139289|Child_Cross21|30: 853 324 125 47 23 10 4 1 
139832|Survivor|1: 917 314 126 49 24 9 4 1 
139909|Survivor|1: 923 324 125 47 23 10 4 1 
140104|Survivor|1: 1068 315 128 53 24 9 4 1 
140965|Survivor|1: 819 300 131 51 23 10 4 1 
141201|Survivor|1: 927 304 134 53 24 9 4 1 
141702|Child_Cross12|45: 1128 346 145 61 24 9 4 1 
141711|Survivor|1: 972 329 135 55 24 9 4 1 
141850|Survivor|1|Mutated: 951 366 126 59 24 9 4 1 
142047|Survivor|1: 819 340 125 47 23 10 4 1 
142152|Child_CrossABC1|1: 1170 332 133 49 24 9 4 1 
142540|Survivor|1: 1102 297 133 49 24 9 4 1 
142544|Child_Avg|31: 1124 331 133 52 24 9 4 1 
142597|Survivor|1: 945 352 138 53 24 9 4 1 
142820|Survivor|1: 941 339 125 52 24 9 4 1 
142958|Child_Avg|43: 885 321 129 50 24 9 4 1 
142965|Child_CrossABC1|7: 875 321 129 50 24 9 4 1 
142971|Child_CrossABC1|1: 898 321 129 50 24 9 4 1 
144132|Child_Avg|7: 1243 381 141 59 24 9 4 1 
145052|Child_Avg|11: 871 315 140 54 23 10 4 1 
145108|Child_Levy|40: 933 307 131 55 27 10 4 1 
145179|Survivor|1: 943 357 139 56 21 10 4 1 
145464|Survivor|1: 934 287 126 55 24 9 4 1 
145901|Child_Cross12|5: 912 371 139 59 27 10 4 1 
146085|Child_CrossABC1|1: 1106 304 134 59 24 9 4 1 
146096|Child_Cross12|17: 1113 303 132 58 24 9 4 1 
146105|Survivor|1: 1116 303 132 58 24 9 4 1 
146110|Child_CrossABC1|7: 1124 303 132 58 24 9 4 1 
146115|Child_Cross12|45: 1107 310 130 55 24 9 4 1 
146120|Child_Avg|59: 1101 305 129 55 24 9 4 1 
146434|Survivor|1: 945 316 119 59 27 10 4 1 
146444|Child_CrossABC1|7: 880 316 119 59 27 10 4 1 
146831|Survivor|1: 1287 397 169 70 24 9 4 1 
146845|Survivor|1: 1019 361 138 55 24 9 4 1 
146869|Child_CrossABC1|7: 848 318 126 49 24 9 4 1 
147644|Child_Cross12|17: 872 295 121 52 24 9 4 1 
147663|Child_Cross21|18: 865 300 117 49 24 9 4 1 
147674|Child_Cross12|41: 852 299 117 49 24 9 4 1 
147694|Child_Cross12|13: 844 299 117 49 24 9 4 1 
148942|Survivor|1: 1095 352 137 53 24 9 4 1 
148949|Child_Avg|31: 1108 359 141 52 24 9 4 1 
150318|Child_Avg|39: 1161 402 147 59 24 9 4 1 
152399|Child_CrossABC1|1: 831 303 118 57 23 10 4 1 
153528|Survivor|1: 1177 339 126 49 24 9 4 1 
153793|Survivor|1: 1284 355 156 59 24 9 4 1 
154491|Survivor|1: 900 347 118 49 24 9 4 1 
154508|Survivor|1: 900 346 119 49 24 9 4 1 
154980|Survivor|1: 919 340 130 55 24 9 4 1 
155257|Child_LevyP2|10: 961 341 137 58 24 9 4 1 
155271|Survivor|1: 1153 398 159 58 24 9 4 1 
155273|Child_Avg|59: 1060 371 138 55 24 9 4 1 
155306|Survivor|1: 1376 435 152 61 29 9 4 1 
155572|Child_Cross21|46|Mutated: 937 337 126 49 24 9 4 1 
155594|Child_Cross21|58: 1089 339 126 49 24 9 4 1 
155622|Survivor|1: 1176 339 126 49 24 9 4 1 
155642|Child_Cross21|54: 1072 339 126 49 24 9 4 1 
155647|Child_Cross21|10: 1159 337 126 49 24 9 4 1 
155675|Child_Cross21|50: 1205 337 126 49 24 9 4 1 
156052|Survivor|1: 883 311 138 56 24 9 4 1 
156135|Child_Cross12|37: 1179 334 132 49 24 9 4 1 
156488|Child_Cross21|14: 874 314 113 55 21 10 4 1 
156573|Survivor|1: 877 314 113 55 21 10 4 1 
156770|Child_CrossABC1|7: 1112 319 142 55 24 9 4 1 
156867|Survivor|1: 1145 319 137 53 24 9 4 1 
157707|Child_Avg|19|Mutated: 1121 344 153 65 24 9 4 1 
157711|Survivor|1: 1089 325 158 59 24 9 4 1 
158031|Child_Avg|35: 852 302 126 55 24 9 4 1 
158173|Survivor|1: 1014 352 131 56 21 10 4 1 
158249|Survivor|1: 1067 356 140 55 24 9 4 1 
158259|Child_CrossABC2|2: 1072 356 139 55 24 9 4 1 
158621|Survivor|1: 1143 398 153 64 24 9 4 1 
158637|Child_Cross21|42: 1200 398 153 64 24 9 4 1 
158639|Survivor|1: 1131 398 153 64 24 9 4 1 
158646|Child_Cross12|53: 1095 398 153 64 24 9 4 1 
158648|Child_CrossABC2|2: 1164 398 153 64 24 9 4 1 
158661|Child_Avg|43: 1056 358 138 59 24 9 4 1 
158665|Survivor|1: 1095 358 150 59 24 9 4 1 
158716|Survivor|1: 1165 343 140 62 24 9 4 1 
158722|Child_Avg|35: 1195 346 143 49 24 9 4 1 
158735|Survivor|1: 1237 345 142 49 24 9 4 1 
159297|Survivor|1: 866 341 147 64 24 9 4 1 
159299|Child_CrossABC2|2: 906 339 147 62 24 9 4 1 
159312|Survivor|1: 972 382 137 55 24 9 4 1 
159317|Survivor|1: 934 350 138 55 24 9 4 1 
159320|Child_CrossABC2|2: 936 350 138 55 24 9 4 1 
159321|Child_CrossABC2|8: 935 350 138 55 24 9 4 1 
159339|Survivor|1: 920 328 129 52 24 9 4 1 
160707|Survivor|1: 1119 330 139 49 24 9 4 1 
160851|Survivor|1: 1140 408 141 55 27 10 4 1 
160911|Child_Cross12|57: 1131 349 135 47 23 10 4 1 
160974|Survivor|1: 938 319 139 58 24 9 4 1 
160990|Survivor|1: 1042 342 127 58 24 9 4 1 
161667|Survivor|1: 857 325 141 53 19 10 4 1 
161953|Survivor|1: 1206 361 117 54 23 10 4 1 
161964|Child_CrossABC2|2: 847 308 125 47 23 10 4 1 
162149|Child_Cross21|6: 886 311 129 49 24 9 4 1 
163253|Child_CrossABC1|1: 1098 320 129 51 23 10 4 1 
163280|Survivor|1: 1173 323 117 54 23 10 4 1 
163703|Survivor|1: 1061 320 133 49 24 9 4 1 
164092|Survivor|1: 847 340 126 49 24 9 4 1 
164115|Child_Cross21|38: 855 339 126 49 24 9 4 1 
164151|Child_Cross12|25: 869 339 126 49 24 9 4 1 
164170|Child_Cross21|30: 868 337 126 49 24 9 4 1 
164179|Child_Cross21|42: 871 337 126 49 24 9 4 1 
164198|Child_Cross21|58: 858 337 126 49 24 9 4 1 
164205|Child_Avg|35: 859 316 126 49 24 9 4 1 
164215|Survivor|1: 868 340 126 49 24 9 4 1 
164220|Child_Cross21|26: 868 339 126 49 24 9 4 1 
164313|Child_Cross21|14: 1210 363 148 63 29 10 4 1 
164543|Survivor|1: 1014 316 129 51 23 10 4 1 
164916|Child_Cross21|50: 948 319 129 53 24 9 4 1 
164978|Child_Avg|59: 858 314 139 49 24 9 4 1 
165109|Child_CrossABC2|2: 1223 389 163 64 24 9 4 1 
165115|Child_Cross12|13: 1172 387 162 64 24 9 4 1 
165125|Survivor|1: 1171 362 162 61 24 9 4 1 
165127|Child_Avg|7: 1122 347 148 58 24 9 4 1 
165131|Child_CrossABC2|8: 1127 336 147 61 24 9 4 1 
166318|Child_Avg|15: 1248 372 143 53 24 9 4 1 
166334|Child_CrossABC1|7: 1082 339 125 52 24 9 4 1 
166345|Child_Avg|39: 1112 331 135 52 24 9 4 1 
166693|Survivor|1: 1281 387 151 65 27 10 4 1 
166715|Survivor|1: 1139 342 124 51 23 10 4 1 
166727|Survivor|1: 1053 326 118 57 23 10 4 1 
166735|Survivor|1: 1077 337 122 57 23 10 4 1 
166849|Survivor|1: 1144 388 155 61 29 9 4 1 
167116|Survivor|1: 1216 345 141 56 24 9 4 1 
167280|Survivor|1: 1098 393 157 58 23 10 4 1 
167336|Survivor|1: 956 339 128 55 24 9 4 1 
167386|Survivor|1: 964 296 123 59 24 9 4 1 
167433|Survivor|1: 1120 325 119 49 24 9 4 1 
168006|Survivor|1: 1176 363 141 52 24 9 4 1 
168022|Survivor|1: 1162 357 142 58 24 9 4 1 
168051|Child_CrossABC1|1: 1173 311 126 49 24 9 4 1 
168156|Survivor|1: 953 287 119 57 23 10 4 1 
168858|Survivor|1: 995 390 139 58 24 9 4 1 
168871|Child_Avg|23: 904 339 126 49 24 9 4 1 
169038|Survivor|1: 1089 333 118 57 23 10 4 1 
169099|Survivor|1: 1148 368 150 59 24 9 4 1 
169276|Survivor|1: 1028 352 132 57 23 10 4 1 
169309|Survivor|1: 845 304 112 47 23 10 4 1 
169697|Child_CrossABC1|1: 1257 369 151 65 27 10 4 1 
169732|Survivor|1: 853 298 119 49 24 9 4 1 
170000|Child_CrossABC2|8: 1150 343 143 53 24 9 4 1 
170061|Survivor|1: 1162 321 135 52 24 9 4 1 
170096|Survivor|1: 1128 309 133 49 24 9 4 1 
170103|Child_Cross12|17: 1112 309 133 49 24 9 4 1 
170108|Child_Cross21|6: 1119 309 133 49 24 9 4 1 
170113|Child_Avg|15: 1125 309 133 49 24 9 4 1 
170135|Child_Cross12|25: 1118 309 133 49 24 9 4 1 
170163|Child_Cross12|17: 1133 309 133 49 24 9 4 1 
170316|Child_Avg|35: 844 301 138 53 24 9 4 1 
170335|Survivor|1: 1233 362 142 56 21 10 4 1 
170920|Survivor|1: 1076 317 126 49 24 9 4 1 
171488|Child_Cross12|17: 1020 327 137 55 24 9 4 1 
172480|Survivor|1: 934 303 124 49 21 10 4 1 
172790|Survivor|1: 1151 328 131 55 27 10 4 1 
172827|Child_Cross12|21: 891 285 123 59 24 9 4 1 
172936|Child_Cross12|9: 857 334 133 49 24 9 4 1 
172962|Child_Cross21|54: 869 332 133 49 24 9 4 1 
173047|Survivor|1: 877 331 131 49 24 9 4 1 
173300|Child_Cross12|1: 1108 391 144 59 27 10 4 1 
173922|Survivor|1: 870 327 128 49 24 9 4 1 
174117|Survivor|1: 1204 382 140 63 27 10 4 1 
174132|Child_Cross21|38|Mutated: 1195 357 136 55 24 9 4 1 
174151|Survivor|1: 1192 357 136 55 24 9 4 1 
175323|Child_Cross12|21: 904 349 138 53 24 9 4 1 
175525|Survivor|1: 1213 328 150 55 24 9 4 1 
175539|Survivor|1: 1227 335 142 55 24 9 4 1 
175547|Survivor|1: 1180 325 139 55 24 9 4 1 
176269|Child_Cross21|22: 872 341 126 49 24 9 4 1 
176307|Survivor|1: 1093 309 125 47 23 10 4 1 
176325|Child_Cross12|33: 1117 325 125 47 23 10 4 1 
176345|Child_Cross12|41: 1119 324 125 47 23 10 4 1 
176497|Survivor|1: 1040 407 141 59 27 10 4 1 
177783|Survivor|1: 1155 341 123 59 24 9 4 1 
177787|Child_CrossABC2|2: 1153 339 126 59 24 9 4 1 
177847|Child_Cross12|21: 795 294 134 51 23 10 4 1 
178176|Survivor|1: 819 319 121 51 23 10 4 1 
178743|Child_Cross12|21: 1180 420 143 53 24 9 4 1 
178867|Survivor|1: 1065 310 139 55 24 9 4 1 
178901|Child_CrossABC1|7: 967 295 129 53 24 9 4 1 
179011|Child_CrossABC1|1: 878 301 125 47 23 10 4 1 
179446|Survivor|1: 1196 321 133 49 24 9 4 1 
179457|Child_Cross12|37: 1106 322 130 49 24 9 4 1 
179464|Child_Cross21|6: 1147 309 133 49 24 9 4 1 
180377|Child_Cross12|37: 1103 332 133 49 24 9 4 1 
180395|Child_Avg|59: 1099 332 133 49 24 9 4 1 
180413|Child_Cross21|50: 1134 332 133 49 24 9 4 1 
181140|Survivor|1: 1176 419 182 58 24 9 4 1 
181655|Survivor|1: 947 303 126 55 24 9 4 1 
182651|Survivor|1: 827 353 129 51 23 10 4 1 
182677|Child_Avg|51: 851 309 125 47 23 10 4 1 
182679|Child_Cross12|41: 871 317 125 47 23 10 4 1 
182697|Child_Cross12|13: 863 310 125 47 23 10 4 1 
182803|Child_Cross21|30: 1109 332 137 47 23 10 4 1 
182960|Survivor|1: 928 303 138 56 21 10 4 1 
183229|Survivor|1: 1147 343 139 63 27 10 4 1 
183375|Survivor|1: 1192 327 134 52 24 9 4 1 
183417|Child_CrossABC1|7: 1204 335 150 52 24 9 4 1 
183448|Child_Cross21|10: 1122 328 129 49 24 9 4 1 
183499|Survivor|1: 1090 316 126 49 24 9 4 1 
183810|Survivor|1: 1111 338 137 58 23 10 4 1 
183854|Survivor|1: 914 283 133 49 24 9 4 1 
184209|Survivor|1: 866 297 129 55 24 9 4 1 
184476|Child_Avg|27: 858 315 132 58 24 9 4 1 
185242|Survivor|1: 897 347 135 55 24 9 4 1 
185348|Child_Levy|32: 868 275 117 54 23 10 4 1 
185430|Survivor|1: 1114 307 124 51 23 10 4 1 
185831|Survivor|1: 883 320 132 67 24 9 4 1 
185848|Survivor|1: 860 331 137 55 24 9 4 1 
185859|Survivor|1: 868 323 133 49 24 9 4 1 
185938|Survivor|1: 807 296 113 55 24 9 4 1 
186215|Child_Cross21|58: 858 300 125 47 23 10 4 1 
186251|Child_Cross21|22: 857 300 125 47 23 10 4 1 
186266|Child_Cross21|2: 856 302 125 47 23 10 4 1 
186283|Child_Cross21|58: 860 300 125 47 23 10 4 1 
186313|Child_Cross21|22: 852 300 125 47 23 10 4 1 
186336|Child_Cross21|46: 848 300 125 47 23 10 4 1 
186617|Survivor|1: 1149 308 134 55 29 9 4 1 
186800|Survivor|1: 1180 389 156 59 27 10 4 1 
187387|Survivor|1: 1106 344 157 57 23 10 4 1 
187407|Child_CrossABC1|7: 1108 344 156 57 23 10 4 1 
187410|Child_CrossABC2|2: 1109 344 156 57 23 10 4 1 
187411|Child_CrossABC2|2: 1110 344 156 57 23 10 4 1 
187425|Survivor|1: 1095 337 141 58 24 9 4 1 
187433|Child_Avg|47: 1096 324 154 55 24 9 4 1 
187529|Survivor|1: 1036 381 147 64 24 9 4 1 
187547|Survivor|1: 1221 359 149 52 24 9 4 1 
188005|Survivor|1: 929 327 144 51 23 10 4 1 
188957|Survivor|1: 865 267 114 58 24 9 4 1 
188974|Survivor|1: 891 269 114 53 24 9 4 1 
189107|Survivor|1: 1046 333 133 49 24 9 4 1 
189410|Survivor|1: 951 365 138 64 24 9 4 1 
189426|Survivor|1: 1148 378 138 65 24 9 4 1 
189453|Survivor|1: 1387 425 150 59 24 9 4 1 
189521|Survivor|1: 1045 334 130 55 24 9 4 1 
189543|Survivor|1: 907 290 126 49 24 9 4 1 
189590|Child_Cross12|33: 951 296 130 49 24 9 4 1 
190656|Child_Cross21|14|Mutated: 851 313 135 55 24 9 4 1 
190661|Child_Avg|15: 852 323 135 55 24 9 4 1 
190665|Survivor|1: 852 336 135 55 24 9 4 1 
190666|Child_CrossABC1|7: 892 329 135 55 24 9 4 1 
190693|Child_Avg|31|Mutated: 1062 339 152 53 24 9 4 1 
190708|Child_CrossABC2|8: 1118 359 153 61 24 9 4 1 
191071|Survivor|1: 1246 367 166 64 24 9 4 1 
191081|Child_CrossABC1|7: 895 279 129 56 24 9 4 1 
191129|Survivor|1: 885 277 119 49 24 9 4 1 
191171|Survivor|1: 939 277 123 56 24 9 4 1 
191349|Survivor|1: 1171 337 140 54 23 10 4 1 
191738|Survivor|1: 884 285 125 47 23 10 4 1 
191775|Survivor|1: 942 284 125 47 23 10 4 1 
191828|Survivor|1: 1257 352 146 56 21 10 4 1 
191941|Child_Cross21|10: 1106 333 129 58 24 9 4 1 
191980|Survivor|1: 893 282 124 49 21 10 4 1 
191981|Child_CrossABC1|7: 877 282 124 49 21 10 4 1 
192020|Survivor|1: 939 312 130 56 25 9 4 1 
192138|Child_Cross21|18: 949 333 125 47 23 10 4 1 
192160|Child_Avg|39|Mutated: 904 324 125 47 23 10 4 1 
192170|Child_Cross12|41: 881 324 125 47 23 10 4 1 
192221|Survivor|1: 893 347 125 47 23 10 4 1 
192826|Child_CrossABC1|7: 1201 314 143 53 24 9 4 1 
192841|Survivor|1: 1062 331 141 53 24 9 4 1 
193051|Survivor|1: 1151 346 150 72 27 10 4 1 
193067|Survivor|1: 1140 340 142 62 27 10 4 1 
193069|Survivor|1: 1075 323 144 59 27 10 4 1 
193072|Child_Cross21|46: 1117 325 146 55 27 10 4 1 
193080|Child_CrossABC1|1: 1111 326 141 55 27 10 4 1 
193086|Child_Avg|11: 1118 326 142 55 27 10 4 1 
193092|Child_CrossABC1|1: 1116 326 141 55 27 10 4 1 
193104|Child_Avg|27: 1149 326 141 55 27 10 4 1 
193111|Child_Avg|15: 1138 326 141 55 27 10 4 1 
193114|Child_Cross21|26: 1142 326 141 55 27 10 4 1 
193115|Child_Cross21|6: 1129 326 141 55 27 10 4 1 
193131|Survivor|1: 1145 326 141 55 27 10 4 1 
193139|Child_Cross12|49: 1147 326 141 55 27 10 4 1 
193140|Child_Cross12|1: 1094 326 141 55 27 10 4 1 
193146|Child_CrossABC1|7: 1133 326 141 55 27 10 4 1 
193147|Child_Avg|7: 1127 326 141 55 27 10 4 1 
193154|Child_Avg|59: 1131 326 141 55 27 10 4 1 
193155|Child_Cross12|5: 1120 326 141 55 27 10 4 1 
193158|Child_Cross21|42: 1135 326 141 55 27 10 4 1 
193159|Child_Cross21|34: 1124 326 141 55 27 10 4 1 
193170|Child_Cross21|10: 1122 326 141 55 27 10 4 1 
193176|Child_Cross12|13: 1140 326 141 55 27 10 4 1 
193184|Child_Cross21|10: 1199 326 141 55 27 10 4 1 
193187|Child_Cross21|14: 1134 326 141 55 27 10 4 1 
193191|Child_Avg|55: 1144 326 141 55 27 10 4 1 
193192|Child_Cross12|41: 1155 326 141 55 27 10 4 1 
193193|Child_Avg|19: 1136 326 141 55 27 10 4 1 
193199|Child_Avg|59: 1146 326 141 55 27 10 4 1 
193213|Child_Cross21|54: 1151 326 141 55 27 10 4 1 
193215|Child_Cross21|10: 1160 326 141 55 27 10 4 1 
193228|Child_Cross21|14: 1125 326 141 55 27 10 4 1 
193232|Child_Cross12|29: 1158 326 141 55 27 10 4 1 
193239|Child_Avg|7: 1182 326 141 55 27 10 4 1 
193337|Child_Cross12|5: 1208 326 141 57 23 10 4 1 
193391|Survivor|1: 889 361 130 57 23 10 4 1 
193534|Child_Cross21|38: 861 324 125 47 23 10 4 1 
193561|Child_Cross21|46: 870 325 125 47 23 10 4 1 
193567|Child_Cross12|29|Mutated: 850 324 125 47 23 10 4 1 
193585|Survivor|1: 845 324 125 47 23 10 4 1 
194021|Child_Avg|11: 1058 368 135 58 23 10 4 1 
194192|Child_CrossABC1|1: 1235 360 146 61 29 10 4 1 
194194|Child_CrossABC2|2: 1233 362 146 61 29 10 4 1 
194196|Child_CrossABC2|2: 1181 360 146 61 29 10 4 1 
194204|Child_Avg|27: 1200 360 146 61 29 10 4 1 
194210|Survivor|1: 1193 360 146 61 29 10 4 1 
194217|Child_Avg|59: 1201 360 146 61 29 10 4 1 
194220|Child_Cross21|6: 1186 360 146 61 29 10 4 1 
194226|Child_Cross12|41: 1208 360 146 61 29 10 4 1 
194241|Child_Cross12|49: 1207 360 146 61 29 10 4 1 
194249|Child_Cross12|45: 1191 360 146 61 29 10 4 1 
194250|Child_Cross12|33: 1198 360 146 61 29 10 4 1 
194267|Child_Cross21|6: 1204 360 146 61 29 10 4 1 
194298|Child_Cross12|45: 1174 360 146 61 29 10 4 1 
194309|Child_Cross21|58: 1198 360 146 61 29 9 4 1 
194313|Child_Cross12|29: 1193 360 146 61 29 9 4 1 
194342|Child_Avg|7: 1201 360 146 61 29 9 4 1 
194348|Child_Avg|7: 1183 360 146 61 29 9 4 1 
194350|Child_Cross21|34: 1205 360 146 61 29 9 4 1 
194360|Child_Cross12|13: 1184 360 146 61 29 9 4 1 
194369|Child_Cross12|29: 1183 360 146 61 29 10 4 1 
194400|Child_Cross12|13: 1191 360 146 61 29 9 4 1 
194404|Child_Cross21|38: 1121 345 152 61 29 9 4 1 
194415|Child_CrossABC1|1: 1186 360 146 61 29 9 4 1 
194424|Child_Cross12|25: 1197 351 143 61 29 9 4 1 
194464|Child_Cross12|33: 1200 360 146 61 29 9 4 1 
194491|Child_Avg|51: 1208 360 146 61 29 9 4 1 
194493|Child_Cross21|42: 1215 360 146 61 29 9 4 1 
194495|Child_Cross21|46: 1199 371 149 61 29 9 4 1 
195083|Child_Levy|56: 1146 375 142 58 24 9 4 1 
195137|Child_CrossABC2|2: 896 329 130 49 24 9 4 1 
195325|Survivor|1: 934 295 137 53 19 10 4 1 
195740|Child_Avg|31: 850 339 125 54 23 10 4 1 
196242|Survivor|1: 849 339 134 58 24 9 4 1 
196412|Survivor|1: 1049 356 122 57 23 10 4 1 
196595|Child_Cross21|22: 897 340 133 47 23 10 4 1 
196776|Child_CrossABC2|8: 1067 305 135 56 24 9 4 1 
197591|Child_Cross12|1: 1065 377 143 61 29 9 4 1 
197595|Child_Cross21|58|Mutated: 1217 377 143 61 29 9 4 1 
197608|Child_Avg|35: 1196 377 143 61 29 9 4 1 
197610|Child_Avg|55: 1206 377 143 61 29 9 4 1 
197612|Child_Cross12|21: 1177 377 143 61 29 9 4 1 
197613|Child_Cross21|22: 1216 377 143 61 29 9 4 1 
197614|Child_Cross21|26: 1199 377 143 61 29 9 4 1 
197615|Child_Avg|59: 1197 377 143 61 29 9 4 1 
197618|Child_Cross21|22: 1226 377 143 61 29 9 4 1 
197621|Child_Cross12|37: 1230 377 143 61 29 9 4 1 
197625|Child_CrossABC1|1: 1212 377 143 61 29 9 4 1 
197627|Child_Cross12|57: 1185 377 143 61 29 9 4 1 
197631|Child_CrossABC2|2: 1219 377 143 61 29 9 4 1 
197633|Child_Cross21|42|Mutated: 1208 377 143 61 29 9 4 1 
197634|Child_Avg|11: 1207 377 143 61 29 9 4 1 
197652|Child_CrossABC2|8: 1268 377 143 61 29 9 4 1 
197654|Child_Avg|51: 1200 377 143 61 29 9 4 1 
197663|Child_CrossABC1|7: 1240 377 143 61 29 9 4 1 
197666|Child_Cross21|18: 1228 377 143 61 29 9 4 1 
197671|Child_Cross12|17: 1237 377 143 61 29 9 4 1 
197676|Child_Cross12|53|Mutated: 1217 377 143 61 24 9 4 1 
197677|Child_Cross12|37: 1218 377 143 61 29 9 4 1 
197679|Child_Cross21|34: 1212 348 143 61 29 9 4 1 
197682|Child_Avg|39: 1209 377 143 61 29 9 4 1 
197690|Child_CrossABC1|1: 1208 377 152 61 29 9 4 1 
197691|Child_Cross21|38: 1220 377 143 61 29 9 4 1 
197717|Child_Cross21|46: 1215 377 143 61 29 9 4 1 
197840|Child_Cross12|1: 903 311 126 49 24 9 4 1 
198178|Survivor|1: 845 311 125 52 24 9 4 1 
198339|Survivor|1: 879 319 147 56 24 9 4 1 
198535|Survivor|1: 865 304 126 55 24 9 4 1 
199286|Survivor|1: 1091 293 129 50 24 9 4 1 
199404|Child_Cross21|10: 866 336 129 55 24 9 4 1 
199407|Child_CrossABC2|2: 859 333 126 55 24 9 4 1 
199478|Survivor|1: 858 305 123 47 21 10 4 1 
199752|Survivor|1: 874 281 129 55 24 9 4 1 
200285|Survivor|1: 1159 311 130 46 24 9 4 1 
201017|Survivor|1: 911 316 125 47 23 10 4 1 
201215|Survivor|1: 1310 359 147 64 24 9 4 1 
201471|Survivor|1: 1196 339 131 49 24 9 4 1 
201482|Child_CrossABC2|2: 1201 339 140 50 24 9 4 1 
201644|Survivor|1: 1154 349 158 64 24 11 5 1 
201659|Survivor|1: 1069 333 145 57 23 10 4 1 
201711|Survivor|1: 1162 321 134 57 23 10 4 1 
201720|Child_Avg|15|Mutated: 1156 339 128 57 21 10 4 1 
202096|Survivor|1: 942 301 134 57 23 10 4 1 
202806|Survivor|1: 1082 354 136 55 24 9 4 1 
202813|Child_CrossABC1|1: 1101 334 135 55 24 9 4 1 
202904|Child_Cross12|13|Mutated: 2467 1023 331 137 58 24 9 4 1 
202911|Survivor|1|Mutated: 2467 1023 330 137 58 24 9 4 1 
203492|Child_Cross12|21: 971 385 141 53 24 9 4 1 
204088|Survivor|1: 946 318 127 54 23 10 4 1 
204118|Survivor|1|Mutated: 906 322 123 57 23 10 4 1 
204153|Survivor|1: 1256 366 134 53 24 9 4 1 
204602|Child_CrossABC1|7: 1167 325 131 52 24 9 4 1 
204627|Survivor|1: 1086 325 131 56 24 9 4 1 
205367|Survivor|1: 940 345 128 55 24 9 4 1 
205517|Child_CrossABC2|8|Mutated: 1151 349 157 55 24 9 4 1 
205858|Child_CrossABC1|7: 1147 332 125 52 24 9 4 1 
205864|Survivor|1: 876 332 125 52 24 9 4 1 
205986|Survivor|1: 1229 369 130 49 24 9 4 1 
206472|Survivor|1: 974 296 129 52 24 9 4 1 
206709|Child_Cross12|49: 911 325 125 47 23 10 4 1 
206714|Child_CrossABC2|8: 902 325 125 47 23 10 4 1 
206735|Child_Cross12|57: 900 332 125 47 23 10 4 1 
206740|Child_Cross21|58: 904 332 125 47 23 10 4 1 
206754|Survivor|1: 932 332 125 47 23 10 4 1 
207061|Survivor|1: 858 307 138 72 27 10 4 1 
207295|Survivor|1: 1072 339 133 56 24 9 4 1 
207304|Child_Avg|59|Mutated: 1156 327 130 55 24 9 4 1 
207334|Survivor|1: 1112 335 141 52 24 9 4 1 
207355|Survivor|1: 1105 335 141 52 24 9 4 1 
207368|Survivor|1: 1137 330 143 53 24 9 4 1 
207427|Survivor|1: 882 295 125 56 21 10 4 1 
207721|Survivor|1: 963 319 126 55 24 9 4 1 
208362|Survivor|1: 945 297 143 49 24 9 4 1 
208371|Child_CrossABC1|7: 942 297 143 49 24 9 4 1 
208372|Child_CrossABC2|2: 930 297 143 49 24 9 4 1 
209496|Survivor|1: 842 322 114 53 24 9 4 1 
209699|Child_Levy|4: 1284 387 146 56 21 10 4 1 
209777|Survivor|1: 933 333 125 47 23 10 4 1 
209807|Child_Cross12|41: 872 316 125 47 23 10 4 1 
209809|Child_Cross12|53: 832 308 125 47 23 10 4 1 
209843|Survivor|1: 864 325 125 47 23 10 4 1 
209941|Survivor|1: 830 300 125 47 23 10 4 1 
210125|Child_CrossABC1|1: 873 301 138 53 24 9 4 1 
210981|Child_CrossABC2|8: 1055 327 129 52 24 9 4 1 
211539|Survivor|1: 902 348 125 47 23 10 4 1 
211875|Child_Cross21|54: 911 319 124 56 21 10 4 1 
211918|Child_Avg|31: 1173 328 121 50 24 9 4 1 
212175|Survivor|1: 980 335 126 55 24 9 4 1 
212217|Survivor|1: 870 313 128 49 21 10 4 1 
212490|Child_Cross21|50: 866 276 125 54 23 10 4 1 
213027|Survivor|1: 844 331 117 49 21 10 4 1 
213096|Survivor|1: 1407 439 158 66 27 10 4 1 
213299|Survivor|1: 1231 390 132 59 24 9 4 1 
213345|Survivor|1: 943 345 134 51 23 10 4 1 
213403|Child_CrossABC1|1: 914 325 133 55 24 9 4 1 
213431|Child_Cross21|50: 922 334 133 49 24 9 4 1 
213945|Survivor|1: 949 347 144 57 23 10 4 1 
213948|Survivor|1: 962 349 141 57 23 10 4 1 
214301|Child_Cross12|29: 899 332 123 53 24 9 4 1 
214582|Child_CrossABC2|8: 830 318 126 55 24 9 4 1 
214594|Child_Cross21|26: 824 318 126 55 24 9 4 1 
214598|Survivor|1: 821 318 126 55 24 9 4 1 
214741|Survivor|1: 786 300 123 52 24 9 4 1 
214929|Child_CrossABC1|7: 1215 347 132 57 23 10 4 1 
214970|Child_LevyABC2|6|Mutated: 903 325 123 56 24 9 4 1 
215429|Survivor|1|Mutated: 870 320 129 61 24 9 4 1 
215535|Child_CrossABC2|2: 870 314 129 50 24 9 4 1 
215773|Child_Levy|4: 1001 350 139 59 27 10 4 1 
215873|Child_Cross12|29: 808 300 125 47 23 10 4 1 
216445|Survivor|1: 953 288 126 49 24 9 4 1 
216925|Child_Cross12|41: 854 310 133 49 24 9 4 1 
217205|Survivor|1: 846 309 137 53 24 9 4 1 
217241|Child_CrossABC2|2: 933 314 134 53 24 9 4 1 
217748|Survivor|1: 1227 366 132 59 24 9 4 1 
217762|Child_Cross12|5: 1262 372 137 58 24 9 4 1 
217770|Child_Levy|52: 1187 354 135 57 23 10 4 1 
218100|Child_Avg|43: 843 326 126 55 24 9 4 1 
218754|Survivor|1: 852 309 133 49 24 9 4 1 
218792|Child_Cross21|6: 856 309 133 49 24 9 4 1 
218836|Child_Cross21|42: 865 309 133 49 24 9 4 1 
218849|Child_Avg|59: 846 309 133 49 24 9 4 1 
218858|Child_Avg|15: 859 309 133 49 24 9 4 1 
218883|Child_Cross12|17: 851 309 133 49 24 9 4 1 
219004|Child_Cross21|14: 1141 344 138 53 24 9 4 1 
219554|Child_CrossABC1|7: 866 309 123 56 24 9 4 1 
220241|Survivor|1: 1080 333 145 55 24 9 4 1 
221075|Survivor|1: 858 313 127 54 23 10 4 1 
221376|Survivor|1: 912 363 126 49 24 9 4 1 
221395|Child_Cross21|10: 914 339 126 49 24 9 4 1 
222432|Survivor|1: 1147 335 145 61 24 9 4 1 
222443|Child_Cross21|42: 1106 323 136 59 24 9 4 1 
222447|Child_Avg|27: 1114 349 142 58 24 9 4 1 
222450|Child_Cross12|57: 1067 347 135 55 24 9 4 1 
222456|Child_Cross12|57: 1100 350 137 53 24 9 4 1 
222570|Survivor|1: 1137 340 154 57 23 10 4 1 
222812|Survivor|1: 845 296 114 53 24 9 4 1 
223252|Survivor|1: 1094 327 127 56 25 9 4 1 
223508|Survivor|1: 1358 399 141 64 29 9 4 1 
223522|Survivor|1: 1136 315 127 49 24 9 4 1 
223661|Survivor|1: 826 298 127 54 23 10 4 1 
223738|Survivor|1: 869 319 126 47 23 10 4 1 
224002|Survivor|1: 874 293 125 47 23 10 4 1 
224594|Survivor|1: 957 323 136 55 24 9 4 1 
224600|Survivor|1: 860 316 117 54 23 10 4 1 
224831|Survivor|1: 879 321 131 51 23 10 4 1 
224991|Survivor|1|Mutated: 867 345 122 57 23 10 4 1 
225330|Child_Avg|55: 856 303 145 54 23 10 4 1 
225365|Survivor|1: 1111 362 145 54 23 10 4 1 
225410|Child_Cross21|10: 880 325 125 47 23 10 4 1 
225422|Child_Cross21|6: 873 324 125 47 23 10 4 1 
225506|Survivor|1: 1041 352 142 55 27 10 4 1 
226020|Survivor|1: 876 298 118 49 24 9 4 1 
226273|Child_Cross12|33: 1118 326 135 47 23 10 4 1 
226286|Child_Avg|59: 1117 326 135 47 23 10 4 1 
226289|Child_Cross21|30: 1132 326 135 47 23 10 4 1 
226398|Survivor|1: 908 326 124 55 21 10 4 1 
226408|Survivor|1: 886 324 125 55 23 10 4 1 
226410|Survivor|1: 1055 330 129 51 23 10 4 1 
226586|Survivor|1: 886 325 125 47 23 10 4 1 
226671|Survivor|1: 865 316 125 47 24 9 4 1 
227479|Survivor|1: 937 308 125 47 23 10 4 1 
228149|Survivor|1: 1125 333 138 53 24 9 4 1 
228512|Child_Avg|11: 1172 349 135 58 24 9 4 1 
228596|Survivor|1: 1215 306 135 58 23 10 4 1 
228631|Survivor|1: 838 314 130 61 24 9 4 1 
228642|Survivor|1: 888 344 128 59 24 9 4 1 
229159|Child_CrossABC2|8: 1231 338 137 55 24 9 4 1 
229181|Survivor|1: 1173 371 158 58 24 9 4 1 
229188|Survivor|1: 1173 375 158 58 24 9 4 1 
229209|Child_CrossABC1|1: 1177 383 158 58 24 9 4 1 
229213|Survivor|1: 1144 355 151 58 24 9 4 1 
229223|Survivor|1: 1198 355 148 58 24 9 4 1 
229229|Child_CrossABC2|2: 1226 355 148 58 24 9 4 1 
229245|Child_Cross12|25: 1143 343 153 52 24 9 4 1 
229349|Survivor|1: 1227 449 165 68 24 9 4 1 
229668|Survivor|1: 1109 341 127 54 23 10 4 1 
229709|Child_Cross12|29: 1200 322 143 49 24 9 4 1 
229712|Child_Cross12|1: 1141 346 143 49 24 9 4 1 
229723|Child_Cross21|22: 1164 346 143 49 24 9 4 1 
229726|Child_Cross12|21: 1179 346 143 49 24 9 4 1 
229755|Child_Cross12|41: 1152 346 143 49 24 9 4 1 
229765|Child_Cross21|42: 1163 346 143 49 24 9 4 1 
229773|Child_Cross21|30: 1149 346 143 49 24 9 4 1 
229776|Child_Avg|23: 1146 346 143 49 24 9 4 1 
229795|Child_Cross21|34: 1175 346 143 49 24 9 4 1 
229810|Child_CrossABC2|2: 1145 346 143 49 24 9 4 1 
229816|Survivor|1: 1142 340 143 59 24 9 4 1 
229825|Child_Avg|11: 1148 346 143 49 24 9 4 1 
229831|Child_Cross21|26: 1130 346 143 49 24 9 4 1 
229835|Child_Cross12|41: 1153 346 143 49 24 9 4 1 
229836|Child_Cross12|17: 1138 346 143 49 24 9 4 1 
229848|Survivor|1: 1137 346 143 49 24 9 4 1 
229853|Child_Cross12|29: 1160 346 143 49 24 9 4 1 
229884|Child_CrossABC1|7: 1176 346 143 49 24 9 4 1 
229899|Child_Cross12|49: 1190 346 143 49 24 9 4 1 
229900|Child_Avg|47: 1194 346 143 49 24 9 4 1 
229901|Child_Cross12|29: 1186 346 143 49 24 9 4 1 
229905|Child_Cross12|9: 1187 346 143 49 24 9 4 1 
229916|Child_Cross12|49: 1172 346 143 49 24 9 4 1 
229923|Child_Cross21|10: 1168 346 143 49 24 9 4 1 
229930|Child_Cross12|45: 1180 346 143 49 24 9 4 1 
229953|Child_Avg|7: 1167 346 143 49 24 9 4 1 
229995|Child_Cross21|46|Mutated: 1167 346 143 58 24 9 4 1 
230245|Child_Cross12|41: 1102 345 133 49 24 9 4 1 
230269|Child_Cross21|26: 1107 346 133 49 24 9 4 1 
230275|Child_Avg|35: 1096 346 133 49 24 9 4 1 
230276|Child_Cross21|10: 1103 346 133 49 24 9 4 1 
230295|Child_Cross12|13: 1155 346 133 49 24 9 4 1 
230303|Child_Cross21|26: 1142 346 133 49 24 9 4 1 
230306|Child_Cross21|6: 1151 346 133 49 24 9 4 1 
230324|Child_CrossABC1|1: 1141 346 133 49 24 9 4 1 
230336|Child_Avg|35: 1138 346 133 49 24 9 4 1 
230345|Child_Cross21|14: 1134 346 133 49 24 9 4 1 
230352|Child_Cross21|14: 1201 346 133 49 24 9 4 1 
230381|Child_Cross21|34: 1173 346 133 49 24 9 4 1 
230396|Survivor|1: 1176 346 133 49 24 9 4 1 
230404|Child_Avg|19: 1183 346 133 49 24 9 4 1 
230408|Child_CrossABC2|8: 1194 346 133 49 24 9 4 1 
230418|Child_Cross12|57: 1191 346 133 49 24 9 4 1 
230423|Child_Cross12|53: 1200 346 133 49 24 9 4 1 
230447|Child_Cross21|34: 1190 346 133 49 24 9 4 1 
230494|Child_Cross12|21|Mutated: 1191 346 143 49 24 9 4 1 
230501|Child_Avg|31: 1182 346 133 49 24 9 4 1 
230763|Survivor|1: 925 285 117 52 24 9 4 1 
231122|Survivor|1: 949 290 127 49 24 9 4 1 
231227|Survivor|1: 1074 339 133 56 24 9 4 1 
231283|Survivor|1: 1131 301 138 56 24 9 4 1 
231914|Survivor|1|Mutated: 2434 986 323 137 54 23 10 4 1 
232199|Child_CrossABC1|7: 867 272 114 61 24 9 4 1 
232369|Child_CrossABC1|1: 856 297 118 49 24 9 4 1 
232492|Survivor|1: 888 317 122 53 24 9 4 1 
232829|Survivor|1: 835 286 125 47 23 10 4 1 
233116|Survivor|1: 851 296 124 51 23 10 4 1 
233209|Survivor|1: 1203 382 161 61 29 9 4 1 
233378|Survivor|1: 1122 415 142 58 24 9 4 1 
233400|Survivor|1: 978 347 129 52 24 9 4 1 
233535|Child_Avg|3: 1120 361 150 57 23 10 4 1 
233760|Survivor|1: 951 297 129 52 24 9 4 1 
233890|Child_Cross21|22: 1143 318 117 49 24 9 4 1 
235189|Child_CrossABC2|8: 1183 348 146 61 23 10 4 1 
235418|Child_CrossABC2|8: 1126 341 130 55 24 9 4 1 
235423|Child_Cross12|37: 1136 333 138 53 24 9 4 1 
235424|Child_CrossABC2|8: 1138 326 142 55 24 9 4 1 
235428|Child_Cross12|41: 1125 322 139 55 24 9 4 1 
235432|Survivor|1: 1127 327 137 55 24 9 4 1 
235453|Survivor|1: 1203 333 141 58 24 9 4 1 
235460|Child_Avg|35: 1203 333 132 58 24 9 4 1 
235756|Survivor|1: 1182 346 129 59 27 10 4 1 
237130|Child_Avg|23: 865 311 129 49 24 9 4 1 
237132|Child_Cross21|54: 864 311 129 49 24 9 4 1 
237292|Child_Cross12|53: 1091 333 125 47 23 10 4 1 
237758|Survivor|1: 1190 401 159 72 27 10 4 1 
238229|Child_Levy|44: 1240 356 141 57 23 10 4 1 
238265|Survivor|1|Mutated: 1168 342 125 61 24 9 4 1 
238412|Child_CrossABC2|8: 1087 381 146 53 24 9 4 1 
238588|Survivor|1|Mutated: 1076 345 135 57 23 10 4 1 
239386|Survivor|1: 936 326 126 59 24 9 4 1 
239521|Survivor|1: 1197 395 148 58 24 9 4 1 
239924|Survivor|1: 973 312 122 57 21 10 4 1 
240023|Child_Levy|36: 1177 355 149 63 27 10 4 1 
240032|Child_CrossABC2|2: 1177 349 149 63 27 10 4 1 
240048|Child_CrossABC1|1: 1063 325 141 59 27 10 4 1 
240583|Child_Cross12|49: 1113 300 119 49 24 9 4 1 
240962|Survivor|1|Mutated: 870 312 129 55 24 9 4 1 
240966|Child_CrossABC2|2: 877 312 129 55 24 9 4 1 
240975|Survivor|1: 883 303 129 53 24 9 4 1 
241053|Child_Cross12|21: 949 329 138 49 24 9 4 1 
241318|Child_Cross12|57: 1123 349 138 53 24 9 4 1 
241333|Survivor|1: 1123 333 138 55 24 9 4 1 
241337|Child_CrossABC1|7: 1146 333 138 53 24 9 4 1 
241338|Child_Avg|59: 1090 332 139 55 24 9 4 1 
241343|Child_Cross21|58: 1169 333 136 55 24 9 4 1 
241346|Child_CrossABC1|7: 1131 333 136 55 24 9 4 1 
241348|Survivor|1: 1119 333 136 55 24 9 4 1 
241364|Child_Cross12|5: 1144 331 137 55 24 9 4 1 
241369|Child_Avg|59: 1123 331 137 55 24 9 4 1 
241371|Survivor|1: 1141 331 137 55 24 9 4 1 
241971|Child_CrossABC1|7: 925 311 130 54 23 10 4 1 
242211|Survivor|1: 1064 340 125 47 23 10 4 1 
242279|Survivor|1: 1099 347 125 54 23 10 4 1 
242423|Survivor|1: 1105 335 132 53 24 9 4 1 
242428|Child_Cross21|46: 1193 335 132 53 24 9 4 1 
242432|Child_CrossABC2|8: 1195 335 132 53 24 9 4 1 
242434|Child_CrossABC2|2: 1175 335 132 53 24 9 4 1 
242435|Child_CrossABC1|7: 1228 335 132 53 24 9 4 1 
242438|Child_CrossABC2|8: 1178 335 132 53 24 9 4 1 
242439|Child_Cross21|2: 1184 335 132 53 24 9 4 1 
242443|Child_CrossABC1|1: 1170 335 132 53 24 9 4 1 
242447|Child_Cross12|17: 1183 335 132 53 24 9 4 1 
242449|Child_Avg|11: 1177 335 132 53 24 9 4 1 
242455|Child_Avg|35: 1141 335 132 53 24 9 4 1 
242457|Child_Avg|3: 1149 335 132 53 24 9 4 1 
242459|Child_Avg|31: 1167 335 132 53 24 9 4 1 
242460|Child_Cross12|29: 1133 335 132 53 24 9 4 1 
242472|Child_Avg|51: 1159 335 132 53 24 9 4 1 
242496|Child_Cross12|33: 1196 335 132 53 24 9 4 1 
242499|Child_Avg|15|Mutated: 1176 335 132 53 24 9 4 1 
242500|Child_Avg|43: 1185 335 132 53 24 9 4 1 
242502|Child_Cross21|34: 1186 335 132 53 24 9 4 1 
242767|Survivor|1: 934 285 126 49 24 9 4 1 
242994|Child_Cross12|33: 1148 323 132 56 21 10 4 1 
243005|Survivor|1: 1154 309 132 56 21 10 4 1 
243146|Survivor|1: 1067 326 135 58 23 10 4 1 
243692|Survivor|1: 953 374 143 59 24 9 4 1 
243708|Survivor|1: 905 374 143 59 24 9 4 1 
243712|Child_Cross12|53: 952 357 147 59 24 9 4 1 
243725|Survivor|1: 981 358 137 55 24 9 4 1 
244068|Survivor|1: 1416 399 154 55 24 9 4 1 
244124|Survivor|1: 1058 321 133 49 24 9 4 1 
244446|Survivor|1: 1214 377 170 65 24 9 4 1 
244883|Survivor|1: 902 360 135 55 24 9 4 1 
244888|Child_Cross12|41: 960 362 137 53 24 9 4 1 
244897|Survivor|1: 914 355 135 52 24 9 4 1 
245679|Child_CrossABC1|7: 1162 309 133 49 24 9 4 1 
245685|Child_Cross21|26: 1138 298 133 49 24 9 4 1 
245726|Child_Cross21|38: 1110 297 133 49 24 9 4 1 
245729|Child_Cross21|58: 1113 297 133 49 24 9 4 1 
245738|Child_CrossABC1|7: 1093 297 133 49 24 9 4 1 
245770|Child_Cross12|17: 1114 297 133 49 24 9 4 1 
245784|Child_Cross12|21: 1128 297 133 49 24 9 4 1 
245884|Child_Cross12|29: 1118 321 133 49 24 9 4 1 
245900|Child_Cross21|18: 1127 333 133 49 24 9 4 1 
245904|Child_Cross21|54: 1125 320 133 49 24 9 4 1 
245923|Survivor|1: 1092 332 133 49 24 9 4 1 
245944|Child_CrossABC2|2: 1090 332 133 49 24 9 4 1 
246097|Child_Cross21|46: 877 334 133 49 24 9 4 1 
246099|Child_Cross12|9|Mutated: 874 333 133 49 24 9 4 1 
246100|Child_Avg|55: 877 333 133 49 24 9 4 1 
246215|Child_LevyP2|4: 861 321 127 52 24 9 4 1 
246244|Child_CrossABC2|2: 862 326 126 59 24 9 4 1 
246342|Survivor|1: 858 270 125 47 23 10 4 1 
246886|Child_Avg|15: 1183 357 138 53 24 9 4 1 
246903|Survivor|1: 1183 352 138 53 24 9 4 1 
246909|Survivor|1: 1221 330 138 53 24 9 4 1 
247237|Survivor|1: 1123 341 143 52 24 9 4 1 
247330|Survivor|1: 1202 366 139 59 27 10 4 1 
247355|Child_CrossABC2|2: 1137 340 133 55 24 9 4 1 
247387|Child_CrossABC2|2|Mutated: 1243 318 126 55 24 9 4 1 
247403|Child_Cross21|50: 1248 335 126 55 24 9 4 1 
247457|Survivor|1: 838 337 117 52 24 9 4 1 
248021|Survivor|1: 1135 340 125 47 23 10 4 1 
248223|Child_CrossABC2|2: 1087 346 143 57 21 10 4 1 
248239|Child_CrossABC1|1: 1058 326 148 67 21 10 4 1 
248391|Child_Cross21|54: 1172 323 135 56 21 10 4 1 
248554|Survivor|1: 1238 345 136 55 24 9 4 1 
248574|Survivor|1: 1261 336 129 55 24 9 4 1 
249157|Survivor|1: 1152 318 121 56 21 10 4 1 
249353|Survivor|1: 1119 315 117 52 24 9 4 1 
249646|Child_CrossABC2|2: 902 348 137 55 24 9 4 1 
249727|Child_Avg|7: 921 290 126 49 24 9 4 1 
249730|Child_Cross21|58: 945 290 126 49 24 9 4 1 
249743|Child_Cross21|50: 931 290 126 49 24 9 4 1 
249753|Child_Cross12|13: 927 290 126 49 24 9 4 1 
249756|Child_Cross21|10: 924 290 126 49 24 9 4 1 
249758|Child_Cross21|10: 932 290 126 49 24 9 4 1 
249772|Child_Cross12|53: 922 290 126 49 24 9 4 1 
249784|Child_Cross12|25: 942 290 126 49 24 9 4 1 
249801|Child_Cross12|57: 935 290 126 49 24 9 4 1 
249813|Child_Cross12|57: 949 290 126 49 24 9 4 1 
249845|Survivor|1: 934 290 126 49 24 9 4 1 
249862|Survivor|1: 791 290 126 49 24 9 4 1 
250068|Child_Levy|56: 898 339 125 54 23 10 4 1 
250139|Child_Avg|3: 869 326 122 47 23 10 4 1 
250160|Child_Avg|35|Mutated: 877 326 122 57 23 10 4 1 
250182|Child_Cross12|21: 871 326 122 47 23 10 4 1 
250198|Child_Cross12|29: 881 326 122 47 23 10 4 1 
250209|Child_Avg|19|Mutated: 874 326 122 57 23 10 4 1 
250402|Survivor|1|Mutated: 1043 337 137 55 24 9 4 1 
251277|Survivor|1: 1057 349 129 56 24 9 4 1 
251340|Survivor|1: 1199 340 139 49 24 9 4 1 
251559|Survivor|1: 903 365 138 56 24 9 4 1 
252686|Child_Avg|7: 861 323 129 52 24 9 4 1 
252687|Child_Cross12|5: 1063 319 129 50 24 9 4 1 
253127|Survivor|1: 929 297 118 50 24 9 4 1 
253260|Child_Cross21|22: 1122 345 134 51 23 10 4 1 
254023|Survivor|1: 929 301 123 56 24 9 4 1 
254268|Survivor|1: 849 323 121 51 23 10 4 1 
255044|Survivor|1: 966 348 141 59 27 10 4 1 
255084|Survivor|1: 868 311 129 49 24 9 4 1 
255193|Child_Cross21|34: 850 309 122 46 24 9 4 1 
255286|Survivor|1: 1189 370 151 65 28 11 4 1 
255525|Child_Avg|3: 825 310 138 59 24 9 4 1 
255651|Survivor|1: 1218 370 123 56 24 9 4 1 
256224|Child_Avg|43: 1241 403 166 62 27 10 4 1 
256233|Survivor|1: 1139 322 143 61 29 10 4 1 
256248|Child_Cross21|42: 1119 313 138 56 24 9 4 1 
256394|Child_CrossABC2|2: 866 324 144 57 23 10 4 1 
256441|Survivor|1: 1191 395 147 57 29 9 4 1 
256826|Survivor|1: 1039 324 131 61 24 9 4 1 
257165|Survivor|1: 1116 311 132 58 24 9 4 1 
257167|Survivor|1: 1163 317 129 56 24 9 4 1 
258598|Child_Cross21|30|Mutated: 1081 334 130 55 24 9 4 1 
258611|Child_Cross12|5|Mutated: 1164 335 129 58 24 9 4 1 
258765|Survivor|1: 847 296 130 49 24 9 4 1 
259151|Child_CrossABC2|2: 1144 324 129 52 24 9 4 1 
259176|Child_Avg|19: 1106 323 129 52 24 9 4 1 
259178|Child_Avg|31: 1105 323 129 52 24 9 4 1 
259181|Child_Cross12|29: 1119 323 129 52 24 9 4 1 
259186|Survivor|1: 1120 323 129 52 24 9 4 1 
259199|Child_Cross12|37: 1118 323 129 52 24 9 4 1 
259200|Child_Cross21|26: 1117 323 129 52 24 9 4 1 
259202|Child_Cross21|38: 1091 323 129 52 24 9 4 1 
259218|Child_Avg|39: 1102 323 129 52 24 9 4 1 
259501|Child_Levy|24: 1322 392 151 57 23 10 4 1 
259776|Survivor|1: 952 352 129 51 23 10 4 1 
259997|Survivor|1|Mutated: 916 289 135 52 24 9 4 1 
260009|Survivor|1: 894 346 133 49 24 9 4 1 
260031|Child_Cross12|13: 925 346 133 49 24 9 4 1 
260054|Child_Avg|35: 938 346 133 49 24 9 4 1 
260084|Child_Cross12|9: 1124 346 133 49 24 9 4 1 
260233|Survivor|1: 917 313 126 49 24 9 4 1 
260252|Child_CrossABC2|2: 1099 325 125 47 23 10 4 1 
260792|Survivor|1: 878 323 125 56 21 10 4 1 
260988|Child_CrossABC2|8: 821 314 126 49 24 9 4 1 
261011|Child_Cross12|1: 819 313 126 49 24 9 4 1 
261090|Survivor|1: 901 333 131 55 24 9 4 1 
261114|Survivor|1: 948 303 134 58 24 9 4 1 
261115|Child_CrossABC2|2: 892 313 135 52 24 9 4 1 
261243|Survivor|1: 843 318 139 55 24 9 4 1 
261813|Survivor|1: 1190 380 143 58 24 9 4 1 
262217|Child_CrossABC1|1: 1040 353 129 51 23 10 4 1 
262929|Survivor|1: 1099 329 121 50 24 9 4 1 
263400|Survivor|1: 848 259 125 52 24 9 4 1 
263634|Survivor|1: 1172 371 148 62 30 11 5 1 
264566|Child_Cross12|9: 1088 303 135 52 24 9 4 1 
264570|Child_Avg|47: 1083 300 135 52 24 9 4 1 
264571|Child_Cross12|37|Mutated: 1094 320 135 52 24 9 4 1 
264573|Child_CrossABC1|1: 1095 324 135 52 24 9 4 1 
264578|Child_Avg|3: 1183 346 135 55 24 9 4 1 
264585|Child_Cross12|9: 1092 331 135 52 24 9 4 1 
264587|Child_Cross12|57: 1091 306 135 52 24 9 4 1 
264589|Child_Cross21|50: 1090 313 135 52 24 9 4 1 
264591|Child_Cross12|45: 1092 337 135 52 24 9 4 1 
264592|Child_Avg|7: 1091 324 135 52 24 9 4 1 
264597|Child_Cross12|53: 1093 324 135 52 24 9 4 1 
264610|Child_Avg|59: 1098 324 135 52 24 9 4 1 
264615|Child_Cross21|58: 1121 324 135 52 24 9 4 1 
264617|Child_Cross21|18: 1067 324 135 52 24 9 4 1 
264620|Child_Cross12|53: 1123 324 135 52 24 9 4 1 
264621|Child_Avg|7: 1120 324 135 52 24 9 4 1 
264622|Child_Cross21|38: 1114 331 135 52 24 9 4 1 
264623|Child_CrossABC2|8: 1087 324 135 52 24 9 4 1 
264627|Child_Cross21|18: 1116 324 135 52 24 9 4 1 
264629|Child_Avg|59: 1118 324 135 52 24 9 4 1 
264633|Survivor|1: 1125 324 135 52 24 9 4 1 
264642|Child_Avg|11: 1154 320 135 52 24 9 4 1 
264894|Survivor|1: 853 297 114 49 24 9 4 1 
264950|Child_Cross12|57: 847 300 119 49 24 9 4 1 
265185|Survivor|1: 1037 360 132 55 27 10 4 1 
265324|Child_Avg|47: 1180 335 131 55 27 10 4 1 
265327|Survivor|1: 1153 335 131 55 27 10 4 1 
265333|Child_Cross21|18: 1162 335 131 55 27 10 4 1 
265335|Child_Cross21|18: 1170 336 131 55 27 10 4 1 
265343|Child_Avg|39: 1164 335 131 55 27 10 4 1 
265345|Child_Cross12|41: 1161 335 131 55 27 10 4 1 
265349|Child_Cross21|2: 1168 335 131 55 27 10 4 1 
265356|Child_Cross12|13: 1163 335 131 55 27 10 4 1 
265360|Child_Avg|51: 1205 335 131 55 27 10 4 1 
265369|Child_Avg|55: 1171 335 131 55 27 10 4 1 
265370|Child_Cross12|17: 1177 335 131 55 27 10 4 1 
265371|Child_Avg|59: 1184 335 131 55 27 10 4 1 
265373|Child_Cross21|14: 1192 335 131 55 27 10 4 1 
265375|Child_Cross21|2|Mutated: 1159 335 131 55 27 10 4 1 
265377|Child_CrossABC2|2: 1150 335 131 55 27 10 4 1 
265379|Child_Avg|3: 1148 335 131 55 27 10 4 1 
265392|Child_Avg|39: 1125 335 131 55 27 10 4 1 
265400|Child_CrossABC2|8: 1147 335 131 55 27 10 4 1 
265406|Child_Avg|15: 1156 335 131 55 27 10 4 1 
265409|Child_Cross21|54: 1145 335 131 55 27 10 4 1 
265419|Child_Cross12|57: 1158 335 131 55 27 10 4 1 
265429|Child_CrossABC1|1: 1141 335 131 55 27 10 4 1 
265434|Child_Cross12|53: 1195 335 131 55 27 10 4 1 
265467|Survivor|1: 1169 335 131 55 27 10 4 1 
265731|Child_CrossABC2|2: 1217 352 136 66 27 10 4 1 
265752|Survivor|1: 1083 310 138 63 27 10 4 1 
266028|Survivor|1: 1049 351 142 58 24 9 4 1 
266050|Child_Cross12|45: 958 338 130 49 24 9 4 1 
267127|Child_CrossABC2|8: 920 326 145 57 23 10 4 1 
267129|Survivor|1: 887 322 145 57 23 10 4 1 
267145|Child_Cross21|54: 884 329 129 51 23 10 4 1 
267166|Child_Cross21|26: 901 329 129 51 23 10 4 1 
267169|Child_Cross12|25: 897 329 129 51 23 10 4 1 
267177|Child_Cross21|58: 904 329 129 51 23 10 4 1 
267181|Survivor|1: 952 329 129 51 23 10 4 1 
267190|Child_Cross12|5: 899 325 129 51 23 10 4 1 
267214|Child_Cross21|46: 910 330 129 51 23 10 4 1 
267222|Survivor|1: 898 325 129 51 23 10 4 1 
267229|Child_Cross12|17: 893 325 129 51 23 10 4 1 
267230|Child_Cross21|10: 839 325 129 51 23 10 4 1 
267235|Child_Cross12|17: 872 325 129 51 23 10 4 1 
267242|Child_Cross21|42: 891 325 129 51 23 10 4 1 
267243|Child_Cross21|6: 882 325 129 51 23 10 4 1 
267244|Child_Cross12|33: 871 325 129 51 23 10 4 1 
267251|Child_Avg|35: 880 325 129 51 23 10 4 1 
267252|Child_Cross21|58: 888 325 129 51 23 10 4 1 
267255|Child_Cross21|6: 883 325 129 51 23 10 4 1 
267266|Child_Avg|15: 859 325 129 51 23 10 4 1 
267273|Child_Avg|59: 867 325 129 51 23 10 4 1 
267277|Survivor|1: 874 325 129 51 23 10 4 1 
267357|Survivor|1: 980 352 129 51 23 10 4 1 
267378|Child_CrossABC1|7: 871 322 122 53 24 9 4 1 
267708|Child_Cross21|38: 1173 378 147 55 24 9 4 1 
268420|Survivor|1: 1158 344 138 61 24 9 4 1 
268595|Survivor|1: 981 357 155 57 23 10 4 1 
268625|Survivor|1: 960 297 128 56 21 10 4 1 
268771|Child_Cross12|25: 966 290 126 49 24 9 4 1 
268783|Survivor|1: 883 314 126 49 24 9 4 1 
268787|Child_Avg|19: 881 314 126 49 24 9 4 1 
268808|Child_Cross21|38: 864 313 126 49 24 9 4 1 
268817|Child_Cross21|14: 868 314 126 49 24 9 4 1 
268837|Survivor|1: 850 312 126 49 24 9 4 1 
269018|Child_Cross12|29: 888 332 125 47 23 10 4 1 
269025|Child_Cross21|38: 896 324 125 47 23 10 4 1 
269026|Child_Cross12|1: 881 332 125 47 23 10 4 1 
269033|Child_Avg|43: 878 340 125 47 23 10 4 1 
269057|Child_Cross12|9: 893 332 125 47 23 10 4 1 
269071|Child_Cross12|9: 892 332 125 47 23 10 4 1 
269094|Child_Cross12|53: 901 332 125 47 23 10 4 1 
269233|Child_Cross21|22: 1129 339 125 47 23 10 4 1 
269252|Survivor|1: 1134 339 125 47 23 10 4 1 
269282|Survivor|1: 1128 339 125 47 23 10 4 1 
269288|Survivor|1: 1130 339 125 47 23 10 4 1 
269436|Child_LevyABC1|5: 885 323 133 56 24 9 4 1 
269453|Survivor|1|Mutated: 842 296 126 55 24 9 4 1 
269645|Survivor|1: 859 295 128 57 21 10 4 1 
269845|Survivor|1: 824 300 117 49 24 9 4 1 
271515|Child_Avg|59: 884 298 133 49 24 9 4 1 
271526|Survivor|1: 840 290 126 49 24 9 4 1 
271560|Child_Cross21|54: 855 290 126 49 24 9 4 1 
271574|Child_Cross21|54: 834 290 126 49 24 9 4 1 
271657|Survivor|1: 1210 364 162 55 24 9 4 1 
271905|Survivor|1: 880 308 129 58 24 9 4 1 
272246|Survivor|1: 820 305 131 49 21 10 4 1 
272581|Survivor|1: 1206 346 145 57 23 10 4 1 
272734|Survivor|1: 917 338 151 49 24 9 4 1 
272893|Survivor|1: 944 327 142 55 24 9 4 1 
272902|Survivor|1: 912 327 142 55 24 9 4 1 
273235|Child_Avg|15: 879 325 125 47 23 10 4 1 
273283|Child_Cross12|25: 871 325 125 47 23 10 4 1 
273290|Survivor|1: 871 300 125 47 23 10 4 1 
273423|Child_Cross12|21: 1066 357 138 53 24 9 4 1 
273447|Survivor|1: 838 332 125 47 23 10 4 1 
273792|Survivor|1: 1074 328 135 52 24 9 4 1 
273994|Child_CrossABC1|7: 1185 376 137 66 29 9 4 1 
274258|Survivor|1: 1189 342 161 59 27 10 4 1 
274363|Child_Cross21|34: 836 299 117 49 24 9 4 1 
274537|Child_CrossABC1|1: 861 275 117 49 24 9 4 1 
274552|Child_Cross12|57: 854 275 117 49 24 9 4 1 
274569|Survivor|1: 864 275 117 49 24 9 4 1 
274786|Survivor|1: 1079 336 129 55 24 9 4 1 
275094|Child_CrossABC1|7: 1139 323 132 56 21 10 4 1 
275096|Survivor|1: 1131 326 145 56 21 10 4 1 
275098|Child_Cross12|49: 1134 329 135 56 21 10 4 1 
275102|Child_CrossABC2|2: 1102 327 136 56 21 10 4 1 
275124|Survivor|1: 1185 326 137 55 21 10 4 1 
275237|Survivor|1: 910 315 131 55 24 9 4 1 
275319|Survivor|1: 1085 334 154 55 24 9 4 1 
275606|Survivor|1: 1211 375 160 72 27 14 4 1 
276672|Child_Avg|31: 1081 326 131 55 27 10 4 1 
276675|Survivor|1: 1089 326 131 55 27 10 4 1 
276684|Child_CrossABC2|2: 1159 326 131 55 27 10 4 1 
276694|Child_CrossABC2|2: 1158 326 131 55 27 10 4 1 
276696|Child_Avg|3: 1202 326 131 55 27 10 4 1 
276697|Child_Cross12|29: 1245 326 131 55 27 10 4 1 
276705|Child_CrossABC1|7: 1190 326 131 55 27 10 4 1 
276855|Survivor|1: 828 299 117 49 24 9 4 1 
276881|Child_Cross12|53: 863 299 117 49 24 9 4 1 
277485|Survivor|1: 889 280 132 53 24 9 4 1 
277697|Child_Cross12|57: 945 341 132 49 24 9 4 1 
278013|Child_Avg|47: 874 301 125 47 23 10 4 1 
278019|Child_Cross12|1: 839 301 125 47 23 10 4 1 
278121|Child_Cross12|5: 1188 333 145 57 23 10 4 1 
278127|Survivor|1: 1060 312 138 53 24 9 4 1 
278162|Child_CrossABC2|2: 908 334 133 49 24 9 4 1 
278261|Survivor|1: 1151 359 153 65 24 9 4 1 
278289|Survivor|1: 1152 297 138 56 24 9 4 1 
278815|Survivor|1: 857 275 117 49 24 9 4 1 
278979|Survivor|1: 869 311 129 49 24 9 4 1 
278992|Survivor|1: 859 302 123 55 24 9 4 1 
279383|Survivor|1: 1398 431 185 71 29 10 4 1 
279654|Survivor|1: 1109 340 126 56 27 10 4 1 
279754|Survivor|1: 1075 312 131 56 21 10 4 1 
279763|Survivor|1: 909 306 135 56 21 10 4 1 
280138|Survivor|1: 1082 404 145 59 24 9 4 1 
280330|Survivor|1: 939 322 129 50 24 9 4 1 
280385|Survivor|1: 1257 380 142 63 27 10 4 1 
281239|Survivor|1: 827 309 138 53 24 9 4 1 
281675|Survivor|1: 1158 332 133 55 27 10 4 1 
282647|Survivor|1: 1312 359 142 61 24 9 4 1 
282650|Child_CrossABC2|8: 1307 359 143 61 24 9 4 1 
282663|Child_CrossABC2|8: 1194 349 138 59 24 9 4 1 
283244|Survivor|1: 815 298 118 49 24 9 4 1 
283252|Survivor|1: 813 298 118 49 24 9 4 1 
283613|Survivor|1: 913 275 117 49 24 9 4 1 
285300|Survivor|1: 1046 393 169 61 24 9 4 1 
285304|Child_Cross21|22: 1185 367 156 58 24 9 4 1 
285352|Survivor|1: 1114 334 137 55 24 9 4 1 
285358|Survivor|1: 1154 363 139 55 24 9 4 1 
285370|Survivor|1: 1179 356 139 55 24 9 4 1 
285759|Child_Avg|3: 1235 333 133 55 27 10 4 1 
285782|Survivor|1: 1107 324 125 47 23 10 4 1 
285803|Child_Cross21|6: 1052 324 125 47 23 10 4 1 
285816|Survivor|1: 1107 332 125 47 23 10 4 1 
285827|Survivor|1: 1075 319 124 49 21 10 4 1 
285945|Survivor|1: 884 322 129 50 24 9 4 1 
286301|Child_Cross12|33: 1150 326 123 47 23 10 4 1 
286655|Survivor|1: 1210 379 129 58 24 9 4 1 
286660|Survivor|1: 1210 320 129 58 24 9 4 1 
287130|Survivor|1: 881 353 135 58 23 10 4 1 
287182|Child_Cross21|14: 935 363 125 47 23 10 4 1 
287203|Child_CrossABC2|2: 939 347 125 47 23 10 4 1 
287271|Child_Avg|15: 1127 309 133 49 24 9 4 1 
287278|Child_Cross21|10: 1125 310 133 49 24 9 4 1 
287334|Child_Cross21|54: 1141 309 133 49 24 9 4 1 
287389|Child_Avg|23: 1139 309 133 49 24 9 4 1 
287424|Child_Cross21|50: 1135 309 133 49 24 9 4 1 
287435|Child_Cross12|17: 1155 309 133 49 24 9 4 1 
287459|Child_Cross21|46: 1133 323 133 49 24 9 4 1 
287465|Survivor|1: 1133 309 133 55 27 10 4 1 
287476|Child_Cross12|41: 1122 309 133 49 24 9 4 1 
287495|Child_Cross12|17: 1134 309 133 49 24 9 4 1 
287780|Survivor|1: 1103 303 134 58 24 9 4 1 
287798|Child_CrossABC2|2: 1099 290 138 59 24 9 4 1 
287800|Child_Cross12|25: 1109 319 138 59 24 9 4 1 
287802|Child_Cross21|34: 1099 321 138 59 24 9 4 1 
287803|Child_Avg|35: 1094 318 135 60 23 10 4 1 
288015|Survivor|1: 863 266 129 53 24 9 4 1 
288269|Survivor|1: 1066 381 139 56 24 9 4 1 
288311|Survivor|1: 1151 331 150 52 24 9 4 1 
288351|Survivor|1: 1129 309 130 46 24 9 4 1 
288588|Survivor|1: 857 274 114 53 24 9 4 1 
288843|Survivor|1: 1120 333 129 57 23 10 4 1 
288847|Child_Cross21|42: 1108 332 125 47 23 10 4 1 
288867|Child_Cross21|50: 1115 332 125 47 23 10 4 1 
288870|Child_Cross12|45: 1100 332 125 47 23 10 4 1 
288877|Child_Cross21|26: 1103 332 125 47 23 10 4 1 
288880|Child_Cross12|53|Mutated: 1103 332 135 57 23 10 4 1 
288883|Child_Avg|31: 1111 332 125 47 23 10 4 1 
288884|Child_Cross12|9: 1135 332 125 47 23 10 4 1 
288904|Child_Cross21|14: 1127 332 125 47 23 10 4 1 
288910|Child_Cross21|34: 1119 332 125 47 23 10 4 1 
288918|Child_Cross12|41: 1139 332 125 47 23 10 4 1 
288925|Child_Avg|23: 1138 332 125 47 23 10 4 1 
288944|Child_CrossABC2|2: 1143 332 125 47 23 10 4 1 
288982|Child_Cross21|50: 1131 332 125 47 23 10 4 1 
288984|Child_Cross21|46: 1147 332 125 47 23 10 4 1 
289004|Child_Cross12|45: 1154 332 125 47 23 10 4 1 
289007|Child_Cross12|21: 1142 332 125 47 23 10 4 1 
289009|Child_Cross12|33|Mutated: 1158 332 125 47 23 10 4 1 
289037|Child_Cross21|42: 1146 332 125 47 23 10 4 1 
289047|Child_Cross12|21: 1064 332 125 47 23 10 4 1 
289124|Child_CrossABC1|1: 1134 332 125 47 23 10 4 1 
289140|Child_Cross21|14: 1130 332 125 47 23 10 4 1 
289194|Survivor|1: 1084 332 125 47 23 10 4 1 
289694|Survivor|1: 895 342 145 54 23 10 4 1 
289718|Survivor|1: 906 338 130 49 24 9 4 1 
289929|Survivor|1: 1049 324 125 47 23 10 4 1 
290108|Child_Cross21|22: 1082 296 137 55 24 9 4 1 
290366|Survivor|1: 1142 341 126 55 24 9 4 1 
290747|Child_Cross12|41: 1166 310 133 55 24 9 4 1 
291047|Survivor|1: 942 341 131 64 24 9 4 1 
291074|Child_CrossABC1|1: 917 345 132 62 24 9 4 1 
291146|Survivor|1: 1216 359 161 70 24 9 4 1 
291154|Child_Avg|47: 854 335 129 58 24 9 4 1 
291183|Child_Cross21|18: 871 340 126 49 24 9 4 1 
291207|Child_Cross12|17: 862 338 126 49 24 9 4 1 
291289|Survivor|1: 877 338 126 49 24 9 4 1 
291322|Survivor|1: 934 311 139 59 24 9 4 1 
291361|Child_Cross12|21: 932 331 125 47 23 10 4 1 
291366|Child_Avg|59: 908 331 125 47 23 10 4 1 
291400|Survivor|1: 885 331 125 47 23 10 4 1 
291525|Survivor|1: 883 325 131 52 24 9 4 1 
291562|Survivor|1|Mutated: 871 333 133 49 24 9 4 1 
291617|Child_Cross21|50: 920 341 132 49 24 9 4 1 
291656|Child_CrossABC1|1: 917 341 132 49 24 9 4 1 
291677|Child_Avg|7|Mutated: 1182 362 129 57 23 10 4 1 
291776|Child_CrossABC2|2: 851 352 136 55 24 9 4 1 
292032|Child_Cross12|45: 856 334 138 59 24 9 4 1 
292790|Survivor|1: 849 339 128 55 24 9 4 1 
292903|Child_Cross12|17: 1185 345 141 61 29 9 4 1 
292908|Child_Avg|27: 1162 345 141 61 29 9 4 1 
292912|Child_Cross12|21: 1188 345 141 61 29 9 4 1 
292913|Child_CrossABC2|8: 1186 345 141 61 29 9 4 1 
292923|Child_CrossABC2|2: 1184 345 141 61 29 9 4 1 
292928|Survivor|1: 1183 345 141 61 29 9 4 1 
292966|Child_CrossABC2|2: 1163 342 139 59 28 11 4 1 
293150|Survivor|1: 1250 354 123 57 23 10 4 1 
293182|Child_CrossABC2|2: 895 331 125 47 23 10 4 1 
293192|Child_Cross12|41: 951 332 125 47 23 10 4 1 
293194|Child_Cross12|45: 927 332 125 47 23 10 4 1 
293201|Child_Cross12|29: 920 332 125 47 23 10 4 1 
293363|Survivor|1|Mutated: 1033 357 134 53 24 9 4 1 
293453|Survivor|1: 1100 343 127 53 24 9 4 1 
293544|Survivor|1: 934 297 114 49 21 10 4 1 
293568|Survivor|1: 869 370 146 53 24 9 4 1 
294284|Survivor|1: 898 270 117 49 21 10 4 1 
294415|Survivor|1: 862 296 130 55 24 9 4 1 
295294|Survivor|1: 1228 373 150 61 24 9 4 1 
295348|Survivor|1|Mutated: 890 274 125 49 21 10 4 1 
295928|Child_Cross12|29: 925 359 129 58 24 9 4 1 
296496|Survivor|1: 817 316 126 49 24 9 4 1 
296582|Survivor|1: 895 347 125 54 23 10 4 1 
297775|Survivor|1: 964 372 137 58 24 9 4 1 
297823|Survivor|1: 853 319 129 53 24 9 4 1 
297856|Child_Avg|43: 847 290 126 49 24 9 4 1 
297910|Child_Cross21|6: 844 290 126 49 24 9 4 1 
297929|Child_Avg|7: 900 290 126 49 24 9 4 1 
297966|Child_Cross21|30: 911 290 126 49 24 9 4 1 
298029|Child_Cross12|25: 939 290 126 49 24 9 4 1 
298249|Child_CrossABC2|8: 1122 335 132 53 24 9 4 1 
298279|Child_Cross12|9: 1175 358 133 49 24 9 4 1 
298292|Child_Cross21|2: 1181 358 133 49 24 9 4 1 
298323|Child_Cross21|10: 1159 358 133 49 24 9 4 1 
298331|Child_Cross21|10: 1177 358 133 49 24 9 4 1 
298338|Child_Cross12|29: 1216 358 133 49 24 9 4 1 
298340|Child_Avg|47: 1190 358 133 49 24 9 4 1 
298341|Child_Cross12|29: 1224 358 133 49 24 9 4 1 
298353|Child_Cross12|21: 1196 358 133 49 24 9 4 1 
298393|Survivor|1: 1204 358 133 49 24 9 4 1 
299064|Survivor|1: 841 325 132 57 23 10 4 1 
299099|Survivor|1: 865 322 123 57 23 10 4 1 
299161|Survivor|1: 926 287 126 55 24 9 4 1 
299297|Survivor|1: 1276 353 143 57 23 10 4 1 
299889|Survivor|1: 896 337 137 59 24 9 4 1 
299895|Child_CrossABC2|8: 911 338 138 59 24 9 4 1 
299905|Child_CrossABC1|1: 859 327 131 52 24 9 4 1 
301450|Survivor|1: 939 301 131 52 24 9 4 1 
301900|Survivor|1: 943 331 117 56 24 9 4 1 
302090|Survivor|1: 1140 401 162 67 30 11 5 1 
302166|Survivor|1: 851 295 129 53 24 9 4 1 
302470|Child_Cross21|10: 956 302 125 47 23 10 4 1 
302562|Survivor|1: 1082 371 130 54 23 10 4 1 
302564|Child_CrossABC1|1: 1075 334 141 57 23 10 4 1 
302565|Child_Avg|59: 1078 325 129 51 23 10 4 1 
302598|Survivor|1: 1095 333 133 49 24 9 4 1 
303086|Survivor|1: 1116 326 128 55 24 9 4 1 
303100|Survivor|1: 1087 328 129 52 24 9 4 1 
303128|Survivor|1: 1099 329 123 52 24 9 4 1 
303231|Survivor|1: 952 349 132 55 24 9 4 1 
303320|Survivor|1: 847 321 119 49 24 9 4 1 
303524|Child_Cross12|49: 1222 368 135 57 23 10 4 1 
303535|Survivor|1: 965 372 141 57 23 10 4 1 
303538|Survivor|1: 1006 360 141 57 23 10 4 1 
303544|Survivor|1: 904 330 129 51 23 10 4 1 
304250|Survivor|1: 850 297 135 49 21 10 4 1 
304627|Survivor|1: 860 309 133 49 24 9 4 1 
304843|Survivor|1: 1191 372 151 53 24 9 4 1 
305136|Survivor|1: 1131 341 138 63 27 10 4 1 
305264|Survivor|1: 942 323 138 56 24 9 4 1 
305281|Survivor|1: 963 324 135 52 24 9 4 1 
305694|Survivor|1: 947 327 131 51 23 10 4 1 
305709|Survivor|1: 1163 346 122 57 21 10 4 1 
305729|Survivor|1: 1088 343 124 56 21 10 4 1 
305970|Survivor|1: 1188 331 134 51 23 10 4 1 
305995|Child_CrossABC1|7: 1058 370 129 57 23 10 4 1 
306016|Survivor|1: 1047 339 154 57 23 10 4 1 
306077|Survivor|1: 931 331 137 55 24 9 4 1 
306082|Survivor|1: 903 329 132 58 24 9 4 1 
306815|Survivor|1: 861 310 135 52 24 9 4 1 
307377|Survivor|1: 1037 367 132 59 24 9 4 1 
307912|Survivor|1: 1183 365 121 57 23 10 4 1 
