11|Child_Cross21|26: 412 141 59 27 10 4 1 
17|Child_CrossABC1|1: 412 157 52 24 9 4 1 
18|Child_CrossABC2|8: 403 157 52 24 9 4 1 
26|Child_Cross21|42: 463 139 49 24 9 4 1 
30|Child_CrossABC2|8: 450 146 47 24 9 4 1 
37|Survivor|1: 449 127 43 24 9 4 1 
47|Child_CrossABC2|8: 447 127 43 24 9 4 1 
50|Child_Cross12|57: 383 113 43 24 9 4 1 
58|Survivor|1: 401 118 43 24 9 4 1 
64|Child_CrossABC1|1: 412 118 43 24 9 4 1 
67|Child_CrossABC2|8: 385 118 43 24 9 4 1 
105|Survivor|1: 396 123 52 24 9 4 1 
109|Survivor|1: 370 123 59 24 9 4 1 
119|Survivor|1: 373 121 55 24 9 4 1 
125|Survivor|1: 382 123 47 23 10 4 1 
135|Child_Avg|47: 363 117 44 23 10 4 1 
174|Child_Cross12|5: 395 116 45 21 10 4 1 
179|Child_Cross12|9: 395 114 44 21 10 4 1 
180|Child_Cross21|26|Mutated: 390 118 45 21 10 4 1 
182|Child_Avg|59: 393 119 45 21 10 4 1 
194|Survivor|1: 394 107 43 20 9 4 1 
199|Child_Cross12|57: 399 121 43 20 9 4 1 
203|Child_Cross21|38: 390 113 43 20 9 4 1 
207|Child_Cross21|10: 396 116 43 20 9 4 1 
214|Child_Cross21|38: 394 113 43 20 9 4 1 
220|Child_Cross12|57: 397 113 43 20 9 4 1 
226|Child_Avg|51: 401 124 43 20 9 4 1 
229|Child_CrossABC1|1: 394 122 43 20 9 4 1 
241|Child_Avg|27: 524 152 53 24 9 4 1 
253|Survivor|1: 423 134 47 23 10 4 1 
255|Child_Cross21|46: 392 117 44 23 10 4 1 
263|Child_Avg|7: 411 118 44 23 10 4 1 
265|Child_Cross12|49: 420 125 44 23 10 4 1 
268|Child_Cross12|45: 402 125 44 23 10 4 1 
271|Child_Cross12|49: 417 117 44 23 10 4 1 
272|Child_Cross12|37: 423 117 44 23 10 4 1 
275|Child_CrossABC2|2: 411 117 44 23 10 4 1 
279|Child_Cross12|25: 396 117 44 23 10 4 1 
281|Child_Avg|19: 415 117 44 23 10 4 1 
286|Child_Avg|23: 406 117 44 23 10 4 1 
290|Child_Cross12|17: 406 125 44 23 10 4 1 
294|Child_Avg|23: 413 117 44 23 10 4 1 
295|Child_Cross21|18: 404 125 44 23 10 4 1 
309|Child_Cross21|30: 399 125 44 23 10 4 1 
320|Child_Cross21|38: 395 125 44 23 10 4 1 
324|Child_Cross21|58: 397 125 44 23 10 4 1 
345|Child_Cross21|2: 423 125 44 23 10 4 1 
348|Child_Cross12|5: 413 125 44 23 10 4 1 
355|Child_Cross12|53: 409 125 44 23 10 4 1 
369|Child_CrossABC1|1: 411 125 44 23 10 4 1 
402|Child_Cross21|38|Mutated: 395 125 48 23 10 4 1 
406|Child_Cross12|45: 399 129 44 23 10 4 1 
411|Child_Avg|39: 433 125 47 23 10 4 1 
418|Child_Cross21|22|Mutated: 402 125 47 23 10 4 1 
472|Survivor|1: 396 129 49 24 9 4 1 
475|Child_CrossABC2|2: 391 110 50 24 9 4 1 
476|Child_CrossABC1|1: 389 115 49 24 9 4 1 
480|Child_Levy|44|Mutated: 413 110 48 23 10 4 1 
485|Child_Cross12|45: 402 114 49 24 9 4 1 
491|Child_Cross21|30: 364 117 46 24 9 4 1 
495|Child_CrossABC1|7: 369 118 43 24 9 4 1 
499|Child_Cross21|50: 368 112 43 24 9 4 1 
513|Child_Cross21|18: 377 118 43 24 9 4 1 
514|Child_Cross12|49: 373 113 43 24 9 4 1 
522|Child_Cross12|1|Mutated: 377 118 50 24 9 4 1 
529|Child_CrossABC1|1: 374 118 43 24 9 4 1 
547|Survivor|1: 395 109 49 24 9 4 1 
550|Child_Levy|40: 392 157 46 24 9 4 1 
554|Child_CrossABC1|1: 415 123 43 24 9 4 1 
568|Child_Cross21|10: 416 123 43 24 9 4 1 
569|Child_Cross12|45: 413 127 43 24 9 4 1 
572|Child_Cross21|58: 391 123 43 24 9 4 1 
573|Child_Cross21|58: 406 127 43 24 9 4 1 
575|Child_Cross21|42: 401 127 43 24 9 4 1 
578|Survivor|1: 411 127 43 24 9 4 1 
590|Child_Cross12|9: 403 123 43 24 9 4 1 
594|Child_CrossABC1|7: 428 129 50 24 9 4 1 
596|Child_Cross21|34: 409 126 43 24 9 4 1 
600|Child_Cross21|6: 399 127 43 24 9 4 1 
603|Child_Cross21|14: 406 126 43 24 9 4 1 
633|Child_Cross12|33: 404 123 43 24 9 4 1 
634|Child_Cross12|9: 404 126 43 24 9 4 1 
646|Child_Avg|7: 408 127 43 24 9 4 1 
673|Child_Avg|19: 382 137 58 24 9 4 1 
676|Survivor|1: 376 145 70 24 9 4 1 
677|Child_Cross12|17|Mutated: 409 133 44 24 9 4 1 
682|Child_CrossABC1|1: 409 129 44 24 9 4 1 
683|Child_CrossABC1|7: 406 132 43 24 9 4 1 
685|Child_CrossABC1|7: 389 138 44 24 9 4 1 
687|Survivor|1: 408 132 43 24 9 4 1 
691|Child_Cross21|18: 404 131 43 24 9 4 1 
703|Child_CrossABC2|8: 401 126 43 24 9 4 1 
711|Child_Cross12|33|Mutated: 403 131 52 24 9 4 1 
742|Child_CrossABC2|2: 404 126 55 24 9 4 1 
747|Child_Avg|3: 404 126 47 24 9 4 1 
764|Child_CrossABC2|2: 406 126 55 24 9 4 1 
766|Child_Avg|11: 414 126 49 24 9 4 1 
786|Child_Cross21|50: 406 118 43 24 9 4 1 
795|Child_CrossABC2|2: 402 113 43 24 9 4 1 
801|Survivor|1: 398 126 43 24 9 4 1 
820|Child_Avg|27: 414 126 43 24 9 4 1 
825|Child_CrossABC2|8: 406 127 53 24 9 4 1 
842|Child_Cross21|58: 403 126 43 24 9 4 1 
847|Child_Cross12|57: 404 118 43 24 9 4 1 
854|Child_Cross12|5: 405 113 43 24 9 4 1 
863|Child_Cross21|10: 410 123 43 24 9 4 1 
893|Child_Cross21|50: 425 126 43 24 9 4 1 
900|Child_CrossABC1|7: 405 126 56 24 9 4 1 
901|Child_Avg|47: 411 126 49 24 9 4 1 
921|Child_CrossABC2|2|Mutated: 393 122 46 24 9 4 1 
922|Child_CrossABC1|1|Mutated: 409 124 46 24 9 4 1 
930|Child_CrossABC2|2: 398 135 46 24 9 4 1 
934|Survivor|1: 394 125 46 21 10 4 1 
943|Child_Cross21|30: 395 127 45 21 10 4 1 
950|Child_CrossABC2|2: 385 127 45 21 10 4 1 
951|Child_CrossABC2|8: 393 127 45 21 10 4 1 
954|Child_CrossABC1|1: 389 121 45 21 10 4 1 
964|Child_CrossABC2|2|Mutated: 420 123 47 21 10 4 1 
977|Survivor|1: 398 122 47 21 10 4 1 
986|Child_Avg|7: 387 120 46 21 10 4 1 
988|Child_CrossABC2|8: 387 118 47 21 10 4 1 
989|Child_CrossABC2|2: 386 118 47 21 10 4 1 
991|Child_Avg|59: 388 116 45 21 10 4 1 
992|Child_Avg|39: 392 114 44 21 10 4 1 
1006|Child_Cross21|42: 392 125 44 23 10 4 1 
1009|Child_Avg|15: 394 119 44 23 10 4 1 
1012|Survivor|1: 392 119 44 23 10 4 1 
1029|Survivor|1: 392 113 48 23 10 4 1 
1031|Child_Cross21|38: 390 117 44 23 10 4 1 
1051|Child_Cross12|41: 392 118 44 23 10 4 1 
1053|Child_Cross12|25: 406 118 44 23 10 4 1 
1069|Child_Cross21|38: 394 117 44 23 10 4 1 
1087|Child_Avg|15: 419 117 44 23 10 4 1 
1088|Child_Cross21|14: 398 117 44 23 10 4 1 
1094|Survivor|1: 400 117 44 23 10 4 1 
1098|Child_Cross12|17: 405 117 44 23 10 4 1 
1141|Child_Cross12|29: 402 117 44 23 10 4 1 
1145|Child_Cross21|58: 375 117 44 23 10 4 1 
1150|Child_Cross21|10: 388 117 44 23 10 4 1 
1169|Child_Avg|43: 398 127 44 23 10 4 1 
1193|Child_CrossABC2|2: 371 117 44 23 10 4 1 
1239|Child_Avg|11: 396 147 46 24 9 4 1 
1241|Child_Avg|59: 383 139 45 23 10 4 1 
1254|Survivor|1: 401 118 44 23 10 4 1 
1261|Survivor|1: 329 133 48 23 10 4 1 
1263|Survivor|1: 412 127 47 23 10 4 1 
1322|Child_CrossABC1|7: 413 146 53 24 9 4 1 
1353|Child_LevyP1|9: 394 121 48 20 9 4 1 
1356|Child_CrossABC2|2: 420 121 48 20 9 4 1 
1360|Survivor|1: 417 121 48 20 9 4 1 
1361|Child_Avg|15: 377 116 46 20 9 4 1 
1365|Survivor|1: 385 120 46 20 9 4 1 
1367|Survivor|1: 393 120 46 20 9 4 1 
1368|Survivor|1|Mutated: 393 110 46 20 9 4 1 
1371|Child_CrossABC2|2: 363 116 46 20 9 4 1 
1380|Child_Avg|55: 364 113 43 20 9 4 1 
1386|Child_Cross21|26: 364 110 43 20 9 4 1 
1393|Child_Avg|15: 367 113 43 20 9 4 1 
1404|Child_Avg|31: 387 113 43 20 9 4 1 
1415|Child_Cross12|29: 384 113 43 20 9 4 1 
1420|Child_Cross12|41: 365 110 43 20 9 4 1 
1434|Child_Avg|15: 382 110 43 20 9 4 1 
1438|Child_Avg|59: 376 108 43 20 9 4 1 
1447|Child_Avg|31: 383 110 43 20 9 4 1 
1453|Child_Cross12|13: 374 107 43 20 9 4 1 
1465|Child_Cross21|18: 349 113 47 21 10 4 1 
1471|Survivor|1: 376 117 47 21 10 4 1 
1491|Child_Avg|27: 462 136 61 24 9 4 1 
1492|Child_CrossABC2|2: 403 125 61 24 9 4 1 
1494|Child_CrossABC1|1: 403 124 46 24 9 4 1 
1503|Child_Cross21|2: 402 123 47 21 10 4 1 
1511|Child_Cross12|1: 396 123 43 24 9 4 1 
1515|Child_Cross12|5: 404 125 43 20 9 4 1 
1516|Child_Cross21|6: 406 126 43 19 10 4 1 
1518|Child_Cross21|58: 414 127 45 21 10 4 1 
1525|Child_CrossABC2|8: 411 129 48 20 9 4 1 
1541|Survivor|1: 465 164 51 19 10 4 1 
1560|Survivor|1|Mutated: 463 164 51 19 10 4 1 
1631|Survivor|1: 351 113 43 19 10 4 1 
1647|Survivor|1: 353 127 58 24 9 4 1 
1650|Child_CrossABC1|1: 385 134 52 24 9 4 1 
1654|Child_CrossABC1|1: 469 138 52 24 9 4 1 
1655|Child_CrossABC2|8: 387 139 52 24 9 4 1 
1656|Child_Avg|3: 407 136 55 24 9 4 1 
1666|Child_Avg|51: 394 134 49 24 9 4 1 
1668|Child_CrossABC2|8: 402 141 52 24 9 4 1 
1678|Survivor|1: 395 132 43 24 9 4 1 
1681|Survivor|1: 383 136 43 24 9 4 1 
1684|Child_Cross21|18: 393 126 43 24 9 4 1 
1691|Child_Cross12|13: 392 127 43 24 9 4 1 
1693|Survivor|1: 391 137 43 24 9 4 1 
1698|Child_Avg|39|Mutated: 392 126 49 24 9 4 1 
1704|Child_Cross21|50: 388 145 43 24 9 4 1 
1707|Child_Cross21|50: 390 136 43 24 9 4 1 
1714|Child_CrossABC1|7: 383 137 43 24 9 4 1 
1717|Survivor|1: 390 126 43 24 9 4 1 
1725|Child_Cross12|29: 385 137 43 24 9 4 1 
1729|Child_Cross12|5: 397 123 43 24 9 4 1 
1740|Child_Avg|51: 394 127 43 24 9 4 1 
1761|Child_Levy|12|Mutated: 355 125 44 23 10 4 1 
1775|Child_Cross12|41: 394 113 43 24 9 4 1 
1780|Child_CrossABC2|8: 389 113 43 24 9 4 1 
1787|Survivor|1: 383 112 43 24 9 4 1 
1792|Child_CrossABC2|2: 399 112 43 24 9 4 1 
1810|Survivor|1: 390 118 43 24 9 4 1 
1822|Survivor|1: 422 131 46 21 10 4 1 
1833|Survivor|1: 379 122 46 24 9 4 1 
1843|Child_CrossABC1|7: 375 123 53 24 9 4 1 
1846|Child_CrossABC1|7: 372 117 59 24 9 4 1 
1880|Child_CrossABC2|8: 425 167 53 24 9 4 1 
1885|Child_CrossABC1|7: 422 158 59 24 9 4 1 
1894|Survivor|1: 377 136 47 24 9 4 1 
1912|Survivor|1: 411 142 43 24 9 4 1 
1919|Child_Cross21|14: 392 128 43 24 9 4 1 
1944|Child_CrossABC1|7: 401 126 44 24 9 4 1 
1952|Child_Cross12|29: 396 122 43 24 9 4 1 
1975|Child_Avg|31: 396 127 43 24 9 4 1 
1976|Child_Cross21|18: 397 127 43 24 9 4 1 
1984|Child_CrossABC2|8: 399 127 56 25 9 4 1 
2007|Child_Cross21|18: 398 118 43 24 9 4 1 
2010|Child_Avg|15|Mutated: 401 122 43 20 9 4 1 
2023|Child_Levy|56: 435 122 46 24 9 4 1 
2029|Survivor|1: 408 123 43 24 9 4 1 
2040|Survivor|1: 478 140 61 24 9 4 1 
2042|Child_CrossABC2|2: 478 150 55 24 9 4 1 
2047|Survivor|1: 418 149 52 24 9 4 1 
2049|Child_CrossABC2|2: 414 150 55 24 9 4 1 
2057|Child_Cross21|26: 378 131 50 24 9 4 1 
2061|Child_CrossABC2|8: 417 146 52 24 9 4 1 
2062|Child_Avg|15: 412 143 53 24 9 4 1 
2064|Child_Cross12|21: 399 132 50 24 9 4 1 
2065|Child_Cross21|34: 410 123 52 24 9 4 1 
2066|Child_CrossABC2|8: 409 131 53 24 9 4 1 
2068|Child_Avg|55: 408 133 49 24 9 4 1 
2069|Child_Cross21|42: 390 141 46 24 9 4 1 
2072|Child_CrossABC2|2: 388 142 43 24 9 4 1 
2074|Survivor|1: 387 141 46 24 9 4 1 
2087|Survivor|1: 381 138 47 24 9 4 1 
2094|Child_LevyP1|9: 405 148 46 24 9 4 1 
2098|Child_LevyABC1|5: 368 131 56 21 10 4 1 
2131|Child_Avg|19: 285 112 43 19 10 4 1 
2149|Survivor|1: 403 157 51 24 11 4 1 
2156|Child_Cross12|49: 391 141 49 24 9 4 1 
2164|Child_Cross12|9|Mutated: 387 148 46 24 9 4 1 
2174|Child_Avg|31: 397 150 43 24 9 4 1 
2177|Child_CrossABC2|2: 405 123 43 24 9 4 1 
2187|Child_CrossABC1|1: 401 122 43 24 9 4 1 
2191|Child_CrossABC2|8: 409 123 43 24 9 4 1 
2197|Child_Cross12|25: 413 121 43 24 9 4 1 
2201|Child_Cross12|45: 409 118 43 24 9 4 1 
2217|Child_Cross12|57: 396 118 43 24 9 4 1 
2235|Survivor|1: 418 132 47 23 10 4 1 
2236|Child_Avg|55: 452 131 60 23 10 4 1 
2248|Child_CrossABC2|2: 393 133 49 24 9 4 1 
2254|Survivor|1: 385 162 53 24 9 4 1 
2255|Child_Levy|48: 399 124 47 23 10 4 1 
2257|Survivor|1: 471 138 55 24 9 4 1 
2258|Child_Cross12|21|Mutated: 383 130 47 24 9 4 1 
2260|Survivor|1: 431 133 49 24 9 4 1 
2268|Survivor|1: 428 126 43 24 9 4 1 
2306|Child_Cross21|18: 401 142 43 24 9 4 1 
2311|Child_CrossABC1|1: 394 137 44 23 10 4 1 
2316|Survivor|1: 390 123 43 24 9 4 1 
2320|Child_Avg|23: 390 126 49 24 9 4 1 
2330|Child_Avg|27|Mutated: 398 131 47 24 9 4 1 
2335|Child_Avg|7: 378 112 43 24 9 4 1 
2369|Survivor|1: 393 116 39 21 10 4 1 
2440|Child_Avg|51: 413 123 61 24 9 4 1 
2442|Child_Avg|7|Mutated: 436 125 54 23 10 4 1 
2445|Child_Cross21|54: 323 145 52 24 9 4 1 
2449|Child_Cross21|6: 421 126 52 24 9 4 1 
2451|Child_Levy|44: 395 127 52 24 9 4 1 
2452|Child_CrossABC1|1: 372 131 50 24 9 4 1 
2455|Survivor|1: 381 121 46 24 9 4 1 
2462|Survivor|1: 378 114 43 24 9 4 1 
2474|Survivor|1: 379 113 52 24 9 4 1 
2480|Survivor|1: 366 110 53 24 9 4 1 
2494|Survivor|1: 399 126 46 24 9 4 1 
2525|Child_Cross12|13: 396 126 43 24 9 4 1 
2537|Child_Cross21|42: 409 127 43 24 9 4 1 
2564|Child_Avg|19: 407 126 43 24 9 4 1 
2573|Child_Avg|43: 404 128 47 24 9 4 1 
2586|Child_Cross21|18: 403 132 43 24 9 4 1 
2597|Child_Cross21|46: 404 127 43 24 9 4 1 
2616|Child_Cross12|37|Mutated: 406 126 47 24 9 4 1 
2648|Child_LevyP2|10|Mutated: 396 125 54 23 10 4 1 
2675|Child_CrossABC2|2: 391 121 43 24 9 4 1 
2767|Child_Cross12|33: 400 134 55 20 9 4 1 
2769|Child_Cross21|18: 388 123 46 20 9 4 1 
2782|Survivor|1: 343 127 46 20 9 4 1 
2787|Survivor|1: 347 127 46 20 9 4 1 
2792|Child_Cross12|13: 358 121 43 20 9 4 1 
2796|Survivor|1: 357 116 46 20 9 4 1 
2807|Child_Avg|11: 419 121 43 20 9 4 1 
2809|Child_Cross12|17: 408 121 43 20 9 4 1 
2810|Child_Cross21|34: 405 121 43 20 9 4 1 
2814|Child_Cross12|25: 407 121 43 20 9 4 1 
2823|Child_Cross12|33: 404 121 43 20 9 4 1 
2835|Child_Cross21|10: 407 125 43 20 9 4 1 
2854|Child_Avg|19: 402 121 43 20 9 4 1 
2862|Child_CrossABC2|2: 393 121 43 20 9 4 1 
2872|Child_Cross21|50: 430 121 43 20 9 4 1 
2876|Child_Avg|11: 385 121 43 20 9 4 1 
2900|Survivor|1: 358 118 43 20 9 4 1 
2905|Child_Cross21|10: 344 121 43 20 9 4 1 
2911|Child_Cross21|38: 381 114 43 20 9 4 1 
2917|Survivor|1: 355 110 43 20 9 4 1 
2936|Survivor|1: 391 113 43 20 9 4 1 
2952|Child_Cross12|37: 381 113 43 20 9 4 1 
2959|Child_Cross21|54: 403 113 43 20 9 4 1 
2980|Child_Cross12|9: 380 113 43 20 9 4 1 
2991|Child_Cross21|34: 383 113 43 20 9 4 1 
2995|Child_Cross21|22: 410 113 43 20 9 4 1 
3016|Child_Cross12|25: 393 127 43 20 9 4 1 
3017|Child_CrossABC2|2: 396 121 43 20 9 4 1 
3019|Child_Cross21|34: 400 125 43 20 9 4 1 
3046|Child_Cross12|21: 395 118 43 20 9 4 1 
3050|Child_Cross21|14: 410 121 43 20 9 4 1 
3054|Child_Cross12|29: 387 121 43 20 9 4 1 
3091|Child_Cross21|14|Mutated: 407 121 48 20 9 4 1 
3094|Child_Cross21|6: 404 145 43 20 9 4 1 
3124|Child_Cross12|25|Mutated: 405 121 48 20 9 4 1 
3126|Child_CrossABC1|7: 405 121 52 20 9 4 1 
3127|Child_Cross21|46: 413 121 43 20 9 4 1 
3133|Child_CrossABC2|8: 410 121 48 20 9 4 1 
3138|Child_Cross12|37: 404 124 43 20 9 4 1 
3146|Child_Avg|47: 400 121 43 20 9 4 1 
3153|Child_Cross21|34: 436 121 43 20 9 4 1 
3170|Child_Cross12|49|Mutated: 408 125 43 20 9 4 1 
3173|Child_Cross12|53: 407 122 43 20 9 4 1 
3174|Child_Cross21|14: 404 122 43 20 9 4 1 
3199|Survivor|1: 368 114 43 24 9 4 1 
3255|Survivor|1: 377 137 43 24 9 4 1 
3259|Survivor|1: 357 164 50 24 9 4 1 
3260|Child_Cross21|2: 369 153 50 24 9 4 1 
3265|Child_Cross12|9: 393 158 49 24 9 4 1 
3270|Survivor|1|Mutated: 393 158 56 24 9 4 1 
3272|Child_Cross12|57: 382 158 49 24 9 4 1 
3273|Child_Cross12|17: 399 156 49 24 9 4 1 
3275|Child_Cross12|25: 385 152 49 24 9 4 1 
3277|Survivor|1: 382 157 49 24 9 4 1 
3278|Child_Cross12|41: 384 158 49 24 9 4 1 
3282|Child_Avg|43: 381 157 49 24 9 4 1 
3287|Child_Avg|31: 398 156 49 24 9 4 1 
3295|Child_Cross21|14: 395 157 49 24 9 4 1 
3296|Child_CrossABC2|8: 390 157 49 24 9 4 1 
3299|Child_Avg|35: 380 157 49 24 9 4 1 
3303|Child_CrossABC1|7: 404 157 49 24 9 4 1 
3309|Child_Cross21|38: 396 139 49 24 9 4 1 
3317|Child_Cross12|25: 394 141 49 24 9 4 1 
3319|Child_Avg|19: 397 157 53 24 9 4 1 
3324|Child_CrossABC1|1: 367 141 49 24 9 4 1 
3332|Child_Cross12|5: 391 140 49 24 9 4 1 
3341|Child_Cross12|37: 389 141 49 24 9 4 1 
3346|Child_Cross12|25: 381 156 49 24 9 4 1 
3350|Child_Cross12|53: 396 157 49 24 9 4 1 
3355|Child_Cross21|22: 380 133 49 24 9 4 1 
3362|Child_Cross21|22|Mutated: 421 133 49 24 9 4 1 
3363|Child_Cross21|14: 390 142 49 24 9 4 1 
3371|Child_CrossABC1|1: 395 142 49 24 9 4 1 
3374|Child_CrossABC2|8: 398 143 49 24 9 4 1 
3375|Child_Avg|47: 394 142 49 24 9 4 1 
3381|Child_Cross12|9: 393 142 49 24 9 4 1 
3392|Child_CrossABC1|1: 395 143 49 24 9 4 1 
3400|Child_Cross21|22: 442 142 49 24 9 4 1 
3401|Child_Cross21|10: 394 143 49 24 9 4 1 
3407|Child_Cross12|13: 369 142 49 24 9 4 1 
3409|Child_Cross21|34: 392 142 49 24 9 4 1 
3411|Child_Cross21|54: 374 142 49 24 9 4 1 
3413|Child_Cross12|5: 391 142 49 24 9 4 1 
3434|Child_Cross12|9: 464 142 49 24 9 4 1 
3445|Child_Cross12|1: 389 139 49 24 9 4 1 
3467|Child_Avg|35: 329 132 46 24 9 4 1 
3468|Child_Levy|4: 409 130 46 24 9 4 1 
3473|Survivor|1: 411 150 47 23 10 4 1 
3476|Child_CrossABC2|8: 403 122 47 23 10 4 1 
3484|Child_Cross21|50: 401 129 44 23 10 4 1 
3507|Child_Cross12|5: 418 125 44 23 10 4 1 
3548|Child_Cross12|1: 451 161 55 24 9 4 1 
3563|Child_Cross12|49: 439 167 53 24 9 4 1 
3565|Child_Avg|11: 433 166 56 25 9 4 1 
3569|Survivor|1: 381 126 47 24 9 4 1 
3572|Child_CrossABC2|2: 388 125 47 24 9 4 1 
3575|Child_CrossABC1|7: 393 124 47 24 9 4 1 
3587|Child_CrossABC1|1: 549 159 55 27 10 4 1 
3596|Survivor|1: 417 126 43 24 9 4 1 
3599|Survivor|1: 394 109 47 23 10 4 1 
3615|Survivor|1: 373 113 43 20 9 4 1 
3620|Child_Levy|20: 367 115 44 24 9 4 1 
3632|Survivor|1|Mutated: 366 112 43 24 9 4 1 
3642|Child_CrossABC1|1: 368 113 43 24 9 4 1 
3643|Child_CrossABC1|7: 387 112 43 24 9 4 1 
3646|Child_CrossABC2|8: 386 111 49 24 9 4 1 
3650|Child_LevyP1|9: 389 117 46 24 9 4 1 
3651|Child_CrossABC2|8: 399 116 49 24 9 4 1 
3653|Child_Cross12|57: 373 111 43 24 9 4 1 
3668|Child_Avg|55: 460 143 60 19 10 4 1 
3678|Child_CrossABC2|8: 400 124 60 19 10 4 1 
3681|Child_Avg|19|Mutated: 398 119 51 19 10 4 1 
3682|Child_Cross12|37: 408 128 54 19 10 4 1 
3684|Survivor|1: 382 116 43 19 10 4 1 
3687|Child_Cross21|46: 372 114 45 19 10 4 1 
3690|Child_Cross21|10: 393 121 41 19 10 4 1 
3706|Child_CrossABC1|1: 391 118 41 19 10 4 1 
3714|Child_Cross12|25: 388 118 41 19 10 4 1 
3718|Child_CrossABC2|8: 399 118 41 19 10 4 1 
3722|Survivor|1: 402 118 41 19 10 4 1 
3786|Survivor|1: 433 155 62 27 10 4 1 
3791|Child_CrossABC2|8: 370 147 56 27 10 4 1 
3794|Child_CrossABC1|7: 383 153 56 27 10 4 1 
3795|Child_Cross12|21|Mutated: 418 129 55 27 10 4 1 
3797|Child_Cross12|33: 372 149 55 27 10 4 1 
3802|Child_Cross12|57: 395 153 53 27 10 4 1 
3805|Child_Cross21|34: 397 147 52 27 10 4 1 
3806|Child_Cross21|26: 388 147 52 27 10 4 1 
3808|Child_Cross12|21: 384 145 52 27 10 4 1 
3812|Child_Cross12|57: 370 147 52 27 10 4 1 
3815|Child_Cross21|6: 375 145 52 27 10 4 1 
3816|Child_Cross12|29: 391 145 52 27 10 4 1 
3819|Child_Cross21|22: 377 145 52 27 10 4 1 
3827|Child_Cross21|46: 386 145 52 27 10 4 1 
3829|Child_CrossABC1|1|Mutated: 393 145 52 27 10 4 1 
3837|Child_Cross21|38: 387 145 52 27 10 4 1 
3845|Child_Cross21|42: 389 145 52 27 10 4 1 
3848|Child_Cross21|14: 388 145 52 27 10 4 1 
3851|Child_Avg|43: 402 145 52 27 10 4 1 
3858|Child_Avg|19: 395 145 52 27 10 4 1 
3866|Child_Avg|39: 404 145 52 27 10 4 1 
3875|Child_Cross21|10: 397 145 52 27 10 4 1 
3877|Child_Cross12|9: 400 145 52 27 10 4 1 
3897|Child_Cross12|57: 452 145 52 27 10 4 1 
3899|Child_Avg|59: 390 145 52 27 10 4 1 
3905|Child_Avg|23: 388 145 52 24 9 4 1 
3911|Child_Cross12|25: 393 145 52 24 9 4 1 
3914|Child_Avg|51: 384 145 52 24 9 4 1 
3916|Child_CrossABC1|7: 404 145 52 24 9 4 1 
3924|Child_Cross21|10: 389 145 52 24 9 4 1 
3926|Child_Cross21|54: 431 129 52 24 9 4 1 
3931|Child_Cross21|50: 395 145 52 24 9 4 1 
3933|Child_Cross12|45: 369 145 52 24 9 4 1 
3935|Child_Cross12|33: 391 145 52 24 9 4 1 
3944|Child_Avg|51: 388 145 55 24 9 4 1 
3947|Child_CrossABC1|7: 371 145 52 24 9 4 1 
3948|Child_Avg|59: 385 145 52 24 9 4 1 
3950|Child_Avg|31: 386 135 52 24 9 4 1 
3953|Child_CrossABC2|2: 448 135 52 24 9 4 1 
3957|Child_Avg|3: 378 145 52 24 9 4 1 
3958|Child_Cross21|14: 382 145 52 24 9 4 1 
3970|Child_Cross21|26: 386 145 52 24 9 4 1 
3979|Child_Cross21|30: 390 135 52 24 9 4 1 
3992|Child_Cross12|33: 389 150 52 24 9 4 1 
4007|Child_Avg|19: 392 145 52 24 9 4 1 
4012|Child_Cross21|26: 399 145 52 24 9 4 1 
4013|Child_CrossABC1|7: 406 145 52 24 9 4 1 
4017|Child_Cross21|22|Mutated: 410 145 52 24 9 4 1 
4020|Child_Cross21|10: 393 150 52 24 9 4 1 
4025|Child_Cross12|53: 397 145 52 24 9 4 1 
4028|Child_Avg|19: 396 147 52 24 9 4 1 
4031|Child_Avg|3: 376 145 52 24 9 4 1 
4051|Child_Avg|23: 408 145 52 24 9 4 1 
4057|Child_Avg|27: 401 145 52 24 9 4 1 
4061|Child_CrossABC1|7: 397 138 53 24 9 4 1 
4062|Child_Cross12|33: 396 135 52 24 9 4 1 
4069|Child_Cross21|2: 380 145 52 24 9 4 1 
4077|Child_Cross12|33: 417 145 52 24 9 4 1 
4082|Child_Cross21|14: 396 141 52 24 9 4 1 
4087|Child_Cross21|42|Mutated: 396 145 59 24 9 4 1 
4097|Child_Avg|55: 400 145 52 24 9 4 1 
4100|Child_Cross21|30: 400 141 52 24 9 4 1 
4104|Child_Avg|23: 398 141 52 24 9 4 1 
4107|Child_Avg|51: 403 145 52 24 9 4 1 
4111|Child_Cross21|42: 411 149 52 24 9 4 1 
4122|Child_Cross21|38: 397 129 52 24 9 4 1 
4137|Child_Cross21|26: 393 134 50 24 9 4 1 
4143|Child_Avg|43: 392 145 55 24 9 4 1 
4166|Child_CrossABC2|8: 408 147 59 24 9 4 1 
4182|Child_Cross12|53|Mutated: 404 129 52 24 9 4 1 
4184|Child_CrossABC2|8|Mutated: 399 145 57 23 10 4 1 
4194|Child_Cross21|6: 455 135 52 24 9 4 1 
4197|Child_CrossABC2|8|Mutated: 400 129 52 24 9 4 1 
4221|Child_Cross12|29: 967 393 142 46 20 9 4 1 
4227|Child_Cross12|33: 440 132 43 24 9 4 1 
4233|Child_Levy|60: 411 114 46 20 9 4 1 
4240|Child_CrossABC1|1: 402 121 46 20 9 4 1 
4253|Survivor|1: 381 122 43 20 9 4 1 
4255|Child_Avg|3: 486 142 49 24 9 4 1 
4290|Survivor|1: 403 117 46 24 9 4 1 
4296|Survivor|1: 402 122 47 24 9 4 1 
4311|Survivor|1: 407 117 46 24 9 4 1 
4324|Survivor|1: 373 112 43 24 9 4 1 
4327|Survivor|1: 396 119 44 24 9 4 1 
4333|Child_Cross12|53: 386 121 43 24 9 4 1 
4349|Child_CrossABC2|8: 403 126 46 24 9 4 1 
4358|Child_Cross12|33: 356 119 53 24 9 4 1 
4360|Child_Avg|43: 367 119 46 24 9 4 1 
4373|Child_Levy|44: 432 127 46 21 10 4 1 
4379|Child_Cross21|10|Mutated: 398 153 53 24 11 4 1 
4381|Survivor|1: 385 125 44 23 10 4 1 
4404|Child_CrossABC2|8: 393 133 43 24 9 4 1 
4406|Survivor|1|Mutated: 397 127 50 24 9 4 1 
4408|Child_CrossABC1|1: 401 128 49 24 9 4 1 
4410|Child_CrossABC1|7: 406 128 49 24 9 4 1 
4416|Child_Cross12|13: 395 139 44 24 9 4 1 
4420|Survivor|1: 415 135 50 24 9 4 1 
4429|Child_Cross12|33: 400 119 44 24 9 4 1 
4431|Child_CrossABC2|8: 403 126 44 24 9 4 1 
4439|Child_Cross21|42: 412 126 43 24 9 4 1 
4445|Child_Avg|39|Mutated: 408 127 49 24 9 4 1 
4451|Child_Cross12|13: 398 122 43 24 9 4 1 
4507|Survivor|1: 401 132 46 24 9 4 1 
4521|Survivor|1: 395 127 50 24 9 4 1 
4523|Child_CrossABC1|7: 399 129 53 24 9 4 1 
4525|Child_Cross12|1: 407 127 52 24 9 4 1 
4536|Child_Avg|3: 400 131 47 24 9 4 1 
4542|Child_Avg|59: 395 130 46 24 9 4 1 
4551|Child_CrossABC1|7: 368 127 43 24 9 4 1 
4553|Survivor|1|Mutated: 413 127 43 20 9 4 1 
4556|Child_CrossABC2|2: 418 127 43 24 9 4 1 
4603|Child_Cross21|30: 411 127 43 20 9 4 1 
4686|Survivor|1: 392 124 47 24 9 4 1 
4688|Survivor|1: 390 132 55 24 9 4 1 
4696|Survivor|1|Mutated: 396 118 49 24 9 4 1 
4697|Child_CrossABC1|1: 411 128 59 24 9 4 1 
4699|Child_CrossABC2|8: 415 135 46 24 9 4 1 
4703|Child_Cross12|9: 381 113 43 24 9 4 1 
4709|Survivor|1: 411 152 43 24 9 4 1 
4726|Child_CrossABC2|8|Mutated: 388 114 49 24 9 4 1 
4796|Survivor|1: 947 345 103 43 19 10 4 1 
4826|Survivor|1: 405 129 42 19 10 4 1 
4831|Child_CrossABC1|7: 388 116 41 19 10 4 1 
4837|Survivor|1: 394 127 43 20 9 4 1 
4887|Survivor|1: 380 117 49 24 9 4 1 
4896|Child_Cross21|26: 450 147 47 24 9 4 1 
4902|Survivor|1: 378 117 44 24 9 4 1 
4914|Survivor|1: 348 121 43 24 9 4 1 
4932|Survivor|1: 377 115 44 24 9 4 1 
4948|Child_CrossABC1|7: 349 121 47 24 9 4 1 
4994|Child_CrossABC1|1: 457 152 55 24 9 4 1 
5014|Child_Cross12|1: 383 133 49 24 9 4 1 
5016|Child_CrossABC1|1: 408 131 55 24 9 4 1 
5020|Child_CrossABC2|2: 381 133 49 24 9 4 1 
5032|Child_CrossABC2|8: 380 137 44 24 9 4 1 
5039|Survivor|1: 390 135 47 24 9 4 1 
5044|Child_CrossABC1|7: 402 137 58 24 9 4 1 
5047|Survivor|1: 408 137 52 24 9 4 1 
5048|Child_Cross12|21: 395 130 49 24 9 4 1 
5060|Survivor|1: 387 126 47 23 10 4 1 
5063|Survivor|1: 415 128 47 23 10 4 1 
5070|Child_Avg|47: 404 126 47 23 10 4 1 
5089|Child_LevyP2|10: 426 117 52 24 9 4 1 
5103|Child_Avg|55: 411 125 45 21 10 4 1 
5104|Child_CrossABC1|1: 404 127 45 21 10 4 1 
5105|Child_CrossABC2|2: 406 127 45 21 10 4 1 
5106|Child_CrossABC2|2: 398 127 45 21 10 4 1 
5121|Child_CrossABC1|1: 455 127 43 20 9 4 1 
5125|Child_Avg|15: 411 122 43 20 9 4 1 
5127|Child_Cross12|33: 427 121 43 20 9 4 1 
5131|Child_Cross12|45: 422 121 43 20 9 4 1 
5132|Child_Avg|35: 416 121 43 20 9 4 1 
5133|Child_Cross12|17: 424 122 43 20 9 4 1 
5135|Child_Cross12|33: 390 118 43 20 9 4 1 
5184|Child_Avg|55: 384 118 43 20 9 4 1 
5185|Child_CrossABC1|1: 376 107 43 20 9 4 1 
5190|Child_Cross21|42: 384 110 43 20 9 4 1 
5193|Child_Cross12|57: 355 107 43 20 9 4 1 
5197|Child_Cross21|2: 387 118 43 20 9 4 1 
5198|Child_Cross21|34: 381 110 43 20 9 4 1 
5208|Child_Avg|19: 386 110 43 20 9 4 1 
5212|Child_Cross12|13|Mutated: 387 110 43 20 9 4 1 
5254|Survivor|1: 392 135 60 23 10 4 1 
5258|Child_Cross21|34: 423 132 47 23 10 4 1 
5265|Survivor|1: 419 133 53 24 9 4 1 
5273|Child_CrossABC2|2: 354 132 47 23 10 4 1 
5281|Survivor|1: 362 120 46 21 10 4 1 
5283|Child_Cross21|30: 384 124 45 21 10 4 1 
5288|Child_CrossABC1|7: 409 127 43 20 9 4 1 
5297|Child_Cross21|42: 411 125 43 20 9 4 1 
5302|Child_Cross12|21: 411 124 43 20 9 4 1 
5305|Child_Cross21|2: 409 125 43 20 9 4 1 
5310|Child_Cross21|50: 403 125 43 20 9 4 1 
5311|Child_CrossABC1|1: 406 125 43 20 9 4 1 
5345|Child_CrossABC2|2|Mutated: 395 117 46 20 9 4 1 
5363|Child_Avg|47: 392 116 43 20 9 4 1 
5402|Child_Avg|11: 459 151 58 24 9 4 1 
5412|Survivor|1: 447 131 50 24 9 4 1 
5418|Child_Avg|51: 397 117 49 24 9 4 1 
5428|Survivor|1: 327 128 46 24 9 4 1 
5430|Child_Cross21|26: 403 121 46 24 9 4 1 
5449|Child_CrossABC1|1: 393 119 49 24 9 4 1 
5455|Child_CrossABC2|8: 389 121 52 24 9 4 1 
5457|Child_Avg|59|Mutated: 398 121 46 24 9 4 1 
5459|Child_CrossABC1|7: 396 121 46 24 9 4 1 
5477|Survivor|1: 392 140 43 24 9 4 1 
5479|Child_Avg|11: 389 146 46 24 9 4 1 
5486|Child_Avg|7: 384 141 46 24 9 4 1 
5490|Child_Avg|55: 388 145 46 24 9 4 1 
5491|Child_CrossABC2|2: 385 145 46 24 9 4 1 
5508|Survivor|1: 457 143 46 24 9 4 1 
5517|Survivor|1: 396 151 45 23 10 4 1 
5524|Survivor|1: 399 141 44 23 10 4 1 
5527|Child_CrossABC2|2: 400 142 45 21 10 4 1 
5537|Child_Levy|28: 361 131 49 21 10 4 1 
5552|Survivor|1|Mutated: 354 131 49 21 10 4 1 
5565|Survivor|1: 350 127 45 21 10 4 1 
5581|Child_Cross21|26: 398 108 45 23 10 4 1 
5592|Child_Levy|16: 385 117 47 21 10 4 1 
5621|Child_Avg|51: 460 135 58 23 10 4 1 
5629|Child_Avg|51: 494 138 61 23 10 4 1 
5634|Survivor|1: 442 123 57 23 10 4 1 
5636|Child_CrossABC2|2: 446 129 57 23 10 4 1 
5639|Survivor|1|Mutated: 386 129 57 23 10 4 1 
5641|Child_Avg|7: 452 129 52 24 9 4 1 
5648|Child_Cross12|53: 394 126 49 24 9 4 1 
5652|Child_CrossABC1|1: 409 126 49 24 9 4 1 
5653|Child_Cross12|5|Mutated: 444 126 49 24 9 4 1 
5654|Child_Avg|39: 412 126 49 24 9 4 1 
5656|Child_Cross21|54: 410 126 49 24 9 4 1 
5657|Child_Avg|55: 415 129 49 24 9 4 1 
5660|Child_Avg|19: 413 127 49 24 9 4 1 
5663|Child_Cross12|41: 416 126 49 24 9 4 1 
5666|Child_Avg|59: 413 126 49 24 9 4 1 
5667|Child_Avg|55: 415 126 49 24 9 4 1 
5668|Child_CrossABC2|8: 418 126 49 24 9 4 1 
5694|Child_Cross12|17: 391 126 49 24 9 4 1 
5697|Child_Cross21|50: 417 126 49 24 9 4 1 
5698|Child_Cross12|45: 412 117 49 24 9 4 1 
5722|Child_Levy|32: 506 158 55 27 10 4 1 
5751|Child_Avg|27: 514 192 71 29 10 4 1 
5754|Child_CrossABC2|8: 375 152 53 24 9 4 1 
5758|Child_CrossABC2|2: 377 142 57 23 10 4 1 
5764|Child_Levy|48: 369 136 48 21 10 4 1 
5773|Child_CrossABC1|7: 402 143 47 21 10 4 1 
5775|Survivor|1: 354 135 46 21 10 4 1 
5777|Child_Cross21|38: 369 127 45 21 10 4 1 
5787|Survivor|1: 373 134 46 20 9 4 1 
5806|Survivor|1: 377 142 43 24 9 4 1 
5860|Child_CrossABC1|1: 439 166 55 24 9 4 1 
5872|Survivor|1: 696 145 52 24 9 4 1 
5874|Child_Cross21|22: 531 139 51 23 10 4 1 
5879|Child_Cross12|33: 392 131 50 24 9 4 1 
5882|Survivor|1: 450 175 47 24 9 4 1 
5896|Child_Avg|7: 363 134 51 23 10 4 1 
5908|Child_Avg|15: 321 114 43 20 9 4 1 
5919|Child_Cross21|50: 360 125 44 23 10 4 1 
5926|Survivor|1: 363 135 58 24 11 4 1 
5966|Child_CrossABC2|2: 582 149 68 24 9 4 1 
5974|Survivor|1: 425 123 46 24 9 4 1 
5984|Child_Avg|15: 422 123 43 24 9 4 1 
6005|Survivor|1: 418 121 43 24 9 4 1 
6015|Child_Cross12|9: 421 123 43 24 9 4 1 
6018|Child_CrossABC1|1: 414 123 46 24 9 4 1 
6059|Survivor|1: 402 136 49 25 9 4 1 
6063|Survivor|1: 404 134 47 25 9 4 1 
6065|Child_Cross21|22: 404 134 47 24 9 4 1 
6069|Survivor|1: 398 142 49 24 9 4 1 
6079|Child_CrossABC2|2|Mutated: 437 137 52 24 9 4 1 
6083|Child_Avg|11: 412 129 44 24 9 4 1 
6094|Child_CrossABC2|8: 410 121 43 24 9 4 1 
6118|Child_Cross21|10: 411 126 43 24 9 4 1 
6147|Survivor|1: 405 132 43 24 9 4 1 
6164|Child_Cross21|34: 427 121 46 24 9 4 1 
6173|Child_Levy|32: 466 132 49 24 9 4 1 
6178|Child_CrossABC1|1: 465 132 49 24 9 4 1 
6181|Child_CrossABC1|1: 464 133 48 23 10 4 1 
6187|Survivor|1: 444 133 52 24 9 4 1 
6192|Survivor|1: 391 122 43 24 9 4 1 
6196|Child_Cross12|5: 397 121 43 24 9 4 1 
6216|Survivor|1: 362 121 46 24 9 4 1 
6231|Survivor|1: 431 170 56 24 9 4 1 
6242|Child_CrossABC2|2: 475 129 58 24 9 4 1 
6244|Child_CrossABC1|1: 433 139 52 24 9 4 1 
6246|Child_Avg|27: 399 164 50 24 9 4 1 
6248|Child_CrossABC2|2|Mutated: 443 162 56 24 9 4 1 
6250|Child_CrossABC2|8: 451 160 61 24 9 4 1 
6253|Child_Cross12|49: 462 163 61 24 9 4 1 
6264|Survivor|1: 418 138 53 24 9 4 1 
6282|Survivor|1: 381 139 49 24 9 4 1 
6288|Child_Cross21|26: 359 131 45 23 10 4 1 
6301|Survivor|1: 369 137 44 24 9 4 1 
6306|Child_CrossABC2|2: 368 135 46 24 9 4 1 
6312|Survivor|1: 374 137 44 24 9 4 1 
6340|Survivor|1: 355 122 46 24 9 4 1 
6357|Survivor|1: 472 156 53 24 9 4 1 
6382|Child_CrossABC1|7: 414 136 49 24 9 4 1 
6385|Child_CrossABC2|2: 401 132 50 24 9 4 1 
6388|Child_Cross21|30: 398 128 49 24 9 4 1 
6390|Survivor|1: 413 130 46 24 9 4 1 
6398|Child_Cross21|42: 383 134 43 20 9 4 1 
6429|Child_Avg|31: 391 141 52 29 9 4 1 
6438|Survivor|1: 405 142 53 28 9 4 1 
6443|Survivor|1: 397 154 53 27 10 4 1 
6445|Survivor|1: 393 152 47 24 9 4 1 
6450|Child_Cross12|29: 372 141 43 24 9 4 1 
6454|Child_Avg|47: 381 141 43 24 9 4 1 
6462|Child_Cross12|5: 372 137 43 24 9 4 1 
6465|Child_CrossABC2|2: 379 137 53 24 9 4 1 
6470|Child_CrossABC1|1: 377 142 61 24 9 4 1 
6473|Child_Avg|19: 374 141 52 24 9 4 1 
6476|Child_Cross12|53: 374 142 43 24 9 4 1 
6483|Survivor|1|Mutated: 389 142 50 24 9 4 1 
6491|Child_Cross12|9: 394 140 43 24 9 4 1 
6514|Survivor|1: 348 110 43 20 9 4 1 
6527|Survivor|1: 311 113 43 20 9 4 1 
6553|Survivor|1: 317 128 45 21 10 4 1 
6586|Child_Avg|47: 457 147 51 23 10 4 1 
6587|Child_CrossABC1|7: 459 151 52 24 9 4 1 
6591|Child_Avg|19|Mutated: 343 134 49 21 10 4 1 
6595|Child_Cross21|50: 447 143 47 21 10 4 1 
6601|Child_Avg|23: 393 149 47 21 10 4 1 
6603|Child_Cross21|14: 395 142 46 20 9 4 1 
6604|Child_Cross12|17: 393 148 45 21 10 4 1 
6611|Survivor|1: 398 140 44 23 10 4 1 
6639|Child_Cross21|58: 390 138 41 19 10 4 1 
6651|Child_Cross12|57: 394 140 41 19 10 4 1 
6666|Child_Avg|39: 388 140 41 19 10 4 1 
6674|Child_Cross21|22: 393 140 41 19 10 4 1 
6684|Survivor|1: 405 128 41 19 10 4 1 
6689|Child_Avg|43: 392 140 41 19 10 4 1 
6702|Child_Avg|43: 391 140 44 19 10 4 1 
6730|Child_Cross12|45: 393 137 41 19 10 4 1 
6741|Child_Cross12|29: 405 124 41 19 10 4 1 
6744|Child_Cross12|37: 402 128 41 19 10 4 1 
6745|Child_Cross12|57: 404 124 41 19 10 4 1 
6748|Child_Cross12|41|Mutated: 401 124 44 19 10 4 1 
6756|Child_CrossABC1|1: 404 124 45 19 10 4 1 
6764|Child_Avg|43: 402 124 44 19 10 4 1 
6774|Child_Avg|31: 403 124 41 19 10 4 1 
6779|Child_CrossABC1|1: 402 124 41 19 10 4 1 
6793|Child_Cross21|50: 401 115 41 19 10 4 1 
6805|Child_Cross21|14: 401 124 41 19 10 4 1 
6817|Child_Cross12|33: 400 124 41 19 10 4 1 
6828|Child_Avg|23: 400 124 45 19 10 4 1 
6838|Child_CrossABC1|7: 406 124 44 19 10 4 1 
6877|Child_Cross21|54: 404 125 41 19 10 4 1 
6893|Child_CrossABC2|2|Mutated: 403 125 54 19 10 4 1 
6909|Survivor|1: 402 124 51 19 10 4 1 
6926|Child_Avg|27: 403 124 44 19 10 4 1 
6927|Child_Cross12|49: 412 121 41 19 10 4 1 
6974|Child_Avg|7: 387 124 49 21 10 4 1 
7017|Child_LevyP1|9: 472 152 65 25 9 4 1 
7019|Child_Avg|35: 443 143 55 24 9 4 1 
7025|Child_CrossABC2|8: 479 149 48 20 9 4 1 
7032|Survivor|1|Mutated: 379 137 48 21 10 4 1 
7039|Survivor|1: 448 137 45 21 10 4 1 
7040|Child_Avg|31: 407 134 49 21 10 4 1 
7051|Survivor|1: 419 130 43 20 9 4 1 
7054|Child_Cross12|49: 425 130 43 20 9 4 1 
7058|Child_Cross21|34|Mutated: 357 130 43 20 9 4 1 
7063|Child_Avg|39: 422 130 43 20 9 4 1 
7065|Child_Cross12|25: 424 130 43 20 9 4 1 
7071|Child_Cross21|2: 403 130 43 20 9 4 1 
7078|Child_Cross21|38: 400 130 43 20 9 4 1 
7084|Child_Cross21|58: 398 130 43 20 9 4 1 
7089|Child_Cross12|41: 402 130 43 20 9 4 1 
7097|Child_Cross21|18: 421 130 43 20 9 4 1 
7106|Child_Cross12|29: 404 130 43 20 9 4 1 
7117|Child_Avg|27|Mutated: 399 130 43 20 9 4 1 
7119|Child_Avg|51: 405 130 43 20 9 4 1 
7124|Child_Cross12|9: 401 130 43 20 9 4 1 
7136|Child_Cross21|18|Mutated: 397 130 43 20 9 4 1 
7140|Child_CrossABC1|1: 380 130 43 20 9 4 1 
7212|Child_CrossABC2|2: 380 155 50 24 9 4 1 
7225|Survivor|1: 369 130 46 24 9 4 1 
7237|Child_Avg|31: 347 123 43 24 9 4 1 
7238|Child_CrossABC2|8: 411 122 47 23 10 4 1 
7263|Survivor|1: 317 117 45 23 10 4 1 
7266|Child_CrossABC2|2: 348 119 48 21 10 4 1 
7271|Child_Levy|32|Mutated: 365 122 48 20 9 4 1 
7282|Survivor|1: 414 131 48 20 9 4 1 
7295|Child_Avg|15: 397 162 53 24 11 5 1 
7297|Child_CrossABC1|7: 396 166 53 24 11 5 1 
7304|Survivor|1: 375 154 51 24 11 5 1 
7308|Child_Avg|23: 380 137 47 23 10 4 1 
7315|Survivor|1|Mutated: 372 139 44 23 10 4 1 
7324|Child_LevyP1|9: 405 146 46 24 9 4 1 
7344|Survivor|1: 401 146 43 24 9 4 1 
7411|Survivor|1: 442 166 49 24 9 4 1 
7420|Child_CrossABC1|7: 403 158 50 24 9 4 1 
7432|Survivor|1: 367 117 43 24 9 4 1 
7466|Child_Levy|56: 392 156 61 24 9 4 1 
7467|Child_Levy|24: 374 139 57 20 9 4 1 
7473|Child_CrossABC1|7: 377 138 55 20 9 4 1 
7479|Survivor|1: 459 168 62 24 9 4 1 
7481|Child_Levy|20: 549 155 64 23 10 4 1 
7489|Child_Avg|23: 397 125 54 23 10 4 1 
7508|Child_Avg|31|Mutated: 353 126 46 24 9 4 1 
7510|Child_Avg|19: 357 128 46 24 9 4 1 
7513|Survivor|1: 366 141 46 24 9 4 1 
7521|Child_Cross21|18: 397 130 46 24 9 4 1 
7524|Child_CrossABC1|7: 397 146 46 24 9 4 1 
7525|Child_Cross12|13: 411 130 46 24 9 4 1 
7526|Child_CrossABC1|7: 405 130 46 24 9 4 1 
7528|Child_Cross12|1: 417 130 46 24 9 4 1 
7529|Child_Cross12|9: 415 130 46 24 9 4 1 
7533|Child_Cross12|17: 387 124 46 24 9 4 1 
7535|Child_Avg|43: 391 124 46 24 9 4 1 
7540|Child_Avg|43: 399 130 46 24 9 4 1 
7552|Child_Cross21|58: 401 130 46 24 9 4 1 
7554|Child_Avg|19: 407 130 46 24 9 4 1 
7557|Child_Cross21|18: 403 130 46 24 9 4 1 
7567|Child_Cross12|9|Mutated: 403 152 46 24 9 4 1 
7568|Child_CrossABC2|8: 403 145 55 24 9 4 1 
7570|Child_Cross21|46: 425 130 46 24 9 4 1 
7571|Child_Cross21|42: 405 128 46 24 9 4 1 
7572|Child_Cross21|58: 357 130 46 24 9 4 1 
7602|Child_Avg|51: 399 140 49 24 9 4 1 
7615|Child_Levy|20: 367 117 44 23 10 4 1 
7619|Survivor|1: 412 145 55 24 9 4 1 
7620|Child_CrossABC1|1: 378 128 53 24 9 4 1 
7623|Child_CrossABC2|2: 387 126 59 24 9 4 1 
7629|Survivor|1: 382 128 49 24 9 4 1 
7630|Child_Avg|35: 393 124 46 24 9 4 1 
7636|Survivor|1: 403 122 46 24 9 4 1 
7652|Child_CrossABC2|8: 403 122 43 24 9 4 1 
7669|Child_CrossABC1|7: 392 123 43 24 9 4 1 
7684|Survivor|1: 393 118 43 24 9 4 1 
7718|Child_Avg|7: 404 117 46 24 9 4 1 
7721|Child_CrossABC1|1: 403 114 47 24 9 4 1 
7725|Survivor|1: 417 119 46 24 9 4 1 
7729|Survivor|1: 414 118 43 24 9 4 1 
7738|Survivor|1: 467 122 46 24 9 4 1 
7756|Survivor|1: 391 110 43 20 9 4 1 
7774|Child_CrossABC2|2|Mutated: 385 110 43 20 9 4 1 
7791|Survivor|1: 384 112 53 19 10 4 1 
7799|Survivor|1: 380 110 51 19 10 4 1 
7809|Survivor|1: 358 108 43 19 10 4 1 
7817|Child_Cross21|58: 356 109 41 19 10 4 1 
7833|Child_Cross21|38: 372 109 41 19 10 4 1 
7837|Child_Avg|35: 363 108 43 19 10 4 1 
7840|Child_Avg|23: 367 108 41 19 10 4 1 
7843|Child_Cross12|29: 379 108 41 19 10 4 1 
7844|Child_Cross21|6: 382 108 41 19 10 4 1 
7848|Child_Avg|51: 386 108 41 19 10 4 1 
7852|Child_Cross12|37: 385 108 41 19 10 4 1 
7860|Survivor|1: 382 108 43 19 10 4 1 
7861|Child_Avg|35: 374 108 41 19 10 4 1 
7877|Child_Cross21|26: 370 108 41 19 10 4 1 
7893|Child_Cross21|50: 373 108 41 19 10 4 1 
7956|Survivor|1: 363 122 46 20 9 4 1 
7963|Child_Avg|47: 362 113 49 21 10 4 1 
7967|Survivor|1: 438 127 45 21 10 4 1 
7971|Survivor|1: 384 121 43 20 9 4 1 
7990|Child_Cross12|49|Mutated: 384 121 52 20 9 4 1 
8016|Child_Cross21|22: 406 114 43 20 9 4 1 
8020|Child_Cross21|10: 447 130 43 20 9 4 1 
8028|Child_Cross21|54: 424 118 43 20 9 4 1 
8031|Child_Avg|23: 410 118 43 20 9 4 1 
8034|Child_Cross21|30: 414 122 43 20 9 4 1 
8076|Child_Levy|12|Mutated: 401 115 45 19 10 4 1 
8077|Child_CrossABC2|8: 408 113 43 19 10 4 1 
8086|Child_Avg|19: 419 118 41 19 10 4 1 
8095|Child_Cross21|30: 416 109 41 19 10 4 1 
8100|Survivor|1: 418 118 41 19 10 4 1 
8114|Child_Cross12|13: 404 118 41 19 10 4 1 
8119|Child_Cross12|33: 410 118 41 19 10 4 1 
8121|Child_Avg|15: 408 118 41 19 10 4 1 
8159|Survivor|1: 431 129 65 24 9 4 1 
8172|Child_Cross12|49: 393 122 52 24 9 4 1 
8185|Child_Levy|52: 395 125 47 24 9 4 1 
8218|Child_Avg|27: 391 129 50 24 9 4 1 
8232|Child_Cross21|54|Mutated: 387 126 52 24 9 4 1 
8233|Child_CrossABC2|8: 385 132 58 24 9 4 1 
8241|Child_CrossABC1|7: 424 148 59 24 9 4 1 
8245|Child_Avg|11: 471 139 55 24 9 4 1 
8246|Child_Levy|36: 450 147 55 24 9 4 1 
8250|Child_Cross21|30: 361 134 52 24 9 4 1 
8251|Child_Avg|39: 396 137 55 24 9 4 1 
8252|Child_CrossABC2|2: 371 133 55 24 9 4 1 
8256|Child_Cross12|9: 397 127 49 24 9 4 1 
8257|Child_Cross12|33: 406 133 49 24 9 4 1 
8258|Child_Avg|35: 389 132 49 24 9 4 1 
8264|Child_Cross12|21: 410 134 49 24 9 4 1 
8266|Child_Cross12|21: 405 133 49 24 9 4 1 
8267|Child_Cross12|53: 407 133 49 24 9 4 1 
8274|Child_Cross12|29: 395 133 49 24 9 4 1 
8283|Child_Avg|7: 391 133 49 24 9 4 1 
8287|Child_Cross21|34: 394 133 49 24 9 4 1 
8306|Child_Cross21|10: 396 133 49 24 9 4 1 
8307|Child_Cross12|57: 404 133 49 24 9 4 1 
8310|Child_Avg|55: 418 133 49 24 9 4 1 
8314|Child_Cross21|10: 419 133 49 24 9 4 1 
8317|Child_LevyABC1|11: 396 131 56 21 10 4 1 
8320|Child_Cross21|26: 441 133 49 24 9 4 1 
8321|Child_Cross21|34: 417 133 49 24 9 4 1 
8323|Child_Avg|11|Mutated: 411 156 58 24 9 4 1 
8328|Child_Cross21|34: 415 133 49 24 9 4 1 
8349|Child_Cross12|33: 406 131 49 24 9 4 1 
8350|Child_Cross12|45|Mutated: 392 133 49 24 9 4 1 
8351|Child_Cross12|13: 390 132 49 24 9 4 1 
8360|Child_Cross12|13: 399 132 49 24 9 4 1 
8391|Child_CrossABC2|2: 363 131 49 24 9 4 1 
8394|Child_Avg|31: 393 122 43 24 9 4 1 
8422|Child_CrossABC2|2: 389 127 49 24 9 4 1 
8423|Child_Avg|23: 407 123 50 24 9 4 1 
8439|Survivor|1: 407 117 41 24 9 4 1 
8454|Survivor|1: 434 135 61 25 10 4 1 
8459|Survivor|1: 429 121 52 24 9 4 1 
8465|Survivor|1: 471 150 54 23 10 4 1 
8472|Child_Levy|24: 370 113 49 21 10 4 1 
8477|Child_Cross12|5: 406 117 47 21 10 4 1 
8478|Child_Avg|7: 397 122 46 20 9 4 1 
8479|Child_CrossABC1|1: 387 134 46 20 9 4 1 
8481|Child_Avg|35|Mutated: 394 117 52 20 9 4 1 
8484|Child_Cross12|37: 400 119 46 20 9 4 1 
8495|Survivor|1: 395 127 43 20 9 4 1 
8501|Child_Cross21|58: 396 127 43 20 9 4 1 
8509|Child_Cross12|57: 397 107 43 20 9 4 1 
8518|Child_Avg|35: 402 124 43 20 9 4 1 
8551|Child_Cross21|30: 403 124 43 20 9 4 1 
8553|Child_Cross12|29: 405 110 43 20 9 4 1 
8556|Child_Avg|3: 391 122 43 20 9 4 1 
8560|Child_Cross21|6: 406 124 43 20 9 4 1 
8561|Child_Cross12|21: 399 124 43 20 9 4 1 
8596|Survivor|1: 401 122 43 19 10 4 1 
8607|Child_Levy|28: 605 164 61 23 10 4 1 
8609|Child_CrossABC1|7: 435 151 57 23 10 4 1 
8615|Child_Avg|35: 387 140 50 24 9 4 1 
8624|Child_Cross21|10: 396 136 47 23 10 4 1 
8627|Child_CrossABC1|7|Mutated: 392 134 47 23 10 4 1 
8629|Child_Cross12|13: 400 135 47 23 10 4 1 
8630|Child_CrossABC2|8: 425 135 47 23 10 4 1 
8631|Child_CrossABC2|2: 420 135 47 23 10 4 1 
8633|Child_CrossABC2|8: 459 135 47 23 10 4 1 
8637|Survivor|1: 419 135 47 23 10 4 1 
8639|Child_Cross12|13: 426 133 47 23 10 4 1 
8640|Child_Cross21|54: 422 132 47 23 10 4 1 
8641|Child_Cross21|54: 424 132 47 23 10 4 1 
8645|Child_Cross21|42: 415 135 47 23 10 4 1 
8646|Child_Cross21|18: 426 135 47 23 10 4 1 
8654|Child_Cross12|25: 411 133 47 23 10 4 1 
8665|Child_CrossABC1|1: 373 135 47 23 10 4 1 
8672|Child_Avg|35: 407 135 47 23 10 4 1 
8675|Child_Cross21|14: 390 135 47 23 10 4 1 
8676|Child_Cross21|54: 391 135 47 23 10 4 1 
8678|Child_Cross21|38: 397 135 47 23 10 4 1 
8679|Child_CrossABC1|7|Mutated: 397 141 55 23 10 4 1 
8680|Child_Cross21|14|Mutated: 397 123 47 23 10 4 1 
8681|Child_Cross12|21: 395 135 47 23 10 4 1 
8683|Child_Cross12|33: 396 135 47 23 10 4 1 
8685|Child_Cross21|54: 402 135 47 23 10 4 1 
8694|Child_Cross21|2: 356 135 47 23 10 4 1 
8698|Child_Cross12|49: 385 135 47 23 10 4 1 
8699|Child_Cross12|9: 395 133 47 23 10 4 1 
8700|Child_Cross12|1: 367 135 47 23 10 4 1 
8705|Child_Cross21|10: 438 135 47 23 10 4 1 
8710|Child_Cross12|57: 414 135 47 23 10 4 1 
8725|Child_Cross12|49: 397 136 47 23 10 4 1 
8742|Child_Cross12|33: 408 135 47 23 10 4 1 
8744|Child_Cross21|42: 379 135 47 23 10 4 1 
8768|Child_Cross12|25: 397 126 47 23 10 4 1 
8784|Child_Cross12|33: 398 122 47 23 10 4 1 
8786|Survivor|1: 405 126 47 23 10 4 1 
8798|Child_CrossABC1|1: 367 118 49 24 9 4 1 
8801|Survivor|1: 412 118 55 24 9 4 1 
8807|Survivor|1: 371 119 53 24 9 4 1 
8811|Child_CrossABC1|7: 316 113 55 24 9 4 1 
8812|Child_CrossABC1|1: 352 111 52 24 9 4 1 
8816|Child_Cross12|5: 377 106 49 21 10 4 1 
8830|Survivor|1: 361 114 46 20 9 4 1 
8842|Survivor|1|Mutated: 342 124 43 20 9 4 1 
8848|Child_CrossABC1|7: 349 127 43 20 9 4 1 
8857|Survivor|1: 313 125 51 19 10 4 1 
8880|Survivor|1: 321 125 41 19 10 4 1 
8881|Child_Levy|32: 408 138 58 23 10 4 1 
8890|Survivor|1: 379 147 59 24 9 4 1 
8892|Child_Cross12|45: 393 142 58 24 9 4 1 
8895|Child_CrossABC2|8: 410 156 59 24 9 4 1 
8897|Survivor|1: 381 133 55 24 9 4 1 
8900|Child_CrossABC1|1: 381 136 53 24 9 4 1 
8902|Child_Cross12|13: 384 125 52 24 9 4 1 
8905|Child_Avg|19: 419 127 50 24 9 4 1 
8906|Child_CrossABC2|2: 384 132 49 24 9 4 1 
8907|Child_Cross12|29: 401 140 50 24 9 4 1 
8914|Child_Levy|44: 399 131 50 24 9 4 1 
8916|Survivor|1: 399 128 49 24 9 4 1 
8921|Child_Avg|55: 393 130 49 24 9 4 1 
8922|Child_Cross12|9: 396 131 49 24 9 4 1 
8936|Child_Avg|31: 395 126 49 24 9 4 1 
8937|Child_Cross12|53: 393 127 49 24 9 4 1 
8939|Child_Cross21|54|Mutated: 390 126 55 24 9 4 1 
8969|Survivor|1: 443 121 52 24 9 4 1 
8986|Child_Avg|55: 413 121 46 24 9 4 1 
8991|Survivor|1: 409 126 44 24 9 4 1 
9086|Child_CrossABC1|7: 403 120 46 20 9 4 1 
9111|Child_Cross12|53: 412 119 49 24 9 4 1 
9116|Survivor|1: 458 143 55 24 9 4 1 
9117|Child_CrossABC2|8: 377 131 53 24 9 4 1 
9119|Survivor|1: 396 135 55 24 9 4 1 
9121|Child_CrossABC1|1: 401 135 55 24 9 4 1 
9122|Child_CrossABC1|1: 409 135 55 24 9 4 1 
9154|Child_Levy|32: 417 128 46 20 9 4 1 
9161|Child_CrossABC1|1: 371 131 46 20 9 4 1 
9168|Survivor|1: 395 122 46 20 9 4 1 
9171|Child_Cross12|25|Mutated: 389 116 43 20 9 4 1 
9184|Survivor|1: 386 116 43 20 9 4 1 
9189|Child_CrossABC2|8: 402 116 43 20 9 4 1 
9195|Child_Cross12|29: 411 116 45 21 10 4 1 
9196|Child_CrossABC2|2: 306 141 59 21 10 4 1 
9200|Child_CrossABC2|8: 356 138 55 21 10 4 1 
9204|Child_CrossABC1|1: 364 139 56 21 10 4 1 
9237|Child_Levy|48: 964 356 116 49 24 9 4 1 
9243|Survivor|1: 396 130 49 25 10 4 1 
9252|Child_CrossABC2|2: 477 126 62 24 9 4 1 
9255|Child_CrossABC1|1: 448 128 55 24 9 4 1 
9260|Child_Avg|51: 425 129 50 24 9 4 1 
9267|Child_CrossABC2|2: 393 126 49 24 9 4 1 
9271|Child_Avg|27: 403 125 47 24 9 4 1 
9276|Child_Cross12|21: 408 135 47 24 9 4 1 
9283|Child_Avg|51: 439 124 46 24 9 4 1 
9291|Child_CrossABC2|8: 393 130 46 24 9 4 1 
9292|Child_CrossABC1|1: 415 124 46 24 9 4 1 
9298|Child_Avg|59: 404 131 44 24 9 4 1 
9332|Child_Cross21|50: 402 123 43 24 9 4 1 
9404|Survivor|1: 455 129 55 20 9 4 1 
9411|Survivor|1: 423 131 53 19 10 4 1 
9420|Survivor|1: 407 122 47 21 10 4 1 
9427|Survivor|1: 445 160 54 23 10 4 1 
9428|Child_Cross21|38: 314 119 51 23 10 4 1 
9432|Child_CrossABC2|8: 357 115 49 21 10 4 1 
9435|Survivor|1: 354 115 49 21 10 4 1 
9440|Survivor|1: 367 118 47 25 9 4 1 
9443|Survivor|1: 361 115 48 21 10 4 1 
9450|Child_Cross21|10: 362 110 43 20 9 4 1 
9476|Child_Cross12|5: 395 121 43 20 9 4 1 
9518|Child_Cross21|58|Mutated: 403 121 43 20 9 4 1 
9519|Child_Cross21|50: 404 118 43 20 9 4 1 
9577|Child_Avg|23: 397 121 43 20 9 4 1 
9579|Child_Avg|7: 397 122 43 20 9 4 1 
9611|Survivor|1: 368 116 45 21 10 4 1 
9618|Survivor|1: 363 118 45 21 10 4 1 
9629|Child_CrossABC1|7: 362 111 48 20 9 4 1 
9640|Child_CrossABC1|7: 345 125 43 20 9 4 1 
9644|Child_Avg|51: 347 125 43 20 9 4 1 
9651|Child_CrossABC1|1: 346 125 43 20 9 4 1 
9659|Child_Cross12|5: 386 125 43 20 9 4 1 
9662|Child_Cross12|33: 388 125 43 20 9 4 1 
9663|Child_Cross12|33: 407 124 43 20 9 4 1 
9710|Child_Avg|19: 399 135 52 24 9 4 1 
9713|Survivor|1: 449 145 52 24 9 4 1 
9731|Child_Cross12|1: 356 131 44 24 9 4 1 
9749|Child_Cross21|14: 420 118 43 24 9 4 1 
9788|Child_Cross12|37: 417 118 43 24 9 4 1 
9834|Survivor|1: 521 145 60 28 11 4 1 
9864|Child_Cross21|6: 351 129 52 24 9 4 1 
9867|Child_Avg|23: 357 132 46 24 9 4 1 
9873|Child_Avg|55: 365 132 43 24 9 4 1 
9879|Child_Cross12|45: 354 131 43 24 9 4 1 
9880|Child_Cross21|14: 363 131 43 24 9 4 1 
9887|Child_Cross12|1: 358 127 43 24 9 4 1 
9895|Child_Cross21|30: 346 127 43 24 9 4 1 
9909|Child_Cross21|2: 362 132 43 24 9 4 1 
9922|Child_Cross12|53: 388 137 43 24 9 4 1 
9938|Child_Cross12|57: 394 121 43 24 9 4 1 
9943|Survivor|1: 400 132 43 24 9 4 1 
9954|Child_Avg|3: 397 136 43 24 9 4 1 
9957|Child_Cross12|21: 388 136 43 24 9 4 1 
9962|Child_CrossABC1|7: 398 126 55 24 9 4 1 
9978|Child_CrossABC2|8: 400 127 62 24 9 4 1 
9979|Child_Avg|39: 398 129 52 24 9 4 1 
9980|Child_Avg|55: 402 129 52 24 9 4 1 
9999|Child_CrossABC2|8: 401 129 53 24 9 4 1 
10014|Survivor|1: 406 131 43 24 9 4 1 
10035|Child_CrossABC2|2: 411 126 52 24 9 4 1 
10040|Survivor|1|Mutated: 411 146 52 24 9 4 1 
10042|Child_Cross12|29: 418 137 52 24 9 4 1 
10044|Child_CrossABC1|1: 447 153 52 24 9 4 1 
10051|Survivor|1: 427 132 50 24 9 4 1 
10052|Child_CrossABC2|8: 439 140 50 24 9 4 1 
10055|Survivor|1: 439 142 50 24 9 4 1 
10057|Survivor|1: 442 154 49 24 9 4 1 
10058|Child_Avg|11: 451 155 50 24 9 4 1 
10059|Child_CrossABC2|2: 445 131 49 24 9 4 1 
10060|Child_CrossABC1|1: 381 140 49 24 9 4 1 
10065|Child_Cross21|6: 413 140 50 24 9 4 1 
10067|Child_CrossABC1|7: 445 130 46 24 9 4 1 
10074|Child_Cross21|22: 440 123 46 24 9 4 1 
10075|Child_Cross21|58: 407 122 46 24 9 4 1 
10078|Child_CrossABC1|1: 395 124 46 24 9 4 1 
10123|Survivor|1: 349 127 43 24 9 4 1 
10127|Child_Avg|47: 387 117 50 24 9 4 1 
10130|Survivor|1: 418 123 52 24 9 4 1 
10143|Child_CrossABC2|2: 384 121 55 24 9 4 1 
10159|Survivor|1: 402 113 55 24 9 4 1 
10167|Child_Avg|35: 405 126 44 24 9 4 1 
10168|Child_Levy|52: 403 127 48 23 10 4 1 
10170|Child_Avg|59: 419 133 48 23 10 4 1 
10173|Child_Avg|51: 403 123 46 24 9 4 1 
10178|Survivor|1: 408 122 43 24 9 4 1 
10183|Survivor|1: 407 125 44 24 9 4 1 
10186|Child_Avg|43: 404 121 43 24 9 4 1 
10198|Child_Cross21|6: 452 153 53 24 9 4 1 
10207|Child_Cross12|9|Mutated: 408 129 49 24 9 4 1 
10214|Child_Avg|47|Mutated: 407 154 47 24 9 4 1 
10222|Child_CrossABC2|2: 407 126 55 24 9 4 1 
10224|Child_Cross12|1: 407 128 53 24 9 4 1 
10225|Child_CrossABC2|8: 405 128 55 24 9 4 1 
10227|Child_Avg|3: 408 129 52 24 9 4 1 
10229|Child_Cross12|41: 405 126 49 24 9 4 1 
10237|Child_CrossABC1|7: 396 127 52 24 9 4 1 
10239|Child_CrossABC1|7: 397 126 55 24 9 4 1 
10242|Child_Cross21|58|Mutated: 417 127 44 23 10 4 1 
10245|Child_CrossABC2|2: 441 129 50 24 9 4 1 
10255|Child_Cross12|13: 408 127 44 23 10 4 1 
10270|Child_Cross21|14: 402 126 44 23 10 4 1 
10285|Child_CrossABC2|2: 425 125 47 23 10 4 1 
10286|Child_Avg|3: 401 125 47 23 10 4 1 
10330|Child_Avg|15: 425 125 44 23 10 4 1 
10359|Child_CrossABC2|2|Mutated: 397 125 47 23 10 4 1 
10398|Child_Avg|47: 435 130 46 24 9 4 1 
10399|Child_CrossABC1|1: 438 135 46 24 9 4 1 
10409|Child_Avg|27: 424 132 43 24 9 4 1 
10413|Child_Cross21|42: 428 131 43 24 9 4 1 
10431|Child_Avg|3: 376 128 55 24 9 4 1 
10432|Child_CrossABC1|1: 375 126 55 24 9 4 1 
10436|Survivor|1: 363 126 49 24 9 4 1 
10442|Child_CrossABC1|1: 366 126 49 24 9 4 1 
10443|Child_CrossABC1|1: 362 126 49 24 9 4 1 
10448|Child_CrossABC1|1: 367 126 49 24 9 4 1 
10456|Survivor|1: 364 126 49 24 9 4 1 
10457|Child_Cross21|46: 353 122 46 24 9 4 1 
10459|Child_Cross21|18: 351 124 46 24 9 4 1 
10462|Child_Cross21|38: 364 125 47 24 9 4 1 
10465|Survivor|1: 369 124 46 24 9 4 1 
10466|Child_CrossABC1|1: 345 124 46 24 9 4 1 
10468|Child_Cross12|53: 357 124 46 24 9 4 1 
10469|Child_CrossABC2|2: 353 130 46 24 9 4 1 
10488|Child_Cross12|53: 353 127 43 24 9 4 1 
10530|Survivor|1: 386 118 49 24 9 4 1 
10540|Survivor|1: 385 124 46 24 9 4 1 
10553|Child_CrossABC2|8|Mutated: 398 121 47 24 9 4 1 
10572|Child_Levy|36|Mutated: 600 160 58 23 10 4 1 
10579|Child_CrossABC2|2: 602 158 54 23 10 4 1 
10581|Child_CrossABC1|1: 600 156 54 23 10 4 1 
10589|Child_Cross12|17: 446 129 48 20 9 4 1 
10591|Child_Cross21|14: 470 132 49 21 10 4 1 
10593|Child_Cross12|45: 443 127 45 21 10 4 1 
10597|Child_Cross21|30: 316 124 44 19 10 4 1 
10648|Survivor|1: 421 129 50 24 9 4 1 
10650|Survivor|1|Mutated: 383 121 50 24 9 4 1 
10654|Survivor|1: 371 124 46 24 9 4 1 
10659|Survivor|1: 372 117 52 24 9 4 1 
10669|Survivor|1: 418 107 44 20 9 4 1 
10694|Child_Cross21|58: 400 116 41 20 9 4 1 
10705|Child_Cross12|37|Mutated: 375 107 46 20 9 4 1 
10710|Child_Cross12|53: 395 117 41 20 9 4 1 
10729|Child_Cross21|54: 408 127 41 19 10 4 1 
10734|Child_Cross12|1: 405 109 41 19 10 4 1 
10737|Survivor|1: 392 121 41 19 10 4 1 
10740|Survivor|1: 375 116 46 20 9 4 1 
10743|Survivor|1: 383 116 43 20 9 4 1 
10780|Child_Avg|11: 418 111 48 20 9 4 1 
10793|Child_Levy|32: 389 113 43 19 10 4 1 
10818|Survivor|1: 405 118 43 20 9 4 1 
10828|Survivor|1: 642 167 60 28 11 4 1 
10842|Child_Avg|27: 414 132 53 24 9 4 1 
10848|Child_Avg|11: 397 119 49 24 9 4 1 
10855|Survivor|1: 396 119 50 24 9 4 1 
10865|Survivor|1: 377 111 49 24 9 4 1 
10873|Child_Levy|48: 424 123 57 23 10 4 1 
10887|Child_Cross12|9|Mutated: 443 125 44 23 10 4 1 
10888|Child_Cross12|53: 393 125 44 23 10 4 1 
10905|Survivor|1: 383 123 46 24 9 4 1 
10916|Survivor|1: 403 127 41 24 9 4 1 
10922|Child_Avg|11: 403 127 49 24 9 4 1 
10924|Child_CrossABC2|2: 401 131 43 24 9 4 1 
10932|Survivor|1: 402 121 43 24 9 4 1 
10968|Child_CrossABC2|2: 400 145 47 24 9 4 1 
10983|Child_CrossABC1|1: 401 137 43 20 9 4 1 
10986|Survivor|1|Mutated: 401 110 43 20 9 4 1 
10999|Survivor|1: 298 124 43 20 9 4 1 
11002|Survivor|1|Mutated: 283 116 43 20 9 4 1 
11016|Child_CrossABC1|7: 368 118 41 20 9 4 1 
11029|Survivor|1: 371 107 43 20 9 4 1 
11034|Survivor|1: 395 111 46 24 9 4 1 
11058|Child_Levy|48: 375 108 43 24 9 4 1 
11095|Survivor|1: 394 116 43 24 9 4 1 
11099|Survivor|1: 427 113 53 24 9 4 1 
11109|Survivor|1: 435 130 48 23 10 4 1 
11125|Child_CrossABC2|2: 434 125 47 23 10 4 1 
11126|Child_Cross12|49: 427 125 47 23 10 4 1 
11128|Child_CrossABC2|8: 424 125 47 23 10 4 1 
11137|Child_Cross12|53: 426 122 47 23 10 4 1 
11138|Child_CrossABC1|1: 420 125 47 23 10 4 1 
11139|Child_CrossABC2|2: 417 125 47 23 10 4 1 
11140|Child_CrossABC2|8: 418 125 47 23 10 4 1 
11169|Survivor|1: 402 131 46 21 10 4 1 
11172|Child_Avg|7: 389 123 47 21 10 4 1 
11176|Survivor|1|Mutated: 389 123 47 23 10 4 1 
11187|Survivor|1: 405 122 45 23 10 4 1 
11219|Survivor|1: 375 134 47 24 9 4 1 
11248|Child_Cross12|45: 291 111 48 20 9 4 1 
11262|Child_CrossABC2|2: 314 107 43 20 9 4 1 
11267|Child_CrossABC2|2: 314 113 43 20 9 4 1 
11278|Survivor|1: 315 110 43 20 9 4 1 
11290|Survivor|1|Mutated: 432 156 53 24 9 4 1 
11331|Survivor|1: 593 191 65 28 11 4 1 
11391|Survivor|1: 423 158 50 24 9 4 1 
11396|Child_CrossABC1|1: 376 142 55 24 9 4 1 
11397|Child_CrossABC1|7: 438 157 53 24 9 4 1 
11398|Child_Avg|43: 407 146 53 24 9 4 1 
11399|Child_CrossABC1|1: 468 163 53 24 9 4 1 
11468|Survivor|1: 355 126 43 24 9 4 1 
11493|Survivor|1: 347 125 47 24 9 4 1 
11508|Child_CrossABC1|1: 357 121 46 24 9 4 1 
11515|Survivor|1: 359 123 46 24 9 4 1 
11534|Survivor|1: 353 110 50 24 9 4 1 
11538|Child_CrossABC2|2: 349 134 50 24 9 4 1 
11539|Child_CrossABC1|7: 345 129 50 24 9 4 1 
11544|Survivor|1: 379 139 49 24 9 4 1 
11548|Child_Cross12|25: 348 143 49 24 9 4 1 
11559|Child_Avg|43: 363 132 46 24 9 4 1 
11562|Child_Cross12|5: 347 130 46 24 9 4 1 
11563|Child_CrossABC2|8|Mutated: 361 132 46 24 9 4 1 
11564|Child_CrossABC1|7: 359 132 46 24 9 4 1 
11565|Child_Levy|44: 363 128 46 24 9 4 1 
11566|Child_CrossABC1|7: 359 130 46 24 9 4 1 
11573|Child_Cross12|25|Mutated: 348 133 50 24 9 4 1 
11575|Child_CrossABC1|1: 361 132 55 24 9 4 1 
11584|Child_Cross21|54: 339 126 43 24 9 4 1 
11586|Child_Avg|7: 359 131 43 24 9 4 1 
11588|Child_Cross21|18: 408 131 43 24 9 4 1 
11591|Child_Cross21|58: 416 131 43 24 9 4 1 
11599|Child_Cross21|18: 359 136 43 24 9 4 1 
11604|Child_Avg|3: 381 130 46 24 9 4 1 
11623|Child_Cross12|25: 411 131 43 24 9 4 1 
11624|Child_CrossABC2|2: 409 131 43 24 9 4 1 
11636|Child_Cross12|21: 402 131 43 24 9 4 1 
11648|Child_CrossABC2|8: 399 127 52 24 9 4 1 
11656|Child_Cross12|33: 416 132 43 24 9 4 1 
11669|Child_CrossABC1|1|Mutated: 405 129 52 24 9 4 1 
11684|Child_CrossABC1|1: 561 176 58 24 9 4 1 
11703|Survivor|1: 456 133 47 25 9 4 1 
11727|Child_Avg|39: 453 129 50 24 9 4 1 
11731|Survivor|1: 444 129 50 24 9 4 1 
11734|Survivor|1|Mutated: 450 129 50 24 9 4 1 
11738|Child_CrossABC2|8: 401 127 48 23 10 4 1 
11739|Child_Avg|47: 442 127 43 24 9 4 1 
11746|Survivor|1: 440 127 43 24 9 4 1 
11761|Survivor|1: 396 127 53 24 9 4 1 
11772|Child_CrossABC1|7: 396 127 50 24 9 4 1 
11776|Survivor|1: 390 119 46 24 9 4 1 
11789|Child_CrossABC1|1: 399 111 47 24 9 4 1 
11792|Survivor|1: 443 126 46 21 10 4 1 
11798|Survivor|1: 432 125 43 20 9 4 1 
11806|Survivor|1: 412 125 43 20 9 4 1 
11811|Survivor|1: 412 114 43 20 9 4 1 
11816|Survivor|1: 408 124 43 20 9 4 1 
11817|Child_Cross21|26: 401 113 43 20 9 4 1 
11833|Survivor|1: 394 112 43 19 10 4 1 
11863|Survivor|1|Mutated: 397 119 46 24 9 4 1 
11878|Child_CrossABC2|8: 429 124 46 24 9 4 1 
11882|Survivor|1: 449 132 46 24 9 4 1 
11905|Child_CrossABC1|7|Mutated: 409 126 43 19 10 4 1 
11951|Survivor|1: 443 127 58 24 9 4 1 
11955|Child_Cross21|26: 439 135 52 24 9 4 1 
11960|Survivor|1: 415 142 49 24 9 4 1 
11971|Survivor|1: 390 123 46 24 9 4 1 
11991|Child_Avg|3: 397 112 43 24 9 4 1 
12046|Child_LevyABC2|12: 458 139 58 24 9 4 1 
12048|Child_CrossABC1|1: 454 146 55 24 9 4 1 
12051|Child_Levy|28: 391 143 53 24 9 4 1 
12053|Child_Avg|51: 394 146 53 24 9 4 1 
12058|Child_Avg|59: 392 139 52 24 9 4 1 
12061|Child_Cross21|34: 392 141 52 24 9 4 1 
12063|Survivor|1: 394 138 55 24 9 4 1 
12064|Child_CrossABC1|7: 380 143 53 24 9 4 1 
12066|Child_Avg|43: 397 141 53 24 9 4 1 
12071|Child_Cross12|29: 401 134 50 24 9 4 1 
12073|Survivor|1: 395 138 49 24 9 4 1 
12077|Child_CrossABC1|7|Mutated: 395 138 58 24 9 4 1 
12092|Child_CrossABC2|8: 398 138 55 24 9 4 1 
12132|Child_CrossABC1|7: 371 147 55 24 9 4 1 
12134|Survivor|1: 371 129 50 24 9 4 1 
12141|Survivor|1: 361 141 46 24 9 4 1 
12150|Child_Avg|39: 361 126 43 24 9 4 1 
12151|Child_Cross12|57|Mutated: 351 127 43 24 9 4 1 
12166|Child_Avg|55|Mutated: 361 131 43 24 9 4 1 
12174|Child_Avg|35: 363 132 43 24 9 4 1 
12179|Child_Cross12|53: 368 132 43 24 9 4 1 
12190|Child_CrossABC2|8|Mutated: 349 145 50 24 9 4 1 
12191|Child_CrossABC2|8: 370 149 52 24 9 4 1 
12206|Child_Avg|55|Mutated: 370 141 52 24 9 4 1 
12212|Child_Cross12|13: 363 142 43 24 9 4 1 
12218|Child_CrossABC2|2: 368 142 43 24 9 4 1 
12226|Child_Cross21|50|Mutated: 398 142 43 24 9 4 1 
12229|Child_Avg|43: 369 136 43 24 9 4 1 
12236|Child_Avg|35: 373 140 43 24 9 4 1 
12240|Child_Cross12|37: 400 141 43 24 9 4 1 
12243|Child_Avg|15: 380 137 43 24 9 4 1 
12260|Child_Cross12|33: 387 142 43 24 9 4 1 
12276|Child_Cross12|13: 380 112 43 24 9 4 1 
12286|Child_Avg|19: 385 158 53 24 9 4 1 
12343|Child_CrossABC2|2: 399 129 44 24 9 4 1 
12361|Survivor|1: 385 109 44 24 9 4 1 
12371|Child_CrossABC2|2: 386 111 44 24 9 4 1 
12381|Child_CrossABC2|2: 378 113 43 24 9 4 1 
12415|Survivor|1: 388 106 41 19 10 4 1 
12444|Survivor|1: 383 109 41 19 10 4 1 
12450|Child_CrossABC2|8: 586 162 64 24 11 4 1 
12455|Survivor|1: 655 149 75 28 13 4 1 
12464|Survivor|1: 468 142 53 24 9 4 1 
12467|Child_Levy|36: 427 127 57 21 10 4 1 
12480|Survivor|1: 407 129 45 23 10 4 1 
12487|Child_Cross21|30: 402 129 44 23 10 4 1 
12507|Child_CrossABC1|7: 400 129 44 23 10 4 1 
12534|Survivor|1|Mutated: 345 141 56 24 9 4 1 
12541|Child_Cross12|57: 344 143 49 24 9 4 1 
12545|Survivor|1: 373 125 52 24 9 4 1 
12547|Child_CrossABC1|1: 400 119 51 23 10 4 1 
12552|Child_Cross21|6: 356 125 47 23 10 4 1 
12554|Child_CrossABC1|1: 395 119 51 23 10 4 1 
12561|Child_Cross21|54: 400 123 47 23 10 4 1 
12564|Child_Avg|55: 401 122 47 23 10 4 1 
12569|Child_Avg|27: 392 122 47 23 10 4 1 
12572|Child_Cross12|41: 406 122 47 23 10 4 1 
12574|Child_Avg|39: 399 122 47 23 10 4 1 
12575|Child_Cross12|29: 396 122 47 23 10 4 1 
12577|Child_Cross12|13: 402 122 47 23 10 4 1 
12579|Child_Cross21|50: 402 123 47 23 10 4 1 
12586|Child_Cross21|22: 397 122 47 23 10 4 1 
12594|Child_Cross21|54: 400 122 47 23 10 4 1 
12606|Child_Cross12|21: 399 126 47 23 10 4 1 
12634|Survivor|1: 381 125 44 23 10 4 1 
12665|Child_CrossABC1|1: 413 128 41 19 10 4 1 
12670|Child_CrossABC1|1: 410 122 43 19 10 4 1 
12678|Child_CrossABC2|8: 416 121 41 19 10 4 1 
12682|Child_Cross21|26: 408 119 41 19 10 4 1 
12693|Child_Cross12|21: 407 118 41 19 10 4 1 
12700|Child_Avg|35: 408 118 44 19 10 4 1 
12716|Child_Avg|47: 659 192 67 23 10 4 1 
12721|Survivor|1: 538 156 54 23 10 4 1 
12725|Child_Cross12|49: 414 141 48 23 10 4 1 
12728|Survivor|1: 401 123 46 24 9 4 1 
12733|Child_Avg|51: 400 116 43 24 9 4 1 
12740|Child_Avg|55|Mutated: 413 129 56 25 9 4 1 
12810|Survivor|1: 449 147 64 23 10 4 1 
12811|Child_Levy|4: 410 123 56 24 9 4 1 
12827|Child_CrossABC1|1: 406 126 47 23 10 4 1 
12828|Child_Avg|43: 411 125 47 23 10 4 1 
12830|Child_Cross21|30: 409 125 47 23 10 4 1 
12832|Child_Cross21|10: 403 125 47 23 10 4 1 
12835|Child_Cross21|26: 404 125 47 23 10 4 1 
12839|Child_Cross12|41: 410 125 47 23 10 4 1 
12865|Survivor|1: 394 125 47 23 10 4 1 
12871|Child_CrossABC1|1: 396 125 47 23 10 4 1 
12894|Child_Cross21|2: 426 125 47 23 10 4 1 
12907|Child_Cross21|2: 409 148 47 23 10 4 1 
12924|Child_Cross21|14: 395 125 47 23 10 4 1 
12927|Child_Cross21|14: 403 112 47 23 10 4 1 
12963|Child_Avg|55: 460 142 47 25 9 4 1 
13009|Survivor|1: 381 124 46 24 9 4 1 
13026|Survivor|1: 347 130 49 24 9 4 1 
13032|Survivor|1: 347 134 58 24 9 4 1 
13034|Child_CrossABC2|2|Mutated: 420 127 52 24 9 4 1 
13045|Survivor|1: 395 122 47 24 9 4 1 
13047|Child_Cross12|5: 369 135 44 24 9 4 1 
13057|Child_CrossABC1|7: 375 132 54 23 10 4 1 
13066|Child_Avg|39: 373 134 47 23 10 4 1 
13078|Child_Levy|12: 512 164 61 24 9 4 1 
13083|Survivor|1: 571 166 55 24 9 4 1 
13093|Survivor|1: 405 137 55 24 9 4 1 
13094|Child_CrossABC2|2: 358 159 55 24 9 4 1 
13097|Survivor|1: 361 146 56 24 9 4 1 
13100|Child_CrossABC2|2: 368 139 55 24 9 4 1 
13102|Child_Avg|23: 366 142 55 24 9 4 1 
13104|Child_Cross21|34: 370 138 55 24 9 4 1 
13105|Child_CrossABC1|7: 368 137 55 24 9 4 1 
13123|Child_CrossABC2|2: 418 131 43 24 9 4 1 
13128|Child_Cross12|9: 421 131 43 24 9 4 1 
13147|Survivor|1: 405 141 46 24 9 4 1 
13154|Child_Avg|59: 422 131 47 24 9 4 1 
13163|Child_Cross12|25: 423 131 43 24 9 4 1 
13176|Child_Cross21|10: 406 142 43 24 9 4 1 
13203|Child_CrossABC2|2: 390 117 56 24 9 4 1 
13213|Child_LevyABC2|12: 385 107 49 21 10 4 1 
13224|Child_Cross21|38: 384 116 45 21 10 4 1 
13266|Child_CrossABC1|7: 423 161 70 24 9 4 1 
13268|Child_LevyP2|10: 527 141 58 24 9 4 1 
13269|Child_CrossABC2|8: 537 152 65 24 9 4 1 
13271|Child_CrossABC2|8: 413 148 65 24 9 4 1 
13274|Child_Avg|11: 426 160 61 24 9 4 1 
13276|Child_Levy|8: 385 129 57 23 10 4 1 
13280|Child_Avg|39: 414 129 53 24 9 4 1 
13282|Child_CrossABC2|2: 407 124 46 24 9 4 1 
13285|Child_LevyP2|10|Mutated: 406 127 49 21 10 4 1 
13313|Survivor|1: 398 118 43 20 9 4 1 
13323|Child_CrossABC1|1: 416 118 43 20 9 4 1 
13329|Child_CrossABC2|8: 392 118 43 20 9 4 1 
13336|Survivor|1: 401 118 43 20 9 4 1 
13341|Child_Avg|15: 399 116 43 20 9 4 1 
13351|Child_Avg|59: 401 117 43 20 9 4 1 
13378|Child_Cross21|18|Mutated: 379 116 46 20 9 4 1 
13416|Child_Avg|31: 406 117 45 23 10 4 1 
13422|Survivor|1: 414 130 48 23 10 4 1 
13423|Child_Cross21|58: 414 121 45 23 10 4 1 
13429|Survivor|1: 395 111 46 21 10 4 1 
13432|Child_Levy|8: 480 144 57 23 10 4 1 
13442|Child_CrossABC1|7: 457 153 57 23 10 4 1 
13443|Child_CrossABC2|8: 474 145 57 23 10 4 1 
13445|Child_Cross21|10: 482 145 57 23 10 4 1 
13446|Child_CrossABC2|8: 474 155 57 23 10 4 1 
13466|Child_Avg|7: 437 123 47 23 10 4 1 
13467|Child_Cross12|49: 447 125 47 23 10 4 1 
13469|Child_Avg|19: 430 126 47 23 10 4 1 
13470|Child_Cross12|53: 433 122 47 23 10 4 1 
13473|Child_CrossABC1|1: 432 125 47 23 10 4 1 
13475|Child_Cross12|57: 443 126 47 23 10 4 1 
13478|Child_Cross21|22: 445 126 47 23 10 4 1 
13482|Child_Cross21|54: 393 125 47 23 10 4 1 
13487|Child_Avg|39: 419 125 47 23 10 4 1 
13537|Child_Avg|43: 421 149 47 25 9 4 1 
13542|Survivor|1: 431 132 45 23 10 4 1 
13559|Survivor|1: 375 112 43 24 9 4 1 
13564|Survivor|1: 397 108 43 24 9 4 1 
13568|Survivor|1|Mutated: 382 108 49 24 9 4 1 
13581|Child_CrossABC1|1: 391 110 48 23 10 4 1 
13585|Survivor|1: 394 111 47 24 9 4 1 
13632|Child_Levy|60: 412 125 48 23 10 4 1 
13634|Child_Cross12|9: 388 108 47 23 10 4 1 
13637|Survivor|1: 435 127 45 21 10 4 1 
13651|Child_Avg|59: 353 112 47 23 10 4 1 
13692|Survivor|1: 419 123 43 24 9 4 1 
13724|Child_CrossABC2|8: 397 133 49 24 9 4 1 
13747|Survivor|1: 368 111 44 24 9 4 1 
13788|Survivor|1: 376 113 46 24 9 4 1 
13796|Survivor|1: 370 109 49 24 9 4 1 
13831|Survivor|1: 377 108 43 24 9 4 1 
13887|Survivor|1: 355 138 47 21 10 4 1 
13896|Child_LevyABC1|11: 469 147 60 21 10 4 1 
13905|Child_Cross21|50: 445 143 56 21 10 4 1 
13919|Survivor|1: 448 131 46 21 10 4 1 
13930|Child_Cross21|30: 418 118 45 21 10 4 1 
13932|Child_Avg|11: 415 129 45 20 9 4 1 
13943|Child_Avg|35: 409 124 43 20 9 4 1 
13952|Child_Cross12|45: 408 122 43 20 9 4 1 
13965|Child_Cross12|13: 405 125 43 20 9 4 1 
13988|Child_Cross12|49: 401 141 43 20 9 4 1 
14040|Child_Avg|3: 399 139 43 20 9 4 1 
14082|Survivor|1: 417 122 43 20 9 4 1 
14091|Survivor|1: 400 113 45 21 10 4 1 
14126|Survivor|1: 422 124 47 23 10 4 1 
14127|Child_Cross12|25: 405 122 47 23 10 4 1 
14139|Survivor|1: 362 121 48 20 9 4 1 
14150|Survivor|1: 352 186 67 23 10 4 1 
14152|Child_CrossABC1|7: 398 134 57 23 10 4 1 
14169|Child_Cross21|34: 395 132 57 23 10 4 1 
14173|Child_Cross12|17: 395 132 51 23 10 4 1 
14175|Child_Levy|44: 400 127 53 24 9 4 1 
14177|Child_Cross21|38: 408 130 48 23 10 4 1 
14190|Child_Cross12|21: 385 131 43 24 9 4 1 
14198|Survivor|1: 387 127 43 24 9 4 1 
14225|Child_CrossABC1|7: 387 111 48 20 9 4 1 
14242|Survivor|1: 425 121 43 20 9 4 1 
14243|Child_CrossABC1|1: 429 125 43 20 9 4 1 
14286|Child_CrossABC1|7: 389 142 47 25 9 4 1 
14307|Survivor|1: 392 127 50 24 9 4 1 
14319|Child_CrossABC2|8: 366 127 50 24 9 4 1 
14325|Survivor|1: 373 139 56 24 9 4 1 
14326|Child_CrossABC1|1: 374 147 58 24 9 4 1 
14332|Child_Avg|51: 376 133 53 24 9 4 1 
14339|Child_Cross12|33: 377 131 52 24 9 4 1 
14343|Child_CrossABC1|7: 471 148 53 24 9 4 1 
14348|Survivor|1: 474 147 55 24 9 4 1 
14350|Child_Avg|59: 439 141 49 24 9 4 1 
14360|Child_Cross21|54: 429 131 49 24 9 4 1 
14361|Child_Cross12|29: 401 124 46 24 9 4 1 
14364|Child_CrossABC2|8: 403 123 47 23 10 4 1 
14365|Random|12: 561 167 61 24 9 4 1 
14373|Survivor|1: 571 147 59 24 9 4 1 
14374|Child_Cross21|22: 941 344 161 55 24 9 4 1 
14384|Child_Cross12|29: 403 116 43 20 9 4 1 
14385|Child_CrossABC1|1: 399 116 46 20 9 4 1 
14397|Survivor|1: 404 117 43 20 9 4 1 
14434|Child_Cross21|26|Mutated: 385 116 46 20 9 4 1 
14438|Survivor|1: 392 105 43 20 9 4 1 
14454|Child_Cross12|49|Mutated: 393 116 46 20 9 4 1 
14474|Child_Levy|40: 406 126 46 21 10 4 1 
14490|Survivor|1: 361 131 52 24 9 4 1 
14523|Child_Avg|19: 427 143 57 21 10 4 1 
14531|Survivor|1: 292 113 48 20 9 4 1 
14561|Survivor|1: 398 139 63 27 10 4 1 
14562|Child_Avg|27: 404 144 55 23 10 4 1 
14569|Child_Cross12|29: 405 137 47 23 10 4 1 
14571|Child_CrossABC1|1: 395 136 47 23 10 4 1 
14574|Survivor|1: 422 112 47 23 10 4 1 
14578|Survivor|1: 427 142 54 23 10 4 1 
14579|Child_CrossABC1|7: 417 144 60 23 10 4 1 
14582|Child_CrossABC1|1: 411 144 60 23 10 4 1 
14586|Child_CrossABC2|2: 414 144 68 23 10 4 1 
14587|Child_Avg|7: 413 142 57 23 10 4 1 
14589|Child_CrossABC1|7: 404 142 65 23 10 4 1 
14590|Child_CrossABC1|7: 425 142 58 23 10 4 1 
14591|Child_Cross21|38: 398 139 61 23 10 4 1 
14594|Child_Avg|31: 400 138 48 23 10 4 1 
14596|Child_Avg|3: 415 136 47 23 10 4 1 
14597|Child_CrossABC1|1: 386 148 47 23 10 4 1 
14610|Child_Levy|36: 398 135 47 23 10 4 1 
14611|Child_CrossABC2|2: 399 127 47 23 10 4 1 
14614|Child_CrossABC2|2: 371 130 47 24 9 4 1 
14636|Survivor|1: 402 117 44 24 9 4 1 
14683|Child_CrossABC2|2: 394 121 47 24 9 4 1 
14730|Survivor|1: 390 125 43 20 9 4 1 
14749|Survivor|1: 350 109 41 19 10 4 1 
14764|Survivor|1: 371 115 41 19 10 4 1 
14772|Child_CrossABC1|7: 368 112 43 19 10 4 1 
14819|Survivor|1: 389 110 43 20 9 4 1 
14850|Child_Levy|28: 745 195 62 24 9 4 1 
14859|Child_CrossABC1|7: 416 139 52 24 9 4 1 
14860|Child_Avg|23: 389 138 52 24 9 4 1 
14861|Child_CrossABC1|7: 468 145 52 24 9 4 1 
14867|Child_Avg|19: 410 131 47 24 9 4 1 
14868|Child_Avg|43: 395 128 46 24 9 4 1 
14871|Survivor|1: 417 121 46 24 9 4 1 
14886|Child_Avg|19: 423 126 43 24 9 4 1 
14890|Child_Cross21|58: 384 123 43 24 9 4 1 
14892|Child_Avg|51|Mutated: 405 123 50 24 9 4 1 
14921|Child_Avg|15: 363 117 46 24 9 4 1 
14925|Child_Levy|8: 405 121 45 23 10 4 1 
14929|Child_LevyP1|9|Mutated: 476 148 57 21 10 4 1 
14932|Child_Avg|19: 449 143 57 23 10 4 1 
14937|Survivor|1: 461 141 48 20 9 4 1 
14944|Survivor|1: 438 131 49 24 9 4 1 
14946|Child_Avg|55: 425 128 49 24 9 4 1 
14951|Survivor|1: 393 135 50 24 9 4 1 
14953|Child_CrossABC2|8: 370 139 52 24 9 4 1 
15001|Child_Cross12|33: 416 135 44 24 9 4 1 
15117|Child_CrossABC1|1: 362 123 56 24 9 4 1 
15126|Child_Avg|19: 393 119 46 24 9 4 1 
15133|Child_CrossABC1|1: 412 111 46 24 9 4 1 
15139|Survivor|1: 396 123 47 24 9 4 1 
15188|Survivor|1: 377 111 41 23 8 3 1 
15214|Survivor|1: 400 113 43 20 9 4 1 
15247|Child_LevyABC2|12: 386 113 43 24 9 4 1 
15296|Child_Levy|52: 445 125 54 23 10 4 1 
15312|Child_Cross21|14: 473 121 48 20 9 4 1 
15316|Survivor|1: 437 146 56 21 10 4 1 
15317|Child_CrossABC2|8: 390 132 51 23 10 4 1 
15319|Child_CrossABC2|8: 390 124 49 21 10 4 1 
15322|Child_Cross21|10: 352 112 47 23 10 4 1 
15323|Child_CrossABC1|7: 392 124 49 21 10 4 1 
15328|Child_Cross12|37: 388 123 47 21 10 4 1 
15338|Child_CrossABC2|8: 407 130 45 21 10 4 1 
15341|Child_Avg|55: 402 124 45 21 10 4 1 
15342|Child_Cross21|30: 405 124 45 21 10 4 1 
15346|Child_CrossABC2|8: 401 127 45 21 10 4 1 
15349|Child_Cross21|2: 402 116 45 21 10 4 1 
15353|Child_Cross12|29: 408 125 45 21 10 4 1 
15354|Child_Cross21|22: 402 131 45 21 10 4 1 
15356|Child_Cross21|2: 398 124 45 21 10 4 1 
15360|Child_Cross21|6: 403 127 45 21 10 4 1 
15370|Child_Cross12|25: 402 130 45 21 10 4 1 
15371|Child_Avg|15: 413 124 45 21 10 4 1 
15373|Child_CrossABC1|1: 430 127 45 21 10 4 1 
15375|Child_Cross21|22: 390 127 45 21 10 4 1 
15387|Child_Cross12|49: 400 124 45 21 10 4 1 
15418|Child_CrossABC1|7: 402 115 45 21 10 4 1 
15420|Child_CrossABC2|8: 401 118 45 21 10 4 1 
15427|Child_Avg|47: 401 121 43 20 9 4 1 
15431|Child_Cross21|26: 396 124 43 20 9 4 1 
15486|Child_Avg|51|Mutated: 305 116 45 21 10 4 1 
15497|Child_Avg|55: 339 127 46 20 9 4 1 
15513|Survivor|1: 392 116 41 20 9 4 1 
15519|Child_Avg|15: 378 116 41 20 9 4 1 
15529|Child_Avg|7: 386 116 41 20 9 4 1 
15571|Survivor|1: 337 124 46 24 9 4 1 
15575|Survivor|1: 354 112 43 24 9 4 1 
15577|Child_CrossABC2|8: 353 118 43 24 9 4 1 
15598|Survivor|1: 386 109 49 23 8 3 1 
15653|Survivor|1: 392 144 51 23 10 4 1 
15668|Survivor|1: 388 131 46 21 10 4 1 
15669|Child_Cross12|33: 417 132 47 23 10 4 1 
15673|Child_Cross12|53: 428 133 47 23 10 4 1 
15675|Survivor|1: 446 145 46 24 9 4 1 
15682|Child_Avg|59: 400 123 47 24 9 4 1 
15687|Survivor|1: 391 130 46 24 9 4 1 
15689|Child_CrossABC1|1: 383 119 46 24 9 4 1 
15734|Child_CrossABC1|1: 394 124 49 21 10 4 1 
15738|Child_CrossABC1|1: 398 116 49 21 10 4 1 
15739|Child_CrossABC1|7: 405 133 47 23 10 4 1 
15750|Survivor|1: 406 130 45 23 10 4 1 
15760|Child_Cross12|5: 411 133 43 24 9 4 1 
15768|Child_Avg|19: 429 128 49 24 9 4 1 
15774|Survivor|1: 404 131 47 25 9 4 1 
15786|Child_CrossABC2|2: 420 123 43 24 9 4 1 
15813|Survivor|1: 394 115 48 21 10 4 1 
15866|Child_Avg|47: 426 128 49 24 9 4 1 
15870|Child_CrossABC1|7: 431 127 47 23 10 4 1 
15871|Child_Levy|12: 459 136 47 25 9 4 1 
15873|Child_Cross21|26|Mutated: 431 127 44 23 10 4 1 
15885|Survivor|1: 430 129 45 23 10 4 1 
15904|Child_Avg|51: 393 132 47 23 10 4 1 
15916|Child_Avg|59: 418 165 52 24 9 4 1 
15929|Survivor|1: 372 146 43 24 9 4 1 
15936|Child_CrossABC1|1: 369 142 43 24 9 4 1 
15958|Child_CrossABC1|7: 463 181 52 24 9 4 1 
15961|Survivor|1: 396 159 46 24 9 4 1 
15994|Survivor|1: 378 133 47 23 10 4 1 
15997|Child_Avg|23: 383 132 45 23 10 4 1 
16011|Child_Avg|3: 476 146 59 27 10 4 1 
16018|Survivor|1: 413 131 54 24 11 5 1 
16026|Child_LevyABC1|11: 408 129 55 23 10 4 1 
16029|Child_Cross21|54: 406 125 49 21 10 4 1 
16030|Child_CrossABC2|8: 407 121 51 23 10 4 1 
16031|Child_CrossABC1|7: 413 125 49 21 10 4 1 
16045|Child_Cross21|22: 361 113 43 20 9 4 1 
16070|Survivor|1: 393 112 39 20 9 4 1 
16089|Child_CrossABC1|1|Mutated: 397 140 46 20 9 4 1 
16130|Child_Avg|11: 560 175 65 24 9 4 1 
16135|Child_Levy|40: 399 162 50 24 9 4 1 
16136|Child_Cross21|10: 435 139 55 24 9 4 1 
16138|Child_Avg|47: 451 159 55 24 9 4 1 
16157|Survivor|1: 447 140 49 24 9 4 1 
16165|Child_CrossABC2|2: 363 131 50 24 9 4 1 
16174|Child_Avg|47: 353 129 50 24 9 4 1 
16178|Child_Cross21|46: 347 124 46 24 9 4 1 
16186|Survivor|1: 356 121 43 24 9 4 1 
16228|Child_Cross12|17: 404 139 45 23 10 4 1 
16232|Survivor|1: 476 166 61 29 10 4 1 
16258|Child_Avg|39: 436 169 55 29 9 4 1 
16265|Survivor|1: 397 144 55 29 9 4 1 
16283|Survivor|1: 429 118 48 20 9 4 1 
16289|Child_Cross12|13: 413 116 46 20 9 4 1 
16315|Survivor|1: 393 116 43 20 9 4 1 
16324|Child_Avg|31: 387 118 50 24 9 4 1 
16326|Child_Cross12|9: 412 121 45 23 10 4 1 
16342|Survivor|1: 425 130 49 24 9 4 1 
16344|Child_Cross21|18: 413 124 44 19 10 4 1 
16349|Child_CrossABC1|7: 409 124 44 19 10 4 1 
16351|Child_Cross12|57: 419 124 44 19 10 4 1 
16354|Child_Cross12|21: 411 121 44 19 10 4 1 
16366|Child_Cross12|37: 415 122 43 19 10 4 1 
16373|Survivor|1: 412 121 43 20 9 4 1 
16376|Child_Cross12|45: 399 121 43 19 10 4 1 
16418|Child_CrossABC1|7: 407 125 49 21 10 4 1 
16445|Child_CrossABC2|2: 412 121 48 20 9 4 1 
16496|Child_Levy|48: 469 193 59 27 10 4 1 
16521|Child_Cross21|58: 389 121 43 20 9 4 1 
16522|Child_Cross21|34: 372 107 43 20 9 4 1 
16542|Child_Cross21|30: 373 107 43 20 9 4 1 
16551|Child_Cross21|42: 377 107 43 20 9 4 1 
16553|Child_Cross21|34: 378 107 43 20 9 4 1 
16555|Child_Cross12|13: 363 110 43 20 9 4 1 
16567|Child_Avg|59: 375 107 43 20 9 4 1 
16578|Child_Cross21|30: 399 107 43 20 9 4 1 
16588|Child_Avg|35: 351 107 43 20 9 4 1 
16637|Child_Cross21|6: 377 105 44 19 10 4 1 
16645|Survivor|1: 364 114 43 20 9 4 1 
16663|Child_CrossABC2|2: 389 107 41 20 9 4 1 
16754|Survivor|1: 359 136 46 21 10 4 1 
16773|Child_Cross21|54: 443 144 51 23 10 4 1 
16777|Child_Cross12|17: 355 123 47 23 10 4 1 
16778|Child_CrossABC2|2: 390 125 44 23 10 4 1 
16781|Child_Levy|16: 395 122 46 24 9 4 1 
16786|Child_Levy|36|Mutated: 405 122 46 24 9 4 1 
16855|Child_Avg|35: 408 123 47 23 10 4 1 
16859|Child_CrossABC2|2: 408 125 47 23 10 4 1 
16860|Child_Avg|3: 404 124 47 23 10 4 1 
16864|Survivor|1: 409 125 48 23 10 4 1 
16865|Child_CrossABC2|8: 410 124 47 23 10 4 1 
16877|Child_CrossABC2|2: 402 128 47 23 10 4 1 
16883|Child_Levy|8: 395 126 44 24 9 4 1 
16885|Survivor|1: 396 127 44 23 10 4 1 
16894|Survivor|1: 401 139 46 24 9 4 1 
16912|Child_Avg|55: 394 119 46 24 9 4 1 
16925|Survivor|1: 399 124 46 24 9 4 1 
16939|Child_CrossABC1|1: 388 118 43 24 9 4 1 
16984|Child_Cross21|50: 422 118 43 24 9 4 1 
16995|Survivor|1: 400 118 49 24 9 4 1 
17000|Child_Avg|7: 419 121 45 23 10 4 1 
17039|Survivor|1: 393 142 43 24 9 4 1 
17049|Survivor|1: 388 106 49 24 9 4 1 
17051|Survivor|1: 463 175 49 24 9 4 1 
17054|Child_Cross12|37: 392 119 49 24 9 4 1 
17057|Child_Cross21|42: 401 146 46 24 9 4 1 
17059|Child_Cross21|30: 348 119 49 24 9 4 1 
17063|Survivor|1: 390 128 47 24 9 4 1 
17064|Child_CrossABC1|7: 389 126 49 24 9 4 1 
17077|Child_CrossABC2|2: 405 123 46 24 9 4 1 
17084|Survivor|1: 405 124 46 24 9 4 1 
17145|Survivor|1: 394 125 52 24 9 4 1 
17146|Child_CrossABC1|7: 397 123 59 24 9 4 1 
17166|Child_Cross21|30: 396 137 43 24 9 4 1 
17177|Child_CrossABC2|2: 397 123 55 24 9 4 1 
17200|Child_Cross21|6|Mutated: 408 115 49 24 9 4 1 
17204|Survivor|1: 424 116 61 24 9 4 1 
17205|Child_Cross12|17: 401 114 47 24 9 4 1 
17208|Survivor|1: 396 113 46 24 9 4 1 
17251|Child_Avg|59: 399 118 43 24 9 4 1 
17279|Child_Avg|27: 391 118 43 24 9 4 1 
17300|Child_Avg|51: 520 188 61 24 9 4 1 
17337|Child_Levy|20|Mutated: 564 185 55 24 9 4 1 
17344|Child_CrossABC1|1: 429 142 58 24 9 4 1 
17347|Child_CrossABC2|2: 469 142 58 24 9 4 1 
17350|Survivor|1: 465 142 58 24 9 4 1 
17353|Child_Cross12|1: 435 141 52 24 9 4 1 
17372|Child_Avg|55: 419 134 50 24 9 4 1 
17395|Child_Avg|15: 459 154 46 24 9 4 1 
17422|Child_LevyP2|4: 410 131 52 20 9 4 1 
17430|Survivor|1|Mutated: 362 113 46 20 9 4 1 
17451|Survivor|1: 361 116 46 20 9 4 1 
17492|Survivor|1: 341 146 53 24 9 4 1 
17494|Child_CrossABC2|2: 349 141 55 23 10 4 1 
17512|Child_CrossABC2|8|Mutated: 410 153 53 24 9 4 1 
17514|Child_Cross12|45: 389 143 49 24 9 4 1 
17515|Child_Avg|39: 406 141 49 24 9 4 1 
17541|Survivor|1: 398 128 61 24 9 4 1 
17600|Child_Cross21|34: 406 133 48 23 10 4 1 
17602|Child_Cross21|58: 464 129 56 24 9 4 1 
17612|Child_CrossABC1|1: 438 125 52 24 9 4 1 
17615|Child_Avg|39: 431 127 52 24 9 4 1 
17616|Child_CrossABC2|2: 432 125 52 24 9 4 1 
17620|Child_Avg|7: 409 122 52 24 9 4 1 
17625|Child_CrossABC1|1: 419 126 49 24 9 4 1 
17629|Child_Avg|51: 408 123 56 24 9 4 1 
17641|Child_Avg|23: 412 133 53 24 9 4 1 
17642|Child_Cross21|30: 419 130 46 24 9 4 1 
17643|Child_CrossABC1|1: 401 129 52 24 9 4 1 
17647|Child_Cross12|33: 455 130 46 24 9 4 1 
17657|Child_Cross12|45: 401 123 47 24 9 4 1 
17659|Child_CrossABC2|8: 421 122 48 20 9 4 1 
17665|Survivor|1: 426 121 43 20 9 4 1 
17689|Survivor|1: 412 116 43 20 9 4 1 
17702|Child_Avg|7: 404 113 43 20 9 4 1 
17705|Child_CrossABC2|8: 414 114 55 20 9 4 1 
17718|Child_Avg|51: 403 118 41 20 9 4 1 
17752|Survivor|1: 471 121 49 21 10 4 1 
17755|Child_LevyABC2|12: 416 125 52 19 10 4 1 
17758|Survivor|1: 546 141 55 27 10 4 1 
17765|Survivor|1: 415 122 46 21 10 4 1 
17767|Child_CrossABC2|2: 401 122 46 21 10 4 1 
17777|Survivor|1|Mutated: 405 122 46 21 10 4 1 
17780|Child_Avg|7: 411 121 46 20 9 4 1 
17782|Child_CrossABC1|1: 409 122 48 20 9 4 1 
17796|Child_Cross21|2: 392 121 43 20 9 4 1 
17834|Child_CrossABC1|1|Mutated: 401 124 49 21 10 4 1 
17845|Child_Cross21|10: 396 125 43 24 9 4 1 
17850|Child_CrossABC1|1: 399 126 44 24 9 4 1 
17884|Survivor|1: 345 127 47 24 9 4 1 
17886|Child_LevyP1|3: 351 128 48 23 10 3 1 
17899|Survivor|1: 407 131 45 24 11 4 1 
17985|Survivor|1: 587 183 65 28 11 4 1 
17987|Child_Avg|39: 351 137 55 24 9 4 1 
17991|Survivor|1: 438 149 55 27 10 4 1 
17995|Child_CrossABC2|8: 394 130 47 24 9 4 1 
17996|Child_Avg|11: 415 137 53 24 9 4 1 
17999|Survivor|1: 369 146 46 24 9 4 1 
18000|Child_CrossABC2|8: 371 154 46 24 9 4 1 
18001|Child_CrossABC1|1: 391 146 46 24 9 4 1 
18007|Child_Cross21|18: 370 143 46 24 9 4 1 
18012|Child_CrossABC2|2: 395 146 46 24 9 4 1 
18020|Child_Cross12|33: 393 146 46 24 9 4 1 
18066|Child_Avg|51: 370 140 43 24 9 4 1 
18070|Survivor|1: 386 137 43 24 9 4 1 
18105|Survivor|1: 389 127 43 24 9 4 1 
18142|Child_Avg|7: 435 165 49 24 9 4 1 
18152|Survivor|1: 464 167 52 20 9 4 1 
18156|Survivor|1: 401 140 46 20 9 4 1 
18163|Survivor|1: 365 144 55 20 9 4 1 
18175|Child_Avg|39: 374 130 48 21 10 4 1 
18178|Child_Cross21|54: 385 125 43 20 9 4 1 
18183|Child_CrossABC2|8: 293 119 46 20 9 4 1 
18220|Survivor|1: 388 111 48 20 9 4 1 
18226|Survivor|1: 389 114 43 20 9 4 1 
18269|Survivor|1: 381 132 46 24 9 4 1 
18353|Survivor|1: 348 118 49 24 9 4 1 
18357|Child_Avg|23: 389 152 54 24 11 4 1 
18364|Child_Avg|27: 355 131 48 21 10 4 1 
18372|Survivor|1: 366 138 56 25 9 4 1 
18379|Child_CrossABC1|7: 401 129 46 24 9 4 1 
18387|Survivor|1: 393 121 46 24 9 4 1 
18398|Survivor|1: 373 119 46 24 9 4 1 
18412|Survivor|1: 398 117 44 24 9 4 1 
18416|Child_Avg|55: 392 118 50 23 10 4 1 
18443|Child_Levy|16: 369 117 44 24 9 4 1 
18454|Survivor|1: 406 123 47 24 9 4 1 
18462|Survivor|1|Mutated: 401 128 47 24 9 4 1 
18509|Child_CrossABC2|8: 390 123 55 24 9 4 1 
18512|Child_CrossABC1|7: 389 123 64 24 9 4 1 
18579|Child_CrossABC2|8: 408 142 53 24 9 4 1 
18583|Child_Avg|27: 414 149 59 24 9 4 1 
18584|Child_CrossABC1|7: 384 147 55 24 9 4 1 
18586|Child_CrossABC2|2: 409 147 55 24 9 4 1 
18589|Survivor|1: 394 141 52 24 9 4 1 
18594|Survivor|1: 417 127 46 20 9 4 1 
18615|Child_Cross12|29: 391 125 43 20 9 4 1 
18628|Child_Avg|11: 387 125 43 20 9 4 1 
18639|Child_Cross12|17: 389 127 43 20 9 4 1 
18653|Child_Cross12|13: 388 121 43 20 9 4 1 
18694|Child_Cross21|14: 404 110 43 20 9 4 1 
18726|Child_Cross12|49: 418 121 43 20 9 4 1 
18754|Child_Cross12|25: 373 121 43 20 9 4 1 
18840|Child_CrossABC2|2|Mutated: 398 145 46 20 9 4 1 
18852|Survivor|1: 393 140 46 20 9 4 1 
18864|Survivor|1: 398 123 39 20 9 4 1 
18872|Survivor|1: 395 128 43 20 9 4 1 
18886|Child_CrossABC1|7: 399 128 43 20 9 4 1 
18911|Survivor|1: 440 147 63 29 10 4 1 
18929|Survivor|1: 381 147 52 27 10 4 1 
18939|Survivor|1: 371 133 46 24 9 4 1 
18948|Survivor|1: 323 130 46 24 9 4 1 
18951|Survivor|1: 286 127 49 24 9 4 1 
18970|Child_Avg|23: 310 126 43 24 9 4 1 
18971|Child_Avg|43: 323 126 43 24 9 4 1 
18977|Child_Avg|31|Mutated: 400 129 50 24 9 4 1 
19072|Survivor|1: 445 126 49 24 9 4 1 
19074|Survivor|1: 422 127 47 23 10 4 1 
19090|Survivor|1: 395 130 47 24 9 4 1 
19096|Survivor|1: 421 131 50 24 9 4 1 
19098|Child_CrossABC1|1: 404 126 59 24 9 4 1 
19101|Child_Avg|3: 405 131 52 24 9 4 1 
19106|Child_CrossABC1|7: 406 129 56 24 9 4 1 
19110|Child_CrossABC1|1: 406 125 56 24 9 4 1 
19122|Survivor|1: 414 126 55 24 9 4 1 
19135|Child_CrossABC1|7|Mutated: 413 123 59 24 9 4 1 
19175|Survivor|1: 384 131 54 24 11 4 1 
19179|Child_Avg|7: 404 128 50 23 10 4 1 
19192|Child_Cross21|14: 396 125 47 24 9 4 1 
19230|Child_Levy|12: 373 108 46 24 9 4 1 
19235|Survivor|1: 392 113 52 24 9 4 1 
19240|Survivor|1: 367 113 43 24 9 4 1 
19241|Child_CrossABC1|7: 421 114 50 24 9 4 1 
19246|Survivor|1: 377 113 46 24 9 4 1 
19252|Child_Avg|59: 357 108 46 24 9 4 1 
19259|Survivor|1: 365 108 59 24 9 4 1 
19261|Child_CrossABC2|8: 361 108 53 24 9 4 1 
19268|Child_Levy|40: 430 143 61 24 9 4 1 
19294|Survivor|1: 379 132 49 24 9 4 1 
19296|Child_CrossABC2|8: 403 127 52 24 9 4 1 
19304|Child_CrossABC1|7: 328 131 52 24 9 4 1 
19306|Child_CrossABC1|1: 423 131 50 24 9 4 1 
19308|Child_CrossABC1|1: 419 134 52 24 9 4 1 
19340|Survivor|1: 398 119 45 23 10 4 1 
19350|Survivor|1: 395 122 45 23 10 4 1 
19355|Child_CrossABC1|7: 398 123 44 23 10 4 1 
19380|Survivor|1: 395 123 47 23 10 4 1 
19389|Child_CrossABC2|2: 382 122 47 23 10 4 1 
19393|Child_CrossABC2|2: 384 126 47 23 10 4 1 
19409|Child_Cross21|10|Mutated: 448 122 47 23 10 4 1 
19418|Child_CrossABC2|2: 445 122 47 23 10 4 1 
19440|Child_Cross12|1|Mutated: 394 122 45 23 10 4 1 
19461|Child_Cross21|14|Mutated: 396 122 45 23 10 4 1 
19469|Child_Avg|39|Mutated: 395 122 47 23 10 4 1 
19508|Child_CrossABC2|2: 393 124 51 23 10 4 1 
19514|Child_Avg|43: 393 122 47 23 10 4 1 
19553|Child_Cross21|2: 389 119 41 19 10 4 1 
19610|Survivor|1: 413 146 47 23 10 4 1 
19612|Child_Cross21|22: 364 128 49 24 9 4 1 
19636|Child_CrossABC1|7: 390 127 43 20 9 4 1 
19640|Child_Avg|51|Mutated: 418 117 49 21 10 4 1 
19651|Child_CrossABC2|8: 376 119 48 20 9 4 1 
19664|Child_Levy|40: 374 113 43 20 9 4 1 
19703|Survivor|1: 432 146 55 24 9 4 1 
19706|Child_LevyABC1|11: 420 129 53 24 9 4 1 
19712|Child_CrossABC1|7: 395 142 64 24 9 4 1 
19715|Survivor|1: 416 135 56 24 9 4 1 
19718|Survivor|1: 406 141 61 24 9 4 1 
19719|Child_Levy|12: 388 131 52 24 9 4 1 
19720|Child_CrossABC2|2: 403 133 55 24 9 4 1 
19721|Child_CrossABC2|2: 408 153 58 24 9 4 1 
19733|Child_Avg|51: 398 127 49 24 9 4 1 
19735|Child_LevyP1|9: 391 121 56 24 9 4 1 
19737|Child_Cross12|33: 392 119 45 23 10 4 1 
19739|Survivor|1: 392 127 54 23 10 4 1 
19740|Child_CrossABC1|7: 375 114 53 24 9 4 1 
19750|Child_CrossABC1|1: 409 131 50 24 9 4 1 
19761|Survivor|1: 387 131 50 24 9 4 1 
19780|Child_CrossABC2|2: 393 119 44 24 9 4 1 
19789|Survivor|1: 356 123 53 24 9 4 1 
19802|Survivor|1: 457 174 52 24 9 4 1 
19805|Child_CrossABC1|7: 416 168 59 24 9 4 1 
19807|Child_CrossABC1|1: 355 128 46 24 9 4 1 
19809|Child_CrossABC2|8: 355 130 46 24 9 4 1 
19813|Survivor|1|Mutated: 371 132 43 24 9 4 1 
19830|Survivor|1: 439 159 46 24 9 4 1 
19831|Child_CrossABC1|1|Mutated: 369 108 46 24 9 4 1 
19838|Survivor|1: 401 131 50 24 9 4 1 
19904|Survivor|1: 429 181 49 24 9 4 1 
19907|Survivor|1: 397 155 50 24 9 4 1 
19911|Child_CrossABC1|7: 395 155 50 24 9 4 1 
19912|Child_CrossABC1|1: 393 155 50 24 9 4 1 
19916|Child_Cross21|34|Mutated: 362 149 52 24 9 4 1 
19919|Survivor|1: 372 135 46 24 9 4 1 
19920|Child_CrossABC1|7|Mutated: 391 152 49 24 9 4 1 
19923|Survivor|1: 375 146 46 24 9 4 1 
19926|Survivor|1: 373 146 46 24 9 4 1 
19933|Child_Cross21|2: 379 138 44 24 9 4 1 
19935|Survivor|1: 382 142 43 24 9 4 1 
19949|Survivor|1: 379 142 43 24 9 4 1 
19966|Survivor|1: 399 121 43 24 9 4 1 
19968|Child_CrossABC1|1: 395 123 43 24 9 4 1 
19976|Survivor|1: 414 119 49 24 9 4 1 
19979|Child_CrossABC1|1: 421 117 50 24 9 4 1 
19982|Child_CrossABC1|1: 420 127 50 24 9 4 1 
19987|Child_LevyP2|10: 412 128 47 24 9 4 1 
19994|Survivor|1: 415 129 53 24 9 4 1 
19996|Child_CrossABC2|8: 414 127 58 24 9 4 1 
20007|Child_Levy|8: 411 124 46 24 9 4 1 
20048|Child_Avg|47: 413 132 46 24 9 4 1 
20051|Survivor|1: 466 137 43 24 9 4 1 
20052|Child_CrossABC1|1: 426 125 47 24 9 4 1 
20107|Child_CrossABC1|7: 489 133 49 24 9 4 1 
20139|Child_CrossABC2|8: 468 144 53 24 9 4 1 
20145|Survivor|1: 447 131 49 24 9 4 1 
20149|Child_CrossABC1|7: 456 132 49 24 9 4 1 
20152|Child_CrossABC1|1: 454 133 49 24 9 4 1 
20173|Survivor|1: 451 130 49 24 9 4 1 
20174|Child_CrossABC2|2: 450 132 49 24 9 4 1 
20176|Child_Avg|43: 450 136 49 24 9 4 1 
20180|Child_CrossABC1|1: 417 119 49 24 9 4 1 
20189|Survivor|1: 409 132 46 24 9 4 1 
20240|Child_Cross21|30: 368 133 43 20 9 4 1 
20268|Child_CrossABC2|2: 403 131 43 20 9 4 1 
20348|Child_CrossABC1|1: 396 128 43 20 9 4 1 
20365|Child_Cross12|1: 408 128 41 20 9 4 1 
20381|Child_CrossABC1|1: 407 122 48 20 9 4 1 
20383|Child_CrossABC1|1: 420 119 46 20 9 4 1 
20389|Child_Cross12|53|Mutated: 411 122 48 20 9 4 1 
20391|Child_CrossABC2|2: 407 127 50 21 10 4 1 
20434|Child_Cross12|29: 405 118 41 19 10 4 1 
20474|Child_Avg|3: 532 163 58 24 9 4 1 
20487|Child_CrossABC1|7: 486 153 53 24 9 4 1 
20488|Child_Avg|39: 429 146 53 24 9 4 1 
20489|Child_Avg|47: 461 139 52 24 9 4 1 
20492|Child_Avg|15: 467 141 52 24 9 4 1 
20494|Child_Avg|23: 454 143 52 24 9 4 1 
20496|Survivor|1: 466 137 54 23 10 4 1 
20497|Child_Cross12|45: 462 141 49 24 9 4 1 
20511|Child_CrossABC1|1|Mutated: 398 160 55 24 9 4 1 
20516|Child_CrossABC1|1: 434 180 67 24 9 4 1 
20519|Child_CrossABC2|8: 403 145 61 24 9 4 1 
20528|Child_CrossABC1|7: 404 145 59 24 9 4 1 
20530|Survivor|1: 394 136 55 24 9 4 1 
20532|Survivor|1: 378 133 50 24 9 4 1 
20536|Survivor|1: 378 147 50 24 9 4 1 
20539|Child_Avg|7: 342 126 43 24 9 4 1 
20541|Child_CrossABC2|8|Mutated: 367 132 50 24 9 4 1 
20543|Survivor|1: 361 131 50 24 9 4 1 
20544|Child_CrossABC2|2: 371 135 50 24 9 4 1 
20547|Child_CrossABC1|7: 375 134 50 24 9 4 1 
20548|Child_CrossABC2|8: 373 134 50 24 9 4 1 
20550|Child_CrossABC2|2: 373 138 52 24 9 4 1 
20556|Survivor|1: 399 131 47 24 9 4 1 
20561|Child_CrossABC1|1: 358 133 49 24 9 4 1 
20596|Child_CrossABC2|2: 356 133 49 24 9 4 1 
20604|Child_Cross21|58: 359 133 49 24 9 4 1 
20609|Child_Cross12|41: 354 130 49 24 9 4 1 
20618|Child_Cross12|9: 357 133 49 24 9 4 1 
20658|Child_Levy|60: 622 193 69 24 11 5 1 
20664|Child_CrossABC2|2: 417 132 46 24 9 4 1 
20674|Child_CrossABC2|2: 370 143 58 24 9 4 1 
20675|Child_Levy|20: 420 136 55 24 9 4 1 
20680|Child_CrossABC1|1: 396 134 49 24 9 4 1 
20689|Survivor|1: 377 137 47 24 9 4 1 
20691|Child_CrossABC2|8: 412 133 46 24 9 4 1 
20695|Survivor|1: 458 132 49 24 9 4 1 
20716|Child_CrossABC2|8: 440 133 47 23 10 4 1 
20719|Child_CrossABC2|2: 443 135 47 23 10 4 1 
20722|Child_CrossABC2|8: 437 135 47 23 10 4 1 
20729|Child_Cross12|33: 437 134 47 23 10 4 1 
20732|Child_Cross21|18: 449 135 47 23 10 4 1 
20738|Child_CrossABC2|8: 460 135 47 23 10 4 1 
20742|Child_CrossABC1|7: 445 135 47 23 10 4 1 
20746|Survivor|1: 437 127 54 23 10 4 1 
20753|Survivor|1: 441 125 44 23 10 4 1 
20764|Child_Cross12|53: 407 111 47 23 10 4 1 
20780|Child_Cross21|58: 407 116 45 21 10 4 1 
20782|Survivor|1: 408 118 45 23 10 4 1 
20826|Survivor|1: 402 118 43 24 9 4 1 
20834|Child_CrossABC1|7: 403 119 41 24 9 4 1 
20844|Survivor|1: 403 118 43 24 9 4 1 
20872|Child_Avg|59: 402 117 49 24 9 4 1 
20873|Child_CrossABC1|1: 391 118 50 24 9 4 1 
20913|Survivor|1: 565 149 69 27 10 4 1 
20923|Survivor|1: 418 126 49 27 10 4 1 
20941|Child_CrossABC2|8: 429 123 46 27 10 4 1 
20947|Child_Cross21|42: 412 118 49 24 9 4 1 
20948|Child_CrossABC1|1: 435 125 56 24 9 4 1 
20950|Survivor|1: 419 119 46 24 9 4 1 
20954|Child_CrossABC2|2: 425 123 44 24 9 4 1 
20957|Survivor|1: 424 119 44 24 9 4 1 
20962|Child_Cross12|37: 421 121 43 24 9 4 1 
20968|Child_CrossABC1|7: 410 122 43 24 9 4 1 
20983|Child_LevyABC1|5: 414 123 43 24 9 4 1 
20994|Survivor|1: 397 126 46 24 9 4 1 
21011|Child_CrossABC1|1: 384 105 44 24 9 4 1 
21013|Survivor|1: 389 107 43 24 9 4 1 
21022|Survivor|1: 397 107 43 24 9 4 1 
21051|Survivor|1: 419 118 49 24 9 4 1 
21075|Child_Cross21|54: 531 147 59 24 9 4 1 
21082|Child_Avg|19: 441 133 52 24 9 4 1 
21091|Child_Avg|11: 391 119 41 23 8 3 1 
21095|Survivor|1: 395 121 41 19 10 4 1 
21103|Child_Cross12|25: 402 127 41 19 10 4 1 
21118|Child_Avg|23: 398 116 41 19 10 4 1 
21149|Survivor|1: 415 121 41 19 10 4 1 
21166|Child_Levy|12: 374 132 46 21 10 4 1 
21174|Survivor|1: 430 132 43 24 9 4 1 
21194|Survivor|1: 384 132 43 24 9 4 1 
21213|Survivor|1: 407 140 49 24 9 4 1 
21231|Child_Avg|43: 349 125 44 23 10 4 1 
21235|Survivor|1: 369 119 46 24 9 4 1 
21244|Survivor|1: 637 171 63 25 11 5 1 
21251|Survivor|1: 637 185 63 25 11 5 1 
21252|Child_Avg|27: 603 167 55 24 9 4 1 
21283|Survivor|1: 383 114 47 24 9 4 1 
21298|Survivor|1: 409 119 44 24 9 4 1 
21300|Survivor|1: 417 113 46 24 9 4 1 
21305|Child_CrossABC2|8: 419 127 52 24 9 4 1 
21308|Child_Avg|11: 427 122 46 24 9 4 1 
21321|Child_Levy|32: 458 125 47 23 10 4 1 
21343|Survivor|1: 384 111 44 24 9 4 1 
21357|Child_Cross21|34: 427 111 49 21 10 4 1 
21359|Survivor|1: 405 114 46 20 9 4 1 
21365|Survivor|1: 446 125 43 20 9 4 1 
21382|Survivor|1: 427 119 46 20 9 4 1 
21391|Child_CrossABC1|7: 413 116 43 20 9 4 1 
21402|Child_Cross12|17|Mutated: 416 117 46 20 9 4 1 
21403|Child_CrossABC1|7|Mutated: 413 118 43 20 9 4 1 
21405|Child_CrossABC1|7: 402 117 48 20 9 4 1 
21406|Child_LevyABC2|6|Mutated: 400 116 46 21 10 4 1 
21429|Child_Cross12|1: 423 118 41 20 9 4 1 
21467|Child_Cross21|6: 408 118 41 20 9 4 1 
21470|Survivor|1: 398 116 48 21 10 4 1 
21472|Child_Avg|27: 401 116 46 20 9 4 1 
21475|Child_Avg|15|Mutated: 401 133 46 20 9 4 1 
21565|Child_Cross12|37: 345 122 54 23 10 4 1 
21570|Child_Cross12|17: 410 133 52 24 9 4 1 
21586|Child_CrossABC1|1: 415 118 49 24 9 4 1 
21594|Survivor|1: 429 123 46 24 9 4 1 
21616|Survivor|1: 396 120 47 25 9 4 1 
21621|Child_CrossABC2|2: 473 142 61 24 9 4 1 
21624|Survivor|1|Mutated: 556 142 61 24 9 4 1 
21628|Survivor|1|Mutated: 459 157 55 24 9 4 1 
21635|Child_CrossABC2|8: 447 138 55 24 9 4 1 
21639|Child_CrossABC2|2: 444 138 53 24 9 4 1 
21644|Child_Cross21|26: 424 130 55 24 9 4 1 
21649|Child_CrossABC1|1: 421 132 53 24 9 4 1 
21650|Child_Avg|11: 423 132 46 24 9 4 1 
21658|Child_Avg|31|Mutated: 478 134 51 23 10 4 1 
21660|Survivor|1: 430 126 43 24 9 4 1 
21690|Child_CrossABC1|1: 424 125 44 24 9 4 1 
21710|Child_Avg|43: 454 133 43 24 9 4 1 
21716|Child_Cross12|41: 424 131 43 24 9 4 1 
21717|Child_Avg|51: 447 131 43 24 9 4 1 
21746|Child_Cross12|17: 411 132 43 24 9 4 1 
21753|Survivor|1: 409 131 47 24 9 4 1 
21833|Child_Avg|19|Mutated: 413 129 49 24 9 4 1 
21852|Child_Cross12|5: 415 118 43 20 9 4 1 
21858|Survivor|1: 407 113 43 20 9 4 1 
21862|Child_CrossABC1|7: 410 111 43 20 9 4 1 
21867|Child_Cross21|42|Mutated: 434 127 46 20 9 4 1 
21874|Child_CrossABC2|8: 407 121 46 20 9 4 1 
21886|Child_Cross21|22: 409 136 46 20 9 4 1 
21900|Survivor|1: 466 164 54 23 10 4 1 
21917|Child_CrossABC2|2: 450 121 43 20 9 4 1 
21918|Child_Avg|11: 428 125 52 19 10 4 1 
21925|Survivor|1: 423 124 53 19 10 4 1 
21974|Child_CrossABC1|7: 438 131 46 21 10 4 1 
21986|Survivor|1: 409 131 45 21 10 4 1 
21989|Child_Cross12|29: 408 131 44 23 10 4 1 
21992|Child_Cross12|21: 390 136 43 20 9 4 1 
22048|Survivor|1: 395 131 53 24 11 4 1 
22058|Child_CrossABC2|2: 391 134 52 24 9 4 1 
22061|Child_CrossABC2|8: 399 134 50 24 9 4 1 
22064|Survivor|1: 423 130 46 24 9 4 1 
22066|Child_Cross21|18: 403 133 48 23 10 4 1 
22068|Child_CrossABC1|7: 399 137 55 24 9 4 1 
22084|Child_Levy|28: 447 125 54 23 10 4 1 
22100|Child_CrossABC2|2: 409 123 61 23 10 4 1 
22111|Child_Cross21|38|Mutated: 436 125 44 23 10 4 1 
22115|Child_Cross21|58: 421 117 44 23 10 4 1 
22150|Child_Avg|31: 407 117 44 23 10 4 1 
22164|Child_Cross21|26: 404 117 44 23 10 4 1 
22219|Survivor|1: 373 122 47 23 10 4 1 
22222|Child_Cross21|30: 387 119 48 21 10 4 1 
22244|Child_Cross21|34: 394 116 41 19 10 4 1 
22249|Survivor|1: 394 118 41 19 10 4 1 
22254|Survivor|1: 394 122 43 19 10 4 1 
22268|Survivor|1: 377 154 62 27 10 4 1 
22271|Child_CrossABC2|8: 400 133 52 24 9 4 1 
22276|Child_Levy|40: 390 128 47 23 10 4 1 
22283|Survivor|1: 416 144 55 24 9 4 1 
22287|Child_CrossABC1|7: 425 151 58 24 9 4 1 
22292|Child_CrossABC2|8: 399 167 59 24 9 4 1 
22293|Child_CrossABC1|7: 387 163 58 24 9 4 1 
22296|Survivor|1: 407 139 52 24 9 4 1 
22298|Child_CrossABC1|1: 393 137 55 24 9 4 1 
22305|Survivor|1: 366 142 49 24 9 4 1 
22306|Child_CrossABC2|8|Mutated: 370 142 49 24 9 4 1 
22312|Child_CrossABC2|2: 367 142 49 24 9 4 1 
22319|Child_CrossABC2|8: 371 142 49 24 9 4 1 
22323|Child_CrossABC2|2: 361 146 52 24 9 4 1 
22329|Survivor|1: 356 137 43 24 9 4 1 
22383|Child_CrossABC1|1: 399 129 51 23 10 4 1 
22384|Child_CrossABC1|1: 403 129 51 23 10 4 1 
22419|Survivor|1: 387 125 47 24 9 4 1 
22420|Child_CrossABC2|2: 382 131 50 24 9 4 1 
22422|Child_Avg|23: 406 129 50 24 9 4 1 
22428|Child_Cross21|50: 401 122 47 24 9 4 1 
22432|Survivor|1: 395 118 50 24 9 4 1 
22446|Survivor|1: 394 122 43 24 9 4 1 
22540|Child_LevyABC1|11: 392 113 46 24 9 4 1 
22556|Survivor|1: 405 125 47 23 10 4 1 
22565|Child_CrossABC1|7: 388 128 48 23 10 4 1 
22568|Child_Cross12|5: 397 128 48 23 10 4 1 
22576|Child_Cross21|58: 426 119 45 23 10 4 1 
22577|Child_Avg|43: 409 122 47 23 10 4 1 
22579|Child_CrossABC2|2: 412 118 45 23 10 4 1 
22586|Survivor|1: 439 125 47 23 10 4 1 
22593|Child_CrossABC2|2: 430 122 47 23 10 4 1 
22596|Child_CrossABC1|7: 430 123 47 23 10 4 1 
22597|Child_CrossABC1|7: 423 122 47 23 10 4 1 
22599|Survivor|1: 423 124 47 23 10 4 1 
22738|Child_Levy|12: 693 178 73 24 9 4 1 
22746|Survivor|1|Mutated: 578 153 57 21 10 4 1 
22776|Survivor|1: 397 129 44 24 9 4 1 
22799|Survivor|1: 476 190 73 27 10 4 1 
22804|Survivor|1: 398 124 46 27 10 4 1 
22812|Survivor|1: 421 149 47 23 10 4 1 
22835|Child_LevyP2|10: 513 161 55 24 9 4 1 
22844|Survivor|1: 426 133 49 24 9 4 1 
22847|Child_Avg|15|Mutated: 448 133 52 24 9 4 1 
22849|Child_CrossABC1|1: 355 134 50 24 9 4 1 
22879|Child_CrossABC1|7|Mutated: 327 121 43 20 9 4 1 
22904|Child_Cross21|22: 393 136 43 20 9 4 1 
22910|Child_Avg|19: 393 125 43 20 9 4 1 
22938|Survivor|1: 396 136 43 20 9 4 1 
22941|Child_Cross12|21: 397 128 43 20 9 4 1 
22944|Child_Cross12|53: 397 127 43 20 9 4 1 
22946|Child_CrossABC2|8: 398 128 43 20 9 4 1 
22958|Survivor|1: 392 127 43 20 9 4 1 
22963|Child_Cross21|10: 414 127 43 20 9 4 1 
22991|Child_Cross12|37: 393 124 43 20 9 4 1 
23011|Child_Cross12|37: 411 121 43 20 9 4 1 
23044|Child_CrossABC2|8: 393 121 47 24 9 4 1 
23053|Child_Avg|15|Mutated: 423 121 43 24 9 4 1 
23092|Survivor|1: 389 152 46 24 9 4 1 
23103|Survivor|1|Mutated: 329 127 45 21 10 4 1 
23108|Survivor|1: 300 129 44 24 9 4 1 
23126|Survivor|1: 349 132 43 24 9 4 1 
23130|Child_Cross12|5: 360 134 49 24 9 4 1 
23132|Survivor|1: 354 123 55 24 9 4 1 
23134|Child_Cross21|38: 359 132 50 24 9 4 1 
23144|Survivor|1: 353 126 43 24 9 4 1 
23153|Survivor|1: 350 126 43 24 9 4 1 
23166|Child_Cross12|45: 348 127 43 24 9 4 1 
23208|Survivor|1: 392 114 43 24 9 4 1 
23215|Child_CrossABC1|1: 343 128 59 24 9 4 1 
23218|Survivor|1: 340 138 59 24 9 4 1 
23223|Survivor|1: 391 126 52 24 9 4 1 
23225|Child_CrossABC1|1: 386 129 55 24 9 4 1 
23227|Child_CrossABC1|7: 375 135 52 24 9 4 1 
23243|Survivor|1: 308 114 54 23 10 4 1 
23254|Child_Avg|31|Mutated: 448 172 65 25 9 4 1 
23255|Child_CrossABC2|2: 429 162 53 24 9 4 1 
23257|Survivor|1: 398 167 59 24 9 4 1 
23258|Child_Cross21|30: 445 157 58 24 9 4 1 
23262|Child_Avg|11: 423 138 56 24 9 4 1 
23268|Child_Cross21|38: 395 119 49 24 9 4 1 
23279|Child_CrossABC1|7: 380 135 50 24 9 4 1 
23283|Child_CrossABC2|8: 383 134 50 24 9 4 1 
23294|Child_CrossABC2|2: 411 134 50 24 9 4 1 
23296|Child_CrossABC1|1: 425 134 50 24 9 4 1 
23297|Child_Avg|19: 408 133 57 23 10 4 1 
23307|Survivor|1: 409 127 45 21 10 4 1 
23311|Child_Cross21|46: 429 131 52 24 9 4 1 
23323|Child_CrossABC1|7: 400 122 47 24 9 4 1 
23327|Survivor|1: 439 122 46 24 9 4 1 
23398|Child_Cross21|26: 423 155 53 24 9 4 1 
23400|Child_Avg|27: 494 153 49 24 9 4 1 
23406|Survivor|1: 551 143 55 24 9 4 1 
23422|Child_CrossABC1|7: 447 127 49 24 9 4 1 
23426|Child_Cross12|37: 370 141 49 24 9 4 1 
23427|Child_CrossABC1|7: 395 141 49 24 9 4 1 
23428|Child_CrossABC1|1: 396 141 49 24 9 4 1 
23434|Child_CrossABC2|8: 413 134 50 24 9 4 1 
23437|Child_CrossABC2|2: 391 135 52 24 9 4 1 
23472|Child_CrossABC2|8|Mutated: 427 132 43 24 9 4 1 
23478|Survivor|1: 420 129 50 24 9 4 1 
23500|Survivor|1: 399 124 53 24 9 4 1 
23508|Survivor|1: 384 123 47 24 9 4 1 
23514|Survivor|1: 389 124 46 24 9 4 1 
23523|Child_Avg|51: 394 123 46 24 9 4 1 
23531|Child_Cross12|21: 392 123 46 24 9 4 1 
23550|Survivor|1: 388 127 58 24 9 4 1 
23576|Child_CrossABC2|8: 357 118 50 24 9 4 1 
23579|Child_Avg|51: 387 118 45 23 10 4 1 
23581|Survivor|1: 383 117 45 23 10 4 1 
23632|Child_Avg|55: 374 141 48 20 9 4 1 
23636|Child_CrossABC1|7: 415 119 54 23 10 4 1 
23640|Child_Cross12|1: 359 112 43 24 9 4 1 
23672|Child_Levy|56: 411 157 47 23 10 4 1 
23690|Child_CrossABC1|1: 385 117 49 24 9 4 1 
23694|Child_Levy|28: 387 114 50 24 9 4 1 
23699|Child_CrossABC2|8: 382 139 55 24 9 4 1 
23707|Child_CrossABC1|1: 381 138 55 24 9 4 1 
23721|Survivor|1: 365 131 49 24 9 4 1 
23724|Child_CrossABC1|7: 402 135 50 21 10 4 1 
23726|Child_CrossABC2|8: 406 134 49 21 10 4 1 
23727|Child_Levy|44: 357 125 48 21 10 4 1 
23728|Child_CrossABC1|7: 413 130 48 21 10 4 1 
23730|Survivor|1: 423 116 46 20 9 4 1 
23731|Child_Cross21|42: 364 128 47 21 10 4 1 
23732|Child_Levy|56: 481 156 62 24 9 4 1 
23735|Child_Avg|27: 445 136 49 21 10 4 1 
23738|Child_CrossABC1|7: 418 131 49 21 10 4 1 
23743|Child_Avg|11: 413 128 45 21 10 4 1 
23748|Child_Cross21|22: 406 128 45 21 10 4 1 
23759|Child_Avg|55: 406 131 43 20 9 4 1 
23795|Child_CrossABC2|8: 407 141 43 20 9 4 1 
23828|Child_Levy|32: 376 121 49 21 10 4 1 
23853|Child_Avg|11: 343 122 46 24 9 4 1 
23856|Child_CrossABC1|7|Mutated: 395 122 45 20 9 4 1 
23887|Child_Levy|4: 412 125 47 23 10 4 1 
23893|Child_CrossABC2|8: 403 128 48 23 10 4 1 
23904|Child_Cross12|25|Mutated: 395 131 46 21 10 4 1 
23930|Child_CrossABC2|2: 389 123 59 24 9 4 1 
23932|Child_Cross12|41: 397 124 46 24 9 4 1 
23946|Survivor|1: 405 119 45 23 10 4 1 
23952|Child_CrossABC2|8: 376 119 45 23 10 4 1 
24004|Child_Levy|60: 429 146 59 21 10 4 1 
24009|Child_Cross12|17: 407 123 44 23 10 4 1 
24079|Survivor|1: 389 116 44 23 10 4 1 
24100|Child_CrossABC1|7: 403 128 60 23 10 4 1 
24113|Child_Cross12|9: 407 119 45 23 10 4 1 
24124|Survivor|1|Mutated: 347 119 45 23 10 4 1 
24128|Child_CrossABC1|1: 376 113 47 23 10 4 1 
24133|Child_Avg|43: 403 117 45 23 10 4 1 
24139|Child_CrossABC2|2: 404 119 45 23 10 4 1 
24144|Child_Cross21|46: 404 118 44 23 10 4 1 
24146|Child_Avg|59: 390 131 51 23 10 4 1 
24160|Child_Avg|31: 403 115 48 21 10 4 1 
24165|Child_Cross12|49: 394 117 47 21 10 4 1 
24190|Child_Levy|56: 366 118 49 24 9 4 1 
24204|Survivor|1: 519 151 52 20 9 4 1 
24220|Child_CrossABC2|2: 399 122 46 24 9 4 1 
24242|Child_CrossABC1|7: 404 125 44 24 9 4 1 
24305|Survivor|1: 390 117 41 24 9 4 1 
24321|Child_Avg|31: 402 121 54 25 9 4 1 
24329|Child_LevyP1|3: 398 153 53 24 9 4 1 
24337|Child_Avg|47: 378 155 50 24 9 4 1 
24345|Survivor|1: 429 158 48 21 10 4 1 
24346|Child_Cross12|37: 365 142 45 21 10 4 1 
24371|Survivor|1: 374 99 43 24 9 4 1 
24386|Survivor|1: 378 113 43 20 9 4 1 
24395|Child_CrossABC1|7|Mutated: 377 113 48 20 9 4 1 
24404|Survivor|1: 379 119 46 20 9 4 1 
24411|Child_Cross21|50: 375 110 43 20 9 4 1 
24427|Child_Cross12|21: 377 108 43 20 9 4 1 
24429|Child_CrossABC1|1: 370 113 43 20 9 4 1 
24431|Child_Cross12|41: 370 116 43 20 9 4 1 
24437|Child_Avg|59: 372 111 43 20 9 4 1 
24486|Child_Cross21|54: 376 107 43 24 9 4 1 
24537|Child_Cross21|42|Mutated: 370 144 49 24 9 4 1 
24542|Child_CrossABC1|1: 425 131 44 24 9 4 1 
24544|Child_Avg|55: 445 132 46 24 9 4 1 
24584|Child_CrossABC2|2: 419 132 46 24 9 4 1 
24604|Survivor|1: 403 128 47 24 9 4 1 
24610|Survivor|1: 440 126 49 24 9 4 1 
24617|Survivor|1: 412 123 46 24 9 4 1 
24632|Child_CrossABC2|8|Mutated: 408 119 50 24 9 4 1 
24635|Survivor|1: 400 119 58 24 9 4 1 
24643|Child_Avg|27: 407 115 52 24 9 4 1 
24650|Survivor|1: 405 113 44 24 9 4 1 
24663|Survivor|1|Mutated: 372 119 46 24 9 4 1 
24694|Survivor|1: 399 124 47 24 9 4 1 
24700|Survivor|1: 393 130 56 25 9 4 1 
24709|Survivor|1: 376 132 59 24 9 4 1 
24712|Child_Cross12|25: 383 122 52 24 9 4 1 
24717|Survivor|1: 420 148 52 29 9 4 1 
24721|Survivor|1: 437 152 46 21 10 4 1 
24731|Child_Levy|48: 391 122 46 24 9 4 1 
24800|Survivor|1: 421 112 43 24 9 4 1 
24817|Child_CrossABC1|1: 426 130 59 21 10 4 1 
24819|Child_Avg|15: 440 132 54 25 9 4 1 
24822|Survivor|1: 430 129 61 24 9 4 1 
24827|Survivor|1: 356 114 47 24 9 4 1 
24831|Survivor|1|Mutated: 396 138 53 24 9 4 1 
24847|Child_CrossABC1|1: 411 133 48 23 10 4 1 
24851|Child_CrossABC2|8: 359 133 48 23 10 4 1 
24856|Survivor|1: 362 125 47 23 10 4 1 
24866|Child_Cross12|9: 364 125 44 23 10 4 1 
24871|Child_CrossABC1|7: 367 140 44 23 10 4 1 
24881|Child_LevyABC1|5|Mutated: 386 133 52 24 9 4 1 
24902|Child_CrossABC2|2: 368 130 55 24 9 4 1 
24906|Child_Cross12|5: 395 134 53 24 9 4 1 
24917|Survivor|1: 373 136 47 25 9 4 1 
24921|Child_Cross12|5: 376 132 43 24 9 4 1 
24924|Child_CrossABC1|1: 375 129 52 24 9 4 1 
24926|Child_CrossABC1|7: 381 129 58 24 9 4 1 
24928|Child_Avg|19: 373 130 46 24 9 4 1 
24930|Survivor|1: 387 130 49 24 9 4 1 
24934|Survivor|1: 391 130 55 24 9 4 1 
24945|Survivor|1: 425 126 61 24 9 4 1 
24950|Survivor|1: 456 127 58 24 9 4 1 
24952|Child_Avg|3: 422 126 49 24 9 4 1 
24987|Survivor|1: 510 153 56 27 10 4 1 
24992|Survivor|1: 419 146 52 24 9 4 1 
25017|Survivor|1: 387 125 52 29 9 4 1 
25021|Survivor|1: 331 130 46 24 9 4 1 
25029|Child_Levy|24: 337 128 45 21 10 4 1 
25035|Survivor|1: 348 125 44 23 10 4 1 
25078|Survivor|1: 415 135 44 23 10 4 1 
25080|Child_CrossABC2|2: 412 126 47 23 10 4 1 
25092|Child_Cross21|22: 397 145 47 23 10 4 1 
25093|Child_Cross21|38: 400 135 47 24 9 4 1 
25095|Child_Cross21|50: 402 136 47 23 10 4 1 
25101|Child_CrossABC1|7: 408 141 45 23 10 4 1 
25106|Survivor|1: 390 118 44 23 10 4 1 
25134|Survivor|1: 384 117 44 23 10 4 1 
25189|Child_Cross21|22|Mutated: 512 145 56 25 9 4 1 
25191|Child_CrossABC2|8: 404 162 55 24 9 4 1 
25200|Child_CrossABC2|2: 413 151 49 24 9 4 1 
25210|Survivor|1: 399 113 46 24 9 4 1 
25248|Child_CrossABC2|2|Mutated: 699 149 69 27 10 4 1 
25280|Survivor|1: 348 154 61 23 10 4 1 
25284|Child_Avg|35: 337 145 55 24 9 4 1 
25289|Survivor|1: 326 126 47 23 10 4 1 
25327|Child_CrossABC2|8: 383 138 53 24 11 5 1 
25329|Child_LevyABC1|11: 395 139 55 23 10 4 1 
25347|Survivor|1: 349 131 46 21 10 4 1 
25348|Child_Avg|55: 364 131 46 20 9 4 1 
25350|Survivor|1: 356 131 46 20 9 4 1 
25353|Child_Cross21|38: 358 127 45 21 10 4 1 
25354|Child_Cross21|6: 353 127 45 21 10 4 1 
25355|Child_CrossABC1|1: 356 127 45 21 10 4 1 
25356|Child_CrossABC2|8: 396 127 45 21 10 4 1 
25386|Child_Cross12|57: 410 127 44 23 10 4 1 
25389|Child_Cross12|41: 353 125 44 23 10 4 1 
25395|Child_Avg|15: 358 125 44 23 10 4 1 
25404|Child_Avg|59: 468 158 57 23 10 4 1 
25423|Child_CrossABC2|2|Mutated: 363 115 44 23 10 4 1 
25431|Child_Avg|27: 578 157 63 29 10 4 1 
25432|Child_CrossABC2|2: 416 161 55 24 9 4 1 
25440|Child_CrossABC2|8: 436 160 61 24 9 4 1 
25450|Survivor|1: 396 126 47 23 10 4 1 
25465|Child_Levy|44: 408 133 44 24 9 4 1 
25474|Survivor|1: 413 134 52 24 9 4 1 
25487|Child_CrossABC2|8: 402 132 49 24 9 4 1 
25501|Survivor|1: 395 129 44 24 9 4 1 
25518|Survivor|1: 387 114 49 24 9 4 1 
25553|Survivor|1: 423 124 41 19 10 4 1 
25558|Child_Cross21|30: 399 124 41 19 10 4 1 
25599|Survivor|1: 323 124 41 19 10 4 1 
25607|Survivor|1: 342 122 43 20 9 4 1 
25608|Child_CrossABC1|7: 391 138 48 20 9 4 1 
25611|Child_CrossABC1|1: 297 116 46 20 9 4 1 
25628|Child_Avg|59: 397 114 43 20 9 4 1 
25648|Child_Cross12|29: 442 136 47 23 10 4 1 
25654|Child_CrossABC1|1: 443 136 47 23 10 4 1 
25655|Child_CrossABC1|1: 441 136 47 23 10 4 1 
25676|Survivor|1: 418 113 45 21 10 4 1 
25679|Child_Avg|31: 419 118 45 23 10 4 1 
25692|Child_Cross12|25: 523 139 59 27 10 4 1 
25699|Child_Avg|43: 420 134 53 24 9 4 1 
25705|Child_CrossABC1|7: 385 159 59 24 9 4 1 
25711|Survivor|1|Mutated: 372 129 61 24 9 4 1 
25713|Survivor|1: 378 135 56 24 9 4 1 
25717|Child_CrossABC2|2: 383 159 55 24 9 4 1 
25718|Child_CrossABC2|2: 384 141 59 24 9 4 1 
25720|Child_CrossABC1|7: 310 138 59 24 9 4 1 
25723|Survivor|1: 371 133 49 24 9 4 1 
25725|Child_Cross21|38: 341 129 49 24 9 4 1 
25727|Survivor|1: 352 121 47 24 9 4 1 
25732|Child_Avg|27: 360 117 49 24 9 4 1 
25736|Child_Cross12|13: 339 131 49 24 9 4 1 
25744|Child_Cross21|58: 350 131 47 24 9 4 1 
25774|Child_CrossABC1|7: 421 147 56 24 9 4 1 
25780|Child_Avg|15: 404 139 52 24 9 4 1 
25783|Child_Avg|55: 401 141 49 24 9 4 1 
25790|Child_Cross21|2: 409 141 49 24 9 4 1 
25791|Child_CrossABC2|2: 412 141 49 24 9 4 1 
25794|Child_CrossABC2|2: 413 141 49 24 9 4 1 
25798|Child_Cross12|9: 415 141 49 24 9 4 1 
25799|Child_Cross21|34: 402 141 49 24 9 4 1 
25801|Child_Cross12|37: 397 139 49 24 9 4 1 
25804|Child_Cross12|1: 397 143 49 24 9 4 1 
25805|Child_Avg|47: 405 140 49 24 9 4 1 
25806|Child_Avg|23: 390 141 49 24 9 4 1 
25819|Child_Cross12|13: 388 141 49 24 9 4 1 
25829|Child_Avg|39: 397 141 49 24 9 4 1 
25833|Child_Cross21|22: 396 143 49 24 9 4 1 
25839|Child_Cross21|2|Mutated: 370 152 53 24 9 4 1 
25843|Child_CrossABC1|1: 394 141 57 23 10 4 1 
25847|Child_Avg|55: 392 139 58 24 9 4 1 
25853|Child_Cross21|58: 390 136 49 24 9 4 1 
25872|Child_CrossABC2|8: 393 143 49 24 9 4 1 
25893|Child_Avg|35: 371 141 49 24 9 4 1 
25909|Child_Cross21|54: 390 150 49 24 9 4 1 
25912|Child_Avg|19: 383 141 49 24 9 4 1 
25922|Child_Avg|31: 390 140 49 24 9 4 1 
25926|Child_Cross21|38: 463 141 49 24 9 4 1 
25938|Child_Avg|47: 393 141 49 24 9 4 1 
25946|Child_Cross12|17: 458 141 49 24 9 4 1 
25953|Child_Cross21|6: 389 142 49 24 9 4 1 
25957|Child_Cross12|17: 391 143 49 24 9 4 1 
25972|Child_CrossABC1|1: 388 131 49 24 9 4 1 
25976|Child_Avg|43: 389 141 52 24 9 4 1 
25989|Child_Levy|56: 478 153 57 23 10 4 1 
25995|Child_Avg|15: 439 151 54 23 10 4 1 
25996|Child_Cross21|54: 391 141 45 23 10 4 1 
25998|Child_Cross21|2: 394 146 47 23 10 4 1 
26002|Child_Cross21|26: 372 133 47 23 10 4 1 
26004|Child_Cross21|42: 393 148 47 23 10 4 1 
26007|Survivor|1: 394 145 47 23 10 4 1 
26021|Child_Cross21|54: 394 141 44 23 10 4 1 
26031|Child_Cross12|37: 377 140 44 23 10 4 1 
26072|Survivor|1: 371 117 50 23 8 3 1 
26082|Child_Levy|48: 373 113 46 24 9 4 1 
26084|Child_Avg|55: 372 113 44 24 9 4 1 
26093|Survivor|1: 377 109 44 24 9 4 1 
26111|Survivor|1: 374 106 45 23 10 4 1 
26118|Child_CrossABC1|7: 382 108 43 24 9 4 1 
26123|Child_CrossABC1|1: 378 108 43 24 9 4 1 
26136|Survivor|1: 591 141 68 24 9 4 1 
26171|Survivor|1: 416 119 46 24 9 4 1 
26175|Child_CrossABC2|2: 410 119 46 24 9 4 1 
26194|Child_CrossABC1|7: 429 121 43 24 9 4 1 
26215|Child_Cross12|29: 424 121 58 23 10 4 1 
26216|Child_Avg|19: 407 134 52 20 9 4 1 
26217|Child_Avg|51: 368 151 58 24 9 4 1 
26225|Survivor|1: 387 141 52 24 9 4 1 
26228|Child_CrossABC1|1: 381 145 55 24 9 4 1 
26230|Child_CrossABC2|2: 368 156 61 24 9 4 1 
26233|Child_Cross21|2: 396 142 49 24 9 4 1 
26238|Child_CrossABC2|8: 390 132 53 24 9 4 1 
26243|Child_CrossABC2|8: 360 138 53 24 9 4 1 
26260|Survivor|1: 407 126 44 24 9 4 1 
26295|Survivor|1: 416 141 57 23 10 4 1 
26300|Child_Avg|15: 409 134 51 23 10 4 1 
26308|Child_Avg|3: 371 125 47 23 10 4 1 
26375|Survivor|1: 368 118 45 23 10 4 1 
26394|Survivor|1: 353 108 43 20 9 4 1 
26419|Survivor|1: 407 119 41 19 10 4 1 
26474|Survivor|1: 392 142 43 24 9 4 1 
26496|Child_CrossABC2|8: 403 115 44 24 9 4 1 
26517|Survivor|1: 385 127 45 23 10 4 1 
26523|Child_Avg|19: 422 125 58 24 9 4 1 
26530|Child_CrossABC2|2: 392 132 53 24 9 4 1 
26557|Child_Avg|55: 426 138 49 24 9 4 1 
26565|Child_CrossABC1|1: 441 132 49 24 9 4 1 
26570|Child_Cross21|10|Mutated: 465 126 59 24 9 4 1 
26644|Child_Cross12|29: 385 118 45 20 9 4 1 
26648|Child_Cross12|9: 385 118 45 23 10 4 1 
26678|Survivor|1: 375 115 44 23 10 4 1 
26701|Child_Avg|3: 385 116 45 23 10 4 1 
26724|Child_CrossABC2|2: 391 116 51 19 10 4 1 
26737|Survivor|1: 380 112 43 19 10 4 1 
26744|Child_CrossABC2|8: 362 113 43 19 10 4 1 
26749|Survivor|1: 377 110 42 19 10 4 1 
26751|Child_CrossABC1|1: 382 109 44 19 10 4 1 
26755|Survivor|1: 374 110 42 19 10 4 1 
26774|Survivor|1: 406 112 43 19 10 4 1 
26779|Survivor|1: 392 112 43 19 10 4 1 
26787|Survivor|1: 393 113 45 19 10 4 1 
26791|Survivor|1: 391 113 43 19 10 4 1 
26839|Child_CrossABC2|2: 385 135 46 21 10 4 1 
26841|Child_CrossABC2|2: 387 133 47 21 10 4 1 
26850|Child_Cross12|13|Mutated: 362 130 45 21 10 4 1 
26851|Child_Cross21|38: 395 119 45 21 10 4 1 
26856|Child_Avg|35: 416 124 45 21 10 4 1 
26881|Child_Avg|27|Mutated: 405 125 49 21 10 4 1 
26890|Survivor|1: 401 125 44 23 10 4 1 
26898|Survivor|1: 356 119 45 21 10 4 1 
26915|Child_Avg|27: 398 115 41 19 10 4 1 
26921|Child_Avg|31: 388 114 41 19 10 4 1 
26929|Child_Cross12|17: 390 115 41 19 10 4 1 
26948|Child_Cross21|42: 387 105 41 19 10 4 1 
26950|Child_Cross12|29: 363 115 41 19 10 4 1 
26958|Child_Cross21|10: 394 109 41 19 10 4 1 
26976|Child_Cross12|53|Mutated: 379 115 41 19 10 4 1 
26979|Child_CrossABC2|8: 389 105 41 19 10 4 1 
27011|Child_LevyP1|3: 453 156 67 24 9 4 1 
27017|Survivor|1: 576 182 64 29 9 4 1 
27024|Child_CrossABC1|1: 581 176 64 29 9 4 1 
27028|Child_CrossABC1|7: 562 176 64 29 9 4 1 
27034|Child_CrossABC1|7: 561 176 64 29 9 4 1 
27036|Child_Cross12|9: 480 154 59 29 9 4 1 
27037|Child_Levy|36: 550 173 64 29 9 4 1 
27041|Survivor|1: 451 161 64 29 9 4 1 
27048|Survivor|1: 431 133 56 25 9 4 1 
27057|Child_Levy|4: 420 138 53 24 9 4 1 
27058|Child_Cross12|33: 419 139 52 24 9 4 1 
27060|Child_Cross12|53: 391 132 49 24 9 4 1 
27062|Child_CrossABC1|7: 405 131 49 24 9 4 1 
27069|Child_CrossABC2|8: 398 129 50 24 9 4 1 
27108|Child_Cross21|38: 416 126 56 27 10 4 1 
27119|Survivor|1: 421 118 50 24 9 4 1 
27124|Survivor|1: 348 134 49 24 9 4 1 
27143|Survivor|1: 425 158 58 27 10 4 1 
27151|Child_Levy|24|Mutated: 400 131 54 25 10 4 1 
27158|Child_LevyP1|9: 392 141 57 23 10 4 1 
27159|Child_Avg|47: 396 140 57 23 10 4 1 
27161|Child_CrossABC2|8: 405 141 57 23 10 4 1 
27164|Child_Avg|11: 413 141 57 23 10 4 1 
27165|Child_Avg|55: 445 139 57 23 10 4 1 
27166|Child_Avg|15|Mutated: 445 137 54 23 10 4 1 
27168|Child_CrossABC2|2: 439 141 57 23 10 4 1 
27169|Child_CrossABC2|8: 436 141 57 23 10 4 1 
27173|Child_Cross12|9: 385 131 51 23 10 4 1 
27175|Child_Cross21|14: 394 129 50 24 9 4 1 
27193|Child_Cross21|58: 407 119 44 24 9 4 1 
27195|Child_CrossABC2|8: 410 111 44 24 9 4 1 
27242|Survivor|1: 401 118 49 24 9 4 1 
27244|Child_Cross12|17: 444 154 56 25 9 4 1 
27281|Survivor|1: 391 108 48 23 10 4 1 
27318|Child_Cross12|21: 400 128 43 24 9 4 1 
27327|Child_LevyABC2|12|Mutated: 423 135 52 24 9 4 1 
27332|Child_Cross12|29: 435 136 55 24 9 4 1 
27338|Survivor|1: 452 127 43 24 9 4 1 
27344|Child_Avg|35: 407 118 43 24 9 4 1 
27401|Survivor|1: 439 135 44 24 9 4 1 
27424|Survivor|1: 444 146 43 24 9 4 1 
27432|Survivor|1: 416 127 43 24 9 4 1 
27458|Survivor|1: 412 128 43 24 9 4 1 
27461|Child_CrossABC1|7: 358 130 55 24 9 4 1 
27462|Child_Levy|4: 444 140 54 25 10 4 1 
27465|Child_CrossABC1|7: 437 136 59 21 10 4 1 
27467|Child_Cross21|50: 420 141 52 24 9 4 1 
27468|Child_CrossABC2|2: 421 148 54 19 10 4 1 
27470|Child_Cross12|25: 429 124 45 21 10 4 1 
27471|Child_Avg|19: 394 145 47 24 9 4 1 
27478|Survivor|1: 387 144 46 24 9 4 1 
27483|Child_Avg|3: 354 135 47 23 10 4 1 
27490|Survivor|1: 369 133 46 20 9 4 1 
27494|Survivor|1: 401 135 48 23 10 4 1 
27501|Child_Levy|24|Mutated: 316 125 44 21 10 4 1 
27508|Survivor|1: 410 119 41 19 10 4 1 
27517|Child_Avg|7: 396 115 41 19 10 4 1 
27553|Child_Avg|39: 396 118 41 19 10 4 1 
27593|Child_Cross12|1: 456 139 52 19 10 4 1 
27597|Child_Avg|47: 393 145 46 20 9 4 1 
27599|Child_CrossABC1|7: 423 123 47 21 10 4 1 
27604|Child_Avg|15: 416 133 46 20 9 4 1 
27613|Child_Avg|55: 424 113 43 20 9 4 1 
27624|Child_Cross21|38: 383 118 41 19 10 4 1 
27665|Child_Avg|35: 462 155 63 27 10 4 1 
27672|Child_Avg|51: 405 142 60 23 10 4 1 
27674|Child_CrossABC2|8: 411 151 67 24 11 4 1 
27688|Child_CrossABC2|2: 495 193 59 24 9 4 1 
27692|Survivor|1: 456 136 51 23 10 4 1 
27694|Survivor|1: 439 153 55 24 9 4 1 
27697|Child_Avg|3: 409 129 49 24 9 4 1 
27698|Child_Cross12|9|Mutated: 408 128 48 23 10 4 1 
27715|Survivor|1: 394 118 44 23 10 4 1 
27721|Child_Cross12|33: 396 118 43 20 9 4 1 
27723|Child_Cross21|46: 397 118 44 23 10 4 1 
27762|Survivor|1: 392 117 57 21 10 4 1 
27797|Survivor|1: 374 142 63 19 10 4 1 
27803|Survivor|1: 478 174 51 19 10 4 1 
27816|Survivor|1: 379 139 46 20 9 4 1 
27832|Child_Cross12|37: 368 115 41 19 10 4 1 
27863|Survivor|1: 320 123 57 23 10 4 1 
27868|Child_Avg|7: 443 128 55 24 9 4 1 
27875|Child_Cross12|41: 422 115 49 24 9 4 1 
27876|Child_CrossABC2|8: 437 132 53 24 9 4 1 
27880|Child_Cross12|25: 425 133 52 24 9 4 1 
27886|Survivor|1: 545 159 52 24 9 4 1 
27888|Child_CrossABC2|2: 601 158 58 24 9 4 1 
27901|Child_Avg|35: 582 150 61 24 9 4 1 
27917|Child_Cross12|1: 361 110 43 20 9 4 1 
27928|Child_LevyP1|3: 409 142 49 24 9 4 1 
27933|Child_CrossABC2|8: 429 138 55 24 9 4 1 
27934|Child_Levy|28: 452 135 50 24 9 4 1 
27954|Child_Cross21|30: 434 123 43 24 9 4 1 
27982|Survivor|1: 416 108 45 23 10 4 1 
27989|Survivor|1: 419 166 50 24 9 4 1 
27997|Child_CrossABC2|8|Mutated: 426 157 49 24 9 4 1 
27999|Survivor|1: 457 155 50 24 9 4 1 
28007|Child_Levy|28: 436 161 50 24 9 4 1 
28012|Survivor|1: 444 153 50 24 9 4 1 
28017|Child_CrossABC2|8: 439 158 58 24 9 4 1 
28025|Child_Levy|20: 474 164 57 23 10 4 1 
28028|Child_CrossABC2|8: 554 161 55 24 9 4 1 
28029|Child_Cross21|30: 449 158 50 24 9 4 1 
28034|Child_CrossABC2|2: 441 156 50 24 9 4 1 
28036|Child_CrossABC2|2: 442 158 49 24 9 4 1 
28038|Child_CrossABC1|7: 459 148 58 24 9 4 1 
28067|Child_Levy|8: 406 140 55 24 9 4 1 
28069|Survivor|1: 397 126 49 24 9 4 1 
28074|Survivor|1: 428 155 49 24 9 4 1 
28082|Child_CrossABC1|7: 391 127 49 24 9 4 1 
28084|Child_Levy|4: 402 136 49 24 9 4 1 
28085|Child_CrossABC2|2: 399 142 49 24 9 4 1 
28092|Child_LevyP1|9: 407 141 46 24 9 4 1 
28093|Child_Avg|35: 396 141 50 24 9 4 1 
28100|Child_CrossABC1|1: 464 151 52 24 9 4 1 
28103|Child_Avg|27: 429 126 47 23 10 4 1 
28116|Survivor|1: 409 123 44 23 10 4 1 
28152|Survivor|1: 403 152 47 24 9 4 1 
28174|Survivor|1: 407 131 57 23 10 4 1 
28189|Child_CrossABC1|7: 419 122 47 23 10 4 1 
28191|Child_CrossABC1|7: 420 123 47 23 10 4 1 
28196|Child_Avg|59: 435 125 47 23 10 4 1 
28268|Child_Cross12|5: 410 125 47 24 9 4 1 
28284|Survivor|1: 350 129 56 24 9 4 1 
28292|Child_CrossABC2|2: 361 124 46 24 9 4 1 
28293|Child_Avg|31: 365 118 49 24 9 4 1 
28294|Child_CrossABC2|8: 400 116 49 24 9 4 1 
28296|Survivor|1: 371 123 52 24 9 4 1 
28308|Survivor|1: 411 125 44 24 9 4 1 
28314|Survivor|1: 401 121 46 24 9 4 1 
28342|Child_Avg|43: 456 147 64 23 10 4 1 
28345|Child_Avg|23: 415 133 53 24 9 4 1 
28347|Child_Cross21|30: 396 133 47 23 10 4 1 
28348|Child_CrossABC1|1: 455 141 53 24 9 4 1 
28350|Child_Avg|35: 411 123 43 24 9 4 1 
28411|Child_LevyP2|4: 380 137 46 24 9 4 1 
28412|Child_CrossABC1|7: 396 137 46 24 9 4 1 
28415|Child_Avg|27: 533 191 65 28 11 4 1 
28421|Child_CrossABC2|8: 407 132 45 23 10 4 1 
28423|Child_Cross21|58: 389 122 43 24 9 4 1 
28450|Child_CrossABC1|7: 403 135 52 24 9 4 1 
28460|Survivor|1: 411 133 53 24 9 4 1 
28461|Child_CrossABC1|7: 407 135 55 24 9 4 1 
28472|Survivor|1: 395 114 56 24 9 4 1 
28476|Child_Cross12|25: 394 131 50 24 9 4 1 
28486|Child_Cross12|21: 412 127 49 24 9 4 1 
28488|Child_Cross12|41: 407 129 47 24 9 4 1 
28496|Survivor|1: 385 132 46 24 9 4 1 
28499|Child_CrossABC1|7: 383 124 46 24 9 4 1 
28518|Survivor|1: 388 126 43 24 9 4 1 
28531|Survivor|1: 384 141 43 24 9 4 1 
28547|Child_CrossABC1|1: 479 135 47 24 9 4 1 
28551|Survivor|1: 421 126 47 24 9 4 1 
28616|Survivor|1: 389 119 44 24 9 4 1 
28624|Child_CrossABC2|8: 388 118 47 25 9 4 1 
28640|Survivor|1: 388 117 44 24 9 4 1 
28655|Child_CrossABC1|7: 389 110 50 24 9 4 1 
28664|Survivor|1: 393 127 41 24 9 4 1 
28682|Child_CrossABC2|8: 396 129 52 24 9 4 1 
28697|Survivor|1: 380 125 47 23 10 4 1 
28699|Child_Cross21|30: 398 136 47 23 10 4 1 
28704|Child_Avg|15: 388 125 47 23 10 4 1 
28733|Child_Avg|27: 476 141 59 27 10 4 1 
28748|Child_Avg|27: 409 127 44 25 9 4 1 
28750|Child_Avg|19|Mutated: 391 107 46 20 9 4 1 
28769|Survivor|1: 469 132 61 24 9 4 1 
28774|Survivor|1: 413 117 52 24 9 4 1 
28788|Survivor|1: 388 114 45 19 10 4 1 
28791|Child_CrossABC2|8: 433 123 47 21 10 4 1 
28808|Child_CrossABC2|2|Mutated: 408 127 46 20 9 4 1 
28817|Survivor|1: 392 117 43 20 9 4 1 
28851|Survivor|1: 457 134 56 24 9 4 1 
28857|Child_Avg|51: 472 139 52 24 9 4 1 
28860|Child_Levy|60: 667 178 71 28 11 4 1 
28866|Child_Avg|47: 325 114 50 24 9 4 1 
28868|Child_Avg|47: 349 122 53 24 9 4 1 
28869|Child_Levy|48: 349 122 54 23 10 4 1 
28876|Child_Avg|43: 393 124 47 23 10 4 1 
28879|Child_CrossABC2|8|Mutated: 439 136 47 23 10 4 1 
28884|Child_CrossABC1|1: 446 136 47 23 10 4 1 
28892|Survivor|1|Mutated: 446 130 54 23 10 4 1 
28901|Child_Avg|15: 425 131 48 23 10 4 1 
28913|Child_Cross21|54: 421 116 44 23 10 4 1 
29002|Child_Avg|23: 398 114 44 21 10 4 1 
29009|Survivor|1: 408 118 44 23 10 4 1 
29026|Survivor|1: 420 119 54 23 10 4 1 
29037|Survivor|1: 410 117 46 24 9 4 1 
29074|Child_CrossABC2|8: 406 109 48 20 9 4 1 
29079|Survivor|1: 405 109 59 21 10 4 1 
29084|Child_CrossABC2|8: 397 129 54 19 10 4 1 
29085|Child_Cross12|9: 397 111 45 20 9 4 1 
29096|Child_CrossABC1|1: 370 136 43 20 9 4 1 
29125|Survivor|1: 381 122 48 20 9 4 1 
29129|Child_CrossABC2|8: 385 122 48 20 9 4 1 
29171|Survivor|1: 541 160 53 24 11 4 1 
29176|Survivor|1|Mutated: 381 122 47 23 10 4 1 
29187|Child_Cross12|25: 396 123 47 23 10 4 1 
29188|Child_CrossABC2|8: 404 123 47 23 10 4 1 
29189|Child_Cross21|14: 401 132 47 23 10 4 1 
29190|Child_Cross21|54: 400 125 47 23 10 4 1 
29192|Child_Cross21|18: 400 132 47 23 10 4 1 
29193|Child_Cross12|21: 401 123 47 23 10 4 1 
29217|Survivor|1: 413 128 46 24 9 4 1 
29219|Child_LevyP1|9: 421 130 46 24 9 4 1 
29251|Survivor|1: 418 127 50 24 9 4 1 
29253|Child_Cross12|29: 439 132 49 24 9 4 1 
29254|Child_CrossABC2|2: 414 125 56 24 9 4 1 
29258|Child_CrossABC1|7: 422 125 59 24 9 4 1 
29266|Survivor|1: 427 126 55 24 9 4 1 
29269|Child_Avg|51: 423 124 46 24 9 4 1 
29278|Child_CrossABC1|1: 423 123 46 24 9 4 1 
29282|Child_CrossABC2|2: 406 124 47 24 9 4 1 
29283|Child_Cross21|18: 427 123 43 24 9 4 1 
29288|Child_Cross21|2: 415 121 43 24 9 4 1 
29337|Survivor|1: 446 132 43 24 9 4 1 
29339|Child_CrossABC2|8: 404 137 44 24 9 4 1 
29358|Survivor|1: 453 125 44 24 9 4 1 
29371|Survivor|1: 407 121 50 24 9 4 1 
29376|Child_CrossABC1|1: 384 126 49 24 9 4 1 
29382|Child_CrossABC1|1: 345 130 46 24 9 4 1 
29393|Survivor|1: 413 136 50 24 9 4 1 
29414|Survivor|1: 383 132 43 24 9 4 1 
29420|Child_CrossABC1|1: 401 125 44 24 9 4 1 
29426|Survivor|1: 369 141 43 24 9 4 1 
29434|Survivor|1: 371 142 50 24 7 3 1 
29457|Survivor|1: 343 118 58 24 9 4 1 
29473|Survivor|1: 390 138 44 23 10 4 1 
29505|Child_Avg|19: 462 139 65 24 9 4 1 
29510|Child_Avg|47: 405 131 55 24 9 4 1 
29512|Child_CrossABC2|2: 412 147 55 24 9 4 1 
29516|Child_Cross21|58: 438 135 44 24 9 4 1 
29518|Child_Cross21|10: 431 107 46 20 9 4 1 
29521|Child_Avg|15: 446 143 53 24 9 4 1 
29531|Child_CrossABC2|8: 407 141 52 24 9 4 1 
29539|Survivor|1: 405 132 46 24 9 4 1 
29591|Child_CrossABC2|2: 401 131 47 24 9 4 1 
29601|Child_CrossABC1|1: 401 122 46 24 9 4 1 
29613|Child_LevyABC2|12|Mutated: 368 152 57 21 10 4 1 
29620|Survivor|1: 418 111 51 23 10 4 1 
29638|Child_CrossABC1|1: 369 114 43 20 9 4 1 
29694|Survivor|1: 422 113 46 20 9 4 1 
29708|Child_Cross12|41|Mutated: 427 116 46 20 9 4 1 
29729|Child_Avg|27: 417 142 57 23 10 4 1 
29759|Child_CrossABC2|2: 583 156 57 23 10 4 1 
29775|Child_CrossABC2|8: 369 117 44 23 10 4 1 
29780|Child_Cross21|50: 378 138 44 23 10 4 1 
29786|Survivor|1: 392 115 44 23 10 4 1 
29840|Child_Cross12|33: 392 117 44 24 9 4 1 
29844|Child_Cross21|10: 391 115 44 24 9 4 1 
29847|Child_Cross12|9: 389 121 43 24 9 4 1 
29851|Child_Cross21|42: 390 112 43 24 9 4 1 
29852|Child_Cross12|5: 358 118 43 24 9 4 1 
29857|Child_Levy|24: 380 115 44 24 9 4 1 
29861|Child_Cross12|45: 372 118 43 24 9 4 1 
29866|Child_Cross21|30|Mutated: 371 118 49 24 9 4 1 
29867|Child_Cross12|41: 380 118 43 24 9 4 1 
29945|Child_Avg|59: 386 136 58 23 10 4 1 
29946|Child_CrossABC2|2: 393 135 56 24 9 4 1 
29949|Child_Cross21|6: 383 131 52 24 9 4 1 
29951|Child_CrossABC2|8: 340 137 53 24 9 4 1 
29960|Child_Avg|43: 346 136 47 23 10 4 1 
29967|Survivor|1: 317 117 49 24 9 4 1 
29977|Child_CrossABC2|2: 310 123 43 24 9 4 1 
30019|Child_CrossABC1|1: 396 145 52 24 9 4 1 
30024|Child_CrossABC2|2: 402 145 52 24 9 4 1 
30026|Child_Cross21|14|Mutated: 375 132 46 24 9 4 1 
30032|Child_Cross12|17: 410 142 49 24 9 4 1 
30037|Survivor|1: 415 133 55 24 9 4 1 
30044|Survivor|1: 399 145 47 24 9 4 1 
30049|Child_CrossABC1|7: 395 138 53 24 9 4 1 
30089|Child_Avg|31: 389 131 53 24 9 4 1 
30090|Child_CrossABC2|2: 351 152 55 24 9 4 1 
30093|Survivor|1: 372 133 49 24 9 4 1 
30113|Survivor|1: 366 118 43 24 9 4 1 
30119|Child_Cross12|37: 347 118 43 24 9 4 1 
30125|Child_Cross12|49: 342 118 43 24 9 4 1 
30130|Child_Cross21|50: 361 118 43 24 9 4 1 
30153|Child_Cross21|22: 385 112 43 24 9 4 1 
30172|Child_Cross12|49: 382 118 43 24 9 4 1 
30176|Child_Avg|7|Mutated: 391 118 49 24 9 4 1 
30200|Survivor|1: 403 129 51 19 10 4 1 
30230|Survivor|1: 407 169 58 24 9 4 1 
30231|Child_CrossABC2|2: 394 157 50 24 9 4 1 
30235|Child_CrossABC2|2: 389 140 50 24 9 4 1 
30243|Child_Cross21|46: 365 128 45 21 10 4 1 
30248|Child_CrossABC1|1: 375 137 45 21 10 4 1 
30329|Child_CrossABC1|1: 384 125 48 21 10 4 1 
30336|Child_CrossABC1|1: 378 127 49 21 10 4 1 
30338|Child_Cross12|17: 374 113 45 21 10 4 1 
30369|Survivor|1: 405 147 50 24 9 4 1 
30381|Child_CrossABC2|8: 405 140 50 24 9 4 1 
30385|Child_Avg|23: 403 133 49 24 9 4 1 
30388|Survivor|1: 403 157 49 24 9 4 1 
30391|Child_Levy|16: 407 145 46 24 9 4 1 
30408|Child_Cross12|21: 376 135 48 23 10 4 1 
30412|Child_Avg|11: 406 111 44 24 9 4 1 
30518|Child_CrossABC2|8: 385 151 48 23 10 4 1 
30524|Survivor|1: 461 133 45 21 10 4 1 
30530|Survivor|1: 422 116 45 21 10 4 1 
30593|Child_Levy|4: 456 162 55 24 9 4 1 
30598|Survivor|1: 351 123 55 24 9 4 1 
30603|Child_Cross12|53: 324 129 53 24 9 4 1 
30607|Child_Avg|55: 419 124 46 24 9 4 1 
30624|Child_LevyP2|4: 398 117 52 24 9 4 1 
30630|Child_CrossABC1|1: 396 127 49 24 9 4 1 
30633|Child_CrossABC1|1: 395 128 53 24 9 4 1 
30647|Child_Cross21|46: 400 127 41 24 9 4 1 
30659|Survivor|1: 396 123 46 24 9 4 1 
30665|Survivor|1: 401 143 50 24 9 4 1 
30702|Survivor|1: 391 122 47 24 9 4 1 
30721|Child_Cross21|38: 392 115 40 24 9 4 1 
30722|Random|6: 495 153 65 24 9 4 1 
30725|Survivor|1: 443 137 52 24 9 4 1 
30726|Child_CrossABC1|7: 401 137 52 24 9 4 1 
30730|Child_CrossABC1|7: 417 135 55 24 9 4 1 
30732|Child_Cross12|57: 417 134 50 24 9 4 1 
30736|Survivor|1: 408 121 46 24 9 4 1 
30741|Survivor|1: 395 113 46 24 9 4 1 
30788|Child_CrossABC2|8: 395 117 53 24 9 4 1 
30789|Child_CrossABC2|8: 395 117 50 24 9 4 1 
30795|Survivor|1: 391 117 58 24 9 4 1 
30797|Child_Avg|47: 393 117 49 24 9 4 1 
30809|Child_CrossABC1|7: 395 117 56 24 9 4 1 
30813|Child_CrossABC2|2: 391 117 52 24 9 4 1 
30845|Child_Levy|36: 397 134 50 24 9 4 1 
30854|Survivor|1: 419 135 50 24 9 4 1 
30866|Survivor|1: 423 132 50 24 9 4 1 
30880|Child_CrossABC1|1: 416 119 49 24 9 4 1 
30892|Child_Levy|16|Mutated: 462 138 51 19 10 4 1 
30896|Survivor|1: 547 138 51 19 10 4 1 
30925|Child_Levy|40: 580 176 61 24 9 4 1 
30933|Child_Avg|55: 383 126 52 24 9 4 1 
30935|Child_Avg|39: 433 167 55 24 9 4 1 
30939|Child_CrossABC1|1: 405 158 50 24 9 4 1 
30944|Child_Levy|44: 395 134 49 24 9 4 1 
30945|Child_Avg|7|Mutated: 402 116 61 23 10 4 1 
30950|Child_Avg|15: 407 146 47 23 10 4 1 
30957|Child_Avg|51: 454 140 55 24 9 4 1 
30971|Child_Cross12|5: 472 136 55 24 9 4 1 
30973|Survivor|1: 449 127 45 21 10 4 1 
30980|Child_Avg|51: 406 121 45 21 10 4 1 
30984|Child_CrossABC1|1: 404 124 49 21 10 4 1 
30993|Child_CrossABC1|7: 408 121 52 20 9 4 1 
30994|Child_CrossABC2|2: 395 136 57 21 10 4 1 
31008|Survivor|1: 370 105 43 20 9 4 1 
31027|Survivor|1: 278 107 46 20 9 4 1 
31036|Survivor|1: 398 140 49 24 9 4 1 
31037|Child_Avg|11: 420 132 51 19 10 4 1 
31049|Child_Cross21|26: 367 134 46 20 9 4 1 
31059|Survivor|1: 327 125 43 20 9 4 1 
31067|Survivor|1: 344 131 54 24 11 4 1 
31078|Survivor|1: 343 116 46 21 10 4 1 
31080|Child_CrossABC2|8: 300 118 47 21 10 4 1 
31099|Survivor|1: 334 107 43 20 9 4 1 
31104|Survivor|1: 352 107 43 20 9 4 1 
31131|Child_LevyP2|10: 471 142 64 24 11 5 1 
31140|Survivor|1: 375 129 51 23 10 4 1 
31146|Child_Avg|23: 385 130 49 24 9 4 1 
31164|Child_CrossABC2|2|Mutated: 404 131 52 24 9 4 1 
31171|Child_CrossABC2|2: 409 132 50 24 9 4 1 
31175|Child_Cross21|18: 429 156 53 24 9 4 1 
31178|Child_CrossABC2|2: 435 158 58 24 9 4 1 
31191|Child_CrossABC2|2: 458 161 67 24 9 4 1 
31194|Child_CrossABC2|2: 403 128 46 24 9 4 1 
31195|Child_CrossABC2|8: 407 147 55 24 9 4 1 
31201|Child_Avg|7: 392 143 49 24 9 4 1 
31204|Child_Cross21|54: 395 136 43 24 9 4 1 
31208|Child_CrossABC1|7: 397 132 43 24 9 4 1 
31213|Child_Avg|15: 394 151 43 24 9 4 1 
31222|Child_CrossABC1|7: 396 139 52 24 9 4 1 
31223|Child_CrossABC2|2: 399 138 53 24 9 4 1 
31227|Child_CrossABC2|8: 397 135 52 24 9 4 1 
31230|Child_Avg|15: 394 146 43 24 9 4 1 
31232|Child_Cross12|17: 394 137 43 24 9 4 1 
31237|Child_Cross21|6: 399 137 43 24 9 4 1 
31239|Child_Avg|51|Mutated: 397 113 43 24 9 4 1 
31241|Child_Cross21|58: 396 141 43 24 9 4 1 
31256|Survivor|1: 399 121 50 24 9 4 1 
31290|Child_Avg|15: 401 129 49 24 9 4 1 
31304|Child_Avg|35: 463 154 61 23 10 4 1 
31306|Child_Avg|31: 400 142 51 23 10 4 1 
31312|Survivor|1|Mutated: 392 139 51 23 10 4 1 
31388|Child_Cross21|38: 351 109 48 20 9 4 1 
31390|Child_Cross12|21: 386 117 49 24 9 4 1 
31409|Survivor|1|Mutated: 322 141 49 24 9 4 1 
31414|Survivor|1: 377 150 43 20 9 4 1 
31426|Child_Avg|3: 389 127 44 23 10 4 1 
31459|Child_Cross21|22: 416 128 43 20 9 4 1 
31471|Child_Cross21|14: 412 127 43 20 9 4 1 
31483|Child_Cross12|5: 454 127 43 20 9 4 1 
31524|Child_Avg|11: 431 150 57 23 10 4 1 
31531|Child_Cross21|2: 383 136 47 23 10 4 1 
31546|Child_Cross12|9: 411 151 43 24 9 4 1 
31549|Survivor|1: 394 125 44 24 9 4 1 
31579|Child_Avg|47: 407 180 58 24 9 4 1 
31616|Survivor|1: 347 132 46 24 9 4 1 
31635|Child_CrossABC1|1: 350 134 49 24 9 4 1 
31637|Child_Avg|19: 361 132 53 24 9 4 1 
31638|Child_Avg|47|Mutated: 430 131 49 24 9 4 1 
31640|Child_CrossABC2|8: 424 128 49 24 9 4 1 
31641|Child_CrossABC1|7: 431 128 49 24 9 4 1 
31642|Child_Avg|11: 411 132 46 24 9 4 1 
31644|Child_Levy|28|Mutated: 441 131 57 23 10 4 1 
31651|Child_CrossABC1|7: 408 141 46 24 9 4 1 
31658|Survivor|1: 414 150 49 24 9 4 1 
31676|Child_Levy|12: 470 137 52 24 9 4 1 
31678|Child_CrossABC1|7: 449 153 61 24 9 4 1 
31696|Child_CrossABC2|8: 451 162 61 24 9 4 1 
31697|Child_Cross12|45: 400 135 52 24 9 4 1 
31699|Survivor|1: 428 153 52 24 9 4 1 
31701|Child_CrossABC1|7: 420 153 50 24 9 4 1 
31702|Child_Cross12|5: 365 126 49 24 9 4 1 
31705|Child_Cross12|1: 399 140 50 24 9 4 1 
31707|Child_Cross21|50|Mutated: 403 170 55 24 9 4 1 
31710|Child_CrossABC1|7: 399 118 50 24 9 4 1 
31713|Child_Cross21|2: 391 136 49 24 9 4 1 
31715|Child_Cross12|17: 356 139 49 24 9 4 1 
31718|Child_Cross12|5: 382 133 49 24 9 4 1 
31743|Child_Cross21|30: 439 142 49 24 9 4 1 
31757|Child_Cross12|53: 384 141 49 24 9 4 1 
31768|Child_Cross21|42: 456 141 49 24 9 4 1 
31775|Child_Cross21|34: 457 141 49 24 9 4 1 
31784|Child_Avg|11: 392 141 49 24 9 4 1 
31796|Child_Cross12|37: 389 153 49 24 9 4 1 
31805|Child_Cross12|25: 389 141 46 24 9 4 1 
31851|Survivor|1: 426 114 47 24 9 4 1 
31853|Child_CrossABC1|1: 413 119 46 24 9 4 1 
31866|Child_CrossABC1|1: 405 116 55 24 9 4 1 
31916|Survivor|1: 542 169 70 27 10 4 1 
31925|Child_Levy|36: 411 125 52 23 10 4 1 
31943|Survivor|1: 401 126 52 24 9 4 1 
31959|Child_CrossABC1|1: 393 128 46 24 9 4 1 
31974|Child_Cross12|17: 400 125 44 24 9 4 1 
32003|Child_Levy|32: 495 130 54 23 10 4 1 
32010|Child_Avg|3: 411 127 45 21 10 4 1 
32062|Survivor|1: 439 140 57 23 10 4 1 
32066|Child_CrossABC1|7: 448 145 57 23 10 4 1 
32075|Survivor|1: 447 158 58 23 10 4 1 
32076|Child_Cross21|18: 417 126 47 23 10 4 1 
32078|Child_Avg|19: 404 140 54 25 10 4 1 
32080|Child_Cross12|17: 407 132 50 24 9 4 1 
32083|Child_CrossABC1|7: 377 145 50 24 9 4 1 
32094|Survivor|1: 343 126 47 24 9 4 1 
32099|Survivor|1: 351 121 43 24 9 4 1 
32108|Child_Cross12|21|Mutated: 341 141 43 20 9 4 1 
32132|Child_Avg|27: 369 119 58 21 10 4 1 
32140|Survivor|1: 409 123 66 21 10 4 1 
32143|Survivor|1: 375 121 51 23 10 4 1 
32146|Survivor|1: 391 122 47 21 10 4 1 
32161|Child_CrossABC2|8: 385 128 41 19 10 4 1 
32170|Child_Cross21|22: 416 118 41 19 10 4 1 
32229|Child_Cross21|58: 382 115 41 19 10 4 1 
32238|Survivor|1: 327 112 47 23 10 4 1 
32248|Child_Levy|20: 428 143 52 24 9 4 1 
32252|Child_Avg|55: 451 136 48 23 10 4 1 
32258|Survivor|1: 374 134 47 23 10 4 1 
32265|Child_CrossABC1|7: 377 135 47 23 10 4 1 
32267|Child_CrossABC1|7: 401 135 47 23 10 4 1 
32268|Child_CrossABC1|7: 378 135 47 23 10 4 1 
32271|Survivor|1: 361 135 47 23 10 4 1 
32273|Child_Cross12|49: 362 135 47 23 10 4 1 
32275|Child_CrossABC1|7: 363 133 47 23 10 4 1 
32278|Survivor|1: 361 130 46 24 9 4 1 
32282|Survivor|1: 359 130 45 23 10 4 1 
32294|Survivor|1: 357 129 44 23 10 4 1 
32304|Child_Avg|35: 355 125 47 23 10 4 1 
32311|Survivor|1: 363 111 44 24 9 4 1 
32325|Child_Cross21|6: 357 136 43 24 9 4 1 
32328|Child_CrossABC1|7: 385 136 43 24 9 4 1 
32331|Child_CrossABC2|2|Mutated: 421 108 43 24 9 4 1 
32336|Child_Avg|43: 392 135 55 24 9 4 1 
32416|Child_Levy|48: 387 145 68 23 10 4 1 
32428|Child_Levy|48: 475 160 62 24 9 4 1 
32433|Survivor|1: 450 131 52 24 9 4 1 
32486|Survivor|1: 366 115 52 27 10 4 1 
32501|Child_Avg|27: 359 110 50 24 9 4 1 
32518|Child_Levy|12: 356 133 58 23 10 4 1 
32522|Child_CrossABC1|1: 355 141 53 24 9 4 1 
32528|Child_Cross21|58: 357 104 49 21 10 4 1 
32535|Child_CrossABC2|2: 356 118 53 19 10 4 1 
32541|Survivor|1: 309 122 46 21 10 4 1 
32547|Survivor|1: 320 114 59 20 9 4 1 
32552|Child_Cross21|38: 305 123 47 21 10 4 1 
32560|Survivor|1: 312 117 43 19 10 4 1 
32574|Survivor|1: 357 113 43 20 9 4 1 
32623|Survivor|1: 405 127 41 19 10 4 1 
32631|Child_Avg|23: 372 109 42 19 10 4 1 
32681|Child_CrossABC1|1: 383 111 47 24 9 4 1 
32685|Child_Avg|35: 383 108 46 24 9 4 1 
32690|Survivor|1: 385 108 46 24 9 4 1 
32723|Survivor|1: 387 109 43 24 9 4 1 
32731|Child_Avg|27: 379 112 47 23 10 4 1 
32752|Child_Cross12|1: 400 119 45 23 10 4 1 
32760|Survivor|1: 403 121 45 23 10 4 1 
32775|Child_CrossABC1|1: 386 122 43 24 9 4 1 
32825|Survivor|1|Mutated: 409 122 46 24 9 4 1 
32846|Child_Avg|19: 397 122 46 24 9 4 1 
32878|Survivor|1: 691 178 80 24 11 4 1 
32880|Child_Avg|55: 413 125 47 23 10 4 1 
32881|Child_Levy|44: 393 124 58 24 11 4 1 
32884|Child_Avg|7: 393 121 51 23 10 4 1 
32896|Survivor|1|Mutated: 459 121 51 23 10 4 1 
32907|Survivor|1: 396 121 45 23 10 4 1 
32939|Child_Cross12|25: 406 123 45 21 10 4 1 
32943|Survivor|1: 378 132 43 24 9 4 1 
32950|Survivor|1: 386 132 43 24 9 4 1 
32989|Child_Cross21|46: 371 118 43 24 9 4 1 
32999|Child_Cross12|9: 385 113 47 21 10 4 1 
33002|Child_CrossABC2|8|Mutated: 385 122 49 21 10 4 1 
33007|Survivor|1: 395 157 46 21 10 4 1 
33040|Random|19: 605 184 61 24 9 4 1 
33045|Child_Avg|55: 397 118 49 24 9 4 1 
33046|Child_Avg|55: 444 134 49 24 9 4 1 
33048|Child_Avg|19: 431 157 49 24 9 4 1 
33049|Child_CrossABC1|7: 406 164 49 24 9 4 1 
33145|Survivor|1: 462 136 61 23 10 4 1 
33152|Child_CrossABC1|7: 420 121 52 24 9 4 1 
33159|Child_Levy|4: 513 152 67 24 9 4 1 
33164|Child_Cross21|50: 403 108 46 24 9 4 1 
33181|Child_Levy|16: 394 113 44 24 9 4 1 
33236|Survivor|1: 421 128 49 24 9 4 1 
33239|Child_CrossABC1|7: 409 117 49 24 9 4 1 
33250|Child_CrossABC2|2: 423 118 43 24 9 4 1 
33251|Child_CrossABC1|1: 411 139 52 24 9 4 1 
33254|Survivor|1: 400 152 55 24 9 4 1 
33261|Child_CrossABC2|2: 388 119 46 24 9 4 1 
33292|Survivor|1: 456 129 58 24 9 4 1 
33298|Survivor|1: 433 129 58 24 9 4 1 
33302|Survivor|1: 403 132 62 24 9 4 1 
33303|Child_Avg|23: 411 127 58 24 9 4 1 
33304|Child_Cross21|46: 404 128 55 24 9 4 1 
33305|Child_CrossABC2|8: 432 123 52 24 9 4 1 
33306|Child_CrossABC2|8: 432 131 52 24 9 4 1 
33310|Child_Avg|51: 421 129 52 24 9 4 1 
33313|Child_CrossABC2|8: 425 129 52 24 9 4 1 
33316|Child_CrossABC2|2: 413 138 53 24 9 4 1 
33319|Child_Cross12|29|Mutated: 410 118 49 24 9 4 1 
33362|Child_LevyP2|4: 427 129 52 24 9 4 1 
33399|Survivor|1: 322 123 52 25 10 4 1 
33412|Child_Levy|40: 415 127 50 24 9 4 1 
33444|Survivor|1: 363 131 47 24 9 4 1 
33455|Survivor|1: 367 133 47 25 9 4 1 
33458|Survivor|1: 380 139 46 24 9 4 1 
33488|Child_Avg|19|Mutated: 374 144 51 23 10 4 1 
33507|Survivor|1: 416 117 53 24 9 4 1 
33513|Survivor|1: 355 116 50 24 9 4 1 
33519|Child_Cross21|10: 369 111 44 24 9 4 1 
33620|Survivor|1: 401 127 53 25 9 4 1 
33635|Survivor|1: 364 133 44 24 9 4 1 
33637|Survivor|1|Mutated: 377 145 43 24 9 4 1 
33652|Survivor|1: 371 136 43 24 9 4 1 
33662|Child_CrossABC1|7: 361 145 46 24 9 4 1 
33666|Child_Avg|59: 365 143 46 24 9 4 1 
33672|Survivor|1: 354 129 52 24 9 4 1 
33674|Child_Avg|11: 389 131 49 24 9 4 1 
33678|Child_CrossABC2|2: 379 132 46 24 9 4 1 
33708|Child_CrossABC2|8: 409 158 53 24 9 4 1 
33719|Child_CrossABC1|1: 412 164 55 24 9 4 1 
33736|Child_Cross12|57: 331 133 43 24 9 4 1 
33778|Child_Cross21|6: 399 138 53 29 9 4 1 
33783|Survivor|1: 398 143 53 29 9 4 1 
33807|Survivor|1: 322 105 52 24 9 4 1 
33835|Survivor|1: 351 113 43 24 9 4 1 
33865|Survivor|1: 369 117 58 24 9 4 1 
33866|Child_CrossABC1|7: 400 124 47 24 9 4 1 
33900|Survivor|1: 379 114 47 24 9 4 1 
33904|Child_LevyP1|9: 383 115 49 24 9 4 1 
33912|Child_Levy|28: 388 115 44 21 10 4 1 
33936|Child_CrossABC2|8: 399 148 59 21 10 4 1 
33939|Child_Avg|3: 458 144 56 21 10 4 1 
33941|Child_Cross12|5|Mutated: 419 135 52 24 9 4 1 
33945|Child_Avg|59: 451 139 48 20 9 4 1 
33946|Child_Cross21|6: 419 136 48 21 10 4 1 
33948|Child_Avg|35: 434 139 48 20 9 4 1 
33950|Child_Cross12|45: 442 131 46 20 9 4 1 
33954|Child_Avg|39: 417 128 43 20 9 4 1 
33987|Survivor|1: 390 161 49 24 9 4 1 
33994|Child_CrossABC2|2: 433 131 47 24 9 4 1 
34055|Child_Avg|3|Mutated: 400 132 48 23 10 4 1 
34112|Survivor|1: 411 164 67 24 9 4 1 
34117|Survivor|1: 383 143 55 24 9 4 1 
34121|Child_Cross12|17: 355 146 62 24 9 4 1 
34124|Survivor|1: 396 149 58 24 9 4 1 
34131|Child_CrossABC1|7: 320 132 49 24 9 4 1 
34156|Child_Avg|35|Mutated: 419 121 57 23 10 4 1 
34163|Survivor|1: 417 133 47 23 10 4 1 
34171|Child_Cross21|50: 390 139 44 23 10 4 1 
34173|Survivor|1: 405 136 47 23 10 4 1 
34175|Child_Cross21|14: 450 122 47 23 10 4 1 
34190|Survivor|1: 421 119 46 24 9 4 1 
34211|Survivor|1: 430 118 41 19 10 4 1 
34227|Child_CrossABC2|2: 422 118 44 23 10 4 1 
34292|Survivor|1: 417 149 51 23 10 4 1 
34301|Child_CrossABC2|8: 374 159 47 23 10 4 1 
34304|Child_CrossABC1|7: 444 134 47 23 10 4 1 
34308|Child_Cross12|9: 384 138 44 23 10 4 1 
34314|Child_Levy|8: 381 140 43 24 9 4 1 
34322|Survivor|1: 388 141 43 24 9 4 1 
34330|Survivor|1: 397 140 43 24 9 4 1 
34334|Child_CrossABC1|1: 393 141 43 24 9 4 1 
34345|Child_CrossABC2|8: 381 142 43 24 9 4 1 
34367|Survivor|1: 389 140 43 24 9 4 1 
34377|Survivor|1: 392 125 43 24 9 4 1 
34443|Survivor|1: 559 175 57 23 10 4 1 
34451|Child_CrossABC2|2: 439 125 58 23 10 4 1 
34455|Survivor|1: 415 149 51 19 10 4 1 
34457|Child_CrossABC1|7: 449 131 60 23 10 4 1 
34490|Survivor|1: 409 117 47 21 10 4 1 
34492|Survivor|1: 411 119 45 21 10 4 1 
34518|Child_Avg|31: 407 118 41 20 9 4 1 
34523|Child_Cross21|22: 402 118 41 20 9 4 1 
34572|Child_Cross12|9: 451 133 47 23 10 4 1 
34600|Child_Avg|19: 421 122 47 21 10 4 1 
34603|Child_Cross21|2: 397 118 47 21 10 4 1 
34617|Survivor|1: 415 118 49 21 10 4 1 
34620|Survivor|1: 418 117 51 19 10 4 1 
34621|Child_CrossABC1|7|Mutated: 407 142 59 21 10 4 1 
34627|Child_Cross12|41|Mutated: 387 119 46 21 10 4 1 
34629|Survivor|1: 387 146 54 20 9 4 1 
34633|Child_Avg|27: 379 122 46 21 10 4 1 
34651|Survivor|1: 415 111 44 24 9 4 1 
34665|Survivor|1: 456 165 67 23 10 4 1 
34670|Survivor|1: 469 148 54 23 10 4 1 
34674|Child_Avg|39: 434 134 49 24 9 4 1 
34691|Child_Avg|15: 378 129 50 24 9 4 1 
34693|Survivor|1: 336 126 49 24 9 4 1 
34706|Child_CrossABC1|1: 394 143 53 24 9 4 1 
34710|Survivor|1: 391 142 55 24 9 4 1 
34728|Child_CrossABC2|8: 387 142 50 24 9 4 1 
34732|Child_Avg|39: 370 138 61 24 9 4 1 
34733|Child_Cross21|2: 384 138 55 24 9 4 1 
34734|Child_Avg|51: 377 138 58 24 9 4 1 
34737|Child_CrossABC1|1: 381 132 53 24 9 4 1 
34739|Child_Cross12|53: 373 138 53 24 9 4 1 
34744|Child_CrossABC1|1: 370 138 53 24 9 4 1 
34750|Child_Avg|43: 359 134 50 24 9 4 1 
34754|Child_Avg|7: 382 134 49 24 9 4 1 
34760|Child_Cross12|37: 368 133 49 24 9 4 1 
34761|Child_Avg|55: 369 133 49 24 9 4 1 
34762|Child_Cross21|6: 361 134 49 24 9 4 1 
34771|Child_Cross21|30: 361 126 49 24 9 4 1 
34803|Child_CrossABC2|8|Mutated: 386 130 49 24 9 4 1 
34810|Child_CrossABC1|7: 423 127 49 24 9 4 1 
34812|Child_CrossABC2|2: 396 122 47 24 9 4 1 
34829|Child_Levy|24: 403 137 55 24 9 4 1 
34832|Child_CrossABC2|8: 402 138 59 24 9 4 1 
34835|Child_Avg|47: 399 126 47 24 9 4 1 
34836|Child_Cross12|5: 402 132 53 24 9 4 1 
34839|Child_CrossABC1|7: 401 127 52 24 9 4 1 
34841|Child_CrossABC1|7: 403 126 52 24 9 4 1 
34844|Child_CrossABC1|1: 406 128 55 24 9 4 1 
34875|Survivor|1: 415 119 49 24 9 4 1 
34880|Child_Avg|3: 421 127 52 24 9 4 1 
34883|Child_Avg|7: 424 120 49 25 9 4 1 
34901|Survivor|1: 420 113 46 24 9 4 1 
34909|Survivor|1: 392 116 43 24 9 4 1 
34957|Survivor|1: 403 147 47 24 9 4 1 
34972|Survivor|1: 359 129 56 24 9 4 1 
34977|Survivor|1: 348 141 43 24 9 4 1 
35014|Survivor|1: 354 129 44 24 9 4 1 
35022|Survivor|1: 369 134 49 24 9 4 1 
35054|Survivor|1: 359 169 58 23 10 4 1 
35056|Child_Levy|56: 384 149 52 20 9 4 1 
35080|Survivor|1: 406 136 43 20 9 4 1 
35109|Child_CrossABC1|1|Mutated: 408 133 45 21 10 4 1 
35138|Child_Avg|7: 427 133 57 21 10 4 1 
35143|Child_CrossABC2|2: 398 138 49 21 10 4 1 
35152|Child_Avg|47: 405 150 46 24 9 4 1 
35154|Survivor|1: 409 147 46 21 10 4 1 
35157|Child_Cross12|13: 409 147 46 24 9 4 1 
35159|Survivor|1: 412 151 45 21 10 4 1 
35160|Child_CrossABC1|1: 410 163 46 24 9 4 1 
35166|Child_Levy|40: 412 136 47 23 10 4 1 
35178|Child_Cross12|53|Mutated: 405 144 43 20 9 4 1 
35183|Child_Cross21|30: 398 144 43 20 9 4 1 
35190|Child_Cross12|57: 392 142 43 20 9 4 1 
35211|Child_Cross21|26: 398 141 43 20 9 4 1 
35224|Child_CrossABC2|8: 397 150 43 20 9 4 1 
35230|Survivor|1: 398 142 43 20 9 4 1 
35232|Survivor|1|Mutated: 397 145 52 20 9 4 1 
35238|Child_Cross21|2: 395 141 43 20 9 4 1 
35284|Child_CrossABC2|2: 385 144 54 19 10 4 1 
35285|Child_Avg|51: 372 133 47 21 10 4 1 
35287|Child_CrossABC1|1: 376 142 49 21 10 4 1 
35290|Child_Cross21|22: 382 137 41 19 10 4 1 
35294|Survivor|1: 396 140 46 21 10 4 1 
35297|Survivor|1: 357 117 49 21 10 4 1 
35301|Child_Cross12|53: 395 136 43 19 10 4 1 
35305|Child_Cross21|50: 411 124 45 21 10 4 1 
35308|Child_CrossABC2|2: 405 130 45 21 10 4 1 
35316|Survivor|1: 401 137 45 21 10 4 1 
35318|Survivor|1: 408 127 43 20 9 4 1 
35345|Survivor|1: 517 152 56 25 9 4 1 
35350|Survivor|1: 392 119 50 24 9 4 1 
35351|Child_Cross12|13: 445 134 49 24 9 4 1 
35410|Child_Cross21|50: 407 121 43 24 9 4 1 
35449|Child_CrossABC2|8: 450 130 49 24 9 4 1 
35483|Child_Avg|35|Mutated: 349 121 50 24 9 4 1 
35489|Child_CrossABC2|2: 398 127 47 24 9 4 1 
35532|Child_Avg|31: 323 121 51 23 10 4 1 
35536|Survivor|1: 321 119 54 23 10 4 1 
35546|Survivor|1: 320 123 47 23 10 4 1 
35547|Child_CrossABC2|8: 354 122 47 23 10 4 1 
35559|Survivor|1: 307 125 44 23 10 4 1 
35565|Child_CrossABC1|7: 309 125 44 23 10 4 1 
35577|Survivor|1: 302 125 44 23 10 4 1 
35616|Survivor|1: 414 128 53 24 9 4 1 
35620|Child_Cross21|10: 411 125 52 24 9 4 1 
35629|Child_CrossABC1|1: 392 131 56 24 9 4 1 
35659|Survivor|1|Mutated: 409 152 49 24 9 4 1 
35668|Child_Levy|20: 431 130 46 24 9 4 1 
35673|Child_Cross21|26: 397 134 47 23 10 4 1 
35700|Survivor|1: 370 123 46 24 9 4 1 
35705|Child_Cross21|38: 416 114 44 23 10 4 1 
35727|Child_CrossABC1|1: 418 123 46 24 9 4 1 
35754|Child_Cross12|21|Mutated: 383 121 52 24 9 4 1 
35755|Child_Avg|11: 386 121 46 24 9 4 1 
35779|Survivor|1: 320 119 49 24 9 4 1 
35806|Child_Avg|59|Mutated: 422 128 48 23 10 4 1 
35809|Survivor|1|Mutated: 422 128 50 23 10 4 1 
35813|Child_Avg|19: 407 126 47 23 10 4 1 
35815|Child_Avg|35: 372 123 55 24 9 4 1 
35839|Child_Avg|3: 427 125 44 23 10 4 1 
35870|Survivor|1: 408 123 44 23 10 4 1 
35889|Survivor|1: 365 133 43 20 9 4 1 
35896|Child_Avg|51: 370 140 52 24 9 4 1 
35898|Child_Avg|43: 339 125 52 24 9 4 1 
35902|Child_Cross12|41: 356 128 47 24 9 4 1 
35903|Child_CrossABC2|8: 357 139 53 24 9 4 1 
35904|Child_CrossABC2|8: 363 150 65 24 9 4 1 
35909|Child_Levy|60: 348 143 53 24 9 4 1 
35917|Child_CrossABC1|7: 353 142 50 24 9 4 1 
35924|Child_CrossABC1|1: 352 136 55 24 9 4 1 
35928|Child_CrossABC2|2: 352 135 52 24 9 4 1 
35930|Survivor|1: 354 136 55 24 9 4 1 
35931|Child_CrossABC2|8: 355 138 56 24 9 4 1 
35940|Survivor|1|Mutated: 381 138 56 24 9 4 1 
35945|Child_Avg|47: 404 147 56 24 9 4 1 
35947|Child_CrossABC1|1: 390 137 49 24 9 4 1 
35958|Child_Levy|56: 391 133 48 23 10 4 1 
36044|Survivor|1: 482 147 61 24 9 4 1 
36049|Child_Cross12|9: 440 136 53 24 9 4 1 
36050|Child_CrossABC1|7: 464 135 55 24 9 4 1 
36051|Child_CrossABC2|8: 442 135 52 24 9 4 1 
36055|Child_Cross12|21: 447 130 46 24 9 4 1 
36056|Child_CrossABC1|7: 449 147 58 24 9 4 1 
36063|Child_Cross12|37: 461 135 46 24 9 4 1 
36065|Child_CrossABC1|7: 447 136 47 24 9 4 1 
36068|Survivor|1|Mutated: 449 137 53 24 9 4 1 
36071|Child_Cross12|5: 453 133 44 24 9 4 1 
36077|Child_CrossABC2|2: 448 142 43 24 9 4 1 
36081|Child_Cross21|14: 445 137 43 24 9 4 1 
36161|Child_Avg|55: 395 142 50 24 9 4 1 
36224|Child_Cross12|1|Mutated: 445 141 49 24 9 4 1 
36229|Child_Cross21|30: 389 151 49 24 9 4 1 
36238|Child_Cross12|37: 402 130 49 24 9 4 1 
36267|Child_Cross12|25: 389 150 49 24 9 4 1 
36315|Survivor|1: 343 142 49 24 9 4 1 
36325|Survivor|1: 373 148 46 24 9 4 1 
36357|Child_Cross21|6: 370 132 43 24 9 4 1 
36364|Child_CrossABC1|7: 375 137 43 24 9 4 1 
36369|Child_Cross21|10: 389 146 43 24 9 4 1 
36378|Child_Cross12|1: 381 132 43 24 9 4 1 
36380|Child_Cross12|29: 382 146 43 24 9 4 1 
36389|Child_Cross12|45|Mutated: 457 132 43 24 9 4 1 
36407|Child_Cross12|49: 409 132 43 24 9 4 1 
36510|Survivor|1: 392 122 55 23 10 4 1 
36514|Child_Cross12|25: 398 121 47 23 10 4 1 
36520|Survivor|1: 406 123 47 23 10 4 1 
36529|Child_Avg|27: 415 122 45 23 10 4 1 
36547|Survivor|1: 371 119 45 23 10 4 1 
36563|Child_CrossABC2|2: 390 121 45 23 10 4 1 
36567|Survivor|1: 395 121 45 23 10 4 1 
36588|Child_CrossABC1|7: 383 117 44 23 10 4 1 
36592|Survivor|1: 381 109 45 23 10 4 1 
36636|Survivor|1: 368 122 47 23 10 4 1 
36639|Child_CrossABC2|8: 402 124 48 21 10 4 1 
36640|Child_CrossABC2|2: 365 125 56 21 10 4 1 
36681|Survivor|1: 447 135 50 24 9 4 1 
36684|Survivor|1: 446 131 50 24 9 4 1 
36685|Child_Avg|3: 459 131 43 24 9 4 1 
36689|Child_Cross12|53|Mutated: 420 118 44 23 10 4 1 
36697|Child_Avg|15: 413 124 46 24 9 4 1 
36704|Survivor|1: 394 115 44 23 10 4 1 
36717|Child_CrossABC1|7: 393 116 43 19 10 4 1 
36722|Survivor|1: 383 112 43 19 10 4 1 
36726|Child_CrossABC1|1: 402 117 43 19 10 4 1 
36730|Child_CrossABC1|1: 387 115 41 19 10 4 1 
36786|Survivor|1: 359 116 41 19 10 4 1 
36825|Child_Levy|16: 387 132 53 24 9 4 1 
36835|Child_CrossABC2|8: 405 137 53 24 9 4 1 
36847|Child_Cross21|38: 401 130 49 24 9 4 1 
36848|Child_Cross12|41: 403 134 50 24 9 4 1 
36857|Survivor|1: 466 145 62 25 10 4 1 
36861|Survivor|1: 471 144 51 23 10 4 1 
36864|Child_CrossABC2|2: 405 131 51 23 10 4 1 
36868|Survivor|1: 416 113 47 23 10 4 1 
36869|Child_Avg|11: 426 123 47 23 10 4 1 
36871|Child_Avg|47: 407 122 47 23 10 4 1 
36999|Survivor|1: 405 161 63 25 11 5 1 
37002|Child_Avg|3: 375 143 57 23 10 4 1 
37006|Child_Avg|27: 389 132 50 23 10 4 1 
37022|Child_Avg|3: 432 129 56 24 9 4 1 
37024|Survivor|1: 415 126 44 24 9 4 1 
37027|Survivor|1: 415 126 53 24 9 4 1 
37028|Child_CrossABC1|7: 418 135 49 23 8 3 1 
37034|Survivor|1: 374 137 53 24 9 4 1 
37063|Survivor|1: 451 146 47 23 10 4 1 
37064|Child_CrossABC2|2: 410 148 47 23 10 4 1 
37065|Child_Avg|23: 409 132 47 23 10 4 1 
37068|Child_Avg|19|Mutated: 381 135 57 23 10 4 1 
37070|Child_Cross21|58: 402 147 47 23 10 4 1 
37124|Child_LevyP1|9: 491 140 50 24 9 4 1 
37128|Child_Cross21|18: 399 136 47 23 10 4 1 
37131|Survivor|1: 388 136 47 23 10 4 1 
37133|Child_CrossABC2|8: 400 136 47 23 10 4 1 
37134|Child_Cross21|30: 393 136 47 23 10 4 1 
37137|Child_Cross12|41: 375 132 47 23 10 4 1 
37138|Child_Cross12|57: 420 136 47 23 10 4 1 
37139|Child_CrossABC1|1: 388 133 47 23 10 4 1 
37140|Child_CrossABC1|7: 403 135 47 23 10 4 1 
37141|Child_Avg|51: 396 129 45 23 10 4 1 
37145|Child_CrossABC1|1: 401 130 45 23 10 4 1 
37146|Child_Avg|15: 395 128 45 23 10 4 1 
37162|Survivor|1: 392 127 44 23 10 4 1 
37169|Child_LevyP2|4: 391 115 49 24 9 4 1 
37199|Survivor|1: 361 118 48 20 9 4 1 
37200|Child_Avg|27: 385 124 49 21 10 4 1 
37208|Child_CrossABC2|8: 399 124 49 21 10 4 1 
37247|Child_Cross21|2|Mutated: 399 121 48 20 9 4 1 
37248|Child_CrossABC2|2: 393 121 52 20 9 4 1 
37316|Child_Avg|19: 366 141 53 24 9 4 1 
37317|Child_Cross12|37: 414 156 49 24 9 4 1 
37324|Child_Cross12|21: 377 146 43 24 9 4 1 
37326|Child_CrossABC2|2: 391 137 53 24 9 4 1 
37330|Survivor|1: 375 144 50 24 9 4 1 
37332|Survivor|1: 371 138 44 24 9 4 1 
37378|Survivor|1: 376 136 43 24 9 4 1 
37391|Child_Avg|27|Mutated: 376 139 52 24 9 4 1 
37393|Child_CrossABC2|8: 414 136 55 24 9 4 1 
37405|Child_Cross12|45: 375 113 43 24 9 4 1 
37410|Child_Cross12|29: 369 137 43 24 9 4 1 
37459|Child_Avg|55|Mutated: 347 133 48 23 10 4 1 
37467|Survivor|1: 372 135 44 24 9 4 1 
37482|Child_Avg|47: 389 134 56 24 9 4 1 
37501|Child_CrossABC1|1: 454 122 54 23 10 4 1 
37504|Child_CrossABC1|1: 412 133 52 24 9 4 1 
37507|Child_CrossABC2|8: 411 132 50 24 9 4 1 
37517|Child_CrossABC2|8: 401 127 53 24 9 4 1 
37518|Child_Avg|31: 425 125 52 24 9 4 1 
37520|Child_Cross21|26: 445 124 46 24 9 4 1 
37522|Child_CrossABC1|7: 411 122 46 24 9 4 1 
37528|Child_Avg|23: 409 125 44 24 9 4 1 
37531|Child_Cross12|9: 389 116 43 24 9 4 1 
37580|Child_Cross12|33: 371 108 50 24 9 4 1 
37582|Child_Levy|52: 410 123 59 24 9 4 1 
37586|Survivor|1: 393 161 59 24 9 4 1 
37587|Child_Avg|31: 406 119 53 24 9 4 1 
37590|Child_LevyP2|10: 401 138 56 24 9 4 1 
37609|Child_Cross12|53: 399 136 50 24 9 4 1 
37611|Survivor|1: 410 117 52 24 9 4 1 
37613|Child_CrossABC1|1: 409 116 50 24 9 4 1 
37622|Child_CrossABC1|7: 417 118 49 24 9 4 1 
37632|Child_Avg|7: 542 199 61 24 9 4 1 
37640|Survivor|1: 433 125 47 24 9 4 1 
37649|Child_CrossABC2|2|Mutated: 428 129 53 24 9 4 1 
37709|Survivor|1: 387 123 43 24 9 4 1 
37715|Child_Cross12|25: 694 166 56 25 9 4 1 
37746|Survivor|1: 381 132 62 24 9 4 1 
37749|Survivor|1: 396 128 53 24 9 4 1 
37768|Child_Avg|15: 409 122 46 21 10 4 1 
37785|Survivor|1: 377 110 43 20 9 4 1 
37809|Survivor|1: 386 134 52 29 9 4 1 
37837|Child_CrossABC2|8: 344 138 49 24 9 4 1 
37839|Survivor|1: 343 145 52 24 9 4 1 
37840|Child_CrossABC2|8: 373 152 55 24 9 4 1 
37845|Child_CrossABC2|8: 381 137 47 24 9 4 1 
37847|Child_Avg|43: 377 130 49 24 9 4 1 
37848|Child_CrossABC1|7: 407 129 49 24 9 4 1 
37854|Child_Cross21|18: 363 141 46 24 9 4 1 
37895|Survivor|1: 390 151 48 23 10 4 1 
37901|Child_CrossABC1|1: 403 149 45 21 10 4 1 
37906|Child_Cross12|37: 380 151 45 21 10 4 1 
37907|Child_CrossABC2|8: 376 149 45 21 10 4 1 
37909|Child_Cross21|38: 392 148 45 21 10 4 1 
37914|Child_Avg|35: 374 148 45 21 10 4 1 
37918|Child_Avg|31: 388 151 45 21 10 4 1 
37923|Child_Cross12|57: 385 148 45 21 10 4 1 
37925|Child_Cross12|17|Mutated: 398 148 45 21 10 4 1 
37930|Child_Cross12|41: 387 148 45 21 10 4 1 
37933|Child_Cross12|17: 390 148 45 21 10 4 1 
37939|Child_Cross21|14: 382 148 45 21 10 4 1 
37941|Child_Cross21|38: 379 148 45 21 10 4 1 
37944|Child_Cross21|10: 392 145 45 21 10 4 1 
37955|Child_Cross21|54: 377 148 45 21 10 4 1 
37959|Child_Cross21|50: 371 148 45 21 10 4 1 
37990|Child_CrossABC2|2: 431 148 55 23 10 4 1 
37991|Survivor|1|Mutated: 502 148 55 23 10 4 1 
37992|Child_Cross21|50: 397 135 48 23 10 4 1 
38002|Child_Cross21|10: 387 133 47 23 10 4 1 
38012|Child_Cross12|1|Mutated: 466 135 47 23 10 4 1 
38014|Child_CrossABC2|8: 518 148 47 23 10 4 1 
38015|Child_CrossABC1|7: 372 135 47 23 10 4 1 
38023|Survivor|1: 354 136 47 23 10 4 1 
38026|Child_CrossABC2|2: 353 136 47 23 10 4 1 
38031|Survivor|1: 357 136 47 23 10 4 1 
38064|Survivor|1: 384 160 57 20 9 4 1 
38083|Survivor|1: 403 162 52 20 9 4 1 
38102|Survivor|1: 460 158 53 25 9 4 1 
38116|Survivor|1: 396 135 46 24 9 4 1 
38165|Survivor|1: 354 113 43 24 9 4 1 
38171|Child_Cross21|38: 350 118 43 24 9 4 1 
38180|Survivor|1: 348 127 50 24 9 4 1 
38194|Child_Avg|35|Mutated: 318 126 43 24 9 4 1 
38200|Survivor|1: 318 118 43 24 9 4 1 
38217|Child_Avg|51: 469 175 66 29 9 4 1 
38221|Survivor|1: 469 175 66 25 14 4 1 
38233|Child_LevyP2|4: 390 137 50 23 8 3 1 
38239|Survivor|1: 388 126 47 24 9 4 1 
38244|Child_Cross21|30: 392 138 53 24 9 4 1 
38247|Survivor|1: 392 139 53 24 9 4 1 
38252|Survivor|1: 356 125 45 21 10 4 1 
38284|Survivor|1|Mutated: 387 113 46 20 9 4 1 
38288|Child_CrossABC2|8: 388 123 49 21 10 4 1 
38293|Child_CrossABC1|1: 372 109 48 21 10 4 1 
38294|Child_Cross21|38: 389 118 47 21 10 4 1 
38296|Child_Cross21|38: 378 116 45 21 10 4 1 
38300|Child_CrossABC1|7: 381 116 45 21 10 4 1 
38301|Child_CrossABC2|2: 379 116 45 21 10 4 1 
38305|Survivor|1|Mutated: 357 116 45 21 10 4 1 
38318|Child_Avg|51: 378 114 43 20 9 4 1 
38341|Child_Cross21|10: 351 127 43 20 9 4 1 
38347|Child_CrossABC2|8: 380 116 43 20 9 4 1 
38391|Survivor|1: 538 205 58 24 9 4 1 
38426|Child_CrossABC2|8: 373 113 45 21 10 4 1 
38453|Child_CrossABC1|7|Mutated: 485 160 59 24 9 4 1 
38454|Child_Avg|23: 421 133 50 23 8 3 1 
38499|Survivor|1: 560 159 61 29 9 4 1 
38504|Child_CrossABC1|1: 411 118 47 25 10 4 1 
38511|Child_CrossABC2|8: 385 119 53 24 9 4 1 
38520|Survivor|1: 428 121 55 24 9 4 1 
38523|Child_CrossABC1|7: 421 121 52 24 9 4 1 
38525|Child_CrossABC1|1: 383 111 52 24 9 4 1 
38533|Child_CrossABC1|1: 368 121 52 24 9 4 1 
38538|Child_CrossABC2|8: 367 129 53 24 9 4 1 
38597|Child_Cross21|34: 386 130 45 21 10 4 1 
38598|Child_Avg|3: 411 125 47 24 9 4 1 
38602|Survivor|1: 412 131 45 21 10 4 1 
38617|Child_CrossABC1|7|Mutated: 417 127 52 20 9 4 1 
38639|Survivor|1: 386 127 41 19 10 4 1 
38670|Survivor|1: 376 119 49 24 9 4 1 
38673|Child_Avg|15: 376 111 49 24 9 4 1 
38676|Child_Cross12|33: 376 113 49 24 9 4 1 
38692|Survivor|1: 354 123 43 24 9 4 1 
38721|Child_Avg|11: 411 135 62 24 9 4 1 
38729|Child_CrossABC2|8: 416 131 48 21 10 4 1 
38732|Child_Levy|40: 481 155 52 24 9 4 1 
38736|Child_Cross21|10: 447 132 49 24 9 4 1 
38739|Child_Avg|51: 442 133 49 24 9 4 1 
38759|Child_CrossABC1|7: 400 129 45 23 10 4 1 
38786|Child_Levy|16: 388 128 49 21 10 4 1 
38792|Child_Avg|35: 421 126 47 23 10 4 1 
38794|Child_CrossABC1|1: 421 122 47 23 10 4 1 
38796|Child_Avg|43: 415 126 47 23 10 4 1 
38807|Child_CrossABC1|1: 414 126 47 23 10 4 1 
38830|Survivor|1: 436 170 53 24 9 4 1 
38831|Child_CrossABC2|8: 401 151 47 24 9 4 1 
38835|Survivor|1: 403 145 46 24 9 4 1 
38839|Survivor|1: 373 144 49 24 9 4 1 
38844|Child_Avg|23: 385 141 46 24 9 4 1 
38880|Survivor|1: 374 136 49 24 9 4 1 
38883|Child_CrossABC1|1: 372 137 52 24 9 4 1 
38890|Child_CrossABC1|1: 373 152 53 24 9 4 1 
38892|Child_CrossABC1|1|Mutated: 380 162 59 24 9 4 1 
38905|Child_CrossABC2|2: 394 140 55 24 9 4 1 
38906|Child_Levy|12: 395 136 50 24 9 4 1 
38909|Survivor|1: 369 138 56 24 9 4 1 
38913|Child_CrossABC1|1: 327 134 58 24 9 4 1 
38917|Child_CrossABC1|7: 354 135 58 24 9 4 1 
38920|Child_Cross12|53: 404 132 49 24 9 4 1 
38921|Child_Cross12|49: 463 139 52 24 9 4 1 
38924|Child_Avg|51: 378 130 49 24 9 4 1 
38931|Child_Cross12|33|Mutated: 401 113 47 21 10 4 1 
38946|Survivor|1: 441 128 45 21 10 4 1 
38949|Child_Avg|59: 433 125 43 20 9 4 1 
38953|Survivor|1: 432 127 43 20 9 4 1 
38956|Child_Cross12|49: 426 131 43 20 9 4 1 
39009|Child_Levy|60: 453 145 65 27 10 4 1 
39015|Child_Cross21|14: 402 130 55 24 9 4 1 
39025|Child_Cross12|1: 427 137 53 24 9 4 1 
39028|Child_CrossABC1|7: 439 138 53 24 9 4 1 
39029|Child_CrossABC1|7: 419 134 53 24 9 4 1 
39030|Child_Cross21|10: 431 135 52 24 9 4 1 
39031|Child_Cross12|25|Mutated: 426 138 55 24 9 4 1 
39036|Child_CrossABC1|1: 408 132 59 24 9 4 1 
39037|Child_Cross12|33: 443 135 47 24 9 4 1 
39041|Child_Avg|3: 446 155 52 24 9 4 1 
39044|Child_Cross12|21: 415 121 46 24 9 4 1 
39049|Child_Cross12|5: 421 124 46 24 9 4 1 
39194|Child_CrossABC1|1: 404 120 68 29 9 4 1 
39216|Child_Avg|7: 403 146 59 27 10 4 1 
39219|Child_CrossABC2|8: 440 151 59 27 10 4 1 
39220|Survivor|1|Mutated: 509 151 59 27 10 4 1 
39224|Child_Avg|39: 461 146 53 24 9 4 1 
39228|Survivor|1: 467 139 52 24 9 4 1 
39229|Child_CrossABC1|1: 470 137 53 24 9 4 1 
39231|Child_CrossABC1|1: 476 135 52 24 9 4 1 
39234|Child_Cross12|41: 465 139 51 19 10 4 1 
39238|Child_Cross21|58: 465 141 52 24 9 4 1 
39240|Child_CrossABC2|2: 449 135 52 24 9 4 1 
39243|Child_Cross12|21: 452 135 52 24 9 4 1 
39245|Child_CrossABC2|8: 451 135 52 24 9 4 1 
39246|Child_CrossABC2|2: 435 135 52 24 9 4 1 
39248|Child_Avg|55: 443 135 52 24 9 4 1 
39252|Child_Cross12|17: 446 131 49 24 9 4 1 
39257|Child_Cross21|46: 442 143 49 24 9 4 1 
39261|Child_Cross21|10: 443 133 49 24 9 4 1 
39264|Child_Avg|47: 448 132 49 24 9 4 1 
39268|Child_Avg|51: 424 132 49 24 9 4 1 
39271|Child_Cross21|2: 403 136 49 24 9 4 1 
39275|Child_Cross21|30: 417 132 49 24 9 4 1 
39284|Child_Cross21|30: 416 132 49 24 9 4 1 
39286|Child_Cross21|22|Mutated: 413 131 49 24 9 4 1 
39292|Child_Cross12|29: 414 132 49 24 9 4 1 
39294|Child_Cross12|33: 444 133 49 24 9 4 1 
39297|Child_Cross21|26: 440 132 49 24 9 4 1 
39299|Child_CrossABC2|8: 411 130 49 24 9 4 1 
39301|Child_Avg|35: 427 132 49 24 9 4 1 
39313|Child_Cross12|17: 414 142 49 24 9 4 1 
39314|Child_Cross12|33: 412 131 49 24 9 4 1 
39317|Child_Cross12|17: 412 130 49 24 9 4 1 
39318|Child_Avg|35: 413 142 49 24 9 4 1 
39330|Child_Cross12|37|Mutated: 389 142 58 24 9 4 1 
39336|Child_Cross12|57: 407 141 49 24 9 4 1 
39364|Child_Cross21|42: 416 133 49 24 9 4 1 
39376|Child_CrossABC1|1: 373 122 52 24 9 4 1 
39378|Child_CrossABC2|8: 370 129 50 24 9 4 1 
39379|Child_Cross21|58|Mutated: 361 127 45 21 10 4 1 
39380|Child_CrossABC2|2: 391 133 50 24 9 4 1 
39382|Survivor|1: 364 132 59 24 9 4 1 
39394|Child_CrossABC2|8: 361 129 53 24 9 4 1 
39400|Child_CrossABC2|8: 370 143 50 24 9 4 1 
39424|Child_CrossABC2|2: 400 163 46 20 9 4 1 
39435|Child_CrossABC1|7: 377 133 43 20 9 4 1 
39436|Child_Cross12|29: 398 134 43 20 9 4 1 
39526|Child_CrossABC1|7: 409 139 61 24 9 4 1 
39536|Survivor|1: 412 159 52 24 9 4 1 
39542|Child_CrossABC1|1: 396 159 52 24 9 4 1 
39544|Survivor|1: 406 159 52 24 9 4 1 
39546|Child_Cross12|9: 411 159 52 24 9 4 1 
39555|Child_CrossABC2|8: 415 158 53 24 9 4 1 
39558|Child_Cross21|46: 392 153 50 24 9 4 1 
39560|Child_Cross12|33: 415 151 49 24 9 4 1 
39567|Child_CrossABC2|8: 395 137 53 24 9 4 1 
39571|Child_Levy|28: 391 137 49 24 9 4 1 
39575|Survivor|1: 380 135 52 24 9 4 1 
39608|Survivor|1: 393 136 43 24 9 4 1 
39714|Child_Cross12|29: 373 144 43 20 9 4 1 
39736|Child_Avg|15: 418 148 49 21 10 4 1 
39746|Child_CrossABC2|2: 401 141 46 21 10 4 1 
39752|Child_Cross12|37: 398 140 45 21 10 4 1 
39768|Survivor|1: 413 122 55 27 10 4 1 
39774|Survivor|1: 434 121 53 27 10 4 1 
39777|Survivor|1: 414 127 50 24 9 4 1 
39779|Child_CrossABC1|7: 414 119 46 24 9 4 1 
39789|Survivor|1: 355 134 43 20 9 4 1 
39816|Survivor|1: 635 186 52 24 9 4 1 
39829|Survivor|1: 431 156 56 24 9 4 1 
39838|Child_LevyP1|3: 393 125 48 23 10 4 1 
39839|Child_Avg|35: 427 122 47 23 10 4 1 
39899|Survivor|1: 413 126 51 23 10 4 1 
39906|Child_Avg|11: 458 128 53 24 9 4 1 
39909|Child_CrossABC1|1: 456 127 54 23 10 4 1 
39915|Child_Avg|19: 421 112 47 23 10 4 1 
39924|Survivor|1: 431 118 43 24 9 4 1 
39930|Survivor|1|Mutated: 428 118 45 23 10 4 1 
39949|Survivor|1: 404 110 45 21 10 4 1 
39956|Survivor|1: 378 106 45 21 10 4 1 
39959|Child_Levy|48: 373 105 43 20 9 4 1 
39969|Child_CrossABC1|1: 368 105 43 20 9 4 1 
39990|Survivor|1: 367 105 43 20 9 4 1 
40006|Child_Avg|7: 287 116 46 20 9 4 1 
40011|Survivor|1: 283 116 46 20 9 4 1 
40095|Survivor|1: 368 142 43 20 9 4 1 
40111|Child_Cross12|21: 384 116 41 19 10 4 1 
40131|Child_Avg|27: 390 137 41 19 10 4 1 
40134|Child_Cross21|22: 399 128 41 19 10 4 1 
40160|Child_Levy|8|Mutated: 445 130 57 20 9 4 1 
40169|Child_Levy|48: 401 128 48 23 10 4 1 
40185|Child_Avg|15: 380 127 45 21 10 4 1 
40216|Survivor|1: 416 125 47 23 10 4 1 
40217|Child_Avg|3: 419 128 46 24 9 4 1 
40219|Survivor|1: 407 127 48 23 10 4 1 
40233|Child_Avg|23: 383 125 44 23 10 4 1 
40351|Survivor|1: 465 129 49 24 9 4 1 
40359|Child_Levy|20: 397 132 46 24 9 4 1 
40404|Child_CrossABC2|8: 397 123 61 24 9 4 1 
40417|Child_CrossABC2|2: 392 123 55 24 9 4 1 
40461|Child_CrossABC1|7: 404 123 53 24 9 4 1 
40462|Child_CrossABC1|1: 394 130 49 24 9 4 1 
40493|Survivor|1: 411 129 55 21 10 4 1 
40495|Child_Avg|31: 433 130 48 23 10 4 1 
40501|Child_Cross21|30: 428 127 48 23 10 4 1 
40502|Child_Cross21|42: 397 121 45 23 10 4 1 
40505|Survivor|1|Mutated: 411 128 46 24 9 4 1 
40509|Survivor|1: 433 146 58 23 10 4 1 
40513|Child_Avg|31: 415 124 51 23 10 4 1 
40516|Child_Avg|55: 398 124 47 23 10 4 1 
40527|Child_CrossABC2|8: 415 122 54 23 10 4 1 
40589|Child_CrossABC2|2: 406 131 45 23 10 4 1 
40591|Child_Cross12|5: 406 131 45 21 10 4 1 
40610|Child_Avg|43: 468 195 56 25 9 4 1 
40622|Child_CrossABC1|7: 497 195 56 25 9 4 1 
40624|Survivor|1: 447 179 50 24 9 4 1 
40626|Child_Cross12|25: 363 145 52 24 9 4 1 
40628|Child_Cross21|34: 415 167 52 24 9 4 1 
40635|Survivor|1: 384 166 49 24 9 4 1 
40643|Child_Avg|35: 369 109 48 20 9 4 1 
40647|Child_Cross21|2: 394 113 46 20 9 4 1 
40648|Child_CrossABC1|7: 397 113 46 20 9 4 1 
40678|Survivor|1|Mutated: 527 161 53 25 9 4 1 
40681|Survivor|1: 451 129 58 23 10 4 1 
40692|Child_CrossABC2|8: 397 127 49 21 10 4 1 
40697|Child_Avg|11: 359 136 50 21 10 4 1 
40707|Survivor|1: 395 140 50 24 9 4 1 
40709|Child_CrossABC2|2: 394 119 49 24 9 4 1 
40711|Child_Levy|44: 398 121 51 23 10 4 1 
40742|Survivor|1: 321 116 44 23 10 4 1 
40780|Survivor|1: 365 108 46 24 9 4 1 
40807|Survivor|1: 375 122 56 24 9 4 1 
40808|Child_Cross21|2|Mutated: 322 111 44 24 9 4 1 
40816|Survivor|1: 368 99 43 24 9 4 1 
40859|Survivor|1: 430 129 53 24 11 5 1 
40865|Child_Cross12|33: 387 121 45 23 10 4 1 
40867|Survivor|1: 389 121 51 23 10 4 1 
40926|Child_Cross21|34: 344 125 44 23 10 4 1 
40952|Survivor|1: 410 137 52 27 10 4 1 
40962|Child_Cross12|9: 355 128 47 23 10 4 1 
40973|Child_CrossABC2|8: 377 135 47 24 9 4 1 
40975|Child_Cross12|29: 405 122 47 24 9 4 1 
40994|Survivor|1: 427 123 46 24 9 4 1 
40995|Child_CrossABC2|8: 409 119 46 24 9 4 1 
40996|Child_Avg|47: 410 123 46 24 9 4 1 
41014|Survivor|1: 357 108 43 24 9 4 1 
41025|Child_CrossABC1|1: 389 102 46 24 9 4 1 
41031|Survivor|1: 387 111 44 24 9 4 1 
41093|Survivor|1: 406 121 46 24 9 4 1 
41132|Survivor|1: 400 129 44 24 9 4 1 
41133|Child_CrossABC2|8: 471 137 58 24 9 4 1 
41138|Child_CrossABC1|7: 443 138 55 24 9 4 1 
41163|Child_CrossABC1|7: 411 147 58 24 9 4 1 
41165|Survivor|1: 433 132 49 24 9 4 1 
41166|Child_CrossABC1|7: 400 128 53 24 9 4 1 
41177|Survivor|1: 457 130 56 24 9 4 1 
41179|Survivor|1: 437 132 62 24 9 4 1 
41183|Child_CrossABC1|1: 373 138 59 24 9 4 1 
41184|Child_CrossABC1|7: 417 129 55 24 9 4 1 
41192|Child_Cross21|6: 419 131 55 24 9 4 1 
41193|Child_CrossABC2|2: 416 130 55 24 9 4 1 
41194|Child_CrossABC2|8: 418 128 55 24 9 4 1 
41198|Child_CrossABC2|2: 416 127 49 24 9 4 1 
41200|Child_Cross12|49: 408 126 49 24 9 4 1 
41221|Child_CrossABC1|7: 405 121 46 24 9 4 1 
41238|Child_CrossABC1|1: 385 122 46 24 9 4 1 
41278|Child_Cross21|2: 399 131 43 24 9 4 1 
41332|Child_Cross12|1: 410 127 43 20 9 4 1 
41343|Survivor|1: 405 125 41 19 10 4 1 
41352|Child_Avg|59: 409 127 41 19 10 4 1 
41360|Child_Avg|27: 401 127 41 19 10 4 1 
41406|Child_Levy|4: 369 162 51 23 10 4 1 
41407|Child_Cross12|1: 454 144 51 23 10 4 1 
41418|Child_CrossABC1|7: 375 154 51 23 10 4 1 
41421|Survivor|1: 379 154 57 23 10 4 1 
41425|Child_Avg|11: 381 155 58 23 10 4 1 
41427|Child_Avg|59: 380 154 57 23 10 4 1 
41428|Child_CrossABC2|8: 378 154 57 23 10 4 1 
41429|Child_CrossABC2|2: 377 148 54 23 10 4 1 
41431|Child_CrossABC2|8: 379 150 54 23 10 4 1 
41438|Child_Cross21|22|Mutated: 380 149 51 23 10 4 1 
41441|Child_CrossABC2|2: 381 133 48 23 10 4 1 
41447|Survivor|1: 381 133 57 23 10 4 1 
41464|Child_CrossABC2|8: 411 110 45 21 10 4 1 
41477|Survivor|1: 428 115 47 23 10 4 1 
41489|Survivor|1: 374 107 45 23 10 4 1 
41496|Child_CrossABC2|8: 380 107 45 23 10 4 1 
41502|Child_Avg|35: 395 111 47 23 10 4 1 
41510|Survivor|1: 394 111 47 23 10 4 1 
41521|Child_Cross21|2: 379 105 44 19 10 4 1 
41539|Child_Cross12|37: 383 105 44 19 10 4 1 
41552|Child_Avg|27: 375 105 44 19 10 4 1 
41553|Child_Cross21|18: 381 105 44 19 10 4 1 
41561|Child_Cross12|13: 387 105 44 19 10 4 1 
41568|Child_Cross12|13: 385 105 44 19 10 4 1 
41623|Survivor|1: 388 120 42 19 10 4 1 
41628|Child_Cross12|57: 360 115 41 19 10 4 1 
41642|Child_Cross21|18: 300 115 41 19 10 4 1 
41694|Survivor|1: 626 194 71 28 10 3 1 
41696|Child_Avg|3|Mutated: 427 154 56 25 9 4 1 
41701|Child_Cross21|6: 397 153 52 24 9 4 1 
41716|Child_CrossABC1|1: 369 140 50 24 9 4 1 
41717|Child_CrossABC2|8: 368 143 49 24 9 4 1 
41719|Child_CrossABC2|2: 440 156 49 24 9 4 1 
41732|Survivor|1: 385 146 46 24 9 4 1 
41733|Child_Avg|27: 381 146 53 24 9 4 1 
41738|Child_Cross21|6|Mutated: 365 145 52 24 9 4 1 
41740|Child_CrossABC1|7: 395 147 55 24 9 4 1 
41742|Survivor|1: 357 142 52 24 9 4 1 
41745|Survivor|1: 587 170 62 29 10 4 1 
41749|Child_Levy|48|Mutated: 399 145 54 23 10 4 1 
41758|Child_CrossABC2|2: 413 150 54 23 10 4 1 
41766|Child_Avg|35: 399 145 47 23 10 4 1 
41783|Child_Cross21|10: 400 146 47 23 10 4 1 
41787|Child_Cross12|45: 401 136 47 23 10 4 1 
41793|Child_Cross12|37: 398 126 47 23 10 4 1 
41801|Child_Avg|35: 394 136 47 23 10 4 1 
41809|Child_Avg|59: 607 182 71 29 10 4 1 
41818|Child_Levy|36: 385 135 47 24 9 4 1 
41838|Child_Avg|47: 416 141 59 24 9 4 1 
41840|Child_Avg|19: 416 118 49 24 9 4 1 
41843|Survivor|1: 390 108 49 24 9 4 1 
41863|Child_Cross21|42: 393 118 43 20 9 4 1 
41873|Child_Avg|43|Mutated: 384 140 47 25 9 4 1 
41903|Child_CrossABC2|2: 398 129 51 23 10 4 1 
41910|Child_CrossABC1|7: 359 122 46 21 10 4 1 
41917|Child_Avg|11: 349 122 46 24 9 4 1 
41935|Child_Cross21|14: 346 125 44 23 10 4 1 
41946|Child_Cross21|26: 351 125 44 23 10 4 1 
41995|Survivor|1: 422 124 41 19 10 4 1 
41998|Survivor|1: 548 170 65 28 11 4 1 
42009|Survivor|1: 406 129 45 23 10 4 1 
42040|Survivor|1: 394 120 47 24 9 4 1 
42046|Survivor|1: 385 117 46 24 9 4 1 
42049|Child_CrossABC1|7: 389 118 49 24 9 4 1 
42054|Survivor|1: 381 117 46 24 9 4 1 
42096|Child_Cross12|25|Mutated: 376 108 43 24 9 4 1 
42105|Child_Cross12|37: 404 112 43 24 9 4 1 
42163|Survivor|1: 402 112 43 24 9 4 1 
42173|Child_CrossABC2|8: 398 113 46 24 9 4 1 
42179|Child_CrossABC2|8: 401 113 46 24 9 4 1 
42234|Child_CrossABC1|7: 573 178 57 23 10 4 1 
42247|Child_Avg|39: 404 131 49 24 9 4 1 
42255|Survivor|1|Mutated: 416 132 59 24 9 4 1 
42256|Child_CrossABC2|2: 409 135 62 24 9 4 1 
42257|Child_CrossABC2|2: 426 131 56 24 9 4 1 
42259|Survivor|1: 446 127 46 20 9 4 1 
42261|Child_CrossABC1|7: 436 135 44 24 9 4 1 
42273|Child_CrossABC2|8: 424 137 53 24 9 4 1 
42323|Child_Avg|15: 370 133 48 23 10 3 1 
42328|Survivor|1: 359 134 47 24 9 4 1 
42347|Survivor|1: 413 139 49 21 10 4 1 
42350|Child_CrossABC2|8: 375 139 52 20 9 4 1 
42352|Child_CrossABC1|7: 355 134 55 19 10 4 1 
42368|Survivor|1: 373 113 50 19 10 4 1 
42396|Survivor|1: 431 127 41 19 10 4 1 
42406|Survivor|1: 409 125 41 19 10 4 1 
42420|Child_CrossABC2|8: 409 115 41 19 10 4 1 
42430|Child_CrossABC1|7: 374 115 41 19 10 4 1 
42439|Child_Avg|59|Mutated: 394 115 44 19 10 4 1 
42455|Child_Levy|44: 432 122 55 24 9 4 1 
42471|Child_Cross21|50: 463 136 47 23 10 4 1 
42477|Child_CrossABC1|1: 470 135 48 23 10 4 1 
42480|Child_CrossABC1|1: 560 149 47 23 10 4 1 
42512|Survivor|1: 369 145 50 24 9 4 1 
42514|Child_Cross12|57: 369 145 46 24 9 4 1 
42516|Child_CrossABC2|8: 376 145 46 24 9 4 1 
42518|Survivor|1: 383 145 46 24 9 4 1 
42530|Survivor|1: 385 147 46 24 9 4 1 
42540|Child_Cross21|30: 380 145 43 24 9 4 1 
42564|Child_Avg|47: 376 141 43 24 9 4 1 
42566|Child_Cross21|46: 378 137 43 24 9 4 1 
42572|Child_Cross12|21: 378 145 43 24 9 4 1 
42580|Child_CrossABC2|2: 367 146 53 24 9 4 1 
42582|Child_CrossABC2|2: 367 145 52 24 9 4 1 
42609|Survivor|1: 375 145 50 24 9 4 1 
42635|Child_Avg|31: 385 145 43 24 9 4 1 
42636|Child_Levy|32: 379 146 44 23 10 4 1 
42652|Child_Avg|55: 384 146 43 24 9 4 1 
42653|Child_CrossABC2|8: 390 142 43 24 9 4 1 
42661|Child_CrossABC2|2: 382 147 43 24 9 4 1 
42669|Child_CrossABC1|7: 390 145 46 24 9 4 1 
42676|Child_Cross12|41: 385 142 43 24 9 4 1 
42716|Child_Avg|31: 391 141 46 24 9 4 1 
42744|Child_LevyP2|4: 503 164 55 24 9 4 1 
42749|Survivor|1: 441 167 49 24 9 4 1 
42757|Child_Avg|59: 379 137 55 24 9 4 1 
42761|Survivor|1: 358 137 44 25 9 4 1 
42767|Survivor|1: 414 135 46 24 9 4 1 
42775|Child_CrossABC2|8: 397 135 46 24 9 4 1 
42808|Child_CrossABC2|8: 337 123 46 24 9 4 1 
42825|Survivor|1: 341 132 46 24 9 4 1 
42844|Child_Levy|12: 453 127 49 21 10 4 1 
42867|Survivor|1: 421 136 50 24 9 4 1 
42872|Child_Cross21|22: 388 139 49 24 9 4 1 
42876|Survivor|1: 338 129 50 24 9 4 1 
42891|Survivor|1: 359 133 47 25 9 4 1 
42895|Child_Avg|55: 351 132 46 24 9 4 1 
42903|Survivor|1: 365 132 46 24 9 4 1 
42916|Survivor|1: 389 132 43 24 9 4 1 
42981|Survivor|1: 309 107 43 20 9 4 1 
42991|Child_Avg|51: 328 127 59 21 10 4 1 
43036|Child_LevyP1|9|Mutated: 465 141 46 20 9 4 1 
43075|Child_Cross12|53: 391 112 39 20 9 4 1 
43119|Child_CrossABC2|8|Mutated: 378 130 43 20 9 4 1 
43127|Child_Cross12|57: 387 112 39 20 9 4 1 
43162|Child_Cross21|26: 386 112 39 20 9 4 1 
43199|Child_Cross21|34: 349 123 52 29 9 4 1 
43202|Child_CrossABC1|1: 380 160 62 29 10 4 1 
43203|Child_Avg|19: 390 143 55 27 10 4 1 
43209|Survivor|1: 357 114 49 21 10 4 1 
43217|Survivor|1: 380 146 49 21 10 4 1 
43220|Survivor|1: 430 133 45 21 10 4 1 
43221|Child_Avg|27: 393 141 46 21 10 4 1 
43241|Child_Avg|39: 390 134 45 21 10 4 1 
43244|Child_Cross21|58: 398 160 45 21 10 4 1 
43249|Child_Cross12|21: 396 143 45 21 10 4 1 
43253|Child_CrossABC2|8|Mutated: 385 133 45 21 10 4 1 
43264|Child_Avg|39|Mutated: 347 136 43 20 9 4 1 
43265|Child_CrossABC1|1: 403 136 43 20 9 4 1 
43267|Child_Cross12|9: 393 137 43 20 9 4 1 
43271|Child_Avg|51: 393 141 43 20 9 4 1 
43280|Child_Avg|43: 383 136 43 20 9 4 1 
43285|Child_Cross21|18: 380 136 43 20 9 4 1 
43297|Child_Cross21|54: 373 136 43 20 9 4 1 
43299|Child_Avg|23: 379 136 46 20 9 4 1 
43338|Child_Cross12|1: 369 136 43 20 9 4 1 
43340|Child_Cross12|21: 386 136 43 20 9 4 1 
43349|Child_Avg|19|Mutated: 411 125 52 20 9 4 1 
43354|Child_Cross21|42: 353 136 43 20 9 4 1 
43375|Child_Cross12|25: 387 141 43 20 9 4 1 
43380|Child_CrossABC2|8: 393 144 43 20 9 4 1 
43391|Child_Cross12|45: 381 141 43 20 9 4 1 
43395|Child_CrossABC1|1: 375 141 43 20 9 4 1 
43418|Survivor|1: 382 139 43 20 9 4 1 
43436|Child_Avg|35: 408 173 52 24 9 4 1 
43451|Child_CrossABC2|8|Mutated: 382 170 55 24 9 4 1 
43456|Survivor|1: 375 156 61 24 9 4 1 
43457|Child_Cross21|50: 378 138 47 24 9 4 1 
43464|Child_Cross21|18: 394 130 49 25 10 4 1 
43487|Survivor|1: 423 152 67 24 11 4 1 
43528|Survivor|1: 363 140 44 23 10 4 1 
43569|Survivor|1: 417 126 44 24 9 4 1 
43577|Child_CrossABC1|7: 398 115 44 24 9 4 1 
43601|Child_CrossABC1|7: 428 118 43 24 9 4 1 
43668|Survivor|1: 527 146 69 21 10 4 1 
43680|Child_Avg|51: 341 116 46 20 9 4 1 
43705|Child_Cross21|50: 430 133 49 24 9 4 1 
43709|Child_CrossABC2|8: 418 127 49 24 9 4 1 
43716|Child_CrossABC1|1: 363 130 47 24 9 4 1 
43723|Child_Levy|28: 609 169 58 23 10 4 1 
43726|Child_Cross12|5: 608 168 57 23 10 4 1 
43733|Child_Cross12|9|Mutated: 468 144 57 23 10 4 1 
43735|Child_CrossABC2|2: 479 153 57 23 10 4 1 
43736|Child_CrossABC2|8: 470 142 57 23 10 4 1 
43740|Child_CrossABC1|1: 475 153 57 23 10 4 1 
43741|Child_Levy|12: 431 129 50 24 9 4 1 
43743|Child_Cross12|37: 448 131 47 23 10 4 1 
43744|Child_Avg|47: 473 153 57 23 10 4 1 
43748|Survivor|1: 431 166 57 23 10 4 1 
43754|Survivor|1: 414 133 48 23 10 4 1 
43755|Survivor|1|Mutated: 414 133 58 23 10 4 1 
43759|Child_Avg|7: 422 129 55 23 10 4 1 
43763|Child_Cross12|33: 440 131 51 23 10 4 1 
43768|Survivor|1: 426 131 51 23 10 4 1 
43781|Survivor|1: 402 131 43 19 10 4 1 
43833|Child_Avg|7: 432 132 53 24 9 4 1 
43834|Child_Cross12|21: 400 143 49 24 9 4 1 
43852|Child_Cross12|57: 391 121 40 24 9 4 1 
43865|Child_CrossABC1|1: 687 135 52 24 9 4 1 
43881|Child_Cross12|17: 398 122 43 20 9 4 1 
43903|Survivor|1: 405 116 46 20 9 4 1 
43961|Survivor|1: 390 118 48 23 10 4 1 
43998|Child_CrossABC1|1: 393 141 49 27 10 4 1 
44006|Child_Cross12|25: 401 142 45 23 10 4 1 
44009|Child_CrossABC2|8: 396 143 45 23 10 4 1 
44011|Child_CrossABC2|8: 398 144 45 23 10 4 1 
44025|Survivor|1: 456 159 59 27 10 4 1 
44032|Survivor|1: 444 145 45 21 10 4 1 
44033|Child_Levy|16: 441 130 46 24 9 4 1 
44035|Survivor|1|Mutated: 441 146 46 24 9 4 1 
44039|Survivor|1: 459 146 46 24 9 4 1 
44075|Child_Avg|15: 570 207 67 23 10 4 1 
44078|Child_Levy|8: 384 140 58 21 10 4 1 
44080|Child_Avg|15|Mutated: 459 163 52 24 9 4 1 
44081|Child_Avg|43: 446 168 57 23 10 4 1 
44082|Child_Avg|3: 384 140 54 23 10 4 1 
44084|Child_CrossABC2|8: 367 135 48 23 10 4 1 
44090|Survivor|1: 349 125 47 23 10 4 1 
44091|Child_CrossABC1|7: 408 153 54 23 10 4 1 
44105|Survivor|1: 354 123 44 23 10 4 1 
44108|Survivor|1: 371 119 44 23 10 4 1 
44131|Survivor|1: 392 134 54 25 9 4 1 
44146|Survivor|1: 361 131 47 25 9 4 1 
44154|Survivor|1: 410 125 55 24 9 4 1 
44158|Child_Avg|39: 387 126 49 24 9 4 1 
44195|Child_Cross12|13: 436 162 55 24 9 4 1 
44199|Child_Avg|51: 432 159 55 24 9 4 1 
44202|Child_CrossABC2|2: 450 137 55 24 9 4 1 
44208|Survivor|1: 451 150 52 24 9 4 1 
44211|Survivor|1: 395 151 43 24 9 4 1 
44213|Child_CrossABC1|7: 398 147 47 24 9 4 1 
44218|Survivor|1: 403 137 46 24 9 4 1 
44226|Survivor|1: 395 141 43 24 9 4 1 
44242|Survivor|1: 380 157 47 24 9 4 1 
44247|Child_Avg|47: 398 137 53 24 9 4 1 
44249|Child_Cross21|58: 393 129 50 24 9 4 1 
44254|Child_CrossABC2|8: 389 136 50 24 9 4 1 
44256|Child_CrossABC1|7: 373 134 49 24 9 4 1 
44257|Child_CrossABC1|7: 384 129 49 24 9 4 1 
44258|Child_CrossABC2|8: 382 131 49 24 9 4 1 
44259|Child_Cross21|46: 385 131 47 24 9 4 1 
44260|Child_Avg|59|Mutated: 347 143 55 24 9 4 1 
44266|Child_Cross21|2: 375 136 49 24 9 4 1 
44268|Child_Avg|15: 384 133 49 24 9 4 1 
44282|Survivor|1: 381 131 49 24 9 4 1 
44283|Child_CrossABC1|1: 376 111 47 24 9 4 1 
44290|Child_Cross12|29: 343 130 46 24 9 4 1 
44291|Child_Cross12|53: 388 117 49 24 9 4 1 
44298|Child_Cross12|53: 398 122 47 24 9 4 1 
44309|Child_CrossABC1|1: 422 125 44 24 9 4 1 
44321|Survivor|1: 365 126 61 20 9 4 1 
44334|Child_Levy|24: 386 128 45 23 10 4 1 
44339|Survivor|1: 428 127 44 23 10 4 1 
44349|Child_Avg|51: 481 178 62 19 10 4 1 
44351|Survivor|1: 430 134 45 21 10 4 1 
44356|Child_CrossABC1|7: 410 128 45 21 10 4 1 
44366|Child_CrossABC1|7: 410 124 45 21 10 4 1 
44369|Survivor|1: 437 127 46 20 9 4 1 
44371|Child_CrossABC2|8: 415 117 46 20 9 4 1 
44448|Child_LevyP2|10|Mutated: 572 172 60 23 10 4 1 
44459|Child_Cross21|54|Mutated: 453 122 47 23 10 4 1 
44463|Child_CrossABC2|8: 424 127 49 24 9 4 1 
44465|Survivor|1: 367 122 46 24 9 4 1 
44474|Child_Cross21|2: 359 113 43 24 9 4 1 
44494|Survivor|1: 377 102 43 24 9 4 1 
44549|Survivor|1: 352 108 43 24 9 4 1 
44563|Survivor|1|Mutated: 544 155 61 24 9 4 1 
44567|Survivor|1: 681 179 69 27 10 4 1 
44569|Survivor|1: 452 152 55 27 10 4 1 
44573|Child_CrossABC2|8: 423 148 58 24 9 4 1 
44583|Child_Avg|39: 411 136 53 24 9 4 1 
44584|Child_Cross12|21: 363 139 49 24 9 4 1 
44585|Child_Cross21|46: 403 131 50 24 9 4 1 
44588|Child_Cross21|2: 422 131 50 24 9 4 1 
44589|Child_Cross21|46: 436 139 49 24 9 4 1 
44591|Child_Cross21|22: 421 131 49 24 9 4 1 
44592|Child_Cross12|57: 423 134 50 24 9 4 1 
44594|Child_Avg|23: 429 133 49 24 9 4 1 
44595|Child_Avg|11: 425 132 49 24 9 4 1 
44596|Child_Cross21|38: 440 136 49 24 9 4 1 
44597|Child_Cross12|45: 426 130 49 24 9 4 1 
44601|Child_Cross21|14: 422 129 49 24 9 4 1 
44605|Child_Avg|55: 427 130 55 24 9 4 1 
44606|Child_Avg|31: 424 129 52 24 9 4 1 
44610|Child_Avg|31: 428 132 49 24 9 4 1 
44619|Child_Cross12|1: 435 130 49 24 9 4 1 
44621|Child_Cross12|33: 427 130 49 24 9 4 1 
44622|Child_Cross12|41: 346 133 49 24 9 4 1 
44627|Child_Cross12|17: 416 129 49 24 9 4 1 
44632|Child_Cross21|14: 418 130 49 24 9 4 1 
44634|Child_Avg|43: 432 133 49 24 9 4 1 
44638|Child_Cross21|50: 417 127 49 24 9 4 1 
44643|Child_Cross21|6: 419 130 49 24 9 4 1 
44644|Child_Cross21|6: 410 130 49 24 9 4 1 
44645|Child_Cross12|45: 418 128 49 24 9 4 1 
44674|Child_CrossABC2|8: 414 131 49 24 9 4 1 
44680|Child_Cross12|1: 415 143 49 24 9 4 1 
44689|Child_Avg|59: 407 132 49 24 9 4 1 
44690|Child_Cross12|45: 408 132 49 24 9 4 1 
44708|Child_CrossABC2|8: 417 129 58 24 9 4 1 
44716|Child_Cross12|45: 409 132 49 24 9 4 1 
44717|Child_Cross12|33: 416 117 49 24 9 4 1 
44732|Survivor|1: 401 161 47 24 9 4 1 
44734|Survivor|1: 412 157 46 24 9 4 1 
44753|Child_Avg|11|Mutated: 389 143 46 24 9 4 1 
44760|Child_Cross12|1: 391 146 43 24 9 4 1 
44822|Survivor|1: 401 138 53 27 10 4 1 
44823|Child_Avg|11: 376 129 52 24 9 4 1 
44824|Child_Avg|47: 387 126 51 23 10 4 1 
44827|Child_Levy|48: 395 134 52 24 9 4 1 
44834|Child_CrossABC2|8: 357 134 50 24 9 4 1 
44839|Child_CrossABC2|8: 346 129 50 24 9 4 1 
44867|Child_Avg|3: 379 133 49 24 9 4 1 
44874|Child_CrossABC2|2: 382 133 56 24 9 4 1 
44876|Child_Cross12|37: 379 131 52 24 9 4 1 
44877|Child_CrossABC1|7: 400 128 49 24 9 4 1 
44882|Child_CrossABC1|7: 389 132 50 24 9 4 1 
44907|Child_Cross21|50: 349 123 43 24 9 4 1 
44930|Child_CrossABC2|2: 363 126 56 24 9 4 1 
45003|Child_Cross12|5: 452 126 43 24 9 4 1 
45008|Survivor|1: 425 127 43 24 9 4 1 
45010|Survivor|1: 299 126 43 24 9 4 1 
45027|Child_CrossABC2|8: 391 119 46 24 9 4 1 
45035|Child_CrossABC1|7: 387 119 46 24 9 4 1 
45036|Child_CrossABC1|7: 390 118 49 24 9 4 1 
45040|Child_Avg|59: 389 108 49 24 9 4 1 
45047|Child_CrossABC2|8: 365 117 49 24 9 4 1 
45048|Child_Cross12|17: 394 117 49 24 9 4 1 
45049|Child_CrossABC1|1: 392 117 49 24 9 4 1 
45057|Survivor|1: 392 118 49 24 9 4 1 
45065|Child_Cross12|29: 407 116 49 24 9 4 1 
45073|Survivor|1: 393 115 49 21 10 4 1 
45076|Child_CrossABC2|2: 399 115 49 21 10 4 1 
45081|Child_CrossABC1|1: 392 124 45 21 10 4 1 
45084|Child_Cross21|26: 417 128 45 21 10 4 1 
45085|Child_CrossABC1|1: 400 128 45 21 10 4 1 
45106|Child_Cross12|17: 410 122 43 20 9 4 1 
45144|Child_Avg|55: 376 136 43 20 9 4 1 
45170|Child_Levy|56: 472 163 56 25 9 4 1 
45174|Survivor|1|Mutated: 449 136 56 21 10 4 1 
45176|Child_CrossABC2|2: 463 130 54 23 10 4 1 
45180|Child_CrossABC2|2: 417 130 54 23 10 4 1 
45183|Survivor|1: 424 130 54 23 10 4 1 
45186|Child_Avg|3: 421 127 54 23 10 4 1 
45188|Child_Cross21|10: 425 126 44 23 10 4 1 
45189|Child_Avg|7|Mutated: 403 128 45 23 10 4 1 
45191|Child_Cross21|58: 396 118 45 23 10 4 1 
45271|Child_Avg|3: 397 143 50 24 9 4 1 
45277|Child_Cross21|58: 426 137 45 21 10 4 1 
45281|Child_CrossABC2|2: 371 138 49 21 10 4 1 
45287|Child_Avg|51: 380 132 46 21 10 4 1 
45294|Survivor|1: 371 134 46 20 9 4 1 
45305|Child_CrossABC1|7: 355 127 43 20 9 4 1 
45309|Survivor|1: 354 127 43 20 9 4 1 
45317|Child_Avg|59: 350 127 43 20 9 4 1 
45332|Survivor|1: 412 127 41 19 10 4 1 
45348|Child_Cross12|49|Mutated: 394 127 41 19 10 4 1 
45358|Child_Cross21|34: 397 127 41 19 10 4 1 
45359|Child_Avg|59: 398 127 41 19 10 4 1 
45420|Child_Cross21|22: 404 130 49 24 9 4 1 
45426|Survivor|1: 403 119 50 24 9 4 1 
45431|Child_Avg|11: 396 117 49 24 9 4 1 
45438|Child_CrossABC2|8: 396 155 49 24 9 4 1 
45442|Child_Avg|7: 420 121 46 24 9 4 1 
45443|Child_Avg|11: 449 134 57 23 10 4 1 
45449|Survivor|1: 423 124 44 19 10 4 1 
45501|Child_Cross12|5: 407 125 41 19 10 4 1 
45517|Child_Cross12|57: 411 118 41 19 10 4 1 
45525|Child_CrossABC2|8: 399 124 44 19 10 4 1 
45594|Survivor|1: 395 120 42 19 10 4 1 
45650|Child_LevyP1|9: 404 133 55 24 9 4 1 
45656|Child_CrossABC2|2: 398 119 53 24 9 4 1 
45661|Survivor|1: 383 117 46 24 9 4 1 
45684|Survivor|1: 405 122 43 24 9 4 1 
45691|Survivor|1: 439 134 58 23 10 4 1 
45697|Child_Cross12|33|Mutated: 389 121 59 24 9 4 1 
45718|Child_Avg|15: 381 146 46 24 9 4 1 
45727|Child_CrossABC2|2: 385 135 55 24 9 4 1 
45744|Survivor|1: 382 139 46 24 9 4 1 
45751|Survivor|1: 360 141 46 24 9 4 1 
45753|Child_LevyABC2|12|Mutated: 357 156 49 24 9 4 1 
45771|Child_CrossABC2|8: 455 138 58 24 9 4 1 
45772|Child_CrossABC2|8|Mutated: 477 150 64 23 10 4 1 
45774|Child_Avg|31: 381 132 50 24 9 4 1 
45778|Child_CrossABC1|7: 379 139 52 24 9 4 1 
45781|Child_Avg|3: 338 129 46 24 9 4 1 
45783|Survivor|1: 365 137 54 23 10 4 1 
45785|Child_CrossABC2|2: 401 124 47 23 10 4 1 
45791|Child_Cross21|22|Mutated: 423 124 47 24 9 4 1 
45792|Child_Avg|43: 435 124 51 23 10 4 1 
45804|Child_Avg|39: 408 129 53 24 11 4 1 
45809|Child_Cross12|57: 425 123 47 23 10 4 1 
45812|Child_Cross12|1: 424 123 47 23 10 4 1 
45814|Child_Avg|11: 449 125 47 23 10 4 1 
45846|Child_Cross21|38: 398 125 43 20 9 4 1 
45896|Survivor|1: 397 118 48 20 9 4 1 
45974|Survivor|1: 388 122 43 20 9 4 1 
45997|Survivor|1: 407 110 43 20 9 4 1 
46006|Survivor|1: 439 141 43 20 9 4 1 
46028|Survivor|1: 352 130 57 23 10 4 1 
46033|Child_CrossABC1|7: 364 130 57 23 10 4 1 
46035|Survivor|1: 359 126 47 23 10 4 1 
46077|Survivor|1: 387 122 46 24 9 4 1 
46100|Survivor|1: 355 125 47 24 9 4 1 
46165|Child_Avg|3: 456 149 57 21 10 4 1 
46169|Survivor|1: 363 117 47 21 10 4 1 
46213|Child_Cross21|30: 371 113 45 21 10 4 1 
46242|Child_Cross12|41: 371 109 41 20 9 4 1 
46245|Child_Cross12|29|Mutated: 364 109 48 20 9 4 1 
46251|Survivor|1|Mutated: 365 108 46 20 9 4 1 
46274|Child_Cross21|14: 375 107 41 20 9 4 1 
46288|Child_Avg|19: 395 107 43 20 9 4 1 
46320|Child_Avg|19: 373 101 43 20 9 4 1 
46380|Survivor|1: 447 134 54 23 10 4 1 
46384|Child_Avg|23: 634 169 61 24 9 4 1 
46391|Child_Avg|39: 599 161 55 24 9 4 1 
46395|Child_CrossABC2|2: 593 162 56 24 9 4 1 
46399|Child_Cross12|37: 432 123 47 24 9 4 1 
46403|Child_Cross12|57: 419 121 47 24 9 4 1 
46406|Survivor|1|Mutated: 395 121 47 24 9 4 1 
46413|Survivor|1: 420 122 47 23 10 4 1 
46414|Child_Cross12|25: 386 125 47 23 10 4 1 
46416|Child_Avg|7: 408 124 47 23 10 4 1 
46438|Survivor|1|Mutated: 388 189 57 23 10 4 1 
46464|Child_Cross12|45: 397 145 47 25 9 4 1 
46467|Child_CrossABC2|2: 394 128 49 24 9 4 1 
46483|Child_LevyABC1|5|Mutated: 374 131 48 21 10 4 1 
46488|Survivor|1: 373 154 46 24 9 4 1 
46498|Child_Cross12|41: 363 127 43 24 9 4 1 
46504|Child_Levy|32: 431 158 63 29 10 4 1 
46515|Child_Cross12|29: 347 132 47 23 10 4 1 
46520|Survivor|1: 413 126 47 24 9 4 1 
46525|Survivor|1: 414 126 47 24 9 4 1 
46528|Child_Levy|52: 412 128 49 24 9 4 1 
46529|Child_Avg|59: 427 124 46 24 9 4 1 
46531|Child_Avg|43: 433 123 46 24 9 4 1 
46567|Child_Levy|56: 397 118 45 23 10 4 1 
46593|Child_CrossABC2|8: 327 132 50 24 9 4 1 
46596|Child_CrossABC2|2: 360 129 49 24 9 4 1 
46603|Child_Cross12|33: 425 122 46 24 9 4 1 
46614|Child_CrossABC1|7|Mutated: 389 133 55 24 9 4 1 
46629|Survivor|1: 420 121 47 24 9 4 1 
46634|Child_Cross21|58: 400 117 43 24 9 4 1 
46651|Child_Levy|16: 398 148 66 24 11 5 1 
46652|Child_Avg|11: 353 109 47 23 10 4 1 
46653|Child_Levy|32: 390 132 58 23 10 4 1 
46658|Child_Cross21|14: 389 129 56 21 10 4 1 
46659|Child_CrossABC1|1: 409 134 58 24 9 4 1 
46660|Child_Cross12|37: 393 129 56 21 10 4 1 
46665|Child_Cross21|14: 399 124 56 21 10 4 1 
46667|Child_Cross21|54: 396 129 50 24 9 4 1 
46689|Child_CrossABC2|8: 357 137 47 24 9 4 1 
46693|Survivor|1: 355 136 50 24 9 4 1 
46694|Child_CrossABC1|7: 325 138 53 24 9 4 1 
46703|Child_CrossABC2|2: 341 142 56 24 9 4 1 
46705|Survivor|1: 328 135 55 24 9 4 1 
46708|Child_CrossABC2|2: 323 134 53 24 9 4 1 
46709|Child_CrossABC2|2: 410 136 59 24 9 4 1 
46716|Child_CrossABC2|2: 382 130 55 24 9 4 1 
46733|Child_Avg|55: 392 131 51 23 10 4 1 
46755|Child_CrossABC2|8: 338 124 49 21 10 4 1 
46759|Child_Avg|7: 347 131 51 25 9 4 1 
46768|Child_Avg|11: 386 134 49 24 9 4 1 
46771|Child_CrossABC2|8: 408 131 50 24 9 4 1 
46773|Child_Cross21|6: 391 128 47 24 9 4 1 
46826|Child_CrossABC1|7: 397 129 56 24 9 4 1 
46844|Survivor|1: 448 142 45 21 10 4 1 
46846|Child_Levy|8: 400 127 43 20 9 4 1 
46876|Child_CrossABC2|2: 382 131 44 24 9 4 1 
46929|Child_Levy|60: 377 115 48 21 10 4 1 
46944|Survivor|1: 353 114 46 20 9 4 1 
46955|Child_CrossABC1|1: 424 145 59 21 10 4 1 
46956|Child_CrossABC2|2: 415 117 49 21 10 4 1 
46961|Child_CrossABC1|1: 404 113 47 21 10 4 1 
46962|Child_CrossABC1|7: 405 115 48 21 10 4 1 
46964|Child_Cross21|22: 410 118 47 21 10 4 1 
46967|Child_CrossABC2|2: 415 117 47 21 10 4 1 
46969|Child_CrossABC1|7: 408 117 47 21 10 4 1 
47014|Child_CrossABC2|8: 368 140 55 24 9 4 1 
47024|Child_CrossABC2|8: 371 143 55 24 9 4 1 
47029|Survivor|1: 370 142 53 24 9 4 1 
47033|Survivor|1: 380 143 52 24 9 4 1 
47034|Child_Avg|35: 367 140 50 24 9 4 1 
47039|Child_CrossABC1|7|Mutated: 363 136 49 24 9 4 1 
47102|Survivor|1: 432 143 55 27 10 4 1 
47139|Child_Avg|15: 460 167 61 24 9 4 1 
47143|Child_Cross12|13: 393 166 58 24 9 4 1 
47147|Child_Cross12|5: 379 136 49 24 9 4 1 
47151|Survivor|1: 436 123 47 24 9 4 1 
47160|Survivor|1: 417 124 46 24 9 4 1 
47163|Child_Cross21|38: 413 113 43 24 9 4 1 
47218|Survivor|1: 349 123 56 24 9 4 1 
47227|Child_CrossABC2|2: 416 128 49 24 9 4 1 
47229|Child_Avg|31: 417 135 46 24 9 4 1 
47269|Child_Avg|11|Mutated: 425 113 59 20 9 4 1 
47280|Child_Cross21|14: 372 117 50 24 9 4 1 
47283|Child_Cross21|18: 366 119 46 24 9 4 1 
47284|Child_CrossABC1|7: 359 117 52 24 9 4 1 
47286|Child_Cross12|49: 359 111 47 24 9 4 1 
47296|Child_CrossABC2|8: 425 124 46 24 9 4 1 
47297|Child_Cross12|53|Mutated: 367 134 53 24 9 4 1 
47306|Survivor|1: 390 129 49 24 9 4 1 
47330|Survivor|1: 408 137 49 24 9 4 1 
47336|Survivor|1: 402 131 56 24 9 4 1 
47338|Child_CrossABC1|1: 400 136 61 24 9 4 1 
47341|Child_Cross21|6: 381 132 58 24 9 4 1 
47342|Child_Cross12|29: 365 127 49 24 9 4 1 
47348|Survivor|1: 364 121 52 24 9 4 1 
47356|Survivor|1: 352 121 46 24 9 4 1 
47371|Survivor|1: 301 114 50 24 9 4 1 
47379|Child_Cross12|13: 305 115 52 19 10 4 1 
47386|Child_Levy|48: 297 111 48 20 9 4 1 
47388|Child_Cross12|13: 304 111 48 20 9 4 1 
47400|Child_Cross21|50: 397 144 49 24 9 4 1 
47419|Child_Levy|28: 399 140 45 23 10 4 1 
47424|Child_LevyP2|4: 465 145 52 24 9 4 1 
47442|Child_Cross12|41: 411 117 41 24 9 4 1 
47466|Survivor|1: 411 116 43 24 9 4 1 
47493|Survivor|1: 394 111 52 24 9 4 1 
47496|Child_Avg|55: 400 113 43 24 9 4 1 
47514|Survivor|1: 387 117 44 24 9 4 1 
47551|Child_CrossABC2|8: 391 114 53 24 9 4 1 
47582|Survivor|1: 393 117 44 24 9 4 1 
47603|Child_Cross12|21: 395 114 40 24 9 4 1 
47621|Survivor|1: 393 114 43 24 9 4 1 
47633|Child_Cross12|21: 383 149 50 24 9 4 1 
47638|Child_Cross21|50: 445 160 50 24 9 4 1 
47643|Child_CrossABC2|8: 441 157 50 24 9 4 1 
47645|Child_Cross12|13: 358 134 47 24 9 4 1 
47649|Child_Cross21|42: 374 145 47 24 9 4 1 
47661|Child_CrossABC1|1: 409 146 46 24 9 4 1 
47709|Child_CrossABC2|8: 365 130 55 24 9 4 1 
47750|Child_Avg|11: 370 121 51 23 10 4 1 
47786|Child_Levy|60: 425 136 49 24 9 4 1 
47787|Child_CrossABC1|1: 403 124 51 23 10 4 1 
47790|Child_Cross21|10: 388 127 47 23 10 4 1 
47792|Survivor|1: 425 128 45 23 10 4 1 
47794|Child_Avg|55: 464 140 58 21 10 4 1 
47801|Child_Avg|51|Mutated: 403 137 60 21 10 4 1 
47802|Child_Avg|51: 414 140 58 21 10 4 1 
47803|Child_Cross21|42: 398 127 49 21 10 4 1 
47805|Child_Avg|55: 455 144 59 21 10 4 1 
47809|Child_Cross12|29: 450 130 48 21 10 4 1 
47811|Child_CrossABC1|7: 501 143 49 21 10 4 1 
47816|Child_Cross12|1: 444 131 46 21 10 4 1 
47819|Survivor|1: 399 120 46 20 9 4 1 
47839|Child_CrossABC1|7: 434 122 43 20 9 4 1 
47841|Child_Avg|11: 421 122 43 20 9 4 1 
47896|Survivor|1: 442 168 49 24 9 4 1 
47912|Survivor|1: 445 159 51 23 10 4 1 
47915|Survivor|1: 380 156 47 23 10 4 1 
47927|Child_CrossABC1|7: 417 144 47 23 10 4 1 
47945|Child_Avg|51: 404 149 44 24 9 4 1 
47954|Child_CrossABC2|8: 351 131 52 24 9 4 1 
47959|Survivor|1: 369 122 46 21 10 4 1 
47967|Survivor|1: 364 117 43 19 10 4 1 
47992|Child_Avg|15: 387 139 45 21 10 4 1 
47998|Child_Avg|43: 347 127 43 20 9 4 1 
48007|Child_CrossABC1|1: 341 125 43 20 9 4 1 
48031|Child_Cross21|54: 352 127 43 20 9 4 1 
48048|Child_Cross12|57: 391 127 43 20 9 4 1 
48080|Survivor|1: 384 131 46 20 9 4 1 
48114|Child_Avg|51|Mutated: 383 118 44 19 10 4 1 
48123|Child_Avg|31|Mutated: 378 113 46 20 9 4 1 
48132|Survivor|1: 376 113 46 20 9 4 1 
48141|Child_CrossABC2|2: 417 113 46 20 9 4 1 
48142|Child_Avg|39: 377 113 46 20 9 4 1 
48148|Child_CrossABC1|1: 375 113 46 20 9 4 1 
48149|Child_CrossABC2|2: 382 113 46 20 9 4 1 
48152|Child_Cross21|6: 371 113 46 20 9 4 1 
48165|Child_Avg|7: 395 111 43 20 9 4 1 
48189|Child_Cross21|22|Mutated: 392 109 48 20 9 4 1 
48233|Child_Avg|39: 536 161 61 29 9 4 1 
48238|Child_Avg|35: 567 159 58 24 9 4 1 
48243|Child_Avg|15: 417 136 50 24 9 4 1 
48244|Child_Cross12|37: 406 135 49 21 10 4 1 
48251|Child_CrossABC1|1: 441 127 49 24 9 4 1 
48260|Child_CrossABC1|7: 409 126 56 24 9 4 1 
48281|Survivor|1: 387 139 46 20 9 4 1 
48307|Child_CrossABC1|1: 348 127 43 20 9 4 1 
48318|Survivor|1: 355 119 52 20 9 4 1 
48336|Child_Avg|11: 428 136 47 23 10 4 1 
48347|Child_Cross21|26: 353 137 47 23 10 4 1 
48351|Child_Cross21|42: 447 121 46 24 9 4 1 
48433|Child_CrossABC2|8: 399 111 55 24 9 4 1 
48447|Child_Cross12|5: 413 117 49 24 9 4 1 
48451|Child_CrossABC2|8: 425 114 58 24 9 4 1 
48455|Survivor|1: 397 121 47 24 9 4 1 
48467|Child_CrossABC2|8: 396 121 52 24 9 4 1 
48471|Child_Avg|19: 401 122 52 24 9 4 1 
48472|Child_Avg|19: 400 121 50 24 9 4 1 
48491|Survivor|1: 375 136 56 25 9 4 1 
48501|Survivor|1: 449 136 56 25 9 4 1 
48509|Child_Levy|40|Mutated: 440 159 55 24 9 4 1 
48515|Child_Levy|4: 386 124 47 24 9 4 1 
48520|Child_Cross21|54: 410 123 47 21 10 4 1 
48553|Child_Avg|31: 450 132 59 20 9 4 1 
48575|Child_CrossABC1|7: 426 125 41 19 10 4 1 
48583|Survivor|1: 458 124 49 21 10 4 1 
48663|Survivor|1: 448 123 48 20 9 4 1 
48667|Child_Avg|11|Mutated: 547 177 67 21 10 4 1 
48698|Child_LevyP1|9: 596 169 59 24 9 4 1 
48700|Child_Cross21|18: 404 163 46 24 9 4 1 
48703|Survivor|1: 450 167 53 24 9 4 1 
48705|Child_Avg|59: 431 160 50 24 9 4 1 
48713|Child_Avg|51: 389 144 46 24 9 4 1 
48716|Child_Levy|24: 374 136 45 21 10 4 1 
48732|Child_CrossABC2|2: 401 129 53 25 9 4 1 
48739|Child_Avg|27: 402 129 44 24 9 4 1 
48762|Survivor|1: 481 156 59 24 9 4 1 
48773|Child_CrossABC2|2: 413 117 46 24 9 4 1 
48784|Survivor|1: 383 121 45 23 10 4 1 
48789|Survivor|1: 383 114 51 23 10 4 1 
48876|Child_CrossABC2|8: 375 127 47 23 10 4 1 
48882|Survivor|1: 372 117 45 19 10 4 1 
48904|Child_Cross12|5|Mutated: 363 115 44 19 10 4 1 
48908|Child_CrossABC1|1: 365 115 44 19 10 4 1 
48941|Child_CrossABC2|8|Mutated: 419 115 44 19 10 4 1 
48949|Child_Avg|31: 406 125 41 19 10 4 1 
49001|Child_Avg|47: 398 122 41 19 10 4 1 
49073|Child_Cross12|41: 299 122 57 21 10 4 1 
49079|Child_Avg|43: 360 139 48 20 9 4 1 
49087|Child_CrossABC1|1: 391 124 43 20 9 4 1 
49134|Child_Avg|11: 419 124 43 20 9 4 1 
49136|Child_Cross21|18: 426 124 43 20 9 4 1 
49194|Survivor|1: 451 121 43 20 9 4 1 
49208|Child_CrossABC1|1: 437 122 43 20 9 4 1 
49213|Survivor|1: 430 122 43 20 9 4 1 
49223|Child_CrossABC1|1: 428 125 43 20 9 4 1 
49238|Survivor|1: 421 123 55 20 9 4 1 
49250|Survivor|1: 350 134 59 24 9 4 1 
49260|Child_CrossABC2|8: 411 127 52 24 9 4 1 
49316|Child_Cross21|10: 383 129 55 24 9 4 1 
49321|Survivor|1: 383 133 62 24 9 4 1 
49336|Survivor|1: 355 110 48 21 10 4 1 
49338|Child_Cross12|13: 413 113 47 21 10 4 1 
49349|Survivor|1: 317 118 45 21 10 4 1 
49356|Survivor|1: 281 114 46 20 9 4 1 
49371|Child_Avg|3: 390 143 47 25 9 4 1 
49390|Survivor|1: 383 152 46 24 9 4 1 
49448|Child_Cross12|33: 379 108 49 24 9 4 1 
49468|Child_CrossABC2|2: 352 129 55 24 9 4 1 
49477|Child_Cross21|18: 372 125 47 24 9 4 1 
49499|Child_CrossABC1|1: 428 131 50 24 9 4 1 
49530|Survivor|1: 401 110 50 24 9 4 1 
49534|Child_CrossABC2|8: 403 136 50 24 9 4 1 
49536|Child_CrossABC2|2|Mutated: 333 135 48 23 10 4 1 
49537|Child_Avg|43: 429 132 49 24 9 4 1 
49545|Survivor|1: 444 126 43 24 9 4 1 
49548|Survivor|1: 434 125 47 24 9 4 1 
49589|Survivor|1: 590 154 53 27 10 4 1 
49605|Survivor|1: 417 122 46 24 9 4 1 
49623|Child_CrossABC2|8: 408 135 58 23 10 4 1 
49627|Survivor|1|Mutated: 453 135 58 23 10 4 1 
49666|Survivor|1: 428 151 51 19 10 4 1 
49668|Child_Cross12|17: 396 136 48 23 10 4 1 
49672|Survivor|1: 388 158 48 23 10 4 1 
49673|Child_CrossABC1|7: 367 170 52 20 9 4 1 
49680|Child_Avg|55: 397 122 39 20 9 4 1 
49686|Survivor|1: 428 136 48 21 10 4 1 
49698|Survivor|1: 373 116 43 20 9 4 1 
49708|Survivor|1: 398 135 48 21 10 4 1 
49717|Child_CrossABC2|2: 401 126 45 21 10 4 1 
49721|Child_Cross21|2: 386 121 45 21 10 4 1 
49723|Child_CrossABC1|7: 415 133 45 21 10 4 1 
49727|Child_CrossABC1|1: 429 124 43 20 9 4 1 
49745|Child_Cross12|21: 423 125 43 20 9 4 1 
49785|Child_Avg|27: 386 122 54 19 10 4 1 
49802|Survivor|1: 397 119 45 19 10 4 1 
49814|Survivor|1: 398 122 52 24 9 4 1 
49816|Child_CrossABC1|7: 402 122 59 24 9 4 1 
49822|Child_Cross21|22: 409 123 55 24 9 4 1 
49831|Child_CrossABC2|8: 395 121 55 24 9 4 1 
49869|Survivor|1: 402 125 47 24 9 4 1 
49872|Survivor|1: 403 123 44 23 10 4 1 
49876|Child_CrossABC1|7: 408 122 48 23 10 4 1 
49886|Child_CrossABC2|8: 393 143 44 24 9 4 1 
49907|Survivor|1: 410 158 55 21 10 4 1 
49916|Child_Cross21|2: 398 119 48 21 10 4 1 
49923|Child_CrossABC2|8: 392 118 47 21 10 4 1 
49927|Child_CrossABC2|2: 392 133 47 21 10 4 1 
49930|Child_CrossABC2|2: 393 136 49 21 10 4 1 
49932|Child_CrossABC1|7: 393 142 57 21 10 4 1 
49947|Survivor|1: 390 119 45 21 10 4 1 
49950|Survivor|1: 373 118 47 21 10 4 1 
49991|Survivor|1: 364 147 43 20 9 4 1 
49997|Child_Avg|11: 367 171 68 24 9 4 1 
50005|Survivor|1: 455 145 50 24 9 4 1 
50010|Child_Cross12|21: 329 140 50 24 9 4 1 
50011|Child_CrossABC2|2: 387 140 61 24 9 4 1 
50018|Child_Cross12|33: 378 135 59 24 9 4 1 
50019|Child_CrossABC2|8: 389 144 55 24 9 4 1 
50051|Child_Cross21|54: 385 134 49 24 9 4 1 
50091|Child_CrossABC1|7: 397 153 46 24 9 4 1 
50092|Child_Avg|31: 423 145 62 24 9 4 1 
50093|Child_Avg|31: 379 146 46 24 9 4 1 
50095|Survivor|1: 413 139 49 24 9 4 1 
50098|Child_Cross21|34: 386 143 45 23 10 4 1 
50102|Survivor|1: 438 139 49 24 9 4 1 
50106|Child_CrossABC2|2: 408 143 46 24 9 4 1 
50110|Child_CrossABC1|7: 386 133 46 24 9 4 1 
50126|Survivor|1: 526 174 57 23 10 4 1 
50127|Child_Avg|31: 459 154 49 24 9 4 1 
50133|Child_CrossABC1|7: 462 148 53 24 9 4 1 
50135|Child_CrossABC2|8: 457 160 53 24 9 4 1 
50144|Child_Avg|11: 463 170 56 24 9 4 1 
50151|Child_CrossABC1|1: 414 152 59 24 9 4 1 
50160|Child_Avg|43: 595 151 65 24 11 4 1 
50161|Child_Cross21|6: 398 143 53 24 9 4 1 
50166|Child_Cross21|42|Mutated: 583 169 55 24 9 4 1 
50172|Child_Cross12|41: 358 135 50 24 9 4 1 
50183|Child_CrossABC2|2: 398 145 50 24 9 4 1 
50186|Survivor|1: 396 145 50 24 9 4 1 
50215|Survivor|1: 386 135 47 23 10 4 1 
50225|Child_Cross21|2: 394 145 43 24 9 4 1 
50231|Child_Cross12|5: 393 137 43 24 9 4 1 
50247|Child_Avg|15: 393 145 43 24 9 4 1 
50253|Child_Cross21|34: 404 145 43 24 9 4 1 
50255|Child_Avg|35: 398 141 43 24 9 4 1 
50295|Child_CrossABC1|1: 447 181 57 23 10 4 1 
50305|Survivor|1: 393 150 46 24 9 4 1 
50340|Child_Avg|31: 439 132 52 23 10 4 1 
50345|Survivor|1: 400 128 50 23 10 4 1 
50351|Child_Cross12|5: 399 134 47 23 10 4 1 
50353|Child_CrossABC2|2: 409 129 51 23 10 4 1 
50354|Child_CrossABC2|2: 405 134 51 23 10 4 1 
50358|Child_Avg|35: 424 124 47 23 10 4 1 
50363|Survivor|1: 407 127 45 23 10 4 1 
50376|Survivor|1: 404 128 45 23 10 4 1 
50380|Child_LevyABC2|6: 421 132 59 20 9 4 1 
50384|Child_CrossABC1|1: 426 130 57 20 9 4 1 
50411|Child_LevyABC2|6: 313 114 48 21 10 4 1 
50423|Survivor|1: 384 101 46 21 10 4 1 
50429|Survivor|1: 379 115 50 21 10 4 1 
50432|Child_Cross21|10: 381 115 45 21 10 4 1 
50440|Survivor|1: 382 109 45 21 10 4 1 
50468|Child_Avg|23: 385 106 46 24 9 4 1 
50473|Child_CrossABC1|1|Mutated: 365 117 53 24 9 4 1 
50481|Child_Avg|51|Mutated: 368 118 49 24 9 4 1 
50496|Child_Cross21|10|Mutated: 373 116 46 20 9 4 1 
50520|Survivor|1: 371 116 46 20 9 4 1 
50542|Child_Cross21|46|Mutated: 393 116 41 19 10 4 1 
50632|Child_Levy|28: 610 163 64 28 11 4 1 
50639|Survivor|1: 476 137 53 27 10 4 1 
50646|Child_CrossABC1|7: 409 166 54 24 11 4 1 
50656|Child_CrossABC1|7: 421 135 47 23 10 4 1 
50657|Child_Cross21|58|Mutated: 416 132 51 19 10 4 1 
50664|Child_Avg|15: 417 116 46 20 9 4 1 
50673|Child_CrossABC1|1: 442 121 43 20 9 4 1 
50679|Child_Avg|39: 433 116 46 20 9 4 1 
50690|Child_Cross21|14: 427 128 46 20 9 4 1 
50696|Survivor|1: 591 182 54 19 10 4 1 
50723|Child_CrossABC1|1: 402 113 43 19 10 4 1 
50733|Survivor|1: 389 108 41 19 10 4 1 
50736|Child_Avg|55: 396 115 44 19 10 4 1 
50743|Survivor|1: 398 115 44 19 10 4 1 
50768|Child_Avg|35|Mutated: 395 108 43 19 10 4 1 
50776|Child_CrossABC2|8: 396 110 42 19 10 4 1 
50793|Survivor|1: 397 116 41 19 10 4 1 
50806|Child_Avg|23: 375 115 48 21 10 4 1 
50818|Survivor|1: 376 113 45 21 10 4 1 
50833|Survivor|1: 363 114 43 20 9 4 1 
50839|Survivor|1: 391 114 43 20 9 4 1 
50852|Survivor|1: 407 116 46 20 9 4 1 
50879|Survivor|1: 449 171 53 25 9 4 1 
50881|Child_Avg|35: 410 135 50 24 9 4 1 
50883|Survivor|1: 409 131 47 23 10 4 1 
50886|Child_CrossABC2|8: 422 131 48 23 10 4 1 
50887|Child_CrossABC2|8: 408 130 47 24 9 4 1 
50895|Child_CrossABC1|1: 421 121 47 24 9 4 1 
50898|Child_Avg|7: 401 128 46 24 9 4 1 
50907|Child_CrossABC1|7: 395 136 47 24 9 4 1 
50920|Survivor|1: 394 113 46 24 9 4 1 
50933|Survivor|1: 394 117 41 24 9 4 1 
51005|Child_CrossABC1|7: 421 121 50 24 9 4 1 
51053|Survivor|1: 418 119 49 23 8 3 1 
51058|Survivor|1: 422 114 53 24 9 4 1 
51061|Child_Cross21|38: 418 117 41 24 9 4 1 
51085|Child_Cross12|53: 410 119 41 24 9 4 1 
51100|Survivor|1: 402 119 44 24 9 4 1 
51110|Survivor|1: 415 119 46 24 9 4 1 
51143|Child_Cross21|26|Mutated: 412 129 51 19 10 4 1 
51150|Child_Cross12|49: 408 122 50 19 10 4 1 
51176|Survivor|1: 400 118 45 20 9 4 1 
51184|Survivor|1: 385 112 43 19 10 4 1 
51192|Survivor|1: 386 117 43 19 10 4 1 
51197|Survivor|1: 388 117 43 19 10 4 1 
51243|Survivor|1: 545 175 53 24 9 4 1 
51246|Survivor|1: 425 116 49 24 9 4 1 
51287|Survivor|1: 344 127 54 23 10 4 1 
51293|Child_Cross12|9|Mutated: 364 153 54 23 10 4 1 
51294|Child_Cross21|18: 388 157 47 23 10 4 1 
51301|Child_CrossABC2|2: 390 151 47 24 9 4 1 
51305|Child_Cross12|5: 379 136 47 23 10 4 1 
51308|Child_Cross21|50: 374 149 47 23 10 4 1 
51311|Child_Cross12|1: 352 136 47 23 10 4 1 
51313|Child_Cross12|13: 371 146 47 23 10 4 1 
51314|Child_Cross12|5: 375 136 47 23 10 4 1 
51317|Child_Cross12|13: 374 145 47 23 10 4 1 
51321|Child_Cross12|33|Mutated: 375 146 47 23 10 4 1 
51322|Child_Cross21|18: 372 145 47 23 10 4 1 
51326|Child_Cross12|9: 377 136 47 23 10 4 1 
51330|Child_Cross21|38: 373 145 47 23 10 4 1 
51333|Child_Cross21|18|Mutated: 372 145 54 23 10 4 1 
51337|Child_CrossABC1|1: 374 146 47 23 10 4 1 
51341|Child_Avg|7: 372 146 47 23 10 4 1 
51343|Child_Cross21|50: 371 149 47 23 10 4 1 
51348|Child_Avg|35: 371 145 47 23 10 4 1 
51360|Child_Cross12|5: 364 149 47 23 10 4 1 
51372|Child_Cross12|21: 373 146 47 23 10 4 1 
51378|Child_Cross12|33: 375 145 47 23 10 4 1 
51390|Child_CrossABC2|2: 367 145 47 23 10 4 1 
51406|Child_Cross12|33: 372 125 47 23 10 4 1 
51407|Child_Avg|47: 370 145 47 23 10 4 1 
51409|Child_Cross21|22: 370 146 47 23 10 4 1 
51418|Child_Cross21|58: 374 147 47 23 10 4 1 
51440|Child_Cross12|5: 396 145 47 23 10 4 1 
51452|Child_Cross21|30: 371 148 47 23 10 4 1 
51467|Child_Cross21|6: 393 145 47 23 10 4 1 
51479|Child_Levy|8: 371 146 46 24 9 4 1 
51480|Child_Cross12|37: 377 145 47 23 10 4 1 
51489|Child_Avg|23: 389 149 47 23 10 4 1 
51502|Child_Cross12|17: 402 145 47 23 10 4 1 
51506|Child_Avg|31: 372 149 47 23 10 4 1 
51512|Child_Cross21|34: 395 145 47 23 10 4 1 
51517|Child_Cross12|37|Mutated: 372 145 57 23 10 4 1 
51522|Child_Cross12|5: 395 149 47 23 10 4 1 
51526|Child_CrossABC1|7: 373 144 47 23 10 4 1 
51527|Child_Cross12|5: 385 148 47 23 10 4 1 
51528|Child_Avg|35: 378 146 47 23 10 4 1 
51542|Child_Cross12|45: 417 145 47 23 10 4 1 
51562|Child_Cross21|6: 398 145 47 23 10 4 1 
51603|Child_CrossABC1|7|Mutated: 371 145 57 23 10 4 1 
51640|Child_CrossABC1|7: 411 154 45 23 10 4 1 
51647|Child_CrossABC2|2: 395 146 44 23 10 4 1 
51649|Child_CrossABC2|8: 396 140 44 23 10 4 1 
51654|Child_Avg|31|Mutated: 408 156 43 24 9 4 1 
51657|Child_Cross12|37: 406 141 44 23 10 4 1 
51666|Child_Cross12|25: 400 140 44 23 10 4 1 
51672|Child_Cross12|9: 409 146 44 23 10 4 1 
51682|Child_Cross21|34: 400 139 44 23 10 4 1 
51685|Child_Cross21|58|Mutated: 398 140 49 25 10 4 1 
51690|Child_Cross21|34: 398 146 44 23 10 4 1 
51698|Child_Cross12|57: 399 148 44 23 10 4 1 
51728|Child_Avg|7: 397 139 44 23 10 4 1 
51731|Child_Cross12|5: 402 139 44 23 10 4 1 
51747|Child_Avg|19: 390 140 44 23 10 4 1 
51759|Survivor|1: 393 139 44 23 10 4 1 
51764|Child_Cross12|37: 394 138 44 23 10 4 1 
51779|Child_Cross21|26|Mutated: 395 139 51 19 10 4 1 
51786|Child_Cross12|13: 395 139 44 23 10 4 1 
51788|Child_Avg|11: 396 149 47 23 10 4 1 
51813|Survivor|1: 401 141 44 23 10 4 1 
51832|Child_Avg|47: 398 120 44 23 10 4 1 
51848|Survivor|1: 401 120 44 23 10 4 1 
51875|Child_LevyP1|9: 397 111 46 24 9 4 1 
51909|Child_Cross21|42: 379 116 41 19 10 4 1 
51936|Child_Avg|43: 409 141 52 24 9 4 1 
51947|Child_Cross21|18: 383 132 50 24 9 4 1 
51950|Child_Cross12|53: 419 135 46 24 9 4 1 
51956|Child_Cross12|41: 439 137 43 24 9 4 1 
51962|Child_Cross21|54: 411 128 43 24 9 4 1 
51982|Child_CrossABC1|1: 441 174 61 23 10 4 1 
51991|Child_CrossABC2|8: 405 169 55 24 9 4 1 
51997|Survivor|1: 398 169 55 24 9 4 1 
52002|Survivor|1: 460 145 59 24 9 4 1 
52015|Child_CrossABC2|8: 402 128 53 24 9 4 1 
52019|Child_CrossABC1|1: 403 129 52 24 9 4 1 
52021|Child_Avg|7: 388 129 50 24 9 4 1 
52022|Child_Cross21|58: 413 136 49 24 9 4 1 
52025|Child_Cross12|53: 367 139 53 24 9 4 1 
52038|Child_CrossABC2|2: 364 137 53 24 9 4 1 
52040|Child_Cross12|13: 314 126 49 24 9 4 1 
52049|Child_CrossABC1|7: 357 133 55 24 9 4 1 
52068|Child_Avg|47: 392 147 56 25 9 4 1 
52078|Survivor|1: 405 141 56 25 9 4 1 
52083|Child_Avg|15: 375 111 49 24 9 4 1 
52084|Child_CrossABC2|8: 382 148 59 24 9 4 1 
52088|Child_Cross21|18: 389 119 46 24 9 4 1 
52161|Child_Cross21|30: 336 130 43 20 9 4 1 
52178|Child_Avg|23: 374 112 47 21 10 4 1 
52183|Child_CrossABC2|8: 391 115 50 21 10 4 1 
52191|Survivor|1: 381 116 46 20 9 4 1 
52206|Child_CrossABC2|8: 360 107 46 20 9 4 1 
52229|Survivor|1: 360 110 43 20 9 4 1 
52236|Survivor|1: 395 121 52 24 9 4 1 
52242|Child_CrossABC1|1: 404 120 56 21 10 4 1 
52260|Child_CrossABC1|1: 361 124 43 20 9 4 1 
52289|Child_Cross21|14: 363 118 41 19 10 4 1 
52294|Child_Cross12|13: 363 125 41 19 10 4 1 
52298|Child_Avg|7: 374 115 42 19 10 4 1 
52301|Child_Cross12|21: 364 109 41 19 10 4 1 
52305|Child_Cross12|29: 391 128 41 19 10 4 1 
52311|Child_CrossABC1|1: 415 106 41 19 10 4 1 
52342|Survivor|1: 376 115 41 19 10 4 1 
52351|Child_LevyP2|4: 381 108 46 24 9 4 1 
52356|Child_CrossABC1|1: 391 108 46 24 9 4 1 
52384|Survivor|1: 394 141 50 23 10 4 1 
52394|Survivor|1: 400 146 47 24 9 4 1 
52398|Survivor|1: 396 114 49 24 9 4 1 
52428|Child_Avg|35: 431 123 44 23 10 4 1 
52448|Survivor|1: 415 172 60 23 10 4 1 
52457|Survivor|1: 458 130 58 23 10 4 1 
52461|Child_Avg|23: 419 141 49 24 9 4 1 
52462|Child_CrossABC1|1: 399 142 48 20 9 4 1 
52464|Child_Cross21|2|Mutated: 446 141 52 24 9 4 1 
52479|Child_Avg|47: 390 135 46 24 9 4 1 
52500|Survivor|1: 454 142 43 24 9 4 1 
52530|Child_Cross21|6: 391 145 43 24 9 4 1 
52538|Child_CrossABC1|7: 393 137 53 24 9 4 1 
52573|Survivor|1: 486 146 58 23 10 4 1 
52576|Child_Levy|44: 403 132 50 24 9 4 1 
52580|Child_CrossABC1|7: 385 115 44 19 10 4 1 
52584|Child_CrossABC1|7: 317 135 48 23 10 4 1 
52592|Child_CrossABC2|8: 364 124 43 20 9 4 1 
52595|Child_CrossABC1|7: 420 121 43 20 9 4 1 
52599|Child_Cross12|13: 350 121 43 20 9 4 1 
52621|Child_Cross12|9|Mutated: 462 139 52 20 9 4 1 
52628|Survivor|1: 396 121 52 20 9 4 1 
52662|Child_Cross21|10|Mutated: 354 107 43 20 9 4 1 
52666|Child_Avg|7: 441 128 53 24 9 4 1 
52667|Child_Avg|31: 392 133 44 24 9 4 1 
52687|Survivor|1: 384 138 48 23 10 4 1 
52714|Survivor|1: 364 114 43 24 9 4 1 
52746|Survivor|1: 456 137 49 24 9 4 1 
52751|Survivor|1: 496 134 51 23 10 4 1 
52755|Child_Avg|55: 456 131 51 25 9 4 1 
52767|Child_CrossABC1|1: 566 149 59 27 10 4 1 
52772|Survivor|1: 466 159 55 27 10 4 1 
52777|Child_CrossABC2|2: 467 159 55 27 10 4 1 
52779|Child_Cross21|30: 463 159 55 27 10 4 1 
52781|Child_CrossABC1|1: 468 159 55 27 10 4 1 
52782|Child_CrossABC2|8: 464 159 55 27 10 4 1 
52785|Child_CrossABC2|2: 459 159 55 27 10 4 1 
52787|Child_CrossABC2|8: 469 159 55 27 10 4 1 
52793|Survivor|1: 458 159 55 27 10 4 1 
52795|Child_CrossABC2|2: 453 159 55 27 10 4 1 
52796|Child_CrossABC1|7: 397 159 55 27 10 4 1 
52819|Survivor|1: 427 145 52 27 10 4 1 
52835|Child_CrossABC1|7: 396 131 47 24 9 4 1 
52838|Child_Cross21|2: 373 135 46 24 9 4 1 
52846|Child_Avg|11: 403 132 46 24 9 4 1 
52887|Survivor|1: 313 129 56 21 10 4 1 
52893|Child_CrossABC2|2: 399 146 52 24 9 4 1 
52946|Survivor|1: 456 134 45 21 10 4 1 
52952|Child_CrossABC1|1: 449 134 46 20 9 4 1 
52970|Child_Cross21|22: 411 131 43 19 10 4 1 
52983|Child_Levy|28: 374 107 49 21 10 4 1 
53002|Survivor|1: 515 137 49 21 10 4 1 
53033|Child_Cross21|38: 399 108 41 19 10 4 1 
53081|Survivor|1|Mutated: 384 103 43 19 10 4 1 
53090|Survivor|1: 385 105 41 19 10 4 1 
53119|Survivor|1: 381 107 45 19 10 4 1 
53123|Child_CrossABC2|2: 381 106 45 19 10 4 1 
53129|Survivor|1: 369 105 41 19 10 4 1 
53131|Child_Avg|59: 412 134 57 23 10 4 1 
53140|Child_Avg|47: 437 136 49 24 9 4 1 
53141|Child_CrossABC1|7|Mutated: 382 164 57 23 10 4 1 
53144|Child_CrossABC2|8: 388 130 57 23 10 4 1 
53161|Child_CrossABC2|8: 467 135 47 23 10 4 1 
53187|Child_Cross12|37|Mutated: 399 141 45 23 10 4 1 
53196|Child_Avg|19: 363 130 46 24 9 4 1 
53203|Survivor|1: 363 149 47 24 9 4 1 
53222|Child_CrossABC1|7: 354 146 47 23 10 4 1 
53230|Child_Cross12|9: 349 138 64 24 9 4 1 
53232|Child_CrossABC1|1: 361 140 50 24 9 4 1 
53233|Child_CrossABC1|1: 361 129 51 23 10 4 1 
53241|Child_Avg|27: 384 142 49 24 9 4 1 
53249|Survivor|1: 360 129 55 24 9 4 1 
53256|Survivor|1: 404 137 47 24 9 4 1 
53269|Survivor|1|Mutated: 372 145 47 24 9 4 1 
53284|Child_Cross12|5: 358 145 43 24 9 4 1 
53304|Survivor|1: 364 145 43 24 9 4 1 
53355|Child_Levy|16: 382 153 56 27 10 4 1 
53366|Child_CrossABC2|8: 385 122 54 23 10 4 1 
53372|Survivor|1: 368 133 52 24 9 4 1 
53379|Child_CrossABC1|7: 379 132 50 24 9 4 1 
53392|Child_CrossABC1|1: 375 134 52 24 9 4 1 
53393|Child_CrossABC1|7: 375 138 52 24 9 4 1 
53395|Child_Cross12|49: 369 134 50 24 9 4 1 
53402|Child_CrossABC2|8|Mutated: 359 129 58 24 9 4 1 
53403|Child_CrossABC1|7: 366 136 49 24 9 4 1 
53404|Child_CrossABC2|8: 392 143 46 24 9 4 1 
53411|Survivor|1: 405 145 46 24 9 4 1 
53423|Survivor|1|Mutated: 391 135 44 24 9 4 1 
53500|Child_CrossABC2|8: 398 117 49 24 9 4 1 
53509|Survivor|1: 397 117 50 24 9 4 1 
53512|Survivor|1|Mutated: 397 140 50 24 9 4 1 
53523|Child_CrossABC1|7: 401 139 59 24 9 4 1 
53528|Survivor|1: 396 144 47 24 9 4 1 
53531|Child_LevyABC1|5: 389 154 46 24 9 4 1 
53569|Child_Levy|12|Mutated: 390 137 51 19 10 4 1 
53574|Survivor|1: 390 145 51 19 10 4 1 
53604|Survivor|1: 411 125 44 21 10 4 1 
53660|Survivor|1|Mutated: 427 121 47 24 9 4 1 
53661|Child_CrossABC2|2: 440 124 47 24 9 4 1 
53664|Survivor|1: 427 125 47 24 9 4 1 
53676|Child_Cross21|46: 422 126 43 24 9 4 1 
53679|Survivor|1: 359 145 46 24 9 4 1 
53722|Survivor|1: 407 123 46 24 9 4 1 
53726|Child_CrossABC1|7: 405 123 52 24 9 4 1 
53733|Child_CrossABC1|1: 411 123 46 24 9 4 1 
53764|Child_CrossABC2|8: 400 114 47 24 9 4 1 
53790|Survivor|1: 422 120 45 23 10 4 1 
53793|Child_Levy|4: 420 144 57 23 10 4 1 
53822|Child_CrossABC2|8: 406 112 47 23 10 4 1 
53892|Survivor|1: 484 186 61 19 10 4 1 
53893|Child_CrossABC1|7: 376 146 47 23 10 4 1 
53902|Survivor|1: 386 141 45 23 10 4 1 
53908|Survivor|1: 384 133 43 20 9 4 1 
53918|Survivor|1: 394 125 45 21 10 4 1 
53960|Child_Avg|15: 391 134 50 24 9 4 1 
53973|Child_CrossABC1|1: 407 157 49 24 9 4 1 
53979|Survivor|1: 402 159 50 24 9 4 1 
53980|Child_Levy|16: 394 157 49 24 9 4 1 
53998|Survivor|1: 388 149 47 24 9 4 1 
54002|Survivor|1: 391 150 49 24 9 4 1 
54022|Child_Avg|7: 357 141 43 24 9 4 1 
54045|Child_Cross21|26: 367 137 43 24 9 4 1 
54054|Child_Cross12|13: 359 137 43 24 9 4 1 
54081|Child_Cross21|38: 359 133 43 24 9 4 1 
54100|Child_Avg|51: 375 113 44 24 9 4 1 
54101|Child_Avg|27: 466 161 49 24 9 4 1 
54111|Survivor|1: 405 149 44 24 9 4 1 
54116|Survivor|1: 413 152 59 24 9 4 1 
54117|Child_CrossABC2|8: 413 156 59 24 9 4 1 
54120|Child_Cross12|1: 397 145 50 24 9 4 1 
54123|Child_Avg|51: 377 136 45 21 10 4 1 
54126|Child_Cross21|50: 348 136 45 21 10 4 1 
54131|Survivor|1: 352 133 42 19 10 4 1 
54136|Survivor|1|Mutated: 461 170 63 27 10 4 1 
54139|Child_Avg|55: 400 147 52 24 9 4 1 
54142|Child_Avg|55: 396 137 53 24 9 4 1 
54144|Survivor|1: 409 157 52 24 9 4 1 
54145|Child_Cross12|45: 404 141 52 24 9 4 1 
54146|Child_Cross12|21: 393 135 52 24 9 4 1 
54172|Survivor|1: 380 133 47 23 10 4 1 
54174|Survivor|1: 397 127 47 23 10 4 1 
54203|Survivor|1: 356 121 43 20 9 4 1 
54234|Child_Cross21|22: 382 109 44 24 9 4 1 
54241|Child_Cross21|6: 373 136 43 24 9 4 1 
54274|Survivor|1: 379 149 55 24 9 4 1 
54282|Survivor|1: 427 171 53 24 11 5 1 
54286|Child_CrossABC2|8: 420 135 48 23 10 4 1 
54302|Child_CrossABC2|2: 387 149 47 23 10 4 1 
54308|Child_Cross21|38: 397 149 47 23 10 4 1 
54310|Child_Cross21|42: 390 149 47 23 10 4 1 
54311|Child_Cross12|45: 388 149 47 23 10 4 1 
54319|Child_CrossABC2|8: 419 149 47 23 10 4 1 
54323|Child_Cross12|33: 387 148 47 23 10 4 1 
54325|Child_CrossABC2|2: 379 148 47 23 10 4 1 
54330|Survivor|1: 381 144 45 23 10 4 1 
54334|Survivor|1: 461 132 58 24 9 4 1 
54338|Survivor|1: 427 118 50 24 9 4 1 
54345|Child_Avg|3: 378 103 53 24 9 4 1 
54353|Survivor|1: 382 143 55 29 9 4 1 
54355|Child_LevyP1|3: 374 142 67 24 9 4 1 
54357|Child_Avg|51: 385 130 55 24 9 4 1 
54362|Survivor|1: 397 126 52 24 9 4 1 
54370|Child_CrossABC2|2: 317 135 52 24 9 4 1 
54374|Child_Avg|7|Mutated: 390 131 50 24 9 4 1 
54427|Child_Avg|43: 397 122 47 24 9 4 1 
54435|Child_Avg|7: 538 154 59 27 10 4 1 
54436|Child_CrossABC1|1: 486 159 58 24 9 4 1 
54438|Child_Cross21|18: 539 153 58 24 9 4 1 
54444|Child_Avg|23: 452 143 53 24 9 4 1 
54445|Child_Avg|39: 387 135 52 24 9 4 1 
54448|Child_Avg|59: 346 130 49 24 9 4 1 
54449|Child_CrossABC2|2: 452 132 49 24 9 4 1 
54452|Child_Cross21|46: 418 142 49 24 9 4 1 
54476|Child_Cross12|1: 362 131 47 24 9 4 1 
54487|Child_CrossABC1|1: 355 136 47 23 10 4 1 
54492|Survivor|1: 365 140 44 23 10 4 1 
54496|Survivor|1: 367 139 44 23 10 4 1 
54497|Child_CrossABC1|1: 360 139 44 23 10 4 1 
54501|Child_CrossABC1|7: 369 140 44 23 10 4 1 
54509|Survivor|1: 371 141 44 23 10 4 1 
54532|Child_Cross21|38: 358 139 45 23 10 4 1 
54536|Child_Cross12|57: 381 137 45 21 10 4 1 
54542|Child_Cross12|37: 397 135 43 24 9 4 1 
54544|Child_Levy|8: 381 133 43 20 9 4 1 
54545|Child_Levy|24: 384 133 44 24 9 4 1 
54557|Survivor|1: 361 135 52 24 9 4 1 
54558|Child_CrossABC2|2: 388 136 49 24 9 4 1 
54566|Child_Avg|31: 391 136 50 24 9 4 1 
54569|Child_Avg|51: 367 116 50 24 9 4 1 
54570|Child_CrossABC2|2: 387 136 49 24 9 4 1 
54574|Survivor|1: 401 138 47 24 9 4 1 
54580|Child_Avg|59: 401 126 43 19 10 4 1 
54602|Child_CrossABC1|7: 432 131 56 21 10 4 1 
54609|Child_CrossABC2|8: 409 127 57 21 10 4 1 
54611|Child_CrossABC2|2: 414 125 55 21 10 4 1 
54612|Child_Cross12|45: 400 125 56 21 10 4 1 
54620|Child_CrossABC1|1: 444 119 49 24 9 4 1 
54626|Child_Cross21|26: 425 121 46 24 9 4 1 
54640|Child_CrossABC1|1: 410 121 46 24 9 4 1 
54652|Survivor|1: 363 127 58 24 9 4 1 
54660|Child_CrossABC2|8: 619 166 58 24 9 4 1 
54661|Child_Cross21|26: 369 146 52 24 9 4 1 
54663|Survivor|1: 527 189 65 24 9 4 1 
54664|Child_Avg|11: 448 167 58 24 9 4 1 
54668|Child_CrossABC2|8: 446 195 58 24 9 4 1 
54676|Survivor|1: 455 153 55 24 9 4 1 
54682|Survivor|1: 433 152 58 24 9 4 1 
54685|Child_Cross21|26: 411 144 50 24 9 4 1 
54688|Child_Cross21|14: 322 119 49 24 9 4 1 
54695|Child_Avg|51: 438 133 57 23 10 4 1 
54708|Child_CrossABC1|7: 341 125 52 24 9 4 1 
54809|Child_Cross21|26: 425 118 43 24 9 4 1 
54858|Child_Cross21|10: 357 185 53 24 9 4 1 
54861|Child_CrossABC2|2: 358 128 55 24 9 4 1 
54868|Random|5: 395 137 56 21 10 4 1 
54873|Child_Levy|16: 320 129 52 24 9 4 1 
54874|Survivor|1|Mutated: 299 129 52 24 9 4 1 
54908|Survivor|1: 431 133 47 25 9 4 1 
54909|Child_Levy|48: 449 136 50 24 9 4 1 
54911|Child_Cross12|45: 416 136 49 24 9 4 1 
54917|Child_Cross12|41: 423 131 44 24 9 4 1 
54928|Child_CrossABC1|7: 421 134 52 24 9 4 1 
54940|Child_CrossABC1|7: 411 133 43 20 9 4 1 
55080|Survivor|1: 356 126 51 23 10 3 1 
55110|Random|11: 406 154 62 27 10 4 1 
55123|Child_Cross12|21: 398 116 45 21 10 4 1 
55133|Child_CrossABC2|8: 385 142 50 24 9 4 1 
55136|Child_Cross21|46: 372 143 46 24 9 4 1 
55162|Survivor|1: 369 121 43 20 9 4 1 
55201|Survivor|1: 383 124 48 21 10 4 1 
55224|Child_CrossABC1|7|Mutated: 425 124 43 20 9 4 1 
55230|Survivor|1: 327 121 43 19 10 4 1 
55239|Child_Avg|47: 323 128 46 24 9 4 1 
55243|Survivor|1: 368 161 55 27 10 4 1 
55244|Child_CrossABC1|1: 418 153 49 24 9 4 1 
55248|Child_Avg|19|Mutated: 399 154 53 27 10 4 1 
55250|Child_CrossABC2|8: 360 132 49 24 9 4 1 
55252|Survivor|1: 413 132 49 24 9 4 1 
55258|Child_CrossABC2|2: 401 132 49 24 9 4 1 
55261|Child_CrossABC1|1: 403 132 49 24 9 4 1 
55266|Child_CrossABC1|7: 393 132 49 24 9 4 1 
55272|Child_CrossABC1|1: 389 132 46 24 9 4 1 
55282|Child_CrossABC1|1: 397 131 50 24 9 4 1 
55288|Child_CrossABC2|2: 400 135 59 24 9 4 1 
55353|Child_CrossABC1|7: 453 127 58 24 9 4 1 
55360|Child_CrossABC2|2: 409 123 46 24 9 4 1 
55401|Child_Cross12|9|Mutated: 560 180 57 23 10 4 1 
55428|Child_CrossABC2|8: 371 107 52 20 9 4 1 
55432|Survivor|1: 368 111 46 20 9 4 1 
55491|Child_Cross12|21: 422 125 52 24 9 4 1 
55539|Child_Levy|24: 678 157 59 21 10 4 1 
55548|Child_Avg|51: 416 125 48 21 10 4 1 
55580|Child_Avg|11: 388 130 55 24 9 4 1 
55588|Child_Cross21|18: 441 126 49 24 9 4 1 
55601|Child_Cross12|17: 451 128 53 24 9 4 1 
55608|Survivor|1: 551 121 51 23 10 4 1 
55612|Child_Cross21|54: 389 122 47 23 10 4 1 
55619|Child_CrossABC2|8: 410 119 45 23 10 4 1 
55647|Child_Levy|28: 392 129 44 24 9 4 1 
55666|Child_Cross12|25: 397 147 43 24 9 4 1 
55668|Child_Cross12|9: 366 131 43 24 9 4 1 
55682|Child_Cross12|53|Mutated: 393 117 52 24 9 4 1 
55692|Child_CrossABC2|8: 429 125 52 24 9 4 1 
55701|Child_LevyP2|10: 393 139 49 21 10 4 1 
55726|Child_Levy|52: 421 162 55 24 9 4 1 
55737|Survivor|1: 425 157 59 24 9 4 1 
55739|Child_CrossABC1|1: 419 157 55 24 9 4 1 
55741|Child_Cross21|42: 352 129 49 24 9 4 1 
55743|Child_CrossABC2|2: 431 159 52 24 9 4 1 
55799|Child_Cross21|34: 429 123 43 24 9 4 1 
55828|Child_Avg|23: 454 167 53 24 9 4 1 
55850|Child_CrossABC1|1: 400 135 62 29 10 4 1 
55858|Child_Avg|51: 387 159 56 21 10 4 1 
55862|Child_Avg|59: 372 147 55 21 10 4 1 
55873|Survivor|1: 306 113 45 21 10 4 1 
55882|Child_Cross12|33: 292 107 43 20 9 4 1 
55919|Child_Avg|3: 406 110 43 20 9 4 1 
55922|Child_Cross12|29: 408 110 43 20 9 4 1 
55975|Survivor|1: 357 113 53 19 10 4 1 
55979|Child_CrossABC1|7|Mutated: 359 118 53 19 10 4 1 
55983|Child_Avg|35: 377 118 48 21 10 4 1 
55985|Child_Levy|56: 380 112 47 23 10 4 1 
55988|Child_Avg|47: 476 125 56 21 10 4 1 
56026|Child_Cross12|37|Mutated: 406 117 46 24 9 4 1 
56073|Child_Cross21|34: 429 118 44 23 10 4 1 
56084|Child_LevyABC1|5|Mutated: 417 122 47 21 10 4 1 
56087|Child_CrossABC2|8: 413 123 51 19 10 4 1 
56102|Child_CrossABC1|1: 412 126 52 19 10 4 1 
56103|Child_CrossABC2|2: 413 128 53 19 10 4 1 
56107|Child_Avg|59: 418 121 43 19 10 4 1 
56109|Child_Cross12|33: 408 135 52 19 10 4 1 
56118|Child_Avg|47: 377 143 57 21 10 4 1 
56133|Child_Cross12|41: 372 125 49 21 10 4 1 
56141|Survivor|1: 383 146 59 21 10 4 1 
56159|Child_Cross21|34: 394 118 45 21 10 4 1 
56160|Child_CrossABC2|2: 380 118 49 21 10 4 1 
56165|Survivor|1: 367 116 46 20 9 4 1 
56209|Child_Levy|24: 435 149 58 24 9 4 1 
56256|Survivor|1: 433 160 53 24 9 4 1 
56260|Child_Cross21|22: 411 149 47 24 9 4 1 
56268|Child_Cross21|6: 389 149 47 24 9 4 1 
56270|Child_CrossABC2|2: 402 152 47 24 9 4 1 
56273|Child_Cross12|17: 411 146 44 23 10 4 1 
56284|Child_Avg|39: 408 137 44 24 9 4 1 
56286|Child_Avg|43: 375 127 43 24 9 4 1 
56299|Child_CrossABC1|1: 357 126 55 24 9 4 1 
56369|Survivor|1: 375 119 52 23 10 4 1 
56373|Survivor|1: 371 132 58 24 11 4 1 
56381|Survivor|1: 508 153 58 24 9 4 1 
56400|Survivor|1: 443 132 50 24 9 4 1 
56403|Child_CrossABC2|2: 422 134 49 24 9 4 1 
56429|Child_CrossABC2|2: 418 121 46 24 9 4 1 
56457|Child_Avg|51: 393 125 55 27 10 4 1 
56472|Child_Cross21|50: 418 121 47 24 9 4 1 
56474|Survivor|1: 423 112 47 23 10 4 1 
56478|Survivor|1: 425 113 49 21 10 4 1 
56480|Child_Cross12|29: 328 120 49 21 10 4 1 
56491|Child_Avg|55: 638 192 70 23 10 4 1 
56493|Child_Avg|51: 517 151 56 21 10 4 1 
56503|Survivor|1: 387 118 46 21 10 4 1 
56513|Child_Cross21|38: 362 112 39 20 9 4 1 
56515|Child_Avg|47: 362 111 39 20 9 4 1 
56558|Child_Cross12|17: 367 112 39 20 9 4 1 
56581|Child_Cross12|29: 397 112 39 20 9 4 1 
56588|Child_Cross21|42: 383 112 39 20 9 4 1 
56590|Child_Cross21|14: 377 112 39 20 9 4 1 
56611|Child_Avg|19: 406 112 39 20 9 4 1 
56643|Child_Levy|36: 544 194 73 27 10 4 1 
56646|Child_Avg|43: 475 143 50 24 9 4 1 
56676|Survivor|1: 342 123 43 24 9 4 1 
56707|Survivor|1: 396 129 55 24 9 4 1 
56712|Survivor|1: 443 159 55 24 9 4 1 
56729|Survivor|1: 424 157 53 24 9 4 1 
56731|Child_CrossABC2|8: 459 159 52 24 9 4 1 
56738|Child_Cross12|57: 430 157 49 24 9 4 1 
56749|Survivor|1: 429 134 47 24 9 4 1 
56753|Survivor|1: 394 148 47 24 9 4 1 
56757|Child_Avg|27: 380 158 60 23 10 4 1 
56772|Survivor|1|Mutated: 423 158 60 23 10 4 1 
56781|Child_CrossABC2|2: 373 141 60 23 10 4 1 
56783|Child_CrossABC2|8: 498 155 58 23 10 4 1 
56791|Child_CrossABC1|7: 373 131 51 23 10 4 1 
56792|Child_Avg|7: 402 133 47 23 10 4 1 
56794|Child_Avg|51: 439 144 51 23 10 4 1 
56796|Child_Cross12|49: 401 128 47 23 10 4 1 
56807|Child_CrossABC1|7: 413 132 47 23 10 4 1 
56808|Child_CrossABC2|2: 408 132 47 23 10 4 1 
56819|Child_Cross12|41: 401 128 45 23 10 4 1 
56820|Child_Cross12|17: 396 128 45 23 10 4 1 
56827|Child_Cross12|33: 404 121 45 23 10 4 1 
56829|Child_Cross21|18: 402 118 45 23 10 4 1 
56857|Child_Avg|23: 413 186 61 24 9 4 1 
56873|Child_Avg|15: 399 153 46 24 9 4 1 
56876|Child_CrossABC1|1: 400 151 47 24 9 4 1 
56892|Child_Avg|59: 395 138 43 20 9 4 1 
56898|Child_Cross21|2: 392 139 43 20 9 4 1 
56906|Child_Cross21|26: 392 147 43 20 9 4 1 
56934|Child_Cross21|6: 395 142 43 20 9 4 1 
56949|Child_Avg|3: 390 141 43 20 9 4 1 
56951|Child_Cross12|29: 390 144 43 20 9 4 1 
56961|Child_Cross21|38: 391 142 43 20 9 4 1 
56971|Child_Cross21|30: 392 138 43 20 9 4 1 
57021|Child_Avg|35: 381 123 46 24 9 4 1 
57046|Child_CrossABC1|7: 384 117 45 23 10 4 1 
57114|Survivor|1: 373 113 44 24 9 4 1 
57135|Survivor|1: 439 130 44 19 10 4 1 
57137|Child_Cross21|10: 427 132 45 19 10 4 1 
57160|Survivor|1: 380 109 41 19 10 4 1 
57179|Child_LevyP2|4: 387 108 43 24 9 4 1 
57200|Survivor|1: 411 151 50 24 9 4 1 
57202|Child_CrossABC2|8: 420 119 50 24 9 4 1 
57246|Child_Avg|15: 453 129 59 27 10 4 1 
57282|Survivor|1: 352 118 45 21 10 4 1 
57293|Child_CrossABC2|2: 362 116 45 21 10 4 1 
57302|Survivor|1: 418 112 46 21 10 4 1 
57321|Survivor|1: 444 125 44 23 10 4 1 
57323|Child_CrossABC1|1: 433 124 47 23 10 4 1 
57346|Child_Cross21|10: 405 111 43 20 9 4 1 
57365|Child_Cross21|34: 440 127 50 24 9 4 1 
57367|Child_CrossABC1|1: 452 136 53 24 9 4 1 
57381|Child_CrossABC1|1: 373 117 44 24 9 4 1 
57390|Survivor|1: 402 136 43 24 9 4 1 
57439|Survivor|1: 398 125 41 24 9 4 1 
57488|Child_Avg|31: 485 154 64 24 9 4 1 
57490|Child_Avg|31: 418 135 46 24 9 4 1 
57492|Child_Avg|51: 466 145 52 24 9 4 1 
57519|Child_CrossABC1|1: 370 119 50 24 9 4 1 
57532|Child_Cross21|2: 338 127 49 24 9 4 1 
57538|Child_Avg|23: 349 122 47 23 10 4 1 
57541|Child_Cross12|49: 365 128 45 23 10 4 1 
57554|Survivor|1: 416 131 51 23 10 4 1 
57564|Survivor|1: 447 130 54 23 10 4 1 
57576|Child_Avg|43: 405 124 47 23 10 4 1 
57583|Survivor|1: 387 116 49 24 9 4 1 
57591|Child_CrossABC1|1: 390 117 50 24 9 4 1 
57593|Child_CrossABC2|2: 393 112 49 24 9 4 1 
57632|Survivor|1: 413 161 49 24 9 4 1 
57634|Child_CrossABC1|7: 318 121 46 24 9 4 1 
57635|Child_CrossABC2|8: 414 161 49 24 9 4 1 
57642|Child_CrossABC2|8: 397 126 47 24 9 4 1 
57647|Child_CrossABC1|1: 393 119 53 24 9 4 1 
57649|Survivor|1: 390 135 62 24 9 4 1 
57653|Child_Cross12|45: 393 151 49 24 9 4 1 
57657|Child_Avg|15: 371 140 50 24 9 4 1 
57676|Survivor|1: 458 145 43 24 9 4 1 
57678|Child_CrossABC1|7: 459 169 55 24 9 4 1 
57696|Random|3: 663 188 57 23 10 4 1 
57704|Survivor|1: 459 135 44 24 9 4 1 
57708|Survivor|1: 402 129 47 21 10 4 1 
57712|Survivor|1: 422 125 48 21 10 4 1 
57716|Survivor|1: 416 128 49 21 10 4 1 
57731|Survivor|1|Mutated: 363 125 47 23 10 4 1 
57736|Child_CrossABC1|7: 368 122 54 23 10 4 1 
57737|Child_CrossABC1|7: 450 125 47 23 10 4 1 
57752|Child_Avg|27: 416 122 45 23 10 4 1 
57770|Child_CrossABC1|7: 384 122 47 23 10 4 1 
57772|Child_CrossABC1|7: 383 122 47 23 10 4 1 
57775|Child_Avg|43|Mutated: 435 121 45 23 10 4 1 
57777|Child_Avg|59: 460 128 55 24 9 4 1 
57783|Survivor|1: 412 131 47 23 10 4 1 
57809|Survivor|1: 390 138 45 20 9 4 1 
57826|Child_CrossABC2|8: 389 124 43 20 9 4 1 
57854|Child_Cross21|42: 390 110 43 20 9 4 1 
57862|Child_Avg|31: 388 110 43 20 9 4 1 
57863|Child_CrossABC1|1: 396 107 43 20 9 4 1 
57882|Child_Avg|47: 379 110 43 20 9 4 1 
57894|Child_Cross21|58: 403 110 43 20 9 4 1 
58017|Child_Avg|39: 321 121 43 24 9 4 1 
58044|Child_Cross21|14: 415 127 43 24 9 4 1 
58064|Child_Cross21|14: 414 108 43 24 9 4 1 
58097|Child_Avg|11: 371 112 43 24 9 4 1 
58163|Child_Cross21|30: 380 131 43 24 9 4 1 
58194|Survivor|1: 394 132 43 24 9 4 1 
58198|Child_CrossABC1|7: 397 128 46 24 9 4 1 
58206|Child_CrossABC2|2: 409 128 46 24 9 4 1 
58210|Survivor|1: 400 131 44 24 9 4 1 
58249|Child_Levy|36: 410 133 56 25 9 4 1 
58256|Survivor|1: 405 121 56 25 9 4 1 
58260|Survivor|1: 409 125 52 24 9 4 1 
58263|Child_Avg|51: 395 121 50 24 9 4 1 
58265|Survivor|1: 414 123 53 24 9 4 1 
58267|Child_CrossABC1|7: 413 133 52 24 9 4 1 
58271|Child_Avg|51: 412 129 50 24 9 4 1 
58275|Child_Cross21|38: 425 122 47 24 9 4 1 
58277|Child_Cross12|33: 413 122 46 24 9 4 1 
58283|Child_Cross21|38: 422 119 45 21 10 4 1 
58287|Child_Cross12|13: 407 123 45 21 10 4 1 
58290|Child_CrossABC2|8: 405 116 45 21 10 4 1 
58291|Child_CrossABC1|7: 419 127 45 21 10 4 1 
58294|Child_Avg|35: 408 124 45 21 10 4 1 
58303|Child_Cross12|17|Mutated: 408 125 49 21 10 4 1 
58309|Child_CrossABC2|8: 408 124 49 21 10 4 1 
58365|Child_Avg|55: 393 141 48 20 9 4 1 
58402|Survivor|1: 387 118 41 20 9 4 1 
58415|Survivor|1: 407 141 45 23 10 4 1 
58425|Child_Avg|39: 401 150 46 24 9 4 1 
58427|Child_CrossABC2|2: 455 165 46 24 9 4 1 
58436|Child_LevyABC1|5: 410 162 57 23 10 4 1 
58453|Child_CrossABC1|7: 355 136 55 23 10 4 1 
58459|Survivor|1: 383 139 51 23 10 4 1 
58465|Survivor|1: 378 139 51 23 10 4 1 
58469|Survivor|1: 380 141 58 23 10 4 1 
58470|Child_CrossABC1|7: 367 142 57 23 10 4 1 
58473|Child_CrossABC1|1: 368 135 57 23 10 4 1 
58477|Child_Cross21|10: 309 119 57 23 10 4 1 
58484|Child_Avg|59: 362 143 53 24 9 4 1 
58485|Child_Cross21|50: 389 126 47 23 10 4 1 
58487|Child_Avg|15|Mutated: 367 132 49 24 9 4 1 
58490|Child_Avg|3: 379 125 47 23 10 4 1 
58562|Survivor|1: 383 119 45 23 10 4 1 
58566|Child_Avg|35|Mutated: 457 164 61 24 9 4 1 
58571|Survivor|1: 361 123 53 24 9 4 1 
58573|Child_LevyP1|9: 397 120 49 23 8 3 1 
58596|Child_LevyABC2|6: 409 134 50 24 9 4 1 
58620|Survivor|1: 477 160 55 24 9 4 1 
58627|Child_CrossABC2|2: 391 129 49 24 9 4 1 
58645|Survivor|1: 387 124 53 24 9 4 1 
58652|Child_Cross12|37: 397 117 52 24 9 4 1 
58655|Child_CrossABC1|7: 400 117 52 24 9 4 1 
58659|Child_CrossABC2|8: 375 121 52 24 9 4 1 
58668|Child_Avg|31: 417 128 49 24 9 4 1 
58671|Child_Avg|31: 467 129 50 24 9 4 1 
58673|Survivor|1: 430 129 50 24 9 4 1 
58675|Child_Cross21|46: 393 116 43 24 9 4 1 
58682|Child_Avg|39: 471 152 55 24 9 4 1 
58696|Survivor|1: 427 134 47 23 10 4 1 
58713|Survivor|1: 422 129 44 23 10 4 1 
58721|Child_CrossABC2|2: 414 123 44 23 10 4 1 
58743|Survivor|1: 485 181 69 27 10 4 1 
58757|Survivor|1: 429 130 46 24 9 4 1 
58788|Child_CrossABC1|1: 421 131 47 24 9 4 1 
58795|Survivor|1: 419 122 46 24 9 4 1 
58815|Survivor|1: 397 133 47 23 10 4 1 
58842|Survivor|1: 437 174 66 28 13 4 1 
58846|Child_Avg|39: 363 138 56 24 9 4 1 
58850|Child_CrossABC2|2: 379 138 56 24 9 4 1 
58852|Child_Cross12|13: 417 151 49 24 9 4 1 
58853|Child_CrossABC2|8: 403 139 59 24 9 4 1 
58854|Child_CrossABC2|2: 400 143 64 24 9 4 1 
58855|Child_CrossABC2|2: 407 142 61 24 9 4 1 
58862|Child_CrossABC1|1: 411 140 55 24 9 4 1 
58864|Child_Cross12|57: 399 145 50 24 9 4 1 
58880|Survivor|1: 399 137 47 24 9 4 1 
58884|Survivor|1: 392 136 43 24 9 4 1 
58903|Child_CrossABC2|8: 384 143 55 24 9 4 1 
58934|Child_CrossABC1|1: 396 146 43 24 9 4 1 
59017|Child_Avg|43: 418 124 51 23 10 4 1 
59026|Survivor|1: 432 133 52 24 9 4 1 
59027|Child_CrossABC2|2: 446 125 52 24 9 4 1 
59059|Child_CrossABC2|2: 399 121 46 24 9 4 1 
59085|Child_Cross21|54: 356 126 47 24 9 4 1 
59089|Child_Avg|39: 401 129 44 24 9 4 1 
59128|Survivor|1: 508 184 62 27 10 4 1 
59135|Child_Cross21|18: 420 119 46 24 9 4 1 
59180|Survivor|1: 414 151 49 24 9 4 1 
59187|Child_CrossABC2|8: 410 132 53 24 9 4 1 
59189|Child_CrossABC1|1: 383 146 46 24 9 4 1 
59208|Survivor|1: 389 137 52 24 9 4 1 
59261|Survivor|1: 418 147 54 20 9 4 1 
59296|Survivor|1: 390 119 45 23 10 4 1 
59310|Child_CrossABC2|2: 402 120 45 23 10 4 1 
59344|Child_Levy|4: 395 130 57 23 10 4 1 
59347|Child_Avg|19: 400 127 49 21 10 4 1 
59352|Child_CrossABC1|7: 409 129 47 21 10 4 1 
59354|Child_Avg|3: 413 130 45 21 10 4 1 
59362|Child_Cross21|26: 364 126 46 21 10 4 1 
59392|Child_LevyABC2|12: 383 110 46 20 9 4 1 
59402|Child_Avg|15: 375 111 46 20 9 4 1 
59417|Child_CrossABC2|8: 405 157 49 24 9 4 1 
59421|Child_CrossABC1|1: 444 131 50 24 9 4 1 
59428|Survivor|1: 445 131 50 24 9 4 1 
59431|Survivor|1: 460 130 49 24 9 4 1 
59447|Child_Avg|3: 478 133 49 24 9 4 1 
59449|Child_CrossABC2|2: 485 131 50 24 9 4 1 
59450|Child_Cross12|45: 433 130 46 24 9 4 1 
59469|Child_Cross12|37: 405 128 49 24 9 4 1 
59513|Survivor|1: 399 121 47 24 9 4 1 
59538|Child_Avg|31: 371 119 54 23 10 4 1 
59545|Survivor|1: 379 109 47 23 10 4 1 
59568|Child_Levy|8: 489 151 57 23 10 4 1 
59576|Survivor|1: 361 114 55 24 9 4 1 
59600|Survivor|1: 354 108 43 24 9 4 1 
59602|Survivor|1: 355 118 43 24 9 4 1 
59788|Child_Avg|3: 410 128 48 23 10 4 1 
59790|Child_CrossABC2|2: 404 129 51 23 10 4 1 
59803|Child_CrossABC2|8: 402 127 54 23 10 4 1 
59808|Child_CrossABC1|7: 399 127 54 23 10 4 1 
59812|Child_Avg|27: 415 122 52 24 9 4 1 
59820|Survivor|1: 397 126 48 23 10 4 1 
59907|Random|11: 427 135 55 24 9 4 1 
59911|Child_CrossABC1|7: 390 129 61 24 9 4 1 
59912|Child_CrossABC1|1: 425 132 58 24 9 4 1 
59922|Child_CrossABC2|2: 400 133 56 24 9 4 1 
59923|Child_Avg|15: 385 131 53 24 9 4 1 
59925|Child_Avg|47: 395 133 55 24 9 4 1 
59928|Child_CrossABC2|2: 391 131 55 24 9 4 1 
59929|Child_CrossABC1|7: 394 133 55 24 9 4 1 
59932|Child_CrossABC1|7: 380 134 53 24 9 4 1 
59933|Child_CrossABC2|8: 381 137 58 24 9 4 1 
59934|Child_Cross21|10: 374 135 46 24 9 4 1 
59935|Child_CrossABC2|8: 401 138 58 24 9 4 1 
59943|Survivor|1: 393 135 46 24 9 4 1 
59974|Survivor|1: 397 124 45 19 10 4 1 
59989|Survivor|1: 366 118 41 19 10 4 1 
60005|Survivor|1: 349 127 41 19 10 4 1 
60026|Child_Cross21|18: 357 127 41 19 10 4 1 
60043|Child_Cross21|34: 341 125 41 19 10 4 1 
60049|Child_CrossABC1|1: 409 127 43 19 10 4 1 
60091|Survivor|1: 355 129 44 23 10 4 1 
60098|Child_CrossABC2|8: 461 129 53 24 9 4 1 
60100|Child_Cross12|13: 914 525 153 53 24 9 4 1 
60114|Child_Cross12|37|Mutated: 451 127 45 21 10 4 1 
60119|Survivor|1: 463 187 62 24 9 4 1 
60121|Child_Avg|43: 432 153 52 24 9 4 1 
60152|Survivor|1: 418 117 59 24 9 4 1 
60160|Survivor|1: 398 117 50 23 8 3 1 
60163|Survivor|1: 379 118 57 20 9 4 1 
60165|Child_Cross21|38: 380 119 52 20 9 4 1 
60175|Child_Cross12|57: 357 114 46 20 9 4 1 
60179|Survivor|1: 366 130 44 19 10 4 1 
60181|Child_Cross21|58: 364 112 43 19 10 4 1 
60227|Survivor|1: 336 147 58 24 9 4 1 
60229|Survivor|1: 327 126 47 24 9 4 1 
60246|Child_LevyP1|9: 386 126 56 27 10 4 1 
60248|Survivor|1: 469 172 66 24 11 5 1 
60250|Child_Levy|60: 404 147 52 24 9 4 1 
60255|Survivor|1: 450 147 47 23 10 4 1 
60258|Survivor|1: 416 147 47 23 10 4 1 
60266|Child_Avg|15: 387 125 47 23 10 4 1 
60311|Child_Cross21|34: 342 126 47 23 10 4 1 
60328|Child_Levy|32: 366 112 47 21 10 4 1 
60342|Child_CrossABC2|8: 348 127 45 21 10 4 1 
60348|Child_Avg|11: 345 133 45 21 10 4 1 
60352|Child_CrossABC2|2: 344 133 45 21 10 4 1 
60356|Child_Cross21|14: 346 133 45 21 10 4 1 
60358|Survivor|1: 345 127 45 21 10 4 1 
60365|Child_Cross12|25: 344 128 45 21 10 4 1 
60367|Child_Avg|59: 343 134 45 21 10 4 1 
60371|Child_Cross12|33: 345 134 45 21 10 4 1 
60372|Child_CrossABC2|2: 346 134 45 21 10 4 1 
60379|Child_CrossABC2|2: 343 131 56 21 10 4 1 
60384|Child_Cross21|58: 381 131 45 21 10 4 1 
60390|Child_Cross21|10|Mutated: 407 133 45 21 10 4 1 
60396|Child_Avg|39: 354 130 45 21 10 4 1 
60397|Child_Cross21|34: 343 127 45 21 10 4 1 
60398|Child_Cross12|25: 391 133 45 21 10 4 1 
60399|Child_Cross21|18: 388 133 45 21 10 4 1 
60412|Child_CrossABC1|7: 395 129 49 24 9 4 1 
60434|Survivor|1: 415 127 45 21 10 4 1 
60455|Child_Avg|19: 418 131 63 27 10 4 1 
60457|Survivor|1: 367 153 64 24 9 4 1 
60461|Child_CrossABC1|7: 392 117 53 24 9 4 1 
60464|Child_Avg|35: 362 121 52 24 9 4 1 
60479|Child_CrossABC2|2: 405 129 50 24 9 4 1 
60496|Child_Cross21|26: 381 136 43 24 9 4 1 
60543|Survivor|1|Mutated: 403 124 53 24 9 4 1 
60547|Child_CrossABC2|8: 477 142 55 24 9 4 1 
60550|Survivor|1: 388 122 53 24 9 4 1 
60553|Child_CrossABC1|7|Mutated: 370 147 64 24 9 4 1 
60556|Child_Avg|59: 378 131 52 24 9 4 1 
60559|Child_Cross21|14: 373 143 49 24 9 4 1 
60592|Child_Avg|19: 412 154 55 24 9 4 1 
60595|Child_Avg|55: 404 152 55 24 9 4 1 
60621|Child_Cross21|10: 376 122 47 23 10 4 1 
60627|Child_CrossABC2|8: 407 132 49 21 10 4 1 
60630|Child_CrossABC1|7: 427 132 49 21 10 4 1 
60671|Child_Cross21|58: 428 121 43 20 9 4 1 
60724|Child_Cross21|26|Mutated: 400 121 48 20 9 4 1 
60786|Survivor|1: 633 186 58 30 11 5 1 
60797|Child_Cross12|25: 371 117 59 24 9 4 1 
60801|Child_CrossABC2|8: 387 134 50 24 9 4 1 
60803|Child_Cross21|42: 411 123 53 24 9 4 1 
60805|Child_Avg|47: 416 131 50 24 9 4 1 
60812|Child_Levy|4: 406 129 49 24 9 4 1 
60820|Child_CrossABC2|2: 412 127 52 24 9 4 1 
60825|Child_CrossABC1|1: 390 126 59 24 9 4 1 
60831|Child_Levy|12: 438 131 53 24 9 4 1 
60836|Child_Cross21|14: 425 129 49 24 9 4 1 
60841|Child_CrossABC1|7: 419 132 50 24 9 4 1 
60848|Child_Cross12|29: 452 157 55 24 9 4 1 
60867|Survivor|1: 443 155 49 24 9 4 1 
60919|Child_Avg|11: 431 126 43 24 9 4 1 
60936|Survivor|1: 593 138 59 24 9 4 1 
60945|Child_Cross12|17: 405 126 46 21 10 4 1 
60954|Survivor|1: 372 151 45 21 10 4 1 
60958|Child_CrossABC1|7: 417 127 45 21 10 4 1 
60986|Child_CrossABC1|1: 398 151 45 21 10 4 1 
60995|Child_CrossABC1|7: 371 134 45 21 10 4 1 
60996|Child_CrossABC1|1: 373 134 45 21 10 4 1 
61000|Child_Cross21|42|Mutated: 372 132 49 21 10 4 1 
61008|Child_Cross12|17: 370 134 45 21 10 4 1 
61010|Child_Cross12|25: 366 134 45 21 10 4 1 
61011|Child_Cross12|41: 372 136 45 21 10 4 1 
61012|Child_Cross12|37: 371 136 45 21 10 4 1 
61013|Child_Avg|19: 369 134 45 21 10 4 1 
61022|Child_Avg|59: 372 134 45 21 10 4 1 
61023|Child_Cross12|29: 327 134 45 21 10 4 1 
61062|Child_Avg|47: 415 147 58 24 9 4 1 
61063|Survivor|1|Mutated: 446 147 58 24 9 4 1 
61083|Child_CrossABC1|1: 612 172 65 27 10 4 1 
61084|Child_Avg|7: 512 163 73 29 10 4 1 
61088|Child_Cross21|6: 547 156 58 24 11 4 1 
61092|Survivor|1|Mutated: 547 156 58 24 9 4 1 
61096|Survivor|1|Mutated: 547 166 58 24 9 4 1 
61106|Child_Cross21|14: 454 139 49 24 9 4 1 
61109|Child_Avg|19: 442 123 46 24 9 4 1 
61111|Child_CrossABC1|1: 456 139 56 24 9 4 1 
61115|Child_Avg|3: 447 134 50 24 9 4 1 
61149|Survivor|1: 383 127 47 24 9 4 1 
61152|Child_Avg|27: 433 126 43 24 9 4 1 
61157|Child_CrossABC2|8: 430 127 43 24 9 4 1 
61176|Child_CrossABC1|7: 396 114 55 24 9 4 1 
61183|Child_Avg|59: 411 116 50 24 9 4 1 
61187|Survivor|1: 397 119 50 24 9 4 1 
61188|Child_Cross21|10: 401 121 47 24 9 4 1 
61190|Child_CrossABC2|2: 399 121 52 24 9 4 1 
61193|Child_CrossABC2|2: 396 119 58 24 9 4 1 
61197|Survivor|1: 404 145 47 24 9 4 1 
61203|Child_Avg|31: 435 126 52 24 9 4 1 
61204|Child_CrossABC2|8: 428 129 58 24 9 4 1 
61212|Child_CrossABC1|1: 407 117 49 24 9 4 1 
61226|Child_Avg|27: 401 117 41 24 9 4 1 
61243|Child_CrossABC2|2: 399 117 49 24 9 4 1 
61247|Child_CrossABC1|7: 402 117 52 24 9 4 1 
61252|Survivor|1: 363 117 61 24 9 4 1 
61268|Child_LevyABC1|5|Mutated: 420 119 49 24 9 4 1 
61277|Survivor|1: 357 114 51 23 10 4 1 
61291|Child_Cross21|38: 362 129 45 23 10 4 1 
61293|Child_CrossABC1|1: 362 128 48 23 10 4 1 
61302|Child_CrossABC1|7: 355 127 47 23 10 4 1 
61319|Child_Cross21|30: 374 122 47 23 10 4 1 
61323|Survivor|1: 355 135 47 23 10 4 1 
61391|Survivor|1: 394 140 44 19 10 4 1 
61431|Survivor|1: 388 128 41 19 10 4 1 
61444|Survivor|1: 550 153 56 27 10 4 1 
61450|Child_Avg|15: 454 135 48 23 10 4 1 
61452|Survivor|1|Mutated: 454 135 48 23 10 3 1 
61488|Child_CrossABC2|8: 383 111 44 24 9 4 1 
61502|Survivor|1: 425 147 54 20 9 4 1 
61507|Child_Avg|31: 387 119 46 20 9 4 1 
61509|Child_Avg|31: 427 132 57 20 9 4 1 
61510|Child_Cross12|13: 423 115 45 21 10 4 1 
61538|Child_CrossABC1|1: 368 128 59 24 9 4 1 
61545|Survivor|1|Mutated: 448 129 50 24 9 4 1 
61633|Child_Avg|59: 405 121 43 24 9 4 1 
61689|Child_Avg|3: 410 116 41 19 10 4 1 
61694|Child_Cross12|37: 411 127 41 19 10 4 1 
61797|Child_CrossABC1|1: 351 124 47 23 10 4 1 
61803|Child_Cross12|45: 371 123 43 24 9 4 1 
61805|Child_CrossABC1|7: 388 114 43 24 9 4 1 
61833|Child_Avg|39: 411 126 46 24 9 4 1 
61886|Survivor|1: 403 148 47 24 9 4 1 
61893|Survivor|1: 397 154 47 24 9 4 1 
61906|Child_CrossABC2|2|Mutated: 402 143 52 24 9 4 1 
61912|Child_Cross12|57: 393 152 46 24 9 4 1 
61923|Child_Cross12|41: 399 146 46 24 9 4 1 
61937|Child_Avg|51: 411 142 50 24 9 4 1 
61985|Child_CrossABC1|1: 390 111 44 24 9 4 1 
62015|Child_CrossABC1|7|Mutated: 397 108 46 24 9 4 1 
62041|Survivor|1: 876 505 139 49 21 10 4 1 
62092|Survivor|1: 389 126 62 24 9 4 1 
62101|Survivor|1: 349 126 62 24 9 4 1 
62112|Survivor|1: 389 117 52 24 9 4 1 
62115|Survivor|1: 382 116 49 24 9 4 1 
62117|Survivor|1: 328 117 52 24 9 4 1 
62161|Survivor|1: 476 141 58 24 9 4 1 
62168|Child_CrossABC1|1: 470 147 62 24 9 4 1 
62174|Child_CrossABC2|8: 458 147 62 24 9 4 1 
62176|Child_CrossABC1|7: 490 147 62 24 9 4 1 
62177|Child_CrossABC1|1: 463 147 62 24 9 4 1 
62178|Child_Avg|55: 439 135 55 24 9 4 1 
62185|Child_Avg|59: 423 134 52 24 9 4 1 
62195|Child_Cross21|54: 404 138 47 24 9 4 1 
62196|Child_CrossABC1|1|Mutated: 350 132 49 24 9 4 1 
62197|Child_CrossABC1|1: 399 142 50 24 9 4 1 
62206|Child_CrossABC2|8: 402 146 53 24 9 4 1 
62207|Child_CrossABC1|7: 388 140 61 24 9 4 1 
62214|Child_CrossABC2|2: 407 147 46 24 9 4 1 
62218|Child_Cross12|17|Mutated: 410 145 46 24 9 4 1 
62219|Child_Cross21|18: 403 146 46 24 9 4 1 
62223|Survivor|1: 406 143 52 24 9 4 1 
62225|Child_Cross12|29: 412 133 44 24 9 4 1 
62230|Survivor|1: 397 138 47 21 10 4 1 
62239|Child_CrossABC2|8: 400 136 43 24 9 4 1 
62241|Child_CrossABC1|7: 401 145 55 24 9 4 1 
62257|Child_CrossABC1|7: 392 142 55 24 9 4 1 
62261|Child_Avg|27: 400 140 43 24 9 4 1 
62264|Child_Cross12|49: 398 146 43 24 9 4 1 
62284|Child_Cross21|34: 401 147 43 24 9 4 1 
62292|Child_Cross21|38: 396 145 43 24 9 4 1 
62305|Child_Avg|23|Mutated: 397 131 49 24 9 4 1 
62379|Child_Cross21|58: 409 116 43 20 9 4 1 
62383|Survivor|1: 384 114 43 20 9 4 1 
62389|Survivor|1: 387 117 43 20 9 4 1 
62392|Child_Avg|11: 413 146 64 24 9 4 1 
62402|Survivor|1: 372 131 52 20 9 4 1 
62455|Child_Avg|31: 465 139 52 20 9 4 1 
62473|Child_Cross12|1: 409 131 46 20 9 4 1 
62474|Child_Cross12|9|Mutated: 399 127 49 24 9 4 1 
62480|Survivor|1|Mutated: 421 132 46 24 9 4 1 
62520|Child_Avg|31: 422 126 47 23 10 4 1 
62550|Child_LevyP1|3: 451 166 55 24 9 4 1 
62552|Child_CrossABC2|8: 480 147 59 24 9 4 1 
62553|Child_CrossABC1|1: 409 144 55 24 9 4 1 
62555|Child_Avg|15: 415 146 53 24 9 4 1 
62557|Child_Cross12|21: 604 141 52 24 9 4 1 
62559|Survivor|1: 435 125 52 24 9 4 1 
62564|Child_CrossABC2|2: 435 126 49 24 9 4 1 
62581|Child_Cross12|25: 442 137 43 24 9 4 1 
62594|Child_Cross21|10: 447 137 43 24 9 4 1 
62641|Child_CrossABC1|7: 410 127 43 24 9 4 1 
62664|Survivor|1: 420 126 43 24 9 4 1 
62691|Child_Cross21|2: 397 127 41 24 9 4 1 
62702|Survivor|1: 636 173 67 24 11 4 1 
62734|Child_Levy|48: 393 137 48 21 10 4 1 
62743|Survivor|1|Mutated: 392 139 52 19 10 4 1 
62747|Child_CrossABC2|8: 394 132 51 19 10 4 1 
62749|Child_CrossABC2|8: 427 133 51 19 10 4 1 
62752|Child_Avg|43: 405 124 51 19 10 4 1 
62760|Child_Levy|4: 387 123 51 19 10 4 1 
62762|Child_CrossABC2|8: 387 125 51 19 10 4 1 
62770|Child_Avg|59: 383 123 51 19 10 4 1 
62772|Survivor|1: 387 126 51 19 10 4 1 
62792|Child_Cross12|49: 353 109 41 19 10 4 1 
62798|Child_Avg|31: 378 118 41 19 10 4 1 
62871|Child_Cross21|18|Mutated: 396 137 41 19 10 4 1 
62915|Child_Avg|11: 406 118 41 19 10 4 1 
62937|Child_CrossABC2|2: 407 118 44 19 10 4 1 
62956|Child_Cross12|49: 393 118 41 19 10 4 1 
62958|Child_Cross21|14: 402 125 41 19 10 4 1 
62997|Child_CrossABC2|8|Mutated: 397 122 53 19 10 4 1 
63050|Child_LevyP1|3: 398 128 53 24 11 5 1 
63051|Child_Avg|7: 462 138 49 21 10 4 1 
63060|Child_CrossABC1|1: 393 119 50 24 9 4 1 
63064|Child_Avg|31: 374 115 49 24 9 4 1 
63068|Survivor|1: 363 114 49 24 9 4 1 
63071|Child_Cross21|50: 373 112 47 24 9 4 1 
63074|Survivor|1: 396 112 47 23 10 4 1 
63083|Child_CrossABC1|1: 400 111 47 23 10 4 1 
63084|Child_CrossABC1|1: 406 111 47 23 10 4 1 
63103|Survivor|1: 392 111 47 23 10 4 1 
63118|Survivor|1: 422 128 67 25 10 4 1 
63127|Child_Levy|4: 390 137 50 23 12 5 1 
63136|Survivor|1: 383 144 51 23 10 4 1 
63147|Child_Avg|23: 358 131 46 20 9 4 1 
63191|Child_Levy|28: 396 125 53 27 10 4 1 
63213|Child_Avg|35: 462 191 56 25 9 4 1 
63222|Child_CrossABC1|1: 363 123 46 24 9 4 1 
63228|Child_Avg|43: 408 121 47 23 10 4 1 
63230|Survivor|1: 455 201 61 24 9 4 1 
63237|Child_Avg|55: 383 117 44 24 9 4 1 
63273|Child_Avg|39: 377 157 49 24 9 4 1 
63275|Child_Avg|59: 340 129 56 25 9 4 1 
63279|Child_Avg|11: 369 117 44 25 9 4 1 
63286|Survivor|1: 431 128 54 23 10 4 1 
63316|Survivor|1: 354 122 43 20 9 4 1 
63330|Child_CrossABC1|1: 485 187 58 24 9 4 1 
63344|Child_CrossABC2|2: 377 144 53 24 9 4 1 
63347|Survivor|1: 420 126 47 24 9 4 1 
63349|Survivor|1: 403 138 49 24 9 4 1 
63408|Child_Cross21|30: 432 125 41 24 9 4 1 
63455|Survivor|1: 402 147 52 27 10 4 1 
63476|Child_Cross12|49: 684 147 67 24 9 4 1 
63480|Child_CrossABC2|2: 424 113 43 24 9 4 1 
63529|Child_Cross12|53: 399 113 43 24 9 4 1 
63530|Child_Cross21|22: 419 113 43 24 9 4 1 
63533|Child_Cross21|42: 407 113 43 24 9 4 1 
63550|Child_Cross12|9: 391 113 43 24 9 4 1 
63637|Child_CrossABC1|7: 403 127 53 24 9 4 1 
63638|Child_Cross12|49: 403 127 55 20 9 4 1 
63648|Child_Avg|11: 403 129 54 20 9 4 1 
63665|Survivor|1: 367 141 46 20 9 4 1 
63682|Child_CrossABC1|7: 353 128 43 20 9 4 1 
63754|Child_Avg|55|Mutated: 370 147 46 20 9 4 1 
63798|Child_CrossABC2|2: 400 127 46 20 9 4 1 
63849|Child_Avg|27: 445 150 54 23 10 4 1 
63852|Child_Cross21|50: 539 158 58 23 10 4 1 
63858|Child_Avg|55: 441 134 50 24 9 4 1 
63859|Child_CrossABC2|2: 435 133 52 24 9 4 1 
63862|Child_Avg|39: 453 140 50 24 9 4 1 
63876|Survivor|1: 449 160 47 23 10 4 1 
63901|Survivor|1: 484 129 61 24 9 4 1 
63907|Child_Cross21|54: 413 123 43 24 9 4 1 
63939|Child_Avg|43: 607 157 65 25 9 4 1 
63952|Child_Cross21|14: 566 145 52 24 9 4 1 
63956|Child_CrossABC1|1: 577 149 52 24 9 4 1 
63958|Child_CrossABC1|7: 584 149 52 24 9 4 1 
63959|Child_CrossABC1|7: 578 149 52 24 9 4 1 
63961|Child_Cross21|42: 573 149 52 24 9 4 1 
63962|Child_Cross12|25: 594 149 52 24 9 4 1 
63965|Child_Avg|3: 577 153 52 24 9 4 1 
63968|Child_Cross12|1|Mutated: 490 149 52 24 9 4 1 
63969|Child_Cross21|54: 574 149 52 24 9 4 1 
63973|Child_Cross21|10: 463 149 52 24 9 4 1 
63976|Child_Avg|23: 470 149 52 24 9 4 1 
63978|Child_Cross21|46: 472 149 52 24 9 4 1 
63980|Child_CrossABC1|7: 410 149 58 24 9 4 1 
63981|Child_Avg|11: 473 149 52 24 9 4 1 
63982|Child_Cross21|54: 453 149 52 24 9 4 1 
63986|Child_Cross12|9: 438 149 52 24 9 4 1 
63988|Child_Avg|31: 456 149 52 24 9 4 1 
63989|Child_Cross12|29: 442 149 52 24 9 4 1 
63997|Child_Cross12|41: 469 149 52 24 9 4 1 
63998|Child_Cross12|45: 459 149 52 24 9 4 1 
64003|Child_Cross21|30: 466 149 52 24 9 4 1 
64019|Child_Cross12|33: 476 149 52 24 9 4 1 
64020|Child_Avg|39: 426 153 52 24 9 4 1 
64021|Child_Levy|52|Mutated: 467 172 51 23 10 4 1 
64038|Child_Cross21|10: 417 149 52 24 9 4 1 
64053|Child_Cross12|57: 453 163 52 24 9 4 1 
64058|Child_Cross12|5: 460 149 52 24 9 4 1 
64061|Child_Avg|3: 450 141 52 24 9 4 1 
64067|Child_Cross12|5: 460 145 52 24 9 4 1 
64070|Child_Cross12|29: 448 141 52 24 9 4 1 
64072|Child_Cross21|50: 460 169 52 24 9 4 1 
64078|Child_Cross21|46|Mutated: 454 145 61 24 9 4 1 
64079|Child_Cross21|46: 395 150 52 24 9 4 1 
64081|Child_Cross21|50: 451 145 52 24 9 4 1 
64082|Child_Avg|47: 454 152 55 24 9 4 1 
64100|Survivor|1: 407 149 47 25 9 4 1 
64150|Survivor|1: 464 118 49 24 9 4 1 
64168|Survivor|1: 409 111 44 24 9 4 1 
64170|Child_Avg|35: 400 108 43 24 9 4 1 
64180|Child_Cross12|13|Mutated: 399 116 50 24 9 4 1 
64210|Child_Avg|11: 395 118 43 24 9 4 1 
64270|Child_Cross12|21: 421 136 49 21 10 4 1 
64277|Survivor|1: 394 143 67 21 10 4 1 
64280|Survivor|1: 409 129 52 20 9 4 1 
64284|Child_CrossABC1|1: 443 129 52 20 9 4 1 
64291|Survivor|1: 397 127 46 20 9 4 1 
64301|Child_Cross12|13: 415 128 43 20 9 4 1 
64304|Survivor|1: 416 127 43 20 9 4 1 
64332|Survivor|1: 413 128 43 20 9 4 1 
64335|Survivor|1: 379 132 45 19 10 4 1 
64338|Child_CrossABC1|1: 436 141 48 20 9 4 1 
64343|Survivor|1: 428 127 46 20 9 4 1 
64349|Survivor|1: 448 124 44 19 10 4 1 
64415|Child_Avg|59: 405 126 55 24 9 4 1 
64417|Child_Avg|27: 401 129 50 24 9 4 1 
64419|Child_Cross21|34: 423 129 50 24 9 4 1 
64420|Child_Cross12|13: 403 144 46 24 9 4 1 
64421|Child_Cross21|50: 401 139 52 24 9 4 1 
64423|Child_Levy|52: 415 131 50 24 9 4 1 
64425|Child_CrossABC2|8: 409 130 49 24 9 4 1 
64434|Child_CrossABC2|8: 423 143 49 24 9 4 1 
64435|Child_CrossABC2|8: 420 133 49 24 9 4 1 
64461|Child_CrossABC1|1: 411 128 49 24 9 4 1 
64464|Child_Cross12|25: 421 126 49 24 9 4 1 
64482|Child_Avg|55: 415 117 49 24 9 4 1 
64512|Child_Avg|55|Mutated: 412 126 55 24 9 4 1 
64522|Survivor|1: 481 141 49 24 9 4 1 
64529|Child_CrossABC2|2: 420 167 59 24 9 4 1 
64538|Child_Avg|11: 414 143 55 24 9 4 1 
64539|Child_Avg|31: 389 157 55 24 9 4 1 
64541|Child_CrossABC2|2: 374 152 55 24 9 4 1 
64545|Survivor|1: 394 135 55 24 9 4 1 
64546|Child_Cross21|58: 388 140 55 24 9 4 1 
64549|Child_Avg|3: 394 139 52 24 9 4 1 
64552|Child_Levy|12: 383 141 52 24 9 4 1 
64555|Child_CrossABC2|8: 388 139 52 24 9 4 1 
64556|Child_Cross12|53: 383 140 50 24 9 4 1 
64561|Child_Cross12|5: 404 139 49 24 9 4 1 
64564|Child_Cross12|57: 389 136 49 24 9 4 1 
64652|Child_Avg|7: 413 130 55 24 9 4 1 
64657|Survivor|1: 351 129 53 24 9 4 1 
64663|Survivor|1: 351 125 52 29 9 4 1 
64665|Child_Avg|51: 453 138 56 25 9 4 1 
64666|Child_Levy|16: 350 112 47 23 10 4 1 
64667|Child_Levy|56: 372 115 49 24 9 4 1 
64676|Survivor|1: 387 122 52 24 9 4 1 
64687|Child_CrossABC2|2: 387 128 49 24 9 4 1 
64689|Child_CrossABC1|7: 387 132 62 24 9 4 1 
64699|Child_Cross12|1: 401 139 58 24 9 4 1 
64706|Child_CrossABC1|1: 400 143 59 24 9 4 1 
64708|Child_Cross12|33: 386 132 53 24 9 4 1 
64710|Child_Levy|20: 385 134 50 24 9 4 1 
64724|Child_Cross21|46: 377 132 46 24 9 4 1 
64753|Survivor|1: 388 125 44 23 10 4 1 
64774|Survivor|1: 396 125 46 24 9 4 1 
64800|Child_Avg|7: 527 145 64 24 9 4 1 
64801|Child_Levy|44: 371 129 51 23 10 4 1 
64815|Child_Avg|51: 354 132 43 24 9 4 1 
64821|Survivor|1: 414 126 53 24 9 4 1 
64827|Child_Avg|3: 362 130 49 24 9 4 1 
64870|Child_CrossABC1|1: 381 124 43 20 9 4 1 
64906|Survivor|1: 417 138 55 23 10 4 1 
64914|Survivor|1: 397 148 51 19 10 4 1 
64929|Survivor|1: 383 133 46 20 9 4 1 
64932|Survivor|1: 376 126 46 21 10 4 1 
64941|Survivor|1: 364 128 45 23 10 4 1 
65010|Child_Cross12|53: 343 122 43 24 9 4 1 
65038|Child_CrossABC1|1: 367 136 49 24 9 4 1 
65040|Survivor|1: 361 132 56 24 9 4 1 
65047|Survivor|1: 365 127 46 20 9 4 1 
65055|Child_Cross12|25: 378 122 43 20 9 4 1 
65071|Child_Cross21|14: 342 121 43 20 9 4 1 
65075|Child_Cross21|14: 378 141 43 20 9 4 1 
65121|Survivor|1: 437 115 52 19 10 4 1 
65126|Survivor|1: 397 112 43 19 10 4 1 
65141|Survivor|1: 393 110 42 19 10 4 1 
65172|Child_Cross12|25: 394 149 47 23 10 4 1 
65188|Child_CrossABC2|8: 384 135 47 23 10 4 1 
65201|Survivor|1: 362 125 44 23 10 4 1 
65218|Survivor|1: 386 132 52 27 10 4 1 
65268|Child_Avg|3: 379 123 47 23 10 4 1 
65278|Child_Avg|39: 385 118 44 23 10 4 1 
65288|Survivor|1: 383 118 44 23 10 4 1 
65298|Survivor|1: 392 129 50 24 9 4 1 
65405|Survivor|1: 398 116 43 24 9 4 1 
65428|Child_Cross12|5: 379 106 41 19 10 4 1 
65460|Survivor|1: 382 129 44 24 9 4 1 
65503|Survivor|1: 420 123 53 25 9 4 1 
65508|Survivor|1: 367 117 52 24 9 4 1 
65516|Survivor|1: 383 138 61 21 10 4 1 
65558|Survivor|1: 374 106 41 19 10 4 1 
65597|Child_Cross21|58: 405 109 49 24 9 4 1 
65660|Child_Levy|16: 371 114 49 24 9 4 1 
65664|Survivor|1: 371 114 58 24 9 4 1 
65729|Child_Cross12|9|Mutated: 423 134 51 23 10 4 1 
65791|Survivor|1: 415 127 49 24 9 4 1 
65802|Child_CrossABC1|1: 423 129 52 24 9 4 1 
65845|Child_Cross12|45: 422 127 49 24 9 4 1 
65890|Survivor|1: 409 130 48 23 10 4 1 
65896|Child_Avg|39: 404 130 45 23 10 4 1 
65897|Child_Cross21|38: 384 123 47 23 10 4 1 
65905|Child_CrossABC2|2: 397 124 47 23 10 4 1 
65913|Survivor|1: 366 121 51 23 10 4 1 
65917|Child_Cross21|22: 350 122 47 23 10 4 1 
65931|Child_Levy|40: 432 118 54 19 10 4 1 
65940|Child_CrossABC1|7: 423 121 57 21 10 4 1 
65944|Survivor|1: 413 115 50 21 10 4 1 
65947|Child_Cross12|1: 394 113 47 21 10 4 1 
66042|Survivor|1: 444 122 49 21 10 4 1 
66067|Child_Avg|19: 407 129 50 24 9 4 1 
66069|Survivor|1: 313 117 46 24 9 4 1 
66113|Child_Levy|44: 322 110 45 21 10 4 1 
66125|Child_Cross21|26: 362 113 43 24 9 4 1 
66139|Child_Cross12|5: 361 108 43 24 9 4 1 
66146|Child_Cross12|57: 361 112 43 24 9 4 1 
66158|Child_Avg|47: 392 112 43 24 9 4 1 
66228|Child_Cross12|33: 409 112 43 24 9 4 1 
66241|Survivor|1: 422 173 59 27 10 4 1 
66254|Child_CrossABC1|7: 428 175 63 27 10 4 1 
66258|Child_Levy|24: 373 133 54 23 10 4 1 
66263|Child_CrossABC2|2: 379 133 54 23 10 4 1 
66267|Child_Cross12|41: 362 129 51 23 10 4 1 
66269|Child_Avg|27: 405 137 52 24 9 4 1 
66271|Survivor|1: 365 135 48 23 10 4 1 
66277|Child_CrossABC1|1: 370 133 49 24 9 4 1 
66288|Survivor|1: 395 132 50 24 9 4 1 
66290|Survivor|1: 389 133 50 24 9 4 1 
66295|Child_CrossABC2|2: 388 126 49 24 9 4 1 
66300|Child_Avg|23: 386 126 49 24 9 4 1 
66310|Child_CrossABC1|1: 384 133 56 24 9 4 1 
66312|Child_Cross21|46: 389 128 49 24 9 4 1 
66319|Child_Cross21|14: 370 113 43 24 9 4 1 
66329|Child_Avg|27: 401 111 47 24 9 4 1 
66344|Child_Cross21|58: 416 112 43 24 9 4 1 
66360|Child_Avg|27: 395 112 43 24 9 4 1 
66431|Survivor|1: 395 123 48 20 9 4 1 
66497|Survivor|1: 498 171 58 24 9 4 1 
66528|Child_Cross21|38: 360 129 41 23 8 3 1 
66585|Survivor|1: 347 119 41 19 10 4 1 
66613|Child_Avg|51: 465 143 53 29 9 4 1 
66622|Child_Cross12|41|Mutated: 380 152 55 24 9 4 1 
66624|Survivor|1|Mutated: 399 152 55 24 9 4 1 
66628|Child_LevyP1|9: 389 145 55 24 9 4 1 
66629|Child_CrossABC2|2: 395 159 55 24 9 4 1 
66636|Child_Cross12|49: 357 133 53 24 9 4 1 
66637|Child_Avg|3: 383 138 52 24 9 4 1 
66655|Child_Cross21|6: 389 126 47 24 9 4 1 
66674|Survivor|1: 672 190 56 27 10 4 1 
66693|Child_Levy|24: 418 125 47 24 9 4 1 
66729|Survivor|1: 403 137 50 24 9 4 1 
66733|Survivor|1: 397 160 47 24 9 4 1 
66734|Child_Avg|47: 417 132 50 24 9 4 1 
66735|Child_Avg|23: 407 134 50 24 9 4 1 
66765|Child_CrossABC1|1|Mutated: 424 128 53 24 9 4 1 
66787|Child_CrossABC2|8: 439 129 44 24 9 4 1 
66858|Survivor|1: 403 131 45 23 10 4 1 
66915|Survivor|1: 348 121 47 24 9 4 1 
66921|Survivor|1: 350 121 46 24 9 4 1 
66930|Child_CrossABC1|7: 352 123 46 24 9 4 1 
66934|Child_Cross21|22: 341 126 44 24 9 4 1 
66938|Child_Cross21|54: 337 131 43 24 9 4 1 
66949|Survivor|1: 327 127 43 24 9 4 1 
66970|Child_Cross12|13: 570 181 74 25 14 4 1 
66973|Child_Cross21|30|Mutated: 463 185 62 24 9 4 1 
66975|Child_Cross21|50: 460 177 55 24 9 4 1 
66978|Survivor|1|Mutated: 409 164 55 24 9 4 1 
66980|Child_Avg|39: 420 170 55 24 9 4 1 
66983|Child_Cross12|49: 410 159 52 24 9 4 1 
66986|Child_Avg|19: 386 150 49 24 9 4 1 
66991|Child_CrossABC1|7: 388 151 49 24 9 4 1 
67010|Child_Levy|4|Mutated: 608 145 51 19 10 4 1 
67038|Child_Avg|47: 364 121 43 20 9 4 1 
67050|Survivor|1: 355 118 43 20 9 4 1 
67056|Child_Avg|47: 370 121 43 20 9 4 1 
67119|Child_Cross21|30|Mutated: 401 112 39 20 9 4 1 
67222|Survivor|1: 671 197 61 29 10 4 1 
67230|Child_Levy|32: 418 127 49 25 9 4 1 
67239|Child_Levy|12: 413 134 45 21 10 4 1 
67263|Child_Cross21|46|Mutated: 401 123 55 24 9 4 1 
67307|Child_CrossABC2|2: 447 132 47 23 10 4 1 
67325|Child_Cross12|1: 433 127 44 23 10 4 1 
67328|Child_Cross12|9: 434 125 44 23 10 4 1 
67344|Child_Cross12|37: 429 125 44 23 10 4 1 
67384|Child_Avg|43: 420 125 48 21 10 4 1 
67393|Child_Cross12|45: 416 125 44 23 10 4 1 
67432|Child_Avg|31: 415 125 44 23 10 4 1 
67455|Child_Avg|7: 445 146 62 24 9 4 1 
67456|Child_Cross12|49: 420 138 59 24 9 4 1 
67459|Child_CrossABC1|7: 387 139 55 24 9 4 1 
67460|Child_CrossABC1|1: 393 138 52 24 9 4 1 
67461|Child_Cross21|54: 397 142 52 24 9 4 1 
67464|Survivor|1: 397 141 52 24 9 4 1 
67468|Child_CrossABC1|1: 372 133 55 24 9 4 1 
67529|Child_CrossABC1|7: 386 117 46 24 9 4 1 
67588|Child_LevyP1|3: 582 167 55 24 9 4 1 
67590|Survivor|1: 416 128 55 24 9 4 1 
67598|Child_CrossABC1|7: 418 132 59 24 9 4 1 
67602|Child_Avg|43: 439 134 53 24 9 4 1 
67610|Child_Levy|32: 429 129 50 24 9 4 1 
67611|Child_CrossABC1|7: 405 133 53 24 9 4 1 
67615|Child_CrossABC2|8: 459 134 50 24 9 4 1 
67616|Survivor|1|Mutated: 459 134 59 24 9 4 1 
67620|Child_CrossABC1|1: 418 132 49 24 9 4 1 
67624|Survivor|1: 424 132 55 24 9 4 1 
67635|Survivor|1|Mutated: 419 132 55 24 9 4 1 
67636|Child_CrossABC1|1: 421 136 55 24 9 4 1 
67641|Child_CrossABC1|1: 385 116 50 24 9 4 1 
67649|Child_CrossABC1|7: 391 119 49 24 9 4 1 
67664|Child_CrossABC1|1: 381 142 50 24 9 4 1 
67668|Survivor|1: 359 132 49 24 9 4 1 
67676|Child_LevyABC1|11|Mutated: 359 138 47 24 9 4 1 
67685|Survivor|1: 363 126 44 24 9 4 1 
67710|Child_Avg|23: 406 136 47 23 10 4 1 
67720|Survivor|1: 398 134 47 21 10 4 1 
67726|Survivor|1: 362 115 50 21 10 4 1 
67746|Child_Avg|35: 419 143 58 23 10 4 1 
67748|Survivor|1: 363 163 49 24 9 4 1 
67756|Survivor|1: 401 143 46 24 9 4 1 
67762|Child_CrossABC2|2: 413 152 46 24 9 4 1 
67770|Survivor|1: 353 146 46 24 9 4 1 
67805|Child_Cross12|41: 368 115 40 24 9 4 1 
67844|Survivor|1: 389 125 46 24 9 4 1 
67854|Survivor|1|Mutated: 392 121 45 23 10 4 1 
67855|Child_Avg|11: 369 145 43 24 9 4 1 
67856|Child_CrossABC2|2: 359 121 45 23 10 4 1 
67893|Child_Cross12|41: 305 141 64 24 9 4 1 
67906|Child_Avg|23: 385 149 48 20 9 4 1 
67916|Survivor|1: 373 137 48 21 10 4 1 
67919|Survivor|1: 373 112 45 21 10 4 1 
67932|Survivor|1: 367 121 43 24 9 4 1 
67955|Survivor|1: 372 114 44 23 10 4 1 
67958|Child_Levy|52: 437 190 72 27 10 4 1 
67963|Survivor|1: 400 145 53 27 10 4 1 
67984|Survivor|1|Mutated: 388 133 43 24 9 4 1 
68004|Child_CrossABC1|1: 424 121 50 24 9 4 1 
68023|Child_CrossABC1|7: 423 124 59 24 9 4 1 
68026|Child_Cross21|58: 498 157 57 23 10 4 1 
68028|Child_Cross21|58: 408 134 49 24 9 4 1 
68030|Child_CrossABC1|7: 484 131 52 24 9 4 1 
68043|Survivor|1: 443 132 46 24 9 4 1 
68052|Child_Cross21|38|Mutated: 423 132 49 24 9 4 1 
68062|Child_Cross12|29: 371 130 46 24 9 4 1 
68069|Child_Cross12|37: 427 130 46 24 9 4 1 
68108|Child_Cross21|30: 406 128 43 24 9 4 1 
68122|Child_Avg|27: 398 123 43 24 9 4 1 
68166|Survivor|1: 393 127 46 21 10 4 1 
68180|Survivor|1: 581 148 63 25 9 4 1 
68208|Survivor|1: 413 114 44 24 9 4 1 
68277|Child_CrossABC1|7: 444 169 56 24 9 4 1 
68279|Survivor|1: 390 111 49 24 9 4 1 
68282|Child_Levy|12: 386 154 49 24 9 4 1 
68285|Child_Cross21|6: 407 153 49 24 9 4 1 
68286|Child_Levy|56: 409 146 64 24 9 4 1 
68288|Child_CrossABC1|7: 406 161 55 24 9 4 1 
68305|Child_Levy|52: 411 159 49 24 9 4 1 
68309|Child_Levy|12: 397 143 44 24 9 4 1 
68313|Child_CrossABC2|2: 388 141 46 24 9 4 1 
68338|Survivor|1: 367 142 43 24 9 4 1 
68427|Child_Cross21|38: 411 131 49 21 10 4 1 
68449|Survivor|1: 404 144 45 23 10 4 1 
68472|Child_Levy|40|Mutated: 397 142 43 24 9 4 1 
68476|Survivor|1: 436 129 44 24 9 4 1 
68493|Child_CrossABC2|8: 396 126 49 24 9 4 1 
68509|Child_Avg|3: 426 128 47 24 9 4 1 
68512|Child_CrossABC2|2: 428 128 47 24 9 4 1 
68513|Child_CrossABC2|2: 425 128 47 24 9 4 1 
68514|Child_CrossABC1|7: 427 128 47 24 9 4 1 
68542|Child_Avg|47: 383 125 46 24 9 4 1 
68554|Child_CrossABC1|7: 414 127 49 24 9 4 1 
68597|Child_Levy|20: 393 132 50 24 9 4 1 
68612|Child_Avg|51: 351 133 47 21 10 4 1 
68683|Child_Avg|55: 472 141 62 19 10 4 1 
68705|Survivor|1: 404 115 52 19 10 4 1 
68707|Child_Cross12|9: 393 115 52 19 10 4 1 
68789|Child_CrossABC2|8: 448 155 50 24 9 4 1 
68793|Child_Avg|23: 401 145 50 24 9 4 1 
68797|Child_CrossABC2|2: 407 125 52 24 9 4 1 
68799|Child_CrossABC2|8: 408 129 53 24 9 4 1 
68813|Child_Avg|19: 418 135 55 24 9 4 1 
68815|Child_CrossABC1|1: 418 136 53 24 9 4 1 
68822|Child_LevyABC2|6|Mutated: 420 136 60 21 10 4 1 
68829|Child_CrossABC2|8: 413 131 49 21 10 4 1 
68831|Child_CrossABC1|1: 384 131 45 21 10 4 1 
68833|Survivor|1: 401 124 45 21 10 4 1 
68837|Survivor|1|Mutated: 391 116 44 23 10 4 1 
68858|Child_Avg|19|Mutated: 400 144 47 24 9 4 1 
68908|Survivor|1: 321 121 46 24 9 4 1 
68917|Child_CrossABC1|1: 425 129 45 20 9 4 1 
68918|Child_CrossABC1|1: 409 129 45 20 9 4 1 
68978|Child_CrossABC2|8: 425 135 49 21 10 4 1 
68982|Child_LevyABC1|5: 402 121 50 24 9 4 1 
68988|Child_Cross21|58: 436 125 48 21 10 4 1 
68994|Child_Cross12|1: 431 124 47 23 10 4 1 
69046|Child_Cross21|34|Mutated: 399 118 44 23 10 4 1 
69058|Child_Cross12|41: 403 127 44 23 10 4 1 
69086|Survivor|1: 343 126 64 24 9 4 1 
69089|Survivor|1: 380 112 59 24 9 4 1 
69098|Child_Cross12|33: 348 121 50 24 9 4 1 
69109|Child_Cross12|21: 413 143 46 24 9 4 1 
69149|Child_CrossABC1|7: 369 137 59 24 9 4 1 
69156|Child_Cross21|10: 360 133 53 24 9 4 1 
69159|Survivor|1: 377 114 47 24 9 4 1 
69184|Child_Avg|11: 389 123 43 24 9 4 1 
69268|Survivor|1: 477 154 64 24 9 4 1 
69273|Child_Avg|19: 359 158 65 24 9 4 1 
69276|Child_Cross12|9: 405 142 55 24 9 4 1 
69280|Child_CrossABC1|7: 409 141 56 24 9 4 1 
69285|Child_CrossABC2|8: 433 134 50 24 9 4 1 
69294|Child_Levy|24: 401 125 48 23 10 4 1 
69296|Survivor|1: 395 127 59 24 9 4 1 
69298|Survivor|1|Mutated: 395 147 59 24 9 4 1 
69315|Child_Avg|59: 391 138 52 24 9 4 1 
69351|Child_CrossABC1|1: 643 160 59 24 9 4 1 
69367|Child_CrossABC2|8: 621 162 56 24 9 4 1 
69368|Child_Cross12|13: 947 371 146 56 24 9 4 1 
69376|Child_Avg|59: 376 147 55 24 9 4 1 
69377|Child_CrossABC2|2: 412 143 59 24 9 4 1 
69383|Child_Avg|51: 405 134 50 24 9 4 1 
69389|Child_CrossABC2|2: 409 133 49 24 9 4 1 
69390|Child_Avg|39: 386 138 49 24 9 4 1 
69392|Child_Cross12|57: 439 136 49 24 9 4 1 
69437|Survivor|1: 405 129 44 24 9 4 1 
69515|Survivor|1: 338 121 46 20 9 4 1 
69521|Survivor|1: 337 122 48 20 9 4 1 
69640|Child_Cross21|18: 415 122 46 24 9 4 1 
69658|Survivor|1: 427 125 43 20 9 4 1 
69677|Child_Avg|43: 410 110 43 20 9 4 1 
69728|Survivor|1: 363 108 41 19 10 4 1 
69730|Child_CrossABC1|7: 341 124 44 19 10 4 1 
69813|Child_Avg|51: 380 111 43 20 9 4 1 
69837|Child_Avg|47|Mutated: 395 110 43 20 9 4 1 
69902|Child_Cross21|38: 470 171 59 24 9 4 1 
69911|Child_Cross12|13: 397 171 59 24 9 4 1 
69912|Child_Cross12|49: 406 154 55 24 9 4 1 
69913|Child_CrossABC1|7: 422 169 59 24 9 4 1 
69914|Child_Avg|3: 400 160 55 24 9 4 1 
69922|Child_Cross12|9|Mutated: 404 169 61 24 9 4 1 
69937|Child_Levy|32: 358 159 47 23 10 4 1 
69938|Child_CrossABC2|8: 373 155 50 24 9 4 1 
69940|Child_Avg|43: 367 152 46 24 9 4 1 
69943|Survivor|1: 369 152 46 24 9 4 1 
69957|Child_Cross12|49: 607 155 52 29 9 4 1 
69973|Child_CrossABC1|1: 420 114 49 21 10 4 1 
69982|Child_Cross12|45: 387 118 45 21 10 4 1 
69988|Survivor|1: 394 112 45 21 10 4 1 
69990|Child_Cross21|58: 398 118 45 21 10 4 1 
69998|Child_Avg|51: 399 118 43 20 9 4 1 
70068|Child_Levy|24: 610 192 76 27 10 4 1 
70070|Child_Cross21|46: 645 154 59 27 10 4 1 
70073|Child_Avg|15: 590 163 68 24 9 4 1 
70078|Child_CrossABC2|2|Mutated: 552 148 59 24 9 4 1 
70080|Child_Cross21|10: 481 151 53 24 9 4 1 
70083|Child_Avg|3: 443 143 57 23 10 4 1 
70087|Survivor|1: 429 146 58 23 10 4 1 
70092|Child_CrossABC2|2: 441 140 49 24 9 4 1 
70094|Survivor|1: 462 142 49 24 9 4 1 
70097|Child_Cross12|33|Mutated: 440 139 55 24 9 4 1 
70100|Child_CrossABC2|2: 439 138 56 24 9 4 1 
70102|Child_Cross12|41: 444 139 49 24 9 4 1 
70105|Child_Cross21|50: 465 136 49 24 9 4 1 
70107|Child_Cross21|58: 451 138 49 24 9 4 1 
70113|Child_Cross21|42: 457 137 49 24 9 4 1 
70114|Child_Cross12|25: 453 139 49 24 9 4 1 
70115|Child_Cross21|34: 451 136 49 24 9 4 1 
70127|Child_Cross21|10: 448 140 49 24 9 4 1 
70137|Child_Cross12|13: 440 133 49 24 9 4 1 
70138|Child_Cross21|10: 376 136 49 24 9 4 1 
70142|Child_Cross12|41: 445 143 49 24 9 4 1 
70147|Child_CrossABC2|2: 442 130 49 24 9 4 1 
70198|Survivor|1: 474 123 61 24 9 4 1 
70200|Child_CrossABC2|8: 457 125 59 24 9 4 1 
70201|Child_Avg|39|Mutated: 457 145 55 24 9 4 1 
70214|Child_Avg|3: 388 125 52 24 9 4 1 
70216|Child_Cross12|21: 359 117 49 21 10 4 1 
70223|Survivor|1: 404 143 45 23 10 4 1 
70229|Survivor|1|Mutated: 378 121 50 24 9 4 1 
70276|Survivor|1: 400 108 43 20 9 4 1 
70289|Child_CrossABC1|7: 363 113 46 20 9 4 1 
70319|Child_CrossABC1|7: 387 118 43 24 9 4 1 
70321|Child_Cross12|9|Mutated: 360 126 49 24 9 4 1 
70377|Survivor|1: 435 188 62 24 9 4 1 
70381|Child_Avg|11: 453 164 50 24 9 4 1 
70384|Child_CrossABC2|2|Mutated: 454 159 50 24 9 4 1 
70388|Child_CrossABC2|2: 465 164 62 24 9 4 1 
70391|Child_CrossABC1|7: 454 150 55 24 9 4 1 
70397|Child_CrossABC2|2: 454 138 55 24 9 4 1 
70402|Child_CrossABC1|1: 379 152 46 24 9 4 1 
70408|Child_CrossABC1|1: 407 164 49 24 9 4 1 
70412|Survivor|1: 417 154 46 24 9 4 1 
70419|Survivor|1: 363 152 46 24 9 4 1 
70429|Child_CrossABC2|2: 436 157 56 24 9 4 1 
70439|Survivor|1: 369 148 44 23 10 4 1 
70486|Survivor|1: 401 148 52 29 9 4 1 
70491|Survivor|1: 405 140 52 27 10 4 1 
70497|Survivor|1: 393 138 54 23 10 4 1 
70523|Child_Cross21|42: 501 142 57 21 10 4 1 
70525|Child_LevyABC1|5: 639 142 56 21 10 4 1 
70527|Survivor|1: 609 142 57 21 10 4 1 
70529|Child_Cross21|54: 530 137 52 20 9 4 1 
70534|Survivor|1: 404 137 52 24 9 4 1 
70542|Child_Levy|48: 420 127 46 20 9 4 1 
70551|Child_Avg|23: 415 127 43 20 9 4 1 
70569|Child_Cross12|13: 412 128 41 19 10 4 1 
70600|Survivor|1: 416 127 41 19 10 4 1 
70602|Child_Cross12|33: 934 387 113 50 23 8 3 1 
70606|Child_LevyP1|9: 945 390 108 49 24 9 4 1 
70609|Survivor|1: 387 123 46 24 9 4 1 
70618|Child_CrossABC2|8: 382 116 43 24 9 4 1 
70631|Child_CrossABC2|2: 386 107 52 24 9 4 1 
70643|Child_Avg|7: 379 125 56 24 9 4 1 
70644|Child_Cross21|14: 359 135 55 24 9 4 1 
70646|Survivor|1: 359 126 55 24 9 4 1 
70647|Child_Avg|51: 374 129 56 24 9 4 1 
70648|Child_Avg|51: 368 123 55 24 9 4 1 
70649|Child_Levy|20: 353 129 51 23 10 4 1 
70670|Child_Cross21|30: 386 143 46 24 9 4 1 
70671|Child_Avg|59: 386 141 46 24 9 4 1 
70679|Child_Avg|43: 369 143 46 24 9 4 1 
70682|Child_Avg|43: 391 143 46 24 9 4 1 
70692|Child_Cross12|45: 388 139 44 24 9 4 1 
70699|Child_CrossABC1|7: 389 138 59 24 9 4 1 
70705|Child_CrossABC1|7: 386 139 58 24 9 4 1 
70748|Survivor|1: 414 157 51 23 10 4 1 
70751|Survivor|1: 372 148 47 23 10 4 1 
70752|Child_Cross12|57|Mutated: 397 141 45 23 10 4 1 
70757|Child_Avg|15: 393 143 45 23 10 4 1 
70765|Survivor|1: 386 144 43 20 9 4 1 
70789|Child_Levy|8|Mutated: 412 131 49 21 10 4 1 
70796|Child_CrossABC1|1: 384 125 43 20 9 4 1 
70843|Child_Cross12|21: 427 130 43 20 9 4 1 
70910|Survivor|1: 352 122 48 23 10 4 1 
70925|Survivor|1: 361 112 59 24 9 4 1 
70929|Child_Levy|36: 385 125 47 23 10 4 1 
70938|Child_CrossABC1|1: 377 119 57 23 10 4 1 
70976|Survivor|1: 356 114 42 19 10 4 1 
70985|Child_CrossABC1|7: 366 111 47 23 10 4 1 
71009|Survivor|1: 410 113 43 24 9 4 1 
71139|Survivor|1: 452 133 48 23 10 4 1 
71154|Child_Cross21|10: 423 126 47 23 10 4 1 
71155|Child_Cross21|38: 428 132 47 23 10 4 1 
71156|Child_Avg|31: 442 125 47 23 10 4 1 
71167|Survivor|1: 422 125 44 23 10 4 1 
71185|Survivor|1: 368 114 55 24 9 4 1 
71191|Survivor|1: 378 114 55 24 9 4 1 
71209|Survivor|1: 373 110 50 24 9 4 1 
71215|Child_CrossABC2|8: 391 116 50 24 9 4 1 
71272|Random|5: 639 136 61 24 9 4 1 
71275|Child_CrossABC1|7: 564 137 55 24 9 4 1 
71278|Survivor|1: 538 145 52 24 9 4 1 
71281|Child_CrossABC1|7: 417 157 50 24 9 4 1 
71285|Survivor|1: 407 155 52 24 9 4 1 
71288|Survivor|1: 441 129 49 24 9 4 1 
71294|Child_CrossABC1|1: 441 128 49 24 9 4 1 
71297|Child_CrossABC2|2: 395 145 46 24 9 4 1 
71323|Survivor|1: 400 117 41 24 9 4 1 
71327|Survivor|1: 606 164 61 24 9 4 1 
71330|Child_CrossABC1|7: 600 161 58 24 9 4 1 
71339|Survivor|1|Mutated: 600 183 58 24 9 4 1 
71344|Child_CrossABC1|7: 389 129 53 24 9 4 1 
71346|Child_Cross21|18: 382 135 50 24 9 4 1 
71406|Child_Avg|15: 401 145 50 23 10 4 1 
71415|Child_CrossABC2|2: 371 133 47 23 10 4 1 
71418|Child_Cross21|26: 401 137 47 23 10 4 1 
71429|Child_Cross21|58: 374 135 47 23 10 4 1 
71443|Survivor|1: 391 135 48 23 10 4 1 
71459|Child_Levy|48: 413 113 49 21 10 4 1 
71465|Survivor|1: 383 109 45 21 10 4 1 
71482|Child_CrossABC1|7: 389 114 44 19 10 4 1 
71486|Child_Cross12|17: 356 107 43 20 9 4 1 
71522|Child_Cross21|2: 404 115 41 19 10 4 1 
71525|Child_Cross12|13: 393 115 41 19 10 4 1 
71540|Child_CrossABC2|2: 390 115 44 19 10 4 1 
71566|Child_CrossABC1|7: 377 115 41 19 10 4 1 
71582|Child_CrossABC2|2: 389 106 41 19 10 4 1 
71612|Child_Avg|39: 448 127 54 23 10 4 1 
71618|Child_CrossABC1|7: 449 127 54 23 10 4 1 
71623|Survivor|1|Mutated: 450 129 53 24 9 4 1 
71633|Survivor|1|Mutated: 383 123 50 24 9 4 1 
71671|Survivor|1|Mutated: 438 165 49 24 9 4 1 
71683|Child_Cross12|45: 379 135 47 24 9 4 1 
71685|Child_CrossABC1|7: 401 157 49 24 9 4 1 
71690|Survivor|1: 394 144 47 24 9 4 1 
71696|Survivor|1: 381 147 50 24 9 4 1 
71705|Survivor|1: 361 136 55 24 9 4 1 
71707|Child_Avg|15: 357 138 53 24 9 4 1 
71730|Child_CrossABC1|7: 357 138 55 24 9 4 1 
71750|Child_Avg|15: 373 131 50 24 9 4 1 
71759|Child_CrossABC1|7: 375 131 50 24 9 4 1 
71770|Survivor|1: 348 123 46 24 9 4 1 
71793|Child_CrossABC2|2: 372 113 46 24 9 4 1 
71796|Child_CrossABC2|2: 375 114 50 24 9 4 1 
71801|Child_CrossABC2|2: 384 117 49 24 9 4 1 
71804|Child_CrossABC2|8: 391 117 49 24 9 4 1 
71808|Child_CrossABC2|2: 411 118 49 24 9 4 1 
71846|Child_Avg|47: 374 113 46 24 9 4 1 
71847|Survivor|1|Mutated: 374 113 53 24 9 4 1 
71867|Survivor|1: 436 118 43 24 9 4 1 
71877|Child_CrossABC1|7: 433 118 43 24 9 4 1 
71894|Child_Cross12|21|Mutated: 413 116 49 24 9 4 1 
71897|Child_CrossABC2|2: 415 118 43 24 9 4 1 
71931|Child_Levy|36: 406 132 55 24 9 4 1 
71948|Survivor|1: 447 139 57 23 10 4 1 
71955|Survivor|1|Mutated: 443 139 57 23 10 4 1 
71958|Child_Cross12|41: 414 130 48 21 10 4 1 
71961|Child_CrossABC2|2: 394 132 49 24 9 4 1 
71981|Child_Cross12|45: 391 127 50 24 9 4 1 
71992|Child_CrossABC2|2: 398 112 47 23 10 4 1 
72021|Survivor|1: 391 116 41 19 10 4 1 
72068|Survivor|1: 407 128 41 19 10 4 1 
72114|Survivor|1: 379 116 43 20 9 4 1 
72118|Survivor|1: 383 114 44 20 9 4 1 
72123|Survivor|1: 386 104 43 20 9 4 1 
72127|Survivor|1: 388 101 43 20 9 4 1 
72134|Survivor|1: 431 101 43 20 9 4 1 
72139|Survivor|1: 427 130 48 20 9 4 1 
72150|Survivor|1: 404 126 44 21 10 4 1 
72168|Survivor|1: 326 122 43 19 10 4 1 
72236|Survivor|1: 611 229 70 29 9 4 1 
72306|Child_Levy|28: 669 193 69 27 10 4 1 
72313|Child_Cross21|18|Mutated: 542 165 64 24 9 4 1 
72315|Child_Cross12|9: 404 125 52 24 9 4 1 
72319|Child_Levy|40: 421 126 51 23 10 4 1 
72335|Child_Avg|3: 441 133 48 23 10 4 1 
72342|Child_CrossABC1|7: 453 146 47 23 10 4 1 
72345|Child_Levy|52: 405 136 50 21 10 4 1 
72355|Child_CrossABC2|2: 407 129 49 21 10 4 1 
72357|Child_Cross12|9: 400 132 49 21 10 4 1 
72367|Child_CrossABC1|7: 421 125 49 21 10 4 1 
72368|Child_CrossABC1|1|Mutated: 399 135 49 21 10 4 1 
72369|Child_Avg|11: 402 133 46 20 9 4 1 
72400|Survivor|1|Mutated: 395 113 45 21 10 4 1 
72412|Child_CrossABC1|7: 408 127 47 23 10 4 1 
72421|Child_Avg|51: 420 126 47 23 10 4 1 
72474|Child_Cross12|1: 369 105 43 20 9 4 1 
72481|Child_Avg|23: 441 141 55 27 10 4 1 
72497|Survivor|1: 408 127 47 24 9 4 1 
72501|Survivor|1: 366 121 45 23 10 4 1 
72506|Child_Avg|19: 619 170 62 33 9 4 1 
72515|Child_Avg|35: 491 159 59 24 9 4 1 
72530|Child_Cross21|22: 437 163 55 24 9 4 1 
72531|Child_CrossABC1|1: 465 162 56 24 9 4 1 
72536|Child_CrossABC1|1: 457 162 56 24 9 4 1 
72537|Child_Avg|51: 403 140 50 24 9 4 1 
72540|Child_Cross12|45: 401 133 52 24 9 4 1 
72542|Child_CrossABC1|7: 391 150 52 24 9 4 1 
72550|Survivor|1: 410 151 50 24 9 4 1 
72552|Survivor|1: 411 151 49 24 9 4 1 
72556|Child_Cross12|9: 400 136 49 24 9 4 1 
72564|Child_Cross21|6: 412 151 49 24 9 4 1 
72565|Child_Cross21|30: 415 152 49 24 9 4 1 
72575|Child_CrossABC1|1: 414 153 49 24 9 4 1 
72590|Child_CrossABC2|8: 403 160 50 24 9 4 1 
72593|Child_Cross21|50: 413 157 50 24 9 4 1 
72594|Child_CrossABC2|8: 398 157 50 24 9 4 1 
72600|Child_CrossABC1|7: 401 143 53 24 9 4 1 
72604|Child_CrossABC1|1: 384 145 50 24 9 4 1 
72636|Child_CrossABC2|2: 383 162 52 24 9 4 1 
72637|Child_CrossABC1|7: 383 139 59 24 9 4 1 
72709|Survivor|1: 331 125 52 24 9 4 1 
72714|Survivor|1: 410 130 45 23 10 4 1 
72761|Child_CrossABC2|2: 295 128 49 24 9 4 1 
72772|Survivor|1: 515 201 58 23 10 4 1 
72774|Child_Cross12|57: 398 167 56 25 9 4 1 
72778|Child_Cross21|18: 433 183 56 25 9 4 1 
72781|Child_Levy|16: 388 151 51 24 11 5 1 
72782|Child_Cross21|54: 393 154 49 24 9 4 1 
72799|Child_CrossABC1|7: 395 154 49 24 9 4 1 
72816|Child_Avg|47: 382 134 47 24 9 4 1 
72826|Survivor|1: 392 127 43 19 10 4 1 
72851|Survivor|1: 523 156 73 24 9 4 1 
72854|Child_Avg|7: 428 131 52 20 9 4 1 
72862|Survivor|1: 367 132 59 20 9 4 1 
72864|Child_CrossABC1|7: 369 109 54 20 9 4 1 
72867|Child_Cross21|50: 391 151 61 24 9 4 1 
72872|Child_CrossABC1|7: 389 147 55 24 9 4 1 
72884|Survivor|1|Mutated: 461 130 46 24 9 4 1 
72891|Survivor|1: 415 132 46 24 9 4 1 
72900|Child_Cross21|30: 408 151 43 24 9 4 1 
72923|Child_Avg|35: 402 131 52 24 9 4 1 
72925|Child_CrossABC1|7: 402 129 58 24 9 4 1 
72933|Child_Cross21|34: 445 161 59 24 9 4 1 
72934|Child_CrossABC1|1: 460 123 59 24 9 4 1 
72943|Survivor|1: 396 121 47 24 9 4 1 
72957|Survivor|1: 393 137 44 24 9 4 1 
72970|Survivor|1: 397 123 47 21 10 4 1 
72972|Child_CrossABC1|1: 396 122 49 21 10 4 1 
72980|Child_Avg|3: 389 116 46 20 9 4 1 
72985|Child_Cross21|2: 389 116 46 21 10 4 1 
73024|Survivor|1: 562 174 73 23 12 5 1 
73041|Survivor|1: 517 141 60 25 9 4 1 
73067|Survivor|1: 392 151 52 24 9 4 1 
73071|Child_CrossABC1|1: 417 141 52 24 9 4 1 
73096|Child_Avg|7: 411 112 43 24 9 4 1 
73098|Child_Cross12|5: 413 122 43 24 9 4 1 
73162|Survivor|1: 417 119 55 24 9 4 1 
73163|Child_Avg|11: 404 111 52 24 9 4 1 
73208|Child_LevyABC1|11: 409 112 43 19 10 4 1 
73224|Child_Cross21|2: 395 116 41 19 10 4 1 
73264|Survivor|1: 370 121 48 20 9 4 1 
73268|Child_Levy|44: 439 134 55 19 10 4 1 
73272|Child_Avg|23: 404 139 51 19 10 4 1 
73312|Child_CrossABC1|7: 401 125 43 20 9 4 1 
73358|Child_Avg|11: 455 159 52 24 9 4 1 
73384|Survivor|1: 472 136 47 23 10 4 1 
73390|Survivor|1: 439 132 47 23 10 4 1 
73400|Survivor|1: 450 131 45 23 10 4 1 
73413|Child_Cross12|25: 443 129 44 24 9 4 1 
73472|Survivor|1: 409 114 43 20 9 4 1 
73553|Survivor|1: 402 147 46 21 10 4 1 
73574|Survivor|1: 451 167 59 24 9 4 1 
73576|Child_CrossABC2|8: 395 127 46 20 9 4 1 
73582|Survivor|1: 415 142 48 20 9 4 1 
73594|Survivor|1: 392 134 45 21 10 4 1 
73602|Survivor|1: 357 135 50 21 10 4 1 
73619|Survivor|1: 661 189 65 24 9 4 1 
73622|Child_CrossABC1|7: 457 188 62 24 9 4 1 
73630|Child_Avg|3: 423 161 52 24 9 4 1 
73634|Child_Cross12|37: 437 155 50 24 9 4 1 
73636|Child_CrossABC2|2: 427 158 50 24 9 4 1 
73656|Child_Cross21|38: 413 128 47 24 9 4 1 
73711|Survivor|1: 537 158 50 24 9 4 1 
73723|Child_CrossABC1|1: 387 159 52 24 9 4 1 
73725|Survivor|1: 391 151 49 24 9 4 1 
73726|Child_Avg|31: 389 152 49 24 9 4 1 
73731|Survivor|1: 405 156 49 24 9 4 1 
73732|Child_Cross12|25: 411 150 43 24 9 4 1 
73746|Child_Cross21|22|Mutated: 390 129 50 24 9 4 1 
73747|Child_Cross21|18: 402 145 43 24 9 4 1 
73749|Child_Cross21|42: 403 142 43 24 9 4 1 
73754|Child_Cross12|1: 403 146 43 24 9 4 1 
73784|Child_Cross12|49: 404 142 43 24 9 4 1 
73788|Child_Cross21|34: 399 145 43 24 9 4 1 
73802|Survivor|1: 515 188 61 24 9 4 1 
73807|Child_Avg|7: 481 163 58 24 9 4 1 
73815|Survivor|1: 384 131 55 24 9 4 1 
73823|Child_CrossABC1|7: 422 127 52 24 9 4 1 
73831|Child_Avg|27: 400 132 49 24 9 4 1 
73839|Child_CrossABC1|7: 379 123 57 23 10 4 1 
73849|Child_Levy|16: 383 121 49 21 10 4 1 
73932|Survivor|1: 369 116 41 19 10 4 1 
73957|Child_Avg|19: 391 116 46 21 10 4 1 
73961|Child_Cross21|26: 393 116 50 24 9 4 1 
73972|Child_Cross21|10: 405 108 49 24 9 4 1 
73976|Survivor|1|Mutated: 394 121 43 19 10 4 1 
73990|Survivor|1: 443 130 49 24 11 4 1 
73994|Child_CrossABC2|2: 391 133 46 24 9 4 1 
74006|Child_Avg|23: 406 131 44 24 9 4 1 
74014|Child_CrossABC1|1: 420 122 43 24 9 4 1 
74073|Child_Cross21|42: 407 113 48 23 10 4 1 
74087|Survivor|1: 418 119 44 23 10 4 1 
74094|Child_Levy|56: 396 123 47 21 10 4 1 
74109|Child_Avg|3: 398 118 45 20 9 4 1 
74148|Child_Cross12|29: 341 131 60 23 10 4 1 
74152|Child_CrossABC2|2: 357 135 60 23 10 4 1 
74156|Child_CrossABC2|2: 403 135 60 23 10 4 1 
74157|Child_Avg|7: 365 135 58 23 10 4 1 
74159|Child_CrossABC1|1: 361 135 58 23 10 4 1 
74160|Child_Avg|15: 389 151 60 23 10 4 1 
74161|Child_Avg|47: 391 141 57 23 10 4 1 
74163|Child_Cross12|45: 404 143 54 23 10 4 1 
74165|Child_CrossABC1|7: 417 144 57 23 10 4 1 
74167|Survivor|1: 408 145 54 23 10 4 1 
74169|Child_CrossABC1|7: 405 145 54 23 10 4 1 
74170|Child_CrossABC1|7: 387 145 54 23 10 4 1 
74171|Child_CrossABC2|8|Mutated: 402 145 54 23 10 4 1 
74177|Child_Cross21|22: 388 135 48 23 10 4 1 
74178|Child_Avg|23: 399 153 57 23 10 4 1 
74224|Child_LevyP2|4: 389 146 52 24 9 4 1 
74230|Child_Cross21|10: 373 132 46 24 9 4 1 
74302|Child_Levy|60: 401 124 58 24 9 4 1 
74410|Child_CrossABC1|7: 353 124 46 24 9 4 1 
74438|Child_Levy|24: 377 114 47 23 10 4 1 
74479|Child_Cross12|49: 492 185 55 27 10 4 1 
74482|Child_Cross21|46: 459 198 55 27 10 4 1 
74487|Child_CrossABC2|8: 415 173 59 24 9 4 1 
74491|Survivor|1: 402 155 52 24 9 4 1 
74492|Child_CrossABC1|7: 411 133 52 24 9 4 1 
74493|Child_Cross12|9: 407 156 49 24 9 4 1 
74500|Child_Cross21|10: 393 148 47 24 9 4 1 
74505|Child_CrossABC1|1: 385 147 47 23 10 4 1 
74511|Child_CrossABC2|2: 377 137 46 24 9 4 1 
74515|Survivor|1: 415 145 43 24 9 4 1 
74524|Child_Avg|31: 418 129 50 24 9 4 1 
74528|Child_Avg|31: 420 130 48 21 10 4 1 
74536|Child_Cross21|46: 389 136 46 20 9 4 1 
74552|Survivor|1: 407 134 44 19 10 4 1 
74572|Child_Avg|35: 403 138 45 19 10 4 1 
74575|Survivor|1: 386 134 44 19 10 4 1 
74635|Child_CrossABC2|8: 411 130 50 24 9 4 1 
74681|Child_Cross12|41|Mutated: 401 127 48 25 10 4 1 
74687|Child_Cross21|54: 332 125 47 23 10 4 1 
74693|Child_Avg|55: 408 121 44 24 9 4 1 
74709|Survivor|1: 412 123 44 19 10 4 1 
74725|Survivor|1: 429 119 41 19 10 4 1 
74736|Child_Cross21|22: 424 118 41 19 10 4 1 
74825|Survivor|1: 358 109 49 24 9 4 1 
74826|Child_Cross12|13: 387 126 46 24 9 4 1 
74827|Child_CrossABC2|8: 357 108 50 24 9 4 1 
74833|Child_Cross21|26: 451 126 44 24 9 4 1 
74835|Survivor|1: 416 127 50 24 9 4 1 
74888|Survivor|1: 453 140 47 25 9 4 1 
74892|Child_CrossABC2|8: 411 133 50 24 9 4 1 
74895|Child_Levy|8: 438 128 47 23 10 4 1 
74905|Child_CrossABC2|8: 398 127 44 24 9 4 1 
74932|Child_Cross21|10: 389 130 46 24 9 4 1 
74957|Survivor|1: 544 168 55 21 10 4 1 
74980|Survivor|1: 352 117 44 23 10 4 1 
75019|Child_CrossABC2|2: 394 113 43 19 10 4 1 
75034|Survivor|1: 397 113 49 21 10 4 1 
75074|Child_CrossABC2|2: 560 166 61 24 9 4 1 
75077|Child_Avg|27: 465 157 59 21 10 4 1 
75087|Survivor|1|Mutated: 376 142 55 27 10 4 1 
75094|Child_CrossABC1|7: 408 141 49 24 9 4 1 
75110|Child_Cross12|13: 368 135 52 24 9 4 1 
75122|Child_CrossABC2|8: 394 139 59 24 9 4 1 
75125|Child_Cross12|13: 393 138 59 24 9 4 1 
75140|Child_Cross21|50: 403 147 52 24 9 4 1 
75141|Child_CrossABC1|1: 399 158 50 24 9 4 1 
75143|Child_CrossABC2|8: 391 132 46 24 9 4 1 
75184|Child_Cross12|53: 424 120 45 23 10 4 1 
75185|Child_Levy|4: 419 122 46 20 9 4 1 
75190|Child_Levy|28: 399 115 45 21 10 4 1 
75278|Survivor|1: 543 168 61 29 9 4 1 
75282|Survivor|1: 552 165 61 29 10 4 1 
75287|Child_CrossABC1|1: 551 165 61 29 10 4 1 
75290|Child_CrossABC1|1: 554 165 61 29 10 4 1 
75293|Child_CrossABC2|2: 555 165 61 29 10 4 1 
75298|Child_Cross12|33: 485 148 52 29 9 4 1 
75304|Child_CrossABC1|7: 476 148 52 29 9 4 1 
75305|Child_Avg|7: 456 143 52 29 9 4 1 
75308|Child_Levy|4: 454 145 52 27 10 4 1 
75316|Child_Avg|7: 419 154 56 25 9 4 1 
75319|Child_Cross21|22: 462 152 49 24 9 4 1 
75326|Child_Cross12|17: 423 159 47 23 10 4 1 
75327|Child_Avg|19: 453 146 46 24 9 4 1 
75330|Survivor|1: 454 146 47 23 10 4 1 
75339|Child_Cross12|33: 426 157 47 23 10 4 1 
75343|Child_Cross12|25: 410 156 47 23 10 4 1 
75359|Child_Avg|15: 402 146 44 23 10 4 1 
75360|Child_Cross12|45: 406 148 44 23 10 4 1 
75361|Child_Cross12|5: 387 141 44 23 10 4 1 
75399|Child_Cross12|41|Mutated: 395 139 51 23 10 4 1 
75440|Child_CrossABC2|8: 408 121 43 24 9 4 1 
75537|Child_Levy|4: 469 138 49 21 10 4 1 
75542|Random|13: 437 166 72 27 10 4 1 
75545|Child_Avg|7: 401 142 61 24 9 4 1 
75571|Child_Cross21|10: 380 137 59 24 9 4 1 
75572|Child_Avg|23: 387 136 55 24 9 4 1 
75573|Child_Avg|27: 371 130 55 24 9 4 1 
75578|Child_Cross12|17: 381 134 50 24 9 4 1 
75579|Child_CrossABC1|1: 386 142 53 24 9 4 1 
75585|Child_Avg|15: 385 140 50 24 9 4 1 
75595|Child_Avg|27: 387 139 49 24 9 4 1 
75611|Child_Cross12|49: 355 139 49 24 9 4 1 
75643|Survivor|1: 391 141 58 24 9 4 1 
75651|Child_Cross12|53: 451 141 49 24 9 4 1 
75676|Child_Cross12|1: 400 140 49 24 9 4 1 
75683|Child_Cross12|25: 365 141 49 24 9 4 1 
75686|Child_Avg|51: 374 140 49 24 9 4 1 
75712|Child_Cross12|25: 437 141 49 24 9 4 1 
75796|Child_Levy|24: 381 141 56 24 9 4 1 
75799|Child_Cross12|29: 363 134 50 24 9 4 1 
75801|Child_CrossABC2|8: 373 140 50 24 9 4 1 
75812|Survivor|1: 365 150 49 24 9 4 1 
75815|Survivor|1: 367 142 48 21 10 4 1 
75823|Child_Avg|59: 402 144 51 23 10 4 1 
75824|Child_CrossABC2|2: 419 152 57 23 10 4 1 
75838|Child_Avg|47: 429 153 52 24 9 4 1 
75839|Child_CrossABC2|8: 429 155 57 23 10 4 1 
75847|Child_CrossABC2|8: 419 156 57 23 10 4 1 
75849|Survivor|1: 426 154 57 23 10 4 1 
75850|Child_LevyABC1|5: 401 151 58 24 9 4 1 
75853|Child_CrossABC2|8: 402 162 61 24 9 4 1 
75858|Survivor|1: 366 137 49 24 9 4 1 
75859|Child_CrossABC2|2: 398 129 49 24 9 4 1 
75943|Survivor|1: 310 118 43 24 9 4 1 
76006|Survivor|1: 392 114 43 20 9 4 1 
76020|Child_Avg|27: 391 105 43 20 9 4 1 
76022|Child_Avg|7: 390 104 43 20 9 4 1 
76066|Child_Cross21|14: 440 122 47 23 10 4 1 
76090|Child_Avg|19: 400 124 47 23 10 4 1 
76213|Child_CrossABC1|7: 408 126 43 24 9 4 1 
76278|Child_Levy|20: 378 125 47 23 10 4 1 
76294|Child_Cross12|17: 385 123 47 23 10 4 1 
76351|Child_Avg|15|Mutated: 412 111 44 24 9 4 1 
76388|Survivor|1: 273 108 46 24 9 4 1 
76433|Survivor|1: 379 123 43 24 9 4 1 
76440|Child_CrossABC2|2: 375 119 43 20 9 4 1 
76460|Child_CrossABC1|1: 410 121 46 20 9 4 1 
76512|Child_Avg|51: 471 196 59 24 9 4 1 
76518|Child_Avg|15: 438 161 52 24 9 4 1 
76519|Child_CrossABC2|2: 488 183 52 24 9 4 1 
76521|Child_Avg|7: 408 116 45 21 10 4 1 
76673|Child_Avg|11: 412 138 53 24 9 4 1 
76680|Child_Cross21|6: 416 143 49 24 9 4 1 
76684|Child_Cross12|25: 463 151 48 23 10 4 1 
76696|Survivor|1: 437 130 46 24 9 4 1 
76698|Survivor|1: 440 138 55 20 9 4 1 
76713|Child_Avg|35: 415 122 43 24 9 4 1 
76755|Child_Avg|11: 382 143 55 24 9 4 1 
76761|Child_CrossABC1|7: 418 138 64 24 9 4 1 
76772|Child_CrossABC2|8: 365 124 46 24 9 4 1 
76790|Child_CrossABC2|2: 354 121 52 24 9 4 1 
76801|Child_CrossABC2|2: 361 113 52 24 9 4 1 
76807|Child_Avg|51: 394 139 45 21 10 4 1 
76821|Survivor|1: 319 118 50 24 9 4 1 
76828|Child_CrossABC2|8: 372 114 61 24 9 4 1 
76836|Child_CrossABC1|7: 379 114 56 24 9 4 1 
76850|Survivor|1: 416 123 46 24 9 4 1 
76851|Child_CrossABC1|1: 432 129 49 24 9 4 1 
76896|Child_CrossABC2|8: 395 125 52 19 10 4 1 
76910|Child_Cross12|37: 363 124 45 21 10 4 1 
76914|Child_Cross12|41: 407 126 45 21 10 4 1 
76918|Child_Cross12|25: 349 125 45 21 10 4 1 
76925|Child_Cross12|57: 366 118 45 21 10 4 1 
76933|Child_Avg|51: 412 127 45 21 10 4 1 
76967|Child_CrossABC1|7: 401 116 46 21 10 4 1 
77000|Survivor|1: 370 102 47 21 10 4 1 
77005|Survivor|1|Mutated: 354 103 49 21 10 4 1 
77012|Child_CrossABC2|2: 365 101 48 20 9 4 1 
77048|Child_Cross12|53: 366 105 43 20 9 4 1 
77073|Survivor|1: 358 136 49 21 10 4 1 
77079|Child_CrossABC2|8: 449 128 48 23 10 4 1 
77105|Child_Cross21|54|Mutated: 425 125 54 23 10 4 1 
77140|Survivor|1: 378 143 52 24 9 4 1 
77145|Child_Levy|8: 409 140 50 24 9 4 1 
77149|Survivor|1: 399 128 46 24 9 4 1 
77184|Survivor|1: 372 110 48 23 10 4 1 
77224|Child_Levy|12: 461 172 59 24 9 4 1 
77226|Child_Levy|60: 395 157 64 24 9 4 1 
77229|Child_CrossABC1|7: 641 182 59 24 9 4 1 
77230|Child_CrossABC2|2: 639 158 59 24 9 4 1 
77243|Child_CrossABC2|2: 403 155 49 24 9 4 1 
77253|Child_CrossABC2|8: 438 135 48 23 10 4 1 
77305|Survivor|1: 407 171 50 24 9 4 1 
77306|Child_LevyP1|3|Mutated: 428 180 57 23 10 4 1 
77307|Child_Levy|36: 431 162 53 24 9 4 1 
77312|Child_Cross21|58: 392 119 46 24 9 4 1 
77314|Child_Cross12|25: 406 134 49 24 9 4 1 
77318|Survivor|1: 413 142 53 24 9 4 1 
77390|Survivor|1: 457 135 70 21 10 4 1 
77392|Survivor|1: 428 128 56 21 10 4 1 
77397|Child_Avg|27: 399 132 49 21 10 4 1 
77399|Child_CrossABC1|7: 393 146 56 21 10 4 1 
77406|Child_Avg|59: 400 127 45 20 9 4 1 
77451|Child_Cross21|50: 424 121 43 20 9 4 1 
77472|Child_CrossABC1|1: 405 122 43 20 9 4 1 
77478|Child_Avg|39: 382 130 43 20 9 4 1 
77487|Child_Cross12|9: 400 131 43 20 9 4 1 
77514|Child_Cross21|14: 403 117 41 20 9 4 1 
77526|Child_Cross12|5|Mutated: 395 121 48 20 9 4 1 
77554|Survivor|1: 582 167 70 29 9 4 1 
77562|Survivor|1: 429 166 54 24 11 4 1 
77583|Child_Cross21|26: 386 156 47 23 10 4 1 
77594|Survivor|1: 374 145 46 24 9 4 1 
77609|Survivor|1: 345 137 43 24 9 4 1 
77611|Child_CrossABC1|1|Mutated: 470 137 47 24 9 4 1 
77633|Child_Cross12|21: 410 127 41 24 9 4 1 
77651|Survivor|1: 405 126 47 24 9 4 1 
77673|Child_Cross12|41: 413 127 41 24 9 4 1 
77709|Survivor|1: 456 130 51 24 11 4 1 
77716|Child_Cross12|29: 391 140 50 24 9 4 1 
77754|Child_CrossABC1|1: 412 126 59 24 9 4 1 
77755|Child_CrossABC1|7: 417 128 55 24 9 4 1 
77768|Child_CrossABC1|1: 422 127 50 24 9 4 1 
77790|Child_CrossABC2|8: 407 128 55 24 9 4 1 
77792|Child_CrossABC1|1: 411 128 55 24 9 4 1 
77796|Child_Cross21|14: 412 127 53 24 9 4 1 
77811|Survivor|1: 459 155 52 24 9 4 1 
77833|Child_Cross12|9|Mutated: 380 108 43 24 9 4 1 
77922|Survivor|1: 393 135 57 23 10 4 1 
77974|Survivor|1: 395 158 58 27 10 4 1 
77977|Child_Cross21|30: 454 143 55 24 9 4 1 
77993|Child_CrossABC1|1: 355 134 52 24 9 4 1 
77994|Child_Avg|23: 355 133 49 24 9 4 1 
77996|Survivor|1: 359 130 47 24 9 4 1 
78014|Child_CrossABC2|2: 359 153 61 24 9 4 1 
78020|Child_Cross12|1: 409 134 49 24 9 4 1 
78031|Child_Levy|8: 445 137 55 24 9 4 1 
78039|Child_CrossABC1|1: 356 127 43 24 9 4 1 
78105|Child_Levy|48: 450 160 55 29 9 4 1 
78107|Child_Cross21|54: 411 160 55 27 10 4 1 
78111|Child_Cross21|18: 414 160 55 27 10 4 1 
78113|Child_Levy|36|Mutated: 409 156 62 24 9 4 1 
78120|Survivor|1|Mutated: 392 159 52 24 9 4 1 
78122|Child_Avg|3: 401 136 50 24 9 4 1 
78126|Survivor|1: 426 160 49 24 9 4 1 
78142|Survivor|1: 409 150 46 24 9 4 1 
78146|Survivor|1: 379 150 46 24 9 4 1 
78150|Child_CrossABC2|2: 428 132 53 24 9 4 1 
78151|Child_Cross21|46: 391 148 46 24 9 4 1 
78159|Child_Cross12|5: 365 130 46 24 9 4 1 
78180|Child_Cross12|37|Mutated: 399 137 52 24 9 4 1 
78248|Child_Cross12|25: 385 139 44 24 9 4 1 
78251|Child_Cross12|53: 366 116 43 20 9 4 1 
78278|Child_Cross21|6: 888 362 109 47 23 10 4 1 
78299|Child_Avg|7: 374 126 47 23 10 4 1 
78361|Child_LevyP1|9: 406 121 62 24 9 4 1 
78364|Child_Avg|59|Mutated: 399 121 52 20 9 4 1 
78374|Child_Levy|56: 409 122 57 23 10 4 1 
78376|Child_Cross12|33: 422 128 53 24 9 4 1 
78397|Child_Avg|7: 321 125 43 20 9 4 1 
78416|Survivor|1: 335 122 43 20 9 4 1 
78425|Child_CrossABC1|1: 342 128 49 24 9 4 1 
78431|Survivor|1|Mutated: 416 124 47 24 9 4 1 
78442|Child_Cross12|5: 404 133 48 23 10 4 1 
78446|Survivor|1: 376 136 47 23 10 4 1 
78471|Child_CrossABC1|7: 364 125 52 24 9 4 1 
78476|Survivor|1: 349 124 46 24 9 4 1 
78526|Child_CrossABC2|8: 420 121 50 24 9 4 1 
78537|Child_CrossABC1|7: 399 119 46 24 9 4 1 
78540|Survivor|1: 379 121 46 24 9 4 1 
78582|Child_Avg|19: 543 157 51 23 10 4 1 
78632|Child_LevyABC1|11: 396 119 49 24 9 4 1 
78635|Child_Levy|20: 401 121 47 25 9 4 1 
78644|Child_LevyP1|9: 380 109 47 25 9 4 1 
78685|Survivor|1: 458 145 59 24 9 4 1 
78688|Child_CrossABC2|8: 447 136 59 24 9 4 1 
78695|Survivor|1: 464 133 49 24 9 4 1 
78700|Child_CrossABC2|8: 429 126 49 24 9 4 1 
78712|Child_CrossABC1|7|Mutated: 413 121 44 23 10 4 1 
78760|Survivor|1: 512 182 73 29 10 4 1 
78766|Survivor|1: 377 119 50 24 9 4 1 
78775|Child_CrossABC1|7|Mutated: 365 122 52 24 9 4 1 
78785|Survivor|1: 361 114 49 24 9 4 1 
78794|Child_LevyP1|3: 358 126 54 25 10 4 1 
78805|Survivor|1: 395 108 50 24 9 4 1 
78808|Child_CrossABC2|2: 406 121 50 24 9 4 1 
78814|Survivor|1: 399 123 53 24 9 4 1 
78830|Child_Avg|19: 395 127 53 24 9 4 1 
78897|Child_Avg|7: 448 134 65 24 9 4 1 
78899|Child_CrossABC2|8: 406 149 58 24 9 4 1 
78907|Child_CrossABC1|1: 378 138 53 24 9 4 1 
78923|Child_CrossABC1|1: 359 135 52 24 9 4 1 
78937|Child_Avg|39: 421 150 52 24 9 4 1 
78944|Child_Levy|60: 402 137 46 20 9 4 1 
78952|Child_Cross12|5: 413 127 47 23 10 4 1 
78955|Child_Avg|19: 406 128 48 23 10 4 1 
78961|Child_CrossABC2|8: 408 129 51 23 10 4 1 
78966|Child_CrossABC2|2: 411 129 57 23 10 4 1 
79009|Survivor|1: 391 118 47 25 9 4 1 
79013|Child_CrossABC2|2: 391 125 49 24 9 4 1 
79015|Survivor|1: 464 141 57 23 10 4 1 
79024|Child_Avg|47: 405 153 48 23 10 4 1 
79046|Child_CrossABC2|8: 406 123 50 24 9 4 1 
79054|Survivor|1: 414 118 45 23 10 4 1 
79063|Child_CrossABC2|8: 429 122 52 24 9 4 1 
79074|Child_Levy|60: 411 118 47 25 9 4 1 
79136|Survivor|1: 460 188 57 23 10 4 1 
79140|Survivor|1: 545 188 57 23 10 4 1 
79142|Child_Cross12|57: 347 153 50 24 9 4 1 
79148|Survivor|1: 471 174 47 24 9 4 1 
79155|Survivor|1: 395 148 53 27 10 4 1 
79159|Child_CrossABC2|2: 397 164 50 24 9 4 1 
79160|Child_Avg|51: 419 143 49 24 9 4 1 
79161|Child_CrossABC2|2: 401 144 50 24 9 4 1 
79163|Child_Cross12|9: 439 164 49 24 9 4 1 
79188|Child_CrossABC2|2: 475 186 63 29 10 4 1 
79193|Survivor|1: 415 142 55 27 10 4 1 
79194|Child_Cross12|9: 392 148 55 27 10 4 1 
79199|Child_CrossABC1|7: 391 128 56 27 10 4 1 
79201|Child_CrossABC2|2|Mutated: 416 134 55 27 10 4 1 
79209|Survivor|1: 398 133 47 21 10 4 1 
79212|Child_Cross21|38: 399 138 47 21 10 4 1 
79214|Survivor|1: 398 138 48 23 10 4 1 
79217|Child_Avg|11: 390 136 46 21 10 4 1 
79220|Child_Cross12|21: 382 131 45 23 10 4 1 
79223|Child_Avg|35: 395 133 48 23 10 4 1 
79225|Child_CrossABC2|8: 394 126 51 23 10 4 1 
79236|Child_CrossABC2|8: 389 126 51 23 10 4 1 
79246|Survivor|1: 392 132 47 23 10 4 1 
79253|Child_Avg|55: 388 133 44 24 9 4 1 
79259|Child_Cross21|10: 404 137 43 24 9 4 1 
79282|Survivor|1: 387 131 43 24 9 4 1 
79293|Child_Avg|55|Mutated: 449 133 47 23 10 4 1 
79301|Survivor|1: 425 133 47 23 10 4 1 
79303|Child_CrossABC2|8: 404 136 47 23 10 4 1 
79307|Child_CrossABC1|1: 381 145 55 23 10 4 1 
79313|Survivor|1: 391 134 47 23 10 4 1 
79317|Child_Cross21|2: 393 135 44 23 10 4 1 
79324|Child_Avg|19: 402 138 53 24 9 4 1 
79334|Child_CrossABC1|7: 403 127 62 24 9 4 1 
79337|Child_Avg|31: 407 134 52 24 9 4 1 
79339|Child_Avg|59: 404 129 53 24 9 4 1 
79343|Child_Cross12|21: 413 129 53 24 9 4 1 
79346|Child_Cross12|13: 417 133 50 24 9 4 1 
79347|Child_Cross12|5: 410 135 52 24 9 4 1 
79351|Child_CrossABC1|7: 405 126 52 24 9 4 1 
79389|Survivor|1|Mutated: 390 153 49 24 9 4 1 
79390|Child_Avg|55: 414 134 47 24 9 4 1 
79469|Survivor|1: 407 129 73 24 9 4 1 
79479|Survivor|1: 350 129 53 24 9 4 1 
79486|Child_CrossABC2|8: 331 135 52 24 9 4 1 
79494|Child_Avg|11|Mutated: 367 135 47 24 9 4 1 
79499|Survivor|1: 376 135 46 24 9 4 1 
79599|Child_Cross12|29: 406 128 47 21 10 4 1 
79600|Child_Levy|36: 401 122 55 27 10 4 1 
79611|Child_Levy|32: 389 122 46 24 9 4 1 
79629|Child_CrossABC1|1: 388 122 47 21 10 4 1 
79639|Child_Cross12|5: 409 119 42 19 10 4 1 
79640|Child_CrossABC2|2: 406 114 49 21 10 4 1 
79649|Survivor|1: 387 120 46 20 9 4 1 
79673|Child_Avg|15: 389 117 41 20 9 4 1 
79717|Survivor|1: 391 149 52 20 9 4 1 
79722|Child_CrossABC1|7|Mutated: 405 146 59 21 10 4 1 
79730|Survivor|1|Mutated: 364 146 59 21 10 4 1 
79731|Child_Avg|19: 390 148 57 21 10 4 1 
79734|Survivor|1: 447 161 59 21 10 4 1 
79738|Child_Cross12|37: 447 161 59 24 9 4 1 
79749|Child_CrossABC1|7: 446 142 56 21 10 4 1 
79806|Survivor|1: 474 147 52 27 10 4 1 
79829|Survivor|1: 407 157 58 24 9 4 1 
79830|Child_LevyP1|3: 398 147 46 24 9 4 1 
79840|Child_CrossABC2|2: 400 145 46 24 9 4 1 
79846|Child_Cross12|21: 388 147 43 24 9 4 1 
79849|Survivor|1: 397 139 55 24 9 4 1 
79851|Child_CrossABC2|2|Mutated: 385 139 55 24 9 4 1 
79873|Child_CrossABC1|7: 381 137 53 24 9 4 1 
79906|Child_Avg|11|Mutated: 400 145 50 24 9 4 1 
79907|Child_CrossABC1|1: 403 142 58 24 9 4 1 
79913|Child_CrossABC2|8: 406 141 58 24 9 4 1 
79947|Survivor|1: 392 135 44 24 9 4 1 
79961|Survivor|1: 391 133 44 24 9 4 1 
79976|Survivor|1: 394 127 49 24 9 4 1 
79988|Survivor|1|Mutated: 410 125 49 24 9 4 1 
80016|Survivor|1: 398 125 46 24 9 4 1 
80050|Child_CrossABC2|2: 400 117 50 24 9 4 1 
80074|Survivor|1: 386 116 44 23 10 4 1 
80109|Child_Cross12|1: 388 118 41 20 9 4 1 
80110|Random|24: 453 155 61 24 9 4 1 
80126|Child_Cross12|1: 390 116 41 19 10 4 1 
80154|Survivor|1: 381 108 46 20 9 4 1 
80161|Survivor|1|Mutated: 388 113 45 20 9 4 1 
80236|Child_Avg|43|Mutated: 461 128 61 24 9 4 1 
80244|Child_CrossABC2|8: 453 155 50 24 9 4 1 
80245|Child_Avg|7: 403 147 50 24 9 4 1 
80247|Child_Avg|15|Mutated: 443 154 52 24 9 4 1 
80248|Child_CrossABC1|1: 377 140 50 24 9 4 1 
80252|Survivor|1|Mutated: 465 133 49 24 9 4 1 
80255|Child_CrossABC1|1: 440 137 52 24 9 4 1 
80256|Child_Avg|11: 437 131 50 24 9 4 1 
80260|Child_CrossABC2|2: 469 141 49 24 9 4 1 
80270|Survivor|1: 432 134 49 24 9 4 1 
80282|Survivor|1: 423 127 43 24 9 4 1 
80284|Survivor|1: 420 117 49 24 9 4 1 
80293|Child_CrossABC2|2: 416 123 55 24 9 4 1 
80303|Child_Avg|59: 419 123 55 24 9 4 1 
80304|Child_CrossABC2|8: 408 123 55 24 9 4 1 
80305|Child_CrossABC1|7: 402 123 55 24 9 4 1 
80306|Child_CrossABC2|2: 399 123 55 24 9 4 1 
80312|Child_LevyP1|3|Mutated: 401 125 54 23 10 4 1 
80314|Survivor|1: 392 123 56 24 9 4 1 
80315|Child_Cross21|14: 394 121 51 23 10 4 1 
80364|Child_Cross21|54: 418 133 46 20 9 4 1 
80375|Child_Cross21|46|Mutated: 365 129 48 20 9 4 1 
80380|Survivor|1: 345 124 43 20 9 4 1 
80385|Survivor|1: 351 125 43 20 9 4 1 
80461|Child_Cross12|33: 399 137 45 21 10 4 1 
80469|Survivor|1: 401 114 43 20 9 4 1 
80504|Child_Cross21|10: 474 142 51 23 10 4 1 
80513|Child_Cross21|38: 410 122 47 23 10 4 1 
80515|Survivor|1|Mutated: 364 125 47 23 10 4 1 
80520|Child_Avg|59: 295 113 46 20 9 4 1 
80533|Survivor|1: 443 158 50 24 9 4 1 
80550|Child_Cross21|46: 417 135 52 24 9 4 1 
80574|Survivor|1: 499 185 53 24 9 4 1 
80578|Survivor|1: 391 182 53 24 9 4 1 
80586|Child_CrossABC1|1|Mutated: 397 150 52 24 9 4 1 
80607|Child_Levy|52: 460 175 53 27 10 4 1 
80609|Child_Cross21|6: 437 168 53 27 10 4 1 
80621|Survivor|1: 451 131 44 24 9 4 1 
80633|Survivor|1: 443 125 43 20 9 4 1 
80656|Child_Avg|43: 415 121 43 20 9 4 1 
80733|Survivor|1: 405 159 52 24 9 4 1 
80734|Child_CrossABC2|8: 403 176 59 24 9 4 1 
80737|Child_CrossABC2|8: 439 131 55 24 9 4 1 
80748|Survivor|1: 405 146 43 24 9 4 1 
80805|Survivor|1: 379 135 48 23 10 4 1 
80835|Survivor|1: 397 120 42 19 10 4 1 
80843|Survivor|1: 391 109 41 19 10 4 1 
80845|Survivor|1: 413 106 49 21 10 4 1 
80860|Survivor|1: 387 107 43 19 10 4 1 
80868|Child_Avg|27: 404 119 48 21 10 4 1 
80878|Child_CrossABC1|7: 405 118 47 21 10 4 1 
80969|Survivor|1: 405 159 62 19 10 4 1 
80978|Survivor|1: 412 122 47 21 10 4 1 
80986|Child_CrossABC1|1: 412 125 48 21 10 4 1 
80987|Child_CrossABC1|1: 412 128 47 21 10 4 1 
81009|Child_Levy|56: 429 118 60 21 10 4 1 
81013|Child_Avg|51: 417 117 49 21 10 4 1 
81015|Child_CrossABC2|8: 347 117 49 21 10 4 1 
81023|Survivor|1: 361 111 46 24 9 4 1 
81066|Survivor|1: 372 112 39 20 9 4 1 
81105|Child_Avg|23: 429 133 48 23 10 4 1 
81107|Survivor|1: 376 116 49 25 10 4 1 
81111|Child_Cross12|45: 447 136 47 23 10 4 1 
81113|Child_Cross21|30: 444 135 47 23 10 4 1 
81117|Child_Cross12|9: 432 135 47 23 10 4 1 
81122|Child_Avg|15: 416 132 47 23 10 4 1 
81126|Child_Cross21|54: 410 133 47 23 10 4 1 
81220|Child_CrossABC1|1: 378 122 47 23 10 4 1 
81265|Survivor|1: 455 125 47 23 10 4 1 
81294|Survivor|1: 369 116 49 24 9 4 1 
81302|Survivor|1: 411 119 45 23 10 4 1 
81360|Child_Cross12|5: 430 156 46 21 10 4 1 
81365|Child_CrossABC2|2: 413 143 50 24 9 4 1 
81370|Survivor|1: 397 145 47 24 9 4 1 
81383|Child_CrossABC1|1: 408 133 43 20 9 4 1 
81399|Child_Cross21|30: 397 133 43 20 9 4 1 
81406|Child_Levy|28: 442 129 53 24 9 4 1 
81423|Child_CrossABC2|8: 399 127 45 21 10 4 1 
81466|Survivor|1: 417 158 49 24 9 4 1 
81470|Survivor|1: 411 117 52 24 9 4 1 
81471|Child_CrossABC1|7: 376 135 49 24 9 4 1 
81479|Child_Avg|55|Mutated: 382 119 45 23 10 4 1 
81487|Survivor|1: 380 125 44 24 9 4 1 
81522|Child_Avg|35: 391 136 53 24 11 4 1 
81537|Survivor|1: 581 140 55 24 9 4 1 
81543|Child_Cross12|17: 411 129 56 25 9 4 1 
81547|Child_CrossABC1|7: 399 126 62 24 9 4 1 
81552|Child_Cross12|49|Mutated: 413 139 55 24 9 4 1 
81553|Child_Cross21|6|Mutated: 416 133 52 24 9 4 1 
81563|Survivor|1|Mutated: 396 129 53 24 9 4 1 
81608|Child_Avg|35: 423 136 61 24 9 4 1 
81611|Child_CrossABC1|1: 423 130 61 24 9 4 1 
81613|Child_CrossABC1|7: 423 129 61 24 9 4 1 
81615|Child_CrossABC1|1: 453 129 58 24 9 4 1 
81616|Child_CrossABC1|7: 423 138 61 24 9 4 1 
81621|Child_Cross12|29: 413 131 56 24 9 4 1 
81624|Child_Cross21|30: 412 132 53 24 9 4 1 
81625|Child_Cross21|58: 410 131 53 24 9 4 1 
81626|Child_Cross12|29: 415 132 50 24 9 4 1 
81627|Child_Avg|11|Mutated: 391 132 62 24 9 4 1 
81660|Survivor|1: 394 145 55 24 9 4 1 
81661|Child_Cross12|13: 400 128 55 24 9 4 1 
81669|Child_Cross21|54: 367 137 51 23 10 4 1 
81670|Child_CrossABC1|7: 407 158 58 24 9 4 1 
81672|Child_Avg|47: 390 119 49 24 9 4 1 
81752|Survivor|1: 458 135 64 24 9 4 1 
81755|Child_CrossABC2|8: 386 152 49 24 9 4 1 
81776|Survivor|1: 397 129 50 24 9 4 1 
81791|Child_CrossABC2|8: 397 129 49 24 9 4 1 
81804|Child_Cross12|29: 399 127 49 21 10 4 1 
81810|Child_CrossABC1|1: 392 127 50 21 10 4 1 
81829|Child_Cross21|6|Mutated: 391 114 46 20 9 4 1 
81877|Child_Cross12|25|Mutated: 402 123 46 20 9 4 1 
81883|Survivor|1: 391 119 48 20 9 4 1 
81952|Child_CrossABC1|7: 377 125 52 24 9 4 1 
81964|Child_CrossABC1|1: 380 129 50 24 9 4 1 
81973|Survivor|1: 383 126 49 24 9 4 1 
82009|Child_Avg|43: 373 114 43 24 9 4 1 
82038|Survivor|1: 370 110 42 19 10 4 1 
82048|Survivor|1: 397 111 43 20 9 4 1 
82070|Child_CrossABC1|1: 593 179 53 24 9 4 1 
82078|Child_CrossABC2|2: 444 135 52 24 9 4 1 
82095|Child_CrossABC2|2: 447 136 50 24 9 4 1 
82152|Child_Cross12|37: 400 121 59 24 9 4 1 
82162|Child_Avg|35|Mutated: 399 169 59 24 9 4 1 
82164|Child_CrossABC1|7: 411 166 58 24 9 4 1 
82167|Child_Cross21|30: 357 126 52 24 9 4 1 
82168|Child_Avg|39: 422 173 56 24 9 4 1 
82170|Child_Avg|23: 422 161 56 24 9 4 1 
82171|Child_CrossABC2|2: 423 147 56 24 9 4 1 
82172|Child_Avg|47: 423 154 55 24 9 4 1 
82174|Child_CrossABC2|8: 409 145 55 24 9 4 1 
82177|Child_Avg|55: 403 147 59 24 9 4 1 
82181|Child_Avg|15: 410 146 53 24 9 4 1 
82189|Survivor|1: 387 149 52 24 9 4 1 
82191|Child_CrossABC1|7: 390 149 52 24 9 4 1 
82194|Child_Cross21|2: 393 149 52 24 9 4 1 
82200|Child_Cross12|53: 400 149 52 24 9 4 1 
82202|Child_Cross12|41: 391 147 52 24 9 4 1 
82216|Child_CrossABC1|7: 387 150 52 24 9 4 1 
82247|Child_Avg|51: 443 127 49 24 9 4 1 
82257|Child_Cross21|10: 433 129 49 24 9 4 1 
82258|Child_Cross12|29: 442 127 49 24 9 4 1 
82261|Child_Cross12|29: 428 129 49 24 9 4 1 
82280|Child_Avg|15: 417 133 52 24 9 4 1 
82289|Child_Cross21|22|Mutated: 415 138 59 24 9 4 1 
82340|Child_Avg|31: 443 126 49 24 9 4 1 
82381|Child_Cross12|49: 414 132 47 23 10 4 1 
82390|Survivor|1: 382 136 47 23 10 4 1 
82392|Child_Avg|11|Mutated: 351 134 46 20 9 4 1 
82473|Child_Cross12|41: 385 117 52 24 9 4 1 
82474|Child_Levy|4: 455 149 59 24 9 4 1 
82477|Child_Avg|51: 449 135 55 24 9 4 1 
82481|Child_CrossABC1|1: 440 132 53 24 9 4 1 
82483|Child_CrossABC1|7: 445 133 53 24 9 4 1 
82491|Child_CrossABC1|7|Mutated: 435 131 50 24 9 4 1 
82496|Child_Avg|23: 421 129 49 24 9 4 1 
82506|Child_Cross21|14: 420 128 49 24 9 4 1 
82524|Child_CrossABC2|2: 458 180 55 21 10 4 1 
82536|Child_Levy|20: 397 136 50 24 9 4 1 
82544|Survivor|1: 347 126 44 24 9 4 1 
82569|Child_LevyP1|9: 495 150 52 24 9 4 1 
82595|Child_Levy|56: 704 207 73 27 10 4 1 
82655|Child_Cross21|46: 439 159 51 23 10 4 1 
82660|Survivor|1: 484 175 59 21 10 4 1 
82662|Survivor|1: 389 139 47 21 10 4 1 
82667|Child_Cross21|46: 372 135 46 21 10 4 1 
82668|Child_CrossABC2|8: 390 141 49 21 10 4 1 
82671|Child_CrossABC1|7: 391 143 52 20 9 4 1 
82676|Survivor|1: 396 142 45 21 10 4 1 
82680|Survivor|1: 403 142 45 21 10 4 1 
82683|Child_CrossABC1|1: 401 143 45 21 10 4 1 
82685|Child_Avg|3: 389 141 43 20 9 4 1 
82693|Child_Levy|20: 614 160 56 21 10 4 1 
82695|Child_CrossABC2|2: 405 139 50 21 10 4 1 
82705|Child_Cross12|45: 401 138 41 19 10 4 1 
82753|Survivor|1: 389 133 45 21 10 4 1 
82758|Survivor|1: 358 130 43 20 9 4 1 
82841|Survivor|1: 422 136 59 21 10 4 1 
82846|Child_CrossABC1|1: 370 147 60 23 10 4 1 
82850|Child_CrossABC2|2: 373 143 54 23 10 4 1 
82860|Child_CrossABC1|1: 398 129 45 23 10 4 1 
82870|Child_CrossABC1|1: 371 127 52 24 9 4 1 
82871|Child_Avg|27: 383 129 49 24 9 4 1 
82900|Child_Avg|31: 379 122 47 23 10 4 1 
82916|Survivor|1: 586 149 59 24 9 4 1 
82924|Child_CrossABC1|1: 539 146 62 24 9 4 1 
82926|Child_CrossABC1|7: 450 136 55 24 9 4 1 
82950|Child_CrossABC2|2: 407 147 50 24 9 4 1 
82956|Child_Avg|55: 395 135 46 24 9 4 1 
82958|Child_Avg|23: 447 159 46 24 9 4 1 
82960|Survivor|1: 405 152 46 24 9 4 1 
82982|Child_CrossABC2|2: 399 142 55 24 9 4 1 
82984|Child_CrossABC1|7: 402 137 59 24 9 4 1 
82986|Child_CrossABC1|7: 399 137 58 24 9 4 1 
83015|Survivor|1: 346 134 49 24 9 4 1 
83021|Child_CrossABC2|8|Mutated: 349 133 52 24 9 4 1 
83024|Survivor|1: 350 129 50 24 9 4 1 
83030|Child_CrossABC2|2: 357 123 46 24 9 4 1 
83059|Child_Levy|52: 452 130 61 24 9 4 1 
83066|Survivor|1: 443 153 52 24 9 4 1 
83079|Child_Cross21|22: 409 132 49 21 10 4 1 
83094|Child_Levy|20: 397 123 42 19 10 4 1 
83152|Child_CrossABC2|2: 429 164 61 28 13 4 1 
83166|Random|2: 909 557 127 59 21 10 4 1 
83168|Child_Cross21|10: 400 142 49 21 10 4 1 
83173|Child_CrossABC2|8: 404 142 49 21 10 4 1 
83174|Child_CrossABC1|7: 400 139 49 21 10 4 1 
83176|Child_Cross21|50: 396 143 49 21 10 4 1 
83177|Child_Cross12|57: 402 142 49 21 10 4 1 
83179|Child_Cross12|13: 417 159 49 21 10 4 1 
83189|Survivor|1: 393 128 45 21 10 4 1 
83193|Child_CrossABC1|7: 337 130 43 20 9 4 1 
83194|Child_Avg|11: 381 130 43 20 9 4 1 
83254|Child_Cross21|26: 309 118 41 19 10 4 1 
83260|Random|4: 550 155 65 24 9 4 1 
83321|Child_LevyP2|10: 393 108 50 24 9 4 1 
83347|Survivor|1: 447 215 59 24 9 4 1 
83351|Child_CrossABC1|1: 380 149 55 24 9 4 1 
83353|Child_CrossABC2|2: 408 141 62 24 9 4 1 
83356|Child_CrossABC1|1: 395 141 61 24 9 4 1 
83372|Child_CrossABC1|7: 405 157 52 24 9 4 1 
83374|Child_CrossABC2|8: 407 152 58 24 9 4 1 
83376|Survivor|1: 415 137 56 24 9 4 1 
83384|Survivor|1: 413 125 52 24 9 4 1 
83386|Child_CrossABC1|7: 411 124 58 24 9 4 1 
83388|Child_CrossABC2|2: 413 126 56 24 9 4 1 
83402|Survivor|1: 428 123 43 24 9 4 1 
83408|Survivor|1|Mutated: 416 135 52 24 9 4 1 
83460|Child_Cross12|25: 386 151 49 24 9 4 1 
83462|Child_Cross12|5: 380 149 52 24 9 4 1 
83465|Child_CrossABC2|2: 367 134 52 24 9 4 1 
83470|Child_CrossABC1|1|Mutated: 359 138 52 24 9 4 1 
83471|Child_CrossABC2|2: 386 135 55 24 9 4 1 
83472|Child_CrossABC1|7: 394 136 53 24 9 4 1 
83473|Child_Levy|32: 370 139 55 24 9 4 1 
83478|Child_CrossABC1|1: 372 160 55 24 9 4 1 
83481|Child_Levy|16: 382 156 53 24 9 4 1 
83482|Child_Avg|11: 376 147 52 24 9 4 1 
83485|Child_CrossABC2|8: 369 138 50 24 9 4 1 
83486|Child_Levy|36: 369 136 50 24 9 4 1 
83498|Child_Cross21|14: 367 133 49 24 9 4 1 
83520|Child_Avg|7: 464 125 51 19 10 4 1 
83527|Child_CrossABC1|7: 413 135 52 19 10 4 1 
83544|Survivor|1: 363 131 51 19 10 4 1 
83547|Child_Avg|3: 391 141 53 19 10 4 1 
83549|Survivor|1|Mutated: 399 141 53 19 10 4 1 
83554|Child_Cross21|26: 410 128 41 19 10 4 1 
83571|Child_Cross12|21: 428 125 41 19 10 4 1 
83594|Child_Avg|7: 404 127 43 19 10 4 1 
83601|Child_CrossABC2|2: 405 127 53 19 10 4 1 
83605|Child_CrossABC2|2: 403 127 53 19 10 4 1 
83658|Child_Cross12|57: 403 125 46 27 10 4 1 
83717|Child_Avg|59: 404 143 55 24 9 4 1 
83731|Survivor|1: 339 131 43 24 9 4 1 
83758|Survivor|1: 631 142 55 27 10 4 1 
83773|Child_Cross12|57: 449 128 45 23 10 4 1 
83777|Child_Avg|39: 449 131 45 23 10 4 1 
83792|Child_CrossABC1|1: 363 130 49 25 10 4 1 
83795|Child_Avg|39|Mutated: 409 150 47 23 10 4 1 
83799|Child_CrossABC2|2: 402 129 53 24 9 4 1 
83855|Child_CrossABC2|2: 423 118 44 23 10 4 1 
83864|Survivor|1: 399 138 47 23 10 4 1 
83867|Child_CrossABC2|8: 395 158 54 23 10 4 1 
83872|Child_CrossABC1|7: 402 156 54 23 10 4 1 
83875|Survivor|1: 398 150 47 23 10 4 1 
83933|Child_Avg|27: 453 157 56 25 9 4 1 
83935|Child_Cross21|2: 400 128 57 23 10 4 1 
83936|Survivor|1|Mutated: 446 128 57 23 10 4 1 
83938|Child_Avg|47: 397 122 52 24 9 4 1 
83946|Child_Levy|56: 354 123 47 23 10 4 1 
83947|Child_Cross12|9: 376 132 47 23 10 4 1 
83963|Survivor|1: 375 122 47 23 10 4 1 
83967|Survivor|1: 371 118 50 24 9 4 1 
83977|Survivor|1: 402 128 45 23 10 4 1 
83982|Child_CrossABC2|8: 417 131 57 23 10 4 1 
83994|Child_CrossABC2|2: 397 134 49 24 9 4 1 
83996|Child_CrossABC2|8: 395 138 55 24 9 4 1 
84027|Child_Cross12|37: 357 127 44 23 10 4 1 
84066|Child_CrossABC1|1|Mutated: 405 120 42 19 10 4 1 
84114|Child_Levy|20: 384 134 49 21 10 4 1 
84125|Child_Cross21|34: 393 129 48 20 9 4 1 
84131|Child_CrossABC1|1: 403 116 46 20 9 4 1 
84167|Child_Avg|27|Mutated: 393 114 46 20 9 4 1 
84199|Child_Avg|59: 406 130 43 20 9 4 1 
84228|Child_Cross21|50: 404 141 43 20 9 4 1 
84377|Child_CrossABC2|2: 384 124 43 20 9 4 1 
84383|Survivor|1: 398 127 43 20 9 4 1 
84465|Child_CrossABC1|1: 392 126 43 19 10 4 1 
84544|Survivor|1: 399 113 43 19 10 4 1 
84551|Child_CrossABC2|2|Mutated: 397 113 43 19 10 4 1 
84557|Survivor|1: 398 113 45 19 10 4 1 
84558|Child_CrossABC1|1: 400 113 45 19 10 4 1 
84559|Survivor|1|Mutated: 400 113 51 19 10 4 1 
84569|Child_CrossABC2|8|Mutated: 394 113 53 19 10 4 1 
84583|Child_CrossABC2|8: 397 113 53 19 10 4 1 
84589|Child_Avg|55: 398 113 50 19 10 4 1 
84593|Child_CrossABC2|2: 397 113 54 19 10 4 1 
84600|Child_CrossABC1|1: 398 113 53 19 10 4 1 
84606|Survivor|1: 389 113 51 19 10 4 1 
84610|Survivor|1: 389 113 45 19 10 4 1 
84632|Child_Avg|7: 389 122 46 21 10 4 1 
84638|Survivor|1: 381 122 47 21 10 4 1 
84711|Child_Avg|35: 401 157 52 24 9 4 1 
84715|Survivor|1: 343 123 47 23 10 4 1 
84721|Child_Cross12|1: 357 112 47 23 10 4 1 
84724|Survivor|1: 377 120 51 19 10 4 1 
84736|Survivor|1: 339 126 52 24 9 4 1 
84748|Child_Avg|15: 358 109 45 23 10 4 1 
84756|Child_CrossABC1|1: 368 109 47 23 10 4 1 
84775|Survivor|1: 427 121 51 23 10 4 1 
84812|Survivor|1: 527 163 64 24 9 4 1 
84829|Child_CrossABC1|1|Mutated: 341 123 43 24 9 4 1 
84870|Survivor|1: 378 129 52 24 9 4 1 
84887|Child_Levy|4: 604 171 65 27 10 4 1 
84891|Survivor|1: 670 166 69 27 10 4 1 
84909|Child_Avg|7|Mutated: 622 151 65 27 10 4 1 
84932|Child_Cross21|18: 400 129 53 24 9 4 1 
84938|Child_Avg|23: 436 131 52 24 9 4 1 
84948|Child_Cross12|17: 403 130 49 24 9 4 1 
84968|Child_CrossABC2|2: 393 127 46 24 9 4 1 
85005|Survivor|1: 408 135 59 24 9 4 1 
85007|Survivor|1: 392 149 52 24 9 4 1 
85015|Child_Avg|31: 367 129 50 24 9 4 1 
85019|Child_CrossABC2|8: 396 143 50 24 9 4 1 
85020|Child_Cross12|17: 400 142 49 24 9 4 1 
85119|Child_CrossABC1|1: 414 153 50 24 9 4 1 
85136|Child_CrossABC1|1: 408 146 43 24 9 4 1 
85142|Child_CrossABC2|8: 401 128 43 24 9 4 1 
85178|Child_Cross21|6: 394 120 45 23 10 4 1 
85187|Child_Cross12|21: 398 116 44 23 10 4 1 
85192|Survivor|1|Mutated: 398 123 51 19 10 4 1 
85233|Survivor|1: 401 119 45 21 10 4 1 
85238|Survivor|1: 403 113 52 24 9 4 1 
85288|Survivor|1: 336 130 45 23 10 4 1 
85302|Child_LevyABC2|12: 412 125 49 24 9 4 1 
85316|Child_Cross21|14: 370 127 43 24 9 4 1 
85321|Child_CrossABC2|8: 411 149 44 24 9 4 1 
85323|Survivor|1: 324 127 43 24 9 4 1 
85419|Child_Avg|23: 375 116 49 24 9 4 1 
85423|Survivor|1: 377 117 44 23 10 4 1 
85447|Survivor|1: 391 135 44 23 10 4 1 
85464|Survivor|1: 393 156 47 23 10 4 1 
85468|Child_Avg|51: 390 145 47 23 10 4 1 
85470|Survivor|1: 399 147 47 23 10 4 1 
85475|Child_Avg|39: 363 146 44 23 10 4 1 
85478|Survivor|1: 386 152 45 23 10 4 1 
85486|Child_CrossABC1|7: 384 138 47 23 10 4 1 
85495|Child_Cross21|58: 603 158 50 24 9 4 1 
85500|Survivor|1: 354 107 46 20 9 4 1 
85503|Child_CrossABC2|2: 397 136 46 20 9 4 1 
85586|Child_CrossABC2|8: 442 153 58 23 10 4 1 
85588|Child_Cross21|6: 457 142 57 23 10 4 1 
85591|Child_Avg|39: 452 155 57 23 10 4 1 
85597|Child_CrossABC2|8: 446 158 58 23 10 4 1 
85598|Child_Avg|23: 418 124 55 21 10 4 1 
85599|Child_Cross12|41: 436 141 55 23 10 4 1 
85600|Child_Avg|27: 431 156 58 24 9 4 1 
85609|Child_CrossABC1|1: 450 137 52 24 9 4 1 
85611|Child_CrossABC1|7: 425 136 56 25 9 4 1 
85634|Survivor|1: 428 133 49 24 9 4 1 
85650|Child_Levy|40: 523 151 65 24 9 4 1 
85652|Child_CrossABC1|1: 455 154 59 24 9 4 1 
85656|Child_CrossABC2|2: 468 143 58 24 9 4 1 
85657|Child_Avg|7: 440 145 52 24 9 4 1 
85658|Child_CrossABC2|2: 450 153 58 24 9 4 1 
85662|Survivor|1: 450 154 61 24 9 4 1 
85665|Child_Cross21|42: 457 143 55 24 9 4 1 
85666|Child_Avg|59: 466 146 53 24 9 4 1 
85667|Child_Cross12|9: 446 139 49 24 9 4 1 
85669|Child_Cross12|9|Mutated: 445 135 52 24 9 4 1 
85671|Child_Cross21|30: 449 149 52 24 9 4 1 
85674|Child_Cross21|30: 466 143 49 24 9 4 1 
85684|Child_Cross21|26: 446 137 47 24 9 4 1 
85690|Survivor|1: 457 146 46 24 9 4 1 
85692|Child_CrossABC1|1: 458 145 46 24 9 4 1 
85778|Survivor|1: 411 110 43 20 9 4 1 
85801|Child_Levy|32: 410 115 54 19 10 4 1 
85826|Child_Cross12|45: 408 131 47 23 10 4 1 
85846|Survivor|1: 319 122 46 24 9 4 1 
85852|Survivor|1: 389 135 44 24 9 4 1 
85879|Survivor|1: 363 130 49 24 9 4 1 
85885|Child_Levy|40: 360 123 43 24 9 4 1 
85890|Child_Avg|47: 368 123 46 24 9 4 1 
85904|Survivor|1: 372 114 55 20 9 4 1 
85936|Child_Levy|32: 430 133 52 24 9 4 1 
85942|Child_Levy|56|Mutated: 429 131 53 24 9 4 1 
85943|Child_Avg|59: 459 131 52 24 9 4 1 
85945|Child_CrossABC1|7: 464 141 49 24 9 4 1 
85954|Child_Avg|51: 453 133 49 24 9 4 1 
86016|Child_CrossABC2|8: 407 134 49 24 9 4 1 
86074|Survivor|1: 475 164 67 23 10 4 1 
86078|Child_Avg|39: 453 149 58 23 10 4 1 
86081|Survivor|1: 414 128 50 23 10 4 1 
86083|Child_Avg|35: 423 128 50 23 10 4 1 
86086|Child_Cross12|21: 418 128 50 23 10 4 1 
86164|Child_Cross12|21|Mutated: 394 121 52 24 9 4 1 
86165|Child_CrossABC1|1: 393 118 56 24 9 4 1 
86266|Survivor|1: 431 125 46 29 9 4 1 
86274|Survivor|1: 410 107 43 24 9 4 1 
86276|Child_CrossABC2|8: 423 108 43 24 9 4 1 
86289|Child_CrossABC1|7: 471 124 46 24 9 4 1 
86314|Survivor|1: 418 117 44 24 9 4 1 
86321|Survivor|1: 400 135 49 24 9 4 1 
86379|Survivor|1: 482 160 56 21 10 4 1 
86383|Child_Avg|27: 393 129 57 23 10 4 1 
86412|Child_Levy|40: 405 133 48 23 10 4 1 
86515|Child_Levy|28: 446 158 49 24 9 4 1 
86541|Survivor|1: 403 140 44 23 10 4 1 
86545|Survivor|1: 402 139 51 23 10 4 1 
86546|Child_CrossABC1|7: 402 140 57 23 10 4 1 
86550|Child_CrossABC2|2: 402 139 57 23 10 4 1 
86551|Child_CrossABC2|8: 402 142 57 23 10 4 1 
86554|Child_CrossABC1|7: 402 141 57 23 10 4 1 
86558|Child_CrossABC2|8: 400 146 57 23 10 4 1 
86561|Child_CrossABC1|1|Mutated: 403 143 57 23 10 4 1 
86562|Child_CrossABC1|7: 404 144 57 23 10 4 1 
86563|Child_CrossABC1|7: 405 145 57 23 10 4 1 
86564|Child_CrossABC2|8: 403 145 57 23 10 4 1 
86567|Child_Avg|47: 390 134 51 23 10 4 1 
86612|Survivor|1: 431 125 47 23 10 4 1 
86615|Survivor|1: 424 144 57 23 10 4 1 
86622|Child_Cross21|22: 421 140 57 23 10 4 1 
86623|Child_CrossABC2|2: 425 165 57 23 10 4 1 
86633|Child_Cross21|14: 357 125 47 23 10 4 1 
86670|Survivor|1: 448 129 49 24 9 4 1 
86690|Child_Levy|36: 406 121 44 24 9 4 1 
86711|Child_Avg|27: 422 122 43 24 9 4 1 
86745|Child_Avg|31: 395 128 43 24 9 4 1 
86759|Survivor|1: 413 129 44 24 9 4 1 
86761|Child_Cross21|6: 410 125 41 24 9 4 1 
86808|Survivor|1: 400 125 56 24 9 4 1 
86845|Survivor|1: 406 127 41 24 9 4 1 
86846|Child_CrossABC2|2: 422 127 53 24 9 4 1 
86896|Child_Cross21|58: 727 206 73 27 10 4 1 
86901|Survivor|1: 418 161 58 23 10 4 1 
86903|Survivor|1: 395 143 58 23 10 4 1 
86904|Child_CrossABC1|7: 408 144 58 23 10 4 1 
86906|Child_Avg|7: 394 135 52 24 9 4 1 
86948|Child_Cross12|45: 397 137 47 23 10 4 1 
86961|Child_Cross12|17: 397 125 43 20 9 4 1 
86967|Survivor|1: 394 128 43 20 9 4 1 
86980|Survivor|1: 356 130 43 20 9 4 1 
87001|Survivor|1: 353 129 52 19 10 4 1 
87030|Child_CrossABC1|1: 399 124 45 19 10 4 1 
87079|Survivor|1: 407 124 44 19 10 4 1 
87094|Survivor|1: 400 126 49 23 12 5 1 
87103|Survivor|1: 403 140 54 20 9 4 1 
87121|Survivor|1: 411 135 52 20 9 4 1 
87133|Survivor|1: 360 108 41 19 10 4 1 
87135|Child_Cross21|50: 380 102 41 19 10 4 1 
87141|Survivor|1: 376 105 41 19 10 4 1 
87159|Child_CrossABC1|1: 401 106 41 19 10 4 1 
87202|Survivor|1: 421 152 51 23 10 4 1 
87212|Child_Cross12|17: 384 134 47 23 10 4 1 
87221|Child_CrossABC2|8: 373 140 49 24 9 4 1 
87222|Child_CrossABC2|2: 419 119 49 24 9 4 1 
87228|Survivor|1: 408 122 47 23 10 4 1 
87243|Survivor|1: 525 217 69 28 11 4 1 
87313|Survivor|1: 399 107 45 21 10 4 1 
87320|Survivor|1: 406 148 49 21 10 4 1 
87334|Survivor|1: 386 140 44 23 10 4 1 
87335|Child_Cross12|13: 379 117 44 23 10 4 1 
87381|Child_CrossABC2|8: 403 137 47 23 10 4 1 
87384|Child_Avg|19: 370 136 47 23 10 4 1 
87388|Child_Cross21|38: 397 137 44 23 10 4 1 
87408|Child_Avg|43: 365 126 52 24 9 4 1 
87409|Child_CrossABC1|1: 683 178 60 23 10 4 1 
87411|Child_Avg|27: 432 146 55 21 10 4 1 
87414|Survivor|1: 394 117 49 21 10 4 1 
87423|Child_Cross21|42: 404 120 46 21 10 4 1 
87432|Child_CrossABC1|7: 391 123 47 21 10 4 1 
87438|Child_Cross21|6|Mutated: 391 118 45 21 10 4 1 
87447|Child_Cross12|37: 398 119 45 21 10 4 1 
87472|Child_Cross12|53: 397 116 45 21 10 4 1 
87479|Child_Cross12|29: 404 118 45 21 10 4 1 
87491|Child_Cross12|21: 389 116 45 21 10 4 1 
87492|Child_Cross21|42: 392 116 45 21 10 4 1 
87494|Child_Avg|51: 367 115 48 21 10 4 1 
87499|Child_Cross12|29: 376 116 45 21 10 4 1 
87504|Child_Cross12|13: 399 116 45 21 10 4 1 
87513|Child_Avg|15|Mutated: 404 116 45 21 10 4 1 
87523|Child_CrossABC1|1: 402 116 46 21 10 4 1 
87551|Child_Cross12|37|Mutated: 400 115 50 21 10 4 1 
87570|Child_Cross21|22: 403 115 45 21 10 4 1 
87584|Child_Cross21|42: 405 115 45 21 10 4 1 
87611|Survivor|1: 402 119 48 21 10 4 1 
87619|Child_Cross21|10: 400 137 45 21 10 4 1 
87650|Child_Cross21|58: 403 128 45 21 10 4 1 
87719|Child_Levy|8: 438 181 58 23 10 4 1 
87725|Child_CrossABC1|1: 423 124 66 21 10 4 1 
87729|Survivor|1: 400 127 60 21 10 4 1 
87738|Survivor|1: 319 111 48 20 9 4 1 
87742|Child_Cross12|29: 351 122 53 24 9 4 1 
87749|Child_Avg|55: 342 121 46 24 9 4 1 
87780|Survivor|1: 348 117 44 23 10 4 1 
87796|Survivor|1: 390 116 49 24 9 4 1 
87849|Child_Cross21|22: 370 154 49 24 9 4 1 
87850|Child_CrossABC1|1: 373 150 52 24 9 4 1 
87881|Survivor|1: 684 179 58 23 10 4 1 
87886|Child_Avg|11: 549 150 54 23 10 4 1 
87895|Survivor|1: 421 128 45 21 10 4 1 
87920|Survivor|1: 315 130 49 21 10 4 1 
87965|Survivor|1: 573 176 55 24 9 4 1 
87969|Survivor|1: 573 161 55 24 9 4 1 
87974|Survivor|1: 452 129 49 24 9 4 1 
88010|Child_Cross12|29|Mutated: 403 121 52 24 9 4 1 
88023|Child_Cross12|13|Mutated: 397 123 56 24 9 4 1 
88078|Child_Cross21|22: 365 115 48 21 10 4 1 
88114|Survivor|1: 430 137 54 23 10 4 1 
88131|Survivor|1: 413 130 56 24 9 4 1 
88144|Survivor|1: 681 158 57 23 10 4 1 
88152|Survivor|1: 545 142 54 24 11 5 1 
88159|Child_CrossABC1|7: 457 131 48 21 10 4 1 
88174|Survivor|1: 355 116 46 21 10 4 1 
88176|Child_Avg|19: 364 113 43 19 10 4 1 
88199|Survivor|1: 382 131 43 24 9 4 1 
88236|Survivor|1: 394 128 56 27 10 4 1 
88240|Child_Cross21|22: 382 121 53 27 10 4 1 
88243|Survivor|1: 387 136 53 27 10 4 1 
88272|Child_Avg|35: 623 165 58 24 9 4 1 
88283|Survivor|1: 416 123 53 24 9 4 1 
88286|Child_Avg|51: 409 136 55 24 9 4 1 
88291|Survivor|1: 457 136 55 24 9 4 1 
88293|Child_CrossABC2|8: 462 136 55 24 9 4 1 
88297|Survivor|1: 457 134 53 24 9 4 1 
88302|Child_CrossABC1|7: 442 137 52 24 9 4 1 
88310|Child_Avg|35: 433 117 49 24 9 4 1 
88315|Child_Cross21|46: 449 136 49 24 9 4 1 
88318|Child_Cross21|10: 442 128 49 24 9 4 1 
88325|Child_Cross21|22: 421 119 49 24 9 4 1 
88366|Child_Cross12|29: 448 132 49 21 10 4 1 
88368|Child_Cross21|38|Mutated: 413 146 56 21 10 4 1 
88379|Child_CrossABC2|2: 424 129 49 21 10 4 1 
88383|Survivor|1: 419 127 46 20 9 4 1 
88420|Survivor|1: 428 122 47 23 10 4 1 
88425|Child_CrossABC1|1: 463 123 44 23 10 4 1 
88428|Child_CrossABC2|8: 355 118 44 23 10 4 1 
88430|Child_Cross21|18: 409 120 44 23 10 4 1 
88480|Survivor|1: 378 113 47 21 10 4 1 
88481|Child_Avg|3: 404 123 47 21 10 4 1 
88488|Child_Avg|59: 393 122 46 20 9 4 1 
88491|Child_Cross12|41: 393 122 46 21 10 4 1 
88513|Child_Cross12|17: 489 133 53 24 9 4 1 
88518|Survivor|1: 517 152 55 24 9 4 1 
88524|Child_CrossABC2|8: 395 133 50 24 9 4 1 
88530|Child_Avg|23: 368 132 49 24 9 4 1 
88608|Child_Avg|31|Mutated: 422 130 55 24 9 4 1 
88639|Survivor|1: 400 137 51 23 10 4 1 
88646|Child_Cross21|26: 441 125 47 23 10 4 1 
88653|Child_Avg|3: 418 118 47 21 10 4 1 
88659|Survivor|1: 358 116 46 21 10 4 1 
88672|Child_Avg|39: 366 116 45 21 10 4 1 
88680|Child_Cross21|38|Mutated: 358 119 48 21 10 4 1 
88684|Child_CrossABC1|1: 377 120 49 21 10 4 1 
88701|Child_CrossABC2|8: 362 109 44 20 9 4 1 
88705|Survivor|1: 372 102 43 19 10 4 1 
88725|Child_CrossABC2|8: 387 119 41 19 10 4 1 
88727|Child_CrossABC1|1: 402 118 62 27 10 4 1 
88738|Survivor|1: 377 119 54 19 10 4 1 
88744|Child_CrossABC1|7: 366 135 47 23 10 4 1 
88745|Child_CrossABC2|8: 365 134 52 24 9 4 1 
88749|Child_Avg|7: 384 140 45 23 10 4 1 
88752|Survivor|1: 377 128 46 24 9 4 1 
88759|Child_Avg|47|Mutated: 371 138 55 24 9 4 1 
88766|Child_Avg|15: 388 162 55 24 9 4 1 
88769|Child_CrossABC2|2: 388 126 55 24 9 4 1 
88770|Child_CrossABC1|1: 389 146 53 24 9 4 1 
88784|Survivor|1: 401 136 49 24 9 4 1 
88802|Survivor|1|Mutated: 390 141 56 24 9 4 1 
88808|Child_CrossABC2|2: 391 139 58 24 9 4 1 
88811|Survivor|1|Mutated: 465 139 58 24 9 4 1 
88812|Child_Cross21|34|Mutated: 472 141 53 24 9 4 1 
88813|Child_Cross12|45: 354 129 50 24 9 4 1 
88816|Child_CrossABC2|2: 429 132 58 24 9 4 1 
88820|Child_Cross21|14: 424 135 56 24 9 4 1 
88821|Child_Levy|56: 415 129 57 23 10 4 1 
88842|Child_CrossABC1|7: 325 118 44 23 10 4 1 
88857|Survivor|1: 384 122 43 20 9 4 1 
88869|Child_Avg|51: 379 116 41 20 9 4 1 
88922|Child_LevyABC1|11: 405 113 49 21 10 4 1 
88934|Survivor|1: 399 116 41 20 9 4 1 
88961|Survivor|1: 420 113 44 24 9 4 1 
88991|Survivor|1: 386 110 45 21 10 4 1 
89040|Child_CrossABC2|8: 379 108 43 20 9 4 1 
89063|Child_CrossABC2|2: 376 107 41 20 9 4 1 
89089|Child_CrossABC1|1: 373 107 41 20 9 4 1 
89112|Child_Avg|3: 375 107 44 20 9 4 1 
89139|Child_CrossABC1|7: 399 108 46 24 9 4 1 
89159|Child_CrossABC2|8: 401 147 50 24 9 4 1 
89162|Child_CrossABC1|1: 401 147 52 24 9 4 1 
89164|Survivor|1: 414 125 44 24 9 4 1 
89173|Child_Cross21|22: 354 133 48 23 10 4 1 
89178|Child_CrossABC1|7: 385 124 43 20 9 4 1 
89233|Child_Avg|27: 425 161 62 27 10 4 1 
89241|Child_Cross12|9: 399 155 56 27 10 4 1 
89246|Survivor|1: 430 136 53 24 9 4 1 
89248|Child_Levy|60|Mutated: 401 147 55 24 9 4 1 
89252|Child_Avg|15: 421 145 52 24 9 4 1 
89260|Child_Cross21|42: 438 132 49 24 9 4 1 
89261|Child_CrossABC1|7: 432 132 49 24 9 4 1 
89269|Child_Avg|7: 426 129 52 24 9 4 1 
89271|Child_CrossABC1|7: 433 131 52 24 9 4 1 
89272|Child_Cross12|45: 443 132 49 24 9 4 1 
89305|Child_Cross12|17: 453 157 49 24 9 4 1 
89310|Child_Avg|19: 451 132 49 24 9 4 1 
89316|Child_Cross12|21: 449 132 49 24 9 4 1 
89329|Child_Cross12|29|Mutated: 423 132 59 24 9 4 1 
89330|Child_Cross21|34: 455 133 49 24 9 4 1 
89331|Child_CrossABC1|1: 387 132 59 24 9 4 1 
89402|Survivor|1: 472 163 59 27 10 4 1 
89413|Child_Cross21|34: 357 113 49 21 10 4 1 
89415|Child_CrossABC2|8: 390 113 49 21 10 4 1 
89416|Child_Avg|39: 386 113 49 21 10 4 1 
89447|Child_Avg|43: 401 123 52 25 10 4 1 
89463|Survivor|1: 577 165 67 25 10 4 1 
89465|Child_Avg|55: 474 136 55 24 9 4 1 
89470|Survivor|1: 525 151 61 24 9 4 1 
89472|Survivor|1: 420 127 55 20 9 4 1 
89473|Child_Avg|31: 413 158 52 24 9 4 1 
89479|Child_Avg|15: 389 139 52 20 9 4 1 
89495|Survivor|1: 390 119 48 20 9 4 1 
89501|Survivor|1: 447 126 49 24 9 4 1 
89520|Survivor|1: 433 190 66 27 10 4 1 
89532|Child_Cross12|25: 408 135 48 23 10 4 1 
89545|Child_CrossABC1|7|Mutated: 399 135 50 24 9 4 1 
89547|Child_CrossABC1|1: 400 139 53 24 9 4 1 
89650|Child_CrossABC1|1: 358 107 43 20 9 4 1 
89673|Survivor|1: 388 131 47 24 9 4 1 
89682|Child_Levy|52: 449 128 59 24 9 4 1 
89686|Child_CrossABC2|2: 399 142 58 24 9 4 1 
89694|Child_Cross12|29: 367 128 47 24 9 4 1 
89724|Survivor|1: 392 132 43 24 9 4 1 
89769|Child_CrossABC1|1: 449 131 50 24 9 4 1 
89789|Child_Cross12|41: 405 145 55 24 9 4 1 
89811|Survivor|1: 624 171 59 24 9 4 1 
89823|Survivor|1: 624 195 59 24 9 4 1 
89830|Child_Cross21|42: 452 147 52 24 9 4 1 
89840|Survivor|1: 397 135 55 23 10 4 1 
89857|Survivor|1: 409 120 45 23 10 4 1 
89860|Survivor|1: 394 112 47 23 10 4 1 
89900|Survivor|1|Mutated: 389 122 52 20 9 4 1 
89908|Survivor|1: 393 115 45 19 10 4 1 
89918|Survivor|1: 322 127 45 21 10 4 1 
89990|Child_CrossABC1|1: 483 146 53 24 9 4 1 
89993|Child_Cross21|50: 456 145 52 24 9 4 1 
90004|Child_Levy|48: 476 141 52 20 9 4 1 
90007|Child_Cross12|45: 421 134 47 24 9 4 1 
90008|Child_CrossABC2|8: 447 137 47 24 9 4 1 
90013|Child_CrossABC1|1: 441 133 53 24 9 4 1 
90032|Survivor|1: 415 128 46 24 9 4 1 
90051|Child_Cross12|57|Mutated: 424 123 47 24 9 4 1 
90052|Child_CrossABC2|8: 425 122 53 24 9 4 1 
90193|Child_CrossABC1|1: 517 148 58 24 9 4 1 
90194|Child_Avg|23: 461 142 53 24 9 4 1 
90196|Child_Cross12|13: 386 131 53 24 9 4 1 
90197|Child_Cross12|49: 419 121 50 24 9 4 1 
90198|Child_CrossABC2|2: 444 127 52 24 9 4 1 
90199|Child_CrossABC1|1: 430 131 50 24 9 4 1 
90201|Child_Avg|11: 409 129 50 24 9 4 1 
90202|Child_CrossABC2|2: 425 131 50 24 9 4 1 
90217|Child_Cross21|2: 429 126 47 24 9 4 1 
90220|Survivor|1: 427 127 49 24 9 4 1 
90325|Survivor|1: 444 135 62 27 10 4 1 
90330|Survivor|1: 443 127 53 25 10 4 1 
90332|Child_Avg|51: 451 126 51 23 10 4 1 
90347|Survivor|1: 532 167 61 24 9 4 1 
90356|Child_Avg|35: 395 126 49 23 8 3 1 
90361|Child_CrossABC1|1: 399 129 52 24 9 4 1 
90367|Survivor|1: 367 129 49 24 9 4 1 
90372|Child_Avg|43: 383 134 47 24 9 4 1 
90394|Child_Avg|51: 387 116 45 21 10 4 1 
90445|Survivor|1: 461 172 49 28 11 4 1 
90454|Child_Levy|48: 601 156 53 24 9 4 1 
90459|Child_Cross12|1: 469 145 52 24 9 4 1 
90464|Child_CrossABC1|1: 416 153 58 24 9 4 1 
90493|Child_Avg|3|Mutated: 451 156 62 24 9 4 1 
90501|Child_Cross21|2: 453 156 62 24 9 4 1 
90506|Child_CrossABC1|1: 455 156 62 24 9 4 1 
90523|Child_Avg|35|Mutated: 397 146 52 24 9 4 1 
90526|Child_CrossABC1|1: 398 143 50 24 9 4 1 
90531|Child_CrossABC2|2: 387 141 57 23 10 4 1 
90571|Child_Levy|12: 360 129 48 20 9 4 1 
90580|Child_CrossABC2|2: 360 111 48 20 9 4 1 
90590|Child_CrossABC2|8: 473 115 48 21 10 4 1 
90594|Child_Cross21|50: 379 107 43 20 9 4 1 
90601|Child_Cross21|42|Mutated: 416 107 43 20 9 4 1 
90614|Child_Cross21|30: 380 110 43 20 9 4 1 
90686|Child_LevyP1|3|Mutated: 413 126 47 23 10 4 1 
90698|Survivor|1: 405 145 46 21 10 4 1 
90701|Survivor|1: 416 121 56 21 10 4 1 
90708|Survivor|1: 423 138 55 21 10 4 1 
90709|Child_CrossABC1|1: 421 144 59 21 10 4 1 
90713|Child_CrossABC2|2: 393 122 57 21 10 4 1 
90718|Survivor|1: 390 118 57 23 10 4 1 
90727|Child_CrossABC1|7: 391 118 57 23 10 4 1 
90729|Child_CrossABC2|8: 389 118 57 23 10 4 1 
90735|Survivor|1: 395 110 48 23 10 4 1 
90737|Child_CrossABC2|8: 393 110 48 23 10 4 1 
90738|Child_Avg|35: 376 112 47 23 10 4 1 
90740|Child_Avg|39: 370 112 47 23 10 4 1 
90742|Child_Avg|59: 374 112 47 23 10 4 1 
90743|Child_Cross21|30: 373 112 47 23 10 4 1 
90745|Child_Cross12|37: 375 112 47 23 10 4 1 
90746|Child_Avg|27: 391 112 47 23 10 4 1 
90752|Child_Cross21|30: 399 112 47 23 10 4 1 
90755|Child_Avg|7: 386 112 47 23 10 4 1 
90758|Child_Cross21|42: 368 112 47 23 10 4 1 
90773|Child_CrossABC2|2: 393 112 47 23 10 4 1 
90777|Child_Cross21|38: 381 112 47 23 10 4 1 
90783|Child_Cross21|6: 404 112 47 23 10 4 1 
90785|Child_Cross21|18: 397 112 47 23 10 4 1 
90884|Child_CrossABC1|1: 403 141 43 24 9 4 1 
90930|Child_CrossABC2|2: 458 143 59 24 9 4 1 
90941|Child_Cross21|2: 439 134 52 24 9 4 1 
90943|Child_CrossABC1|1: 405 134 52 24 9 4 1 
90944|Child_CrossABC1|7: 424 135 52 24 9 4 1 
90947|Child_CrossABC1|1: 384 138 53 24 9 4 1 
90985|Child_CrossABC1|7: 413 131 50 24 9 4 1 
90987|Child_Cross21|50: 374 113 47 23 10 4 1 
90991|Child_Levy|36: 453 136 47 24 9 4 1 
90994|Child_Cross12|21: 420 130 47 24 9 4 1 
91013|Child_CrossABC2|2: 402 121 51 23 10 4 1 
91029|Survivor|1: 481 134 57 23 10 4 1 
91052|Survivor|1: 394 132 47 23 10 4 1 
91071|Child_CrossABC2|8: 463 162 53 24 9 4 1 
91088|Survivor|1: 404 151 52 24 9 4 1 
91093|Child_CrossABC1|1: 401 139 55 24 9 4 1 
91109|Child_CrossABC2|2: 389 134 52 24 9 4 1 
91121|Survivor|1: 431 121 43 24 9 4 1 
91132|Child_Avg|39: 449 124 46 24 9 4 1 
91169|Survivor|1: 456 137 54 24 11 4 1 
91176|Child_Cross12|1: 422 135 49 24 9 4 1 
91183|Child_Levy|32: 379 130 55 24 9 4 1 
91196|Child_Cross12|37: 423 129 45 23 10 4 1 
91206|Child_CrossABC2|2: 413 132 43 24 9 4 1 
91207|Child_Levy|52: 422 119 45 23 10 4 1 
91232|Child_Avg|51: 412 126 47 24 9 4 1 
91292|Random|16: 619 167 71 28 11 4 1 
91318|Child_Levy|48: 396 137 53 27 10 4 1 
91320|Child_CrossABC1|7: 403 111 57 23 10 4 1 
91323|Survivor|1: 418 142 55 27 10 4 1 
91350|Child_Levy|28: 391 128 46 24 9 4 1 
91403|Child_Cross21|30: 315 117 46 24 9 4 1 
91405|Child_Avg|23: 424 136 49 24 9 4 1 
91415|Child_Cross21|26: 378 136 43 24 9 4 1 
91436|Child_CrossABC2|8: 477 152 53 24 9 4 1 
91444|Child_CrossABC1|7: 402 127 47 24 9 4 1 
91500|Survivor|1: 436 126 43 24 9 4 1 
91507|Child_CrossABC2|2: 411 117 46 24 9 4 1 
91516|Child_Avg|11|Mutated: 420 129 52 24 9 4 1 
91549|Child_CrossABC1|7: 399 134 54 24 11 4 1 
91574|Child_Avg|35: 467 179 68 24 9 4 1 
91578|Child_Cross12|41: 411 119 53 24 9 4 1 
91591|Child_CrossABC2|8: 431 124 46 24 9 4 1 
91592|Child_CrossABC1|1: 429 126 53 24 9 4 1 
91593|Child_Cross12|29: 402 114 43 24 9 4 1 
91596|Survivor|1: 437 117 52 20 9 4 1 
91607|Survivor|1: 414 121 48 20 9 4 1 
91645|Survivor|1: 316 111 48 20 9 4 1 
91649|Survivor|1: 330 112 47 21 10 4 1 
91651|Survivor|1: 351 113 45 21 10 4 1 
91683|Child_Avg|19: 390 156 59 24 9 4 1 
91687|Survivor|1: 431 158 47 24 9 4 1 
91700|Child_CrossABC2|2: 376 135 52 24 9 4 1 
91709|Child_Avg|43|Mutated: 362 101 47 23 10 4 1 
91711|Child_Cross12|13: 358 122 47 23 10 4 1 
91712|Child_Avg|31: 371 122 54 23 10 4 1 
91716|Child_CrossABC2|2: 360 114 47 23 10 4 1 
91721|Child_CrossABC1|7: 374 114 47 23 10 4 1 
91722|Child_Avg|23: 340 125 47 23 10 4 1 
91732|Child_CrossABC2|8: 348 125 47 23 10 4 1 
91756|Child_CrossABC2|8: 416 148 55 23 10 4 1 
91780|Child_Avg|23: 384 109 44 24 9 4 1 
91790|Child_Levy|4: 470 156 61 24 9 4 1 
91793|Survivor|1: 428 158 53 24 9 4 1 
91795|Child_Cross21|6: 447 138 52 24 9 4 1 
91799|Child_CrossABC1|7: 449 141 53 24 9 4 1 
91806|Child_CrossABC2|2: 437 135 46 24 9 4 1 
91815|Survivor|1: 389 128 47 24 9 4 1 
91845|Child_Cross12|37: 394 125 47 24 9 4 1 
91864|Child_CrossABC1|7|Mutated: 328 130 49 24 9 4 1 
91867|Survivor|1: 450 144 57 23 10 4 1 
91876|Child_Cross12|25: 412 133 47 23 10 4 1 
91898|Survivor|1|Mutated: 406 111 47 24 9 4 1 
91914|Child_Avg|55: 357 133 43 20 9 4 1 
91915|Child_Levy|48: 440 132 57 20 9 4 1 
91921|Survivor|1: 391 127 46 20 9 4 1 
91928|Survivor|1: 394 127 46 20 9 4 1 
91944|Child_CrossABC2|2: 392 127 45 20 9 4 1 
91976|Child_Cross21|38: 427 127 41 19 10 4 1 
92034|Survivor|1: 442 145 47 23 10 4 1 
92051|Child_Cross21|34: 393 139 48 21 10 4 1 
92055|Child_CrossABC2|2: 354 138 49 21 10 4 1 
92056|Child_Avg|39: 365 143 49 21 10 4 1 
92058|Child_CrossABC1|1: 357 135 49 21 10 4 1 
92063|Child_Cross12|45: 388 127 46 20 9 4 1 
92090|Survivor|1: 358 110 43 20 9 4 1 
92099|Survivor|1: 361 114 43 20 9 4 1 
92125|Survivor|1: 371 107 46 20 9 4 1 
92188|Child_Avg|15|Mutated: 374 107 46 20 9 4 1 
92214|Survivor|1: 449 140 48 21 10 4 1 
92215|Child_Avg|7: 371 133 56 24 9 4 1 
92218|Survivor|1: 423 135 50 21 10 4 1 
92219|Child_Cross21|34: 405 134 49 21 10 4 1 
92242|Survivor|1: 405 134 47 21 10 4 1 
92297|Survivor|1: 381 139 44 23 10 4 1 
92302|Child_CrossABC1|7: 399 132 46 24 9 4 1 
92392|Survivor|1: 448 130 43 20 9 4 1 
92432|Child_Avg|55: 411 143 50 24 9 4 1 
92435|Child_Avg|19: 394 135 46 24 9 4 1 
92465|Survivor|1: 451 124 46 24 9 4 1 
92474|Survivor|1: 434 125 49 24 9 4 1 
92486|Child_Cross21|14: 418 137 45 21 10 4 1 
92502|Survivor|1: 409 130 50 24 9 4 1 
92573|Survivor|1: 408 133 58 24 9 4 1 
92576|Survivor|1: 389 151 52 24 9 4 1 
92589|Child_CrossABC2|2: 476 189 62 24 9 4 1 
92597|Child_LevyP2|4: 371 133 50 24 9 4 1 
92608|Survivor|1: 299 118 43 24 9 4 1 
92657|Child_Cross21|50: 366 128 47 24 9 4 1 
92659|Child_CrossABC1|7: 404 131 50 24 9 4 1 
92665|Survivor|1: 385 132 47 23 10 4 1 
92670|Child_Cross21|42: 414 128 47 23 10 4 1 
92757|Child_CrossABC2|2: 407 124 47 23 10 4 1 
92764|Child_CrossABC1|1: 347 126 43 24 9 4 1 
92767|Child_Cross12|49|Mutated: 403 123 50 24 9 4 1 
92810|Child_Avg|59: 398 126 47 24 9 4 1 
92841|Survivor|1: 413 132 50 24 9 4 1 
92842|Child_CrossABC1|7: 413 133 50 24 9 4 1 
92845|Child_CrossABC2|8: 429 121 50 24 9 4 1 
92846|Child_CrossABC2|2: 400 133 50 24 9 4 1 
92847|Child_CrossABC2|2|Mutated: 435 147 62 24 9 4 1 
92864|Survivor|1: 378 123 43 24 9 4 1 
92872|Child_Levy|16: 406 127 44 23 10 4 1 
92889|Survivor|1|Mutated: 389 118 50 24 9 4 1 
92895|Survivor|1: 485 124 58 24 9 4 1 
92897|Child_Cross21|38: 461 124 46 24 9 4 1 
92907|Survivor|1: 411 128 58 24 9 4 1 
92910|Child_Levy|52: 419 130 55 24 9 4 1 
92913|Child_CrossABC2|2: 470 130 55 24 9 4 1 
92914|Child_CrossABC1|7: 310 130 55 24 9 4 1 
92916|Child_CrossABC2|2: 468 130 55 24 9 4 1 
92919|Child_Avg|39: 455 128 55 24 9 4 1 
92922|Child_Cross21|18: 453 132 53 24 9 4 1 
92924|Child_CrossABC1|7: 387 133 53 24 9 4 1 
92926|Child_Avg|39: 403 129 53 24 9 4 1 
92931|Child_CrossABC1|1: 397 123 53 24 9 4 1 
92983|Survivor|1: 433 129 44 24 9 4 1 
93036|Survivor|1: 393 138 50 24 9 4 1 
93043|Child_CrossABC1|1: 422 121 46 24 9 4 1 
93046|Survivor|1: 417 117 52 24 9 4 1 
93070|Child_Avg|47: 404 117 50 23 8 3 1 
93071|Child_Cross12|45: 420 129 49 21 10 4 1 
93084|Child_Cross21|6|Mutated: 353 133 47 21 10 4 1 
93088|Child_Cross12|17: 409 119 45 21 10 4 1 
93089|Child_Cross21|22: 406 119 45 21 10 4 1 
93116|Child_Avg|19: 397 113 45 21 10 4 1 
93133|Child_Cross21|38: 397 118 45 21 10 4 1 
93137|Child_Cross21|54: 385 119 45 21 10 4 1 
93144|Child_Cross12|41: 399 122 45 21 10 4 1 
93156|Child_CrossABC2|8: 401 127 50 21 10 4 1 
93213|Child_CrossABC1|1: 376 142 45 21 10 4 1 
93219|Child_Avg|31: 428 149 48 20 9 4 1 
93223|Child_CrossABC1|1: 456 159 52 20 9 4 1 
93231|Survivor|1: 369 114 44 19 10 4 1 
93249|Child_Cross12|5: 611 163 63 29 10 4 1 
93260|Child_CrossABC1|7: 619 153 56 27 10 4 1 
93276|Child_Cross21|54: 364 106 45 21 10 4 1 
93293|Survivor|1: 370 111 46 20 9 4 1 
93296|Survivor|1: 372 111 48 20 9 4 1 
93300|Survivor|1: 428 111 48 20 9 4 1 
93309|Child_Avg|47: 376 114 43 20 9 4 1 
93330|Child_Levy|16: 408 146 52 24 9 4 1 
93341|Child_Levy|52: 444 138 55 24 9 4 1 
93342|Child_CrossABC2|8: 411 158 53 24 9 4 1 
93349|Child_CrossABC2|8: 405 129 53 24 9 4 1 
93352|Child_Cross21|6: 405 129 53 25 9 4 1 
93378|Child_Avg|47: 395 117 52 24 9 4 1 
93380|Child_Avg|19: 387 117 46 24 9 4 1 
93449|Child_CrossABC1|1|Mutated: 376 114 47 24 9 4 1 
93481|Child_CrossABC1|1: 413 131 52 24 9 4 1 
93488|Child_Avg|23: 422 126 47 24 9 4 1 
93490|Child_Cross21|2: 460 151 49 24 9 4 1 
93494|Child_Cross21|38|Mutated: 447 139 55 24 9 4 1 
93496|Child_CrossABC1|1: 414 129 47 21 10 4 1 
93509|Child_CrossABC2|8: 389 145 45 21 10 4 1 
93511|Child_Avg|31: 387 140 45 21 10 4 1 
93521|Survivor|1|Mutated: 387 138 43 20 9 4 1 
93523|Survivor|1: 400 151 65 24 9 4 1 
93534|Child_Cross21|30: 383 139 45 21 10 4 1 
93535|Child_CrossABC1|7: 359 132 49 21 10 4 1 
93542|Survivor|1: 377 137 45 21 10 4 1 
93548|Child_Cross21|30: 387 133 45 21 10 4 1 
93561|Child_Cross12|41: 359 127 45 21 10 4 1 
93567|Child_Cross12|45: 357 130 45 21 10 4 1 
93574|Child_Cross21|50: 362 128 45 21 10 4 1 
93575|Child_Avg|35: 352 137 45 21 10 4 1 
93590|Child_Cross12|1: 369 133 45 21 10 4 1 
93597|Child_Cross12|41|Mutated: 386 133 45 21 10 4 1 
93618|Child_Cross12|29: 354 137 45 21 10 4 1 
93653|Child_Cross21|42: 404 130 45 21 10 4 1 
93681|Child_CrossABC2|2: 405 146 53 24 9 4 1 
93686|Child_Avg|23: 409 138 52 24 9 4 1 
93688|Child_Avg|47: 410 137 53 24 9 4 1 
93749|Survivor|1: 385 128 48 23 10 4 1 
93753|Child_CrossABC1|1: 369 112 46 21 10 4 1 
93759|Child_Avg|27: 379 108 46 20 9 4 1 
93772|Survivor|1: 374 128 43 20 9 4 1 
93809|Survivor|1: 423 123 46 20 9 4 1 
93840|Child_Avg|59: 416 131 52 19 10 4 1 
93853|Survivor|1: 410 117 49 24 9 4 1 
93887|Child_Avg|39: 409 128 47 21 10 4 1 
93919|Child_Avg|51: 391 162 53 24 9 4 1 
93934|Child_Cross21|54: 397 113 47 23 10 4 1 
93938|Survivor|1: 389 112 49 23 8 3 1 
93941|Survivor|1: 389 111 44 24 9 4 1 
93989|Child_CrossABC1|1: 489 192 62 27 10 4 1 
93994|Child_Cross21|42: 461 171 55 27 10 4 1 
93998|Survivor|1: 376 150 48 23 10 4 1 
94002|Child_Cross21|46: 392 139 44 24 9 4 1 
94008|Child_CrossABC2|2|Mutated: 375 113 47 21 10 4 1 
94093|Child_CrossABC2|2: 384 135 50 24 9 4 1 
94105|Child_Cross21|38: 397 130 47 24 9 4 1 
94107|Child_Cross21|14: 402 128 47 24 9 4 1 
94111|Child_Cross21|38: 397 134 47 24 9 4 1 
94151|Child_Avg|43|Mutated: 401 126 46 24 9 4 1 
94158|Child_Cross12|5|Mutated: 401 138 52 24 9 4 1 
94159|Child_CrossABC1|1: 401 148 58 24 9 4 1 
94185|Child_CrossABC2|8: 386 122 53 24 9 4 1 
94193|Child_CrossABC2|2: 377 129 52 24 9 4 1 
94207|Child_Cross12|21: 369 143 49 24 9 4 1 
94288|Child_Cross12|53: 388 142 49 24 9 4 1 
94357|Child_Avg|31: 383 132 49 24 9 4 1 
94366|Child_Cross12|53: 392 132 49 24 9 4 1 
94373|Child_Cross12|41: 387 151 49 24 9 4 1 
94413|Child_LevyP2|10: 374 145 55 24 9 4 1 
94417|Survivor|1|Mutated: 343 145 55 24 9 4 1 
94442|Child_Avg|27: 406 141 46 24 9 4 1 
94445|Survivor|1: 399 135 49 24 9 4 1 
94504|Survivor|1: 458 202 67 24 9 4 1 
94508|Child_CrossABC2|8: 489 193 67 24 9 4 1 
94510|Child_Cross12|1: 418 123 59 24 9 4 1 
94519|Child_Cross21|54|Mutated: 386 140 55 24 9 4 1 
94521|Child_Cross12|49: 415 139 52 24 9 4 1 
94523|Child_CrossABC1|7: 417 140 50 24 9 4 1 
94527|Child_Cross12|13: 415 138 53 24 9 4 1 
94532|Child_Cross12|53: 406 134 47 24 9 4 1 
94552|Child_Cross21|38|Mutated: 443 130 43 20 9 4 1 
94593|Child_Levy|28|Mutated: 473 129 49 21 10 4 1 
94632|Child_Avg|11: 411 127 43 19 10 4 1 
94685|Child_CrossABC1|1: 347 127 41 19 10 4 1 
94697|Child_CrossABC1|7: 381 112 41 19 10 4 1 
94701|Survivor|1: 382 112 43 19 10 4 1 
94707|Child_CrossABC2|2: 384 115 44 19 10 4 1 
94709|Child_CrossABC2|2: 386 115 44 19 10 4 1 
94713|Child_CrossABC2|8: 388 115 44 19 10 4 1 
94714|Child_CrossABC2|8: 392 115 44 19 10 4 1 
94772|Survivor|1: 439 129 49 24 9 4 1 
94773|Child_CrossABC2|8: 340 126 49 24 9 4 1 
94783|Survivor|1|Mutated: 440 155 50 24 9 4 1 
94791|Survivor|1: 424 147 52 24 9 4 1 
94800|Child_CrossABC1|1: 383 121 43 24 9 4 1 
94807|Child_CrossABC2|2: 397 114 43 24 9 4 1 
94834|Child_CrossABC2|2: 393 118 49 24 9 4 1 
94928|Child_CrossABC1|7: 436 165 61 24 9 4 1 
94932|Child_Avg|39: 413 145 62 27 10 4 1 
94941|Survivor|1: 474 145 62 27 10 4 1 
94945|Child_Avg|15: 371 113 46 24 9 4 1 
94960|Survivor|1: 368 107 43 24 9 4 1 
94991|Survivor|1: 378 147 58 24 9 4 1 
94995|Child_CrossABC1|7: 351 138 56 24 9 4 1 
95061|Survivor|1: 407 138 47 24 9 4 1 
95064|Child_LevyP2|4: 514 149 51 23 10 4 1 
95067|Child_CrossABC2|2: 417 157 55 23 10 4 1 
95079|Child_Cross12|53: 413 140 44 23 10 4 1 
95080|Child_Avg|55: 408 141 44 23 10 4 1 
95085|Child_Cross21|10: 403 141 44 23 10 4 1 
95090|Child_Cross12|9: 385 141 44 23 10 4 1 
95098|Child_Cross21|58: 394 140 44 23 10 4 1 
95116|Child_Avg|47: 400 146 44 23 10 4 1 
95117|Child_Cross21|14|Mutated: 411 127 44 23 10 4 1 
95186|Survivor|1: 368 138 53 27 10 4 1 
95190|Child_Cross12|21: 393 143 52 24 9 4 1 
95198|Child_CrossABC2|8: 391 139 53 24 9 4 1 
95238|Child_CrossABC2|2: 462 151 49 24 9 4 1 
95299|Survivor|1: 383 136 50 24 9 4 1 
95314|Child_CrossABC1|1: 383 132 55 24 9 4 1 
95321|Survivor|1: 383 126 70 24 9 4 1 
95325|Child_Cross21|6: 340 129 50 24 9 4 1 
95330|Child_Cross21|58: 437 117 56 24 9 4 1 
95333|Survivor|1: 337 126 49 24 9 4 1 
95349|Survivor|1: 508 175 58 24 9 4 1 
95351|Child_CrossABC1|7: 426 175 64 24 9 4 1 
95358|Survivor|1: 376 153 46 20 9 4 1 
95385|Survivor|1: 383 130 46 24 9 4 1 
95398|Child_CrossABC1|7|Mutated: 337 126 56 24 9 4 1 
95427|Child_Levy|40: 343 138 53 27 10 4 1 
95436|Child_Levy|48: 351 120 46 20 9 4 1 
95441|Survivor|1: 365 116 46 20 9 4 1 
95458|Child_Avg|59: 371 122 57 23 10 4 1 
95460|Child_Avg|15: 394 138 55 23 10 4 1 
95462|Child_Cross21|22: 409 126 51 23 10 4 1 
95472|Child_CrossABC2|2: 433 128 53 24 9 4 1 
95516|Survivor|1: 403 153 59 27 10 4 1 
95526|Survivor|1: 472 164 53 27 10 4 1 
95528|Child_CrossABC2|2: 377 147 63 27 10 4 1 
95531|Child_CrossABC2|8: 386 147 63 27 10 4 1 
95536|Survivor|1: 395 146 59 27 10 4 1 
95538|Survivor|1: 387 137 52 27 10 4 1 
95539|Child_Cross21|54: 396 133 55 24 11 5 1 
95570|Survivor|1: 414 131 51 23 10 4 1 
95600|Survivor|1|Mutated: 336 130 49 24 9 4 1 
95616|Survivor|1: 397 129 46 24 9 4 1 
95662|Child_Avg|43: 424 123 56 25 9 4 1 
95678|Survivor|1: 449 174 61 19 10 4 1 
95683|Child_Avg|7: 412 167 57 23 10 4 1 
95687|Child_Avg|31: 381 157 58 23 10 4 1 
95702|Survivor|1: 351 135 47 23 10 4 1 
95710|Child_Cross12|29: 355 133 47 23 10 4 1 
95713|Child_CrossABC1|1: 352 134 47 23 10 4 1 
95715|Child_Cross21|14: 349 135 47 23 10 4 1 
95717|Child_Cross21|30: 345 128 47 23 10 4 1 
95726|Child_Cross21|26: 353 132 47 23 10 4 1 
95735|Child_Cross21|30: 352 132 47 23 10 4 1 
95737|Child_Cross12|1: 355 132 47 23 10 4 1 
95758|Child_Cross21|54: 399 132 47 23 10 4 1 
95764|Child_Cross12|21: 440 132 47 23 10 4 1 
95829|Child_Cross21|14: 429 122 47 23 10 4 1 
95840|Child_Cross21|10: 424 122 47 23 10 4 1 
95855|Child_Cross21|50: 431 122 47 23 10 4 1 
95891|Child_Cross21|6: 425 122 47 23 10 4 1 
95931|Child_Cross21|58: 381 131 59 27 10 4 1 
95946|Survivor|1: 457 154 59 24 9 4 1 
95948|Child_Levy|52: 412 126 51 23 10 4 1 
95955|Survivor|1: 446 129 44 24 9 4 1 
95963|Survivor|1: 370 111 47 24 9 4 1 
95990|Child_Avg|23: 447 145 59 24 9 4 1 
95991|Child_Avg|43: 362 134 52 19 10 4 1 
96005|Child_Cross21|54|Mutated: 428 125 47 23 10 4 1 
96018|Survivor|1: 424 125 43 20 9 4 1 
96032|Child_Avg|23: 386 137 55 24 9 4 1 
96039|Child_Cross12|41: 409 139 55 24 9 4 1 
96042|Child_Avg|43: 406 139 55 24 9 4 1 
96049|Child_Avg|31: 394 121 46 24 9 4 1 
96058|Child_CrossABC2|2: 349 135 44 24 9 4 1 
96075|Child_Avg|15: 376 147 46 24 9 4 1 
96086|Child_Avg|43|Mutated: 352 137 46 24 9 4 1 
96143|Survivor|1: 393 117 47 21 10 4 1 
96155|Survivor|1|Mutated: 350 123 47 23 10 4 1 
96165|Child_CrossABC2|8: 431 174 52 24 9 4 1 
96167|Child_Avg|3: 447 174 52 24 9 4 1 
96170|Child_CrossABC2|8: 475 172 53 24 9 4 1 
96179|Child_Avg|31: 433 158 49 24 9 4 1 
96182|Child_Cross12|33: 412 153 49 24 9 4 1 
96183|Child_Cross12|9: 425 162 49 24 9 4 1 
96190|Survivor|1: 419 157 49 24 9 4 1 
96193|Child_Cross12|17: 429 157 49 24 9 4 1 
96194|Child_Cross21|34: 415 157 49 24 9 4 1 
96196|Child_CrossABC1|1: 409 154 49 24 9 4 1 
96198|Child_CrossABC2|2: 411 150 49 24 9 4 1 
96199|Child_Cross12|21: 417 154 49 24 9 4 1 
96200|Child_Cross12|17: 416 152 49 24 9 4 1 
96201|Child_Cross21|26: 414 152 49 24 9 4 1 
96207|Child_Cross21|18: 416 157 49 24 9 4 1 
96215|Child_Cross21|10: 402 154 49 24 9 4 1 
96245|Survivor|1: 401 137 47 24 9 4 1 
96251|Survivor|1|Mutated: 442 131 43 24 9 4 1 
96256|Child_CrossABC2|8: 449 131 43 24 9 4 1 
96257|Child_CrossABC2|8: 450 131 55 24 9 4 1 
96262|Survivor|1: 436 136 49 24 9 4 1 
96345|Survivor|1: 406 115 49 21 10 4 1 
96347|Survivor|1: 383 117 49 24 9 4 1 
96349|Child_Cross21|54: 406 115 49 24 9 4 1 
96350|Child_CrossABC2|2: 418 119 49 24 9 4 1 
96355|Child_Cross21|34: 409 118 49 24 9 4 1 
96357|Child_Cross12|1: 403 117 49 24 9 4 1 
96370|Child_Cross12|41|Mutated: 422 117 49 24 9 4 1 
96384|Child_Cross21|46: 387 117 49 24 9 4 1 
96410|Child_Avg|55: 411 119 50 24 9 4 1 
96413|Child_Avg|55: 429 132 61 24 9 4 1 
96419|Child_CrossABC2|2|Mutated: 424 139 59 24 9 4 1 
96432|Survivor|1: 407 122 47 24 9 4 1 
96488|Survivor|1: 391 126 54 25 10 4 1 
96496|Child_CrossABC1|7: 394 126 53 24 9 4 1 
96502|Child_Cross21|50: 398 144 49 24 9 4 1 
96504|Child_Cross21|26: 370 143 49 24 9 4 1 
96514|Child_Avg|39: 379 130 46 24 9 4 1 
96540|Child_Cross12|49: 387 130 46 24 9 4 1 
96604|Survivor|1: 445 134 46 20 9 4 1 
96613|Child_CrossABC1|7: 307 127 43 20 9 4 1 
96635|Survivor|1: 310 127 43 20 9 4 1 
96692|Child_Cross12|5: 382 140 49 24 9 4 1 
96693|Child_CrossABC1|7: 363 117 49 24 9 4 1 
96733|Survivor|1: 341 117 49 24 9 4 1 
96770|Survivor|1: 409 127 49 24 9 4 1 
96779|Child_CrossABC1|7: 363 119 46 24 9 4 1 
96816|Child_Levy|4: 402 119 55 24 9 4 1 
96824|Child_Avg|7: 395 137 47 25 9 4 1 
96850|Survivor|1: 400 120 45 23 10 4 1 
96858|Child_Cross12|37: 412 134 45 21 10 4 1 
96860|Child_Cross12|41: 394 116 45 21 10 4 1 
96863|Child_Cross12|29: 389 121 43 19 10 4 1 
96936|Child_Cross21|22|Mutated: 404 121 48 20 9 4 1 
96973|Survivor|1: 606 145 63 23 14 4 1 
96978|Child_Avg|39: 422 126 56 25 9 4 1 
96988|Child_CrossABC2|8: 400 111 47 24 9 4 1 
97007|Child_Avg|19: 388 116 49 24 9 4 1 
97012|Survivor|1: 401 116 49 24 9 4 1 
97029|Child_Cross12|29: 374 108 43 24 9 4 1 
97037|Survivor|1: 460 152 49 24 9 4 1 
97057|Survivor|1: 433 130 47 24 9 4 1 
97146|Survivor|1: 355 132 46 24 9 4 1 
97155|Child_CrossABC2|2: 397 139 61 23 10 4 1 
97156|Child_CrossABC2|8: 404 138 48 23 10 4 1 
97210|Survivor|1: 470 135 55 29 9 4 1 
97213|Child_LevyP2|4: 467 132 57 23 10 4 1 
97234|Child_Cross12|13: 412 123 47 23 10 4 1 
97312|Child_Cross21|22: 401 127 44 23 10 4 1 
97335|Child_Avg|3: 439 132 53 24 9 4 1 
97350|Survivor|1: 421 157 47 23 10 4 1 
97363|Survivor|1: 360 135 52 24 9 4 1 
97367|Child_CrossABC1|1: 364 132 53 24 9 4 1 
97369|Child_Avg|59: 369 125 52 24 9 4 1 
97376|Child_Avg|7: 359 124 46 24 9 4 1 
97378|Survivor|1: 370 130 49 24 9 4 1 
97384|Child_Avg|43|Mutated: 357 131 55 24 9 4 1 
97391|Survivor|1: 357 142 55 24 9 4 1 
97400|Survivor|1|Mutated: 469 143 49 24 9 4 1 
97404|Child_Avg|3: 355 124 46 24 9 4 1 
97415|Survivor|1: 421 113 43 24 9 4 1 
97430|Child_Avg|31: 440 143 65 25 9 4 1 
97433|Child_Levy|16: 395 136 45 21 10 4 1 
97455|Child_Cross12|37: 373 133 45 21 10 4 1 
97466|Child_CrossABC1|1: 384 117 46 20 9 4 1 
97470|Survivor|1: 386 119 46 20 9 4 1 
97491|Child_LevyP1|3: 455 165 52 24 9 4 1 
97507|Child_CrossABC1|7: 388 118 49 24 9 4 1 
97630|Survivor|1|Mutated: 363 101 49 24 9 4 1 
97637|Survivor|1: 472 127 49 24 9 4 1 
97658|Survivor|1: 421 117 43 19 10 4 1 
97697|Child_LevyABC2|6|Mutated: 570 195 74 33 10 4 1 
97711|Survivor|1: 415 128 47 24 9 4 1 
97715|Child_CrossABC1|7: 374 134 49 24 9 4 1 
97724|Child_CrossABC2|8|Mutated: 378 121 43 24 9 4 1 
97780|Child_CrossABC2|8: 419 149 60 21 10 4 1 
97784|Child_CrossABC2|2: 405 139 56 21 10 4 1 
97792|Child_CrossABC2|2: 456 142 66 21 10 4 1 
97793|Child_CrossABC2|2: 355 127 49 21 10 4 1 
97795|Child_Cross21|54: 419 134 56 21 10 4 1 
97805|Child_CrossABC2|8: 398 141 49 21 10 4 1 
97808|Child_CrossABC1|1: 426 129 48 20 9 4 1 
97811|Child_Avg|39: 319 116 46 20 9 4 1 
97829|Child_Cross12|1: 394 148 43 20 9 4 1 
97920|Child_Avg|43: 485 148 57 21 10 4 1 
97959|Survivor|1: 412 138 53 27 10 4 1 
97963|Child_Avg|31: 467 148 56 25 9 4 1 
98063|Child_Avg|39: 404 127 46 21 10 4 1 
98065|Child_Avg|39: 401 126 46 21 10 4 1 
98068|Child_CrossABC2|2: 396 126 46 21 10 4 1 
98073|Survivor|1: 412 123 47 21 10 4 1 
98076|Child_CrossABC1|1: 392 136 46 21 10 4 1 
98084|Child_CrossABC1|1: 387 124 45 21 10 4 1 
98096|Child_Avg|35: 397 125 44 21 10 4 1 
98101|Child_Avg|3: 397 124 45 21 10 4 1 
98113|Child_CrossABC2|2: 390 124 48 21 10 4 1 
98121|Survivor|1|Mutated: 447 124 45 21 10 4 1 
98125|Child_Cross12|25: 404 124 44 19 10 4 1 
98126|Child_Cross21|50: 390 124 44 19 10 4 1 
98129|Child_Cross12|49: 398 124 44 19 10 4 1 
98140|Child_Cross12|41: 396 124 44 19 10 4 1 
98161|Survivor|1: 411 156 55 21 10 4 1 
98168|Child_Avg|35: 365 145 61 20 9 4 1 
98189|Child_Cross12|33: 397 133 46 20 9 4 1 
98197|Child_Cross21|10: 375 142 55 24 9 4 1 
98198|Child_Avg|43: 443 127 52 24 9 4 1 
98200|Child_Levy|60: 443 124 51 23 10 4 1 
98216|Survivor|1: 390 117 46 24 9 4 1 
98232|Child_Levy|28: 392 121 52 24 9 4 1 
98240|Child_Cross12|33: 400 119 49 24 9 4 1 
98242|Survivor|1: 432 120 58 23 10 4 1 
98258|Child_CrossABC2|2: 384 118 45 23 10 4 1 
98259|Child_Avg|47|Mutated: 391 118 45 23 10 4 1 
98267|Survivor|1: 378 118 44 23 10 4 1 
98273|Child_Avg|11: 407 116 44 23 10 4 1 
98314|Child_Cross12|45: 355 123 46 24 9 4 1 
98410|Survivor|1: 391 144 50 24 9 4 1 
98415|Child_CrossABC2|2: 410 142 59 20 9 4 1 
98435|Child_LevyABC1|5: 413 162 61 24 9 4 1 
98447|Child_Cross21|54: 356 167 58 24 9 4 1 
98448|Child_Cross12|33: 404 153 58 24 9 4 1 
98450|Child_Avg|27|Mutated: 405 148 58 24 9 4 1 
98451|Child_Avg|31: 392 153 58 24 9 4 1 
98455|Child_Cross12|25: 397 125 58 24 9 4 1 
98458|Child_Avg|11: 346 138 53 24 9 4 1 
98459|Child_Avg|47: 369 143 53 24 9 4 1 
98460|Child_Avg|51: 386 147 56 24 9 4 1 
98466|Child_Cross12|5: 424 133 56 24 9 4 1 
98467|Child_Cross21|50: 372 141 52 24 9 4 1 
98468|Child_Avg|15: 377 135 55 24 9 4 1 
98471|Child_CrossABC2|8: 383 138 56 24 9 4 1 
98485|Child_Cross12|37: 405 139 49 24 9 4 1 
98488|Child_CrossABC2|8: 394 139 55 24 9 4 1 
98504|Child_Avg|55: 393 140 49 24 9 4 1 
98571|Survivor|1: 402 149 47 24 9 4 1 
98581|Survivor|1: 439 133 49 24 9 4 1 
98606|Survivor|1: 392 128 49 24 9 4 1 
98712|Child_CrossABC1|1|Mutated: 421 127 50 24 9 4 1 
98716|Child_CrossABC1|7: 456 135 59 24 9 4 1 
98761|Survivor|1: 383 152 56 27 10 4 1 
98770|Child_CrossABC2|2: 372 144 49 24 9 4 1 
98773|Child_CrossABC2|2: 364 141 49 24 9 4 1 
98794|Survivor|1: 357 128 47 24 9 4 1 
98803|Survivor|1: 319 130 46 24 9 4 1 
98852|Survivor|1: 343 119 46 24 9 4 1 
98875|Child_Cross21|14: 348 123 43 24 9 4 1 
98937|Survivor|1: 481 190 57 21 10 4 1 
98944|Child_CrossABC1|1: 374 135 55 23 10 4 1 
98952|Survivor|1: 343 137 53 24 11 5 1 
98955|Child_Avg|15: 382 124 51 23 10 4 1 
98959|Child_CrossABC1|1: 365 136 49 21 10 4 1 
98960|Child_Cross21|42: 385 121 49 21 10 4 1 
98979|Child_CrossABC1|7: 392 113 45 21 10 4 1 
98980|Child_Cross21|46: 394 113 45 21 10 4 1 
98986|Child_CrossABC2|2: 398 101 46 21 10 4 1 
98988|Child_Cross12|53|Mutated: 390 121 49 21 10 4 1 
98995|Child_Avg|59|Mutated: 392 115 50 21 10 4 1 
98996|Child_CrossABC1|7: 391 121 48 21 10 4 1 
99013|Child_Avg|3: 396 124 48 21 10 4 1 
99045|Survivor|1: 387 121 46 20 9 4 1 
99053|Child_CrossABC2|2: 385 121 48 20 9 4 1 
99062|Survivor|1: 366 114 43 20 9 4 1 
99064|Child_Cross12|5|Mutated: 408 111 46 20 9 4 1 
99086|Survivor|1: 404 163 56 24 9 4 1 
99099|Survivor|1: 438 181 49 24 9 4 1 
99103|Child_Cross21|34: 465 175 49 24 9 4 1 
99113|Survivor|1: 433 159 47 23 10 4 1 
99123|Survivor|1|Mutated: 341 141 44 23 10 4 1 
99128|Child_CrossABC2|2: 376 118 44 23 10 4 1 
99147|Child_CrossABC2|8: 419 116 43 20 9 4 1 
99160|Survivor|1: 370 109 48 20 9 4 1 
99163|Child_CrossABC2|8: 379 114 46 20 9 4 1 
99166|Child_Cross21|54: 424 123 46 20 9 4 1 
99237|Survivor|1: 388 119 52 20 9 4 1 
99274|Survivor|1: 389 118 43 20 9 4 1 
99296|Child_Cross12|25: 389 111 39 20 9 4 1 
99356|Child_Avg|11: 370 115 44 24 9 4 1 
99371|Child_LevyABC2|12|Mutated: 409 112 47 23 10 4 1 
99453|Survivor|1: 429 137 47 23 10 4 1 
99471|Child_Avg|39: 402 117 45 23 10 4 1 
99472|Child_CrossABC1|1: 401 118 45 23 10 4 1 
99531|Survivor|1: 431 137 43 24 9 4 1 
99558|Survivor|1: 351 106 46 24 9 4 1 
99566|Survivor|1: 405 142 58 23 10 4 1 
99577|Child_Cross21|6: 396 133 47 24 9 4 1 
99645|Child_CrossABC1|7: 434 117 49 24 9 4 1 
99646|Child_CrossABC2|2: 373 117 49 24 9 4 1 
99666|Child_CrossABC2|2: 411 117 49 24 9 4 1 
99668|Child_Avg|19: 414 117 49 24 9 4 1 
99678|Child_CrossABC1|7: 406 117 52 24 9 4 1 
99681|Child_CrossABC1|1: 408 117 61 24 9 4 1 
99737|Child_Cross21|42: 396 117 41 24 9 4 1 
99774|Survivor|1: 413 117 41 24 9 4 1 
99775|Child_Cross21|42: 568 135 58 23 10 4 1 
99777|Child_CrossABC2|2: 406 130 47 24 9 4 1 
99813|Child_CrossABC1|7: 353 132 58 24 9 4 1 
99819|Survivor|1: 407 134 58 24 9 4 1 
99828|Child_Avg|59: 395 129 53 24 9 4 1 
99857|Child_CrossABC2|2: 376 137 55 24 9 4 1 
99863|Child_Avg|39: 376 119 44 24 9 4 1 
99865|Child_CrossABC1|1: 378 136 49 24 9 4 1 
99875|Child_CrossABC1|7: 395 141 53 24 9 4 1 
99878|Survivor|1: 396 141 53 24 9 4 1 
99879|Child_CrossABC2|8: 430 131 52 24 9 4 1 
99880|Child_CrossABC2|2: 387 133 52 24 9 4 1 
99900|Child_CrossABC1|7: 422 131 49 24 9 4 1 
99910|Child_Cross12|33: 417 117 49 24 9 4 1 
100019|Child_Avg|43: 473 151 61 24 9 4 1 
100020|Child_Cross21|26: 451 157 62 27 10 4 1 
100022|Survivor|1: 396 143 59 24 9 4 1 
100026|Child_Avg|55: 404 143 58 24 9 4 1 
100027|Child_Avg|19: 374 143 59 24 9 4 1 
100028|Child_CrossABC1|7: 385 143 59 24 9 4 1 
100046|Survivor|1: 411 126 47 23 10 4 1 
100109|Child_CrossABC1|7|Mutated: 440 131 65 27 10 4 1 
100113|Child_Avg|27: 407 128 62 25 10 4 1 
100118|Child_Avg|31: 419 124 51 23 10 4 1 
100125|Child_Cross21|6: 414 126 51 23 10 4 1 
100126|Child_CrossABC2|2: 418 126 51 23 10 4 1 
100133|Survivor|1: 407 123 47 23 10 4 1 
100141|Child_CrossABC1|7: 417 122 47 23 10 4 1 
100168|Child_Cross21|42: 410 123 44 23 10 4 1 
100241|Child_CrossABC1|7: 664 138 61 24 9 4 1 
100250|Survivor|1: 468 131 50 24 9 4 1 
100264|Child_Cross21|6: 368 113 43 20 9 4 1 
100290|Child_Avg|55: 493 189 62 24 9 4 1 
100292|Child_CrossABC1|1|Mutated: 454 175 62 24 9 4 1 
100296|Child_Cross21|26: 417 157 56 24 9 4 1 
100299|Survivor|1: 416 163 55 24 9 4 1 
100302|Child_CrossABC1|7: 357 141 52 24 9 4 1 
100303|Child_CrossABC1|1: 463 156 58 24 9 4 1 
100304|Child_Avg|7: 390 155 53 24 9 4 1 
100308|Child_CrossABC2|2: 391 151 53 24 9 4 1 
100311|Survivor|1: 453 145 52 24 9 4 1 
100312|Child_Avg|59: 393 142 50 24 9 4 1 
100318|Child_Cross12|5: 385 141 52 24 9 4 1 
100325|Child_CrossABC1|1: 397 142 50 24 9 4 1 
100338|Child_Avg|59|Mutated: 350 134 51 23 10 4 1 
100339|Child_CrossABC1|7: 397 142 49 24 9 4 1 
100342|Survivor|1|Mutated: 432 127 53 24 9 4 1 
100352|Child_Levy|4: 323 118 49 24 9 4 1 
100353|Child_Levy|52: 374 119 49 24 9 4 1 
100358|Child_CrossABC2|2: 388 127 49 24 9 4 1 
100429|Child_Cross21|14: 414 143 49 24 9 4 1 
100477|Child_Avg|7: 436 126 49 24 9 4 1 
100541|Child_CrossABC2|2: 449 134 52 24 9 4 1 
100542|Child_CrossABC2|8: 427 145 50 24 9 4 1 
100543|Child_Avg|43: 404 128 49 24 9 4 1 
100612|Survivor|1: 392 123 59 24 9 4 1 
100615|Child_Avg|3: 393 118 58 24 9 4 1 
100715|Child_Avg|39: 397 116 50 24 9 4 1 
100721|Survivor|1: 483 129 52 24 9 4 1 
100841|Child_Levy|60|Mutated: 376 156 65 24 9 4 1 
100856|Child_CrossABC2|8: 405 125 51 19 10 4 1 
100887|Survivor|1: 321 110 43 20 9 4 1 
100906|Survivor|1: 395 111 39 20 9 4 1 
100919|Survivor|1: 420 119 52 20 9 4 1 
100930|Child_CrossABC2|8|Mutated: 410 121 52 20 9 4 1 
100947|Child_Cross12|57: 407 117 43 20 9 4 1 
100950|Child_Cross12|29: 390 116 43 20 9 4 1 
100956|Child_CrossABC2|8: 409 116 46 20 9 4 1 
101005|Child_Avg|11: 428 138 61 24 9 4 1 
101019|Child_Levy|60: 361 115 45 21 10 4 1 
101023|Child_Levy|4: 435 130 48 21 10 4 1 
101099|Survivor|1: 359 107 46 20 9 4 1 
101137|Child_CrossABC2|8: 368 109 53 24 9 4 1 
101167|Child_Levy|8: 418 122 54 23 10 4 1 
101171|Child_Cross21|26: 450 121 51 23 10 4 1 
101177|Child_CrossABC2|2: 441 126 51 23 10 4 1 
101180|Child_Cross21|42: 406 121 51 23 10 4 1 
101220|Survivor|1: 387 126 43 19 10 4 1 
101226|Child_Avg|39: 421 139 68 21 10 4 1 
101234|Child_CrossABC2|2: 357 123 47 21 10 4 1 
101250|Child_Cross12|45: 347 124 45 21 10 4 1 
101263|Child_Cross21|26: 351 122 43 20 9 4 1 
101284|Child_Levy|52: 392 141 53 24 9 4 1 
101286|Survivor|1: 393 142 54 24 11 4 1 
101288|Survivor|1: 393 142 54 23 10 4 1 
101297|Survivor|1: 371 140 44 23 10 4 1 
101307|Child_Cross21|6: 388 139 44 23 10 4 1 
101311|Child_Avg|19: 374 139 44 23 10 4 1 
101359|Child_Cross12|5: 386 138 44 23 10 4 1 
101363|Child_CrossABC2|2: 380 138 44 23 10 4 1 
101372|Child_Avg|19: 392 138 44 23 10 4 1 
101392|Child_Cross21|30: 371 138 44 23 10 4 1 
101395|Child_Cross21|46: 388 138 44 23 10 4 1 
101406|Child_Avg|47: 388 138 48 23 10 4 1 
101432|Child_Cross21|34: 388 140 44 23 10 4 1 
101454|Child_Cross21|38: 313 141 54 19 10 4 1 
101484|Child_CrossABC1|7: 322 127 41 19 10 4 1 
101495|Child_Avg|15: 320 125 41 19 10 4 1 
101499|Child_Cross21|14: 323 128 41 19 10 4 1 
101508|Child_Cross21|18: 319 124 41 19 10 4 1 
101561|Child_Cross12|25: 319 115 41 19 10 4 1 
101581|Child_Cross12|57: 339 124 41 19 10 4 1 
101600|Child_Avg|43: 360 124 41 19 10 4 1 
101638|Child_CrossABC2|2: 398 124 41 19 10 4 1 
101710|Child_CrossABC2|8|Mutated: 410 122 53 19 10 4 1 
101760|Survivor|1: 416 162 57 23 10 4 1 
101768|Child_CrossABC1|7: 381 134 47 24 9 4 1 
101794|Survivor|1: 351 141 64 29 9 4 1 
101800|Survivor|1|Mutated: 354 105 44 24 9 4 1 
101840|Survivor|1: 394 127 44 20 9 4 1 
101856|Survivor|1: 420 121 59 21 10 4 1 
101860|Survivor|1: 381 114 49 21 10 4 1 
101863|Child_CrossABC2|8: 382 115 49 21 10 4 1 
101872|Child_Cross21|14: 375 113 45 21 10 4 1 
101873|Child_Cross12|29: 380 113 47 21 10 4 1 
101905|Survivor|1: 408 118 45 20 9 4 1 
101914|Child_Levy|20: 467 158 58 24 9 4 1 
101936|Child_Cross12|5: 398 139 44 24 9 4 1 
101937|Child_Cross21|6: 371 111 44 24 9 4 1 
101966|Child_Levy|60: 428 140 52 27 10 4 1 
101970|Child_CrossABC1|7: 418 134 47 23 10 4 1 
101985|Survivor|1: 397 135 47 24 9 4 1 
101990|Survivor|1: 391 127 43 24 9 4 1 
102104|Child_Avg|35: 341 120 46 21 10 4 1 
102105|Child_CrossABC2|8: 316 119 45 21 10 4 1 
102118|Child_CrossABC2|8: 412 128 43 20 9 4 1 
102195|Survivor|1: 394 120 47 25 9 4 1 
102214|Child_Cross12|29|Mutated: 411 152 49 24 9 4 1 
102215|Child_Cross21|34|Mutated: 410 133 43 20 9 4 1 
102248|Child_CrossABC1|7: 414 128 47 24 9 4 1 
102270|Child_CrossABC1|7: 391 126 44 24 9 4 1 
102333|Child_Cross12|57: 366 126 43 24 9 4 1 
102372|Survivor|1: 385 126 43 24 9 4 1 
102390|Survivor|1: 354 114 43 24 9 4 1 
102441|Child_Cross12|21: 386 109 41 19 10 4 1 
102483|Survivor|1: 392 108 43 24 9 4 1 
102568|Child_CrossABC2|2: 420 123 60 28 11 4 1 
102589|Survivor|1: 508 141 53 24 9 4 1 
102596|Survivor|1: 441 122 49 21 10 4 1 
102601|Child_CrossABC1|1: 411 127 49 21 10 4 1 
102604|Child_Cross12|53: 392 115 48 21 10 4 1 
102609|Survivor|1: 395 118 45 20 9 4 1 
102627|Survivor|1: 381 118 43 20 9 4 1 
102703|Child_Cross12|57: 405 121 43 19 10 4 1 
102781|Survivor|1: 361 121 43 20 9 4 1 
102812|Child_CrossABC2|8: 408 147 51 23 10 4 1 
102855|Survivor|1|Mutated: 352 113 48 20 9 4 1 
102857|Survivor|1: 356 115 45 21 10 4 1 
102861|Survivor|1: 360 116 46 21 10 4 1 
102866|Child_CrossABC1|1: 371 129 52 20 9 4 1 
102867|Child_Cross12|41: 380 129 46 20 9 4 1 
102885|Child_Cross21|18: 364 118 43 20 9 4 1 
102894|Child_CrossABC1|7: 409 113 46 20 9 4 1 
102921|Child_Cross12|57: 398 107 43 20 9 4 1 
102967|Survivor|1: 399 112 43 19 10 4 1 
102982|Child_CrossABC1|1: 347 123 57 20 9 4 1 
102993|Child_Avg|27: 395 140 46 20 9 4 1 
102997|Child_Cross21|30: 394 139 46 20 9 4 1 
103005|Child_CrossABC1|1: 401 134 47 21 10 4 1 
103016|Child_CrossABC1|7: 354 134 47 21 10 4 1 
103046|Survivor|1: 319 120 46 21 10 4 1 
103090|Survivor|1: 393 116 41 20 9 4 1 
103114|Random|26: 624 177 68 23 10 4 1 
103121|Survivor|1: 636 158 66 27 10 4 1 
103123|Child_Cross21|10: 632 163 58 24 9 4 1 
103132|Survivor|1: 448 129 55 24 9 4 1 
103140|Child_CrossABC1|1: 618 160 55 24 9 4 1 
103143|Child_CrossABC2|2: 636 156 53 24 9 4 1 
103149|Child_Avg|55: 599 166 49 24 9 4 1 
103153|Child_Cross21|26: 430 128 49 24 9 4 1 
103158|Child_Cross12|17: 441 157 49 24 9 4 1 
103159|Child_Cross12|17: 581 166 49 24 9 4 1 
103160|Child_CrossABC1|7: 581 166 58 24 9 4 1 
103167|Child_Cross21|42: 597 157 49 24 9 4 1 
103168|Child_Cross12|13: 579 158 49 24 9 4 1 
103170|Child_Cross12|33|Mutated: 576 157 55 24 9 4 1 
103175|Child_Cross21|58: 410 158 49 24 9 4 1 
103187|Child_Cross21|30: 413 156 49 24 9 4 1 
103189|Child_Avg|43: 420 157 49 24 9 4 1 
103197|Child_Cross21|30: 406 157 49 24 9 4 1 
103198|Child_Cross12|17: 406 156 49 24 9 4 1 
103203|Survivor|1: 418 157 49 24 9 4 1 
103204|Child_Cross12|45: 409 158 49 24 9 4 1 
103210|Child_CrossABC1|1: 411 156 62 24 9 4 1 
103219|Child_Cross12|17: 394 158 49 24 9 4 1 
103223|Child_Avg|51: 400 157 49 24 9 4 1 
103235|Child_Cross12|33: 412 155 49 24 9 4 1 
103250|Child_Avg|19: 408 153 49 24 9 4 1 
103252|Child_Cross12|5: 405 164 49 24 9 4 1 
103253|Child_Avg|35|Mutated: 404 155 49 24 9 4 1 
103254|Child_Levy|28|Mutated: 407 130 57 23 10 4 1 
103257|Survivor|1: 408 153 53 24 9 4 1 
103259|Child_Cross12|17: 409 151 49 24 9 4 1 
103260|Child_LevyP2|4: 416 144 51 23 10 4 1 
103262|Child_Avg|55: 410 152 49 24 9 4 1 
103272|Child_Cross12|21: 404 156 49 24 9 4 1 
103277|Child_CrossABC2|2: 406 158 49 24 9 4 1 
103358|Survivor|1: 362 105 50 23 10 4 1 
103364|Child_Cross12|49: 361 112 45 19 10 4 1 
103380|Child_CrossABC1|1: 378 114 42 19 10 4 1 
103420|Survivor|1: 379 113 45 19 10 4 1 
103430|Survivor|1: 353 116 43 20 9 4 1 
103467|Survivor|1: 380 113 43 19 10 4 1 
103480|Survivor|1: 370 113 43 19 10 4 1 
103485|Child_Cross21|22|Mutated: 375 113 43 19 10 4 1 
103530|Survivor|1: 382 113 45 19 10 4 1 
103601|Child_Cross12|21: 296 118 43 24 9 4 1 
103609|Survivor|1: 304 118 43 24 9 4 1 
103663|Survivor|1: 880 484 170 66 21 10 4 1 
103668|Child_Avg|3: 446 147 58 23 10 4 1 
103671|Child_Cross21|58: 442 141 55 23 10 4 1 
103672|Child_LevyABC1|11: 395 134 59 24 9 4 1 
103675|Child_CrossABC1|1: 409 132 58 24 9 4 1 
103678|Child_Avg|43: 415 147 59 24 9 4 1 
103679|Child_Cross12|1|Mutated: 493 135 55 24 9 4 1 
103682|Survivor|1: 423 143 55 24 9 4 1 
103685|Child_CrossABC2|8: 424 141 52 24 9 4 1 
103694|Child_Avg|7: 415 132 49 24 9 4 1 
103741|Child_Avg|59: 464 161 55 24 9 4 1 
103747|Child_Avg|23: 460 162 55 24 9 4 1 
103751|Child_CrossABC2|8: 457 162 55 24 9 4 1 
103754|Child_CrossABC2|2: 447 154 55 24 9 4 1 
103757|Child_CrossABC2|8: 441 153 58 24 9 4 1 
103766|Child_Avg|35: 451 155 52 24 9 4 1 
103769|Child_CrossABC1|7|Mutated: 443 155 53 24 11 4 1 
103771|Child_Cross21|46: 447 155 50 24 9 4 1 
103801|Child_CrossABC1|1: 427 148 58 24 9 4 1 
103807|Child_Levy|20: 419 145 55 24 9 4 1 
103814|Survivor|1: 434 167 61 24 9 4 1 
103824|Child_Cross21|2: 398 134 49 24 9 4 1 
103836|Child_Avg|11: 433 157 53 24 9 4 1 
103842|Child_CrossABC1|1: 408 138 59 24 9 4 1 
103855|Survivor|1: 453 137 53 24 9 4 1 
103864|Survivor|1: 414 131 46 24 9 4 1 
103871|Child_Cross21|26: 403 127 43 24 9 4 1 
103901|Child_CrossABC1|1: 397 125 52 24 9 4 1 
103922|Survivor|1: 431 126 62 24 9 4 1 
103939|Child_CrossABC1|1: 359 109 41 19 10 4 1 
103987|Child_Cross12|9: 491 147 52 24 9 4 1 
103991|Child_CrossABC1|1: 422 151 52 24 9 4 1 
103992|Child_CrossABC2|8: 415 150 52 24 9 4 1 
103993|Child_CrossABC1|1: 419 151 52 24 9 4 1 
103995|Child_CrossABC1|1: 457 134 52 24 9 4 1 
103998|Child_CrossABC2|2: 415 134 52 24 9 4 1 
104002|Survivor|1: 462 126 49 24 9 4 1 
104003|Child_CrossABC1|7: 386 139 53 24 9 4 1 
104008|Child_CrossABC1|1: 391 147 56 24 9 4 1 
104010|Child_Avg|23: 389 147 56 24 9 4 1 
104011|Child_Cross12|25: 384 147 56 24 9 4 1 
104013|Survivor|1: 389 147 59 24 9 4 1 
104023|Child_Cross12|5: 369 142 50 24 9 4 1 
104039|Survivor|1: 405 120 49 21 10 4 1 
104042|Child_Cross21|38: 371 149 47 25 9 4 1 
104056|Child_Avg|3: 357 126 44 24 9 4 1 
104103|Child_CrossABC1|1: 392 147 55 24 9 4 1 
104104|Child_Cross12|13: 371 112 47 21 10 4 1 
104109|Child_Cross21|58: 379 112 47 21 10 4 1 
104111|Child_CrossABC1|1: 400 129 47 21 10 4 1 
104122|Child_Avg|43: 396 127 47 21 10 4 1 
104130|Survivor|1: 410 129 46 21 10 4 1 
104141|Child_Avg|51: 384 162 61 24 9 4 1 
104153|Child_CrossABC2|2: 380 138 59 24 9 4 1 
104160|Child_CrossABC1|7: 391 138 59 24 9 4 1 
104176|Child_Cross12|57: 404 159 50 24 9 4 1 
104179|Survivor|1: 407 158 49 24 9 4 1 
104222|Child_CrossABC2|8: 459 152 48 21 10 4 1 
104241|Survivor|1: 391 131 48 20 9 4 1 
104244|Child_CrossABC1|1|Mutated: 392 119 48 20 9 4 1 
104250|Survivor|1: 378 111 48 20 9 4 1 
104333|Survivor|1: 606 190 62 27 10 4 1 
104342|Survivor|1: 390 141 44 23 10 4 1 
104353|Survivor|1: 396 144 43 20 9 4 1 
104360|Child_CrossABC1|1: 399 142 46 20 9 4 1 
104368|Child_Cross21|34: 390 147 46 20 9 4 1 
104389|Survivor|1: 392 137 43 20 9 4 1 
104410|Survivor|1: 412 122 39 20 9 4 1 
104501|Survivor|1: 399 123 46 24 9 4 1 
104532|Survivor|1: 354 132 54 19 10 4 1 
104539|Child_Levy|52: 398 123 50 19 10 4 1 
104546|Child_CrossABC2|8: 411 121 52 19 10 4 1 
104549|Child_CrossABC1|1: 409 120 51 19 10 4 1 
104561|Child_Cross12|49: 421 121 48 20 9 4 1 
104572|Child_Avg|59: 406 121 48 20 9 4 1 
104575|Child_Avg|23: 433 121 48 20 9 4 1 
104577|Child_Cross21|58: 402 121 48 20 9 4 1 
104582|Child_Cross12|25: 408 121 48 20 9 4 1 
104597|Child_Cross12|57: 397 121 48 20 9 4 1 
104601|Child_Cross21|58: 404 131 48 20 9 4 1 
104605|Child_Cross21|10: 392 121 48 20 9 4 1 
104610|Child_Avg|43: 401 121 48 20 9 4 1 
104620|Child_CrossABC1|1: 393 121 48 20 9 4 1 
104628|Child_Avg|47: 398 121 48 20 9 4 1 
104633|Child_CrossABC1|1: 397 141 48 20 9 4 1 
104650|Child_Cross21|2: 432 121 48 20 9 4 1 
104665|Child_Cross21|6: 404 129 48 20 9 4 1 
104686|Child_Cross12|53: 423 121 48 20 9 4 1 
104689|Child_Avg|43: 403 131 48 20 9 4 1 
104707|Child_LevyP1|9: 368 119 49 24 9 4 1 
104713|Survivor|1: 393 118 48 23 10 4 1 
104731|Survivor|1: 387 122 47 23 10 4 1 
104737|Survivor|1: 511 175 62 24 9 4 1 
104752|Survivor|1: 441 127 52 24 9 4 1 
104754|Child_CrossABC2|8: 438 128 47 24 9 4 1 
104757|Child_Cross21|14: 452 131 52 24 9 4 1 
104761|Survivor|1: 447 129 50 24 9 4 1 
104762|Child_CrossABC1|1: 446 129 49 24 9 4 1 
104764|Child_CrossABC1|1: 445 127 49 24 9 4 1 
104774|Child_CrossABC2|2: 442 126 49 24 9 4 1 
104777|Child_Cross21|30: 439 126 49 24 9 4 1 
104781|Child_Cross12|21: 438 126 49 24 9 4 1 
104848|Child_Levy|16: 383 119 48 21 10 4 1 
104849|Child_CrossABC1|1: 392 127 52 24 9 4 1 
104927|Survivor|1: 304 123 56 24 9 4 1 
104935|Survivor|1: 327 119 53 24 9 4 1 
104944|Child_Avg|7: 441 135 46 24 9 4 1 
104948|Child_Avg|27: 455 138 53 24 9 4 1 
104969|Survivor|1: 320 126 44 23 10 4 1 
104984|Child_CrossABC2|8: 321 128 45 23 10 4 1 
105027|Child_Avg|11: 408 125 44 23 10 4 1 
105104|Survivor|1: 419 119 46 21 10 4 1 
105107|Survivor|1: 419 119 46 20 9 4 1 
105108|Child_Levy|32: 393 119 42 19 10 4 1 
105188|Child_Avg|7|Mutated: 405 161 52 24 9 4 1 
105195|Child_CrossABC2|2|Mutated: 403 133 47 24 9 4 1 
105208|Child_Cross12|9: 343 126 44 24 9 4 1 
105243|Survivor|1: 360 113 45 20 9 4 1 
105260|Survivor|1: 301 111 44 24 9 4 1 
105311|Survivor|1: 381 129 51 23 10 4 1 
105314|Survivor|1: 379 129 45 23 10 4 1 
105355|Survivor|1: 377 109 43 24 9 4 1 
105408|Survivor|1: 383 109 46 20 9 4 1 
105420|Child_Avg|59: 380 107 41 20 9 4 1 
105422|Child_CrossABC1|1: 369 107 41 20 9 4 1 
105530|Child_LevyP2|10: 393 135 46 21 10 4 1 
105701|Child_Levy|4: 405 138 48 23 10 4 1 
105723|Child_CrossABC1|1: 387 149 61 24 9 4 1 
105730|Child_CrossABC1|1: 385 136 55 24 9 4 1 
105734|Survivor|1: 415 123 56 24 9 4 1 
105745|Child_CrossABC1|1: 424 161 52 24 9 4 1 
105750|Child_CrossABC1|7: 404 155 53 24 9 4 1 
105753|Survivor|1: 373 131 49 24 9 4 1 
105755|Child_CrossABC2|8: 351 185 55 24 9 4 1 
105761|Survivor|1: 319 142 49 24 9 4 1 
105788|Child_Avg|15: 458 131 47 24 9 4 1 
105789|Child_Avg|47: 458 174 49 21 10 4 1 
105792|Survivor|1: 524 191 64 23 10 4 1 
105796|Survivor|1: 524 214 64 23 10 4 1 
105801|Child_Cross21|14: 469 170 51 23 10 4 1 
105812|Child_Cross12|17: 426 172 47 23 10 4 1 
105820|Child_CrossABC2|2|Mutated: 404 136 51 23 10 4 1 
105821|Child_CrossABC2|8: 406 132 54 23 10 4 1 
105828|Child_Avg|19: 385 148 44 23 10 4 1 
105851|Child_Cross21|6: 390 148 44 23 10 4 1 
105856|Child_Cross12|57: 392 148 44 23 10 4 1 
105857|Child_Cross12|53: 383 148 44 23 10 4 1 
105861|Child_Cross21|10: 393 146 44 23 10 4 1 
105862|Child_Cross21|18: 401 148 44 23 10 4 1 
105864|Child_Cross12|29|Mutated: 398 147 47 23 10 4 1 
105880|Child_Cross21|50|Mutated: 408 148 47 23 10 4 1 
105883|Child_Cross21|54: 394 148 44 23 10 4 1 
105911|Child_Cross12|29: 394 124 44 23 10 4 1 
105915|Child_Cross21|34: 397 148 44 23 10 4 1 
105932|Child_CrossABC2|2: 437 162 52 24 9 4 1 
105939|Child_CrossABC1|7: 441 162 52 24 9 4 1 
105942|Child_CrossABC2|8: 455 160 55 24 9 4 1 
105944|Child_Cross12|49: 395 155 49 24 9 4 1 
105953|Child_CrossABC1|1: 394 153 50 24 9 4 1 
105962|Survivor|1: 345 130 49 24 9 4 1 
106003|Survivor|1: 666 202 56 25 9 4 1 
106017|Survivor|1: 599 191 70 24 9 4 1 
106023|Child_Avg|27: 429 163 53 24 9 4 1 
106024|Child_Avg|43: 445 163 55 24 9 4 1 
106027|Child_Cross12|53: 440 157 52 24 9 4 1 
106030|Survivor|1: 458 157 52 24 9 4 1 
106035|Child_Cross12|1: 447 145 52 24 9 4 1 
106037|Child_CrossABC1|7: 462 160 55 24 9 4 1 
106049|Child_Cross12|9: 460 157 52 24 9 4 1 
106050|Child_CrossABC1|1: 461 151 52 24 9 4 1 
106053|Child_Cross12|41: 410 154 49 24 9 4 1 
106057|Child_Cross12|33: 461 151 49 24 9 4 1 
106065|Survivor|1: 401 154 49 24 9 4 1 
106085|Child_Cross12|41: 371 155 49 24 9 4 1 
106111|Child_Cross21|2: 445 158 50 24 9 4 1 
106113|Child_CrossABC2|2: 387 146 53 25 9 4 1 
106117|Child_Avg|55: 390 127 50 24 9 4 1 
106122|Child_CrossABC2|8: 422 129 50 24 9 4 1 
106189|Child_CrossABC2|8|Mutated: 401 111 52 24 9 4 1 
106232|Child_Avg|51|Mutated: 405 122 52 24 9 4 1 
106277|Child_Cross21|50: 403 129 48 20 9 4 1 
106292|Survivor|1: 459 194 72 27 10 4 1 
106298|Child_LevyP1|9: 412 163 61 29 9 4 1 
106303|Child_Levy|44: 423 161 61 29 9 4 1 
106318|Survivor|1: 433 135 48 23 10 4 1 
106343|Survivor|1: 351 116 46 20 9 4 1 
106365|Survivor|1|Mutated: 389 138 56 21 10 4 1 
106385|Child_Cross21|38|Mutated: 359 125 51 19 10 4 1 
106391|Child_CrossABC1|1: 300 113 43 20 9 4 1 
106403|Survivor|1: 297 116 43 20 9 4 1 
106404|Child_Cross21|34: 307 116 43 20 9 4 1 
106407|Survivor|1: 309 116 46 20 9 4 1 
106472|Child_CrossABC2|8: 520 156 61 24 9 4 1 
106480|Child_LevyP2|10|Mutated: 343 118 50 23 10 4 1 
106537|Child_Cross21|22: 463 144 51 23 10 4 1 
106627|Child_Cross21|58: 435 156 50 24 9 4 1 
106628|Child_CrossABC1|7: 460 207 55 24 9 4 1 
106629|Child_Cross21|10: 449 190 53 24 9 4 1 
106631|Survivor|1: 393 136 47 24 9 4 1 
106634|Survivor|1: 401 128 53 24 9 4 1 
106643|Child_CrossABC1|7: 339 139 55 24 9 4 1 
106647|Survivor|1|Mutated: 403 160 55 24 9 4 1 
106669|Survivor|1: 383 132 56 25 9 4 1 
106676|Child_Avg|27: 391 134 58 24 9 4 1 
106700|Child_CrossABC2|8: 394 122 53 24 9 4 1 
106705|Child_CrossABC1|7: 399 122 53 24 9 4 1 
106706|Child_CrossABC1|1|Mutated: 399 122 52 24 9 4 1 
106730|Child_Avg|59: 422 124 49 21 10 4 1 
106747|Child_Avg|19: 371 114 46 20 9 4 1 
106762|Survivor|1: 400 107 43 20 9 4 1 
106819|Survivor|1: 391 141 58 27 10 4 1 
106822|Survivor|1: 388 132 55 27 10 4 1 
106833|Child_Cross12|41: 392 138 53 27 10 4 1 
106838|Child_Cross21|22: 393 141 53 27 10 4 1 
106846|Child_Levy|12: 387 140 47 25 9 4 1 
106856|Child_CrossABC1|1: 397 146 48 21 10 4 1 
106860|Survivor|1: 381 134 46 20 9 4 1 
106872|Child_Cross12|1: 383 124 43 20 9 4 1 
106874|Child_CrossABC2|8: 375 130 43 20 9 4 1 
106883|Random|2: 742 186 57 23 10 4 1 
106941|Child_CrossABC1|1: 361 107 45 21 10 4 1 
106966|Child_Avg|35: 457 163 55 24 9 4 1 
107008|Child_Cross12|29: 418 118 41 20 9 4 1 
107033|Survivor|1: 600 164 65 29 10 4 1 
107049|Survivor|1: 369 129 55 20 9 4 1 
107053|Survivor|1: 374 121 48 20 9 4 1 
107063|Survivor|1: 356 147 52 27 10 4 1 
107072|Survivor|1: 373 144 45 23 10 4 1 
107077|Survivor|1: 370 144 44 23 10 4 1 
107082|Survivor|1: 386 146 44 23 10 4 1 
107098|Child_Cross12|41: 391 127 49 21 10 4 1 
107101|Survivor|1: 407 126 52 24 9 4 1 
107148|Survivor|1: 392 139 44 23 10 4 1 
107151|Child_Cross21|6: 396 139 53 25 9 4 1 
107161|Child_Avg|35: 464 129 49 24 9 4 1 
107164|Child_CrossABC1|7: 443 135 56 24 9 4 1 
107165|Child_CrossABC1|7: 456 135 52 24 9 4 1 
107182|Child_CrossABC1|1: 367 132 46 24 9 4 1 
107194|Survivor|1: 399 131 52 24 9 4 1 
107207|Survivor|1: 388 135 52 24 9 4 1 
107210|Survivor|1: 384 140 49 24 9 4 1 
107257|Survivor|1: 377 123 53 24 9 4 1 
107268|Child_CrossABC2|8: 346 139 50 24 9 4 1 
107269|Child_CrossABC2|8: 344 138 53 24 9 4 1 
107284|Child_CrossABC2|2: 379 122 47 24 9 4 1 
107290|Survivor|1: 325 125 47 23 10 4 1 
107313|Child_CrossABC2|2: 343 124 44 19 10 4 1 
107352|Survivor|1: 441 135 55 24 9 4 1 
107364|Child_CrossABC2|8: 372 126 51 23 10 4 1 
107371|Survivor|1|Mutated: 388 121 46 24 9 4 1 
107383|Survivor|1: 434 117 44 23 10 4 1 
107388|Survivor|1: 412 117 46 24 9 4 1 
107416|Child_Cross12|9|Mutated: 424 126 50 21 10 4 1 
107419|Survivor|1: 442 123 56 27 10 4 1 
107432|Child_Cross21|46: 417 119 51 23 10 4 1 
107436|Child_Cross12|29: 401 121 47 23 10 4 1 
107438|Child_CrossABC1|1: 403 121 51 23 10 4 1 
107458|Survivor|1: 390 152 65 24 9 4 1 
107461|Survivor|1: 428 121 45 23 10 4 1 
107465|Child_CrossABC1|1: 347 117 54 23 10 4 1 
107477|Survivor|1: 415 125 52 19 10 4 1 
107479|Child_CrossABC1|7: 394 118 44 19 10 4 1 
107535|Child_LevyABC1|11: 405 122 55 24 9 4 1 
107539|Survivor|1: 418 142 56 25 9 4 1 
107547|Child_Cross21|2: 405 138 55 24 9 4 1 
107552|Survivor|1: 384 134 49 24 9 4 1 
107562|Child_Cross12|5: 354 132 49 24 9 4 1 
107589|Child_Avg|31: 386 133 44 24 9 4 1 
107596|Survivor|1: 389 125 43 20 9 4 1 
107621|Child_Cross12|49|Mutated: 423 121 43 20 9 4 1 
107625|Child_Cross12|21: 422 124 43 20 9 4 1 
107750|Child_Avg|7: 456 177 61 33 9 4 1 
107752|Child_LevyABC1|11: 389 154 55 24 9 4 1 
107758|Child_Cross21|14|Mutated: 459 167 55 24 9 4 1 
107759|Child_Avg|23: 371 142 52 24 9 4 1 
107785|Child_Avg|3: 368 142 49 24 9 4 1 
107811|Child_Avg|31: 369 135 52 24 9 4 1 
107872|Survivor|1|Mutated: 410 131 52 24 9 4 1 
107881|Child_CrossABC2|2: 409 147 50 24 9 4 1 
107884|Child_CrossABC1|1: 383 134 56 24 9 4 1 
107890|Child_Avg|47: 377 131 50 24 9 4 1 
107893|Child_CrossABC1|1: 380 131 50 24 9 4 1 
107898|Child_Avg|15|Mutated: 387 147 53 24 9 4 1 
107899|Child_CrossABC2|2: 383 122 53 24 9 4 1 
107912|Survivor|1: 388 129 52 24 9 4 1 
107923|Child_CrossABC2|8: 353 137 43 24 9 4 1 
107926|Child_Cross12|21: 361 137 43 24 9 4 1 
107939|Child_Cross21|42: 352 136 43 24 9 4 1 
107976|Child_Levy|8: 462 152 49 21 10 4 1 
107979|Child_Avg|43: 456 155 57 20 9 4 1 
107980|Child_Cross21|58: 452 143 49 21 10 4 1 
107987|Child_Avg|3: 413 141 49 21 10 4 1 
107989|Survivor|1: 471 145 49 21 10 4 1 
107992|Survivor|1: 405 136 48 21 10 4 1 
107997|Child_Avg|7: 399 136 46 21 10 4 1 
108041|Survivor|1: 421 120 44 23 10 4 1 
108098|Child_Levy|48: 468 132 57 23 10 4 1 
108108|Child_CrossABC2|2: 461 132 57 23 10 4 1 
108112|Child_CrossABC2|8: 466 132 57 23 10 4 1 
108115|Child_CrossABC2|2: 473 132 57 23 10 4 1 
108118|Child_CrossABC2|8: 455 132 57 23 10 4 1 
108120|Child_CrossABC2|2: 439 132 57 23 10 4 1 
108121|Child_CrossABC2|8: 449 132 57 23 10 4 1 
108126|Child_CrossABC1|1: 398 132 57 23 10 4 1 
108129|Child_Avg|35: 424 122 54 23 10 4 1 
108130|Child_Avg|59: 406 128 54 23 10 4 1 
108132|Child_Cross12|5: 404 126 51 23 10 4 1 
108141|Child_CrossABC1|7: 414 124 51 23 10 4 1 
108220|Survivor|1: 405 115 52 24 9 4 1 
108223|Survivor|1: 364 121 43 24 9 4 1 
108274|Survivor|1: 429 114 46 20 9 4 1 
108287|Survivor|1: 391 134 56 25 9 4 1 
108304|Child_Avg|55: 581 178 61 24 9 4 1 
108305|Child_Avg|39: 403 137 51 23 10 4 1 
108310|Child_CrossABC1|7: 398 137 51 23 10 4 1 
108357|Survivor|1: 416 129 47 21 10 4 1 
108451|Child_Avg|7: 407 117 46 20 9 4 1 
108465|Child_Cross21|18: 413 116 41 20 9 4 1 
108470|Child_CrossABC1|1: 407 111 43 20 9 4 1 
108475|Child_CrossABC1|7: 409 110 46 21 10 4 1 
108479|Survivor|1: 420 111 57 23 10 4 1 
108493|Child_Avg|31: 420 114 55 24 9 4 1 
108499|Child_Avg|43: 420 114 53 24 9 4 1 
108503|Child_CrossABC1|1: 367 108 49 24 9 4 1 
108517|Child_CrossABC1|1: 577 157 67 24 9 4 1 
108529|Survivor|1: 386 133 47 23 10 4 1 
108532|Child_Cross21|2: 405 122 47 21 10 4 1 
108536|Child_CrossABC1|1: 430 123 47 21 10 4 1 
108539|Child_CrossABC2|2: 440 125 48 21 10 4 1 
108543|Survivor|1: 393 121 45 21 10 4 1 
108549|Child_CrossABC2|2: 407 127 45 21 10 4 1 
108626|Child_Avg|3: 428 130 49 24 9 4 1 
108629|Child_Avg|35: 443 142 49 24 9 4 1 
108639|Child_CrossABC2|8: 437 131 49 24 9 4 1 
108645|Survivor|1: 434 130 49 24 9 4 1 
108663|Child_CrossABC1|7|Mutated: 440 129 50 24 9 4 1 
108664|Child_CrossABC1|1: 440 129 49 24 9 4 1 
108690|Child_CrossABC1|7: 418 129 51 23 10 4 1 
108719|Child_CrossABC1|1: 416 129 58 24 9 4 1 
108724|Child_Cross12|33|Mutated: 414 129 56 24 9 4 1 
108773|Child_Cross12|49: 465 173 46 20 9 4 1 
108809|Child_CrossABC1|7: 428 125 58 23 10 4 1 
108817|Survivor|1: 428 123 58 23 10 4 1 
108823|Child_CrossABC2|2: 469 159 47 23 10 4 1 
108848|Child_Cross12|33: 395 142 43 24 9 4 1 
108905|Child_LevyP1|9: 397 113 60 28 11 4 1 
108933|Child_CrossABC1|1: 397 114 46 20 9 4 1 
108961|Child_CrossABC1|7: 381 139 61 23 10 4 1 
108969|Child_Avg|39: 381 132 59 24 9 4 1 
108971|Child_Avg|7: 352 131 61 23 10 4 1 
108972|Child_Cross12|37: 373 126 47 23 10 4 1 
108973|Child_Avg|31: 380 147 57 23 10 4 1 
109007|Child_Levy|52: 413 150 52 24 9 4 1 
109017|Survivor|1: 409 126 47 23 10 4 1 
109023|Child_Cross12|29: 403 147 47 23 10 4 1 
109033|Child_Avg|59: 398 155 47 23 10 4 1 
109039|Child_CrossABC2|2: 390 118 45 23 10 4 1 
109059|Survivor|1: 396 118 47 21 10 4 1 
109063|Child_Cross21|50: 423 133 46 20 9 4 1 
109134|Survivor|1: 385 145 43 20 9 4 1 
109156|Child_Cross21|38: 359 122 47 23 10 4 1 
109174|Child_CrossABC1|7: 406 122 45 23 10 4 1 
109180|Child_CrossABC1|7: 400 127 45 23 10 4 1 
109196|Survivor|1: 392 113 51 23 10 4 1 
109201|Child_CrossABC1|1: 389 115 50 19 10 4 1 
109210|Child_CrossABC1|1: 386 133 50 19 10 4 1 
109213|Survivor|1: 386 122 50 19 10 4 1 
109224|Survivor|1: 513 157 52 24 9 4 1 
109226|Survivor|1: 438 131 52 24 9 4 1 
109241|Child_Levy|44: 419 129 51 23 10 4 1 
109251|Child_Avg|51: 454 140 49 24 9 4 1 
109254|Child_CrossABC1|7: 447 135 55 24 9 4 1 
109267|Child_CrossABC2|2: 438 134 53 24 9 4 1 
109276|Child_CrossABC1|7: 448 135 55 24 9 4 1 
109286|Child_Cross21|10: 426 136 49 24 9 4 1 
109293|Child_Levy|4: 424 125 48 21 10 4 1 
109339|Child_Avg|3: 393 134 44 29 9 4 1 
109346|Child_CrossABC2|8: 370 135 44 24 9 4 1 
109347|Child_Cross21|54: 353 122 43 24 9 4 1 
109452|Survivor|1: 280 111 44 24 9 4 1 
109498|Child_Levy|28: 381 137 48 21 10 4 1 
109541|Child_Levy|16: 447 125 48 21 10 4 1 
109590|Child_Levy|60: 583 174 52 24 9 4 1 
109595|Child_CrossABC1|1: 565 156 53 24 9 4 1 
109596|Child_CrossABC1|7: 438 163 52 24 9 4 1 
109597|Child_CrossABC1|1: 439 177 52 24 9 4 1 
109602|Child_CrossABC2|8: 416 176 49 24 9 4 1 
109641|Child_Levy|12: 408 158 49 24 9 4 1 
109663|Survivor|1: 363 126 43 24 9 4 1 
109671|Child_CrossABC2|8: 393 114 52 24 9 4 1 
109680|Child_CrossABC1|7: 401 121 50 24 9 4 1 
109683|Child_Levy|48: 426 121 51 23 10 4 1 
109709|Child_Cross12|29: 392 133 48 23 10 4 1 
109713|Child_CrossABC1|7: 402 131 51 23 10 4 1 
109715|Child_Cross12|17: 407 128 45 21 10 4 1 
109724|Child_CrossABC2|2: 427 128 45 21 10 4 1 
109729|Child_Cross21|18: 424 128 45 21 10 4 1 
109734|Survivor|1: 414 128 45 21 10 4 1 
109742|Child_Cross21|14: 394 114 42 19 10 4 1 
109769|Survivor|1: 446 161 55 24 9 4 1 
109790|Survivor|1: 323 119 49 24 9 4 1 
109801|Child_Avg|19: 330 109 47 23 10 4 1 
109815|Survivor|1: 316 118 45 23 10 4 1 
109838|Survivor|1: 306 118 41 19 10 4 1 
109845|Child_CrossABC1|1: 300 124 41 19 10 4 1 
109875|Survivor|1: 558 191 60 23 10 4 1 
109876|Child_Avg|47: 440 157 50 21 10 4 1 
109903|Survivor|1: 317 115 44 19 10 4 1 
109926|Survivor|1: 423 127 47 23 10 4 1 
109938|Survivor|1: 458 155 64 24 11 4 1 
109943|Survivor|1: 589 165 53 24 9 4 1 
109944|Child_Avg|23: 426 131 52 24 9 4 1 
109951|Child_Cross12|25: 409 123 47 23 10 4 1 
109955|Child_Cross12|5: 402 119 44 23 10 4 1 
110029|Survivor|1: 442 183 62 29 10 4 1 
110033|Child_Avg|11: 366 133 48 23 10 4 1 
110035|Child_Cross21|54: 358 134 53 24 11 4 1 
110036|Child_Cross21|58: 382 142 52 27 10 4 1 
110042|Child_Cross21|22: 449 137 47 23 10 4 1 
110062|Survivor|1|Mutated: 413 135 47 23 10 4 1 
110093|Child_Cross21|30: 415 119 44 23 10 4 1 
110096|Survivor|1: 412 123 44 23 10 4 1 
110101|Child_Avg|51: 410 120 44 23 10 4 1 
110104|Child_CrossABC1|1: 406 119 45 23 10 4 1 
110137|Child_CrossABC1|7: 401 128 60 23 10 4 1 
110140|Child_CrossABC2|2: 398 122 54 23 10 4 1 
110142|Survivor|1|Mutated: 674 180 62 27 10 4 1 
110148|Child_Cross12|45: 636 154 56 27 10 4 1 
110151|Child_Cross21|46: 400 115 47 25 9 4 1 
110169|Child_Avg|31: 412 136 49 24 9 4 1 
110208|Child_Levy|36: 396 151 67 24 11 4 1 
110209|Child_Avg|31: 393 134 52 24 9 4 1 
110215|Survivor|1: 386 149 59 24 9 4 1 
110218|Child_CrossABC1|1: 357 138 61 24 9 4 1 
110222|Child_CrossABC2|8: 396 145 62 24 9 4 1 
110224|Child_Cross21|38: 394 136 59 24 9 4 1 
110226|Child_Cross21|26: 378 132 53 24 9 4 1 
110229|Child_Cross21|34: 349 126 52 24 9 4 1 
110233|Child_Cross12|25: 368 139 52 24 9 4 1 
110244|Child_CrossABC2|8|Mutated: 369 157 49 24 9 4 1 
110255|Child_Cross12|41: 398 132 49 24 9 4 1 
110308|Child_CrossABC1|1: 398 141 53 24 9 4 1 
110310|Child_Avg|23: 403 142 50 24 9 4 1 
110323|Child_Avg|35: 385 136 47 23 10 4 1 
110360|Survivor|1: 572 161 55 24 9 4 1 
110364|Survivor|1: 434 138 49 24 9 4 1 
110400|Child_Avg|11: 395 134 50 24 9 4 1 
110425|Child_CrossABC1|7: 426 129 49 24 9 4 1 
110431|Survivor|1: 417 129 49 24 9 4 1 
110439|Survivor|1: 386 126 53 24 9 4 1 
110493|Child_Cross12|57|Mutated: 427 116 60 21 10 4 1 
110505|Child_Cross12|29: 323 115 49 21 10 4 1 
110545|Child_CrossABC1|1: 369 132 46 24 9 4 1 
110558|Child_CrossABC1|1: 342 131 43 24 9 4 1 
110598|Survivor|1: 343 129 45 23 10 4 1 
110647|Survivor|1: 372 119 49 24 9 4 1 
110672|Survivor|1: 380 131 49 24 9 4 1 
110677|Child_Cross21|46: 351 121 47 23 10 4 1 
110679|Child_CrossABC2|8: 552 151 57 23 10 4 1 
110681|Child_Avg|27: 419 145 57 23 10 4 1 
110691|Child_CrossABC2|8: 376 136 53 24 9 4 1 
110692|Child_Cross12|57: 365 134 50 24 9 4 1 
110723|Child_Cross21|26: 401 108 43 24 9 4 1 
110724|Child_Cross21|2: 406 112 43 24 9 4 1 
110739|Survivor|1|Mutated: 385 133 43 20 9 4 1 
110746|Child_CrossABC2|2: 380 133 43 20 9 4 1 
110781|Survivor|1: 397 145 45 23 10 4 1 
110816|Survivor|1: 391 122 55 24 9 4 1 
110843|Survivor|1: 350 125 43 20 9 4 1 
110889|Child_CrossABC2|8: 418 147 56 24 9 4 1 
110890|Child_Cross21|10: 425 145 55 24 9 4 1 
110892|Survivor|1: 413 152 55 24 9 4 1 
110893|Child_Cross21|50: 395 147 52 24 9 4 1 
110901|Child_CrossABC1|7: 399 150 47 24 9 4 1 
110902|Child_CrossABC2|2: 405 149 47 24 9 4 1 
110910|Child_CrossABC2|2|Mutated: 394 149 52 24 9 4 1 
110939|Survivor|1: 371 146 44 24 9 4 1 
110942|Child_Cross12|29: 367 122 53 24 9 4 1 
110944|Child_CrossABC1|7: 380 134 59 24 9 4 1 
110947|Child_Cross12|49: 371 138 50 24 9 4 1 
110949|Child_CrossABC2|8: 362 137 53 24 9 4 1 
110959|Child_Avg|7: 344 133 52 24 9 4 1 
110960|Child_CrossABC2|2: 365 140 50 24 9 4 1 
110976|Child_Avg|27: 361 142 50 24 9 4 1 
110983|Child_Avg|11: 375 111 48 20 9 4 1 
111041|Child_CrossABC1|1: 425 121 52 20 9 4 1 
111042|Child_CrossABC1|7: 428 121 52 20 9 4 1 
111061|Survivor|1: 405 125 52 20 9 4 1 
111092|Survivor|1: 412 123 46 20 9 4 1 
111097|Child_CrossABC2|8: 405 123 55 20 9 4 1 
111124|Child_Avg|11: 391 134 55 23 10 4 1 
111129|Child_Avg|3: 408 141 55 27 10 4 1 
111143|Child_CrossABC2|8: 398 131 49 24 9 4 1 
111163|Child_CrossABC1|7|Mutated: 410 132 57 23 10 4 1 
111228|Child_Cross12|25: 439 139 45 21 10 4 1 
111235|Child_CrossABC2|8: 409 131 46 21 10 4 1 
111241|Child_Cross21|54: 401 148 45 21 10 4 1 
111242|Child_Avg|7: 408 131 46 21 10 4 1 
111245|Child_Cross21|6|Mutated: 428 123 44 23 10 4 1 
111247|Child_Cross12|13: 416 133 45 21 10 4 1 
111251|Child_Cross12|29: 413 131 45 21 10 4 1 
111252|Child_Cross12|9: 415 134 45 21 10 4 1 
111256|Child_Avg|27: 401 127 46 21 10 4 1 
111264|Child_Cross21|26|Mutated: 413 127 44 23 10 4 1 
111321|Child_Avg|55: 565 155 57 23 10 4 1 
111346|Survivor|1: 439 131 52 24 9 4 1 
111348|Survivor|1: 434 121 46 24 9 4 1 
111354|Survivor|1: 434 123 46 24 9 4 1 
111356|Child_Cross21|54: 433 123 43 24 9 4 1 
111361|Child_Cross21|50: 437 127 43 24 9 4 1 
111422|Child_Cross21|2|Mutated: 421 122 52 24 9 4 1 
111455|Child_CrossABC1|1: 409 125 47 24 9 4 1 
111477|Child_Cross12|37: 433 142 50 24 9 4 1 
111482|Survivor|1: 352 132 53 24 9 4 1 
111494|Child_CrossABC2|2|Mutated: 398 139 52 24 9 4 1 
111496|Child_CrossABC2|8: 399 126 55 24 9 4 1 
111501|Child_Cross12|21: 391 135 46 24 9 4 1 
111519|Survivor|1: 352 135 46 20 9 4 1 
111521|Child_CrossABC1|1: 366 139 45 19 10 4 1 
111531|Child_CrossABC1|7: 419 128 43 20 9 4 1 
111592|Child_Cross21|10: 359 147 50 24 9 4 1 
111596|Child_CrossABC1|1: 372 145 50 24 9 4 1 
111600|Child_Avg|15: 364 139 49 24 9 4 1 
111602|Survivor|1: 351 135 49 24 9 4 1 
111605|Child_Cross21|26: 354 131 48 21 10 4 1 
111620|Survivor|1: 377 149 59 24 9 4 1 
111630|Child_Cross21|26: 369 127 49 24 9 4 1 
111633|Child_CrossABC2|2: 346 142 49 24 9 4 1 
111670|Child_Levy|8: 529 155 57 23 10 4 1 
111674|Child_CrossABC2|8: 614 155 57 23 10 4 1 
111678|Survivor|1|Mutated: 573 180 57 23 10 4 1 
111680|Child_CrossABC2|8: 366 167 57 23 10 4 1 
111687|Child_CrossABC1|7: 380 137 51 23 10 4 1 
111692|Child_Avg|7: 390 135 48 23 10 4 1 
111693|Child_Avg|11: 405 142 51 23 10 4 1 
111698|Child_CrossABC1|1|Mutated: 416 112 47 21 10 4 1 
111715|Survivor|1: 388 118 44 23 10 4 1 
111765|Child_Levy|28: 379 148 47 24 9 4 1 
111768|Child_Avg|19: 365 149 47 23 10 4 1 
111781|Child_Cross12|45: 369 141 44 23 10 4 1 
111782|Child_Cross12|57: 380 140 44 23 10 4 1 
111787|Child_Cross21|50: 383 141 44 23 10 4 1 
111791|Child_Cross21|22: 383 139 44 23 10 4 1 
111795|Child_Cross21|14: 378 141 44 23 10 4 1 
111802|Child_Cross12|1: 375 140 44 23 10 4 1 
111813|Child_Avg|47: 377 139 44 23 10 4 1 
111815|Child_Avg|7: 379 139 44 23 10 4 1 
111829|Child_Cross21|6: 386 139 44 23 10 4 1 
111899|Survivor|1: 413 125 43 20 9 4 1 
111924|Child_CrossABC1|7: 393 151 46 24 9 4 1 
111932|Child_CrossABC2|2: 406 118 49 24 9 4 1 
111935|Child_Avg|55: 454 129 52 24 9 4 1 
111945|Child_Cross21|2: 448 141 49 21 10 4 1 
111947|Child_Cross12|17|Mutated: 467 136 55 24 9 4 1 
111951|Child_Avg|51: 352 128 53 27 10 4 1 
111954|Child_Avg|27: 453 133 52 24 9 4 1 
111959|Child_CrossABC2|8: 412 139 52 24 9 4 1 
111961|Child_CrossABC2|2: 353 138 52 24 9 4 1 
111966|Survivor|1: 372 141 50 24 9 4 1 
111967|Child_Cross21|10: 433 130 49 24 9 4 1 
111969|Child_CrossABC1|7: 431 131 49 24 9 4 1 
112058|Child_CrossABC2|8|Mutated: 415 133 57 21 10 4 1 
112072|Child_Cross12|57: 400 133 47 21 10 4 1 
112087|Child_CrossABC2|8: 404 124 48 21 10 4 1 
112105|Survivor|1: 399 122 45 17 10 4 1 
112144|Survivor|1: 522 153 53 24 9 4 1 
112183|Child_Avg|31: 492 150 55 29 10 4 1 
112194|Child_Cross12|53: 384 150 67 23 10 4 1 
112217|Survivor|1: 311 116 46 21 10 4 1 
112226|Child_CrossABC2|8: 375 116 46 21 10 4 1 
112265|Child_CrossABC2|8: 397 113 46 24 9 4 1 
112273|Child_CrossABC1|1: 401 115 44 24 9 4 1 
112309|Child_CrossABC1|1: 420 137 52 20 9 4 1 
112320|Survivor|1: 388 107 46 20 9 4 1 
112352|Survivor|1: 421 164 55 23 10 4 1 
112353|Child_Avg|51: 548 159 59 24 9 4 1 
112360|Child_CrossABC2|2: 456 180 57 23 10 4 1 
112375|Child_Cross12|37: 428 129 45 23 10 4 1 
112378|Survivor|1: 432 125 44 23 10 4 1 
112461|Survivor|1: 395 126 43 24 9 4 1 
112472|Child_LevyABC2|6: 400 138 57 21 10 4 1 
112496|Child_Avg|19|Mutated: 378 144 47 21 10 4 1 
112499|Survivor|1: 353 127 46 20 9 4 1 
112551|Child_Avg|39|Mutated: 462 173 76 27 10 4 1 
112554|Survivor|1: 462 173 62 27 10 4 1 
112562|Child_CrossABC2|8: 406 124 48 23 10 4 1 
112567|Child_Cross12|29: 415 130 45 23 10 4 1 
112572|Survivor|1: 417 129 54 23 10 4 1 
112575|Child_Avg|11: 408 126 51 23 10 4 1 
112576|Child_CrossABC1|1: 407 127 54 23 10 4 1 
112589|Child_Cross21|26: 403 126 47 23 10 4 1 
112591|Child_CrossABC2|2: 404 128 48 23 10 4 1 
112612|Child_Avg|47: 585 169 67 23 10 4 1 
112615|Child_CrossABC2|8: 458 141 57 23 10 4 1 
112623|Survivor|1: 387 134 49 24 9 4 1 
112672|Survivor|1: 332 120 51 19 10 4 1 
112692|Child_CrossABC2|8: 385 143 50 24 9 4 1 
112708|Survivor|1: 461 131 49 24 9 4 1 
112709|Child_Cross21|54: 392 127 49 25 9 4 1 
112715|Survivor|1: 419 133 47 24 9 4 1 
112746|Child_CrossABC2|8: 385 123 50 24 9 4 1 
112751|Child_CrossABC1|7: 366 119 49 24 9 4 1 
112822|Survivor|1: 467 142 54 23 10 4 1 
112830|Survivor|1: 414 133 54 23 10 4 1 
112833|Child_Avg|11: 386 129 50 24 9 4 1 
112838|Survivor|1: 389 114 53 24 9 4 1 
112840|Survivor|1|Mutated: 448 128 53 24 9 4 1 
112849|Survivor|1: 420 121 59 24 9 4 1 
112855|Survivor|1: 417 105 55 24 9 4 1 
112898|Child_Cross21|38: 393 114 40 24 9 4 1 
112899|Child_Cross12|41|Mutated: 397 114 47 24 9 4 1 
112901|Child_CrossABC1|1: 397 114 50 24 9 4 1 
112912|Child_CrossABC2|8: 396 114 53 24 9 4 1 
112919|Survivor|1|Mutated: 396 112 53 24 9 4 1 
112921|Child_CrossABC2|2: 393 130 55 24 9 4 1 
112937|Child_CrossABC2|8: 389 135 52 24 9 4 1 
112953|Survivor|1: 380 122 53 24 9 4 1 
112958|Child_Cross12|33: 377 122 46 24 9 4 1 
112969|Survivor|1|Mutated: 371 119 48 21 10 4 1 
112970|Child_CrossABC2|2: 389 124 49 21 10 4 1 
112974|Survivor|1: 381 117 47 21 10 4 1 
113005|Child_Avg|43: 389 111 46 20 9 4 1 
113036|Survivor|1: 455 131 48 20 9 4 1 
113050|Survivor|1: 388 131 48 20 9 4 1 
113057|Child_Cross12|53: 400 122 43 20 9 4 1 
113075|Child_Cross12|17: 386 124 43 20 9 4 1 
113122|Child_Cross21|38: 407 118 43 20 9 4 1 
113233|Child_Avg|39: 411 133 46 20 9 4 1 
113244|Survivor|1: 474 139 59 24 9 4 1 
113267|Survivor|1: 381 143 53 25 9 4 1 
113273|Child_CrossABC1|7: 400 168 55 24 9 4 1 
113278|Child_CrossABC2|2: 389 137 64 24 9 4 1 
113286|Child_Cross21|30: 388 143 59 24 9 4 1 
113296|Child_CrossABC2|2: 381 131 52 24 9 4 1 
113310|Survivor|1: 372 139 44 24 9 4 1 
113316|Survivor|1: 438 152 65 24 9 4 1 
113318|Child_Avg|15: 436 156 55 24 9 4 1 
113329|Child_CrossABC2|8: 386 129 53 24 9 4 1 
113334|Child_Cross12|57: 413 128 49 24 9 4 1 
113344|Survivor|1: 435 132 43 24 9 4 1 
113351|Survivor|1: 350 105 43 20 9 4 1 
113369|Survivor|1: 435 135 53 25 10 4 1 
113384|Survivor|1: 409 126 46 21 10 4 1 
113395|Child_CrossABC1|7: 401 118 45 20 9 4 1 
113422|Survivor|1: 376 111 47 25 9 4 1 
113428|Child_Avg|23: 384 109 45 21 10 4 1 
113429|Child_Cross12|49: 384 109 45 23 10 4 1 
113456|Child_Avg|51: 369 118 45 23 10 4 1 
113466|Child_Avg|23: 382 109 45 23 10 4 1 
113481|Child_Cross12|17: 392 109 47 23 10 4 1 
113495|Survivor|1: 437 132 61 24 9 4 1 
113499|Survivor|1: 445 136 59 24 9 4 1 
113502|Child_Avg|19: 381 123 52 24 9 4 1 
113508|Child_Avg|55|Mutated: 405 115 49 24 9 4 1 
113511|Child_CrossABC2|2: 388 135 49 24 9 4 1 
113523|Survivor|1: 394 123 67 24 9 4 1 
113537|Child_Cross12|21: 407 131 44 24 9 4 1 
113612|Survivor|1: 407 125 46 29 9 4 1 
113662|Child_Cross12|49|Mutated: 361 131 44 24 9 4 1 
113671|Survivor|1: 378 131 43 24 9 4 1 
113687|Survivor|1: 431 196 58 24 9 4 1 
113693|Child_CrossABC1|1: 379 157 56 24 9 4 1 
113697|Child_CrossABC1|7: 383 149 52 24 9 4 1 
113698|Child_CrossABC1|7: 395 149 56 24 9 4 1 
113713|Child_Avg|3: 383 150 49 24 9 4 1 
113714|Child_CrossABC1|7: 406 150 55 24 9 4 1 
113720|Survivor|1: 406 150 55 23 10 4 1 
113727|Child_CrossABC2|2: 400 152 67 23 10 4 1 
113729|Child_CrossABC1|1: 392 147 57 23 10 4 1 
113732|Child_Avg|35|Mutated: 382 149 47 23 10 4 1 
113734|Child_CrossABC1|1: 395 149 61 23 10 4 1 
113745|Survivor|1: 477 132 47 23 10 4 1 
113762|Child_CrossABC1|7: 404 128 49 21 10 4 1 
113800|Child_Cross12|45: 378 112 39 20 9 4 1 
113842|Survivor|1: 384 123 57 20 9 4 1 
113854|Child_Cross21|42: 353 121 52 20 9 4 1 
113855|Child_Levy|28: 373 122 48 20 9 4 1 
113869|Child_CrossABC1|1: 367 118 43 20 9 4 1 
113871|Child_CrossABC2|2: 370 118 43 20 9 4 1 
113879|Survivor|1: 381 117 43 20 9 4 1 
113880|Child_CrossABC2|8: 376 116 43 20 9 4 1 
113887|Child_CrossABC2|8: 385 122 43 20 9 4 1 
113925|Child_CrossABC2|8: 370 134 47 21 10 4 1 
113932|Child_Avg|39: 594 177 76 24 9 4 1 
113944|Survivor|1: 357 145 55 24 9 4 1 
113945|Child_Cross21|6: 459 150 59 24 9 4 1 
113948|Child_CrossABC2|8: 472 160 53 24 9 4 1 
113949|Child_Cross12|21: 404 124 53 24 9 4 1 
113953|Child_Cross21|2: 441 135 50 24 9 4 1 
113954|Child_Cross12|13: 463 125 52 24 9 4 1 
113955|Child_CrossABC1|1: 411 122 52 24 9 4 1 
113999|Child_Cross12|17: 439 126 47 23 10 4 1 
114002|Child_CrossABC2|2: 431 123 47 23 10 4 1 
114072|Child_Levy|28: 367 150 44 24 9 4 1 
114094|Child_Cross21|10: 391 115 39 21 10 4 1 
114133|Child_Cross12|1: 329 124 45 21 10 4 1 
114135|Survivor|1: 329 137 45 21 10 4 1 
114149|Child_CrossABC1|7: 330 127 43 20 9 4 1 
114184|Survivor|1: 330 117 43 20 9 4 1 
114210|Survivor|1: 416 116 43 20 9 4 1 
114232|Child_Avg|39: 402 156 46 21 10 4 1 
114235|Child_CrossABC2|2: 394 152 46 21 10 4 1 
114255|Survivor|1: 402 121 47 23 10 4 1 
114265|Child_CrossABC2|8: 411 121 51 23 10 4 1 
114269|Child_CrossABC1|7: 421 121 51 23 10 4 1 
114303|Child_Avg|23: 390 111 46 24 9 4 1 
114309|Survivor|1: 427 114 50 24 9 4 1 
114335|Child_Cross21|30: 438 178 59 21 10 4 1 
114340|Child_Levy|12: 471 168 57 23 10 4 1 
114343|Child_CrossABC1|1: 435 168 57 23 10 4 1 
114345|Child_CrossABC2|2: 469 168 57 23 10 4 1 
114346|Child_CrossABC1|1: 466 168 57 23 10 4 1 
114347|Child_CrossABC2|8: 463 168 57 23 10 4 1 
114351|Child_Cross12|37: 465 168 57 23 10 4 1 
114353|Child_Cross12|45: 450 175 57 23 10 4 1 
114356|Child_CrossABC1|7: 463 164 57 23 10 4 1 
114357|Child_CrossABC2|8: 445 178 57 23 10 4 1 
114358|Child_Cross12|25: 467 168 57 23 10 4 1 
114359|Child_Avg|3: 476 166 57 23 10 4 1 
114360|Child_CrossABC2|8: 469 169 57 23 10 4 1 
114363|Child_Cross12|25: 457 166 54 23 10 4 1 
114365|Survivor|1: 454 163 54 23 10 4 1 
114367|Child_CrossABC2|8: 433 168 54 23 10 4 1 
114370|Survivor|1: 461 166 54 23 10 4 1 
114371|Child_Cross12|13: 455 168 54 23 10 4 1 
114373|Child_Cross21|46: 457 168 54 23 10 4 1 
114377|Child_CrossABC1|1: 454 148 54 23 10 4 1 
114381|Child_Cross21|26: 454 166 54 23 10 4 1 
114382|Child_Avg|23: 453 163 54 23 10 4 1 
114383|Child_Cross21|50: 456 153 54 23 10 4 1 
114386|Child_Cross21|26: 454 171 54 23 10 4 1 
114387|Child_Avg|47: 447 153 54 23 10 4 1 
114391|Child_Cross12|49: 454 137 54 23 10 4 1 
114395|Child_Cross21|50: 461 179 54 23 10 4 1 
114396|Child_Cross12|9: 464 153 54 23 10 4 1 
114399|Child_Cross21|34: 454 145 54 23 10 4 1 
114401|Child_Cross12|17: 455 153 54 23 10 4 1 
114404|Survivor|1: 455 148 54 23 10 4 1 
114413|Child_Cross12|9: 452 137 54 23 10 4 1 
114416|Child_Cross12|45: 450 145 54 23 10 4 1 
114421|Child_Cross21|6: 453 143 54 23 10 4 1 
114423|Child_Cross12|33: 433 153 54 23 10 4 1 
114426|Child_Cross12|45: 461 145 54 23 10 4 1 
114427|Child_Cross12|9: 471 148 54 23 10 4 1 
114428|Child_Cross12|57: 477 148 54 23 10 4 1 
114431|Child_Avg|15: 462 145 54 23 10 4 1 
114432|Child_Cross12|41: 462 148 54 23 10 4 1 
114453|Child_CrossABC1|1: 454 140 54 23 10 4 1 
114458|Child_Cross12|13: 400 137 54 23 10 4 1 
114462|Child_Avg|35: 383 139 56 24 9 4 1 
114506|Child_Cross21|54: 359 136 47 23 10 4 1 
114515|Child_Cross12|29: 368 121 48 21 10 4 1 
114559|Child_Levy|12: 386 175 53 24 9 4 1 
114576|Survivor|1: 588 148 56 25 9 4 1 
114595|Child_Cross21|2: 425 128 57 23 10 4 1 
114604|Child_Avg|51: 397 124 51 23 10 4 1 
114609|Survivor|1: 407 126 51 23 10 4 1 
114610|Child_CrossABC2|8: 397 126 51 23 10 4 1 
114613|Child_Cross21|10|Mutated: 398 127 54 23 10 4 1 
114614|Child_Avg|39|Mutated: 398 126 51 23 10 4 1 
114627|Child_Cross21|42: 392 124 47 23 10 4 1 
114704|Survivor|1: 321 125 46 24 9 4 1 
114706|Survivor|1: 405 141 43 24 9 4 1 
114722|Child_CrossABC1|7: 609 143 59 20 9 4 1 
114751|Child_Cross21|18: 441 130 43 20 9 4 1 
114760|Child_Cross12|29: 426 110 43 20 9 4 1 
114785|Child_Levy|4: 956 526 194 77 23 10 4 1 
114788|Survivor|1: 397 129 61 20 9 4 1 
114790|Child_Levy|12: 445 154 55 23 10 4 1 
114793|Child_Cross21|54: 477 151 61 23 10 4 1 
114796|Child_Avg|43: 392 128 59 21 10 4 1 
114797|Child_Cross21|38: 392 128 59 24 9 4 1 
114805|Child_Cross12|49: 401 129 55 24 9 4 1 
114806|Child_Avg|55: 405 132 53 24 9 4 1 
114807|Child_Avg|7: 381 138 53 24 9 4 1 
114813|Child_Avg|43|Mutated: 387 138 50 24 9 4 1 
114816|Child_Cross21|58: 399 143 49 24 9 4 1 
114820|Child_Cross21|10: 385 133 50 24 9 4 1 
114838|Survivor|1: 381 131 43 24 9 4 1 
114864|Survivor|1: 546 172 53 24 9 4 1 
114869|Child_Cross12|29: 419 123 47 24 9 4 1 
114870|Child_Avg|55: 417 129 54 20 9 4 1 
114876|Child_CrossABC1|7: 409 125 52 20 9 4 1 
114884|Survivor|1: 431 122 49 21 10 4 1 
114886|Child_Cross12|17: 424 124 43 20 9 4 1 
114912|Child_Avg|43|Mutated: 406 116 43 20 9 4 1 
114955|Child_Avg|23: 388 127 43 20 9 4 1 
115003|Child_Levy|24: 434 165 60 23 10 4 1 
115020|Survivor|1: 423 124 43 20 9 4 1 
115047|Child_Cross21|18: 371 126 43 24 9 4 1 
115064|Child_Cross12|25: 364 105 41 19 10 4 1 
115081|Child_CrossABC1|7: 366 105 41 19 10 4 1 
115107|Child_Cross21|22: 375 104 51 19 10 4 1 
115135|Survivor|1: 420 139 51 23 10 4 1 
115148|Survivor|1: 402 129 45 23 10 4 1 
115154|Child_Avg|7: 444 133 47 23 10 4 1 
115251|Child_Avg|3: 403 154 46 24 9 4 1 
115259|Child_Cross12|21: 406 142 45 23 10 4 1 
115265|Survivor|1|Mutated: 406 132 45 23 10 4 1 
115283|Child_Levy|12|Mutated: 376 121 47 24 9 4 1 
115324|Survivor|1: 385 118 47 21 10 4 1 
115326|Child_CrossABC1|1|Mutated: 386 118 53 19 10 4 1 
115374|Survivor|1: 311 118 44 23 10 4 1 
115397|Survivor|1: 394 120 47 25 10 4 1 
115405|Child_Levy|44: 407 133 52 24 9 4 1 
115406|Child_Cross21|42: 421 153 50 24 9 4 1 
115432|Child_Avg|27: 540 169 81 28 11 4 1 
115436|Child_Cross12|33: 429 129 55 20 9 4 1 
115444|Child_Cross21|42: 432 135 52 19 10 4 1 
115455|Survivor|1|Mutated: 426 131 46 21 10 4 1 
115477|Child_Avg|23: 388 124 43 20 9 4 1 
115495|Child_CrossABC2|8: 392 125 43 20 9 4 1 
115513|Survivor|1: 583 178 55 24 9 4 1 
115524|Survivor|1: 435 151 49 24 9 4 1 
115550|Child_Cross21|54: 468 139 59 27 10 4 1 
115575|Survivor|1: 441 131 51 23 10 4 1 
115586|Child_CrossABC2|8: 412 125 59 24 9 4 1 
115590|Child_CrossABC1|7: 412 125 58 24 9 4 1 
115600|Child_CrossABC2|8: 389 119 50 24 9 4 1 
115601|Child_CrossABC1|7: 393 124 59 24 9 4 1 
115602|Child_Levy|60: 407 114 53 24 9 4 1 
115605|Child_Cross21|10: 426 114 53 24 9 4 1 
115610|Survivor|1: 435 124 46 24 9 4 1 
115641|Child_CrossABC2|8: 396 134 53 24 9 4 1 
115709|Survivor|1|Mutated: 417 119 50 24 9 4 1 
115723|Child_CrossABC1|1: 367 112 47 23 10 4 1 
115725|Child_CrossABC2|8: 369 112 47 23 10 4 1 
115732|Child_Avg|11: 417 120 56 25 9 4 1 
115736|Child_CrossABC1|7: 356 112 47 23 10 4 1 
115751|Child_CrossABC2|2: 400 111 50 23 10 4 1 
115762|Child_Avg|59: 448 131 45 23 10 4 1 
115779|Child_Avg|23: 408 129 46 24 9 4 1 
115782|Child_Cross12|57: 401 119 46 24 9 4 1 
115801|Survivor|1: 368 140 43 24 9 4 1 
115805|Survivor|1: 347 136 43 24 9 4 1 
115816|Survivor|1: 426 168 53 24 9 4 1 
115829|Survivor|1: 370 146 43 24 9 4 1 
115835|Child_CrossABC1|7: 370 147 43 24 9 4 1 
115842|Survivor|1: 311 123 43 24 9 4 1 
115848|Survivor|1: 441 153 71 24 9 4 1 
115850|Child_CrossABC2|2: 417 150 56 24 9 4 1 
115853|Child_Avg|59: 416 132 53 24 9 4 1 
115854|Child_CrossABC2|2: 375 131 52 24 9 4 1 
115856|Child_CrossABC1|1: 375 145 52 24 9 4 1 
115887|Survivor|1: 337 131 50 24 9 4 1 
115891|Child_Cross21|46: 309 130 46 24 9 4 1 
115908|Survivor|1: 364 131 45 23 10 4 1 
115909|Child_CrossABC2|2: 351 130 46 24 9 4 1 
115925|Child_Cross12|45|Mutated: 382 133 43 24 9 4 1 
115980|Child_CrossABC2|8|Mutated: 425 158 65 23 10 4 1 
115982|Child_CrossABC2|2: 410 145 64 23 10 4 1 
115991|Child_CrossABC2|8: 368 131 51 23 10 4 1 
115994|Child_CrossABC2|2|Mutated: 367 129 51 23 10 4 1 
116013|Survivor|1: 362 125 52 24 9 4 1 
116023|Child_Cross12|13: 426 155 53 27 10 4 1 
116040|Child_CrossABC2|2: 418 125 52 24 9 4 1 
116046|Child_CrossABC2|8|Mutated: 371 163 49 24 9 4 1 
116049|Survivor|1: 425 127 47 24 9 4 1 
116052|Child_CrossABC2|8: 439 133 50 24 9 4 1 
116076|Child_LevyP1|3: 404 121 53 24 9 4 1 
116077|Child_CrossABC2|8: 405 123 64 24 9 4 1 
116085|Survivor|1: 405 123 59 24 9 4 1 
116100|Child_Avg|47: 290 114 49 24 9 4 1 
116130|Child_CrossABC1|7: 436 139 52 24 9 4 1 
116159|Child_LevyABC2|12: 376 141 49 24 9 4 1 
116169|Child_Cross12|37: 378 109 45 23 10 4 1 
116182|Child_CrossABC2|8: 382 138 44 23 10 4 1 
116212|Child_CrossABC1|7: 372 152 49 24 9 4 1 
116214|Child_CrossABC1|1: 371 145 47 24 9 4 1 
116222|Child_Avg|35: 376 135 44 24 9 4 1 
116267|Child_CrossABC1|1: 430 117 46 24 9 4 1 
116283|Survivor|1: 391 107 49 24 9 4 1 
116288|Child_Avg|59: 402 108 43 24 9 4 1 
116297|Survivor|1: 357 139 56 24 9 4 1 
116328|Child_CrossABC1|1: 450 121 43 24 9 4 1 
116330|Child_CrossABC2|8: 413 145 43 24 9 4 1 
116349|Survivor|1: 365 110 47 23 10 4 1 
116361|Child_CrossABC2|2: 579 179 57 23 10 4 1 
116365|Survivor|1: 377 123 47 23 10 4 1 
116399|Survivor|1|Mutated: 383 122 58 24 11 4 1 
116402|Child_Avg|55: 382 121 50 24 9 4 1 
116418|Child_CrossABC1|1: 382 116 61 24 9 4 1 
116420|Survivor|1: 388 111 64 23 10 4 1 
116497|Child_Levy|40: 403 164 58 23 10 4 1 
116506|Child_Levy|28|Mutated: 386 147 50 24 9 4 1 
116514|Child_Levy|32: 413 149 47 23 10 4 1 
116516|Child_CrossABC2|8: 393 138 44 24 9 4 1 
116535|Child_CrossABC1|7: 378 159 46 24 9 4 1 
116541|Child_Avg|39: 386 136 43 24 9 4 1 
116564|Child_Cross12|1: 405 140 43 24 9 4 1 
116565|Child_Cross12|45: 395 108 43 24 9 4 1 
116609|Child_CrossABC2|2: 400 116 61 24 9 4 1 
116661|Survivor|1: 359 113 58 21 10 4 1 
116663|Child_LevyP1|9: 564 175 61 24 9 4 1 
116675|Child_Cross21|26: 379 135 55 24 9 4 1 
116678|Child_Cross21|2: 613 156 55 24 9 4 1 
116682|Child_Avg|7: 455 129 50 24 9 4 1 
116683|Child_Cross12|21: 394 143 50 24 9 4 1 
116686|Child_CrossABC1|1: 447 127 50 24 9 4 1 
116689|Survivor|1: 315 141 49 24 9 4 1 
116697|Child_Cross12|5: 444 134 47 24 9 4 1 
116700|Child_Cross12|53: 400 137 47 24 9 4 1 
116701|Child_Cross21|42: 400 128 47 24 9 4 1 
116731|Child_Cross21|54: 407 132 46 24 9 4 1 
116758|Child_Cross21|18: 380 137 52 24 9 4 1 
116771|Survivor|1|Mutated: 441 135 52 24 9 4 1 
116785|Child_Avg|55: 396 126 47 24 9 4 1 
116791|Survivor|1: 460 173 47 23 10 4 1 
116801|Child_Cross12|53: 381 144 44 23 10 4 1 
116833|Child_Cross12|21: 373 151 43 24 9 4 1 
116866|Child_Cross12|29: 381 141 53 24 9 4 1 
116871|Child_CrossABC2|2: 391 135 47 24 9 4 1 
116949|Child_CrossABC2|2: 360 117 53 24 9 4 1 
117016|Survivor|1: 437 182 59 30 11 5 1 
117017|Child_Cross21|30: 592 172 59 30 11 5 1 
117085|Child_CrossABC2|2: 454 150 59 24 9 4 1 
117117|Child_Avg|31: 440 131 52 24 9 4 1 
117123|Child_Cross21|30: 448 136 49 21 10 4 1 
117133|Survivor|1|Mutated: 406 159 49 21 10 4 1 
117134|Child_Cross21|46: 426 132 46 21 10 4 1 
117135|Child_Cross21|18: 426 130 48 21 10 4 1 
117138|Survivor|1|Mutated: 397 113 48 20 9 4 1 
117208|Child_Avg|11: 474 135 52 24 9 4 1 
117211|Child_LevyABC2|12: 463 149 59 24 9 4 1 
117228|Child_CrossABC1|7: 390 147 56 27 10 4 1 
117229|Child_LevyP2|4: 405 157 64 23 10 4 1 
117233|Child_CrossABC2|8: 390 127 57 21 10 4 1 
117247|Child_CrossABC1|1|Mutated: 399 128 56 21 10 4 1 
117248|Child_CrossABC1|7: 397 128 56 21 10 4 1 
117281|Child_CrossABC1|7: 390 115 48 21 10 4 1 
117331|Child_CrossABC1|7: 367 110 43 20 9 4 1 
117352|Survivor|1: 399 108 43 20 9 4 1 
117402|Child_Avg|47: 377 109 44 20 9 4 1 
117413|Survivor|1: 371 109 48 20 9 4 1 
117427|Child_CrossABC2|2: 392 107 46 20 9 4 1 
117431|Survivor|1: 390 111 45 20 9 4 1 
117436|Survivor|1: 390 111 43 20 9 4 1 
117438|Child_Avg|39: 415 110 43 20 9 4 1 
117443|Child_LevyP2|4: 358 136 53 24 11 4 1 
117450|Child_Cross12|17: 364 129 55 24 9 4 1 
117459|Survivor|1: 463 134 52 24 9 4 1 
117462|Child_Avg|15: 457 133 57 23 10 4 1 
117481|Survivor|1: 421 122 47 24 9 4 1 
117487|Child_CrossABC1|7: 412 162 53 24 9 4 1 
117492|Survivor|1: 391 132 61 24 9 4 1 
117497|Survivor|1: 378 129 53 24 9 4 1 
117522|Child_CrossABC1|7: 343 126 47 23 10 4 1 
117531|Child_CrossABC1|7: 365 117 44 23 10 4 1 
117557|Survivor|1: 398 127 51 24 11 5 1 
117559|Child_LevyP2|10: 408 133 46 20 9 4 1 
117568|Child_CrossABC1|7: 406 133 46 20 9 4 1 
117575|Child_Cross12|17: 367 121 43 20 9 4 1 
117669|Child_CrossABC1|1: 573 164 64 29 10 4 1 
117673|Child_Avg|3: 446 137 53 27 10 4 1 
117674|Child_Cross21|46: 459 140 52 27 10 4 1 
117681|Child_CrossABC2|2: 430 131 51 23 10 4 1 
117683|Survivor|1: 435 131 51 23 10 4 1 
117684|Child_CrossABC1|7: 436 131 51 23 10 4 1 
117697|Child_CrossABC2|2: 432 132 47 23 10 4 1 
117704|Child_Cross12|9: 417 128 45 23 10 4 1 
117707|Child_Cross12|1: 408 122 45 23 10 4 1 
117739|Child_Avg|43|Mutated: 405 125 48 23 10 4 1 
117811|Survivor|1: 439 130 46 24 9 4 1 
117819|Child_CrossABC2|2: 407 117 44 24 9 4 1 
117857|Survivor|1: 375 121 57 20 9 4 1 
117874|Child_LevyP1|9: 365 151 50 23 10 4 1 
117892|Survivor|1: 355 124 52 19 10 4 1 
117898|Survivor|1: 344 129 48 20 9 4 1 
117908|Survivor|1: 398 129 46 21 10 4 1 
117921|Child_Cross21|50: 372 118 41 20 9 4 1 
117956|Child_Levy|24: 444 143 47 21 10 4 1 
117957|Child_Cross12|41: 393 126 46 21 10 4 1 
117964|Survivor|1: 394 143 45 23 10 4 1 
117980|Child_Cross21|46: 395 138 44 24 9 4 1 
117985|Child_CrossABC2|2: 393 144 44 23 10 4 1 
117990|Child_Cross12|17: 392 141 44 23 10 4 1 
117998|Child_Cross21|50: 392 140 44 23 10 4 1 
118037|Survivor|1: 396 123 44 23 10 4 1 
118082|Survivor|1: 437 167 56 25 9 4 1 
118087|Survivor|1: 438 166 58 23 10 4 1 
118091|Child_CrossABC2|2: 419 151 61 23 10 4 1 
118095|Child_Cross21|18: 459 134 51 23 10 4 1 
118100|Survivor|1: 447 134 51 23 10 4 1 
118101|Child_Avg|55: 437 129 53 24 9 4 1 
118103|Child_Cross21|2|Mutated: 403 129 49 21 10 4 1 
118108|Child_Cross12|45: 446 131 49 21 10 4 1 
118143|Child_Avg|55: 310 122 43 24 9 4 1 
118165|Survivor|1|Mutated: 312 131 49 21 10 4 1 
118167|Survivor|1: 313 126 46 21 10 4 1 
118171|Survivor|1: 336 125 49 21 10 4 1 
118199|Child_Levy|28: 359 118 45 24 11 4 1 
118201|Survivor|1: 301 134 58 24 9 4 1 
118203|Child_Cross21|46: 304 134 53 24 9 4 1 
118215|Survivor|1: 368 136 53 25 9 4 1 
118232|Child_Avg|39: 629 167 75 24 11 4 1 
118236|Survivor|1|Mutated: 629 167 75 24 11 5 1 
118239|Child_Avg|39: 452 135 55 23 10 4 1 
118245|Child_CrossABC1|1: 449 135 55 23 10 4 1 
118250|Survivor|1: 379 118 45 23 10 4 1 
118255|Child_Avg|7: 418 123 47 23 10 4 1 
118256|Child_Avg|43: 455 125 49 21 10 4 1 
118354|Survivor|1: 380 122 47 23 10 4 1 
118357|Survivor|1: 452 125 47 23 10 4 1 
118361|Survivor|1: 629 146 57 20 9 4 1 
118410|Survivor|1: 392 121 44 19 10 4 1 
118416|Survivor|1: 325 125 43 20 9 4 1 
118462|Child_Cross12|41: 384 103 41 19 10 4 1 
118496|Child_CrossABC1|1: 366 106 42 19 10 4 1 
118497|Child_Avg|39: 365 105 41 19 10 4 1 
118510|Child_CrossABC2|2: 363 105 41 19 10 4 1 
118518|Child_CrossABC1|1: 367 105 41 19 10 4 1 
118578|Child_Avg|39: 409 123 54 20 9 4 1 
118580|Child_Levy|32|Mutated: 449 122 56 21 10 4 1 
118585|Child_CrossABC1|7: 394 145 46 24 9 4 1 
118606|Child_Cross21|58: 355 115 41 19 10 4 1 
118641|Survivor|1: 357 115 44 19 10 4 1 
118650|Child_CrossABC1|7: 405 113 43 19 10 4 1 
118682|Child_Cross12|37|Mutated: 378 113 45 21 10 4 1 
118728|Survivor|1: 371 108 44 19 10 4 1 
118729|Child_Avg|47: 371 110 42 19 10 4 1 
118736|Child_Avg|23: 370 112 41 19 10 4 1 
118768|Child_Avg|55: 636 195 59 24 9 4 1 
118771|Child_Avg|59: 415 131 55 24 9 4 1 
118776|Child_CrossABC1|1: 425 131 55 24 9 4 1 
118778|Child_CrossABC1|7: 461 141 52 24 9 4 1 
118779|Child_Cross12|9|Mutated: 461 143 58 23 10 4 1 
118791|Child_CrossABC2|2: 460 142 55 24 9 4 1 
118798|Child_CrossABC1|1: 436 130 49 24 9 4 1 
118799|Child_Cross12|13: 467 133 49 24 9 4 1 
118800|Child_Cross12|21: 438 136 49 24 9 4 1 
118841|Survivor|1: 363 108 46 24 9 4 1 
118876|Child_Avg|27: 373 111 46 24 9 4 1 
118908|Child_CrossABC1|7: 390 126 47 24 9 4 1 
118923|Survivor|1: 392 128 47 24 9 4 1 
118933|Survivor|1: 356 108 43 19 10 4 1 
118965|Child_Levy|44|Mutated: 412 131 46 21 10 4 1 
118971|Child_CrossABC2|8: 405 129 52 20 9 4 1 
118985|Child_CrossABC1|1: 408 130 57 20 9 4 1 
119034|Survivor|1: 399 134 46 20 9 4 1 
119070|Child_Avg|19: 360 113 43 20 9 4 1 
119079|Survivor|1: 377 113 43 20 9 4 1 
119092|Survivor|1: 400 143 52 24 9 4 1 
119095|Child_Cross12|37: 401 142 56 24 9 4 1 
119098|Child_CrossABC2|2: 391 146 55 24 9 4 1 
119100|Child_CrossABC1|1: 397 143 55 24 9 4 1 
119102|Child_CrossABC1|1: 406 142 55 24 9 4 1 
119103|Child_Cross21|22: 388 147 55 24 9 4 1 
119105|Child_Avg|55: 389 138 53 24 9 4 1 
119144|Child_Cross12|17: 386 154 47 24 9 4 1 
119145|Child_Avg|31: 369 133 46 24 9 4 1 
119148|Child_Avg|51|Mutated: 385 133 44 24 9 4 1 
119170|Survivor|1: 341 124 46 24 9 4 1 
119177|Survivor|1: 345 125 48 23 10 4 1 
119178|Child_CrossABC2|8: 351 122 47 23 10 4 1 
119192|Child_Cross21|26: 386 139 56 24 9 4 1 
119193|Child_Levy|8: 371 137 45 21 10 4 1 
119203|Child_Levy|24|Mutated: 323 122 48 20 9 4 1 
119230|Survivor|1: 403 121 61 23 10 4 1 
119269|Survivor|1: 477 190 73 23 12 5 1 
119288|Survivor|1: 378 143 56 24 11 4 1 
119291|Survivor|1: 370 125 52 24 9 4 1 
119292|Child_Cross12|25: 365 140 54 24 11 4 1 
119297|Child_Avg|3|Mutated: 359 124 51 23 10 4 1 
119300|Child_Avg|15: 353 139 52 24 9 4 1 
119310|Child_CrossABC1|1: 325 123 47 23 10 4 1 
119313|Child_Cross21|54: 326 123 47 23 10 4 1 
119317|Child_Cross12|49: 348 123 47 23 10 4 1 
119319|Child_Cross21|54: 323 122 47 23 10 4 1 
119320|Child_Cross21|58: 324 125 47 23 10 4 1 
119322|Child_Cross12|21: 323 125 47 23 10 4 1 
119331|Child_CrossABC1|1: 300 125 47 23 10 4 1 
119339|Child_Cross12|5: 347 125 47 23 10 4 1 
119366|Child_Cross12|5: 390 124 49 17 10 4 1 
119367|Child_Levy|44: 442 118 50 23 10 4 1 
119372|Child_CrossABC2|2: 621 139 57 23 10 4 1 
119404|Child_Avg|39: 429 127 47 25 9 4 1 
119413|Survivor|1: 361 108 43 17 10 4 1 
119455|Child_Cross21|10: 393 107 43 20 9 4 1 
119565|Child_Levy|48: 444 137 53 24 9 4 1 
119568|Survivor|1: 488 136 47 23 10 4 1 
119572|Child_Cross12|5: 457 125 47 23 10 4 1 
119581|Child_Cross12|41: 470 132 47 23 10 4 1 
119583|Child_Cross21|58: 473 135 47 23 10 4 1 
119590|Child_Cross21|30: 461 135 47 23 10 4 1 
119605|Child_CrossABC2|2: 439 135 47 23 10 4 1 
119627|Child_Avg|27: 450 135 47 23 10 4 1 
119632|Child_Cross21|38: 455 135 47 23 10 4 1 
119655|Child_Avg|35: 431 135 47 23 10 4 1 
119657|Child_Cross12|29: 442 135 47 23 10 4 1 
119668|Child_Cross21|58|Mutated: 442 135 57 23 10 4 1 
119750|Child_CrossABC1|7: 394 123 56 24 9 4 1 
119763|Child_Cross21|54: 386 131 56 24 9 4 1 
119764|Child_CrossABC2|2: 392 132 55 24 9 4 1 
119766|Child_Avg|23: 390 127 52 24 9 4 1 
119767|Child_CrossABC2|2: 392 125 58 24 9 4 1 
119779|Child_Cross12|33: 378 151 44 24 9 4 1 
119784|Child_Cross12|29: 361 142 43 24 9 4 1 
119899|Child_Avg|47: 420 128 59 24 9 4 1 
119923|Child_Avg|39: 440 173 64 29 9 4 1 
119929|Child_Cross21|2: 480 177 52 29 9 4 1 
119938|Survivor|1: 403 137 52 29 9 4 1 
119951|Child_Levy|4|Mutated: 358 123 50 24 9 4 1 
119954|Random|27: 584 185 58 24 9 4 1 
119956|Survivor|1: 398 130 47 24 9 4 1 
119966|Child_Avg|35: 396 139 44 24 9 4 1 
119972|Survivor|1: 403 136 48 21 10 4 1 
119973|Child_Avg|23: 404 143 45 21 10 4 1 
119978|Survivor|1: 578 173 55 20 9 4 1 
119985|Survivor|1: 464 147 46 24 9 4 1 
119986|Child_CrossABC1|1: 483 147 46 20 9 4 1 
119990|Survivor|1: 476 149 52 20 9 4 1 
119998|Survivor|1: 408 131 48 20 9 4 1 
120027|Survivor|1: 462 144 45 23 10 4 1 
120033|Child_CrossABC1|7: 407 138 44 23 10 4 1 
120055|Survivor|1: 440 127 44 23 10 4 1 
120078|Child_Avg|47: 413 126 44 23 10 4 1 
120095|Child_CrossABC2|8: 406 124 41 19 10 4 1 
120162|Child_Cross12|41: 403 125 41 19 10 4 1 
120301|Child_CrossABC2|2: 366 136 43 24 9 4 1 
120304|Child_Avg|35: 386 151 59 21 10 4 1 
120335|Child_Levy|16: 356 140 48 21 10 4 1 
120339|Survivor|1: 357 132 51 19 10 4 1 
120408|Survivor|1: 335 121 46 20 9 4 1 
120424|Survivor|1: 357 116 43 19 10 4 1 
120446|Child_CrossABC2|2: 372 109 44 19 10 4 1 
120495|Survivor|1|Mutated: 418 159 63 27 10 4 1 
120522|Survivor|1: 401 139 48 20 9 4 1 
120523|Child_Avg|31: 397 142 49 21 10 4 1 
120535|Survivor|1|Mutated: 360 125 51 19 10 4 1 
120537|Child_CrossABC1|1: 391 106 45 21 10 4 1 
120549|Child_Cross12|13: 386 116 45 21 10 4 1 
120552|Child_Avg|27: 372 113 45 21 10 4 1 
120564|Child_Cross12|1: 378 115 45 21 10 4 1 
120576|Child_Cross21|6: 377 115 45 21 10 4 1 
120581|Child_Cross12|33|Mutated: 389 112 45 21 10 4 1 
120582|Child_Cross21|26: 382 115 45 21 10 4 1 
120585|Child_CrossABC2|2: 378 115 49 21 10 4 1 
120588|Child_Cross12|37: 391 113 45 21 10 4 1 
120592|Child_Cross21|46: 400 115 45 21 10 4 1 
120671|Child_Avg|11: 414 131 52 24 9 4 1 
120691|Survivor|1: 369 141 59 25 10 4 1 
120697|Survivor|1: 398 127 56 25 9 4 1 
120708|Child_Avg|3: 403 121 50 24 9 4 1 
120720|Child_Cross21|46: 419 126 47 23 10 4 1 
120751|Survivor|1: 418 125 70 23 10 4 1 
120758|Child_CrossABC2|8: 358 122 43 20 9 4 1 
120838|Child_Avg|35: 410 126 51 23 10 4 1 
120839|Child_Avg|35: 369 116 46 20 9 4 1 
120889|Survivor|1: 366 110 43 20 9 4 1 
120909|Child_Levy|56: 357 133 47 23 10 4 1 
120926|Survivor|1: 310 128 47 23 10 4 1 
120929|Child_Levy|60: 385 125 55 29 9 4 1 
120942|Child_LevyP1|3: 379 132 56 25 9 4 1 
120954|Survivor|1: 379 142 46 20 9 4 1 
120956|Child_Avg|51: 402 133 48 23 10 4 1 
120984|Child_Avg|15: 426 125 55 21 10 4 1 
121070|Survivor|1: 566 226 66 27 10 4 1 
121075|Survivor|1: 493 181 55 27 10 4 1 
121092|Child_CrossABC2|8|Mutated: 459 168 55 27 10 4 1 
121094|Child_CrossABC2|8: 457 177 55 27 10 4 1 
121111|Child_CrossABC2|8: 408 149 52 24 9 4 1 
121234|Child_Cross12|49: 463 142 50 24 9 4 1 
121241|Child_Cross21|26: 426 129 53 24 9 4 1 
121244|Child_Cross21|10: 421 132 50 24 9 4 1 
121245|Child_Cross21|34: 407 128 46 24 9 4 1 
121259|Child_Cross21|30: 392 127 49 24 9 4 1 
121269|Child_Cross21|50|Mutated: 381 142 58 24 9 4 1 
121292|Child_Cross12|33|Mutated: 415 126 55 24 9 4 1 
121294|Child_Avg|11: 415 126 52 24 9 4 1 
121355|Survivor|1: 411 136 49 24 9 4 1 
121419|Child_Avg|19: 457 156 58 24 11 4 1 
121423|Child_Avg|59: 445 148 55 23 10 4 1 
121427|Child_Avg|23: 380 143 54 23 10 4 1 
121428|Child_CrossABC1|1: 394 129 51 23 10 4 1 
121431|Child_Cross21|46: 394 148 47 23 10 4 1 
121434|Child_CrossABC2|2: 407 133 48 23 10 4 1 
121437|Child_Cross21|18: 386 149 47 23 10 4 1 
121438|Child_Avg|23: 380 136 47 23 10 4 1 
121502|Survivor|1: 432 127 45 21 10 4 1 
121503|Child_CrossABC1|1: 466 137 45 21 10 4 1 
121507|Child_CrossABC2|8: 465 139 47 21 10 4 1 
121509|Child_Avg|55: 449 137 46 21 10 4 1 
121510|Child_Avg|11: 402 122 45 20 9 4 1 
121511|Child_Levy|36: 444 130 58 21 10 4 1 
121525|Child_CrossABC1|1: 389 107 43 19 10 4 1 
121578|Survivor|1: 417 130 47 24 9 4 1 
121592|Survivor|1: 447 122 46 24 9 4 1 
121610|Survivor|1: 483 140 50 24 9 4 1 
121611|Child_Avg|23: 443 130 46 24 9 4 1 
121615|Child_CrossABC1|1: 443 135 46 24 9 4 1 
121637|Survivor|1: 435 127 46 20 9 4 1 
121638|Child_Levy|48: 426 116 45 21 10 4 1 
121700|Child_Cross21|18: 393 146 49 28 11 4 1 
121707|Child_Levy|48: 442 137 46 24 9 4 1 
121724|Child_Cross12|9|Mutated: 445 133 49 24 9 4 1 
121726|Child_Cross12|45: 441 134 43 20 9 4 1 
121729|Child_Avg|15: 430 125 43 20 9 4 1 
121732|Child_Cross21|54: 442 130 43 20 9 4 1 
121737|Child_CrossABC2|2: 435 127 43 20 9 4 1 
121749|Survivor|1: 457 127 43 20 9 4 1 
121794|Child_Avg|39: 424 134 43 20 9 4 1 
121802|Child_Avg|27: 469 138 61 24 9 4 1 
121808|Child_Cross21|30: 395 126 56 24 9 4 1 
121811|Child_CrossABC2|8: 399 126 59 24 9 4 1 
121812|Child_CrossABC1|1: 408 130 55 24 9 4 1 
121832|Child_Cross21|26: 381 108 43 24 9 4 1 
121870|Survivor|1: 373 108 43 24 9 4 1 
121882|Child_Avg|23: 377 108 46 24 9 4 1 
121914|Child_Avg|55|Mutated: 379 108 46 24 9 4 1 
121947|Child_CrossABC2|2: 416 108 43 24 9 4 1 
121966|Child_Cross21|34|Mutated: 435 127 43 24 9 4 1 
121970|Survivor|1: 461 126 49 24 9 4 1 
121988|Child_Avg|27: 374 107 43 24 9 4 1 
121994|Child_Cross21|34|Mutated: 375 108 46 24 9 4 1 
122026|Survivor|1: 365 121 52 19 10 4 1 
122031|Survivor|1: 352 123 50 19 10 4 1 
122049|Child_Avg|23: 396 122 43 19 10 4 1 
122100|Survivor|1: 381 122 52 20 9 4 1 
122123|Child_LevyABC1|5: 401 142 59 20 9 4 1 
122138|Survivor|1: 578 154 67 30 11 5 1 
122157|Child_Cross21|30: 394 129 59 27 10 4 1 
122174|Child_Cross12|29: 403 125 56 21 10 4 1 
122199|Survivor|1: 470 136 59 24 9 4 1 
122201|Child_Cross12|33: 477 138 56 24 9 4 1 
122205|Child_Avg|43: 464 143 55 24 9 4 1 
122208|Survivor|1: 433 123 52 24 9 4 1 
122209|Child_Cross12|13: 434 121 52 24 9 4 1 
122211|Survivor|1|Mutated: 429 129 52 24 9 4 1 
122213|Child_Cross12|17|Mutated: 445 134 50 24 9 4 1 
122217|Child_Cross21|58: 421 117 49 24 9 4 1 
122220|Child_Cross21|26: 409 135 49 24 9 4 1 
122223|Child_Levy|60: 399 129 50 24 9 4 1 
122283|Survivor|1: 435 131 48 23 10 4 1 
122288|Child_CrossABC2|2: 386 126 51 23 10 4 1 
122294|Child_Cross12|9: 417 115 44 23 10 4 1 
122303|Child_CrossABC2|8: 417 127 50 24 9 4 1 
122310|Survivor|1: 413 119 44 24 9 4 1 
122335|Child_Cross21|38: 456 171 53 27 10 4 1 
122345|Child_Cross12|1: 415 136 50 24 9 4 1 
122354|Child_CrossABC2|8: 456 133 49 24 9 4 1 
122362|Child_Avg|27: 367 130 46 24 9 4 1 
122364|Survivor|1: 347 134 50 24 9 4 1 
122374|Survivor|1|Mutated: 447 146 52 24 9 4 1 
122376|Child_CrossABC2|8: 403 122 52 24 9 4 1 
122380|Child_CrossABC2|8: 448 131 53 24 9 4 1 
122387|Child_CrossABC2|2: 408 131 52 24 9 4 1 
122402|Child_CrossABC2|2: 406 129 53 24 9 4 1 
122411|Survivor|1: 385 126 53 24 9 4 1 
122430|Child_LevyP2|4: 431 133 59 20 9 4 1 
122441|Child_Avg|11: 402 137 49 21 10 4 1 
122457|Survivor|1: 383 125 45 21 10 4 1 
122470|Survivor|1|Mutated: 425 154 62 27 10 4 1 
122480|Child_CrossABC1|1: 395 129 50 24 9 4 1 
122486|Survivor|1: 387 134 56 24 9 4 1 
122488|Child_Cross21|26: 371 134 52 24 9 4 1 
122493|Survivor|1: 452 135 50 21 10 4 1 
122494|Child_Cross21|22|Mutated: 416 135 55 24 9 4 1 
122498|Child_Avg|55|Mutated: 400 137 52 24 9 4 1 
122507|Child_Avg|19: 392 135 46 24 9 4 1 
122519|Child_Avg|39|Mutated: 389 149 55 24 9 4 1 
122553|Child_CrossABC1|7: 385 142 58 24 9 4 1 
122557|Child_CrossABC2|2: 387 132 58 24 9 4 1 
122569|Child_CrossABC1|7: 355 137 52 24 9 4 1 
122571|Survivor|1: 405 147 52 24 9 4 1 
122573|Survivor|1: 320 133 49 24 9 4 1 
122638|Child_CrossABC2|2: 470 131 49 24 9 4 1 
122646|Child_Avg|35: 501 163 64 24 9 4 1 
122675|Child_CrossABC1|7: 411 118 43 24 9 4 1 
122712|Survivor|1: 410 128 50 21 10 4 1 
122730|Child_Avg|11: 409 128 49 21 10 4 1 
122732|Child_CrossABC1|1: 447 127 49 21 10 4 1 
122735|Child_Cross12|45: 373 123 47 21 10 4 1 
122737|Survivor|1: 351 123 59 21 10 4 1 
122738|Child_Cross12|53: 376 131 46 20 9 4 1 
122745|Child_Cross21|10|Mutated: 432 133 46 20 9 4 1 
122823|Survivor|1: 410 132 46 21 10 4 1 
122826|Survivor|1: 431 117 54 23 10 4 1 
122838|Survivor|1: 412 133 48 23 10 4 1 
122841|Child_CrossABC2|8: 418 119 51 23 10 4 1 
122844|Child_Cross12|5: 412 119 45 23 10 4 1 
122870|Child_CrossABC1|1: 396 108 41 19 10 4 1 
122876|Survivor|1: 391 120 42 19 10 4 1 
122941|Survivor|1: 387 126 44 23 10 4 1 
123028|Child_Avg|47: 390 143 46 24 9 4 1 
123040|Survivor|1: 352 118 43 20 9 4 1 
123074|Child_Cross21|42: 389 139 65 24 9 4 1 
123079|Child_CrossABC1|7: 442 155 65 24 9 4 1 
123080|Child_Cross21|30: 403 120 57 29 9 4 1 
123081|Child_Cross12|41|Mutated: 393 148 58 23 10 4 1 
123092|Child_Avg|31: 384 140 57 23 10 4 1 
123095|Child_Avg|23: 392 143 54 23 10 4 1 
123098|Child_CrossABC1|7: 395 142 57 23 10 4 1 
123108|Child_Avg|39: 387 141 55 23 10 4 1 
123124|Child_CrossABC1|7: 414 123 47 23 10 4 1 
123143|Child_CrossABC2|8: 428 123 47 23 10 4 1 
123154|Child_Cross12|45: 420 121 45 23 10 4 1 
123177|Child_Cross21|58: 412 127 44 23 10 4 1 
123258|Survivor|1: 367 121 46 24 9 4 1 
123263|Survivor|1: 341 137 49 24 9 4 1 
123264|Child_CrossABC1|1: 403 143 61 24 9 4 1 
123268|Survivor|1: 402 137 62 24 9 4 1 
123271|Child_CrossABC2|2: 450 139 58 24 9 4 1 
123305|Child_Avg|27: 460 149 52 20 9 4 1 
123344|Survivor|1: 324 127 53 24 9 4 1 
123348|Survivor|1: 379 114 50 24 9 4 1 
123351|Child_CrossABC2|8: 408 116 49 24 9 4 1 
123356|Child_Avg|31: 371 108 46 24 9 4 1 
123370|Survivor|1: 380 109 44 24 9 4 1 
123392|Survivor|1: 381 109 44 24 9 4 1 
123394|Survivor|1: 399 108 43 24 9 4 1 
123436|Child_CrossABC1|7: 470 197 55 24 9 4 1 
123515|Child_Avg|55: 353 130 49 24 9 4 1 
123520|Child_Cross21|26|Mutated: 393 148 53 24 9 4 1 
123526|Child_Cross12|57: 361 130 49 24 9 4 1 
123531|Child_CrossABC2|8: 371 130 49 24 9 4 1 
123541|Child_Cross12|49: 358 132 49 24 9 4 1 
123575|Child_Cross12|45: 338 153 56 21 10 4 1 
123578|Child_Cross12|25: 341 150 56 21 10 4 1 
123580|Child_CrossABC2|2: 345 138 56 21 10 4 1 
123581|Child_CrossABC1|7: 354 148 57 21 10 4 1 
123582|Child_CrossABC1|1: 353 137 55 21 10 4 1 
123585|Child_Avg|27: 372 137 52 20 9 4 1 
123589|Survivor|1: 302 111 48 20 9 4 1 
123591|Child_CrossABC2|2: 286 111 48 20 9 4 1 
123594|Survivor|1: 347 131 48 20 9 4 1 
123597|Survivor|1: 399 137 46 20 9 4 1 
123599|Child_Avg|43: 401 134 46 20 9 4 1 
123619|Child_Cross12|37: 357 131 43 20 9 4 1 
123631|Child_Cross12|9|Mutated: 373 133 43 20 9 4 1 
123648|Child_Cross21|26: 390 133 43 20 9 4 1 
123667|Child_Avg|11|Mutated: 444 130 43 20 9 4 1 
123683|Child_Avg|23: 383 122 48 20 9 4 1 
123723|Survivor|1: 422 122 45 20 9 4 1 
123726|Child_CrossABC1|1: 426 119 46 20 9 4 1 
123727|Child_Avg|3: 417 121 43 20 9 4 1 
123794|Child_Levy|16: 414 143 53 29 9 4 1 
123808|Child_CrossABC2|8: 412 140 47 25 9 4 1 
123815|Child_Cross12|29: 410 140 47 25 9 4 1 
123821|Child_Cross12|49: 408 133 47 25 9 4 1 
123822|Child_Cross21|30|Mutated: 407 127 47 25 9 4 1 
123836|Survivor|1: 409 140 47 25 9 4 1 
123838|Child_Cross12|29: 411 131 47 25 9 4 1 
123841|Child_Cross12|13: 406 140 47 25 9 4 1 
123845|Child_Cross21|14: 408 140 47 25 9 4 1 
123852|Child_Cross12|1: 407 140 47 25 9 4 1 
123862|Child_Cross12|21: 389 140 47 25 9 4 1 
123879|Child_Cross12|25: 399 136 47 25 9 4 1 
123881|Child_Cross21|46: 395 136 47 25 9 4 1 
123891|Survivor|1: 401 131 47 25 9 4 1 
123932|Survivor|1: 396 124 45 19 10 4 1 
123965|Survivor|1: 386 118 41 19 10 4 1 
124006|Child_Avg|23: 412 121 46 24 9 4 1 
124022|Child_Cross12|5: 390 129 46 24 9 4 1 
124029|Child_Levy|48: 464 143 46 24 9 4 1 
124035|Survivor|1: 448 137 47 24 9 4 1 
124038|Survivor|1: 394 118 41 24 9 4 1 
124054|Child_CrossABC2|8: 389 126 44 24 9 4 1 
124144|Survivor|1: 405 131 46 21 10 4 1 
124155|Child_CrossABC2|2: 505 188 68 23 10 4 1 
124167|Survivor|1: 399 131 45 21 10 4 1 
124213|Survivor|1: 393 117 41 24 9 4 1 
124228|Child_CrossABC1|1: 384 119 50 24 9 4 1 
124232|Child_Levy|16: 454 164 55 24 9 4 1 
124239|Child_CrossABC2|2: 398 142 55 24 9 4 1 
124247|Child_CrossABC2|2: 367 117 49 24 9 4 1 
124253|Survivor|1: 419 121 55 24 9 4 1 
124265|Survivor|1: 345 118 45 21 10 4 1 
124303|Child_CrossABC1|7: 371 105 43 20 9 4 1 
124324|Survivor|1: 365 127 47 24 9 4 1 
124332|Child_CrossABC1|1: 379 129 53 24 9 4 1 
124346|Child_Avg|43: 380 128 53 24 9 4 1 
124349|Child_CrossABC2|8: 380 114 53 24 9 4 1 
124530|Child_Cross21|34: 372 141 49 24 9 4 1 
124531|Survivor|1|Mutated: 372 141 59 24 9 4 1 
124532|Child_CrossABC1|7: 406 131 50 24 9 4 1 
124535|Survivor|1: 385 133 53 24 9 4 1 
124567|Survivor|1: 477 208 62 27 10 4 1 
124570|Survivor|1: 530 154 53 27 10 4 1 
124575|Survivor|1: 524 154 53 27 10 4 1 
124576|Child_Cross21|26: 457 145 52 27 10 4 1 
124581|Survivor|1: 469 147 52 27 10 4 1 
124584|Child_Cross21|30: 451 125 52 29 10 4 1 
124594|Child_Avg|7: 451 132 50 24 9 4 1 
124602|Child_CrossABC1|7: 457 133 49 24 9 4 1 
124614|Child_CrossABC2|8: 450 180 67 24 9 4 1 
124619|Child_CrossABC1|1: 425 117 56 24 9 4 1 
124637|Child_Levy|60: 350 126 47 23 10 4 1 
124698|Child_CrossABC2|8: 343 134 50 24 9 4 1 
124703|Child_Cross12|49: 373 114 50 24 9 4 1 
124705|Survivor|1: 429 114 50 24 9 4 1 
124722|Child_CrossABC2|2: 345 125 48 21 10 4 1 
124723|Child_CrossABC2|2: 395 122 47 21 10 4 1 
124725|Survivor|1: 401 125 48 21 10 4 1 
124727|Child_Levy|36: 390 118 47 21 10 4 1 
124735|Child_CrossABC2|8: 399 116 46 21 10 4 1 
124752|Survivor|1: 425 119 45 21 10 4 1 
124755|Child_CrossABC1|7: 300 113 45 21 10 4 1 
124769|Child_Levy|12|Mutated: 519 158 56 24 9 4 1 
124778|Survivor|1: 565 157 72 30 11 5 1 
124783|Child_CrossABC2|8: 309 130 45 21 10 4 1 
124784|Child_Cross21|46: 364 127 45 21 10 4 1 
124796|Child_Cross12|49: 414 128 43 20 9 4 1 
124803|Child_CrossABC1|7: 408 130 44 19 10 4 1 
124815|Child_Cross12|49: 400 127 41 19 10 4 1 
124849|Child_Avg|39: 410 166 57 23 10 4 1 
124872|Child_CrossABC1|1: 406 164 57 23 10 4 1 
124875|Child_Avg|15: 479 164 57 23 10 4 1 
124876|Child_CrossABC2|2: 438 163 57 23 10 4 1 
124885|Survivor|1|Mutated: 438 189 57 23 10 4 1 
124886|Child_CrossABC2|2: 392 132 57 23 10 4 1 
124889|Child_CrossABC1|1: 383 149 58 23 10 4 1 
124890|Child_Avg|55: 394 133 47 23 10 4 1 
124893|Child_CrossABC1|7: 384 135 58 23 10 4 1 
124918|Survivor|1|Mutated: 448 144 51 23 10 4 1 
124921|Child_Avg|27: 453 144 51 23 10 4 1 
124925|Child_CrossABC1|7: 452 144 51 23 10 4 1 
124929|Child_Avg|51: 461 144 51 23 10 4 1 
124931|Child_CrossABC1|7: 458 144 51 23 10 4 1 
124932|Child_Cross12|49: 457 144 51 23 10 4 1 
124937|Child_Cross12|57|Mutated: 457 144 57 23 10 4 1 
124951|Survivor|1: 432 140 54 23 10 4 1 
124952|Child_CrossABC2|2: 432 130 54 23 10 4 1 
124971|Child_CrossABC1|7: 403 122 46 20 9 4 1 
124979|Child_CrossABC2|2: 387 116 46 20 9 4 1 
125121|Child_CrossABC2|2: 429 158 55 27 10 4 1 
125151|Survivor|1: 363 118 47 25 9 4 1 
125185|Survivor|1: 423 163 54 20 9 4 1 
125236|Child_Avg|7: 443 161 56 25 9 4 1 
125244|Child_CrossABC2|2: 370 145 47 24 9 4 1 
125340|Survivor|1: 423 127 50 21 10 4 1 
125366|Child_Avg|27: 605 155 60 21 10 4 1 
125395|Child_Cross12|9: 456 127 43 24 9 4 1 
125455|Survivor|1: 385 135 48 23 10 4 1 
125456|Child_CrossABC1|1: 377 132 47 23 10 4 1 
125471|Child_CrossABC1|1: 403 114 54 23 10 4 1 
125473|Child_Cross21|50|Mutated: 399 119 57 23 10 4 1 
125476|Child_Levy|16: 399 123 61 24 9 4 1 
125482|Child_CrossABC2|2: 372 118 49 24 9 4 1 
125491|Survivor|1|Mutated: 301 118 49 24 9 4 1 
125494|Child_CrossABC1|7: 291 117 46 24 9 4 1 
125496|Child_CrossABC2|2: 320 117 46 24 9 4 1 
125526|Survivor|1: 407 142 55 24 11 4 1 
125529|Child_CrossABC2|2: 437 131 54 24 11 4 1 
125533|Survivor|1: 432 129 50 24 9 4 1 
125537|Survivor|1: 408 128 49 23 12 5 1 
125549|Survivor|1: 427 126 48 23 10 4 1 
125554|Child_Levy|44|Mutated: 438 143 55 27 10 4 1 
125597|Child_Levy|32: 424 172 69 30 11 5 1 
125603|Survivor|1: 422 161 69 30 11 5 1 
125605|Survivor|1: 429 162 67 30 11 5 1 
125613|Child_Avg|7: 415 153 61 29 9 4 1 
125616|Child_Cross12|25: 408 143 52 29 9 4 1 
125621|Child_Avg|19: 613 176 66 29 9 4 1 
125637|Survivor|1: 393 140 48 29 9 4 1 
125662|Survivor|1: 352 107 43 24 9 4 1 
125700|Survivor|1: 376 108 45 23 10 4 1 
125705|Child_Avg|19: 359 111 47 23 10 4 1 
125707|Child_CrossABC2|2: 377 107 57 23 10 4 1 
125712|Child_Avg|3|Mutated: 418 126 47 23 10 4 1 
125714|Child_Cross21|22: 385 109 47 23 10 4 1 
125723|Child_Cross12|57: 395 114 44 23 10 4 1 
125726|Survivor|1: 419 116 50 24 9 4 1 
125748|Child_CrossABC2|8: 398 124 53 24 9 4 1 
125761|Child_Avg|3: 398 127 53 24 9 4 1 
125764|Child_CrossABC2|2: 398 126 59 24 9 4 1 
125765|Child_Cross12|53: 392 123 53 24 9 4 1 
125769|Child_Avg|7: 409 124 47 24 9 4 1 
125779|Child_CrossABC1|1: 421 139 49 24 9 4 1 
125842|Survivor|1: 476 135 49 21 10 4 1 
125846|Child_Cross12|33: 401 123 47 21 10 4 1 
125858|Child_CrossABC1|1: 407 123 47 21 10 4 1 
125903|Child_CrossABC1|7: 428 126 47 24 9 4 1 
125908|Survivor|1|Mutated: 449 125 56 24 9 4 1 
125963|Survivor|1: 368 113 46 20 9 4 1 
125966|Survivor|1|Mutated: 368 113 48 20 9 4 1 
125979|Child_Cross21|54: 386 163 46 24 9 4 1 
125981|Survivor|1: 316 129 52 20 9 4 1 
125989|Survivor|1: 589 143 54 23 10 4 1 
126003|Child_CrossABC1|7: 428 122 64 23 10 4 1 
126011|Survivor|1: 428 124 47 23 10 4 1 
126016|Child_Avg|3: 421 129 46 24 9 4 1 
126020|Child_Levy|4: 390 113 47 21 10 4 1 
126036|Child_Cross12|13: 452 125 43 20 9 4 1 
126105|Survivor|1|Mutated: 411 126 49 25 9 4 1 
126113|Child_CrossABC2|2: 395 110 46 20 9 4 1 
126119|Child_CrossABC1|7: 394 117 46 20 9 4 1 
126252|Child_Levy|52: 384 117 41 24 9 4 1 
126274|Child_Avg|35: 368 127 52 20 9 4 1 
126277|Child_Cross21|22: 304 125 51 19 10 4 1 
126283|Child_Cross12|17: 399 112 51 19 10 4 1 
126289|Survivor|1: 376 114 49 21 10 4 1 
126292|Child_Cross12|29: 362 114 49 21 10 4 1 
126295|Child_CrossABC1|1: 364 116 49 21 10 4 1 
126297|Survivor|1: 354 119 48 21 10 4 1 
126300|Child_Avg|15|Mutated: 366 118 47 21 10 4 1 
126301|Child_Avg|23: 379 116 46 21 10 4 1 
126306|Child_Cross12|29: 367 127 45 21 10 4 1 
126309|Child_CrossABC2|2: 361 119 45 21 10 4 1 
126336|Child_Cross12|17|Mutated: 383 114 46 20 9 4 1 
126355|Child_Cross21|6: 378 118 43 20 9 4 1 
126443|Survivor|1: 380 145 59 24 9 4 1 
126463|Child_CrossABC1|7: 397 131 47 24 9 4 1 
126525|Survivor|1: 694 163 73 29 10 4 1 
126541|Survivor|1: 477 121 55 27 10 4 1 
126546|Survivor|1: 441 137 52 27 10 4 1 
126574|Child_CrossABC1|1: 388 137 55 24 9 4 1 
126632|Survivor|1: 357 115 44 24 9 4 1 
126661|Child_Avg|19: 602 170 56 21 10 4 1 
126667|Child_Levy|60: 602 185 55 24 9 4 1 
126671|Child_Cross21|14: 593 169 52 24 9 4 1 
126681|Child_CrossABC2|2: 443 135 50 24 9 4 1 
126683|Child_CrossABC1|1: 458 149 59 24 9 4 1 
126689|Child_CrossABC1|7: 408 139 52 24 9 4 1 
126694|Child_CrossABC2|8: 395 131 53 24 9 4 1 
126698|Survivor|1: 420 128 43 24 9 4 1 
126701|Survivor|1: 429 122 45 23 10 4 1 
126808|Child_Cross21|54: 395 117 49 21 10 4 1 
126811|Child_CrossABC1|7: 360 114 49 21 10 4 1 
126814|Child_Avg|43: 371 107 49 21 10 4 1 
126820|Survivor|1: 383 127 45 21 10 4 1 
126882|Survivor|1: 407 126 47 24 9 4 1 
126883|Child_Avg|43: 360 115 44 24 9 4 1 
126884|Child_CrossABC2|2: 400 147 55 24 9 4 1 
126905|Child_Cross21|42: 852 345 102 43 24 9 4 1 
126942|Survivor|1: 472 143 59 24 9 4 1 
126948|Child_CrossABC2|2: 373 142 55 24 9 4 1 
126949|Child_Avg|11: 431 136 55 24 9 4 1 
126950|Child_Cross12|25: 427 157 55 24 9 4 1 
126953|Child_Cross21|10: 413 142 55 24 9 4 1 
126955|Child_Cross21|42|Mutated: 406 137 55 24 9 4 1 
126956|Child_Cross21|50: 438 150 55 24 9 4 1 
126959|Child_Cross21|38: 446 142 55 24 9 4 1 
126965|Child_Cross12|49: 407 135 52 24 9 4 1 
126974|Child_Cross21|34: 451 137 52 24 9 4 1 
127017|Child_Avg|15: 393 127 47 25 9 4 1 
127050|Child_Cross21|58: 410 128 55 24 9 4 1 
127051|Child_LevyP2|4: 634 163 59 24 9 4 1 
127060|Survivor|1: 524 148 53 24 9 4 1 
127066|Child_CrossABC2|2: 573 172 53 24 9 4 1 
127067|Child_Cross21|14: 592 163 52 24 9 4 1 
127072|Child_Cross21|6: 454 129 53 24 9 4 1 
127074|Child_Avg|31: 446 137 53 24 9 4 1 
127075|Child_CrossABC2|2: 460 132 53 24 9 4 1 
127113|Child_Cross21|26: 395 128 55 24 9 4 1 
127192|Child_CrossABC2|2: 418 119 46 24 9 4 1 
127193|Child_CrossABC1|1: 436 119 46 24 9 4 1 
127194|Child_CrossABC1|1: 385 119 46 24 9 4 1 
127276|Child_CrossABC2|2: 402 159 58 24 9 4 1 
127297|Child_Avg|19: 441 145 54 23 10 4 1 
127313|Child_Avg|27: 403 157 53 24 9 4 1 
127315|Child_LevyABC2|12|Mutated: 418 150 54 23 10 4 1 
127321|Child_CrossABC1|1: 433 168 61 29 10 4 1 
127327|Survivor|1: 433 149 61 29 10 4 1 
127334|Child_CrossABC2|8: 397 138 52 24 9 4 1 
127403|Child_CrossABC1|7: 416 167 57 23 10 4 1 
127405|Child_CrossABC2|8: 421 146 57 23 10 4 1 
127409|Child_Cross21|6: 402 137 47 23 10 4 1 
127410|Child_Avg|59: 392 140 57 23 10 4 1 
127430|Child_Cross12|9: 377 122 47 23 10 4 1 
127433|Child_Avg|15: 389 133 47 23 10 4 1 
127435|Child_Cross21|18|Mutated: 377 134 51 23 10 4 1 
127444|Child_Cross21|34|Mutated: 383 160 47 23 10 4 1 
127484|Child_Cross21|46: 388 146 44 23 10 4 1 
127561|Survivor|1: 399 131 49 24 9 4 1 
127563|Child_Cross21|38: 373 143 44 24 9 4 1 
127565|Survivor|1: 357 131 49 24 9 4 1 
127572|Child_Avg|51: 349 135 46 24 9 4 1 
127575|Child_CrossABC2|2|Mutated: 385 132 53 24 9 4 1 
127576|Child_CrossABC1|1: 431 138 61 24 9 4 1 
127581|Survivor|1|Mutated: 373 138 61 24 9 4 1 
127587|Child_CrossABC2|2: 374 138 55 24 9 4 1 
127600|Survivor|1: 351 135 48 23 10 4 1 
127601|Child_CrossABC2|2: 450 135 48 23 10 4 1 
127603|Child_CrossABC2|2: 383 135 48 23 10 4 1 
127613|Child_Avg|35: 379 133 47 23 10 4 1 
127616|Child_Avg|51: 361 132 47 23 10 4 1 
127619|Child_Cross21|50: 365 133 47 23 10 4 1 
127661|Child_Cross12|49: 383 136 47 24 9 4 1 
127704|Survivor|1: 373 136 47 23 10 4 1 
127708|Child_CrossABC1|7: 433 141 57 23 10 4 1 
127710|Child_CrossABC2|8: 477 145 57 23 10 4 1 
127720|Child_Avg|31: 677 191 77 28 11 4 1 
127765|Child_CrossABC2|8: 399 130 57 23 10 4 1 
127774|Child_Avg|19: 404 134 51 23 10 4 1 
127783|Child_CrossABC2|2: 389 134 47 23 10 4 1 
127788|Child_Avg|39: 390 134 47 23 10 4 1 
127789|Child_Cross21|58: 370 125 47 23 10 4 1 
127801|Child_Cross12|9: 381 133 47 23 10 4 1 
127869|Child_Avg|15: 394 126 44 23 10 4 1 
127897|Child_Avg|59: 399 125 48 21 10 4 1 
127927|Child_Avg|31: 452 143 56 21 10 4 1 
127930|Survivor|1: 592 155 63 25 11 5 1 
127934|Survivor|1: 397 120 52 25 10 4 1 
127940|Child_Avg|27: 464 160 49 24 9 4 1 
127941|Child_Cross21|46: 435 135 46 24 9 4 1 
127942|Child_CrossABC2|2: 450 165 49 24 9 4 1 
127982|Child_CrossABC1|1: 383 131 43 24 9 4 1 
127999|Child_Cross21|30: 413 131 43 24 9 4 1 
128029|Child_CrossABC1|1: 555 153 61 24 9 4 1 
128033|Child_Cross12|25: 364 134 47 23 10 4 1 
128069|Child_Avg|31: 306 119 41 19 10 4 1 
128083|Child_Avg|39: 325 118 41 19 10 4 1 
128113|Child_CrossABC2|2: 391 121 41 19 10 4 1 
128137|Survivor|1: 393 115 44 19 10 4 1 
128145|Child_Avg|47: 392 113 43 19 10 4 1 
128153|Child_CrossABC2|8: 407 113 43 19 10 4 1 
128205|Child_CrossABC2|2: 394 113 51 19 10 4 1 
128222|Child_CrossABC1|1: 402 113 51 19 10 4 1 
128224|Child_CrossABC2|8: 390 113 53 19 10 4 1 
128229|Child_CrossABC1|1: 405 113 45 19 10 4 1 
128230|Child_Avg|7: 380 113 51 19 10 4 1 
128289|Child_CrossABC2|8: 404 113 53 19 10 4 1 
128290|Child_CrossABC2|2: 413 113 54 19 10 4 1 
128294|Survivor|1: 400 113 43 19 10 4 1 
128302|Child_CrossABC2|2: 354 112 43 19 10 4 1 
128326|Child_Levy|16: 380 133 48 21 10 4 1 
128332|Child_Cross12|25: 376 122 46 21 10 4 1 
128333|Child_CrossABC2|2: 378 123 47 21 10 4 1 
128423|Child_CrossABC2|2: 391 121 46 24 9 4 1 
128427|Survivor|1: 389 108 46 24 9 4 1 
128430|Survivor|1: 457 140 47 25 9 4 1 
128438|Child_Avg|3: 407 119 46 20 9 4 1 
128443|Survivor|1: 418 119 46 20 9 4 1 
128449|Child_CrossABC1|7|Mutated: 372 123 54 20 9 4 1 
128450|Child_Avg|59: 381 114 46 20 9 4 1 
128491|Survivor|1: 473 152 66 24 11 5 1 
128492|Child_LevyP2|10: 474 166 67 23 10 4 1 
128524|Survivor|1|Mutated: 412 166 67 23 10 4 1 
128526|Child_CrossABC1|1: 412 147 64 23 10 4 1 
128532|Child_Cross12|41: 429 137 58 23 10 4 1 
128537|Child_CrossABC1|1: 411 132 60 23 10 4 1 
128540|Child_Cross21|14: 416 133 48 23 10 4 1 
128543|Child_Avg|3: 404 137 54 23 10 4 1 
128558|Child_CrossABC1|7: 369 110 46 20 9 4 1 
128576|Survivor|1: 381 106 54 20 9 4 1 
128582|Survivor|1: 393 122 59 20 9 4 1 
128588|Child_Cross12|49: 387 121 48 20 9 4 1 
128597|Child_CrossABC1|7: 368 115 50 21 10 4 1 
128605|Survivor|1: 387 113 47 21 10 4 1 
128624|Survivor|1: 386 114 43 20 9 4 1 
128654|Child_Avg|55|Mutated: 404 138 61 24 9 4 1 
128665|Survivor|1: 325 131 50 24 9 4 1 
128671|Child_Cross21|10|Mutated: 382 131 47 25 9 4 1 
128680|Child_Avg|51: 427 161 55 24 9 4 1 
128720|Child_Levy|48|Mutated: 417 149 64 29 10 4 1 
128725|Survivor|1: 347 140 52 19 10 4 1 
128779|Survivor|1: 292 121 43 19 10 4 1 
128783|Child_Levy|12: 366 147 64 23 10 4 1 
128799|Survivor|1: 464 145 52 24 9 4 1 
128812|Child_Cross21|18: 458 145 52 24 9 4 1 
128815|Child_Cross12|49: 451 142 50 24 9 4 1 
128816|Child_Cross12|13: 461 145 52 24 9 4 1 
128818|Child_Cross12|1: 461 150 49 24 9 4 1 
128821|Child_Cross12|21: 394 152 49 24 9 4 1 
128822|Child_Cross12|45: 444 143 49 24 9 4 1 
128833|Child_Cross12|13: 384 151 49 24 9 4 1 
128834|Child_Cross21|10: 390 151 49 24 9 4 1 
128860|Child_Cross21|10: 387 141 49 24 9 4 1 
128866|Child_Cross21|26: 385 151 49 24 9 4 1 
128878|Child_Cross12|13: 364 151 49 24 9 4 1 
128950|Survivor|1: 398 158 49 24 9 4 1 
128965|Survivor|1: 415 121 51 23 10 4 1 
128970|Child_Avg|11: 367 146 46 24 9 4 1 
128975|Survivor|1: 364 132 45 23 10 4 1 
128982|Survivor|1: 365 132 47 23 10 4 1 
128987|Survivor|1: 351 121 45 23 10 4 1 
129042|Survivor|1: 576 188 59 21 10 4 1 
129046|Child_Cross12|1: 393 134 49 21 10 4 1 
129057|Child_Cross21|30: 399 128 45 21 10 4 1 
129058|Child_Avg|59: 400 126 44 21 10 4 1 
129059|Child_Cross12|57: 405 131 45 21 10 4 1 
129107|Child_Avg|59: 384 135 47 24 9 4 1 
129112|Child_CrossABC1|7: 396 139 53 24 9 4 1 
129118|Child_Cross21|10: 359 129 50 24 9 4 1 
129146|Survivor|1: 379 120 45 23 10 4 1 
129162|Child_Avg|7|Mutated: 367 114 42 19 10 4 1 
129167|Child_LevyP1|9: 513 184 55 24 9 4 1 
129295|Child_CrossABC2|2: 434 139 58 24 9 4 1 
129315|Child_Cross12|25: 409 132 53 24 9 4 1 
129328|Child_CrossABC1|1: 419 134 49 24 9 4 1 
129368|Child_Cross12|1: 401 151 43 24 9 4 1 
129428|Survivor|1: 401 123 43 24 9 4 1 
129494|Survivor|1: 365 133 45 21 10 4 1 
129506|Child_Avg|23: 412 128 53 24 9 4 1 
129531|Child_CrossABC1|7: 392 119 46 20 9 4 1 
129566|Child_Cross12|45: 380 142 55 27 10 4 1 
129568|Child_Cross21|10: 391 139 56 24 9 4 1 
129570|Survivor|1: 394 147 55 24 9 4 1 
129574|Child_Cross12|53: 392 144 55 23 10 4 1 
129578|Child_CrossABC2|8: 385 138 56 24 9 4 1 
129579|Child_Cross12|5: 363 139 55 24 9 4 1 
129581|Child_Cross12|9: 368 152 53 24 9 4 1 
129583|Survivor|1: 391 146 53 24 9 4 1 
129590|Child_CrossABC1|7: 383 146 53 24 9 4 1 
129608|Survivor|1: 394 135 44 24 9 4 1 
129613|Child_Cross12|41: 394 137 44 24 9 4 1 
129614|Child_CrossABC1|1|Mutated: 389 136 43 20 9 4 1 
129683|Survivor|1: 355 102 45 20 9 4 1 
129696|Child_Avg|59|Mutated: 396 129 51 19 10 4 1 
129764|Survivor|1: 429 114 54 23 10 4 1 
129769|Child_CrossABC2|8: 473 145 57 23 10 4 1 
129773|Child_CrossABC1|1: 421 121 47 23 10 4 1 
129787|Survivor|1: 423 120 45 23 10 4 1 
129796|Child_CrossABC2|8: 390 115 44 23 10 4 1 
129801|Child_Cross12|1: 405 115 44 23 10 4 1 
129821|Survivor|1|Mutated: 411 118 48 23 10 4 1 
129858|Child_Levy|40: 424 128 48 23 10 4 1 
129860|Child_Avg|43: 443 126 51 23 10 4 1 
129862|Child_CrossABC2|8: 443 131 51 23 10 4 1 
129877|Child_CrossABC1|7: 410 167 55 24 9 4 1 
129880|Survivor|1: 420 154 55 24 9 4 1 
129889|Child_LevyP2|4|Mutated: 299 135 56 21 10 4 1 
129895|Child_Avg|3: 356 126 51 23 10 4 1 
129900|Child_CrossABC2|2: 380 127 54 23 10 4 1 
129901|Child_Avg|23: 370 132 47 23 10 4 1 
129937|Child_Avg|35: 405 125 48 21 10 4 1 
130025|Child_LevyP1|3: 430 123 57 23 10 4 1 
130027|Child_LevyABC2|6: 429 126 55 24 11 5 1 
130036|Child_Levy|40: 401 111 49 24 9 4 1 
130037|Child_CrossABC1|1: 398 112 47 24 9 4 1 
130059|Survivor|1: 404 131 46 20 9 4 1 
130121|Survivor|1: 469 129 45 20 9 4 1 
130135|Child_Cross21|2: 414 127 46 20 9 4 1 
130198|Survivor|1: 382 109 44 20 9 4 1 
130200|Child_Avg|11: 441 198 61 29 9 4 1 
130204|Child_Levy|28: 409 154 52 24 9 4 1 
130212|Child_CrossABC1|7: 413 149 55 24 9 4 1 
130214|Survivor|1: 423 153 56 24 9 4 1 
130215|Child_Cross21|6: 404 154 55 24 9 4 1 
130217|Child_Avg|27: 410 154 55 24 9 4 1 
130222|Child_CrossABC2|8: 348 141 49 24 9 4 1 
130226|Child_CrossABC2|2: 394 151 53 24 9 4 1 
130232|Survivor|1: 389 148 53 24 9 4 1 
130243|Child_Cross12|53: 369 129 50 24 9 4 1 
130245|Child_CrossABC1|1: 368 126 49 24 9 4 1 
130250|Child_CrossABC2|8: 360 127 49 24 9 4 1 
130262|Child_Cross21|50: 365 132 49 24 9 4 1 
130267|Child_Cross21|2: 359 126 49 24 9 4 1 
130271|Child_Cross12|41: 339 126 49 24 9 4 1 
130308|Survivor|1: 375 119 49 24 9 4 1 
130309|Child_CrossABC1|1: 393 127 50 24 9 4 1 
130331|Child_CrossABC1|1: 363 118 50 24 9 4 1 
130334|Survivor|1: 371 114 50 24 9 4 1 
130362|Child_LevyABC2|6|Mutated: 447 161 59 30 11 5 1 
130373|Child_Avg|19: 369 116 50 24 9 4 1 
130377|Child_Cross12|13: 389 115 49 21 10 4 1 
130517|Child_Cross21|2: 446 124 43 20 9 4 1 
130553|Child_Cross21|10|Mutated: 465 138 48 23 10 4 1 
130556|Child_CrossABC1|1: 470 158 57 23 10 4 1 
130561|Child_Levy|60: 427 130 48 21 10 4 1 
130562|Child_CrossABC2|2: 439 164 57 21 10 4 1 
130563|Child_Levy|24: 425 154 57 21 10 4 1 
130587|Child_Cross12|9|Mutated: 410 136 49 21 10 4 1 
130590|Child_Avg|47: 400 122 51 19 10 4 1 
130670|Survivor|1: 400 127 50 24 9 4 1 
130691|Child_LevyP2|4: 412 116 43 24 9 4 1 
130711|Survivor|1: 412 135 49 24 9 4 1 
130716|Child_CrossABC1|7: 492 142 49 24 9 4 1 
130742|Survivor|1: 376 109 57 23 10 4 1 
130746|Child_Cross12|21: 369 122 47 23 10 4 1 
130780|Survivor|1: 437 131 52 24 9 4 1 
130790|Survivor|1: 388 114 53 24 9 4 1 
130791|Child_Avg|19: 398 115 49 24 9 4 1 
130799|Survivor|1: 415 111 52 24 9 4 1 
130800|Child_CrossABC1|7: 423 112 43 24 9 4 1 
130815|Child_Avg|39|Mutated: 433 121 50 24 9 4 1 
130870|Survivor|1: 640 158 49 24 9 4 1 
130880|Child_CrossABC2|8: 418 134 53 24 9 4 1 
130882|Child_CrossABC2|8: 418 131 58 23 10 4 1 
130883|Child_CrossABC2|8: 418 131 50 24 9 4 1 
130892|Survivor|1: 428 130 45 21 10 4 1 
130901|Child_Cross12|1: 399 136 45 21 10 4 1 
130916|Child_Levy|8: 376 139 48 20 9 4 1 
130920|Child_Cross12|17: 388 140 47 25 9 4 1 
130938|Survivor|1: 364 135 49 24 9 4 1 
130951|Child_CrossABC1|7: 404 135 52 24 9 4 1 
130961|Child_Levy|52: 394 135 47 24 9 4 1 
130968|Child_Levy|32: 396 133 46 20 9 4 1 
130989|Child_LevyABC1|11: 408 131 45 21 10 4 1 
130993|Survivor|1: 398 125 52 20 9 4 1 
130995|Child_CrossABC1|7: 396 123 55 20 9 4 1 
130996|Child_Avg|3: 387 127 48 20 9 4 1 
131024|Random|25: 549 166 71 29 10 4 1 
131041|Survivor|1: 578 183 73 30 11 5 1 
131052|Random|9: 468 197 61 23 10 4 1 
131058|Child_CrossABC2|2: 457 153 54 23 10 4 1 
131064|Child_Cross12|21: 438 129 49 24 9 4 1 
131069|Survivor|1: 375 135 46 24 9 4 1 
131098|Survivor|1: 479 165 49 24 9 4 1 
131099|Child_CrossABC1|7: 453 171 50 24 9 4 1 
131134|Survivor|1: 353 136 45 21 10 4 1 
131185|Child_Avg|7: 402 142 53 28 9 4 1 
131188|Survivor|1: 427 154 62 24 11 4 1 
131190|Child_Levy|12: 421 148 58 24 9 4 1 
131198|Survivor|1: 379 134 46 20 9 4 1 
131215|Survivor|1: 377 136 43 20 9 4 1 
131322|Survivor|1: 447 134 52 20 9 4 1 
131329|Child_CrossABC1|1: 455 137 53 19 10 4 1 
131337|Child_Cross21|26: 404 130 44 19 10 4 1 
131338|Child_CrossABC2|8: 399 122 46 20 9 4 1 
131339|Child_Cross21|34: 382 124 44 19 10 4 1 
131407|Survivor|1: 405 141 52 24 9 4 1 
131410|Child_CrossABC2|2: 410 133 53 24 9 4 1 
131464|Survivor|1: 383 147 50 24 9 4 1 
131465|Child_Cross12|9: 380 149 46 24 9 4 1 
131467|Child_Avg|23: 358 117 46 24 9 4 1 
131471|Child_CrossABC1|7: 368 119 46 24 9 4 1 
131475|Child_Levy|44: 372 125 44 23 10 4 1 
131479|Child_CrossABC2|2: 365 127 43 24 9 4 1 
131486|Child_CrossABC2|8: 364 137 43 24 9 4 1 
131591|Survivor|1: 339 134 51 23 10 4 1 
131593|Survivor|1: 306 122 45 23 10 4 1 
131634|Child_Levy|8: 306 115 50 21 10 4 1 
131637|Child_Avg|59|Mutated: 412 141 55 23 10 4 1 
131646|Child_CrossABC2|2: 361 122 64 24 9 4 1 
131663|Child_Avg|39: 478 152 55 24 9 4 1 
131669|Survivor|1: 422 139 61 23 10 4 1 
131672|Survivor|1: 412 120 54 23 10 4 1 
131680|Child_CrossABC2|8: 387 137 48 23 10 4 1 
131691|Child_CrossABC1|7: 393 125 52 24 9 4 1 
131754|Survivor|1: 480 159 55 24 9 4 1 
131759|Child_Avg|15: 445 147 51 23 10 4 1 
131761|Child_Avg|11: 415 151 53 25 9 4 1 
131763|Child_CrossABC2|2: 469 142 50 24 9 4 1 
131769|Child_Avg|31: 405 141 58 24 9 4 1 
131773|Child_Cross12|21: 419 133 47 23 10 4 1 
131776|Survivor|1|Mutated: 412 141 46 24 9 4 1 
131839|Child_CrossABC1|7: 402 112 47 23 10 4 1 
131858|Child_CrossABC1|7: 463 133 46 24 9 4 1 
131864|Child_Cross12|21: 409 126 46 24 9 4 1 
131885|Child_LevyP2|4: 405 134 58 24 11 5 1 
131898|Child_Cross12|41: 401 141 51 23 10 4 1 
131901|Child_CrossABC2|2: 417 129 51 23 10 4 1 
131939|Survivor|1|Mutated: 404 129 52 20 9 4 1 
131951|Child_Levy|60: 353 114 56 21 10 4 1 
131991|Survivor|1: 419 132 53 24 9 4 1 
132043|Child_CrossABC1|7: 389 133 57 23 10 4 1 
132050|Child_Cross21|18|Mutated: 381 118 47 21 10 4 1 
132064|Child_Cross21|54|Mutated: 392 121 49 21 10 4 1 
132067|Child_CrossABC2|2: 399 121 47 23 10 4 1 
132068|Child_Cross12|53: 399 113 47 23 10 4 1 
132095|Child_Cross21|50: 404 114 43 20 9 4 1 
132193|Survivor|1: 395 125 52 29 9 4 1 
132219|Child_LevyP1|9: 354 112 49 24 9 4 1 
132224|Child_CrossABC1|7: 375 108 49 24 9 4 1 
132231|Child_Avg|3: 363 114 43 24 9 4 1 
132243|Survivor|1: 356 108 43 24 9 4 1 
132304|Survivor|1: 580 243 72 29 10 4 1 
132330|Child_CrossABC2|2: 359 127 53 24 9 4 1 
132334|Survivor|1: 385 123 46 24 9 4 1 
132378|Child_Avg|23: 434 117 49 21 10 4 1 
132387|Survivor|1: 437 113 47 21 10 4 1 
132398|Survivor|1: 392 127 49 21 10 4 1 
132405|Survivor|1: 407 132 47 23 10 4 1 
132486|Child_CrossABC1|7: 432 159 58 24 9 4 1 
132488|Child_Cross12|9: 433 161 58 24 9 4 1 
132490|Child_Avg|31: 375 146 47 24 9 4 1 
132491|Child_Cross12|37: 416 162 53 24 9 4 1 
132527|Survivor|1: 519 133 57 23 10 4 1 
132535|Child_Avg|3: 540 137 55 24 9 4 1 
132554|Survivor|1: 408 133 47 23 10 4 1 
132563|Survivor|1: 420 125 44 24 9 4 1 
132607|Child_CrossABC1|1|Mutated: 392 113 43 24 9 4 1 
132623|Survivor|1: 396 113 43 20 9 4 1 
132643|Survivor|1: 418 128 43 20 9 4 1 
132645|Child_LevyP2|4: 404 129 44 24 9 4 1 
132680|Child_Cross12|9: 406 124 41 23 8 3 1 
132730|Child_Cross12|21: 636 171 71 28 11 4 1 
132737|Child_Cross21|58: 403 122 52 27 10 4 1 
132744|Child_LevyABC1|11: 394 129 53 24 9 4 1 
132750|Survivor|1: 380 117 52 24 9 4 1 
132752|Child_CrossABC1|1: 413 135 52 24 9 4 1 
132755|Child_CrossABC2|2: 404 126 49 24 9 4 1 
132818|Child_Levy|44: 554 154 55 23 10 4 1 
132819|Survivor|1|Mutated: 554 184 55 23 10 4 1 
132848|Child_CrossABC2|2: 381 145 46 24 9 4 1 
132854|Child_Cross21|6: 381 145 52 24 9 4 1 
132916|Child_Levy|36|Mutated: 391 133 58 23 10 4 1 
132932|Child_Levy|24: 394 137 48 21 10 4 1 
132982|Child_Cross12|17: 411 124 44 19 10 4 1 
132993|Child_Cross21|2: 415 124 44 19 10 4 1 
132995|Child_CrossABC2|2: 404 124 55 19 10 4 1 
132997|Child_CrossABC1|1: 417 124 44 19 10 4 1 
133002|Child_Cross21|18: 407 115 44 19 10 4 1 
133003|Child_CrossABC1|1: 395 124 44 19 10 4 1 
133077|Child_Cross12|21|Mutated: 382 152 53 24 9 4 1 
133086|Survivor|1: 367 133 50 24 9 4 1 
133106|Child_Cross21|58: 408 117 46 24 9 4 1 
133108|Child_Avg|23: 385 118 49 24 9 4 1 
133160|Child_Cross21|42|Mutated: 395 118 49 24 9 4 1 
133188|Child_Cross12|25: 454 162 55 24 9 4 1 
133230|Child_CrossABC2|2: 430 153 58 24 9 4 1 
133237|Child_Avg|55: 400 136 59 24 9 4 1 
133242|Child_Cross21|54: 452 161 52 24 9 4 1 
133248|Child_CrossABC2|8: 424 167 65 24 9 4 1 
133251|Child_CrossABC1|1|Mutated: 418 175 64 24 9 4 1 
133253|Child_CrossABC1|1: 419 145 52 24 9 4 1 
133255|Child_Cross12|37: 414 152 47 24 9 4 1 
133259|Survivor|1: 393 178 52 24 9 4 1 
133261|Child_CrossABC2|2: 357 142 53 24 9 4 1 
133263|Child_CrossABC2|8: 348 147 55 24 9 4 1 
133264|Child_Avg|11|Mutated: 334 134 49 24 9 4 1 
133265|Child_Cross21|22: 390 134 53 24 9 4 1 
133266|Child_CrossABC1|7|Mutated: 356 131 49 24 9 4 1 
133286|Survivor|1: 431 126 49 24 9 4 1 
133297|Child_Levy|40: 455 140 50 24 9 4 1 
133299|Child_Avg|59: 467 144 51 23 10 4 1 
133300|Child_CrossABC1|7: 442 131 51 23 10 4 1 
133314|Survivor|1: 389 131 51 23 10 4 1 
133319|Child_Avg|35: 397 118 50 24 9 4 1 
133322|Child_Levy|28: 404 123 47 25 10 4 1 
133346|Survivor|1: 394 124 44 19 10 4 1 
133383|Child_Cross21|50: 403 119 41 19 10 4 1 
133405|Child_CrossABC2|8: 402 124 55 19 10 4 1 
133502|Child_Avg|11: 379 128 45 23 10 4 1 
133503|Child_CrossABC1|1: 394 135 47 23 10 4 1 
133507|Child_CrossABC2|2: 372 139 51 23 10 4 1 
133511|Survivor|1: 376 128 48 23 10 4 1 
133593|Child_CrossABC1|7: 507 139 55 24 9 4 1 
133594|Child_CrossABC2|8: 409 141 53 24 9 4 1 
133600|Child_LevyP2|10: 417 127 53 24 9 4 1 
133611|Child_Cross21|26: 441 124 46 24 9 4 1 
133612|Survivor|1|Mutated: 441 143 53 24 9 4 1 
133616|Child_CrossABC2|8: 446 152 55 24 9 4 1 
133618|Child_CrossABC2|2: 439 129 56 24 9 4 1 
133622|Child_CrossABC2|8: 403 129 50 24 9 4 1 
133640|Child_CrossABC2|2: 420 130 55 24 9 4 1 
133651|Child_Cross12|57: 418 125 44 24 9 4 1 
133673|Child_Cross21|2: 389 133 44 24 9 4 1 
133687|Random|7: 748 179 57 23 10 4 1 
133716|Child_CrossABC1|7: 407 147 63 27 10 4 1 
133723|Survivor|1: 394 135 53 25 10 4 1 
133791|Survivor|1: 401 117 49 24 9 4 1 
133796|Child_Cross12|9: 342 133 49 24 9 4 1 
133807|Child_Cross21|58: 443 143 49 24 9 4 1 
133845|Survivor|1: 419 128 55 24 9 4 1 
133847|Child_CrossABC1|1: 429 116 50 24 9 4 1 
133855|Survivor|1|Mutated: 421 132 55 24 9 4 1 
133876|Child_CrossABC2|8: 426 131 43 24 9 4 1 
133883|Survivor|1: 423 121 50 24 9 4 1 
133885|Child_CrossABC2|2|Mutated: 423 117 49 24 9 4 1 
133887|Child_CrossABC2|8: 425 121 50 24 9 4 1 
133901|Survivor|1: 397 137 56 24 9 4 1 
133904|Child_Avg|11: 407 130 47 24 9 4 1 
133918|Child_CrossABC1|1: 446 144 57 23 10 4 1 
133952|Survivor|1: 378 122 50 23 10 4 1 
133964|Survivor|1: 412 131 46 24 9 4 1 
134021|Survivor|1: 356 121 53 27 10 4 1 
134026|Child_CrossABC2|8: 447 154 53 27 10 4 1 
134034|Survivor|1: 398 156 47 25 9 4 1 
134048|Survivor|1: 386 123 43 24 9 4 1 
134102|Child_LevyP2|4|Mutated: 423 116 50 24 9 4 1 
134106|Child_CrossABC2|8: 415 115 49 24 9 4 1 
134111|Child_Cross12|5: 395 139 47 21 10 4 1 
134117|Child_CrossABC2|8: 386 149 47 21 10 4 1 
134124|Child_Cross12|9: 386 139 43 20 9 4 1 
134146|Survivor|1: 376 139 43 20 9 4 1 
134201|Child_Cross12|1: 376 113 43 24 9 4 1 
134227|Child_Avg|35: 388 134 41 23 8 3 1 
134259|Child_Avg|39: 431 120 52 27 10 4 1 
134344|Child_LevyABC1|11: 349 128 46 24 9 4 1 
134347|Survivor|1: 451 156 61 24 9 4 1 
134354|Survivor|1: 417 181 67 24 9 4 1 
134357|Child_Avg|39: 403 154 55 24 9 4 1 
134359|Child_CrossABC1|1: 409 153 53 24 9 4 1 
134361|Child_CrossABC2|8: 414 153 53 24 9 4 1 
134369|Child_CrossABC2|2: 433 158 56 24 9 4 1 
134370|Child_CrossABC1|7: 483 155 50 24 9 4 1 
134399|Child_CrossABC1|7: 400 121 47 24 9 4 1 
134515|Child_CrossABC1|1: 388 137 53 24 9 4 1 
134538|Child_Cross12|41: 381 129 53 24 9 4 1 
134548|Child_CrossABC1|7: 389 134 50 24 9 4 1 
134595|Child_CrossABC2|2: 420 131 46 21 10 4 1 
134609|Child_CrossABC1|1: 419 126 51 23 10 4 1 
134612|Child_CrossABC1|7: 409 127 46 20 9 4 1 
134624|Child_Cross12|1: 386 138 50 23 10 4 1 
134635|Survivor|1|Mutated: 386 121 52 24 9 4 1 
134651|Child_CrossABC1|7: 367 123 52 24 9 4 1 
134657|Child_CrossABC2|8: 365 111 44 24 9 4 1 
134694|Survivor|1: 524 207 58 24 9 4 1 
134697|Survivor|1: 404 129 47 21 10 4 1 
134744|Child_CrossABC2|8: 406 127 57 21 10 4 1 
134747|Child_CrossABC1|7: 406 127 56 21 10 4 1 
134793|Child_Avg|55: 406 116 46 21 10 4 1 
134825|Child_Cross12|5: 425 127 45 21 10 4 1 
134871|Survivor|1: 400 103 45 21 10 4 1 
134887|Child_Cross12|49: 433 124 47 24 9 4 1 
134889|Survivor|1: 436 128 49 24 9 4 1 
134896|Child_CrossABC2|2: 409 129 53 24 9 4 1 
134911|Child_Avg|7: 433 124 46 24 9 4 1 
134967|Child_Levy|4: 457 153 56 21 10 4 1 
134981|Child_Cross12|17: 442 138 53 24 9 4 1 
135004|Child_CrossABC1|7|Mutated: 417 130 49 24 9 4 1 
135131|Child_Cross21|50: 413 128 54 23 10 4 1 
135198|Child_CrossABC1|1: 465 197 58 24 9 4 1 
135218|Child_CrossABC1|1|Mutated: 397 148 46 24 9 4 1 
135227|Child_CrossABC2|8: 388 123 46 24 9 4 1 
135264|Survivor|1: 392 140 49 24 9 4 1 
135269|Child_Cross12|5: 376 144 49 24 9 4 1 
135270|Child_Avg|51: 352 141 49 24 9 4 1 
135272|Child_Levy|24: 378 135 49 21 10 4 1 
135275|Child_CrossABC2|2: 359 140 50 24 9 4 1 
135278|Child_CrossABC1|7: 444 141 49 24 9 4 1 
135288|Child_Cross12|5: 399 137 44 24 9 4 1 
135352|Child_Levy|12|Mutated: 383 146 56 24 9 4 1 
135363|Child_CrossABC1|7: 377 137 59 24 9 4 1 
135370|Survivor|1: 379 157 55 24 9 4 1 
135408|Survivor|1: 548 140 55 24 9 4 1 
135421|Child_CrossABC1|7: 425 115 48 21 10 4 1 
135430|Survivor|1: 395 114 47 24 9 4 1 
135467|Child_CrossABC1|1: 445 127 52 24 9 4 1 
135476|Survivor|1: 423 129 53 24 9 4 1 
135488|Survivor|1: 441 140 49 25 10 4 1 
135556|Child_CrossABC2|2: 409 118 48 20 9 4 1 
135578|Child_Cross21|54: 363 136 43 20 9 4 1 
135616|Child_CrossABC2|2: 312 113 47 21 10 4 1 
135619|Child_Cross21|26: 331 117 44 23 10 4 1 
135622|Child_Cross12|37: 329 116 46 20 9 4 1 
135634|Survivor|1: 285 105 43 20 9 4 1 
135643|Survivor|1: 353 153 57 20 9 4 1 
135645|Child_Levy|52: 380 114 46 21 10 4 1 
135708|Child_CrossABC1|1: 307 121 55 24 9 4 1 
135712|Survivor|1: 360 135 49 24 9 4 1 
135718|Child_CrossABC2|8: 380 139 55 24 9 4 1 
135725|Child_CrossABC1|7: 374 145 59 24 9 4 1 
135767|Survivor|1: 390 143 49 24 9 4 1 
135823|Child_Levy|40: 381 136 47 23 10 4 1 
135847|Survivor|1: 391 153 50 24 9 4 1 
135903|Survivor|1: 366 146 52 29 9 4 1 
135907|Random|27: 635 172 70 25 14 4 1 
135922|Survivor|1: 673 153 53 24 9 4 1 
135924|Child_Cross21|38: 415 161 52 24 9 4 1 
135927|Child_CrossABC1|7: 413 156 46 21 10 4 1 
135935|Survivor|1: 518 145 52 24 9 4 1 
135937|Survivor|1: 431 134 50 24 9 4 1 
135941|Child_Cross12|5: 447 151 47 24 9 4 1 
135943|Survivor|1: 429 134 50 24 9 4 1 
135950|Child_CrossABC2|2: 407 138 53 24 9 4 1 
135956|Child_CrossABC2|2: 398 119 49 24 9 4 1 
135960|Child_CrossABC1|1: 373 135 50 24 9 4 1 
136002|Child_CrossABC1|7: 388 155 49 24 9 4 1 
136009|Child_CrossABC2|2: 404 132 55 24 9 4 1 
136013|Child_CrossABC2|8: 393 140 50 24 9 4 1 
136023|Child_CrossABC2|8: 392 141 46 24 9 4 1 
136057|Survivor|1: 303 106 41 19 10 4 1 
136109|Survivor|1: 315 122 49 21 10 4 1 
136124|Child_CrossABC2|2: 447 125 49 21 10 4 1 
136127|Child_CrossABC2|2: 427 121 49 21 10 4 1 
136128|Child_Cross21|34: 403 127 50 21 10 4 1 
136129|Child_CrossABC1|7|Mutated: 397 121 49 21 10 4 1 
136133|Survivor|1: 417 122 49 21 10 4 1 
136149|Survivor|1: 427 118 43 20 9 4 1 
136150|Child_CrossABC1|7: 426 116 43 20 9 4 1 
136162|Child_LevyP2|10|Mutated: 419 119 51 19 10 4 1 
136177|Child_Cross12|53: 412 112 39 20 9 4 1 
136206|Survivor|1: 398 112 39 20 9 4 1 
136216|Child_Cross12|33: 397 112 39 21 10 4 1 
136259|Child_CrossABC2|8: 411 111 43 20 9 4 1 
136296|Random|6: 669 197 86 27 14 4 1 
136302|Child_Levy|24: 441 157 52 24 9 4 1 
136307|Child_Cross12|45: 409 148 45 21 10 4 1 
136337|Survivor|1: 377 118 41 19 10 4 1 
136351|Child_Avg|59: 422 133 46 27 10 4 1 
136366|Survivor|1: 402 131 46 20 9 4 1 
136404|Child_Avg|47: 535 135 57 23 10 4 1 
136409|Child_CrossABC2|8: 408 122 54 23 10 4 1 
136435|Child_Cross21|2: 468 183 67 24 11 5 1 
136436|Child_Avg|27: 409 158 59 24 9 4 1 
136438|Child_Levy|16: 367 136 55 24 9 4 1 
136439|Child_Cross21|30: 453 142 55 24 9 4 1 
136440|Child_Cross21|2: 391 150 56 24 9 4 1 
136445|Child_Cross12|21: 376 132 53 24 9 4 1 
136452|Child_Avg|51: 414 135 52 24 9 4 1 
136503|Survivor|1: 424 115 44 24 9 4 1 
136514|Survivor|1|Mutated: 421 124 47 24 9 4 1 
136562|Survivor|1|Mutated: 407 123 67 24 9 4 1 
136563|Child_CrossABC1|1: 359 132 43 24 9 4 1 
136566|Survivor|1: 388 117 46 24 9 4 1 
136569|Survivor|1: 374 121 47 24 9 4 1 
136609|Survivor|1: 413 116 41 19 10 4 1 
136762|Child_Levy|56: 451 137 58 23 10 4 1 
136768|Survivor|1: 458 139 55 24 9 4 1 
136775|Child_Avg|23: 371 108 43 24 9 4 1 
136789|Child_CrossABC2|2: 370 144 61 24 9 4 1 
136805|Child_Levy|36|Mutated: 456 141 52 20 9 4 1 
136814|Child_LevyP1|3: 420 166 49 24 9 4 1 
136817|Child_CrossABC1|7: 423 173 52 24 9 4 1 
136828|Child_CrossABC1|7: 408 169 52 24 9 4 1 
136835|Child_Avg|23: 383 154 46 24 9 4 1 
136837|Survivor|1|Mutated: 381 154 46 20 9 4 1 
136842|Child_Cross21|38: 394 159 46 20 9 4 1 
136875|Survivor|1: 353 127 43 20 9 4 1 
136902|Child_LevyABC1|5: 393 142 52 24 9 4 1 
136948|Survivor|1: 381 98 52 24 9 4 1 
136953|Child_Avg|19: 346 113 48 20 9 4 1 
136970|Child_Cross12|25: 381 122 46 20 9 4 1 
136972|Child_CrossABC1|1: 382 123 46 20 9 4 1 
136979|Survivor|1: 377 107 46 20 9 4 1 
137020|Survivor|1: 457 119 53 24 9 4 1 
137051|Survivor|1: 398 119 46 20 9 4 1 
137053|Survivor|1: 384 113 46 20 9 4 1 
137070|Child_CrossABC1|1: 388 113 46 20 9 4 1 
137084|Child_Cross21|22: 393 113 46 20 9 4 1 
137085|Child_CrossABC2|8: 367 113 46 20 9 4 1 
137123|Survivor|1: 323 111 44 24 9 4 1 
137153|Child_CrossABC2|2: 447 162 51 23 10 4 1 
137158|Child_Cross12|37: 383 158 54 23 10 4 1 
137167|Survivor|1: 395 146 47 23 10 4 1 
137170|Child_CrossABC1|7: 395 148 47 23 10 4 1 
137188|Child_Levy|52: 408 111 52 24 9 4 1 
137203|Survivor|1: 395 154 46 24 9 4 1 
137208|Child_CrossABC1|7: 426 156 53 24 9 4 1 
137211|Child_CrossABC1|7: 376 167 55 24 9 4 1 
137219|Survivor|1: 376 167 52 24 9 4 1 
137229|Survivor|1: 374 165 53 24 9 4 1 
137283|Survivor|1: 378 137 47 24 9 4 1 
137339|Survivor|1: 365 119 51 23 10 4 1 
137342|Child_Avg|59: 443 150 61 29 9 4 1 
137347|Child_Levy|20: 378 119 55 24 9 4 1 
137353|Child_Avg|35: 386 137 52 24 9 4 1 
137371|Child_Cross12|33|Mutated: 393 153 49 24 9 4 1 
137413|Child_CrossABC1|1: 396 130 48 23 10 4 1 
137428|Survivor|1: 435 119 46 24 9 4 1 
137436|Survivor|1: 396 109 49 24 9 4 1 
137438|Child_CrossABC1|1: 446 155 49 24 9 4 1 
137443|Child_Avg|35: 427 129 50 24 9 4 1 
137448|Child_CrossABC1|1: 430 142 55 24 9 4 1 
137528|Child_Avg|39: 318 113 48 20 9 4 1 
137530|Child_Cross21|58: 363 177 52 24 9 4 1 
137533|Child_Avg|43: 442 184 59 24 9 4 1 
137535|Child_CrossABC1|7: 397 151 58 24 9 4 1 
137536|Child_CrossABC2|2: 403 174 59 24 9 4 1 
137537|Child_CrossABC1|7: 407 137 55 24 9 4 1 
137540|Child_CrossABC1|1: 412 123 55 24 9 4 1 
137544|Child_CrossABC1|1: 461 139 55 24 9 4 1 
137547|Child_Avg|23: 401 134 52 24 9 4 1 
137548|Child_Cross12|29: 373 139 49 24 9 4 1 
137552|Survivor|1: 376 108 49 24 9 4 1 
137663|Child_Cross12|5|Mutated: 414 129 49 24 9 4 1 
137719|Child_Cross21|54: 414 141 49 24 9 4 1 
137754|Child_CrossABC2|2: 413 126 55 24 9 4 1 
137829|Survivor|1: 392 118 45 23 10 4 1 
137838|Survivor|1|Mutated: 361 130 45 23 10 4 1 
137887|Child_CrossABC1|7: 379 111 43 24 9 4 1 
137906|Child_CrossABC1|7: 449 153 55 24 9 4 1 
137910|Survivor|1: 370 111 46 24 9 4 1 
137921|Child_CrossABC2|8: 370 113 46 24 9 4 1 
137954|Child_CrossABC2|8: 374 142 55 24 9 4 1 
137956|Child_Cross12|25: 370 127 49 24 9 4 1 
137957|Child_Cross21|42: 395 146 56 24 9 4 1 
137981|Child_Avg|3: 395 152 51 23 10 4 1 
137989|Child_Cross12|13: 401 148 47 23 10 4 1 
137996|Child_CrossABC2|2: 382 136 48 23 10 4 1 
138016|Child_Cross12|29: 376 141 44 23 10 4 1 
138029|Child_Avg|47|Mutated: 349 142 49 24 9 4 1 
138045|Child_Levy|12: 411 136 59 24 9 4 1 
138050|Child_CrossABC2|8: 411 138 59 24 9 4 1 
138054|Child_CrossABC2|8: 479 150 65 24 9 4 1 
138064|Child_Levy|48: 380 143 50 24 9 4 1 
138068|Survivor|1: 379 132 55 24 9 4 1 
138079|Survivor|1: 339 126 44 24 9 4 1 
138090|Child_Cross12|45: 358 126 43 24 9 4 1 
138151|Survivor|1: 402 130 61 24 9 4 1 
138159|Child_Avg|27: 384 129 53 24 9 4 1 
138169|Child_Avg|3: 399 131 56 24 9 4 1 
138171|Child_CrossABC2|2: 406 129 58 24 9 4 1 
138172|Child_CrossABC1|7: 408 125 56 24 9 4 1 
138174|Child_Avg|23: 405 125 52 24 9 4 1 
138179|Child_CrossABC1|7: 407 129 58 24 9 4 1 
138192|Survivor|1: 357 134 47 24 9 4 1 
138196|Child_Cross12|57|Mutated: 425 125 47 24 9 4 1 
138199|Child_Cross12|49: 449 128 47 24 9 4 1 
138208|Child_Cross21|30: 420 122 47 24 9 4 1 
138265|Child_Avg|27: 411 134 53 24 9 4 1 
138267|Survivor|1: 613 143 53 24 9 4 1 
138270|Child_Cross21|54: 358 108 47 21 10 4 1 
138273|Survivor|1: 399 116 48 21 10 4 1 
138288|Child_Avg|59: 381 121 43 20 9 4 1 
138359|Child_CrossABC1|1: 403 125 55 23 10 4 1 
138363|Child_CrossABC2|2: 417 129 55 23 10 4 1 
138365|Child_Cross21|38: 382 137 51 23 10 4 1 
138372|Child_Cross12|57: 361 119 45 23 10 4 1 
138419|Survivor|1: 437 140 50 24 9 4 1 
138420|Child_CrossABC1|7: 429 140 50 24 9 4 1 
138433|Child_CrossABC1|1: 416 129 44 24 9 4 1 
138444|Survivor|1: 398 126 44 23 10 4 1 
138454|Survivor|1: 437 129 46 20 9 4 1 
138463|Child_CrossABC2|8|Mutated: 400 117 43 19 10 4 1 
138505|Child_Cross12|17: 418 128 59 24 9 4 1 
138507|Child_CrossABC2|2: 419 132 62 24 9 4 1 
138513|Child_CrossABC1|1: 403 126 59 24 9 4 1 
138514|Child_CrossABC2|2: 383 142 55 24 9 4 1 
138516|Child_Cross12|13: 375 138 55 24 9 4 1 
138517|Child_CrossABC2|8: 378 138 55 24 9 4 1 
138518|Child_CrossABC2|2: 381 141 58 24 9 4 1 
138523|Child_Avg|59: 377 139 52 24 9 4 1 
138526|Child_Cross21|14: 374 139 52 24 9 4 1 
138530|Child_CrossABC2|2: 376 138 53 24 9 4 1 
138534|Child_Cross21|18: 372 139 53 24 9 4 1 
138539|Child_CrossABC1|7: 375 138 58 24 9 4 1 
138548|Child_Avg|39: 369 132 49 24 9 4 1 
138549|Child_Cross21|42: 375 134 49 24 9 4 1 
138553|Child_Avg|19: 372 134 49 24 9 4 1 
138629|Survivor|1: 414 143 59 29 9 4 1 
138633|Child_Cross21|42: 417 146 56 24 9 4 1 
138640|Child_CrossABC1|1: 402 135 59 24 9 4 1 
138644|Child_Avg|39: 419 138 55 24 9 4 1 
138645|Child_Avg|23: 441 137 55 24 9 4 1 
138646|Child_CrossABC2|2: 430 139 55 24 9 4 1 
138648|Child_CrossABC1|7: 436 136 55 24 9 4 1 
138654|Child_Levy|44: 415 142 50 24 9 4 1 
138659|Child_Cross21|2: 441 143 49 24 9 4 1 
138662|Child_Cross21|38: 403 139 49 24 9 4 1 
138704|Child_Avg|59: 616 158 56 25 9 4 1 
138707|Survivor|1: 400 147 51 23 10 4 1 
138711|Child_Avg|3: 403 138 49 21 10 4 1 
138723|Survivor|1: 394 141 46 21 10 4 1 
138724|Child_CrossABC1|1: 386 144 47 21 10 4 1 
138727|Child_Cross21|50: 391 143 45 21 10 4 1 
138728|Child_Cross21|18: 410 133 45 21 10 4 1 
138731|Survivor|1: 423 131 46 21 10 4 1 
138741|Child_Cross12|57: 427 133 43 20 9 4 1 
138745|Child_Avg|59: 417 133 43 20 9 4 1 
138783|Child_Levy|12: 435 125 47 24 9 4 1 
138787|Survivor|1: 318 102 47 23 10 4 1 
138797|Survivor|1: 404 114 41 19 10 4 1 
138836|Child_CrossABC2|8: 363 113 42 19 10 4 1 
138863|Child_Avg|51|Mutated: 390 127 44 23 10 4 1 
138888|Child_CrossABC2|2: 386 113 45 19 10 4 1 
138917|Child_Cross12|49: 433 107 52 24 9 4 1 
138954|Survivor|1: 396 121 46 20 9 4 1 
138966|Child_Avg|7: 406 119 46 20 9 4 1 
139002|Child_CrossABC1|1: 392 145 61 24 9 4 1 
139011|Child_Cross21|26: 411 139 55 24 9 4 1 
139014|Child_CrossABC1|7: 418 139 57 20 9 4 1 
139036|Child_CrossABC2|2: 437 134 53 29 9 4 1 
139045|Child_CrossABC1|1: 416 132 53 25 9 4 1 
139048|Survivor|1: 409 129 48 29 9 4 1 
139120|Child_Avg|19: 393 120 46 21 10 4 1 
139123|Survivor|1: 396 119 46 21 10 4 1 
139185|Child_Levy|28: 390 135 46 21 10 4 1 
139206|Survivor|1: 427 139 55 23 10 4 1 
139211|Child_Cross12|33: 436 171 51 19 10 4 1 
139215|Survivor|1: 377 116 46 21 10 4 1 
139225|Child_CrossABC2|8: 400 121 44 19 10 4 1 
139230|Child_Cross21|42: 350 121 52 19 10 4 1 
139249|Survivor|1: 373 110 42 19 10 4 1 
139257|Survivor|1: 372 107 43 19 10 4 1 
139278|Child_CrossABC1|1: 424 120 42 19 10 4 1 
139288|Survivor|1: 400 135 62 19 10 4 1 
139290|Child_Avg|39: 382 129 54 20 9 4 1 
139297|Child_Avg|35: 301 96 46 20 9 4 1 
139299|Child_Cross21|2: 361 117 43 20 9 4 1 
139321|Child_Cross12|41: 364 117 43 20 9 4 1 
139408|Child_CrossABC2|8: 423 121 52 20 9 4 1 
139413|Child_Levy|40: 399 123 52 20 9 4 1 
139468|Child_Avg|51: 391 121 43 20 9 4 1 
139508|Child_Avg|55: 466 183 58 23 10 4 1 
139510|Child_CrossABC2|2: 475 168 57 23 10 4 1 
139516|Child_LevyP2|10: 444 184 58 23 10 4 1 
139532|Survivor|1: 406 133 46 21 10 4 1 
139547|Survivor|1: 345 135 55 24 9 4 1 
139557|Child_CrossABC2|2: 354 121 43 24 9 4 1 
139607|Child_Avg|15: 587 145 57 23 10 4 1 
139611|Child_CrossABC2|2: 453 146 67 23 10 4 1 
139621|Child_CrossABC2|8: 421 131 47 23 10 4 1 
139625|Child_Cross12|29: 442 129 51 19 10 4 1 
139651|Child_Avg|19: 552 166 67 23 10 4 1 
139684|Survivor|1: 422 124 45 19 10 4 1 
139726|Child_Avg|47: 401 127 43 19 10 4 1 
139801|Survivor|1: 392 113 44 24 9 4 1 
139835|Child_CrossABC1|7: 391 122 56 24 9 4 1 
139841|Child_CrossABC1|7: 401 123 62 24 9 4 1 
139843|Child_CrossABC2|2: 410 123 61 24 9 4 1 
139939|Child_Cross12|57: 395 117 41 24 9 4 1 
139982|Child_Avg|27: 444 145 55 24 9 4 1 
139986|Child_CrossABC1|1: 422 129 64 24 9 4 1 
139989|Child_Levy|56: 416 126 51 23 10 4 1 
140030|Survivor|1: 381 128 52 29 9 4 1 
140097|Child_Avg|31: 378 137 58 24 9 4 1 
140106|Survivor|1: 314 137 58 24 9 4 1 
140114|Child_LevyP1|9: 423 134 49 24 9 4 1 
140133|Child_Cross21|18: 393 129 46 21 10 4 1 
140189|Child_Levy|12|Mutated: 401 129 42 19 10 4 1 
140190|Child_Cross12|13: 397 121 44 24 9 4 1 
140224|Survivor|1: 478 135 47 24 9 4 1 
140233|Survivor|1: 383 151 49 24 9 4 1 
140238|Survivor|1: 380 156 49 24 9 4 1 
140272|Survivor|1: 371 140 64 23 10 4 1 
140274|Child_Avg|51: 420 147 59 24 9 4 1 
140285|Child_Avg|35: 451 137 53 24 9 4 1 
140286|Child_Cross12|49: 459 142 49 24 9 4 1 
140295|Child_CrossABC2|8: 446 137 52 24 9 4 1 
140297|Child_Cross21|42: 443 139 52 24 9 4 1 
140301|Child_CrossABC2|2: 449 140 50 24 9 4 1 
140305|Child_CrossABC1|7: 422 126 55 24 9 4 1 
140311|Child_CrossABC2|8: 424 129 50 24 9 4 1 
140343|Child_CrossABC2|2: 399 106 55 24 9 4 1 
140357|Survivor|1: 409 126 53 24 11 5 1 
140361|Survivor|1: 387 128 48 23 10 4 1 
140418|Child_Cross21|42: 565 156 47 23 10 4 1 
140424|Survivor|1: 412 111 61 23 10 4 1 
140432|Child_Avg|51: 417 133 48 23 10 4 1 
140443|Survivor|1: 460 134 47 23 10 4 1 
140445|Child_Avg|15|Mutated: 420 118 50 23 10 4 1 
140455|Child_Avg|59: 360 125 52 24 9 4 1 
140526|Survivor|1: 399 123 47 24 9 4 1 
140538|Survivor|1: 375 119 50 24 9 4 1 
140625|Survivor|1: 395 156 64 29 9 4 1 
140634|Child_Levy|56: 416 145 55 24 9 4 1 
140657|Child_Cross12|33: 471 165 64 29 10 4 1 
140663|Survivor|1: 455 156 58 24 11 4 1 
140665|Child_Avg|11: 397 154 52 24 9 4 1 
140666|Child_Cross12|41: 390 155 54 24 11 4 1 
140669|Child_Cross21|58: 385 158 53 24 11 4 1 
140670|Child_Levy|52: 377 157 52 24 9 4 1 
140672|Child_Cross21|14: 392 153 52 24 9 4 1 
140673|Child_CrossABC1|1: 380 153 52 24 9 4 1 
140676|Child_Cross12|57: 380 157 51 23 10 4 1 
140684|Survivor|1: 377 155 52 24 9 4 1 
140687|Child_Avg|43: 377 150 52 24 9 4 1 
140689|Child_Cross12|5: 387 152 49 24 9 4 1 
140690|Child_Cross12|33: 383 158 49 24 9 4 1 
140714|Child_CrossABC2|2: 415 156 49 24 9 4 1 
140727|Survivor|1: 398 135 49 24 9 4 1 
140739|Child_CrossABC1|7: 519 135 60 23 10 4 1 
140744|Survivor|1: 472 138 47 23 10 4 1 
140750|Child_Cross12|13: 413 129 45 23 10 4 1 
140755|Child_Cross12|21: 448 132 47 23 10 4 1 
140758|Child_CrossABC2|2: 445 132 47 23 10 4 1 
140768|Survivor|1: 421 127 47 24 9 4 1 
140796|Child_CrossABC1|7: 367 143 46 24 9 4 1 
140800|Child_CrossABC1|7: 365 141 46 24 9 4 1 
140824|Child_CrossABC1|7: 407 136 50 24 9 4 1 
140829|Child_CrossABC2|2: 414 139 49 24 9 4 1 
140834|Child_CrossABC2|8: 405 117 58 24 9 4 1 
140861|Survivor|1: 398 122 55 24 9 4 1 
140863|Survivor|1: 418 131 55 24 9 4 1 
140866|Child_CrossABC2|8: 525 142 55 24 9 4 1 
140873|Child_Cross12|57: 484 137 52 24 9 4 1 
140875|Survivor|1: 453 131 52 24 9 4 1 
140879|Child_CrossABC1|1: 455 131 52 24 9 4 1 
140882|Child_Cross12|13: 432 126 49 24 9 4 1 
140900|Survivor|1: 423 130 45 21 10 4 1 
140916|Child_Cross12|1: 397 109 43 24 9 4 1 
140937|Survivor|1: 714 158 67 21 10 4 1 
140941|Child_Avg|35: 640 145 59 21 10 4 1 
140956|Child_Cross12|33: 387 112 47 21 10 4 1 
140958|Survivor|1: 399 143 45 21 10 4 1 
140963|Child_Cross21|46: 402 127 44 19 10 4 1 
140965|Survivor|1: 400 125 48 21 10 4 1 
140970|Child_Cross21|6: 394 129 46 21 10 4 1 
140973|Child_Avg|11: 440 127 45 21 10 4 1 
140976|Survivor|1: 522 165 59 21 10 4 1 
140992|Survivor|1: 421 135 50 24 9 4 1 
141044|Survivor|1: 445 139 56 25 9 4 1 
141048|Child_CrossABC1|7: 438 127 49 24 9 4 1 
141053|Child_Levy|28: 409 126 52 24 9 4 1 
141106|Survivor|1: 395 107 46 20 9 4 1 
141119|Child_CrossABC1|1: 383 129 46 20 9 4 1 
141187|Child_Cross12|57: 358 108 43 24 9 4 1 
141194|Survivor|1|Mutated: 432 157 52 24 9 4 1 
141201|Child_CrossABC2|2: 446 153 50 24 9 4 1 
141207|Child_Cross12|17: 396 121 43 24 9 4 1 
141278|Survivor|1: 482 137 62 24 9 4 1 
141280|Survivor|1: 403 142 61 24 9 4 1 
141284|Child_CrossABC1|1|Mutated: 435 132 58 24 9 4 1 
141285|Child_CrossABC2|2: 413 132 58 24 9 4 1 
141301|Child_CrossABC1|7: 419 129 55 24 9 4 1 
141311|Child_CrossABC2|8: 392 130 55 24 9 4 1 
141364|Child_Avg|35: 271 119 45 23 10 4 1 
141365|Child_Avg|15: 425 129 51 19 10 4 1 
141373|Survivor|1|Mutated: 313 121 49 21 10 4 1 
141376|Child_CrossABC2|2: 385 121 48 21 10 4 1 
141378|Child_CrossABC1|7: 379 119 48 21 10 4 1 
141379|Child_CrossABC1|7: 352 128 47 21 10 4 1 
141382|Survivor|1: 314 118 45 21 10 4 1 
141405|Child_Avg|43|Mutated: 504 138 49 21 10 4 1 
141409|Child_Avg|31: 364 117 49 21 10 4 1 
141420|Child_CrossABC2|2: 379 120 46 21 10 4 1 
141424|Child_CrossABC2|8: 379 115 45 21 10 4 1 
141436|Survivor|1: 373 119 46 20 9 4 1 
141441|Child_Avg|11: 535 146 61 20 9 4 1 
141452|Child_Cross21|54: 398 113 46 20 9 4 1 
141456|Survivor|1: 410 123 56 25 9 4 1 
141473|Child_LevyP2|10|Mutated: 456 170 59 24 9 4 1 
141485|Child_CrossABC1|1: 460 135 44 24 9 4 1 
141512|Survivor|1: 400 116 41 19 10 4 1 
141539|Child_CrossABC1|7: 399 115 41 19 10 4 1 
141548|Child_Cross21|6: 415 118 41 19 10 4 1 
141611|Child_Avg|47|Mutated: 360 143 59 24 9 4 1 
141613|Child_Cross12|53: 372 147 53 24 9 4 1 
141631|Child_LevyABC2|12: 390 125 48 21 10 4 1 
141664|Survivor|1: 429 138 52 20 9 4 1 
141673|Child_Cross21|46: 425 123 47 21 10 4 1 
141678|Child_CrossABC1|1: 360 122 47 21 10 4 1 
141722|Child_Avg|15: 419 162 59 24 9 4 1 
141730|Child_Levy|12: 425 145 54 23 10 4 1 
141738|Survivor|1: 613 169 50 24 9 4 1 
141808|Child_Avg|55: 463 126 49 24 9 4 1 
141822|Child_Avg|11: 644 199 64 28 11 4 1 
141826|Survivor|1: 381 114 55 24 9 4 1 
141827|Child_Cross21|50: 424 131 52 24 9 4 1 
141828|Child_CrossABC2|2: 451 131 52 24 9 4 1 
141833|Child_CrossABC2|8: 427 131 52 24 9 4 1 
141835|Child_CrossABC2|8: 431 131 52 24 9 4 1 
141873|Child_Avg|51: 520 176 55 24 9 4 1 
141880|Child_CrossABC2|8: 451 147 47 24 9 4 1 
141909|Child_CrossABC2|2: 391 156 58 24 9 4 1 
141911|Child_CrossABC1|7: 369 153 58 24 9 4 1 
141912|Child_CrossABC1|7: 386 153 58 24 9 4 1 
141914|Child_Avg|15: 399 143 53 24 9 4 1 
141918|Child_CrossABC2|2: 398 139 49 24 9 4 1 
141919|Child_CrossABC1|7: 395 114 49 24 9 4 1 
141948|Child_Avg|23: 570 186 67 24 11 4 1 
141982|Child_Avg|11: 401 132 58 24 9 4 1 
141989|Child_Avg|7: 401 128 50 23 10 4 1 
142094|Child_Cross12|29|Mutated: 399 152 46 24 9 4 1 
142109|Survivor|1: 393 137 49 24 9 4 1 
142123|Child_CrossABC1|1: 406 131 52 24 9 4 1 
142146|Survivor|1: 610 155 64 24 11 5 1 
142152|Child_Cross21|14: 386 124 51 23 10 4 1 
142154|Child_Cross21|58: 379 113 47 23 10 4 1 
142174|Survivor|1: 388 140 50 19 10 4 1 
142175|Random|7: 453 170 66 21 10 4 1 
142186|Survivor|1: 388 119 45 21 10 4 1 
142190|Child_CrossABC2|2: 394 127 52 24 9 4 1 
142206|Survivor|1: 420 123 46 24 9 4 1 
142296|Survivor|1: 380 143 61 29 9 4 1 
142315|Survivor|1|Mutated: 392 127 56 24 11 4 1 
142318|Child_Avg|31: 385 124 51 23 10 4 1 
142319|Child_CrossABC2|8: 384 132 54 23 10 4 1 
142320|Child_CrossABC2|2: 368 129 52 24 9 4 1 
142329|Survivor|1: 321 130 49 24 9 4 1 
142332|Child_CrossABC1|1: 386 133 50 24 9 4 1 
142344|Child_Cross21|18: 422 131 48 20 9 4 1 
142351|Child_CrossABC2|2: 364 131 48 20 9 4 1 
142390|Random|8: 423 182 72 27 10 4 1 
142397|Child_CrossABC2|8|Mutated: 413 163 66 27 10 4 1 
142399|Child_Cross12|29: 378 147 55 24 9 4 1 
142400|Child_Avg|47: 406 142 55 27 10 4 1 
142408|Child_CrossABC2|2: 448 135 47 23 10 4 1 
142411|Child_CrossABC2|2: 377 139 59 24 9 4 1 
142464|Child_Cross21|54: 487 142 54 24 11 4 1 
142477|Child_Cross21|26: 354 117 41 24 9 4 1 
142501|Child_CrossABC1|1: 445 173 71 24 11 4 1 
142515|Survivor|1: 369 131 49 21 10 4 1 
142569|Child_CrossABC1|1: 433 173 62 19 10 4 1 
142571|Child_Cross21|14: 439 153 60 19 10 4 1 
142573|Child_CrossABC1|1: 433 176 61 19 10 4 1 
142576|Child_Avg|7: 409 162 61 19 10 4 1 
142581|Child_CrossABC2|8: 421 123 51 19 10 4 1 
142585|Survivor|1: 385 123 51 19 10 4 1 
142586|Child_Cross12|1: 444 132 51 19 10 4 1 
142587|Child_Cross21|10: 452 131 51 19 10 4 1 
142589|Child_Cross21|6: 441 138 51 19 10 4 1 
142592|Child_Cross12|57: 408 130 51 19 10 4 1 
142593|Child_CrossABC1|1: 448 129 51 19 10 4 1 
142599|Child_Cross21|38: 393 132 50 19 10 4 1 
142602|Child_Cross21|42: 385 134 50 19 10 4 1 
142609|Child_Cross21|18: 381 134 50 19 10 4 1 
142612|Child_Avg|23: 407 134 50 19 10 4 1 
142615|Child_Cross12|49: 416 134 50 19 10 4 1 
142618|Survivor|1: 392 134 50 19 10 4 1 
142620|Child_Cross12|57: 388 134 50 19 10 4 1 
142625|Child_Cross12|9: 397 134 50 19 10 4 1 
142627|Child_CrossABC2|8: 393 134 50 19 10 4 1 
142629|Child_Cross12|33: 397 123 50 19 10 4 1 
142631|Child_Cross21|22: 438 134 50 19 10 4 1 
142632|Child_Cross21|42: 404 134 50 19 10 4 1 
142636|Child_Avg|31: 412 134 50 19 10 4 1 
142641|Child_Cross21|18: 400 134 50 19 10 4 1 
142649|Child_Cross21|6: 431 134 50 19 10 4 1 
142653|Child_Avg|39: 408 134 50 19 10 4 1 
142655|Child_Cross12|9: 419 134 50 19 10 4 1 
142656|Child_Cross12|25: 435 134 50 19 10 4 1 
142666|Child_Avg|47|Mutated: 400 126 51 19 10 4 1 
142685|Child_Avg|31: 413 134 50 19 10 4 1 
142696|Child_Cross21|54: 423 134 50 19 10 4 1 
142706|Child_Cross12|29: 401 134 50 19 10 4 1 
142742|Survivor|1: 399 128 47 21 10 4 1 
142772|Survivor|1: 341 114 43 20 9 4 1 
142777|Survivor|1: 400 141 68 24 9 4 1 
142781|Child_Avg|3: 453 139 53 24 9 4 1 
142782|Child_Avg|7: 470 143 49 24 9 4 1 
142797|Child_CrossABC1|7: 451 131 43 24 9 4 1 
142851|Child_CrossABC2|2: 401 125 47 24 9 4 1 
142878|Survivor|1: 432 127 43 24 9 4 1 
142900|Child_CrossABC2|2: 443 124 46 24 9 4 1 
142929|Survivor|1: 318 117 46 24 9 4 1 
142937|Child_Levy|8: 405 161 53 24 9 4 1 
142965|Child_CrossABC2|8: 390 117 49 24 9 4 1 
142988|Child_Avg|47|Mutated: 337 148 65 27 10 4 1 
142992|Child_CrossABC1|7: 625 142 65 27 10 4 1 
142998|Child_Cross21|54: 371 132 46 24 9 4 1 
143011|Child_CrossABC2|8: 365 148 58 24 9 4 1 
143012|Child_CrossABC1|7: 363 147 61 24 9 4 1 
143019|Child_Cross21|54: 387 157 52 24 9 4 1 
143021|Child_CrossABC2|8: 371 153 52 24 9 4 1 
143028|Child_Avg|47|Mutated: 381 136 50 24 9 4 1 
143040|Child_Cross12|53: 386 141 43 24 9 4 1 
143043|Child_Cross12|17: 372 142 43 24 9 4 1 
143143|Survivor|1: 358 132 49 21 10 4 1 
143150|Child_Cross12|37: 365 136 48 21 10 4 1 
143151|Child_Avg|51: 401 137 55 21 10 4 1 
143156|Survivor|1: 382 137 46 20 9 4 1 
143157|Child_Avg|35: 381 139 46 20 9 4 1 
143197|Child_CrossABC2|2: 542 163 57 23 10 4 1 
143199|Child_Avg|47: 405 153 56 24 9 4 1 
143218|Child_CrossABC1|1: 378 138 49 24 9 4 1 
143223|Child_Avg|47: 375 142 49 24 9 4 1 
143256|Random|20: 425 132 57 23 10 4 1 
143261|Child_CrossABC1|7: 368 122 57 23 10 4 1 
143262|Child_CrossABC1|7: 418 130 54 23 10 4 1 
143272|Child_CrossABC2|2: 412 130 55 23 10 4 1 
143274|Survivor|1: 482 173 54 23 10 4 1 
143277|Child_Cross21|18: 382 130 47 24 9 4 1 
143322|Child_CrossABC2|2: 410 123 61 23 10 4 1 
143352|Child_CrossABC2|8: 386 117 44 23 10 4 1 
143437|Child_Cross12|37: 410 112 41 24 9 4 1 
143476|Child_Avg|19: 412 143 55 29 9 4 1 
143480|Child_Cross12|1: 405 140 52 29 9 4 1 
143484|Survivor|1: 404 146 52 29 9 4 1 
143493|Survivor|1: 406 140 55 29 9 4 1 
143511|Survivor|1: 417 142 54 24 11 4 1 
143512|Child_Levy|52: 441 173 59 24 9 4 1 
143516|Child_CrossABC2|8: 519 170 62 24 9 4 1 
143521|Child_Cross12|33: 414 143 53 24 9 4 1 
143529|Child_CrossABC2|8: 422 147 61 24 9 4 1 
143561|Child_Levy|56: 372 121 52 24 9 4 1 
143635|Child_Avg|43: 604 162 53 24 9 4 1 
143641|Child_CrossABC1|1: 413 118 45 23 10 4 1 
143672|Survivor|1: 403 122 43 20 9 4 1 
143765|Child_Cross12|21: 397 118 41 19 10 4 1 
143850|Child_CrossABC2|8: 346 104 43 20 9 4 1 
143903|Survivor|1: 593 182 74 32 13 4 1 
143904|Child_Avg|51: 442 157 55 24 9 4 1 
143911|Child_Avg|35: 450 159 55 24 9 4 1 
143919|Survivor|1: 403 137 52 24 9 4 1 
143925|Child_LevyP1|9|Mutated: 422 140 54 23 10 4 1 
143935|Child_Cross12|13: 395 131 51 23 10 4 1 
143939|Child_CrossABC2|2: 401 131 51 23 10 4 1 
143940|Child_Cross12|45: 420 146 47 23 10 4 1 
143949|Child_CrossABC1|7: 445 145 47 23 10 4 1 
143950|Child_Cross12|17: 446 145 47 23 10 4 1 
143955|Child_Cross21|54: 422 146 47 23 10 4 1 
143956|Child_Avg|15: 400 145 47 23 10 4 1 
143960|Child_Cross12|49: 418 148 47 23 10 4 1 
143995|Child_Cross12|53: 401 156 47 23 10 4 1 
143999|Child_Cross21|46|Mutated: 398 159 47 23 10 4 1 
144000|Child_Cross12|29: 403 160 47 23 10 4 1 
144005|Child_Cross12|13: 401 146 47 23 10 4 1 
144011|Survivor|1: 399 159 47 23 10 4 1 
144025|Child_Cross12|9: 399 146 47 23 10 4 1 
144026|Child_Cross21|34: 398 146 47 23 10 4 1 
144044|Child_Cross21|42: 397 159 47 23 10 4 1 
144064|Child_Cross21|54: 399 150 47 23 10 4 1 
144075|Child_Cross21|14: 469 145 47 23 10 4 1 
144111|Child_Cross12|25|Mutated: 444 145 57 23 10 4 1 
144140|Child_CrossABC2|8: 396 135 58 23 10 4 1 
144154|Child_Cross12|1|Mutated: 435 135 57 23 10 4 1 
144193|Child_CrossABC2|2: 392 135 47 23 10 4 1 
144198|Child_Avg|23: 406 146 47 23 10 4 1 
144283|Child_Levy|20: 413 152 68 23 10 4 1 
144285|Child_Avg|35|Mutated: 400 141 56 24 9 4 1 
144296|Child_CrossABC2|8: 382 145 64 24 9 4 1 
144301|Child_CrossABC2|8: 383 142 61 24 9 4 1 
144302|Child_Avg|3: 396 151 61 24 9 4 1 
144318|Child_Cross21|18: 362 134 49 24 9 4 1 
144320|Child_CrossABC1|7: 412 152 55 24 9 4 1 
144322|Child_Avg|7: 394 138 53 24 9 4 1 
144332|Child_CrossABC1|7: 393 137 52 24 9 4 1 
144354|Child_CrossABC2|2: 371 135 46 24 9 4 1 
144356|Child_CrossABC2|2: 411 154 46 24 9 4 1 
144372|Child_Avg|31: 373 133 43 24 9 4 1 
144406|Child_CrossABC1|1: 476 171 70 29 11 5 1 
144414|Child_Avg|31: 414 146 52 29 9 4 1 
144419|Child_Avg|47: 397 146 52 29 9 4 1 
144421|Survivor|1: 398 128 52 29 9 4 1 
144427|Survivor|1: 403 125 52 29 10 4 1 
144433|Child_Avg|27: 397 143 50 29 9 4 1 
144440|Child_Cross21|46: 396 143 50 29 9 4 1 
144446|Child_Avg|47: 398 143 50 29 9 4 1 
144454|Child_CrossABC1|7: 397 143 52 24 9 4 1 
144457|Survivor|1|Mutated: 396 131 50 24 9 4 1 
144460|Child_CrossABC1|7: 395 143 53 24 9 4 1 
144462|Child_Cross21|26|Mutated: 463 143 50 24 9 4 1 
144498|Survivor|1: 381 163 46 24 9 4 1 
144504|Child_Cross12|33|Mutated: 381 141 52 24 9 4 1 
144508|Survivor|1: 383 148 46 24 9 4 1 
144516|Child_CrossABC1|7: 364 150 49 24 9 4 1 
144518|Child_CrossABC1|7|Mutated: 341 140 50 24 9 4 1 
144573|Survivor|1: 403 125 41 24 9 4 1 
144579|Survivor|1: 441 157 55 24 9 4 1 
144585|Child_Cross12|53: 411 152 55 24 9 4 1 
144586|Child_Levy|4: 476 149 58 23 10 4 1 
144589|Child_Avg|19: 466 143 50 24 9 4 1 
144590|Child_CrossABC2|2: 469 143 58 23 10 4 1 
144593|Child_Cross12|25: 442 134 51 23 10 4 1 
144595|Child_CrossABC2|8: 444 129 51 23 10 4 1 
144602|Child_CrossABC1|1: 447 134 52 24 9 4 1 
144608|Child_Avg|11: 447 128 47 24 9 4 1 
144621|Child_CrossABC1|7: 373 129 52 24 9 4 1 
144628|Survivor|1: 457 129 49 24 9 4 1 
144634|Child_Cross12|17: 397 128 49 24 9 4 1 
144659|Survivor|1: 381 134 47 23 10 4 1 
144665|Survivor|1: 363 136 50 24 9 4 1 
144677|Survivor|1: 351 128 49 24 9 4 1 
144720|Child_Avg|15: 358 124 51 23 10 4 1 
144734|Survivor|1: 323 118 43 24 9 4 1 
144737|Child_Cross21|46: 363 108 43 24 9 4 1 
144741|Survivor|1: 321 122 46 24 9 4 1 
144768|Child_CrossABC2|2: 455 167 49 21 10 4 1 
144774|Survivor|1: 456 151 51 19 10 4 1 
144791|Child_CrossABC2|2: 423 119 49 24 9 4 1 
144793|Child_Cross12|33: 382 111 46 24 9 4 1 
144889|Child_CrossABC1|1: 371 135 52 20 9 4 1 
144898|Child_Cross21|46|Mutated: 331 133 49 24 9 4 1 
144913|Survivor|1: 316 111 44 24 9 4 1 
144927|Survivor|1: 358 117 56 24 9 4 1 
144931|Child_Avg|7: 367 171 58 24 9 4 1 
144938|Survivor|1: 371 150 56 24 9 4 1 
144943|Child_Levy|12: 409 147 51 23 10 4 1 
144945|Child_CrossABC1|1: 361 144 58 23 10 4 1 
144952|Survivor|1: 411 149 51 23 10 4 1 
144960|Child_Cross21|54: 396 146 45 21 10 4 1 
144967|Child_CrossABC2|2: 376 133 46 20 9 4 1 
144987|Child_Cross12|17: 382 121 43 20 9 4 1 
145043|Child_CrossABC2|8: 420 111 48 20 9 4 1 
145093|Child_Cross12|37|Mutated: 416 137 53 19 10 4 1 
145094|Child_Levy|32: 428 123 53 24 9 4 1 
145109|Child_CrossABC1|1: 427 129 53 24 9 4 1 
145122|Survivor|1|Mutated: 370 129 52 24 9 4 1 
145141|Survivor|1|Mutated: 325 122 46 24 9 4 1 
145143|Child_Levy|16: 376 140 49 24 9 4 1 
145144|Child_Levy|4: 375 140 49 24 9 4 1 
145145|Child_Cross21|50: 385 130 46 24 9 4 1 
145146|Child_CrossABC1|7: 375 143 49 24 9 4 1 
145156|Child_CrossABC1|7: 392 135 47 24 9 4 1 
145162|Child_Cross12|29: 416 133 43 24 9 4 1 
145166|Child_Cross21|26|Mutated: 363 133 50 24 9 4 1 
145226|Survivor|1: 366 129 49 24 9 4 1 
145235|Survivor|1|Mutated: 366 117 49 24 9 4 1 
145240|Child_Cross12|37: 359 112 44 19 10 4 1 
145317|Child_Cross12|17: 364 108 41 19 10 4 1 
145332|Child_Avg|23: 434 155 58 24 11 4 1 
145364|Survivor|1: 433 162 50 24 9 4 1 
145365|Child_Avg|59|Mutated: 378 141 52 24 9 4 1 
145366|Child_Cross12|5: 394 151 49 24 9 4 1 
145376|Child_Avg|31: 383 145 50 23 10 4 1 
145393|Survivor|1: 404 158 48 23 10 4 1 
145401|Child_Cross12|41: 442 129 45 23 10 4 1 
145407|Survivor|1: 434 125 49 21 10 4 1 
145412|Survivor|1: 443 125 49 21 10 4 1 
145430|Child_Levy|36: 648 177 65 25 9 4 1 
145437|Child_CrossABC1|1: 427 127 53 19 10 4 1 
145444|Survivor|1: 374 138 55 23 10 4 1 
145450|Child_Cross21|6: 355 125 48 23 10 4 1 
145465|Child_Levy|20: 396 119 49 25 9 4 1 
145526|Survivor|1: 396 119 46 24 9 4 1 
145546|Survivor|1: 406 121 52 24 9 4 1 
145550|Child_CrossABC1|7: 405 123 56 24 9 4 1 
145649|Survivor|1: 554 157 62 24 11 5 1 
145654|Survivor|1: 460 137 66 24 11 5 1 
145659|Child_Avg|59: 376 152 51 23 10 4 1 
145661|Child_Avg|19: 384 127 49 24 9 4 1 
145665|Child_Cross21|18: 381 134 51 23 10 4 1 
145672|Child_CrossABC2|2|Mutated: 322 135 55 24 9 4 1 
145673|Child_Cross21|42: 389 134 47 24 9 4 1 
145675|Survivor|1: 374 134 47 24 9 4 1 
145701|Child_Cross12|13: 360 132 43 24 9 4 1 
145732|Survivor|1|Mutated: 312 131 56 24 9 4 1 
145737|Survivor|1|Mutated: 364 116 49 24 9 4 1 
145748|Survivor|1: 375 135 49 24 9 4 1 
145753|Survivor|1: 355 111 48 20 9 4 1 
145766|Child_Levy|20|Mutated: 353 103 48 20 9 4 1 
145768|Child_CrossABC1|1: 355 128 43 20 9 4 1 
145783|Child_Cross12|57: 355 130 43 20 9 4 1 
145808|Child_Avg|7: 399 127 44 23 10 4 1 
145820|Child_Levy|52: 382 111 43 20 9 4 1 
145821|Child_Cross12|37: 424 114 43 20 9 4 1 
145835|Child_Cross21|6: 399 110 43 20 9 4 1 
145871|Child_Avg|31: 419 107 43 20 9 4 1 
145899|Child_CrossABC2|2: 396 107 46 20 9 4 1 
145938|Survivor|1: 418 107 43 20 9 4 1 
145966|Child_Avg|31: 429 135 48 23 10 4 1 
145999|Survivor|1: 372 117 41 24 9 4 1 
146020|Child_Levy|40: 416 129 60 28 11 4 1 
146094|Child_Avg|19: 399 173 56 25 9 4 1 
146115|Child_Cross12|49: 385 137 44 24 9 4 1 
146179|Survivor|1: 399 151 43 24 9 4 1 
146185|Child_Avg|35: 393 144 46 24 9 4 1 
146196|Survivor|1: 405 147 46 24 9 4 1 
146230|Child_Avg|35|Mutated: 411 139 57 23 10 4 1 
146246|Child_Cross12|5: 402 139 55 24 9 4 1 
146248|Child_CrossABC1|1: 407 142 56 24 9 4 1 
146251|Child_CrossABC1|7: 401 143 56 24 9 4 1 
146252|Child_Cross21|10|Mutated: 375 132 49 24 9 4 1 
146280|Survivor|1: 404 129 50 24 9 4 1 
146283|Child_CrossABC2|2: 407 122 53 24 9 4 1 
146308|Child_Cross21|42: 415 113 44 24 9 4 1 
146332|Survivor|1: 409 142 54 23 10 4 1 
146337|Child_LevyABC2|6: 397 142 55 24 11 5 1 
146340|Child_Avg|27: 375 129 48 29 9 4 1 
146353|Child_Levy|8: 450 133 55 24 9 4 1 
146362|Child_CrossABC2|8: 399 122 47 24 9 4 1 
146411|Child_Levy|52: 560 191 59 24 9 4 1 
146429|Child_Levy|28: 517 151 58 24 9 4 1 
146433|Child_CrossABC2|2: 497 152 59 24 9 4 1 
146437|Child_CrossABC2|8: 523 148 58 24 9 4 1 
146441|Child_Avg|27: 499 145 52 24 9 4 1 
146442|Child_CrossABC2|8|Mutated: 492 149 59 24 9 4 1 
146448|Child_CrossABC1|1: 384 157 49 24 9 4 1 
146607|Survivor|1: 369 129 47 24 9 4 1 
146654|Child_Avg|19: 415 117 52 24 9 4 1 
146706|Child_Cross21|54|Mutated: 401 122 57 23 10 4 1 
146735|Survivor|1: 399 128 48 23 10 4 1 
146747|Child_CrossABC1|1: 390 134 47 24 9 4 1 
146839|Child_Avg|43: 364 109 47 23 10 4 1 
146848|Survivor|1: 356 128 45 23 10 4 1 
146872|Survivor|1: 337 123 47 23 10 4 1 
146879|Child_LevyP2|10: 371 121 47 24 9 4 1 
146892|Survivor|1: 384 102 48 23 10 4 1 
146908|Child_Levy|36: 584 158 64 29 9 4 1 
146928|Child_CrossABC1|7: 412 149 52 24 9 4 1 
146933|Survivor|1: 427 159 52 24 9 4 1 
146934|Child_Cross21|14: 423 145 52 24 9 4 1 
146957|Survivor|1: 459 132 46 24 9 4 1 
147034|Child_CrossABC1|7: 364 117 49 24 9 4 1 
147107|Survivor|1: 455 142 46 20 9 4 1 
147155|Survivor|1: 434 187 56 21 10 4 1 
147160|Child_CrossABC1|7: 428 178 57 20 9 4 1 
147161|Child_Cross12|33: 371 132 49 21 10 4 1 
147166|Child_CrossABC2|8: 387 134 68 21 10 4 1 
147170|Child_CrossABC1|7: 387 130 48 21 10 4 1 
147174|Child_Cross12|17: 314 127 45 21 10 4 1 
147181|Child_CrossABC2|8: 396 137 45 21 10 4 1 
147184|Child_Cross12|5: 351 127 45 21 10 4 1 
147193|Child_CrossABC1|7: 366 127 45 21 10 4 1 
147258|Child_CrossABC2|8: 363 124 51 23 10 4 1 
147272|Child_Avg|27: 392 124 51 23 10 4 1 
147391|Child_LevyP1|3: 339 133 56 24 9 4 1 
147488|Survivor|1: 465 124 46 24 9 4 1 
147493|Survivor|1: 414 113 50 23 8 3 1 
147501|Survivor|1: 427 121 50 24 9 4 1 
147526|Survivor|1: 477 126 55 24 9 4 1 
147533|Child_Avg|27: 466 131 50 24 9 4 1 
147538|Child_Cross21|18: 441 125 47 24 9 4 1 
147595|Survivor|1: 452 141 49 24 9 4 1 
147597|Child_Cross12|21: 394 140 49 24 9 4 1 
147599|Child_Cross12|21: 381 150 46 24 9 4 1 
147611|Survivor|1: 383 132 46 24 9 4 1 
147638|Child_Avg|7|Mutated: 451 143 56 21 10 4 1 
147646|Survivor|1: 410 117 47 21 10 4 1 
147650|Child_Cross12|41: 403 112 47 21 10 4 1 
147697|Survivor|1: 397 149 45 21 10 4 1 
147702|Child_Avg|59: 399 148 46 24 9 4 1 
147705|Child_CrossABC1|7: 394 143 46 24 9 4 1 
147713|Survivor|1: 469 143 46 24 9 4 1 
147787|Survivor|1: 325 128 43 24 9 4 1 
147824|Survivor|1: 301 117 51 19 10 4 1 
147830|Survivor|1: 348 122 43 20 9 4 1 
147846|Child_Avg|31: 357 125 43 20 9 4 1 
147867|Child_CrossABC1|7: 384 134 43 20 9 4 1 
147936|Child_CrossABC1|1|Validated: 746 197 76 27 10 4 1 
147996|Child_CrossABC2|2: 469 145 60 23 10 4 1 
148002|Child_Cross21|26: 367 108 46 24 9 4 1 
148003|Child_Cross12|45: 423 112 47 21 10 4 1 
148007|Child_CrossABC1|7: 403 115 56 24 9 4 1 
148009|Child_CrossABC1|1: 400 114 59 24 9 4 1 
148023|Child_Cross21|42: 393 119 58 24 9 4 1 
148048|Child_Cross21|38: 444 157 55 24 9 4 1 
148068|Child_Cross12|13: 379 138 58 24 9 4 1 
148076|Survivor|1: 379 138 65 24 9 4 1 
148081|Child_Cross12|5: 362 135 52 24 9 4 1 
148095|Survivor|1: 373 140 55 24 9 4 1 
148097|Child_Avg|7: 368 139 58 24 9 4 1 
148102|Child_CrossABC1|1|Mutated: 425 166 50 24 9 4 1 
148115|Child_Cross12|29: 368 139 44 24 9 4 1 
148118|Child_Levy|52: 366 142 43 24 9 4 1 
148189|Survivor|1|Mutated: 550 165 64 24 9 4 1 
148194|Child_LevyP2|10: 351 139 55 24 9 4 1 
148198|Child_Cross21|18|Mutated: 431 153 61 24 9 4 1 
148204|Survivor|1: 427 164 61 24 9 4 1 
148214|Child_LevyP2|10|Mutated: 399 145 55 23 10 4 1 
148217|Child_CrossABC1|1: 385 167 59 24 9 4 1 
148249|Survivor|1: 478 131 50 24 9 4 1 
148319|Survivor|1: 414 152 53 29 9 4 1 
148329|Survivor|1: 386 111 46 24 9 4 1 
148345|Survivor|1: 419 155 50 24 9 4 1 
148388|Child_Levy|56|Mutated: 416 135 56 21 10 4 1 
148409|Child_Cross12|9: 397 137 45 21 10 4 1 
148449|Child_Cross21|10: 419 123 44 23 10 4 1 
148521|Child_CrossABC1|1|Mutated: 613 171 55 24 9 4 1 
148534|Child_Avg|11|Mutated: 448 145 60 23 10 4 1 
148537|Survivor|1: 450 187 57 23 10 4 1 
148539|Child_CrossABC2|8: 456 187 61 23 10 4 1 
148543|Child_Avg|15: 419 157 58 24 9 4 1 
148546|Child_CrossABC1|1: 387 146 57 23 10 4 1 
148549|Survivor|1: 392 136 55 24 9 4 1 
148556|Child_LevyP2|10: 412 131 52 24 9 4 1 
148580|Survivor|1: 417 159 64 24 11 4 1 
148582|Child_Avg|7: 384 141 55 23 10 4 1 
148587|Child_Cross12|53: 394 146 55 24 9 4 1 
148595|Child_CrossABC2|8: 403 153 61 24 9 4 1 
148599|Child_CrossABC2|8: 386 151 62 24 9 4 1 
148604|Survivor|1: 407 147 62 24 9 4 1 
148607|Child_Cross21|54: 377 147 50 24 9 4 1 
148608|Child_Cross21|58: 338 129 58 24 9 4 1 
148609|Child_Levy|52: 444 155 58 23 10 4 1 
148610|Child_Cross21|54: 371 129 52 24 9 4 1 
148613|Child_Cross21|42: 402 145 50 24 9 4 1 
148623|Child_CrossABC2|8: 394 137 52 24 9 4 1 
148627|Child_Levy|60: 376 141 55 27 10 4 1 
148630|Child_Levy|8: 434 155 53 24 9 4 1 
148639|Survivor|1: 428 138 59 24 9 4 1 
148643|Child_Avg|27: 417 140 55 24 9 4 1 
148645|Child_Avg|19: 399 134 58 24 9 4 1 
148656|Survivor|1: 383 128 48 23 10 4 1 
148664|Survivor|1: 390 123 47 23 10 4 1 
148666|Child_CrossABC2|2|Mutated: 400 137 47 23 10 4 1 
148670|Child_CrossABC1|7: 375 135 47 23 10 4 1 
148681|Child_Cross21|54: 418 129 44 23 10 4 1 
148778|Child_Cross21|18: 413 125 44 24 9 4 1 
148790|Child_CrossABC1|1: 400 138 53 24 9 4 1 
148835|Child_Cross21|58: 400 126 47 23 10 4 1 
148911|Survivor|1: 543 162 75 32 13 4 1 
148918|Child_CrossABC1|1: 385 138 64 24 9 4 1 
148923|Child_Levy|44: 376 135 56 21 10 4 1 
148924|Child_Cross21|46: 392 122 49 21 10 4 1 
148933|Child_CrossABC2|8: 402 123 49 21 10 4 1 
148939|Child_CrossABC1|1: 413 127 49 21 10 4 1 
148943|Child_Avg|7: 397 120 46 20 9 4 1 
148978|Child_Avg|39: 372 121 43 20 9 4 1 
149058|Child_Avg|39: 434 163 53 24 9 4 1 
149062|Survivor|1: 365 121 43 20 9 4 1 
149063|Child_CrossABC1|1: 426 127 46 20 9 4 1 
149071|Child_CrossABC1|1: 390 134 45 20 9 4 1 
149081|Survivor|1: 370 102 43 20 9 4 1 
149133|Child_CrossABC1|1: 458 165 58 24 9 4 1 
149137|Survivor|1: 423 164 49 24 9 4 1 
149140|Survivor|1: 389 146 47 24 9 4 1 
149209|Child_CrossABC1|1: 399 152 53 24 9 4 1 
149246|Child_CrossABC2|8: 391 121 59 24 9 4 1 
149248|Survivor|1: 383 135 57 23 10 4 1 
149277|Survivor|1: 408 109 45 21 10 4 1 
149285|Survivor|1: 413 107 49 21 10 4 1 
149346|Child_CrossABC1|1|Mutated: 439 146 46 24 9 4 1 
149356|Survivor|1: 365 148 46 24 9 4 1 
149357|Child_CrossABC2|2: 403 149 47 24 9 4 1 
149398|Child_Cross12|25: 485 141 49 24 9 4 1 
149410|Survivor|1: 449 132 50 24 9 4 1 
149414|Survivor|1: 431 132 50 24 9 4 1 
149421|Survivor|1: 424 128 47 24 9 4 1 
149446|Child_CrossABC1|1: 404 114 49 21 10 4 1 
149452|Child_Cross21|38: 403 115 49 21 10 4 1 
149538|Survivor|1: 418 122 68 23 10 4 1 
149546|Child_Levy|36: 455 142 59 20 9 4 1 
149562|Child_Avg|59: 405 122 48 20 9 4 1 
149563|Child_CrossABC1|1: 431 127 46 20 9 4 1 
149569|Survivor|1: 384 127 46 20 9 4 1 
149573|Child_Avg|27: 381 138 43 20 9 4 1 
149585|Child_Avg|51: 384 141 43 20 9 4 1 
149587|Child_Cross12|5: 390 147 43 20 9 4 1 
149610|Child_Avg|23: 380 138 55 24 9 4 1 
149621|Child_Cross12|21: 444 128 45 21 10 4 1 
149705|Survivor|1: 406 118 41 24 9 4 1 
149714|Survivor|1: 382 115 49 24 9 4 1 
149722|Child_Avg|11: 397 123 46 24 9 4 1 
149725|Survivor|1: 417 148 47 23 10 4 1 
149733|Survivor|1: 365 115 49 21 10 4 1 
149769|Child_Avg|11: 464 163 64 24 9 4 1 
149772|Child_CrossABC1|1: 419 116 55 24 9 4 1 
149803|Survivor|1: 390 133 46 20 9 4 1 
149930|Survivor|1|Mutated: 516 142 55 24 9 4 1 
149951|Child_Cross21|38: 433 125 44 24 9 4 1 
149955|Survivor|1: 441 132 43 24 9 4 1 
150041|Child_CrossABC2|2: 392 141 58 24 9 4 1 
150043|Survivor|1|Mutated: 429 123 56 24 9 4 1 
150048|Survivor|1: 537 173 55 24 9 4 1 
150063|Child_Levy|28: 411 122 57 23 10 4 1 
150072|Child_LevyABC1|5: 371 131 52 24 9 4 1 
150080|Survivor|1: 405 124 53 24 9 4 1 
150081|Child_CrossABC2|8: 438 134 47 24 9 4 1 
150110|Child_Avg|19: 519 152 55 24 9 4 1 
150128|Child_CrossABC1|7: 424 136 56 25 9 4 1 
150174|Survivor|1: 396 121 41 19 10 4 1 
150246|Child_CrossABC1|1: 409 131 55 27 10 4 1 
150265|Survivor|1: 419 129 44 24 9 4 1 
150274|Child_CrossABC2|2|Mutated: 412 125 47 24 9 4 1 
150286|Survivor|1: 399 134 47 24 9 4 1 
150298|Child_CrossABC1|7: 440 124 53 24 9 4 1 
150304|Child_CrossABC2|8: 424 131 56 24 9 4 1 
150316|Child_CrossABC2|8: 364 130 55 24 9 4 1 
150321|Survivor|1: 392 119 58 24 9 4 1 
150331|Survivor|1: 517 160 67 24 9 4 1 
150386|Survivor|1: 372 125 48 23 10 4 1 
150391|Survivor|1: 381 110 48 23 10 4 1 
150404|Survivor|1: 389 120 44 23 10 4 1 
150460|Survivor|1: 459 144 61 29 9 4 1 
150464|Survivor|1: 526 152 61 24 9 4 1 
150470|Survivor|1|Mutated: 347 158 58 24 9 4 1 
150474|Child_CrossABC2|2: 358 163 53 24 9 4 1 
150478|Child_CrossABC1|7: 369 162 59 24 9 4 1 
150497|Survivor|1: 347 112 43 24 9 4 1 
150512|Survivor|1: 366 117 41 24 9 4 1 
150567|Child_CrossABC2|8: 398 129 44 24 9 4 1 
150651|Survivor|1: 458 127 49 24 9 4 1 
150693|Survivor|1: 419 116 49 24 9 4 1 
150708|Child_CrossABC2|8: 417 122 43 24 9 4 1 
150756|Survivor|1: 416 117 51 19 10 4 1 
150757|Child_Avg|55: 397 116 46 20 9 4 1 
150793|Child_Avg|11: 404 118 43 19 10 4 1 
150837|Survivor|1: 399 125 41 19 10 4 1 
150850|Child_Cross21|58: 388 133 53 24 9 4 1 
150853|Child_CrossABC2|2: 434 145 52 24 9 4 1 
150858|Survivor|1: 609 177 53 24 9 4 1 
150866|Survivor|1: 729 172 53 24 9 4 1 
150875|Child_CrossABC2|2: 438 133 46 20 9 4 1 
150884|Child_CrossABC1|1: 426 133 46 20 9 4 1 
150901|Child_Cross12|37: 364 125 43 20 9 4 1 
150963|Child_CrossABC2|2: 436 180 55 27 10 4 1 
150982|Child_Cross12|57: 406 143 46 21 10 4 1 
151020|Child_CrossABC1|7: 393 128 43 20 9 4 1 
151080|Survivor|1: 340 118 45 23 10 4 1 
151126|Child_Cross21|42: 356 135 48 23 10 4 1 
151134|Survivor|1|Mutated: 364 133 47 24 9 4 1 
151178|Child_CrossABC2|8: 633 142 58 24 9 4 1 
151226|Child_CrossABC2|2: 370 131 50 24 9 4 1 
151273|Child_CrossABC2|8: 394 120 46 21 10 4 1 
151357|Survivor|1: 439 140 62 24 11 5 1 
151364|Survivor|1: 385 125 54 23 10 4 1 
151370|Survivor|1: 404 133 47 23 10 4 1 
151380|Child_Avg|7: 391 124 47 23 10 4 1 
151401|Child_Cross21|30: 419 120 44 23 10 4 1 
151476|Survivor|1: 457 157 47 23 10 4 1 
151525|Survivor|1: 421 115 48 21 10 4 1 
151554|Child_CrossABC2|2: 616 166 58 23 10 4 1 
151568|Survivor|1: 403 133 47 23 10 4 1 
151638|Survivor|1: 419 126 43 24 9 4 1 
151693|Survivor|1: 397 135 44 24 9 4 1 
151701|Child_Avg|43: 443 131 48 21 10 4 1 
151710|Survivor|1: 385 123 43 24 9 4 1 
151735|Survivor|1: 449 162 61 19 10 4 1 
151741|Child_Avg|59: 397 141 54 19 10 4 1 
151753|Survivor|1: 402 157 51 19 10 4 1 
151769|Survivor|1: 352 135 46 24 9 4 1 
151786|Child_Cross12|49|Mutated: 387 135 49 24 9 4 1 
151788|Child_CrossABC1|1: 384 135 55 24 9 4 1 
151822|Child_Cross21|38: 435 149 55 29 9 4 1 
151826|Survivor|1: 459 143 55 29 9 4 1 
151831|Child_CrossABC1|7: 445 155 57 23 10 4 1 
151846|Survivor|1: 385 107 45 23 10 4 1 
151854|Survivor|1: 399 128 50 23 10 4 1 
151923|Child_Cross21|42: 421 135 49 24 9 4 1 
151928|Child_Cross21|34: 376 116 49 24 9 4 1 
151967|Child_Cross21|18: 417 128 46 24 9 4 1 
152010|Child_Levy|40|Mutated: 413 129 51 23 10 4 1 
152069|Child_CrossABC2|2: 387 128 45 23 10 4 1 
152101|Child_LevyABC2|6: 364 129 50 24 9 4 1 
152106|Child_LevyABC1|11: 401 145 54 23 10 4 1 
152109|Child_CrossABC2|8: 400 161 55 24 9 4 1 
152116|Child_CrossABC2|2: 397 152 53 24 9 4 1 
152117|Child_Cross21|26: 401 153 52 24 9 4 1 
152173|Child_LevyP2|10: 404 139 59 27 10 4 1 
152176|Child_Cross21|18: 385 130 47 24 9 4 1 
152181|Child_Levy|4: 411 130 57 23 10 4 1 
152213|Child_Cross21|34: 414 129 45 23 10 4 1 
152235|Child_CrossABC1|1: 374 121 50 24 9 4 1 
152245|Child_Cross21|26: 401 109 43 24 9 4 1 
152287|Survivor|1: 425 127 58 24 9 4 1 
152316|Child_CrossABC1|7: 392 117 49 21 10 4 1 
152324|Child_CrossABC1|7: 389 122 49 21 10 4 1 
152325|Child_Avg|3: 411 124 51 23 10 4 1 
152326|Child_CrossABC2|2: 406 124 51 23 10 4 1 
152329|Survivor|1: 422 181 55 24 9 4 1 
152355|Child_CrossABC2|2: 435 126 44 24 9 4 1 
152383|Survivor|1: 411 157 52 29 9 4 1 
152394|Child_Avg|7: 419 154 49 24 9 4 1 
152396|Child_CrossABC2|2: 420 167 49 24 9 4 1 
152429|Child_Cross21|42: 687 154 61 23 10 4 1 
152440|Child_Cross21|50: 403 123 58 23 10 4 1 
152513|Child_CrossABC2|2: 427 149 59 21 10 4 1 
152516|Child_CrossABC2|2: 405 165 59 21 10 4 1 
152518|Child_CrossABC1|7: 467 132 59 21 10 4 1 
152520|Child_CrossABC2|2: 417 157 59 21 10 4 1 
152523|Child_Avg|15: 428 146 56 21 10 4 1 
152524|Child_Avg|35: 412 146 57 23 10 4 1 
152528|Survivor|1: 416 115 49 21 10 4 1 
152530|Survivor|1: 403 119 53 24 9 4 1 
152554|Child_CrossABC2|8: 436 135 58 24 9 4 1 
152558|Child_CrossABC1|7|Mutated: 562 160 59 24 9 4 1 
152560|Child_Cross21|38: 427 138 56 24 9 4 1 
152581|Child_Cross12|33: 408 117 49 24 9 4 1 
152627|Child_Avg|59|Mutated: 418 134 55 27 10 4 1 
152635|Child_Avg|35: 380 130 57 23 10 4 1 
152637|Child_Cross21|46: 351 121 51 23 10 4 1 
152646|Child_Cross21|38: 422 124 47 24 9 4 1 
152688|Survivor|1: 456 125 49 21 10 4 1 
152697|Survivor|1: 436 123 46 24 9 4 1 
152727|Survivor|1: 391 141 43 24 9 4 1 
152739|Survivor|1: 351 121 52 24 9 4 1 
152780|Survivor|1: 401 118 56 24 11 4 1 
152894|Child_CrossABC1|7: 399 159 43 20 9 4 1 
152969|Child_Avg|43: 388 155 47 23 10 4 1 
152979|Child_CrossABC2|8: 425 155 52 24 9 4 1 
152986|Child_Cross21|14|Mutated: 383 146 52 24 9 4 1 
152991|Child_Cross12|37: 407 133 46 24 9 4 1 
153100|Child_CrossABC2|2|Mutated: 389 119 57 23 10 4 1 
153144|Child_Avg|35: 353 107 43 20 9 4 1 
153187|Survivor|1: 317 111 46 20 9 4 1 
153211|Child_CrossABC2|8: 397 150 70 24 9 4 1 
153214|Child_Avg|59: 392 135 52 24 9 4 1 
153215|Child_CrossABC2|8: 391 149 70 24 9 4 1 
153217|Child_Cross12|53: 388 132 61 24 9 4 1 
153226|Child_CrossABC1|7: 368 137 58 24 9 4 1 
153227|Child_Cross21|34: 385 141 56 24 9 4 1 
153230|Survivor|1: 373 142 58 24 9 4 1 
153241|Survivor|1: 360 133 49 24 9 4 1 
153243|Child_CrossABC1|7: 362 154 61 24 9 4 1 
153247|Survivor|1: 361 134 50 24 9 4 1 
153270|Survivor|1: 362 131 44 24 9 4 1 
153314|Survivor|1: 433 126 44 24 9 4 1 
153392|Child_Cross12|37: 399 127 43 20 9 4 1 
153402|Child_CrossABC2|8|Mutated: 395 127 49 24 9 4 1 
153464|Child_Cross21|2: 316 112 47 23 10 4 1 
153471|Survivor|1: 374 125 48 23 10 4 1 
153495|Child_Avg|3: 370 145 54 23 10 4 1 
153507|Child_Levy|32: 380 151 53 24 9 4 1 
153513|Child_CrossABC1|7|Mutated: 407 155 57 23 10 4 1 
153518|Child_Avg|23: 392 147 47 23 10 4 1 
153553|Child_Cross12|1: 378 148 44 23 10 4 1 
153563|Child_Cross12|45: 379 143 44 23 10 4 1 
153641|Survivor|1: 375 146 51 24 11 5 1 
153645|Child_Cross21|34: 395 140 45 23 10 4 1 
153657|Survivor|1|Mutated: 464 136 43 24 9 4 1 
153663|Child_Levy|60: 397 145 46 24 9 4 1 
153672|Child_Levy|12: 431 162 67 24 11 4 1 
153683|Child_CrossABC1|7: 406 151 43 24 9 4 1 
153695|Child_CrossABC1|7: 455 143 44 23 10 4 1 
153707|Survivor|1: 433 165 49 24 9 4 1 
153712|Survivor|1: 422 158 47 24 9 4 1 
153721|Child_Cross21|18: 413 146 43 24 9 4 1 
153732|Survivor|1: 312 118 43 20 9 4 1 
153741|Survivor|1: 316 113 46 20 9 4 1 
153750|Survivor|1: 317 123 43 24 9 4 1 
153823|Child_Avg|11: 387 163 52 24 9 4 1 
153826|Child_Avg|15: 412 160 55 24 9 4 1 
153845|Child_CrossABC1|7: 374 142 57 23 10 4 1 
153852|Survivor|1: 344 128 47 23 10 4 1 
153853|Child_Cross12|9: 363 136 48 21 10 4 1 
153854|Child_Cross21|46: 370 133 47 23 10 4 1 
153859|Child_CrossABC1|7: 380 135 47 23 10 4 1 
153882|Child_CrossABC2|2: 390 135 57 23 10 4 1 
153900|Child_Cross12|57: 393 146 47 23 10 4 1 
153903|Child_Cross12|33: 374 136 47 23 10 4 1 
153958|Child_Avg|55: 404 131 43 20 9 4 1 
153961|Child_Levy|48: 376 134 44 19 10 4 1 
153966|Child_Cross21|26: 384 131 43 20 9 4 1 
154009|Survivor|1: 398 138 43 20 9 4 1 
154019|Child_CrossABC1|7|Mutated: 385 127 55 20 9 4 1 
154086|Survivor|1: 411 116 46 20 9 4 1 
154153|Survivor|1: 317 115 48 21 10 4 1 
154172|Survivor|1|Mutated: 658 170 66 27 10 4 1 
154187|Survivor|1: 424 118 45 23 10 4 1 
154244|Child_CrossABC1|7: 382 111 46 20 9 4 1 
154251|Survivor|1: 376 113 52 20 9 4 1 
154257|Child_Avg|59: 356 110 48 23 10 4 1 
154271|Survivor|1: 383 112 50 24 9 4 1 
154278|Survivor|1: 380 111 46 24 9 4 1 
154329|Child_Levy|20: 387 151 53 27 10 4 1 
154339|Survivor|1: 356 115 48 21 10 4 1 
154345|Survivor|1: 371 142 50 24 9 4 1 
154356|Survivor|1: 394 156 43 24 9 4 1 
154358|Child_CrossABC2|8: 392 150 43 24 9 4 1 
154362|Survivor|1: 401 150 43 24 9 4 1 
154424|Child_CrossABC2|8|Mutated: 392 151 43 24 9 4 1 
154433|Child_Cross21|30: 382 150 43 24 9 4 1 
154451|Survivor|1: 325 146 52 24 9 4 1 
154460|Survivor|1: 347 162 64 24 9 4 1 
154465|Survivor|1: 346 146 43 24 9 4 1 
154493|Survivor|1: 371 142 43 24 9 4 1 
154506|Child_Cross21|42: 404 133 43 20 9 4 1 
154515|Child_CrossABC1|7: 400 129 49 24 9 4 1 
154521|Survivor|1: 404 134 43 20 9 4 1 
154541|Survivor|1: 390 121 43 20 9 4 1 
154568|Child_Avg|11: 402 128 41 20 9 4 1 
154622|Child_Avg|51: 404 127 41 19 10 4 1 
154654|Child_Avg|39: 407 127 41 19 10 4 1 
154672|Child_CrossABC2|2: 405 118 53 19 10 4 1 
154714|Survivor|1: 405 125 42 19 10 4 1 
154746|Survivor|1: 426 124 51 23 10 4 1 
154763|Child_CrossABC2|8: 434 125 54 23 10 4 1 
154818|Child_Cross21|14: 487 187 57 23 10 4 1 
154822|Child_Avg|51: 426 177 61 23 10 4 1 
154832|Survivor|1: 354 135 50 24 9 4 1 
154833|Child_Levy|4: 361 117 49 24 9 4 1 
154842|Child_CrossABC1|1: 370 138 49 24 9 4 1 
154848|Child_CrossABC1|7: 415 136 49 24 9 4 1 
154883|Child_Cross12|29|Mutated: 384 121 52 24 9 4 1 
154895|Child_CrossABC1|7: 399 138 55 24 9 4 1 
154898|Child_CrossABC2|2: 403 133 56 24 9 4 1 
154911|Child_Avg|11: 520 153 55 24 9 4 1 
154913|Child_CrossABC1|7: 626 160 67 24 9 4 1 
154950|Child_Cross12|13: 327 135 56 21 10 4 1 
154967|Child_Cross21|26: 420 130 45 21 10 4 1 
154971|Child_CrossABC2|8: 427 127 45 21 10 4 1 
154990|Survivor|1: 398 137 45 21 10 4 1 
155075|Survivor|1: 417 129 44 24 9 4 1 
155091|Child_Levy|36: 423 126 44 24 9 4 1 
155096|Child_Cross21|34: 408 126 44 23 10 4 1 
155160|Survivor|1: 624 201 80 23 10 4 1 
155165|Survivor|1: 490 141 61 24 9 4 1 
155167|Child_Cross12|21: 403 150 59 24 9 4 1 
155173|Child_Cross12|49: 411 165 49 24 9 4 1 
155179|Child_Avg|23: 418 146 53 24 9 4 1 
155189|Child_CrossABC2|8|Mutated: 418 116 49 24 9 4 1 
155191|Child_CrossABC1|7: 417 142 49 24 9 4 1 
155195|Survivor|1|Mutated: 463 132 49 24 9 4 1 
155218|Child_CrossABC1|7: 413 126 52 24 9 4 1 
155221|Child_CrossABC1|7: 416 128 53 24 9 4 1 
155231|Survivor|1: 415 127 52 24 9 4 1 
155236|Child_CrossABC1|1: 412 129 61 24 9 4 1 
155237|Child_CrossABC2|2: 430 127 52 24 9 4 1 
155266|Survivor|1|Mutated: 426 123 43 24 9 4 1 
155392|Survivor|1: 389 131 50 24 9 4 1 
155400|Child_CrossABC1|1: 363 125 46 24 9 4 1 
155401|Child_CrossABC1|1: 364 127 49 24 9 4 1 
155419|Survivor|1: 352 123 43 24 9 4 1 
155447|Child_Avg|27: 423 126 56 24 9 4 1 
155484|Child_CrossABC1|1: 411 126 62 24 9 4 1 
155539|Child_CrossABC1|1|Mutated: 404 136 43 24 9 4 1 
155577|Child_CrossABC1|1: 399 119 50 24 9 4 1 
155580|Child_CrossABC1|1: 407 115 49 24 9 4 1 
155606|Child_Avg|23: 408 123 47 24 9 4 1 
155618|Survivor|1: 433 148 46 24 9 4 1 
155622|Survivor|1: 448 131 44 24 9 4 1 
155680|Survivor|1: 610 133 58 23 10 4 1 
155683|Child_Avg|15: 359 113 48 23 10 4 1 
155690|Child_CrossABC1|7: 386 113 48 23 10 4 1 
155692|Child_CrossABC1|7: 382 113 48 23 10 4 1 
155695|Survivor|1: 418 121 47 23 10 4 1 
155702|Survivor|1: 415 122 46 20 9 4 1 
155729|Survivor|1: 394 149 56 27 10 4 1 
155733|Child_Cross21|26: 397 144 53 27 10 4 1 
155738|Survivor|1: 399 144 53 27 10 4 1 
155740|Child_Cross12|9: 406 147 52 27 10 4 1 
155745|Child_Cross21|22: 399 145 52 27 10 4 1 
155763|Child_Cross21|10: 373 145 52 27 10 4 1 
155782|Child_CrossABC1|7: 400 144 53 27 10 4 1 
155804|Child_Cross12|17|Mutated: 466 145 52 27 10 4 1 
155807|Child_Cross12|53|Mutated: 389 158 57 23 10 4 1 
155810|Child_Avg|59|Mutated: 390 145 57 23 10 4 1 
155817|Survivor|1: 391 145 62 27 10 4 1 
155819|Child_Cross12|21: 393 137 52 27 10 4 1 
155821|Child_CrossABC2|2: 395 142 52 27 10 4 1 
155824|Child_Avg|23|Mutated: 395 147 52 27 10 4 1 
155829|Child_Cross21|38: 455 145 52 27 10 4 1 
155840|Child_CrossABC2|8: 441 145 52 27 10 4 1 
155844|Child_CrossABC1|7: 404 145 53 27 10 4 1 
155847|Child_Cross12|29: 390 147 52 27 10 4 1 
155856|Child_CrossABC1|1: 451 138 55 21 10 4 1 
155859|Survivor|1: 485 185 55 24 9 4 1 
155861|Child_Cross21|34: 457 180 55 24 9 4 1 
155868|Child_Cross21|54: 391 132 50 24 9 4 1 
156033|Child_Avg|7: 458 133 46 24 9 4 1 
156051|Survivor|1: 407 126 45 19 10 4 1 
156081|Survivor|1: 400 126 44 23 10 4 1 
156091|Child_CrossABC2|8: 440 131 48 20 9 4 1 
156093|Child_Cross21|2|Mutated: 474 143 57 21 10 4 1 
156102|Child_CrossABC2|8: 422 133 46 20 9 4 1 
156118|Child_Avg|7: 410 131 46 20 9 4 1 
156120|Child_Cross21|38: 400 129 45 20 9 4 1 
156141|Child_Cross12|41|Mutated: 384 121 48 20 9 4 1 
156147|Child_Cross12|37: 384 144 43 20 9 4 1 
156208|Child_CrossABC1|1: 398 131 48 20 9 4 1 
156213|Child_Avg|19: 368 122 53 24 9 4 1 
156218|Child_Avg|35|Mutated: 452 133 49 24 9 4 1 
156225|Child_Avg|11: 489 173 52 24 9 4 1 
156229|Child_CrossABC1|7: 460 157 53 24 9 4 1 
156271|Child_LevyP2|10: 387 143 58 24 9 4 1 
156277|Child_CrossABC1|7: 379 144 50 24 9 4 1 
156282|Survivor|1: 384 159 50 24 9 4 1 
156285|Survivor|1: 405 162 50 24 9 4 1 
156288|Child_CrossABC1|1: 378 139 46 24 9 4 1 
156290|Child_Avg|23: 376 136 47 24 9 4 1 
156291|Child_Cross21|50: 379 138 47 24 9 4 1 
156293|Survivor|1: 378 135 47 24 9 4 1 
156296|Child_Cross12|21: 387 149 44 24 9 4 1 
156337|Child_Levy|8|Mutated: 415 157 55 20 9 4 1 
156339|Child_CrossABC1|1: 452 138 61 24 9 4 1 
156352|Child_Avg|43: 458 138 53 24 9 4 1 
156354|Child_Avg|55: 471 138 53 24 9 4 1 
156370|Survivor|1: 442 134 53 24 9 4 1 
156372|Child_Avg|31: 446 134 49 24 9 4 1 
156374|Child_CrossABC1|7: 447 132 50 24 9 4 1 
156403|Child_CrossABC1|1: 404 132 43 24 9 4 1 
156413|Child_Cross12|33: 419 132 43 24 9 4 1 
156444|Survivor|1: 455 141 49 24 9 4 1 
156452|Child_CrossABC2|2: 404 127 53 24 9 4 1 
156458|Child_Avg|39: 398 130 55 24 9 4 1 
156480|Child_Avg|3: 414 129 50 24 9 4 1 
156494|Child_LevyP2|10: 413 117 52 20 9 4 1 
156508|Survivor|1: 405 121 56 24 11 4 1 
156515|Child_Cross12|25: 504 149 64 24 9 4 1 
156516|Child_CrossABC1|1: 542 149 64 24 9 4 1 
156575|Child_Cross12|57: 399 114 49 21 10 4 1 
156576|Survivor|1|Mutated: 399 118 49 21 10 4 1 
156581|Child_CrossABC2|8: 420 125 49 21 10 4 1 
156586|Survivor|1: 427 125 48 21 10 4 1 
156591|Child_CrossABC2|8: 426 125 49 21 10 4 1 
156600|Survivor|1: 363 111 46 21 10 4 1 
156607|Child_Cross12|17: 372 112 45 21 10 4 1 
156610|Child_Cross21|14: 381 109 45 21 10 4 1 
156628|Child_Avg|31: 380 114 44 21 10 4 1 
156654|Child_Cross21|30: 397 114 44 21 10 4 1 
156668|Child_Cross21|54|Mutated: 392 114 49 21 10 4 1 
156699|Child_Avg|19: 394 114 43 20 9 4 1 
156706|Child_CrossABC2|2: 395 114 43 20 9 4 1 
156715|Child_Cross12|53: 395 117 43 20 9 4 1 
156801|Child_Cross12|21: 475 187 61 24 9 4 1 
156811|Survivor|1: 355 121 52 24 9 4 1 
156818|Child_Cross21|22: 427 121 45 21 10 4 1 
156824|Survivor|1: 398 122 43 19 10 4 1 
156902|Child_Cross21|18: 382 151 49 24 9 4 1 
156907|Child_Avg|47: 457 166 57 23 10 4 1 
156929|Survivor|1: 379 146 52 24 9 4 1 
156933|Survivor|1: 386 137 59 24 9 4 1 
156959|Survivor|1: 367 131 56 24 9 4 1 
156966|Child_LevyP1|9: 353 143 55 24 9 4 1 
156972|Child_Avg|15: 348 129 50 24 9 4 1 
157004|Survivor|1: 397 143 49 21 10 4 1 
157010|Child_Cross21|30: 403 149 47 23 10 4 1 
157017|Child_Avg|59: 384 144 45 23 10 4 1 
157044|Survivor|1: 433 119 44 24 9 4 1 
157104|Child_Avg|47: 407 126 49 24 9 4 1 
157171|Child_CrossABC2|8: 409 125 49 24 9 4 1 
157228|Survivor|1: 435 137 60 23 10 4 1 
157233|Survivor|1: 395 123 56 25 9 4 1 
157238|Child_CrossABC1|1: 412 123 56 25 9 4 1 
157241|Child_Cross21|22: 383 116 49 24 9 4 1 
157250|Child_Avg|43: 460 133 53 24 9 4 1 
157332|Child_Cross21|6: 391 119 45 23 10 4 1 
157357|Child_Avg|35: 379 146 56 24 9 4 1 
157360|Child_Avg|59: 395 134 51 23 10 4 1 
157363|Child_Avg|11: 376 137 53 24 9 4 1 
157372|Child_Avg|23: 464 164 49 24 9 4 1 
157375|Child_Cross12|41: 382 141 46 24 9 4 1 
157400|Survivor|1: 556 154 72 29 9 4 1 
157417|Survivor|1: 405 147 64 29 9 4 1 
157436|Survivor|1: 458 140 49 24 9 4 1 
157443|Child_Avg|51: 411 111 44 24 9 4 1 
157485|Child_Avg|19: 423 164 62 27 10 4 1 
157492|Child_CrossABC1|1: 384 131 53 24 9 4 1 
157506|Child_CrossABC2|8: 409 137 49 24 9 4 1 
157517|Child_Cross21|50: 395 146 44 24 9 4 1 
157518|Child_Avg|35: 417 118 44 24 9 4 1 
157618|Child_Levy|48: 369 153 52 24 9 4 1 
157621|Child_CrossABC2|8: 391 157 49 24 9 4 1 
157657|Survivor|1: 397 133 43 24 9 4 1 
157711|Survivor|1: 382 149 50 24 9 4 1 
157722|Survivor|1: 399 144 55 24 9 4 1 
157729|Child_CrossABC2|2: 395 130 55 24 9 4 1 
157775|Survivor|1: 456 163 52 29 9 4 1 
157782|Survivor|1: 456 155 52 29 9 4 1 
157795|Child_Cross12|41: 394 138 53 29 9 4 1 
157819|Child_Avg|39: 411 131 50 24 9 4 1 
157831|Survivor|1: 483 160 56 21 10 4 1 
157867|Child_Cross12|1: 386 130 48 21 10 4 1 
157870|Survivor|1: 411 120 46 21 10 4 1 
157875|Child_Avg|43: 419 120 46 20 9 4 1 
157907|Child_CrossABC2|2: 399 121 46 20 9 4 1 
157968|Survivor|1: 590 183 72 29 9 4 1 
157990|Survivor|1: 367 134 58 24 9 4 1 
158006|Survivor|1: 440 123 55 24 9 4 1 
158010|Child_CrossABC2|8: 423 128 55 24 9 4 1 
158013|Child_CrossABC1|1: 413 128 55 24 9 4 1 
158017|Child_CrossABC1|1: 367 127 50 24 9 4 1 
158021|Survivor|1: 430 131 53 24 9 4 1 
158022|Child_Avg|35: 394 129 58 24 9 4 1 
158030|Child_CrossABC2|8: 392 129 61 24 9 4 1 
158100|Child_CrossABC1|7: 415 114 53 24 9 4 1 
158135|Survivor|1: 319 122 53 24 9 4 1 
158140|Child_CrossABC2|2|Mutated: 421 139 55 24 9 4 1 
158148|Survivor|1: 338 132 59 24 9 4 1 
158149|Child_CrossABC2|8: 343 135 59 24 9 4 1 
158159|Survivor|1: 347 130 55 24 9 4 1 
158160|Child_Cross21|30: 347 127 52 24 9 4 1 
158162|Child_Avg|27: 348 129 53 24 9 4 1 
158166|Child_CrossABC2|2: 352 129 52 24 9 4 1 
158170|Survivor|1: 351 135 46 24 9 4 1 
158189|Child_CrossABC1|1: 348 135 46 24 9 4 1 
158217|Child_Cross12|37: 356 131 43 24 9 4 1 
158221|Child_Cross21|14|Mutated: 368 131 50 24 9 4 1 
158257|Child_Cross12|53|Mutated: 372 151 52 24 9 4 1 
158259|Child_Cross12|9: 372 145 43 24 9 4 1 
158296|Survivor|1: 452 162 61 23 10 4 1 
158300|Survivor|1: 405 150 56 24 11 5 1 
158328|Survivor|1: 449 135 47 24 9 4 1 
158351|Child_Cross21|18: 638 222 73 27 10 4 1 
158363|Child_Cross21|54: 581 154 53 27 10 4 1 
158367|Child_Avg|47: 550 156 54 23 10 4 1 
158369|Child_CrossABC1|1: 574 168 54 23 10 4 1 
158370|Child_Cross21|10: 501 148 54 23 10 4 1 
158376|Child_CrossABC2|8: 458 131 51 23 10 4 1 
158377|Child_Levy|36|Mutated: 431 173 52 24 9 4 1 
158382|Child_Cross21|6: 466 133 49 24 9 4 1 
158399|Child_Cross12|13|Mutated: 446 166 49 24 9 4 1 
158403|Child_Cross12|17: 442 132 49 24 9 4 1 
158406|Child_Cross21|34: 452 136 49 24 9 4 1 
158425|Child_CrossABC1|1: 377 167 49 24 9 4 1 
158427|Child_CrossABC2|8: 446 165 53 24 9 4 1 
158429|Child_CrossABC1|7: 436 167 55 24 9 4 1 
158430|Child_Levy|60: 434 161 55 24 9 4 1 
158435|Child_Cross12|45: 413 159 52 24 9 4 1 
158436|Child_CrossABC1|7: 436 159 49 24 9 4 1 
158438|Child_Cross12|5: 431 158 49 24 9 4 1 
158439|Child_Cross21|50: 442 165 49 24 9 4 1 
158443|Child_Avg|3: 434 154 49 24 9 4 1 
158445|Child_Cross21|26: 434 158 49 24 9 4 1 
158446|Child_Cross21|30: 437 155 49 24 9 4 1 
158447|Child_CrossABC1|1: 430 156 49 24 9 4 1 
158449|Child_Cross21|2: 443 158 49 24 9 4 1 
158451|Child_Avg|19|Mutated: 420 153 53 24 9 4 1 
158455|Child_Cross21|42: 435 155 49 24 9 4 1 
158470|Child_CrossABC1|1: 409 148 46 24 9 4 1 
158471|Child_Avg|31: 411 147 46 24 9 4 1 
158475|Child_Cross21|26: 413 146 46 24 9 4 1 
158480|Child_Cross21|46: 396 143 46 24 9 4 1 
158491|Child_Cross21|18: 392 145 46 24 9 4 1 
158498|Child_Avg|3|Mutated: 393 143 53 24 9 4 1 
158574|Child_Cross12|57: 455 151 52 24 9 4 1 
158600|Survivor|1: 357 126 47 24 9 4 1 
158604|Child_CrossABC1|1: 315 118 43 24 9 4 1 
158623|Child_CrossABC1|1: 365 117 46 24 9 4 1 
158635|Child_Avg|7: 389 127 52 24 9 4 1 
158660|Survivor|1: 399 135 55 23 10 4 1 
158662|Survivor|1|Mutated: 470 135 55 23 10 4 1 
158668|Survivor|1: 416 135 46 24 9 4 1 
158694|Child_Avg|51: 482 138 55 24 9 4 1 
158712|Child_CrossABC2|8: 393 121 46 20 9 4 1 
158774|Child_Levy|20: 381 142 46 20 9 4 1 
158781|Survivor|1: 381 142 52 20 9 4 1 
158864|Child_Avg|3: 556 159 67 24 9 4 1 
158872|Survivor|1: 383 147 55 24 9 4 1 
158926|Survivor|1: 548 136 56 25 9 4 1 
158956|Survivor|1: 388 119 51 23 10 4 1 
158984|Survivor|1: 394 118 61 24 9 4 1 
158991|Survivor|1: 397 147 52 24 9 4 1 
158998|Child_Cross21|46: 391 144 44 23 10 4 1 
159055|Child_CrossABC1|1: 395 107 49 21 10 4 1 
159067|Survivor|1: 375 107 47 21 10 4 1 
159087|Survivor|1|Mutated: 477 147 58 24 9 4 1 
159114|Child_Cross12|25: 443 143 51 19 10 4 1 
159130|Survivor|1: 427 121 48 20 9 4 1 
159133|Child_CrossABC2|8: 430 121 48 20 9 4 1 
159173|Child_Cross12|49: 401 128 43 20 9 4 1 
159196|Survivor|1: 454 130 59 21 10 4 1 
159203|Child_CrossABC2|2: 450 131 54 24 11 4 1 
159210|Survivor|1: 368 109 49 24 9 4 1 
159211|Child_Avg|7: 283 113 45 21 10 4 1 
159216|Child_Avg|59: 384 111 46 21 10 4 1 
159231|Survivor|1: 372 111 46 21 10 4 1 
159237|Child_Cross12|13: 357 111 46 21 10 4 1 
159239|Survivor|1|Mutated: 357 132 46 21 10 4 1 
159249|Survivor|1: 420 113 45 21 10 4 1 
159308|Child_CrossABC1|7: 404 108 43 24 9 4 1 
159340|Child_LevyP1|3: 528 209 66 27 10 4 1 
159356|Child_CrossABC1|1: 428 137 52 24 9 4 1 
159368|Child_LevyP2|4: 448 133 53 24 9 4 1 
159371|Child_CrossABC2|8: 452 138 53 24 9 4 1 
159377|Survivor|1|Mutated: 441 138 53 24 9 4 1 
159437|Survivor|1: 402 123 46 24 9 4 1 
159441|Child_CrossABC2|2: 401 111 55 24 9 4 1 
159470|Survivor|1: 395 119 44 24 9 4 1 
159475|Survivor|1: 391 117 43 24 9 4 1 
159481|Survivor|1: 434 122 47 24 9 4 1 
159492|Child_Levy|52: 378 111 47 24 9 4 1 
159526|Child_CrossABC1|7: 379 139 46 24 9 4 1 
159529|Child_Avg|47: 397 140 49 24 9 4 1 
159535|Child_Levy|4: 396 138 48 23 10 4 1 
159580|Child_CrossABC2|2: 398 132 59 24 9 4 1 
159618|Child_CrossABC2|8: 394 150 43 20 9 4 1 
159652|Child_Cross21|58: 414 111 49 24 9 4 1 
159657|Survivor|1: 438 193 59 24 9 4 1 
159662|Child_CrossABC1|7: 671 185 62 24 9 4 1 
159667|Child_CrossABC1|7: 373 142 49 24 9 4 1 
159682|Survivor|1: 408 123 50 24 9 4 1 
159684|Child_Cross21|42: 408 148 45 21 10 4 1 
159705|Survivor|1: 395 143 44 24 9 4 1 
159764|Survivor|1: 385 143 45 21 10 4 1 
159777|Survivor|1: 376 121 41 19 10 4 1 
159796|Child_LevyABC2|12: 372 139 56 21 10 4 1 
159802|Child_Cross21|58: 343 128 47 21 10 4 1 
159809|Child_Cross12|53: 341 130 45 21 10 4 1 
159830|Child_Avg|31: 361 118 43 20 9 4 1 
159841|Child_Cross12|9|Mutated: 364 121 48 20 9 4 1 
159848|Child_Avg|23: 361 122 43 20 9 4 1 
159849|Child_Cross21|10: 354 130 43 20 9 4 1 
159928|Survivor|1: 344 110 43 20 9 4 1 
159931|Child_Cross12|5: 386 133 43 20 9 4 1 
159944|Survivor|1: 383 133 43 20 9 4 1 
159974|Child_CrossABC2|2: 329 126 45 19 10 4 1 
159994|Survivor|1: 323 125 43 20 9 4 1 
160018|Survivor|1: 288 107 43 20 9 4 1 
160066|Child_Avg|15: 403 129 55 24 9 4 1 
160073|Child_CrossABC1|7: 405 129 58 24 9 4 1 
160080|Child_Cross21|26: 411 170 56 21 10 4 1 
160090|Child_CrossABC1|7: 408 124 56 21 10 4 1 
160091|Survivor|1|Mutated: 424 124 56 21 10 4 1 
160093|Child_CrossABC2|8: 396 114 49 21 10 4 1 
160094|Child_Avg|7: 378 134 49 21 10 4 1 
160117|Survivor|1: 357 145 63 27 10 4 1 
160121|Survivor|1: 397 133 46 21 10 4 1 
160124|Child_Levy|52|Mutated: 387 140 54 20 9 4 1 
160126|Child_CrossABC1|1: 386 137 53 19 10 4 1 
160216|Survivor|1: 328 130 61 24 9 4 1 
160220|Survivor|1: 310 127 49 24 9 4 1 
160223|Survivor|1: 365 126 47 24 9 4 1 
160226|Child_Avg|15: 360 125 48 23 10 4 1 
160227|Survivor|1|Mutated: 301 125 48 23 10 4 1 
160232|Child_LevyABC1|11: 349 134 47 24 9 4 1 
160241|Child_CrossABC1|1: 347 137 52 24 9 4 1 
160249|Survivor|1: 350 143 49 24 9 4 1 
160261|Child_CrossABC2|2: 321 124 46 24 9 4 1 
160275|Survivor|1: 319 124 46 24 9 4 1 
160297|Child_Cross21|46: 325 127 43 24 9 4 1 
160304|Survivor|1: 315 127 50 24 9 4 1 
160317|Child_CrossABC2|8: 391 157 50 24 9 4 1 
160330|Survivor|1: 397 149 52 24 9 4 1 
160360|Child_LevyP2|10: 365 136 49 24 9 4 1 
160372|Child_CrossABC2|8: 317 129 49 24 9 4 1 
160389|Child_Avg|43: 444 159 52 24 9 4 1 
160402|Survivor|1: 389 128 59 24 9 4 1 
160404|Child_CrossABC1|7|Mutated: 395 126 62 24 9 4 1 
160436|Survivor|1: 395 135 57 23 10 4 1 
160440|Survivor|1: 316 121 48 20 9 4 1 
160444|Child_Avg|39: 334 120 46 21 10 4 1 
160456|Child_Cross21|22: 352 121 43 20 9 4 1 
160501|Survivor|1: 344 127 53 25 9 4 1 
160507|Child_Cross21|26: 394 128 53 24 9 4 1 
160523|Survivor|1: 362 121 43 20 9 4 1 
160545|Survivor|1: 341 121 43 20 9 4 1 
160565|Child_Cross21|58: 359 109 41 20 9 4 1 
160662|Survivor|1: 404 128 47 23 10 4 1 
160699|Child_CrossABC1|1: 395 113 46 20 9 4 1 
160716|Survivor|1: 377 102 43 20 9 4 1 
160720|Survivor|1: 378 102 43 20 9 4 1 
160747|Child_Cross21|26: 385 103 39 20 9 4 1 
160754|Child_Avg|23: 390 103 39 20 9 4 1 
160801|Survivor|1: 397 127 52 24 9 4 1 
160817|Child_Levy|20: 388 126 47 23 10 4 1 
160828|Child_CrossABC1|1: 382 126 47 23 10 4 1 
160870|Child_CrossABC2|2: 351 138 55 24 9 4 1 
160884|Child_CrossABC1|1: 351 134 50 24 9 4 1 
160890|Child_Avg|23: 361 132 50 24 9 4 1 
160891|Child_Cross21|42: 345 134 50 24 9 4 1 
160892|Child_Avg|19: 342 129 49 24 9 4 1 
160916|Child_Avg|47: 450 139 52 24 9 4 1 
160949|Survivor|1: 398 127 57 23 10 4 1 
160960|Child_Avg|35: 368 131 61 24 9 4 1 
160976|Survivor|1: 322 132 43 24 9 4 1 
161021|Survivor|1: 371 132 47 23 10 4 1 
161028|Child_Levy|8: 470 151 53 24 9 4 1 
161045|Child_Cross21|26: 441 149 52 24 9 4 1 
161047|Child_Cross21|46: 413 152 49 24 9 4 1 
161052|Child_CrossABC1|7: 415 124 47 24 9 4 1 
161060|Child_CrossABC2|8: 426 129 50 24 9 4 1 
161071|Child_Cross12|49: 334 133 47 23 10 4 1 
161072|Child_Cross21|34: 448 135 47 24 9 4 1 
161092|Child_Cross12|57: 451 127 43 24 9 4 1 
161113|Survivor|1: 441 134 46 20 9 4 1 
161118|Survivor|1|Mutated: 409 134 43 20 9 4 1 
161168|Child_CrossABC2|2|Mutated: 449 126 52 24 9 4 1 
161170|Child_Avg|27|Mutated: 413 155 49 21 10 4 1 
161173|Child_Cross12|33: 413 155 49 24 9 4 1 
161175|Child_Avg|35: 415 145 49 21 10 4 1 
161179|Survivor|1: 420 129 49 24 9 4 1 
161185|Survivor|1: 371 122 48 20 9 4 1 
161222|Child_Avg|15: 424 131 49 21 10 4 1 
161270|Survivor|1: 607 173 75 24 11 5 1 
161276|Child_CrossABC1|1: 547 155 68 23 10 4 1 
161294|Child_Avg|3: 411 128 47 24 9 4 1 
161315|Child_Avg|43: 421 132 43 24 9 4 1 
161326|Survivor|1: 415 135 47 24 9 4 1 
161337|Child_CrossABC1|7: 419 135 47 24 9 4 1 
161392|Child_LevyABC2|6: 374 111 55 24 9 4 1 
161419|Child_Cross21|10|Mutated: 412 118 49 25 9 4 1 
161421|Survivor|1: 429 129 47 24 9 4 1 
161494|Child_Cross12|41|Mutated: 433 126 52 24 9 4 1 
161518|Child_CrossABC1|1: 445 128 53 24 9 4 1 
161523|Survivor|1: 433 129 49 24 11 4 1 
161548|Survivor|1: 387 119 41 23 8 3 1 
161597|Child_Avg|51: 419 129 45 23 10 4 1 
161602|Child_Avg|15: 464 164 55 24 9 4 1 
161603|Child_CrossABC1|7: 463 159 50 24 9 4 1 
161604|Child_CrossABC2|8: 436 175 53 24 9 4 1 
161618|Child_CrossABC2|2: 432 175 52 24 9 4 1 
161629|Child_CrossABC1|1: 453 137 43 24 9 4 1 
161632|Child_CrossABC1|1: 443 132 43 24 9 4 1 
161664|Child_CrossABC1|7: 390 135 55 24 9 4 1 
161760|Child_Avg|43: 390 149 56 24 9 4 1 
161775|Survivor|1: 377 141 49 24 9 4 1 
161873|Survivor|1: 359 117 50 24 9 4 1 
161899|Survivor|1: 362 108 51 23 10 4 1 
161906|Survivor|1|Mutated: 362 108 60 23 10 4 1 
161910|Survivor|1: 325 143 49 24 9 4 1 
161921|Child_Avg|31|Mutated: 339 127 49 24 9 4 1 
161926|Child_CrossABC2|8: 560 160 55 24 9 4 1 
161941|Survivor|1: 447 126 43 24 9 4 1 
161942|Child_Avg|59: 450 132 43 24 9 4 1 
161949|Child_Cross12|29: 450 136 43 24 9 4 1 
161983|Child_CrossABC1|1: 409 118 50 24 9 4 1 
161986|Child_CrossABC2|2: 457 119 58 24 9 4 1 
161989|Survivor|1: 433 119 58 24 9 4 1 
161990|Child_Cross12|41: 410 124 53 24 9 4 1 
162041|Child_CrossABC2|2: 385 127 46 20 9 4 1 
162049|Child_Cross12|53: 358 124 43 20 9 4 1 
162118|Child_CrossABC1|7|Mutated: 350 123 57 23 10 4 1 
162120|Child_CrossABC2|2: 441 122 54 23 10 4 1 
162126|Child_Cross21|34: 412 117 45 23 10 4 1 
162137|Survivor|1: 464 121 46 24 9 4 1 
162142|Child_Cross21|38: 400 125 46 24 9 4 1 
162167|Child_CrossABC2|2: 677 212 67 23 10 4 1 
162174|Child_Cross12|41: 487 140 54 23 10 4 1 
162176|Child_CrossABC2|2: 480 135 55 24 9 4 1 
162178|Child_Avg|43: 428 123 52 24 9 4 1 
162179|Child_Cross12|25: 421 124 53 24 9 4 1 
162180|Child_Cross12|33: 445 135 50 24 9 4 1 
162235|Child_CrossABC2|8: 442 133 55 24 9 4 1 
162279|Child_Cross21|42: 403 126 51 23 10 4 1 
162290|Survivor|1|Mutated: 417 126 51 23 10 4 1 
162295|Child_Cross12|53|Mutated: 335 126 51 23 10 4 1 
162298|Survivor|1: 320 117 47 21 10 4 1 
162300|Child_Cross21|6: 323 120 46 21 10 4 1 
162301|Child_CrossABC1|1: 316 118 50 21 10 4 1 
162302|Child_CrossABC2|8: 310 117 49 21 10 4 1 
162309|Child_Cross12|29: 972 282 105 43 20 9 4 1 
162316|Survivor|1: 282 105 43 20 9 4 1 
162324|Child_Avg|51: 343 129 55 24 9 4 1 
162335|Child_CrossABC1|7: 348 129 55 24 9 4 1 
162349|Survivor|1: 321 125 52 24 9 4 1 
162350|Child_Cross12|41|Mutated: 335 132 53 24 9 4 1 
162353|Child_CrossABC2|8: 328 132 53 24 9 4 1 
162357|Child_Cross21|2: 319 122 52 24 9 4 1 
162359|Child_Avg|31: 347 131 50 24 9 4 1 
162391|Child_Avg|7: 423 128 56 27 10 4 1 
162395|Survivor|1: 423 131 55 27 10 4 1 
162400|Child_CrossABC1|1: 424 131 55 27 10 4 1 
162401|Child_CrossABC1|7: 423 133 56 27 10 4 1 
162407|Child_Cross21|22: 422 131 55 24 9 4 1 
162414|Child_Avg|35: 437 132 59 24 9 4 1 
162426|Child_CrossABC1|1: 443 132 53 24 9 4 1 
162428|Child_Cross21|54: 403 137 53 24 9 4 1 
162612|Survivor|1: 552 177 60 28 11 4 1 
162615|Child_Avg|39: 384 114 55 24 9 4 1 
162672|Child_Avg|11|Mutated: 410 137 54 23 10 4 1 
162734|Survivor|1: 409 115 44 23 10 4 1 
162740|Survivor|1: 476 170 53 24 9 4 1 
162744|Child_CrossABC1|1: 462 172 53 24 9 4 1 
162746|Child_CrossABC1|1: 363 146 62 24 9 4 1 
162755|Survivor|1: 377 133 46 20 9 4 1 
162765|Survivor|1: 391 141 48 21 10 4 1 
162820|Child_Avg|51: 402 138 49 24 9 4 1 
162829|Child_Avg|47: 400 141 50 24 9 4 1 
162892|Child_Levy|56: 418 114 51 23 10 4 1 
162951|Child_CrossABC2|8: 457 158 53 24 9 4 1 
163006|Child_Avg|11: 373 131 52 24 9 4 1 
163009|Child_Avg|59: 372 129 52 24 9 4 1 
163014|Child_CrossABC2|8: 376 129 50 24 9 4 1 
163017|Child_Cross12|49: 366 126 47 24 9 4 1 
163061|Survivor|1: 430 138 55 23 10 4 1 
163088|Child_CrossABC2|2|Mutated: 393 122 48 20 9 4 1 
163101|Survivor|1|Mutated: 393 137 48 20 9 4 1 
163107|Survivor|1: 380 121 50 24 9 4 1 
163127|Survivor|1: 398 108 43 24 9 4 1 
163192|Survivor|1|Mutated: 392 158 53 24 9 4 1 
163211|Survivor|1: 428 167 55 23 10 4 1 
163212|Child_CrossABC1|7: 484 157 50 24 9 4 1 
163253|Child_Cross21|58: 382 150 59 24 9 4 1 
163264|Child_CrossABC2|8: 377 150 59 24 9 4 1 
163269|Child_Avg|11: 381 148 53 24 9 4 1 
163271|Child_Cross21|6: 377 132 50 24 9 4 1 
163293|Child_Cross21|14: 396 129 44 24 9 4 1 
163295|Child_CrossABC1|1: 416 121 52 24 9 4 1 
163321|Survivor|1: 426 131 44 24 9 4 1 
163330|Child_Levy|44: 435 133 54 23 10 4 1 
163331|Child_CrossABC2|8: 449 132 56 21 10 4 1 
163347|Child_Cross21|46: 429 127 47 21 10 4 1 
163351|Child_CrossABC2|2: 476 129 56 21 10 4 1 
163363|Child_Avg|19: 441 131 56 21 10 4 1 
163378|Child_Cross21|50: 359 111 46 21 10 4 1 
163379|Child_Avg|55: 405 119 46 20 9 4 1 
163400|Child_Cross21|2: 404 115 45 21 10 4 1 
163405|Child_Cross21|46: 410 116 45 21 10 4 1 
163434|Survivor|1: 400 113 46 20 9 4 1 
163439|Child_Cross21|22|Mutated: 375 117 46 20 9 4 1 
163440|Child_Cross12|21: 388 109 45 20 9 4 1 
163506|Child_Cross21|58: 382 110 51 19 10 4 1 
163508|Child_LevyP2|10: 583 188 66 24 11 5 1 
163509|Child_Avg|31|Mutated: 403 118 53 19 10 4 1 
163512|Child_Avg|19: 414 127 56 25 9 4 1 
163521|Survivor|1: 280 110 51 19 10 4 1 
163532|Survivor|1: 422 133 63 19 10 4 1 
163556|Survivor|1|Mutated: 372 137 55 24 9 4 1 
163598|Survivor|1: 422 121 52 24 9 4 1 
163616|Child_CrossABC1|7: 428 125 48 21 10 4 1 
163617|Child_CrossABC1|1|Mutated: 429 125 56 21 10 4 1 
163627|Child_CrossABC2|8: 422 127 60 21 10 4 1 
163633|Child_CrossABC2|2: 426 132 59 20 9 4 1 
163683|Child_Avg|31: 341 124 43 20 9 4 1 
163699|Child_Avg|55: 368 106 41 19 10 4 1 
163833|Survivor|1: 415 121 47 24 9 4 1 
163850|Child_Avg|47: 419 120 46 21 10 4 1 
163893|Survivor|1: 410 135 47 24 9 4 1 
163911|Survivor|1: 407 136 43 24 9 4 1 
163931|Child_LevyP1|3|Mutated: 367 124 46 24 9 4 1 
163987|Child_Avg|59: 517 162 59 24 9 4 1 
163999|Survivor|1|Mutated: 356 125 47 24 9 4 1 
164004|Child_LevyP1|9|Mutated: 368 135 58 23 10 4 1 
164036|Survivor|1: 401 114 42 19 10 4 1 
164059|Child_CrossABC2|2: 402 118 53 19 10 4 1 
164092|Child_Avg|59: 401 118 41 19 10 4 1 
164112|Child_CrossABC2|8: 391 118 53 19 10 4 1 
164234|Child_Avg|7: 389 118 41 19 10 4 1 
164270|Child_CrossABC2|2: 579 137 58 23 10 4 1 
164283|Child_Cross12|37: 418 133 47 23 10 4 1 
164288|Child_Cross21|50: 446 132 47 23 10 4 1 
164302|Child_Cross12|41: 431 132 47 23 10 4 1 
164331|Child_Avg|3: 412 132 47 23 10 4 1 
164342|Child_Avg|15: 415 132 47 23 10 4 1 
164347|Child_Cross12|33: 448 136 47 23 10 4 1 
164353|Child_Cross12|21: 410 132 47 23 10 4 1 
164366|Child_Avg|7: 403 132 47 23 10 4 1 
164371|Child_Avg|59: 402 132 47 23 10 4 1 
164380|Child_Cross12|37: 409 133 47 23 10 4 1 
164384|Child_Cross21|18: 407 147 47 23 10 4 1 
164597|Child_Avg|19|Mutated: 319 117 43 24 9 4 1 
164630|Survivor|1: 315 108 43 24 9 4 1 
164668|Survivor|1: 385 126 44 23 10 4 1 
164695|Child_Avg|11: 475 143 58 24 9 4 1 
164716|Child_CrossABC2|8: 396 172 53 24 9 4 1 
164730|Child_Levy|4: 395 129 45 20 9 4 1 
164732|Child_CrossABC1|1: 389 135 50 24 9 4 1 
164810|Survivor|1: 399 120 49 24 9 4 1 
164812|Survivor|1: 397 124 53 24 9 4 1 
164816|Survivor|1: 465 119 49 24 9 4 1 
164818|Survivor|1|Mutated: 450 145 50 24 9 4 1 
164834|Child_LevyP1|9: 479 174 52 24 9 4 1 
164845|Survivor|1: 318 125 47 23 10 4 1 
164847|Child_Avg|7: 330 127 47 23 10 4 1 
164853|Child_Cross12|1: 403 130 45 23 10 4 1 
164868|Survivor|1: 318 125 44 23 10 4 1 
164939|Child_Levy|8: 382 119 57 23 10 4 1 
164956|Survivor|1: 391 119 44 24 9 4 1 
165014|Survivor|1: 395 111 41 23 8 3 1 
165026|Child_CrossABC2|2: 405 111 46 21 10 4 1 
165117|Survivor|1: 394 114 48 21 10 4 1 
165122|Child_Levy|32: 394 121 49 21 10 4 1 
165124|Survivor|1|Mutated: 394 121 57 21 10 4 1 
165137|Child_CrossABC2|2: 399 125 49 21 10 4 1 
165148|Child_Avg|47: 429 127 46 20 9 4 1 
165159|Child_CrossABC1|7: 394 119 46 20 9 4 1 
165173|Child_Avg|51: 384 117 43 20 9 4 1 
165237|Child_LevyABC2|12: 402 152 56 27 10 4 1 
165241|Child_Cross12|17: 405 149 55 27 10 4 1 
165243|Child_CrossABC2|8: 409 152 55 27 10 4 1 
165244|Child_CrossABC1|7: 405 146 55 27 10 4 1 
165248|Survivor|1: 394 144 55 27 10 4 1 
165259|Child_Levy|40: 387 139 53 24 9 4 1 
165261|Child_CrossABC1|7: 364 138 53 24 9 4 1 
165265|Child_Avg|27: 378 133 55 24 9 4 1 
165288|Child_Avg|15: 343 135 47 23 10 4 1 
165291|Child_Levy|20: 368 147 68 24 9 4 1 
165292|Child_CrossABC2|8: 404 146 55 24 9 4 1 
165298|Child_CrossABC2|2: 398 145 47 24 9 4 1 
165324|Survivor|1: 399 144 49 24 9 4 1 
165325|Child_CrossABC2|8: 400 148 47 24 9 4 1 
165398|Survivor|1: 408 132 55 20 9 4 1 
165439|Survivor|1: 401 140 44 23 10 4 1 
165477|Survivor|1: 647 146 66 29 9 4 1 
165486|Child_CrossABC1|1: 646 145 59 21 10 4 1 
165492|Survivor|1|Mutated: 615 146 57 20 9 4 1 
165518|Child_Avg|15: 535 143 67 21 10 4 1 
165534|Child_Avg|43: 389 117 44 24 9 4 1 
165563|Survivor|1|Mutated: 551 138 61 24 9 4 1 
165565|Child_Avg|39: 469 128 53 24 9 4 1 
165572|Survivor|1: 414 119 45 23 10 4 1 
165602|Survivor|1: 393 111 47 24 9 4 1 
165607|Survivor|1: 401 119 49 24 9 4 1 
165630|Child_Avg|11: 485 161 52 24 9 4 1 
165645|Child_CrossABC1|7|Mutated: 318 142 49 24 9 4 1 
165648|Child_CrossABC1|7: 412 139 49 24 9 4 1 
165649|Child_CrossABC1|1: 444 139 53 24 9 4 1 
165662|Child_LevyABC1|5: 448 143 55 24 9 4 1 
165663|Child_CrossABC2|8: 440 138 55 24 9 4 1 
165665|Child_Cross21|34: 431 163 52 24 9 4 1 
165670|Child_CrossABC2|8: 414 165 49 24 9 4 1 
165755|Survivor|1: 355 118 57 23 10 4 1 
165756|Child_Levy|56: 421 146 64 24 9 4 1 
165770|Survivor|1: 417 142 50 24 9 4 1 
165779|Child_Cross21|46: 387 139 45 23 10 4 1 
165788|Child_CrossABC2|8: 382 149 58 24 9 4 1 
165790|Child_CrossABC1|1: 383 149 58 24 9 4 1 
165810|Survivor|1: 369 109 47 23 10 4 1 
165863|Child_Cross12|37: 414 118 45 24 11 4 1 
165904|Child_Avg|3: 411 112 39 20 9 4 1 
165947|Survivor|1: 533 214 70 23 10 4 1 
165971|Child_CrossABC1|1: 427 153 54 23 10 4 1 
165972|Child_Avg|43: 404 155 52 24 9 4 1 
165990|Child_CrossABC1|1: 400 153 52 24 9 4 1 
165991|Child_CrossABC1|1: 387 163 59 24 9 4 1 
165995|Child_CrossABC2|8: 402 160 55 24 9 4 1 
166046|Child_Avg|51: 385 147 52 20 9 4 1 
166109|Child_Cross21|6: 382 118 41 20 9 4 1 
166159|Survivor|1: 398 120 47 25 8 3 1 
166169|Child_CrossABC2|8: 393 116 49 24 9 4 1 
166187|Child_CrossABC1|1|Mutated: 393 128 49 24 9 4 1 
166232|Child_Avg|35: 359 130 43 20 9 4 1 
166269|Survivor|1: 996 821 308 107 43 20 9 4 1 
166294|Survivor|1: 517 138 57 20 9 4 1 
166316|Child_Cross21|58: 356 107 43 19 10 4 1 
166338|Survivor|1: 456 118 45 21 10 4 1 
166419|Child_Levy|20: 368 169 57 23 10 4 1 
166420|Child_Avg|15: 368 168 57 23 10 4 1 
166427|Child_Avg|51: 373 149 47 23 10 4 1 
166429|Child_Cross21|18: 378 123 47 23 10 4 1 
166437|Child_CrossABC1|1: 379 147 47 23 10 4 1 
166445|Child_Avg|39: 444 159 47 23 10 4 1 
166494|Survivor|1: 464 137 51 19 10 4 1 
166500|Child_CrossABC2|8: 463 131 51 23 10 4 1 
166505|Child_Avg|59: 389 109 44 19 10 4 1 
166522|Survivor|1: 457 133 55 27 10 4 1 
166558|Child_Avg|11: 378 116 46 21 10 4 1 
166588|Survivor|1: 402 139 53 25 9 4 1 
166604|Child_CrossABC1|7: 370 142 61 24 9 4 1 
166625|Child_Levy|12: 385 129 53 24 9 4 1 
166663|Survivor|1: 374 130 54 25 10 4 1 
166674|Child_CrossABC2|8|Mutated: 349 139 53 24 9 4 1 
166675|Child_CrossABC2|8: 362 139 53 24 9 4 1 
166689|Child_CrossABC1|7: 378 132 49 24 9 4 1 
166694|Survivor|1: 379 123 50 24 9 4 1 
166707|Child_CrossABC2|8: 379 133 48 23 10 4 1 
166715|Child_Cross21|58: 379 132 47 23 10 4 1 
166754|Child_Avg|15: 350 135 47 23 10 4 1 
166757|Child_Cross21|58: 416 112 47 23 10 4 1 
166763|Child_Avg|3: 368 135 47 23 10 4 1 
166777|Child_Cross12|49: 379 156 47 23 10 4 1 
166782|Child_Avg|19|Mutated: 376 135 57 23 10 4 1 
166801|Child_Cross21|6: 402 148 47 23 10 4 1 
166867|Child_Cross12|57: 427 121 45 23 10 4 1 
167004|Child_Levy|56: 426 165 62 27 10 4 1 
167008|Child_CrossABC2|2: 458 176 59 27 10 4 1 
167012|Child_Avg|35|Mutated: 421 125 52 20 9 4 1 
167021|Child_CrossABC2|8: 422 125 52 20 9 4 1 
167031|Child_Cross12|13: 434 121 52 20 9 4 1 
167032|Child_Levy|44: 433 126 51 19 10 4 1 
167033|Child_CrossABC1|1: 437 121 52 20 9 4 1 
167034|Child_Cross21|54: 432 119 52 20 9 4 1 
167043|Child_CrossABC1|7: 430 117 46 20 9 4 1 
167067|Child_Avg|27: 454 131 60 23 10 4 1 
167081|Survivor|1: 436 149 47 23 10 4 1 
167105|Survivor|1|Mutated: 389 134 43 20 9 4 1 
167177|Child_Cross21|46: 391 145 43 20 9 4 1 
167188|Child_Cross21|10: 378 144 43 20 9 4 1 
167189|Child_Cross12|53: 367 141 43 20 9 4 1 
167192|Child_Cross12|45: 395 148 43 20 9 4 1 
167202|Child_Cross12|1: 394 145 43 20 9 4 1 
167268|Child_Cross12|17: 388 142 43 20 9 4 1 
167280|Child_CrossABC2|8|Mutated: 396 141 43 20 9 4 1 
167296|Child_LevyP2|10|Mutated: 373 116 45 21 10 4 1 
167345|Child_Levy|40|Mutated: 451 129 51 19 10 4 1 
167350|Child_Avg|23: 532 153 58 24 9 4 1 
167357|Child_CrossABC1|7: 369 135 50 24 9 4 1 
167387|Survivor|1: 622 161 59 24 9 4 1 
167390|Child_Avg|7: 379 132 53 24 9 4 1 
167397|Survivor|1: 378 133 52 24 9 4 1 
167400|Child_CrossABC2|8: 366 134 53 24 9 4 1 
167409|Child_CrossABC2|8: 405 136 49 24 9 4 1 
167459|Child_CrossABC2|8: 404 123 52 20 9 4 1 
167464|Survivor|1: 399 113 48 20 9 4 1 
167506|Child_CrossABC2|2: 421 146 49 21 10 4 1 
167523|Survivor|1: 345 121 48 21 10 4 1 
167527|Child_Avg|31: 329 119 45 21 10 4 1 
167560|Child_Cross21|14: 391 107 43 20 9 4 1 
167570|Survivor|1: 391 122 43 19 10 4 1 
167656|Child_Cross21|2: 348 113 45 21 10 4 1 
167659|Child_Avg|35: 360 116 49 21 10 4 1 
167660|Child_Cross12|29|Mutated: 315 135 49 21 10 4 1 
167661|Child_Cross21|10: 356 113 45 21 10 4 1 
167777|Survivor|1: 384 145 45 23 10 4 1 
167782|Child_LevyABC2|12: 443 126 56 24 9 4 1 
167786|Child_Avg|39: 452 131 50 24 9 4 1 
167795|Child_CrossABC2|8: 402 123 58 24 9 4 1 
167799|Child_CrossABC2|2: 402 123 64 24 9 4 1 
167816|Child_Avg|59: 441 131 61 23 10 4 1 
167819|Child_Avg|31: 481 129 50 24 9 4 1 
167829|Survivor|1: 409 128 45 23 10 4 1 
167885|Survivor|1: 410 148 53 24 9 4 1 
167888|Child_Avg|19: 423 153 53 24 9 4 1 
167889|Child_Cross21|34: 317 125 47 23 10 4 1 
167890|Child_CrossABC1|7: 426 153 53 24 9 4 1 
167892|Child_Avg|27: 381 140 50 24 9 4 1 
167897|Child_Cross21|46: 364 131 49 24 9 4 1 
167912|Child_Levy|52: 329 124 46 24 9 4 1 
167930|Child_Avg|51: 402 135 43 24 9 4 1 
167932|Survivor|1: 407 155 43 24 9 4 1 
167955|Survivor|1: 372 131 49 24 9 4 1 
168030|Survivor|1: 395 144 49 24 9 4 1 
168033|Child_CrossABC2|2: 397 135 49 24 9 4 1 
168039|Survivor|1: 397 127 46 24 9 4 1 
168070|Child_CrossABC1|7: 361 122 46 24 9 4 1 
168088|Survivor|1: 343 139 47 21 10 4 1 
168097|Child_Levy|8: 370 128 55 21 10 4 1 
168105|Child_CrossABC2|2: 428 122 49 21 10 4 1 
168110|Child_Cross12|1: 416 113 43 19 10 4 1 
168156|Survivor|1: 399 136 46 20 9 4 1 
168179|Child_Avg|19|Mutated: 622 177 58 24 9 4 1 
168197|Child_Avg|47: 440 142 49 24 9 4 1 
168203|Survivor|1: 441 153 55 24 9 4 1 
168213|Survivor|1: 387 132 50 24 9 4 1 
168244|Child_CrossABC1|7: 396 124 51 19 10 4 1 
168250|Survivor|1: 401 120 52 19 10 4 1 
168260|Survivor|1: 403 160 47 24 9 4 1 
168267|Child_Avg|35: 455 145 61 24 9 4 1 
168275|Child_Levy|28: 466 147 59 24 9 4 1 
168280|Child_CrossABC1|1: 456 137 58 24 9 4 1 
168308|Survivor|1: 378 131 55 24 9 4 1 
168343|Child_Levy|20: 386 138 53 24 9 4 1 
168348|Child_CrossABC1|7: 507 139 52 24 9 4 1 
168415|Child_Avg|51: 400 131 43 24 9 4 1 
168435|Child_Avg|23: 409 130 45 23 10 4 1 
168441|Child_Levy|20: 670 198 71 29 10 4 1 
168442|Child_Cross12|13: 667 188 61 29 10 4 1 
168448|Child_Avg|31: 582 174 55 27 10 4 1 
168465|Survivor|1: 416 155 50 24 9 4 1 
168466|Child_CrossABC1|7: 425 160 49 24 9 4 1 
168467|Child_Cross12|17: 438 159 47 23 10 4 1 
168479|Child_Avg|31: 402 156 47 23 10 4 1 
168486|Child_CrossABC2|8: 404 159 47 23 10 4 1 
168491|Child_Avg|15: 406 152 47 23 10 4 1 
168532|Child_Cross21|26: 365 118 47 25 9 4 1 
168539|Child_Avg|39: 409 141 46 24 9 4 1 
168582|Child_CrossABC2|2: 406 126 59 24 9 4 1 
168636|Child_Avg|3|Mutated: 391 122 48 20 9 4 1 
168639|Child_CrossABC2|2: 390 125 52 20 9 4 1 
168677|Child_CrossABC1|7: 400 123 59 24 9 4 1 
168684|Child_CrossABC2|2: 389 123 56 24 9 4 1 
168689|Survivor|1: 387 117 56 24 9 4 1 
168696|Child_Avg|55: 396 115 52 24 9 4 1 
168708|Child_Avg|23: 398 121 50 24 9 4 1 
168783|Child_Avg|11: 411 139 49 24 9 4 1 
168787|Child_CrossABC1|7: 419 142 49 24 9 4 1 
168791|Child_Cross21|26: 410 141 49 24 9 4 1 
168803|Child_Avg|7: 405 137 49 24 9 4 1 
168805|Child_CrossABC1|1: 402 137 46 24 9 4 1 
168895|Child_CrossABC1|1: 401 159 58 23 10 4 1 
168896|Child_CrossABC2|8: 603 159 58 23 10 4 1 
168898|Child_Cross21|6: 412 159 58 23 10 4 1 
168901|Child_Avg|3: 491 155 57 23 10 4 1 
168905|Child_Levy|52: 435 157 57 23 10 4 1 
168906|Child_CrossABC2|2: 428 155 57 23 10 4 1 
168908|Child_CrossABC1|1: 439 152 57 23 10 4 1 
168910|Child_Cross12|29: 443 155 57 23 10 4 1 
168912|Child_CrossABC2|2: 402 155 57 23 10 4 1 
168913|Child_CrossABC1|7: 446 157 57 23 10 4 1 
168914|Child_CrossABC2|2|Mutated: 460 155 57 23 10 4 1 
168916|Child_CrossABC2|8: 462 155 57 23 10 4 1 
168917|Child_CrossABC2|2: 463 155 57 23 10 4 1 
168918|Child_CrossABC1|1: 461 155 57 23 10 4 1 
168921|Child_CrossABC2|8: 458 157 57 23 10 4 1 
168929|Child_Avg|35: 441 148 54 23 10 4 1 
168939|Child_CrossABC1|1: 427 157 51 23 10 4 1 
168941|Child_Avg|47: 442 157 51 23 10 4 1 
168946|Child_Cross21|26: 433 162 51 23 10 4 1 
168948|Child_CrossABC1|7: 451 162 51 23 10 4 1 
168955|Child_Cross21|38: 438 157 50 21 10 4 1 
168956|Child_Cross12|17: 436 156 48 23 10 4 1 
168958|Child_Avg|15: 425 155 47 23 10 4 1 
168959|Child_CrossABC1|7: 444 157 47 23 10 4 1 
168960|Child_Avg|31: 434 156 47 23 10 4 1 
168966|Child_Cross21|30|Mutated: 426 156 47 23 10 4 1 
168969|Survivor|1: 400 156 47 23 10 4 1 
168971|Child_Cross21|34: 433 156 47 23 10 4 1 
168974|Child_Cross21|42: 409 156 47 23 10 4 1 
168975|Child_Cross21|14: 417 156 47 23 10 4 1 
168976|Child_Cross21|14: 425 156 47 23 10 4 1 
168989|Child_Avg|15: 387 156 47 23 10 4 1 
168991|Child_Cross12|1: 394 156 47 23 10 4 1 
169007|Survivor|1: 424 156 47 23 10 4 1 
169019|Child_Avg|55: 351 121 70 23 10 4 1 
169045|Child_Avg|35: 457 168 67 30 9 4 1 
169061|Survivor|1: 408 143 56 24 9 4 1 
169062|Child_Levy|36: 399 119 51 23 10 4 1 
169067|Child_Cross12|13: 377 134 47 21 10 4 1 
169076|Survivor|1: 433 134 49 21 10 4 1 
169079|Child_CrossABC1|7: 427 128 47 21 10 4 1 
169117|Child_CrossABC1|7: 380 116 41 19 10 4 1 
169132|Survivor|1: 371 115 44 19 10 4 1 
169155|Child_Cross12|33: 357 115 41 19 10 4 1 
169192|Survivor|1: 536 173 66 24 11 4 1 
169197|Child_Avg|59|Mutated: 444 145 56 25 9 4 1 
169213|Survivor|1: 394 141 50 24 9 4 1 
169216|Child_CrossABC2|2: 475 140 50 24 9 4 1 
169217|Child_Levy|32: 442 137 47 23 10 4 1 
169270|Survivor|1: 439 169 55 27 10 4 1 
169275|Survivor|1: 439 155 65 27 10 4 1 
169280|Child_Avg|31: 477 183 65 27 10 4 1 
169298|Child_Cross21|50: 373 135 49 24 9 4 1 
169353|Child_Avg|7|Mutated: 426 123 56 24 9 4 1 
169384|Survivor|1: 406 126 44 23 10 4 1 
169452|Survivor|1: 482 177 53 24 9 4 1 
169453|Child_CrossABC1|1: 482 182 53 24 9 4 1 
169455|Child_CrossABC1|7: 467 157 49 24 9 4 1 
169457|Child_Cross12|13|Mutated: 389 137 49 24 9 4 1 
169461|Child_CrossABC2|2: 421 166 50 24 9 4 1 
169468|Child_Avg|23: 403 148 46 24 9 4 1 
169473|Child_CrossABC2|2: 424 165 49 24 9 4 1 
169477|Survivor|1: 452 166 49 24 9 4 1 
169489|Child_Avg|31: 414 132 43 24 9 4 1 
169525|Child_Levy|28: 447 135 48 23 10 4 1 
169553|Survivor|1: 431 126 47 23 10 4 1 
169585|Child_Avg|35: 581 151 53 24 9 4 1 
169601|Survivor|1: 382 109 43 24 9 4 1 
169603|Child_CrossABC2|2: 423 126 52 24 9 4 1 
169606|Child_CrossABC1|7: 453 128 55 24 9 4 1 
169629|Child_CrossABC2|8: 392 126 51 23 10 4 1 
169709|Survivor|1: 591 162 53 24 9 4 1 
169712|Survivor|1: 381 134 49 24 9 4 1 
169736|Child_Cross21|6|Mutated: 402 133 49 24 9 4 1 
169792|Child_Avg|31: 416 134 52 29 9 4 1 
169793|Child_CrossABC1|1: 411 134 53 29 9 4 1 
169797|Survivor|1: 409 127 53 29 9 4 1 
169804|Survivor|1: 383 121 48 21 10 4 1 
169844|Survivor|1|Mutated: 459 149 47 23 10 4 1 
169871|Survivor|1: 408 120 44 23 10 4 1 
169878|Survivor|1|Mutated: 395 149 59 27 10 4 1 
169887|Child_Cross21|10|Mutated: 341 140 54 23 10 4 1 
169897|Survivor|1: 369 126 49 24 9 4 1 
169903|Child_CrossABC2|2: 401 138 55 24 9 4 1 
169906|Child_CrossABC2|8: 397 135 55 24 9 4 1 
169910|Child_CrossABC1|1: 407 131 52 24 9 4 1 
169911|Child_CrossABC1|7: 395 130 56 24 9 4 1 
169970|Child_CrossABC2|2: 354 114 59 24 9 4 1 
169992|Survivor|1: 404 122 45 23 10 4 1 
169999|Child_Avg|23: 378 119 54 23 10 4 1 
170001|Survivor|1: 406 120 49 21 10 4 1 
170006|Child_CrossABC1|1: 393 122 64 23 10 4 1 
170012|Child_LevyP2|4: 870 569 157 57 23 10 4 1 
170016|Child_CrossABC2|8: 584 154 57 23 10 4 1 
170017|Child_Cross12|17: 568 137 54 23 10 4 1 
170021|Survivor|1: 532 152 51 23 10 4 1 
170025|Child_Cross12|29: 562 131 51 23 10 4 1 
170035|Child_CrossABC1|7: 375 147 47 23 10 4 1 
170042|Child_CrossABC1|1: 406 121 45 23 10 4 1 
170103|Survivor|1: 384 142 45 23 10 4 1 
170107|Child_LevyP2|4: 457 137 58 24 9 4 1 
170207|Child_CrossABC2|8: 387 121 51 23 10 4 1 
170210|Survivor|1: 385 121 51 23 10 4 1 
170274|Child_Avg|55: 398 124 47 25 9 4 1 
170286|Child_Cross21|22|Mutated: 423 159 46 24 9 4 1 
170353|Survivor|1: 411 156 46 20 9 4 1 
170362|Child_Levy|8: 410 149 44 19 10 4 1 
170372|Child_Cross12|37: 326 127 43 20 9 4 1 
170381|Survivor|1: 382 132 46 21 10 4 1 
170407|Child_Levy|16: 574 169 64 24 9 4 1 
170419|Survivor|1: 442 168 47 24 9 4 1 
170428|Child_CrossABC2|2: 429 133 44 24 9 4 1 
170475|Survivor|1: 412 128 45 23 10 4 1 
170507|Survivor|1: 410 129 52 20 9 4 1 
170524|Child_Cross12|5: 412 117 41 24 9 4 1 
170566|Survivor|1: 376 178 61 24 9 4 1 
170569|Survivor|1: 368 134 53 24 9 4 1 
170577|Child_CrossABC2|2: 351 134 52 24 9 4 1 
170608|Child_CrossABC1|7: 360 122 43 24 9 4 1 
170643|Child_Avg|31: 373 151 56 25 9 4 1 
170653|Survivor|1|Mutated: 395 139 56 25 9 4 1 
170665|Child_CrossABC1|7: 354 138 53 24 9 4 1 
170679|Child_Cross12|9: 341 132 49 24 9 4 1 
170689|Child_Cross12|45: 406 139 49 24 9 4 1 
170696|Child_Cross21|34: 368 128 49 24 9 4 1 
170699|Child_CrossABC2|2: 413 135 48 23 10 4 1 
170747|Child_CrossABC2|8: 450 132 65 24 9 4 1 
170751|Child_CrossABC2|8: 434 131 50 24 9 4 1 
170792|Child_Cross21|58: 467 132 43 24 9 4 1 
170804|Child_Levy|4: 393 118 50 23 10 4 1 
170813|Child_CrossABC1|1: 378 140 44 19 10 4 1 
170818|Child_Levy|32: 361 131 43 19 10 4 1 
170874|Child_Cross21|2: 397 134 55 27 10 4 1 
170878|Child_Avg|43: 397 131 55 27 10 4 1 
170892|Survivor|1: 389 122 53 25 10 4 1 
170899|Survivor|1: 342 117 49 24 9 4 1 
170974|Child_Avg|51|Mutated: 451 157 64 24 9 4 1 
170998|Child_Levy|24: 384 133 45 21 10 4 1 
171003|Child_Cross12|53: 415 141 48 23 10 4 1 
171028|Survivor|1: 377 115 47 24 9 4 1 
171043|Child_Cross21|18: 293 108 43 24 9 4 1 
171128|Survivor|1: 426 121 51 23 10 3 1 
171130|Child_Cross12|29: 405 123 47 24 9 4 1 
171168|Child_Cross12|29: 387 116 43 24 9 4 1 
171209|Survivor|1: 567 156 65 29 10 4 1 
171219|Child_Levy|40|Mutated: 556 200 62 27 10 4 1 
171220|Child_Cross21|34: 507 165 62 27 10 4 1 
171231|Survivor|1: 430 134 49 24 9 4 1 
171238|Child_CrossABC1|7: 431 128 53 24 9 4 1 
171242|Survivor|1: 440 147 52 24 9 4 1 
171246|Child_CrossABC1|1: 468 126 61 24 9 4 1 
171253|Child_Cross21|54: 383 122 46 24 9 4 1 
171265|Child_Avg|43: 412 119 46 24 9 4 1 
171315|Child_Cross12|49: 439 150 52 24 9 4 1 
171324|Survivor|1: 422 142 49 24 9 4 1 
171369|Survivor|1: 437 157 60 28 11 4 1 
171379|Child_Cross21|14|Mutated: 458 124 53 24 9 4 1 
171396|Child_Avg|35: 397 128 53 24 9 4 1 
171410|Child_Avg|39: 373 143 50 24 9 4 1 
171418|Child_LevyABC1|11: 413 123 56 24 9 4 1 
171493|Survivor|1: 377 130 43 20 9 4 1 
171510|Child_CrossABC1|1: 394 158 57 23 10 4 1 
171512|Child_CrossABC1|7: 391 157 58 24 9 4 1 
171526|Child_CrossABC1|1: 402 129 49 24 9 4 1 
171556|Survivor|1: 390 125 61 24 9 4 1 
171562|Survivor|1: 396 119 61 24 9 4 1 
171566|Child_LevyP1|9: 400 121 52 24 9 4 1 
171610|Child_Avg|55|Mutated: 544 201 76 24 9 4 1 
171613|Child_Avg|51: 486 151 61 24 9 4 1 
171617|Child_CrossABC1|7: 378 159 55 24 9 4 1 
171624|Child_Levy|40: 414 128 65 27 10 4 1 
171629|Child_CrossABC1|7: 359 106 45 21 10 4 1 
171642|Child_Levy|8: 452 138 59 24 9 4 1 
171683|Child_Avg|35: 397 156 59 24 9 4 1 
171688|Child_CrossABC1|7: 415 156 59 24 9 4 1 
171698|Survivor|1: 427 166 50 24 9 4 1 
171699|Child_CrossABC2|2: 417 149 58 24 9 4 1 
171701|Child_Avg|43: 549 169 59 24 9 4 1 
171704|Child_CrossABC1|1: 383 138 53 24 9 4 1 
171707|Child_Avg|19: 391 164 50 24 9 4 1 
171708|Child_Avg|39: 409 155 50 24 9 4 1 
171712|Survivor|1: 407 156 50 24 9 4 1 
171715|Child_CrossABC2|2: 346 128 47 24 9 4 1 
171718|Child_CrossABC2|2: 320 149 52 24 9 4 1 
171802|Child_CrossABC2|8: 387 127 53 24 9 4 1 
171827|Survivor|1: 485 141 57 23 10 4 1 
171837|Child_Avg|47: 497 147 66 29 9 4 1 
171871|Survivor|1: 414 128 47 21 10 4 1 
171876|Child_CrossABC1|7: 421 147 51 23 10 4 1 
171945|Child_Cross12|1|Mutated: 381 123 51 19 10 4 1 
171948|Child_CrossABC1|1: 394 122 51 19 10 4 1 
171992|Survivor|1: 420 119 42 19 10 4 1 
172005|Survivor|1: 393 126 43 19 10 4 1 
172046|Child_Levy|48: 382 140 67 23 10 4 1 
172053|Child_CrossABC1|1: 389 126 46 24 9 4 1 
172125|Child_CrossABC2|2: 391 145 47 23 10 4 1 
172138|Child_CrossABC1|1: 402 143 45 23 10 4 1 
172140|Child_CrossABC1|1: 422 157 47 23 10 4 1 
172157|Survivor|1|Mutated: 384 137 51 23 10 4 1 
172158|Child_CrossABC2|8: 386 124 59 24 9 4 1 
172191|Child_CrossABC1|7: 368 133 43 24 9 4 1 
172207|Child_Cross12|25|Mutated: 402 133 43 24 9 4 1 
172361|Child_Levy|52: 644 177 70 23 10 4 1 
172363|Child_Levy|24: 494 157 53 24 9 4 1 
172372|Child_CrossABC1|1: 435 156 61 24 9 4 1 
172374|Child_Cross21|34: 445 138 50 24 9 4 1 
172384|Survivor|1|Mutated: 387 139 47 21 10 4 1 
172389|Survivor|1: 409 133 45 21 10 4 1 
172437|Child_Cross21|46: 409 112 47 24 9 4 1 
172460|Survivor|1: 427 113 43 20 9 4 1 
172466|Child_CrossABC1|1: 423 130 43 20 9 4 1 
172498|Survivor|1: 386 124 47 23 10 4 1 
172499|Child_CrossABC2|2: 361 133 48 23 10 4 1 
172507|Child_Cross21|2: 411 128 45 23 10 4 1 
172576|Child_Levy|20: 392 147 54 20 9 4 1 
172582|Survivor|1: 396 134 55 20 9 4 1 
172589|Child_CrossABC2|2|Mutated: 420 118 45 20 9 4 1 
172598|Survivor|1: 400 114 41 19 10 4 1 
172614|Survivor|1: 615 176 71 23 10 4 1 
172617|Child_Cross21|30: 615 176 57 23 10 4 1 
172620|Child_CrossABC1|7: 477 147 58 23 10 4 1 
172624|Child_CrossABC1|1: 381 137 54 23 10 4 1 
172627|Child_Avg|3: 470 144 57 23 10 4 1 
172643|Child_Cross12|33: 426 132 47 23 10 4 1 
172645|Child_Cross21|54: 376 135 47 23 10 4 1 
172805|Child_LevyABC1|5|Mutated: 481 137 58 24 9 4 1 
172810|Survivor|1: 424 137 58 24 9 4 1 
172814|Child_LevyABC1|11: 395 132 46 24 9 4 1 
172838|Survivor|1: 363 131 45 23 10 4 1 
172860|Survivor|1: 400 139 45 23 10 4 1 
172914|Child_CrossABC2|8: 409 123 53 24 9 4 1 
172927|Child_Cross12|49: 375 107 43 24 9 4 1 
172937|Child_Cross12|9: 379 107 43 24 9 4 1 
172946|Child_Cross21|2: 373 107 43 24 9 4 1 
173056|Survivor|1: 380 106 45 21 10 4 1 
173104|Survivor|1: 388 155 58 21 10 4 1 
173113|Survivor|1: 407 135 56 21 10 4 1 
173118|Child_CrossABC1|1: 443 124 49 21 10 4 1 
173124|Child_CrossABC2|8: 432 124 49 21 10 4 1 
173125|Child_Avg|39: 427 119 48 21 10 4 1 
173133|Child_Cross21|46: 413 116 45 21 10 4 1 
173148|Child_Avg|11: 402 110 43 20 9 4 1 
173233|Child_CrossABC2|2|Mutated: 385 150 46 24 9 4 1 
173252|Survivor|1: 357 136 47 24 9 4 1 
173256|Survivor|1: 373 132 43 24 9 4 1 
173259|Child_CrossABC1|7: 368 131 43 24 9 4 1 
173274|Survivor|1: 358 145 61 24 9 4 1 
173288|Survivor|1: 347 130 47 24 9 4 1 
173292|Survivor|1: 356 125 44 24 9 4 1 
173293|Child_Levy|4: 453 177 58 24 9 4 1 
173353|Survivor|1|Mutated: 395 134 41 19 10 4 1 
173356|Child_Cross12|45: 457 153 49 21 10 4 1 
173366|Survivor|1: 369 133 47 21 10 4 1 
173378|Survivor|1: 346 136 48 21 10 4 1 
173406|Survivor|1: 370 127 45 20 9 4 1 
173438|Survivor|1: 408 105 41 19 10 4 1 
173453|Child_CrossABC1|7: 370 105 41 19 10 4 1 
173473|Child_Avg|43: 371 105 41 19 10 4 1 
173475|Survivor|1: 372 105 41 19 10 4 1 
173484|Survivor|1: 372 106 41 19 10 4 1 
173508|Child_CrossABC2|8: 433 138 57 23 10 4 1 
173510|Survivor|1: 463 142 51 23 10 4 1 
173520|Child_Cross12|1: 415 128 48 23 10 4 1 
173528|Child_CrossABC1|7: 405 142 50 24 9 4 1 
173532|Child_Cross12|29: 371 109 49 24 9 4 1 
173548|Child_CrossABC1|7: 402 136 61 24 9 4 1 
173561|Survivor|1: 393 126 52 24 9 4 1 
173573|Child_LevyP1|3: 393 113 46 24 9 4 1 
173577|Child_Levy|40: 387 112 47 23 10 4 1 
173583|Survivor|1: 395 118 45 23 10 4 1 
173589|Survivor|1: 382 116 45 23 10 4 1 
173593|Child_CrossABC2|2: 383 116 45 23 10 4 1 
173596|Child_Avg|39: 373 118 45 21 10 4 1 
173609|Child_Cross21|14: 360 107 45 19 10 4 1 
173641|Survivor|1: 385 126 44 24 9 4 1 
173644|Child_Cross21|50: 615 154 70 24 9 4 1 
173648|Survivor|1: 397 151 53 24 9 4 1 
173654|Child_Cross21|18: 351 128 43 20 9 4 1 
173656|Child_Avg|51: 368 169 67 21 10 4 1 
173657|Child_Avg|19: 359 118 49 21 10 4 1 
173669|Survivor|1: 365 114 46 20 9 4 1 
173678|Child_CrossABC2|8: 394 118 47 21 10 4 1 
173682|Child_Cross21|30: 384 118 45 21 10 4 1 
173727|Survivor|1: 370 137 52 29 9 4 1 
173775|Survivor|1|Mutated: 329 134 56 21 10 4 1 
173777|Child_CrossABC2|2: 329 136 56 21 10 4 1 
173779|Child_Cross21|54: 403 127 52 20 9 4 1 
173797|Child_Avg|59: 436 129 55 23 10 4 1 
173803|Child_CrossABC2|2: 357 129 51 23 10 4 1 
173805|Survivor|1|Mutated: 370 129 51 23 10 4 1 
173823|Child_CrossABC2|2: 416 128 47 24 9 4 1 
173841|Survivor|1: 404 147 50 24 9 4 1 
173843|Child_CrossABC1|1: 403 155 52 24 9 4 1 
173854|Child_Cross21|50: 432 141 57 23 10 4 1 
173857|Child_CrossABC1|7: 380 155 57 23 10 4 1 
173904|Child_Levy|60: 420 149 54 23 10 4 1 
173912|Survivor|1: 447 155 49 24 9 4 1 
173916|Child_Avg|23|Mutated: 389 160 58 23 10 4 1 
173919|Child_Cross12|1|Mutated: 324 125 43 20 9 4 1 
173924|Survivor|1: 314 130 43 20 9 4 1 
173949|Child_CrossABC2|2: 372 147 55 24 9 4 1 
173992|Survivor|1: 414 158 47 23 10 4 1 
173993|Child_CrossABC2|2: 405 161 47 23 10 4 1 
174003|Child_Avg|39: 407 161 44 23 10 4 1 
174011|Survivor|1: 389 150 44 24 9 4 1 
174021|Child_Cross21|42: 383 146 44 23 10 4 1 
174026|Child_CrossABC2|8: 377 150 44 23 10 4 1 
174066|Child_Avg|19: 490 159 55 24 9 4 1 
174128|Child_Avg|43: 412 146 55 21 10 4 1 
174134|Child_Avg|19: 390 143 53 19 10 4 1 
174137|Child_Cross21|54: 399 124 51 19 10 4 1 
174222|Survivor|1: 382 127 50 21 10 4 1 
174225|Child_Avg|51: 379 115 48 21 10 4 1 
174293|Child_Cross12|57: 364 105 43 20 9 4 1 
174410|Survivor|1: 399 113 43 20 9 4 1 
174449|Child_Levy|56: 416 126 61 29 10 4 1 
174456|Survivor|1: 473 132 49 24 9 4 1 
174495|Child_CrossABC1|7: 483 139 58 24 9 4 1 
174501|Child_Avg|55: 466 134 53 24 9 4 1 
174502|Child_CrossABC1|7: 469 138 56 24 9 4 1 
174504|Child_CrossABC1|7: 469 135 52 24 9 4 1 
174506|Child_Avg|59: 468 142 49 24 9 4 1 
174507|Child_Cross21|58: 456 146 56 21 10 4 1 
174528|Child_Avg|19: 623 179 61 24 9 4 1 
174529|Child_CrossABC1|7: 459 131 50 24 9 4 1 
174546|Child_CrossABC2|8: 413 126 53 24 9 4 1 
174547|Child_CrossABC1|7: 413 129 56 24 9 4 1 
174588|Child_Cross21|6: 445 148 47 24 9 4 1 
174593|Child_Cross12|13: 436 148 51 25 9 4 1 
174597|Survivor|1: 370 155 58 24 9 4 1 
174614|Survivor|1: 354 140 43 24 9 4 1 
174637|Child_Avg|23: 665 172 70 24 9 4 1 
174689|Child_Avg|47: 302 108 49 24 9 4 1 
174693|Survivor|1: 295 110 53 24 9 4 1 
174725|Child_Avg|51: 421 147 62 24 9 4 1 
174736|Survivor|1|Mutated: 438 153 56 24 9 4 1 
174738|Child_Cross21|2: 432 154 55 24 9 4 1 
174743|Child_Cross12|9: 377 117 49 24 9 4 1 
174745|Child_Cross21|50: 415 125 52 24 9 4 1 
174748|Child_CrossABC1|1: 414 125 52 24 9 4 1 
174749|Child_Cross12|41: 432 137 53 24 9 4 1 
174751|Child_Cross12|53: 409 127 53 24 9 4 1 
174753|Child_CrossABC1|7: 412 129 55 24 9 4 1 
174756|Survivor|1: 412 133 55 24 9 4 1 
174767|Child_Avg|19: 384 123 50 24 9 4 1 
174779|Child_CrossABC1|7: 401 118 50 24 9 4 1 
174837|Child_CrossABC2|2: 387 106 41 19 10 4 1 
174870|Survivor|1: 354 105 44 19 10 4 1 
174877|Survivor|1: 471 139 61 23 10 4 1 
174880|Child_CrossABC2|8: 462 158 60 23 10 4 1 
174881|Child_Avg|27: 451 132 57 23 10 4 1 
174884|Survivor|1: 442 133 54 23 10 4 1 
174918|Child_Cross21|10|Mutated: 391 126 48 21 10 4 1 
174952|Survivor|1: 386 128 45 21 10 4 1 
174958|Child_Levy|44: 388 125 52 19 10 4 1 
174970|Survivor|1: 371 110 50 24 9 4 1 
175014|Survivor|1: 474 137 52 29 9 4 1 
175018|Survivor|1: 461 131 47 25 9 4 1 
175026|Survivor|1: 446 127 47 25 9 4 1 
175037|Child_Cross21|46: 437 124 46 24 9 4 1 
175038|Child_CrossABC1|1: 448 128 47 24 9 4 1 
175093|Child_CrossABC1|1: 381 122 46 24 9 4 1 
175128|Child_LevyP1|9: 515 150 55 24 9 4 1 
175134|Child_Cross21|18: 356 129 58 24 9 4 1 
175258|Child_Levy|4: 375 171 64 24 11 5 1 
175270|Survivor|1: 397 144 46 24 9 4 1 
175293|Child_CrossABC2|8: 404 117 49 24 9 4 1 
175315|Child_Avg|43: 421 128 46 24 9 4 1 
175321|Survivor|1: 407 128 43 24 9 4 1 
175359|Child_Cross12|37|Mutated: 428 131 52 24 9 4 1 
175380|Child_Cross12|29: 363 118 43 24 9 4 1 
175395|Child_CrossABC2|2: 363 128 49 24 9 4 1 
175470|Survivor|1: 354 109 47 23 10 4 1 
175569|Child_Avg|11: 355 127 49 24 9 4 1 
175571|Child_Cross21|26: 367 150 46 24 9 4 1 
175599|Survivor|1: 357 132 43 24 9 4 1 
175650|Child_Levy|52: 405 127 48 23 10 4 1 
175695|Child_Cross12|21|Mutated: 427 133 48 23 10 4 1 
175696|Child_CrossABC1|1: 419 130 48 23 10 4 1 
175706|Child_CrossABC2|8: 370 124 51 23 10 4 1 
175712|Child_CrossABC2|8: 374 129 57 23 10 4 1 
175717|Survivor|1: 420 123 57 23 10 4 1 
175757|Survivor|1: 505 175 63 27 10 4 1 
175770|Survivor|1: 502 185 72 27 10 4 1 
175773|Survivor|1: 502 182 72 27 10 4 1 
175780|Child_Cross12|49: 423 119 56 25 9 4 1 
175781|Child_Cross21|18: 425 154 56 25 9 4 1 
175794|Child_CrossABC1|1: 413 154 55 24 9 4 1 
175796|Child_CrossABC2|2: 410 146 55 24 9 4 1 
175802|Child_Avg|59: 406 147 50 24 9 4 1 
175845|Survivor|1: 402 127 44 25 9 4 1 
175889|Child_Avg|43|Mutated: 406 143 50 24 9 4 1 
175896|Child_CrossABC1|1|Mutated: 415 130 61 24 9 4 1 
175898|Child_Cross21|22: 407 132 58 24 9 4 1 
175908|Child_Avg|59: 403 131 56 24 9 4 1 
175918|Child_CrossABC1|7: 401 131 52 24 9 4 1 
176001|Child_CrossABC1|7: 486 141 56 24 9 4 1 
176014|Child_Avg|3: 386 133 55 24 9 4 1 
176018|Child_CrossABC2|2: 374 143 52 24 9 4 1 
176020|Child_Levy|56: 445 163 54 23 10 4 1 
176031|Survivor|1: 354 122 47 24 9 4 1 
176039|Random|14: 557 174 60 23 13 4 1 
176077|Child_Cross12|53: 412 147 57 23 10 4 1 
176080|Survivor|1: 341 141 57 23 10 4 1 
176090|Survivor|1: 380 118 45 21 10 4 1 
176092|Child_Avg|7: 380 118 45 20 9 4 1 
176138|Child_Cross12|21: 393 163 52 24 9 4 1 
176139|Child_CrossABC1|7: 380 169 52 24 9 4 1 
176140|Child_Cross21|50: 389 159 52 24 9 4 1 
176142|Child_CrossABC2|2: 389 143 52 24 9 4 1 
176145|Survivor|1: 384 147 50 24 9 4 1 
176147|Child_Avg|23: 418 151 52 24 9 4 1 
176153|Child_Levy|36|Mutated: 393 138 49 24 9 4 1 
176157|Child_Cross21|2: 411 160 49 24 9 4 1 
176172|Child_Cross21|50: 439 151 49 24 9 4 1 
176183|Child_Cross12|57: 410 151 49 24 9 4 1 
176242|Child_Levy|36: 449 155 61 24 9 4 1 
176265|Child_Cross21|14: 351 128 46 24 9 4 1 
176274|Child_Levy|44: 352 126 43 24 9 4 1 
176326|Child_CrossABC1|7: 426 133 55 24 9 4 1 
176390|Child_Cross21|26: 353 145 56 25 9 4 1 
176405|Child_CrossABC1|1: 408 134 53 24 9 4 1 
176409|Survivor|1: 381 134 53 24 9 4 1 
176412|Child_CrossABC1|7: 377 129 50 24 9 4 1 
176416|Child_Cross12|49: 388 132 53 24 9 4 1 
176417|Child_CrossABC2|8: 387 128 55 24 9 4 1 
176440|Survivor|1: 409 124 47 23 10 4 1 
176456|Survivor|1: 401 139 53 24 9 4 1 
176459|Survivor|1: 402 153 52 24 9 4 1 
176460|Child_CrossABC1|1: 399 124 58 24 9 4 1 
176461|Survivor|1|Mutated: 389 124 58 24 9 4 1 
176482|Survivor|1|Mutated: 391 100 46 24 9 4 1 
176488|Child_CrossABC2|2: 423 127 50 24 9 4 1 
176495|Child_Avg|15: 448 177 55 23 10 4 1 
176531|Child_CrossABC2|8: 501 148 58 24 9 4 1 
176538|Child_CrossABC2|8: 421 127 58 24 9 4 1 
176604|Child_CrossABC1|1: 453 141 46 21 10 4 1 
176607|Child_Avg|43: 397 126 46 21 10 4 1 
176615|Child_Avg|55|Mutated: 399 138 49 21 10 4 1 
176620|Child_Avg|31: 410 130 45 21 10 4 1 
176628|Child_Cross21|58: 422 127 45 21 10 4 1 
176645|Child_Cross21|54|Mutated: 407 131 51 23 10 4 1 
176651|Survivor|1: 471 146 45 21 10 4 1 
176706|Survivor|1: 430 147 50 24 9 4 1 
176713|Survivor|1: 404 130 53 25 10 4 1 
176716|Child_CrossABC2|8: 429 127 54 23 10 4 1 
176726|Child_CrossABC1|1: 399 135 57 23 10 4 1 
176740|Child_CrossABC1|1: 427 132 57 23 10 4 1 
176742|Child_CrossABC2|2: 428 132 57 23 10 4 1 
176743|Child_CrossABC2|2: 409 132 57 23 10 4 1 
176745|Child_CrossABC2|8: 399 132 57 23 10 4 1 
176746|Child_CrossABC2|8: 415 132 57 23 10 4 1 
176802|Survivor|1: 404 125 55 23 10 4 1 
176810|Child_Cross12|5: 399 116 55 23 10 4 1 
176813|Child_Avg|15: 373 114 51 23 10 4 1 
176817|Child_Cross12|1: 412 121 51 23 10 4 1 
176825|Child_CrossABC1|1: 416 121 51 23 10 4 1 
176832|Child_Cross12|49: 435 121 51 23 10 4 1 
176837|Child_Avg|43: 397 121 51 23 10 4 1 
176851|Child_Cross21|22: 417 121 51 23 10 4 1 
176859|Child_Cross21|22: 425 121 51 23 10 4 1 
176887|Child_Cross21|34: 384 121 51 23 10 4 1 
176920|Child_Cross21|30: 383 121 51 23 10 4 1 
176924|Child_Cross21|26: 392 121 51 23 10 4 1 
176931|Child_Cross21|54: 402 124 51 23 10 4 1 
176933|Child_Cross21|58: 388 121 51 23 10 4 1 
176963|Child_Cross12|41: 399 121 51 23 10 4 1 
176989|Child_Cross21|22: 408 121 51 23 10 4 1 
177011|Child_Cross21|26: 423 126 51 23 10 4 1 
177015|Survivor|1: 462 149 51 23 10 4 1 
177020|Child_CrossABC1|7: 428 126 47 23 10 4 1 
177022|Child_Cross21|26: 467 149 47 23 10 4 1 
177025|Child_Cross21|46: 465 146 47 23 10 4 1 
177026|Child_Cross21|10: 466 136 47 23 10 4 1 
177027|Child_Cross21|42: 458 150 47 23 10 4 1 
177029|Survivor|1: 470 148 47 23 10 4 1 
177030|Child_CrossABC1|1: 469 147 47 23 10 4 1 
177031|Child_Cross21|54: 467 126 47 23 10 4 1 
177032|Child_Cross12|57: 470 146 47 23 10 4 1 
177034|Child_Cross12|41: 471 136 47 23 10 4 1 
177037|Child_Avg|7: 467 145 47 23 10 4 1 
177038|Child_Avg|19: 469 146 47 23 10 4 1 
177044|Child_Cross12|17: 467 136 47 23 10 4 1 
177045|Child_Cross21|14: 469 136 47 23 10 4 1 
177051|Survivor|1: 468 136 47 23 10 4 1 
177066|Child_Cross21|34: 354 117 44 23 10 4 1 
177080|Survivor|1: 385 117 44 23 10 4 1 
177082|Child_Avg|31|Mutated: 350 141 44 23 10 4 1 
177139|Child_CrossABC1|1: 436 117 44 23 10 4 1 
177223|Survivor|1: 348 118 44 23 10 4 1 
177233|Survivor|1: 402 126 49 22 10 3 1 
177241|Survivor|1: 370 124 47 23 10 4 1 
177274|Survivor|1: 312 141 46 21 10 4 1 
177292|Survivor|1: 389 121 62 24 9 4 1 
177294|Survivor|1: 389 121 68 24 9 4 1 
177297|Survivor|1: 399 119 61 24 9 4 1 
177299|Survivor|1: 376 117 53 24 9 4 1 
177302|Child_Cross12|49: 391 125 52 24 9 4 1 
177336|Survivor|1: 423 136 47 23 10 4 1 
177376|Survivor|1: 446 135 49 24 9 4 1 
177400|Survivor|1: 415 121 48 20 9 4 1 
177471|Child_CrossABC1|1: 377 114 45 19 10 4 1 
177554|Child_CrossABC2|8: 461 156 70 29 9 4 1 
177557|Child_CrossABC2|2: 413 134 59 29 9 4 1 
177558|Child_Avg|31: 397 129 57 29 9 4 1 
177582|Child_Cross12|29: 664 189 64 29 14 4 1 
177585|Child_Cross12|41: 457 139 57 23 10 4 1 
177596|Child_Cross21|34: 394 123 47 21 10 4 1 
177664|Survivor|1: 419 111 57 23 10 4 1 
177676|Survivor|1: 368 119 50 24 9 4 1 
177678|Survivor|1: 346 156 55 24 9 4 1 
177691|Survivor|1: 361 131 53 24 9 4 1 
177699|Child_Cross12|17: 383 134 49 24 9 4 1 
177702|Child_Cross12|49: 394 153 47 24 9 4 1 
177708|Child_Cross12|41|Mutated: 386 134 53 24 9 4 1 
177759|Child_CrossABC1|1: 394 155 49 24 9 4 1 
177803|Child_CrossABC1|7: 361 143 50 24 9 4 1 
177805|Child_CrossABC2|8: 396 144 49 24 9 4 1 
177808|Survivor|1: 420 143 53 24 9 4 1 
177812|Survivor|1: 368 141 52 24 9 4 1 
177814|Child_CrossABC2|2: 384 140 55 24 9 4 1 
177901|Child_CrossABC1|7: 405 154 55 24 9 4 1 
177909|Child_Cross12|33: 398 131 47 23 10 4 1 
177915|Child_Cross21|10: 351 121 47 24 9 4 1 
177959|Child_Levy|44: 611 169 67 24 9 4 1 
178003|Survivor|1: 424 128 67 24 9 4 1 
178008|Child_Levy|40: 392 154 55 24 9 4 1 
178014|Child_Avg|27: 365 150 52 24 9 4 1 
178021|Child_Cross12|25: 375 150 52 24 9 4 1 
178040|Survivor|1: 337 132 46 24 9 4 1 
178097|Child_Cross21|50: 402 127 41 23 10 4 1 
178170|Survivor|1: 352 123 52 24 9 4 1 
178185|Survivor|1: 587 196 73 27 10 4 1 
178191|Survivor|1: 587 167 58 23 10 4 1 
178202|Child_Levy|8: 435 140 50 24 9 4 1 
178214|Child_Avg|35: 462 134 53 24 9 4 1 
178240|Survivor|1: 353 108 46 24 9 4 1 
178282|Survivor|1: 405 128 50 23 10 4 1 
178285|Child_CrossABC2|2: 396 129 44 23 10 4 1 
178290|Survivor|1: 455 161 52 24 9 4 1 
178301|Child_CrossABC2|2: 453 181 55 24 9 4 1 
178309|Child_Cross21|34: 398 150 55 24 9 4 1 
178316|Survivor|1: 419 127 49 24 9 4 1 
178347|Survivor|1: 387 125 46 24 9 4 1 
178406|Child_LevyP1|9: 386 143 55 24 9 4 1 
178413|Child_CrossABC2|2: 339 141 46 24 9 4 1 
178457|Child_CrossABC1|7: 306 112 43 24 9 4 1 
178595|Child_Avg|31: 363 146 58 23 10 4 1 
178615|Survivor|1: 378 111 53 27 10 4 1 
178677|Child_Cross21|58: 393 154 46 24 9 4 1 
178678|Child_CrossABC2|2: 410 159 59 24 9 4 1 
178680|Survivor|1: 352 136 47 24 9 4 1 
178682|Survivor|1: 371 144 49 24 9 4 1 
178692|Survivor|1: 369 144 49 24 9 4 1 
178765|Survivor|1: 893 328 121 59 21 10 4 1 
178778|Survivor|1: 326 118 57 21 10 4 1 
178787|Survivor|1: 422 161 53 24 9 4 1 
178788|Child_Cross12|5: 359 139 52 24 9 4 1 
178793|Child_Cross12|33: 403 148 53 24 9 4 1 
178794|Child_Cross21|10: 414 148 53 24 9 4 1 
178796|Child_CrossABC2|8: 401 147 53 24 9 4 1 
178797|Child_Avg|7: 412 145 52 24 9 4 1 
178813|Child_CrossABC2|8: 432 159 50 24 9 4 1 
178939|Child_CrossABC2|2: 365 129 49 24 9 4 1 
178941|Survivor|1: 357 123 50 24 9 4 1 
178946|Survivor|1: 393 145 47 24 9 4 1 
178963|Child_Cross12|45: 356 113 43 24 9 4 1 
178965|Survivor|1: 394 115 44 24 9 4 1 
178985|Child_CrossABC2|2: 329 141 56 21 10 4 1 
178991|Survivor|1: 350 125 49 21 10 4 1 
178992|Child_Cross12|33: 352 131 48 20 9 4 1 
178995|Child_Cross12|9: 351 125 48 21 10 4 1 
179010|Survivor|1: 342 127 46 20 9 4 1 
179017|Survivor|1: 355 122 43 20 9 4 1 
179097|Survivor|1: 378 143 54 20 9 4 1 
179100|Survivor|1: 373 143 52 20 9 4 1 
179104|Child_CrossABC2|2: 377 138 52 20 9 4 1 
179106|Child_CrossABC2|2: 376 139 52 20 9 4 1 
179114|Survivor|1: 394 137 46 20 9 4 1 
179129|Child_CrossABC1|7: 337 127 45 21 10 4 1 
179200|Survivor|1: 309 123 55 24 9 4 1 
179202|Child_Cross12|41: 474 146 47 24 9 4 1 
179205|Child_Cross12|57: 436 128 47 24 9 4 1 
179206|Child_CrossABC1|1: 469 155 49 24 9 4 1 
179222|Child_Cross12|49: 374 145 43 24 9 4 1 
179254|Child_Avg|23: 459 205 60 28 11 4 1 
179323|Survivor|1: 383 114 55 29 9 4 1 
179343|Child_Avg|43: 394 114 61 29 9 4 1 
179344|Child_CrossABC1|7: 396 114 61 29 9 4 1 
179354|Survivor|1: 397 114 61 24 9 4 1 
179356|Survivor|1: 382 114 55 24 9 4 1 
179362|Child_Cross12|5: 375 116 55 24 9 4 1 
179367|Child_Cross12|13: 381 108 49 24 9 4 1 
179412|Child_Avg|7: 543 172 65 24 9 4 1 
179426|Survivor|1: 399 139 46 24 9 4 1 
179434|Survivor|1: 404 153 44 24 9 4 1 
179450|Survivor|1: 374 146 47 24 9 4 1 
179453|Child_Levy|56: 407 156 54 23 10 4 1 
179456|Child_CrossABC1|7: 414 163 59 24 9 4 1 
179463|Child_Cross12|17: 399 146 47 24 9 4 1 
179544|Child_CrossABC1|1: 430 134 47 23 10 4 1 
179580|Child_CrossABC1|7: 441 132 47 23 10 4 1 
179705|Survivor|1: 416 124 47 23 10 4 1 
179725|Child_Avg|11: 461 201 62 24 9 4 1 
179727|Child_CrossABC2|2|Mutated: 415 134 56 24 9 4 1 
179731|Child_CrossABC1|1: 392 132 61 24 9 4 1 
179733|Child_CrossABC2|8: 425 132 61 24 9 4 1 
179734|Child_Cross12|41: 441 132 61 24 9 4 1 
179735|Child_CrossABC1|7: 427 132 61 24 9 4 1 
179736|Child_CrossABC2|8: 418 132 61 24 9 4 1 
179737|Child_Cross12|13: 415 132 61 24 9 4 1 
179740|Child_CrossABC2|8: 414 132 61 24 9 4 1 
179744|Child_Cross12|33: 442 131 56 24 9 4 1 
179752|Child_Avg|35: 421 125 52 24 9 4 1 
179762|Child_Cross12|29: 457 129 52 24 9 4 1 
179814|Survivor|1: 364 115 49 24 9 4 1 
179878|Child_Levy|40: 428 130 43 20 9 4 1 
179915|Child_CrossABC1|7: 415 115 41 19 10 4 1 
179974|Child_Avg|3|Mutated: 399 118 44 19 10 4 1 
180021|Survivor|1: 393 113 45 20 9 4 1 
180036|Survivor|1: 390 125 41 19 10 4 1 
180064|Child_Avg|19: 405 131 48 20 9 4 1 
180065|Child_Cross12|45: 348 127 46 20 9 4 1 
180066|Child_CrossABC1|1: 373 129 48 20 9 4 1 
180082|Child_Avg|47: 348 125 43 20 9 4 1 
180103|Child_Cross21|26: 468 173 47 23 10 4 1 
180105|Child_Avg|39: 408 132 57 23 10 4 1 
180112|Child_Cross21|2|Mutated: 394 135 48 23 10 4 1 
180127|Child_CrossABC1|1: 401 127 56 24 11 4 1 
180130|Child_CrossABC1|1: 403 130 55 24 9 4 1 
180134|Child_CrossABC1|7: 399 138 61 24 9 4 1 
180146|Child_LevyABC1|5: 355 158 50 24 9 4 1 
180151|Child_CrossABC1|1: 396 133 55 24 9 4 1 
180176|Child_Avg|55: 550 154 61 24 9 4 1 
180180|Survivor|1: 454 139 53 24 9 4 1 
180190|Survivor|1|Mutated: 413 118 49 24 9 4 1 
180215|Child_Cross21|26: 418 111 47 23 10 4 1 
180224|Survivor|1: 439 119 46 24 9 4 1 
180228|Child_CrossABC1|1: 439 121 46 24 9 4 1 
180300|Child_Cross21|6: 384 134 57 23 10 4 1 
180316|Child_Avg|55: 380 129 51 23 10 4 1 
180333|Child_LevyABC1|5: 360 127 47 24 9 4 1 
180336|Child_Cross21|22: 383 141 43 24 9 4 1 
180382|Child_Levy|36: 486 175 63 27 10 4 1 
180388|Child_Cross21|10: 483 176 61 29 10 4 1 
180391|Child_Avg|11|Mutated: 398 157 62 27 10 4 1 
180402|Child_Cross12|53: 460 152 53 27 10 4 1 
180403|Child_Avg|23: 503 148 54 23 10 4 1 
180407|Survivor|1: 477 139 51 19 10 4 1 
180408|Child_CrossABC2|2: 409 148 51 19 10 4 1 
180409|Child_Avg|19: 479 140 54 23 10 4 1 
180410|Child_Avg|19: 385 119 48 21 10 4 1 
180416|Survivor|1: 388 124 51 23 10 4 1 
180417|Child_Avg|15|Mutated: 447 141 49 21 10 4 1 
180422|Child_Cross12|1: 428 136 49 21 10 4 1 
180442|Child_Cross21|26: 442 133 47 23 10 4 1 
180449|Child_Cross12|13: 434 133 47 23 10 4 1 
180453|Survivor|1: 435 133 47 23 10 4 1 
180460|Child_Cross21|22: 403 156 47 23 10 4 1 
180472|Child_Cross21|6: 448 125 47 23 10 4 1 
180565|Survivor|1: 407 151 49 24 9 4 1 
180596|Survivor|1: 428 124 47 24 9 4 1 
180608|Child_CrossABC2|8: 423 122 46 24 9 4 1 
180638|Survivor|1: 452 123 43 24 9 4 1 
180660|Child_Avg|27: 409 166 56 24 9 4 1 
180667|Survivor|1: 470 161 56 24 9 4 1 
180668|Child_Cross21|50: 408 148 53 24 9 4 1 
180672|Child_Cross21|30|Mutated: 410 141 46 24 9 4 1 
180676|Child_CrossABC1|7: 412 151 53 24 9 4 1 
180680|Child_CrossABC1|1: 402 163 58 24 9 4 1 
180683|Child_Avg|7: 399 143 44 24 9 4 1 
180740|Child_Levy|32: 405 146 56 24 9 4 1 
180742|Survivor|1: 405 118 56 24 9 4 1 
180760|Survivor|1: 409 181 56 21 10 4 1 
180774|Child_CrossABC1|7: 404 125 44 21 10 4 1 
180790|Child_Avg|31: 461 152 55 24 9 4 1 
180800|Child_CrossABC2|8: 468 169 61 24 9 4 1 
180802|Child_LevyP1|3|Mutated: 445 154 58 23 10 4 1 
180808|Survivor|1: 443 175 51 23 10 4 1 
180809|Child_Avg|23: 420 167 53 24 9 4 1 
180816|Child_Avg|23: 402 131 50 24 9 4 1 
180827|Child_Avg|3|Mutated: 423 160 49 24 9 4 1 
180834|Child_Cross12|25: 442 135 47 24 9 4 1 
180893|Child_CrossABC2|2: 399 125 56 21 10 4 1 
180910|Child_Cross12|5: 397 126 45 21 10 4 1 
180911|Child_CrossABC1|7: 414 125 46 21 10 4 1 
180979|Survivor|1: 389 110 42 19 10 4 1 
180993|Child_CrossABC1|1: 391 118 44 19 10 4 1 
181001|Survivor|1: 368 134 52 19 10 4 1 
181010|Survivor|1: 365 159 60 19 10 4 1 
181012|Child_CrossABC2|8: 366 143 53 19 10 4 1 
181016|Child_Avg|31: 377 138 51 19 10 4 1 
181044|Survivor|1: 373 113 43 19 10 4 1 
181064|Survivor|1: 361 107 45 19 10 4 1 
181079|Child_CrossABC2|2: 374 118 50 23 10 4 1 
181090|Survivor|1: 394 121 47 23 10 4 1 
181097|Child_CrossABC2|8: 371 118 44 23 10 4 1 
181109|Survivor|1: 370 118 48 23 10 4 1 
181120|Child_CrossABC1|1: 366 120 44 23 10 4 1 
181124|Child_CrossABC1|1: 368 120 44 23 10 4 1 
181127|Survivor|1: 402 122 48 23 10 4 1 
181136|Child_CrossABC1|1: 384 113 48 23 10 4 1 
181224|Survivor|1: 399 130 53 25 10 4 1 
181241|Child_CrossABC2|2: 384 141 53 24 9 4 1 
181271|Survivor|1|Mutated: 402 131 52 20 9 4 1 
181317|Survivor|1: 380 159 48 20 9 4 1 
181321|Child_Levy|4: 418 149 61 24 9 4 1 
181330|Child_Levy|60: 391 139 52 24 9 4 1 
181332|Child_Levy|40: 468 166 57 23 10 4 1 
181350|Child_Cross21|14: 380 139 49 24 9 4 1 
181352|Child_CrossABC1|1: 401 143 55 24 9 4 1 
181361|Child_Avg|11: 385 124 58 24 9 4 1 
181418|Survivor|1: 361 136 50 24 9 4 1 
181447|Survivor|1: 577 126 47 23 10 4 1 
181453|Child_Avg|3: 425 118 44 23 10 4 1 
181472|Survivor|1: 400 113 56 24 9 4 1 
181473|Child_Avg|7: 417 116 55 24 9 4 1 
181475|Child_Cross21|10: 375 113 47 23 10 4 1 
181488|Child_CrossABC1|7: 359 116 45 21 10 4 1 
181490|Child_CrossABC1|1: 372 115 45 21 10 4 1 
181491|Child_Cross21|14: 393 112 45 21 10 4 1 
181532|Survivor|1: 385 133 53 25 9 4 1 
181549|Child_Levy|4: 366 128 47 23 10 4 1 
181550|Child_Avg|23: 423 155 50 24 9 4 1 
181554|Child_CrossABC2|8: 415 181 55 24 9 4 1 
181557|Child_Avg|3: 391 177 52 24 9 4 1 
181561|Child_Levy|8: 377 121 50 24 9 4 1 
181562|Survivor|1|Mutated: 377 134 50 24 9 4 1 
181566|Child_CrossABC1|1: 379 158 50 24 9 4 1 
181599|Child_Cross12|25: 383 117 43 24 9 4 1 
181651|Child_Cross21|18: 560 181 69 27 10 4 1 
181659|Child_Avg|15: 545 134 58 23 10 4 1 
181665|Survivor|1: 473 151 45 21 10 4 1 
181684|Child_CrossABC2|8: 464 137 45 21 10 4 1 
181705|Survivor|1: 380 102 43 20 9 4 1 
181718|Child_CrossABC2|2: 393 104 56 21 10 4 1 
181721|Child_Avg|23: 434 131 58 23 10 4 1 
181726|Survivor|1: 438 137 53 24 9 4 1 
181734|Survivor|1: 397 118 50 23 10 4 1 
181802|Child_Levy|8: 451 146 55 24 9 4 1 
181811|Child_Avg|31: 412 123 47 24 9 4 1 
181825|Child_CrossABC1|1: 450 125 44 23 10 4 1 
181833|Child_Cross21|38: 425 123 42 19 10 4 1 
181899|Survivor|1: 386 121 55 24 9 4 1 
181920|Child_CrossABC1|1: 435 123 43 24 9 4 1 
181926|Child_Cross21|42: 412 121 43 24 9 4 1 
181981|Survivor|1: 614 171 59 24 9 4 1 
181984|Child_CrossABC1|1: 596 151 58 24 9 4 1 
181985|Child_CrossABC2|2: 599 173 59 24 9 4 1 
181990|Child_CrossABC2|2: 579 172 58 24 9 4 1 
181994|Child_CrossABC1|7: 470 165 62 24 9 4 1 
181996|Child_CrossABC2|8: 431 159 55 24 9 4 1 
181998|Child_Cross21|42: 557 163 52 24 9 4 1 
181999|Child_CrossABC2|8: 456 163 55 24 9 4 1 
182001|Child_Avg|47: 563 157 52 24 9 4 1 
182002|Child_Avg|7: 465 161 53 24 9 4 1 
182007|Child_CrossABC1|7: 436 161 53 24 9 4 1 
182010|Child_CrossABC2|8: 393 127 52 24 9 4 1 
182043|Survivor|1: 420 143 49 24 9 4 1 
182046|Child_CrossABC2|2: 413 142 51 23 10 4 1 
182051|Survivor|1|Mutated: 451 142 51 23 10 4 1 
182052|Child_CrossABC2|2: 404 164 57 23 10 4 1 
182056|Child_CrossABC1|1: 414 143 57 23 10 4 1 
182068|Survivor|1: 409 122 54 23 10 4 1 
182075|Child_CrossABC2|8: 432 122 57 23 10 4 1 
182076|Child_CrossABC1|1: 416 122 57 23 10 4 1 
182077|Child_CrossABC2|2: 418 122 57 23 10 4 1 
182092|Child_Avg|39: 389 120 54 23 10 4 1 
182136|Child_CrossABC2|2: 402 118 44 23 10 4 1 
182143|Survivor|1: 400 122 54 23 10 4 1 
182202|Survivor|1: 442 123 43 24 9 4 1 
182203|Child_CrossABC1|7: 421 128 53 24 9 4 1 
182219|Child_Cross12|33: 427 135 52 24 9 4 1 
182229|Survivor|1: 423 128 47 24 9 4 1 
182260|Child_CrossABC1|7: 402 145 55 24 9 4 1 
182285|Survivor|1: 413 120 54 23 10 4 1 
182322|Survivor|1: 419 187 63 29 10 4 1 
182350|Survivor|1: 403 118 45 23 10 4 1 
182371|Survivor|1: 426 138 55 23 10 4 1 
182378|Child_Levy|40: 394 127 47 25 9 4 1 
182390|Child_Avg|43: 406 129 56 21 10 4 1 
182401|Child_Cross12|33: 400 122 47 21 10 4 1 
182425|Child_CrossABC2|8: 342 129 50 24 9 4 1 
182432|Survivor|1: 335 126 49 24 9 4 1 
182435|Child_CrossABC1|7: 354 123 56 24 9 4 1 
182440|Survivor|1: 347 128 53 24 9 4 1 
182445|Child_CrossABC1|1: 388 136 59 24 9 4 1 
182451|Child_CrossABC1|7: 386 133 56 25 9 4 1 
182465|Child_Avg|31|Mutated: 387 164 61 23 10 4 1 
182470|Child_CrossABC2|8: 372 122 57 23 10 4 1 
182487|Survivor|1: 388 140 48 21 10 4 1 
182555|Survivor|1: 373 137 54 23 10 4 1 
182562|Survivor|1: 288 102 49 24 9 4 1 
182567|Child_Cross12|25: 365 133 44 24 9 4 1 
182646|Survivor|1: 391 107 50 24 9 4 1 
182660|Child_Cross21|18: 384 124 41 19 10 4 1 
182663|Survivor|1: 353 121 43 20 9 4 1 
182682|Child_CrossABC2|8: 377 121 43 20 9 4 1 
182719|Survivor|1: 387 111 43 20 9 4 1 
182736|Child_Levy|56: 417 135 57 23 10 4 1 
182773|Child_Cross12|45: 549 151 57 23 10 4 1 
182775|Child_Cross12|29: 419 165 49 24 9 4 1 
182781|Child_Avg|31|Mutated: 431 165 49 24 9 4 1 
182791|Survivor|1: 439 175 49 24 9 4 1 
182792|Child_Cross12|53: 467 142 49 24 9 4 1 
182814|Child_Avg|23: 412 145 43 24 9 4 1 
182868|Child_CrossABC2|2: 475 149 56 24 9 4 1 
182876|Survivor|1: 457 149 47 24 9 4 1 
182902|Survivor|1: 636 196 59 24 9 4 1 
182904|Child_Cross12|45|Mutated: 526 185 55 24 9 4 1 
182921|Survivor|1: 425 154 46 24 9 4 1 
182925|Child_CrossABC2|2: 395 150 43 24 9 4 1 
182934|Child_Avg|23: 399 150 43 24 9 4 1 
182936|Child_Avg|31|Mutated: 405 133 52 24 9 4 1 
182951|Child_Cross21|30|Mutated: 374 136 47 24 9 4 1 
182965|Survivor|1: 457 142 43 24 9 4 1 
182969|Child_CrossABC2|8: 450 140 68 23 10 4 1 
182977|Survivor|1: 407 121 50 19 10 4 1 
182988|Survivor|1: 391 120 46 20 9 4 1 
182993|Survivor|1: 394 128 48 23 10 4 1 
183002|Child_CrossABC2|2: 405 128 48 23 10 4 1 
183036|Child_Avg|23: 553 151 56 21 10 4 1 
183039|Survivor|1: 461 140 45 21 10 4 1 
183044|Child_Avg|27: 468 149 48 20 9 4 1 
183132|Child_Avg|51: 372 109 41 20 9 4 1 
183153|Survivor|1: 384 108 41 20 9 4 1 
183254|Child_Avg|59: 380 114 49 21 10 4 1 
183277|Survivor|1: 382 119 45 21 10 4 1 
183293|Survivor|1: 367 118 41 20 9 4 1 
183312|Child_Avg|7: 385 116 41 20 9 4 1 
183354|Child_Cross21|6: 399 109 41 20 9 4 1 
183408|Child_Levy|44: 310 123 50 19 10 4 1 
183414|Child_CrossABC1|7: 382 109 48 21 10 4 1 
183437|Child_Cross12|13: 374 108 43 20 9 4 1 
183445|Child_Avg|55: 382 104 43 20 9 4 1 
183469|Child_Cross21|30: 374 107 41 20 9 4 1 
183540|Survivor|1: 386 107 45 23 10 4 1 
183573|Child_Levy|16: 444 146 57 23 10 4 1 
183598|Survivor|1: 450 135 62 24 9 4 1 
183619|Survivor|1: 393 126 45 19 10 4 1 
183627|Child_Avg|3|Mutated: 384 118 47 21 10 4 1 
183658|Survivor|1|Mutated: 388 136 49 25 9 4 1 
183659|Child_CrossABC2|2: 380 149 62 24 9 4 1 
183662|Child_Cross12|37: 413 151 52 24 9 4 1 
183672|Child_CrossABC2|8|Mutated: 601 156 70 24 9 4 1 
183677|Survivor|1: 436 156 59 24 9 4 1 
183678|Child_Cross12|25: 484 137 55 21 10 4 1 
183686|Child_Cross12|49: 399 119 48 20 9 4 1 
183704|Child_Cross21|38: 362 117 43 19 10 4 1 
183814|Child_Avg|43: 404 119 45 21 10 4 1 
183826|Child_Avg|31: 469 141 56 21 10 4 1 
183828|Child_CrossABC2|8: 402 119 43 20 9 4 1 
183834|Child_CrossABC1|1: 394 113 47 24 9 4 1 
183866|Child_Avg|47: 442 165 50 24 9 4 1 
183874|Survivor|1: 375 129 61 24 9 4 1 
183880|Survivor|1: 318 119 46 24 9 4 1 
183886|Survivor|1: 311 121 46 24 9 4 1 
183969|Child_CrossABC2|2: 418 121 45 23 10 4 1 
183994|Child_Avg|15: 424 128 41 19 10 4 1 
183996|Child_Levy|36: 648 170 67 24 9 4 1 
184024|Child_CrossABC1|7: 408 128 41 19 10 4 1 
184053|Child_CrossABC1|1: 401 125 41 19 10 4 1 
184079|Child_Levy|24: 477 146 55 21 10 4 1 
184082|Child_Levy|16: 370 122 54 23 10 4 1 
184194|Child_Avg|7: 394 123 47 23 10 4 1 
184197|Child_CrossABC1|7: 400 118 45 21 10 4 1 
184295|Survivor|1: 385 113 48 20 9 4 1 
184325|Survivor|1: 356 116 43 20 9 4 1 
184329|Survivor|1: 375 116 45 21 10 4 1 
184343|Child_Levy|40: 377 166 61 24 9 4 1 
184349|Survivor|1: 383 129 54 20 9 4 1 
184355|Child_Cross21|42: 403 158 52 24 9 4 1 
184407|Child_CrossABC2|8: 428 153 50 24 9 4 1 
184413|Survivor|1: 420 145 47 23 10 4 1 
184467|Child_Cross21|10: 438 123 46 24 9 4 1 
184615|Survivor|1: 414 127 49 25 9 4 1 
184625|Child_CrossABC1|7: 429 134 56 24 9 4 1 
184628|Child_Levy|8: 408 131 55 27 10 4 1 
184703|Child_Avg|23: 611 152 56 27 10 4 1 
184706|Child_CrossABC1|1: 562 145 65 27 10 4 1 
184710|Child_Avg|47: 403 111 54 25 10 4 1 
184724|Child_CrossABC2|2: 467 130 49 24 9 4 1 
184795|Survivor|1: 426 131 55 23 10 4 1 
184796|Child_CrossABC2|8: 397 136 50 21 10 4 1 
184797|Child_CrossABC1|1: 454 128 57 21 10 4 1 
184809|Child_Avg|11: 498 153 58 24 9 4 1 
184812|Child_CrossABC2|8: 412 130 55 24 9 4 1 
184817|Child_CrossABC2|2: 433 129 52 24 9 4 1 
184863|Survivor|1: 389 125 47 23 10 4 1 
184908|Survivor|1: 389 121 44 23 10 4 1 
185017|Child_Avg|3: 451 145 57 23 10 4 1 
185028|Child_CrossABC1|1: 384 142 57 23 10 4 1 
185034|Child_Cross21|58: 390 142 57 23 10 4 1 
185050|Child_Cross21|38: 384 132 47 23 10 4 1 
185103|Child_Avg|51: 407 116 50 24 9 4 1 
185123|Child_Levy|32: 384 119 60 21 10 4 1 
185131|Child_Cross21|58: 355 121 51 23 10 4 1 
185132|Child_CrossABC1|1: 383 114 49 21 10 4 1 
185139|Survivor|1: 415 114 49 21 10 4 1 
185141|Child_Cross21|30: 382 115 48 21 10 4 1 
185165|Survivor|1: 384 123 44 23 10 4 1 
185220|Child_CrossABC2|2: 403 124 47 24 9 4 1 
185226|Survivor|1: 435 127 52 24 9 4 1 
185253|Child_Cross21|10: 416 113 43 24 9 4 1 
185327|Survivor|1: 398 121 57 20 9 4 1 
185493|Child_Cross12|1: 400 152 49 24 9 4 1 
185520|Child_Cross12|21: 387 132 43 24 9 4 1 
185580|Child_CrossABC1|1: 330 131 43 24 9 4 1 
185646|Child_CrossABC2|8: 350 117 52 24 9 4 1 
185654|Child_Cross21|18: 385 112 47 23 10 4 1 
185663|Child_CrossABC1|1: 427 112 47 23 10 4 1 
185680|Survivor|1: 395 120 46 21 10 4 1 
185692|Child_CrossABC2|8: 410 126 46 21 10 4 1 
185708|Child_Cross21|18: 405 116 44 23 10 4 1 
185805|Survivor|1: 373 115 44 24 9 4 1 
185822|Survivor|1: 374 117 44 24 9 4 1 
185825|Survivor|1|Mutated: 374 135 44 24 9 4 1 
185837|Survivor|1: 291 130 46 24 9 4 1 
185856|Survivor|1: 460 137 54 23 10 4 1 
185906|Child_Avg|23: 402 137 43 24 9 4 1 
185953|Survivor|1: 422 121 55 24 9 4 1 
186079|Child_Avg|59: 484 135 58 23 10 4 1 
186080|Survivor|1|Mutated: 430 135 58 23 10 4 1 
186105|Survivor|1: 429 130 58 23 10 4 1 
186108|Child_CrossABC2|2|Mutated: 397 126 58 23 10 4 1 
186113|Child_CrossABC1|1: 397 134 57 23 10 4 1 
186115|Child_CrossABC2|8|Mutated: 427 156 57 23 10 4 1 
186118|Child_Avg|11: 398 141 57 23 10 4 1 
186124|Child_CrossABC1|7: 397 138 55 23 10 4 1 
186171|Survivor|1: 345 128 50 23 10 4 1 
186178|Child_Avg|19: 365 121 45 21 10 4 1 
186185|Child_CrossABC2|8: 365 130 45 21 10 4 1 
186193|Child_CrossABC1|1: 361 140 45 21 10 4 1 
186237|Survivor|1: 326 121 49 17 10 4 1 
186247|Child_Cross21|46: 369 111 45 20 9 4 1 
186249|Child_CrossABC1|7: 376 111 45 20 9 4 1 
186255|Child_CrossABC1|1: 409 110 43 20 9 4 1 
186263|Child_Cross12|29: 368 108 41 20 9 4 1 
186286|Survivor|1: 373 108 41 20 9 4 1 
186292|Child_Levy|12: 369 121 53 27 10 4 1 
186306|Survivor|1: 378 145 53 25 10 4 1 
186310|Child_Cross21|22: 379 138 49 24 9 4 1 
186320|Child_CrossABC1|7: 379 138 52 24 9 4 1 
186386|Survivor|1: 435 142 50 24 9 4 1 
186426|Child_Cross21|42: 394 144 47 23 10 4 1 
186488|Child_Avg|55: 579 176 63 27 10 4 1 
186492|Child_CrossABC2|2: 447 138 56 24 9 4 1 
186494|Child_Cross12|57: 391 134 53 24 9 4 1 
186495|Child_Avg|19: 429 127 56 25 9 4 1 
186499|Child_CrossABC2|2: 450 129 52 24 9 4 1 
186501|Survivor|1: 407 149 52 24 9 4 1 
186504|Child_CrossABC2|2: 435 132 50 24 9 4 1 
186518|Child_Cross12|17: 403 141 52 24 9 4 1 
186533|Child_Cross12|25: 410 138 49 24 9 4 1 
186622|Survivor|1: 327 131 51 23 10 4 1 
186623|Child_Cross12|9: 327 131 51 19 10 4 1 
186627|Survivor|1: 387 145 49 21 10 4 1 
186630|Survivor|1: 382 145 49 21 10 4 1 
186635|Child_CrossABC2|2: 383 134 49 21 10 4 1 
186649|Survivor|1: 381 135 50 21 10 4 1 
186719|Child_Avg|51|Mutated: 555 205 67 24 9 4 1 
186730|Survivor|1: 406 151 46 24 9 4 1 
186807|Survivor|1: 525 170 64 24 11 4 1 
186818|Child_Avg|15: 450 159 65 25 9 4 1 
186819|Child_Levy|12: 434 151 62 24 9 4 1 
186820|Child_Avg|3: 405 145 61 24 9 4 1 
186824|Child_Avg|19: 420 144 55 24 9 4 1 
186826|Child_Cross12|21: 424 145 50 24 9 4 1 
186827|Child_Cross21|10: 433 154 55 24 9 4 1 
186829|Child_Cross12|53: 438 159 55 24 9 4 1 
186833|Child_Cross21|22: 429 175 52 24 9 4 1 
186835|Child_Levy|36: 453 142 50 24 9 4 1 
186838|Child_CrossABC2|8: 402 157 53 24 9 4 1 
186839|Child_CrossABC2|8: 382 154 55 24 9 4 1 
186843|Survivor|1: 385 156 53 24 9 4 1 
186847|Child_CrossABC1|7: 397 138 47 24 9 4 1 
186850|Child_Cross21|34: 343 124 46 24 9 4 1 
186888|Child_CrossABC1|7: 447 123 46 24 9 4 1 
186935|Survivor|1|Mutated: 459 171 59 24 9 4 1 
186945|Survivor|1: 478 171 50 24 9 4 1 
186983|Survivor|1: 319 141 61 29 9 4 1 
186991|Child_Cross12|13: 360 133 55 21 10 4 1 
186996|Child_Cross12|21: 354 119 45 23 10 4 1 
187009|Child_LevyP1|9: 628 165 65 24 9 4 1 
187024|Child_Cross21|6: 390 116 45 20 9 4 1 
187034|Child_Levy|20: 441 121 44 19 10 4 1 
187037|Child_Cross12|33: 416 123 42 19 10 4 1 
187040|Child_Avg|11: 394 119 42 19 10 4 1 
187044|Survivor|1: 403 109 44 19 10 4 1 
187063|Survivor|1: 383 113 43 19 10 4 1 
187071|Child_Levy|44|Mutated: 349 153 58 24 9 4 1 
187082|Child_Cross21|14|Mutated: 365 136 55 24 9 4 1 
187083|Child_CrossABC2|8: 360 153 58 24 9 4 1 
187084|Child_CrossABC2|2: 349 137 58 23 10 4 1 
187089|Survivor|1: 344 137 58 24 9 4 1 
187137|Survivor|1: 393 132 46 24 9 4 1 
187151|Child_CrossABC2|8: 406 133 52 24 9 4 1 
187211|Child_Avg|7: 410 131 44 24 9 4 1 
187228|Survivor|1: 380 133 50 24 9 4 1 
187239|Child_CrossABC1|7: 665 146 59 24 9 4 1 
187245|Child_Cross21|10: 457 140 57 23 10 4 1 
187247|Child_Cross12|25: 453 146 57 23 10 4 1 
187297|Child_Levy|32: 559 138 61 24 9 4 1 
187300|Child_Avg|23: 491 129 57 23 10 4 1 
187302|Child_Cross21|2: 413 133 57 23 10 4 1 
187391|Child_CrossABC2|8: 381 135 48 23 10 4 1 
187395|Child_CrossABC1|7|Mutated: 351 112 45 21 10 4 1 
187401|Survivor|1: 488 167 55 24 9 4 1 
187418|Child_CrossABC1|7|Mutated: 369 148 46 24 9 4 1 
187466|Survivor|1: 370 138 41 20 9 4 1 
187468|Child_Levy|44: 447 143 50 24 9 4 1 
187471|Survivor|1: 395 145 45 21 10 4 1 
187478|Survivor|1|Mutated: 399 137 46 21 10 4 1 
187496|Survivor|1: 307 121 43 20 9 4 1 
187502|Child_Cross21|2: 295 122 43 20 9 4 1 
187504|Child_CrossABC2|8: 306 121 43 20 9 4 1 
187509|Survivor|1: 297 113 43 20 9 4 1 
187531|Survivor|1: 390 143 53 24 9 4 1 
187535|Child_Levy|56: 352 126 47 23 10 4 1 
187541|Child_CrossABC1|7: 304 126 47 23 10 4 1 
187603|Survivor|1: 387 111 43 24 9 4 1 
187629|Child_Cross12|37: 404 117 49 21 10 4 1 
187642|Child_CrossABC1|1: 380 124 49 21 10 4 1 
187645|Child_CrossABC1|7: 413 114 49 21 10 4 1 
187646|Child_Cross21|2: 357 134 49 21 10 4 1 
187651|Child_CrossABC2|8: 389 131 49 21 10 4 1 
187653|Survivor|1: 389 119 48 21 10 4 1 
187654|Child_Cross21|6: 385 114 49 21 10 4 1 
187658|Child_Avg|15: 388 115 48 21 10 4 1 
187665|Child_Avg|15: 403 116 45 21 10 4 1 
187683|Child_CrossABC1|1: 396 113 45 21 10 4 1 
187704|Child_Cross21|46: 401 113 45 21 10 4 1 
187713|Child_Cross21|58: 428 116 45 21 10 4 1 
187716|Child_Avg|27|Mutated: 401 125 45 21 10 4 1 
187746|Survivor|1: 356 121 43 19 10 4 1 
187791|Survivor|1: 551 143 52 29 9 4 1 
187807|Child_Levy|4: 462 166 67 23 10 4 1 
187815|Survivor|1: 472 171 67 24 9 4 1 
187821|Child_Avg|3: 411 140 50 24 9 4 1 
187823|Child_Avg|3: 410 133 49 24 9 4 1 
187825|Child_Cross21|46: 342 115 49 24 9 4 1 
187873|Survivor|1: 389 133 52 24 9 4 1 
187883|Survivor|1: 463 161 56 24 9 4 1 
187892|Child_Levy|28: 451 140 50 24 9 4 1 
187897|Survivor|1: 424 136 47 23 10 4 1 
187915|Child_Avg|7: 427 129 45 23 10 4 1 
187934|Child_Cross21|26: 419 127 44 23 10 4 1 
187966|Child_Cross12|13: 407 125 48 23 10 4 1 
188006|Child_Avg|55: 367 129 51 19 10 4 1 
188015|Survivor|1: 389 124 48 21 10 4 1 
188032|Child_CrossABC1|1: 404 112 43 19 10 4 1 
188034|Child_CrossABC2|2: 402 112 43 19 10 4 1 
188067|Survivor|1: 349 116 46 20 9 4 1 
188076|Child_CrossABC2|2: 354 117 46 20 9 4 1 
188097|Survivor|1: 363 114 46 20 9 4 1 
188109|Survivor|1: 357 122 46 20 9 4 1 
188122|Child_Levy|52: 420 185 71 29 10 4 1 
188190|Child_Levy|12: 450 165 52 24 9 4 1 
188199|Child_CrossABC1|7: 396 113 45 20 9 4 1 
188205|Child_LevyP1|3: 406 115 49 21 9 4 1 
188226|Child_CrossABC2|8: 409 118 45 20 9 4 1 
188289|Child_Levy|48: 417 112 47 23 10 4 1 
188365|Survivor|1: 401 139 44 23 10 4 1 
188395|Survivor|1: 425 111 48 20 9 4 1 
188401|Child_Cross12|1: 413 113 46 20 9 4 1 
188414|Child_CrossABC1|7: 386 105 43 20 9 4 1 
188419|Child_Cross12|29: 394 105 41 19 10 4 1 
188451|Survivor|1: 316 107 45 21 10 4 1 
188511|Child_Levy|56: 387 118 53 25 9 4 1 
188518|Survivor|1: 426 131 50 24 9 4 1 
188521|Child_Cross21|50: 388 119 49 24 9 4 1 
188553|Child_CrossABC2|2: 425 127 53 24 9 4 1 
188560|Child_CrossABC2|2: 428 125 52 24 9 4 1 
188588|Child_Cross21|6: 306 122 47 23 10 4 1 
188592|Survivor|1: 306 124 47 23 10 4 1 
188598|Child_CrossABC2|2: 315 125 47 23 10 4 1 
188600|Child_CrossABC1|7: 326 125 47 23 10 4 1 
188614|Survivor|1: 471 147 65 29 10 4 1 
188642|Child_Cross21|38|Mutated: 407 129 51 23 10 4 1 
188661|Child_CrossABC1|7: 348 135 49 24 9 4 1 
188709|Survivor|1: 371 151 59 24 9 4 1 
188721|Survivor|1: 357 148 46 24 9 4 1 
188725|Survivor|1: 356 149 47 24 9 4 1 
188758|Child_Levy|16: 400 135 44 24 9 4 1 
188832|Survivor|1: 428 131 53 24 9 4 1 
188837|Child_CrossABC2|8: 424 129 55 24 9 4 1 
188901|Survivor|1: 447 132 46 24 9 4 1 
188903|Child_Cross21|2: 413 134 47 23 10 4 1 
188986|Child_CrossABC2|2: 375 121 44 24 9 4 1 
189054|Child_Avg|51: 409 127 54 23 10 4 1 
189096|Survivor|1: 369 148 55 23 10 4 1 
189097|Child_CrossABC1|1|Mutated: 400 154 58 23 10 4 1 
189172|Survivor|1: 361 116 46 21 10 4 1 
189263|Child_Avg|35: 421 156 64 29 9 4 1 
189266|Survivor|1: 405 127 47 25 9 4 1 
189273|Child_Avg|55|Mutated: 379 128 47 24 9 4 1 
189281|Survivor|1: 406 119 52 24 9 4 1 
189337|Child_Avg|19: 377 158 60 23 10 4 1 
189342|Child_LevyP2|4|Mutated: 419 149 61 24 9 4 1 
189346|Child_Avg|39: 355 151 58 24 9 4 1 
189352|Child_CrossABC1|7: 347 124 51 23 10 4 1 
189356|Child_Cross21|54: 350 134 47 23 10 4 1 
189360|Child_Avg|7: 350 125 47 23 10 4 1 
189362|Survivor|1: 373 110 47 23 10 4 1 
189364|Survivor|1: 366 133 47 23 10 4 1 
189434|Child_LevyP1|3: 407 113 52 24 9 4 1 
189468|Survivor|1: 404 116 46 21 10 4 1 
189503|Child_CrossABC1|7: 408 119 46 20 9 4 1 
189608|Child_Levy|44: 634 148 58 27 10 4 1 
189612|Survivor|1: 586 135 52 24 9 4 1 
189620|Child_CrossABC1|7: 485 140 49 24 9 4 1 
189627|Survivor|1: 456 140 49 24 9 4 1 
189651|Child_Avg|7: 390 147 55 24 9 4 1 
189653|Child_Cross21|10: 409 127 57 23 10 4 1 
189655|Child_Cross21|50: 388 141 55 23 10 4 1 
189659|Child_Cross21|26: 372 134 51 23 10 4 1 
189664|Child_Avg|59|Mutated: 350 115 49 21 10 4 1 
189665|Child_CrossABC2|8: 434 114 49 21 10 4 1 
189668|Child_Avg|11: 392 115 49 21 10 4 1 
189678|Child_Cross21|18: 355 123 45 21 10 4 1 
189681|Child_Cross12|53|Mutated: 452 128 50 21 10 4 1 
189686|Child_Cross21|30: 358 124 45 21 10 4 1 
189687|Child_Avg|11: 327 127 45 21 10 4 1 
189696|Child_Cross21|58: 324 127 45 21 10 4 1 
189715|Child_Cross21|30: 372 127 45 21 10 4 1 
189724|Child_Avg|3: 319 127 45 21 10 4 1 
189725|Child_Cross21|54: 311 127 45 21 10 4 1 
189751|Child_Avg|47: 386 109 45 21 10 4 1 
189791|Survivor|1: 409 166 52 24 9 4 1 
189796|Child_CrossABC1|1: 381 139 53 24 9 4 1 
189815|Child_CrossABC2|2|Mutated: 325 134 52 24 9 4 1 
189819|Child_Avg|55: 322 127 43 24 9 4 1 
189844|Survivor|1: 320 126 43 24 9 4 1 
189893|Child_Avg|27: 455 132 55 24 9 4 1 
189929|Child_Levy|12: 370 133 47 25 9 4 1 
189934|Survivor|1: 385 153 56 25 9 4 1 
189980|Child_Avg|55: 386 144 59 27 10 4 1 
190013|Survivor|1: 422 131 52 20 9 4 1 
190028|Survivor|1: 387 122 48 20 9 4 1 
190036|Survivor|1: 385 111 43 20 9 4 1 
190063|Child_Levy|20: 539 156 57 23 10 4 1 
190073|Survivor|1: 538 157 58 23 10 4 1 
190074|Child_CrossABC2|8: 447 152 57 23 10 4 1 
190078|Child_CrossABC1|7: 412 152 57 23 10 4 1 
190079|Child_CrossABC1|1|Mutated: 401 153 57 23 10 4 1 
190081|Child_CrossABC1|7: 407 153 57 23 10 4 1 
190083|Child_Cross21|2: 409 145 54 23 10 4 1 
190096|Child_Cross12|57: 391 126 47 23 10 4 1 
190132|Child_CrossABC2|8|Mutated: 453 141 59 24 9 4 1 
190142|Child_CrossABC1|7: 423 137 56 24 9 4 1 
190145|Child_CrossABC2|8: 463 140 55 24 9 4 1 
190234|Survivor|1: 357 128 45 23 10 4 1 
190285|Survivor|1: 363 148 46 24 9 4 1 
190315|Child_Cross21|50: 379 146 43 24 9 4 1 
190348|Child_CrossABC2|2: 402 123 59 24 9 4 1 
190415|Survivor|1: 452 133 44 24 9 4 1 
190436|Survivor|1: 396 128 43 24 9 4 1 
190446|Survivor|1: 353 124 47 24 9 4 1 
190466|Survivor|1: 369 113 44 24 9 4 1 
190474|Survivor|1: 391 111 44 24 9 4 1 
190475|Child_CrossABC1|1: 392 111 44 24 9 4 1 
190524|Child_Cross21|46|Mutated: 399 123 48 20 9 4 1 
190565|Child_Cross12|45: 401 108 41 19 10 4 1 
190566|Random|12: 469 146 62 24 9 4 1 
190595|Child_Avg|3: 397 147 70 23 10 4 1 
190655|Survivor|1: 403 138 48 20 9 4 1 
190657|Survivor|1: 554 156 56 21 10 4 1 
190667|Survivor|1: 382 115 44 19 10 4 1 
190679|Child_Cross21|14: 364 111 43 20 9 4 1 
190696|Child_Cross12|57: 414 124 47 24 9 4 1 
190715|Survivor|1: 387 138 49 21 10 4 1 
190722|Survivor|1: 448 140 45 21 10 4 1 
190726|Survivor|1: 438 128 43 20 9 4 1 
190741|Child_Avg|27: 445 131 43 20 9 4 1 
190742|Child_Cross21|6: 446 131 43 20 9 4 1 
190746|Child_Cross12|33: 445 130 43 20 9 4 1 
190760|Child_CrossABC2|8: 433 127 43 20 9 4 1 
190782|Survivor|1: 419 124 49 21 10 4 1 
190793|Child_Cross12|49: 410 127 41 19 10 4 1 
190832|Child_Avg|7: 433 172 58 23 10 4 1 
190833|Child_CrossABC2|2: 396 158 55 21 10 4 1 
190862|Child_Cross12|21: 383 162 55 21 10 4 1 
190867|Child_Avg|43: 359 145 49 21 10 4 1 
190897|Child_Avg|39: 423 130 48 23 10 4 1 
190913|Survivor|1: 345 122 46 24 9 4 1 
190929|Survivor|1: 382 126 47 24 9 4 1 
191008|Child_Levy|40: 419 172 58 24 9 4 1 
191055|Child_Cross12|53: 401 114 47 23 10 4 1 
191089|Child_CrossABC1|1: 393 116 44 23 10 4 1 
191103|Survivor|1: 403 122 45 23 10 4 1 
191170|Survivor|1: 395 107 41 20 9 4 1 
191206|Survivor|1: 390 105 43 20 9 4 1 
191210|Child_Cross12|41: 390 101 43 20 9 4 1 
191237|Child_Avg|7: 439 138 59 24 9 4 1 
191250|Child_CrossABC1|1: 439 138 58 24 9 4 1 
191256|Child_Avg|19: 383 137 59 24 9 4 1 
191262|Child_Cross12|53: 401 119 53 24 9 4 1 
191273|Child_CrossABC2|2: 396 139 55 24 9 4 1 
191317|Survivor|1: 679 163 73 29 10 4 1 
191327|Child_Avg|31: 344 127 46 21 10 4 1 
191331|Child_CrossABC2|2: 367 128 47 21 10 4 1 
191335|Child_Levy|8: 353 122 47 21 10 4 1 
191340|Survivor|1: 350 123 49 21 10 4 1 
191415|Survivor|1: 411 122 59 20 9 4 1 
191418|Survivor|1: 419 116 46 20 9 4 1 
191442|Child_Cross21|22: 402 118 43 20 9 4 1 
191475|Child_Avg|51: 421 121 43 20 9 4 1 
191545|Child_Cross21|46: 415 131 52 24 9 4 1 
191598|Child_Cross12|57: 338 126 49 24 9 4 1 
191611|Child_Cross12|9: 398 130 43 24 9 4 1 
191681|Survivor|1: 409 131 48 20 9 4 1 
191756|Survivor|1: 379 124 46 24 9 4 1 
191758|Child_CrossABC1|1: 378 114 47 24 9 4 1 
191766|Survivor|1: 381 115 49 24 9 4 1 
191778|Child_Avg|39: 363 116 50 24 9 4 1 
191781|Survivor|1: 372 147 55 27 10 4 1 
191800|Survivor|1: 547 178 62 24 11 5 1 
191838|Survivor|1: 469 125 54 23 10 4 1 
191864|Child_CrossABC2|2: 396 125 44 24 9 4 1 
191879|Child_CrossABC2|2: 369 147 47 23 10 4 1 
191906|Survivor|1: 386 109 47 23 10 4 1 
191998|Survivor|1: 458 122 53 25 10 4 1 
192067|Survivor|1: 388 116 43 24 9 4 1 
192082|Child_LevyABC2|6: 410 131 47 25 9 4 1 
192094|Child_Avg|11: 401 116 43 24 9 4 1 
192267|Survivor|1: 460 145 68 21 10 4 1 
192291|Child_CrossABC2|8: 391 111 49 21 10 4 1 
192293|Child_Avg|43: 393 143 60 21 10 4 1 
192301|Survivor|1: 316 127 46 20 9 4 1 
192318|Survivor|1: 397 110 42 19 10 4 1 
192371|Child_Cross21|54: 569 167 61 24 9 4 1 
192374|Child_Cross21|58: 398 129 53 24 9 4 1 
192377|Child_CrossABC1|7: 437 140 62 24 9 4 1 
192379|Survivor|1: 457 129 53 24 9 4 1 
192380|Child_Avg|51: 402 129 51 23 10 4 1 
192394|Child_Avg|7: 533 146 59 24 9 4 1 
192398|Survivor|1: 488 157 67 24 9 4 1 
192407|Survivor|1: 389 114 46 20 9 4 1 
192409|Survivor|1: 388 113 48 23 10 4 1 
192442|Child_Levy|24: 572 156 53 24 9 4 1 
192468|Child_Levy|12: 476 189 65 28 11 4 1 
192483|Survivor|1: 303 114 46 20 9 4 1 
192486|Child_CrossABC1|7: 458 129 52 20 9 4 1 
192509|Survivor|1: 445 121 47 23 10 4 1 
192529|Child_Avg|39: 398 118 60 23 10 4 1 
192535|Survivor|1: 407 120 46 20 9 4 1 
192539|Child_CrossABC1|1: 414 113 46 24 9 4 1 
192612|Child_Avg|3: 405 115 44 19 10 4 1 
192614|Child_Cross12|49: 397 119 42 19 10 4 1 
192696|Survivor|1: 399 130 45 21 10 4 1 
192713|Child_Cross21|34: 388 105 43 20 9 4 1 
192733|Child_CrossABC2|8: 382 110 46 21 10 4 1 
192778|Child_Cross21|18: 428 133 66 27 10 4 1 
192782|Child_Avg|27: 419 154 57 23 10 4 1 
192790|Child_Avg|51: 377 138 52 24 9 4 1 
192899|Child_CrossABC1|1|Mutated: 431 156 70 24 9 4 1 
192903|Survivor|1: 423 130 55 24 9 4 1 
192906|Child_Avg|7: 410 133 55 24 9 4 1 
192918|Survivor|1: 366 129 56 24 9 4 1 
192926|Child_CrossABC1|7: 429 132 53 24 9 4 1 
192935|Child_Cross21|2|Mutated: 390 123 53 24 9 4 1 
192937|Child_Avg|43: 400 139 46 24 9 4 1 
192960|Survivor|1: 412 134 55 27 10 4 1 
192966|Survivor|1: 433 154 52 24 9 4 1 
193054|Child_CrossABC2|2: 365 135 50 24 9 4 1 
193058|Survivor|1|Mutated: 389 135 46 24 9 4 1 
193068|Child_Cross21|14: 401 135 43 24 9 4 1 
193144|Child_CrossABC1|7: 396 127 64 23 10 4 1 
193146|Child_CrossABC1|7: 408 127 64 23 10 4 1 
193148|Survivor|1: 407 127 64 23 10 4 1 
193149|Child_Cross21|54: 398 123 57 23 10 4 1 
193150|Child_CrossABC2|2: 398 130 57 23 10 4 1 
193161|Child_CrossABC1|7: 380 131 51 23 10 4 1 
193164|Child_Cross21|58: 344 124 47 23 10 4 1 
193166|Child_Cross21|22: 443 125 47 23 10 4 1 
193209|Child_Avg|39: 405 112 47 23 10 4 1 
193259|Child_CrossABC1|7: 351 136 56 21 10 4 1 
193318|Child_Avg|23: 337 127 50 21 10 4 1 
193335|Survivor|1: 360 138 55 20 9 4 1 
193341|Child_Levy|16: 359 129 52 20 9 4 1 
193344|Child_CrossABC1|7: 357 125 52 20 9 4 1 
193349|Survivor|1: 354 129 55 20 9 4 1 
193357|Child_CrossABC2|8: 352 133 57 21 10 4 1 
193366|Survivor|1: 379 133 55 21 10 4 1 
193368|Child_CrossABC2|8: 376 127 56 21 10 4 1 
193373|Survivor|1: 355 127 50 21 10 4 1 
193374|Child_CrossABC2|2: 309 121 43 20 9 4 1 
193377|Survivor|1: 393 148 43 20 9 4 1 
193423|Child_CrossABC1|7: 502 142 57 21 10 4 1 
193452|Child_Avg|39|Mutated: 392 119 52 20 9 4 1 
193562|Survivor|1: 392 123 47 25 10 4 1 
193584|Survivor|1: 450 152 61 24 9 4 1 
193587|Child_Cross12|5: 572 153 50 24 9 4 1 
193588|Child_Levy|48: 473 147 58 24 9 4 1 
193597|Child_CrossABC1|1: 419 157 64 24 9 4 1 
193599|Child_Avg|11: 426 139 56 24 9 4 1 
193601|Survivor|1: 452 148 59 24 9 4 1 
193607|Child_Cross12|13: 398 155 50 24 9 4 1 
193620|Child_CrossABC1|1: 397 154 46 24 9 4 1 
193622|Child_CrossABC1|7: 388 151 52 24 9 4 1 
193627|Child_CrossABC2|8: 453 145 55 24 9 4 1 
193636|Survivor|1: 504 143 53 24 9 4 1 
193638|Child_Avg|59: 467 140 50 24 9 4 1 
193645|Survivor|1: 374 133 46 24 9 4 1 
193672|Child_CrossABC2|2: 389 146 58 24 9 4 1 
193683|Child_CrossABC1|1|Mutated: 427 136 59 24 9 4 1 
193685|Child_CrossABC1|7: 423 136 59 24 9 4 1 
193688|Child_CrossABC2|2: 405 148 53 24 9 4 1 
193692|Child_CrossABC1|1: 353 134 52 24 9 4 1 
193695|Survivor|1: 366 139 52 24 9 4 1 
193794|Child_CrossABC1|7: 523 153 58 24 9 4 1 
193812|Child_CrossABC1|1: 426 131 48 20 9 4 1 
193824|Survivor|1: 421 119 52 20 9 4 1 
193890|Survivor|1: 403 155 58 25 10 4 1 
193912|Child_Cross12|21: 371 139 49 24 9 4 1 
193965|Child_Cross12|17: 366 141 49 24 9 4 1 
193985|Child_Avg|15: 389 138 49 21 10 4 1 
193991|Child_Cross21|54: 389 136 49 21 10 4 1 
194056|Child_CrossABC1|7: 401 148 47 24 9 4 1 
194065|Child_Avg|59: 404 149 47 23 10 4 1 
194085|Survivor|1: 385 141 45 23 10 4 1 
194093|Child_Avg|51: 387 146 46 24 9 4 1 
194095|Child_CrossABC2|8: 388 147 58 24 9 4 1 
194100|Child_CrossABC1|1: 321 142 49 24 9 4 1 
194107|Survivor|1: 377 136 49 24 9 4 1 
194113|Child_CrossABC2|2: 366 151 49 24 9 4 1 
194120|Child_CrossABC2|2: 368 142 55 24 9 4 1 
194123|Child_CrossABC1|7: 379 149 52 24 9 4 1 
194135|Child_CrossABC1|1: 377 129 49 24 9 4 1 
194141|Child_Avg|3: 414 145 64 24 9 4 1 
194164|Child_Cross12|29: 410 130 49 25 10 4 1 
194199|Child_Cross12|41: 401 133 49 24 9 4 1 
194279|Child_Cross12|1: 400 125 41 24 9 4 1 
194328|Survivor|1: 514 145 55 24 9 4 1 
194385|Survivor|1: 413 132 51 23 10 4 1 
194388|Child_Avg|3: 358 122 53 19 10 4 1 
194402|Survivor|1|Mutated: 396 118 54 25 9 4 1 
194420|Child_Avg|47: 415 140 50 24 9 4 1 
194443|Child_Cross21|58: 397 126 44 24 9 4 1 
194604|Survivor|1: 383 122 47 24 9 4 1 
194647|Survivor|1: 309 128 57 23 10 4 1 
194659|Child_Levy|8: 585 160 67 23 10 4 1 
194682|Survivor|1: 361 109 47 23 10 4 1 
194691|Survivor|1: 402 109 47 23 10 4 1 
194728|Survivor|1: 394 122 55 24 9 4 1 
194737|Child_Cross21|2: 440 125 49 21 10 4 1 
194742|Child_Avg|3: 415 133 46 20 9 4 1 
194801|Survivor|1: 444 134 59 20 9 4 1 
194803|Child_Avg|23: 390 134 55 20 9 4 1 
194837|Survivor|1: 400 139 59 24 9 4 1 
194908|Child_LevyP2|4: 467 147 58 23 10 4 1 
194918|Survivor|1|Mutated: 521 147 58 23 10 4 1 
194921|Child_CrossABC1|1: 407 144 51 23 10 4 1 
194925|Child_CrossABC1|1: 389 147 57 23 10 4 1 
194928|Child_Cross21|2: 394 137 48 23 10 4 1 
194934|Child_Avg|3: 397 129 45 23 10 4 1 
194953|Child_Avg|3|Mutated: 395 123 50 21 10 4 1 
194956|Child_Cross12|9: 393 123 44 23 10 4 1 
194996|Child_Avg|19: 396 106 45 21 10 4 1 
195029|Child_Avg|15|Mutated: 453 150 57 20 9 4 1 
195036|Child_CrossABC2|8: 420 107 43 20 9 4 1 
195058|Survivor|1: 292 109 47 23 10 4 1 
195082|Survivor|1: 344 133 48 20 9 4 1 
195084|Child_Cross12|33: 294 112 43 24 9 4 1 
195089|Survivor|1: 305 118 45 20 9 4 1 
195111|Child_Cross12|37: 414 159 59 24 9 4 1 
195116|Child_CrossABC1|1: 465 150 59 24 9 4 1 
195120|Child_Cross12|45: 398 146 59 24 9 4 1 
195123|Child_Cross21|34: 415 148 58 24 9 4 1 
195129|Survivor|1: 339 138 55 24 9 4 1 
195141|Child_CrossABC2|8: 387 143 56 24 9 4 1 
195168|Survivor|1: 378 135 50 24 9 4 1 
195178|Survivor|1: 381 150 56 24 9 4 1 
195188|Child_CrossABC2|2: 376 135 55 24 9 4 1 
195194|Child_CrossABC2|8: 419 132 58 24 9 4 1 
195198|Child_Avg|59: 409 130 55 24 9 4 1 
195205|Child_CrossABC2|8: 369 135 55 24 9 4 1 
195252|Child_Avg|7: 430 131 55 27 10 4 1 
195265|Survivor|1: 393 119 41 24 9 4 1 
195284|Survivor|1: 398 117 56 24 9 4 1 
195308|Child_CrossABC2|2: 369 118 58 24 9 4 1 
195323|Child_Cross21|2: 354 107 43 24 9 4 1 
195366|Child_Cross12|9: 391 134 45 20 9 4 1 
195369|Child_Levy|32: 385 109 44 20 9 4 1 
195385|Survivor|1: 422 203 57 23 10 4 1 
195390|Survivor|1|Mutated: 388 152 53 24 9 4 1 
195412|Child_Avg|3: 439 129 55 23 10 4 1 
195415|Child_Avg|11: 408 119 56 24 11 4 1 
195419|Survivor|1: 386 131 53 24 11 5 1 
195421|Child_Avg|23: 380 121 47 24 9 4 1 
195423|Survivor|1: 404 133 44 24 9 4 1 
195424|Child_Avg|31: 353 122 47 23 10 4 1 
195455|Child_CrossABC1|7: 611 164 49 24 9 4 1 
195547|Survivor|1: 379 119 53 24 9 4 1 
195555|Child_Cross21|6: 377 111 47 24 9 4 1 
195595|Child_CrossABC2|8: 484 150 55 27 10 4 1 
195606|Survivor|1: 403 164 53 27 10 4 1 
195609|Child_Cross21|2: 376 121 48 21 10 4 1 
195627|Survivor|1: 307 125 47 23 10 4 1 
195672|Child_CrossABC2|8: 543 161 59 24 9 4 1 
195729|Child_Levy|8: 402 130 48 21 10 4 1 
195736|Child_Levy|56|Mutated: 409 129 54 20 9 4 1 
195740|Child_Cross21|2: 359 109 48 20 9 4 1 
195781|Child_Cross21|54: 317 110 43 20 9 4 1 
195823|Survivor|1: 556 150 54 19 10 4 1 
195828|Survivor|1|Mutated: 372 116 51 19 10 4 1 
195829|Child_Avg|19|Mutated: 468 138 51 19 10 4 1 
195832|Child_Avg|39: 399 127 46 20 9 4 1 
195942|Child_CrossABC1|7: 415 112 47 23 10 4 1 
195950|Survivor|1: 389 111 47 23 10 4 1 
195951|Child_Cross21|30: 383 111 47 23 10 4 1 
195952|Child_Cross12|17: 372 111 47 23 10 4 1 
195953|Child_Avg|35: 378 111 47 23 10 4 1 
195957|Child_Cross12|17: 388 111 47 23 10 4 1 
195962|Child_Avg|55|Mutated: 377 111 57 23 10 4 1 
195966|Child_Cross21|18: 378 113 47 23 10 4 1 
195974|Child_Cross12|53: 380 113 47 23 10 4 1 
195989|Child_Avg|11: 414 112 47 23 10 4 1 
196001|Child_Cross21|14: 397 112 47 21 10 4 1 
196030|Child_CrossABC2|2: 388 112 47 23 10 4 1 
196033|Child_CrossABC2|8|Mutated: 384 115 45 21 10 4 1 
196062|Child_LevyABC1|5: 399 123 49 21 10 4 1 
196112|Survivor|1: 374 131 47 24 9 4 1 
196213|Survivor|1: 436 133 53 24 9 4 1 
196267|Child_Cross21|54|Mutated: 386 109 45 23 10 4 1 
196321|Child_Cross12|37: 417 117 44 24 9 4 1 
196341|Survivor|1: 600 165 61 29 9 4 1 
196346|Survivor|1: 471 176 55 27 10 4 1 
196355|Child_CrossABC1|7: 415 113 46 20 9 4 1 
196368|Survivor|1: 409 121 52 24 9 4 1 
196382|Survivor|1: 410 131 55 23 10 4 1 
196401|Survivor|1: 454 142 51 19 10 4 1 
196402|Child_Avg|3: 462 161 52 20 9 4 1 
196403|Child_CrossABC2|2: 423 150 52 20 9 4 1 
196409|Survivor|1: 405 134 46 20 9 4 1 
196412|Child_Avg|43: 385 147 45 20 9 4 1 
196442|Child_Cross21|22: 423 157 60 25 9 4 1 
196445|Child_CrossABC1|7: 368 132 55 24 9 4 1 
196450|Child_CrossABC2|8: 367 126 55 24 9 4 1 
196520|Survivor|1: 405 125 61 24 9 4 1 
196523|Child_CrossABC1|1: 418 126 61 24 9 4 1 
196524|Child_Cross21|10: 350 128 49 24 9 4 1 
196525|Child_Cross12|53: 390 155 43 24 9 4 1 
196527|Survivor|1: 389 129 49 24 9 4 1 
196542|Child_Avg|3: 383 135 47 23 10 4 1 
196575|Child_Cross12|37: 379 130 43 20 9 4 1 
196631|Child_Levy|36: 401 133 51 24 11 4 1 
196647|Child_Cross21|38|Mutated: 322 122 47 23 10 4 1 
196652|Child_Avg|59: 387 127 47 23 10 4 1 
196666|Child_Cross21|34: 394 122 45 21 10 4 1 
196672|Survivor|1: 394 123 45 21 10 4 1 
196681|Child_CrossABC1|7|Mutated: 398 141 55 27 10 4 1 
196694|Survivor|1: 366 111 41 19 10 4 1 
196754|Child_Cross21|30: 449 139 52 19 10 4 1 
196761|Child_Levy|56: 401 126 47 23 10 4 1 
196797|Child_CrossABC2|2: 402 132 57 23 10 4 1 
196848|Survivor|1: 418 134 54 25 9 4 1 
196849|Child_CrossABC2|2: 393 118 53 25 9 4 1 
196997|Survivor|1: 317 136 48 21 10 4 1 
197002|Survivor|1: 315 126 49 24 9 4 1 
197007|Child_Levy|20: 392 126 47 23 10 4 1 
197042|Child_Cross12|33: 396 151 65 24 11 4 1 
197045|Child_Levy|16: 341 122 54 23 10 4 1 
197048|Child_Avg|55: 373 111 52 24 9 4 1 
197194|Survivor|1: 381 115 44 24 9 4 1 
197265|Survivor|1: 359 135 58 24 9 4 1 
197266|Child_Avg|27: 463 142 49 24 9 4 1 
197271|Child_CrossABC1|1: 454 141 52 24 9 4 1 
197277|Child_CrossABC1|1: 395 139 49 24 9 4 1 
197300|Survivor|1: 321 133 49 24 9 4 1 
197301|Child_CrossABC2|2: 350 131 52 24 9 4 1 
197316|Survivor|1: 402 149 59 24 9 4 1 
197323|Child_CrossABC1|7: 409 153 61 24 9 4 1 
197325|Child_CrossABC2|2: 415 148 70 24 9 4 1 
197327|Child_CrossABC2|2: 444 179 52 24 9 4 1 
197330|Survivor|1: 437 157 50 24 9 4 1 
197331|Child_CrossABC1|7: 376 155 50 24 9 4 1 
197335|Child_CrossABC2|2: 370 157 49 24 9 4 1 
197342|Child_CrossABC2|8: 359 152 47 24 9 4 1 
197358|Child_CrossABC2|8: 385 148 46 24 9 4 1 
197403|Survivor|1: 452 189 62 27 10 4 1 
197413|Child_Avg|23: 420 173 62 27 10 4 1 
197417|Child_Cross12|5|Mutated: 424 150 47 23 10 4 1 
197418|Child_CrossABC2|2: 414 149 50 24 9 4 1 
197430|Survivor|1: 386 147 52 24 9 4 1 
197434|Child_Avg|39: 409 143 55 24 9 4 1 
197438|Survivor|1: 357 146 53 24 9 4 1 
197439|Child_CrossABC2|2: 339 147 62 24 9 4 1 
197440|Child_Avg|47: 367 142 55 24 9 4 1 
197450|Child_Avg|23: 358 137 55 24 9 4 1 
197462|Child_Cross12|45: 322 131 45 23 10 4 1 
197498|Survivor|1: 371 169 55 24 9 4 1 
197517|Survivor|1: 415 169 55 24 9 4 1 
197533|Child_CrossABC2|2: 416 153 53 24 9 4 1 
197540|Child_CrossABC2|2: 397 153 53 24 9 4 1 
197541|Child_CrossABC1|7: 419 153 53 24 9 4 1 
197574|Survivor|1|Mutated: 417 130 55 24 9 4 1 
197575|Child_CrossABC1|7: 433 133 55 24 9 4 1 
197579|Child_CrossABC1|7: 417 148 58 24 9 4 1 
197587|Child_CrossABC2|8: 442 145 59 24 9 4 1 
197591|Child_Avg|7: 403 129 58 24 9 4 1 
197603|Survivor|1: 373 133 55 24 9 4 1 
197612|Child_CrossABC2|8: 399 154 56 24 9 4 1 
197615|Child_CrossABC1|1: 396 115 58 24 9 4 1 
197663|Child_CrossABC2|8: 379 133 53 24 9 4 1 
197665|Child_Avg|31: 376 134 53 24 9 4 1 
197674|Child_Cross21|14: 387 150 49 24 9 4 1 
197733|Child_CrossABC2|2: 390 142 61 24 9 4 1 
197737|Child_Avg|51: 390 133 49 24 9 4 1 
197751|Child_CrossABC2|2: 384 133 52 24 9 4 1 
197754|Child_CrossABC2|8: 390 128 53 24 9 4 1 
197766|Survivor|1|Mutated: 445 126 55 24 9 4 1 
197772|Child_CrossABC2|2: 399 128 59 24 9 4 1 
197775|Child_CrossABC2|2: 416 161 58 24 9 4 1 
197777|Child_Cross21|42: 408 147 50 24 9 4 1 
197784|Survivor|1: 382 148 53 24 9 4 1 
197792|Survivor|1: 372 149 58 24 9 4 1 
197795|Survivor|1: 376 119 58 24 9 4 1 
197806|Survivor|1: 630 200 72 27 10 4 1 
197816|Child_Avg|43: 440 153 61 24 9 4 1 
197819|Child_Cross12|25: 447 146 56 24 9 4 1 
197820|Child_CrossABC1|7: 439 156 59 24 9 4 1 
197825|Child_CrossABC1|7: 413 121 52 24 9 4 1 
197828|Child_CrossABC2|8: 403 123 47 24 9 4 1 
197873|Child_CrossABC2|8: 393 118 50 24 9 4 1 
197879|Child_LevyABC2|12|Mutated: 382 134 47 23 10 4 1 
197884|Child_Cross21|38: 381 129 47 21 10 4 1 
197901|Survivor|1: 399 123 47 21 10 4 1 
197907|Survivor|1: 375 121 48 20 9 4 1 
197934|Survivor|1: 433 119 51 23 10 4 1 
197940|Child_Cross12|57: 413 147 47 24 9 4 1 
197943|Survivor|1: 407 140 49 25 10 4 1 
198000|Child_CrossABC2|8: 404 131 55 24 9 4 1 
198005|Survivor|1: 415 129 56 24 9 4 1 
198020|Child_Avg|55: 361 126 52 24 9 4 1 
198022|Survivor|1|Mutated: 429 126 52 24 9 4 1 
198024|Child_Cross21|10: 398 117 50 24 9 4 1 
198026|Survivor|1: 365 127 50 24 9 4 1 
198055|Child_Avg|39: 382 157 55 24 9 4 1 
198065|Survivor|1: 383 148 53 24 9 4 1 
198086|Survivor|1: 330 128 49 21 10 4 1 
198110|Child_Avg|23: 350 135 44 24 9 4 1 
198117|Child_CrossABC1|1: 373 135 44 24 9 4 1 
198144|Child_CrossABC2|8: 354 135 55 24 9 4 1 
198147|Child_CrossABC2|8: 353 135 56 24 9 4 1 
198153|Child_CrossABC1|7: 373 138 56 24 9 4 1 
198157|Child_Levy|60|Mutated: 362 134 51 23 10 4 1 
198223|Survivor|1: 568 147 63 27 10 4 1 
198251|Survivor|1: 448 129 52 24 9 4 1 
198462|Survivor|1: 345 124 47 24 9 4 1 
198464|Survivor|1: 335 126 46 24 9 4 1 
198501|Survivor|1|Mutated: 404 111 46 24 9 4 1 
198516|Survivor|1: 400 115 44 24 9 4 1 
198522|Survivor|1: 403 119 56 25 9 4 1 
198533|Survivor|1: 451 133 49 24 9 4 1 
198544|Child_CrossABC1|7: 472 123 59 24 9 4 1 
198550|Child_Cross21|54: 414 136 43 24 9 4 1 
198563|Survivor|1: 419 123 46 24 9 4 1 
198641|Survivor|1: 410 143 46 24 9 4 1 
198651|Survivor|1: 410 143 46 21 10 4 1 
198672|Survivor|1: 306 123 52 24 9 4 1 
198683|Child_CrossABC1|7: 307 125 43 20 9 4 1 
198692|Child_Levy|12: 563 165 53 27 10 4 1 
198711|Child_Cross12|45: 441 145 47 23 10 4 1 
198716|Child_CrossABC1|1: 447 148 47 23 10 4 1 
198720|Child_CrossABC2|2: 457 156 47 23 10 4 1 
198722|Child_CrossABC2|8: 452 159 47 23 10 4 1 
198765|Survivor|1: 405 136 43 24 9 4 1 
198767|Child_Levy|12: 450 139 69 27 10 4 1 
198780|Child_Cross12|45|Mutated: 483 139 59 27 10 4 1 
198785|Child_CrossABC2|8: 485 139 59 27 10 4 1 
198824|Child_CrossABC2|2: 414 127 43 24 9 4 1 
198873|Survivor|1: 400 127 49 24 9 4 1 
198878|Survivor|1: 373 135 53 19 10 4 1 
198880|Child_CrossABC2|2: 375 137 51 19 10 4 1 
198882|Child_CrossABC1|1: 375 138 51 19 10 4 1 
198922|Child_Avg|3: 391 123 47 23 10 4 1 
198949|Child_Cross21|18: 398 125 45 21 10 4 1 
198993|Child_Avg|23: 424 133 43 20 9 4 1 
199073|Survivor|1: 401 133 47 24 9 4 1 
199085|Survivor|1: 415 125 52 28 9 4 1 
199093|Child_Cross21|10: 355 114 46 20 9 4 1 
199126|Survivor|1: 502 166 61 29 9 4 1 
199154|Child_Levy|32: 360 126 47 23 10 4 1 
199223|Survivor|1: 402 142 43 20 9 4 1 
199235|Survivor|1: 417 113 43 20 9 4 1 
199244|Random|10: 950 358 105 51 19 10 4 1 
199246|Child_Cross21|58: 389 127 42 19 10 4 1 
199256|Child_Cross21|42: 400 129 42 19 10 4 1 
199316|Child_Cross12|29: 407 124 41 19 10 4 1 
199359|Survivor|1: 374 137 46 21 10 4 1 
199370|Survivor|1: 381 136 45 21 10 4 1 
199372|Child_CrossABC2|2: 376 136 45 21 10 4 1 
199373|Child_CrossABC1|1: 373 136 45 21 10 4 1 
199385|Survivor|1: 375 136 45 21 10 4 1 
199453|Child_Cross21|18: 422 172 53 24 9 4 1 
199455|Child_Cross12|53: 435 168 53 24 9 4 1 
199456|Child_CrossABC2|2: 425 172 53 24 9 4 1 
199457|Child_Avg|19: 462 173 65 24 9 4 1 
199459|Child_Cross21|58: 421 174 52 24 9 4 1 
199467|Child_Cross12|9: 396 153 50 24 9 4 1 
199469|Survivor|1: 427 180 55 24 9 4 1 
199470|Child_Avg|3: 422 167 52 24 9 4 1 
199480|Child_Levy|40: 384 143 46 24 9 4 1 
199482|Survivor|1: 415 146 52 24 9 4 1 
199491|Child_CrossABC2|2: 387 147 46 24 9 4 1 
199514|Child_CrossABC1|1: 365 143 58 24 9 4 1 
199517|Child_CrossABC2|8: 372 145 59 24 9 4 1 
199528|Child_CrossABC1|7: 370 144 57 23 10 4 1 
199531|Child_CrossABC2|8: 316 126 49 24 9 4 1 
199533|Survivor|1: 368 116 49 24 9 4 1 
199555|Child_Avg|15|Mutated: 415 123 52 24 9 4 1 
199569|Child_Avg|39|Mutated: 352 129 50 24 9 4 1 
199678|Survivor|1: 399 127 44 24 9 4 1 
199748|Child_LevyABC2|12: 369 157 46 24 9 4 1 
199783|Survivor|1: 556 175 55 23 10 4 1 
199793|Survivor|1: 401 114 56 25 9 4 1 
199803|Survivor|1: 353 108 50 24 9 4 1 
199829|Child_CrossABC2|2: 381 130 45 23 10 4 1 
199839|Survivor|1: 380 128 48 23 10 4 1 
199845|Child_CrossABC1|7: 393 134 73 23 10 4 1 
199850|Survivor|1: 364 131 47 24 9 4 1 
199872|Child_Cross12|25: 413 141 46 24 9 4 1 
199932|Child_CrossABC2|2: 406 123 53 24 9 4 1 
200033|Survivor|1|Mutated: 360 109 45 23 10 4 1 
200042|Child_CrossABC2|8: 377 107 43 19 10 4 1 
200139|Survivor|1: 425 127 49 24 9 4 1 
200140|Child_CrossABC1|7: 387 128 46 24 9 4 1 
200224|Child_Levy|8: 401 125 59 24 9 4 1 
200251|Survivor|1: 553 155 53 27 10 4 1 
200311|Survivor|1: 410 128 45 23 10 4 1 
200327|Child_LevyP1|3: 406 135 52 24 9 4 1 
200328|Child_CrossABC2|2: 414 134 53 24 9 4 1 
200335|Survivor|1: 415 134 53 24 9 4 1 
200338|Child_CrossABC1|1: 407 132 53 24 9 4 1 
200339|Child_CrossABC2|8: 419 133 55 24 9 4 1 
200340|Child_Avg|59: 414 133 53 24 9 4 1 
200415|Child_CrossABC2|8: 372 156 43 24 9 4 1 
200480|Survivor|1: 350 123 59 21 10 4 1 
200484|Child_Avg|11: 344 121 46 20 9 4 1 
200494|Child_Avg|39: 357 126 51 19 10 4 1 
200512|Child_Cross12|9: 396 121 45 21 10 4 1 
200513|Child_Avg|27: 397 121 48 21 10 4 1 
200516|Child_CrossABC1|1: 398 115 45 21 10 4 1 
200586|Child_Cross12|33: 403 119 45 21 10 4 1 
200616|Child_Cross21|38: 384 106 41 19 10 4 1 
200637|Survivor|1: 417 115 41 19 10 4 1 
200662|Survivor|1: 430 131 51 19 10 4 1 
200668|Child_CrossABC2|8: 435 132 51 19 10 4 1 
200679|Child_CrossABC1|1: 444 135 52 19 10 4 1 
200685|Child_CrossABC1|7: 443 144 51 19 10 4 1 
200725|Child_LevyP1|3|Mutated: 392 113 47 21 10 4 1 
200755|Child_Cross21|42: 358 139 58 24 9 4 1 
200761|Child_Cross21|38: 371 137 53 24 9 4 1 
200765|Child_LevyP1|9: 390 139 55 24 9 4 1 
200867|Child_CrossABC1|1: 403 138 58 24 9 4 1 
200868|Child_CrossABC1|7: 407 142 62 24 9 4 1 
200880|Survivor|1: 410 144 51 23 10 4 1 
200902|Child_Avg|59: 381 139 46 24 9 4 1 
200967|Child_LevyP1|3: 367 162 55 24 9 4 1 
200968|Child_Levy|32: 402 156 53 24 9 4 1 
200970|Child_Cross21|58: 556 161 52 24 9 4 1 
200977|Child_CrossABC2|8: 395 146 52 24 9 4 1 
200980|Child_Cross12|53: 392 143 50 24 9 4 1 
200985|Child_Cross12|57|Mutated: 403 131 46 24 9 4 1 
200987|Survivor|1: 409 143 50 24 9 4 1 
200993|Child_Cross12|13: 399 143 46 24 9 4 1 
201128|Child_Levy|24: 423 162 57 23 10 4 1 
201136|Survivor|1: 397 113 44 24 9 4 1 
201144|Child_CrossABC1|1|Mutated: 387 134 52 24 9 4 1 
201168|Survivor|1: 370 139 56 24 9 4 1 
201175|Survivor|1: 361 134 53 24 9 4 1 
201178|Child_Cross21|54: 367 137 52 24 9 4 1 
201179|Child_Cross21|10: 357 131 52 24 9 4 1 
201182|Survivor|1: 359 133 52 24 9 4 1 
201184|Survivor|1: 357 134 53 24 9 4 1 
201205|Child_Avg|47: 400 121 49 27 10 4 1 
201208|Child_Cross12|57: 427 126 47 23 10 4 1 
201315|Survivor|1: 382 136 60 21 10 4 1 
201317|Survivor|1: 386 139 61 24 9 4 1 
201324|Child_Cross21|34: 334 117 49 24 9 4 1 
201325|Child_Cross21|42: 355 117 49 24 9 4 1 
201329|Survivor|1: 354 117 49 24 9 4 1 
201331|Child_Cross21|30: 378 117 49 24 9 4 1 
201334|Child_CrossABC1|7: 443 117 52 24 9 4 1 
201370|Child_LevyP2|4: 411 139 58 24 9 4 1 
201373|Child_CrossABC1|1: 375 137 56 24 9 4 1 
201375|Survivor|1: 429 121 59 24 9 4 1 
201376|Child_Cross21|2: 403 125 55 24 9 4 1 
201377|Child_Cross12|5: 336 138 55 24 9 4 1 
201378|Child_CrossABC2|2|Mutated: 422 150 55 24 9 4 1 
201380|Child_Cross21|22: 465 140 55 24 9 4 1 
201383|Child_CrossABC1|7: 432 170 53 24 9 4 1 
201385|Child_Cross12|29: 435 123 53 24 9 4 1 
201397|Child_Cross21|2|Mutated: 372 135 52 24 9 4 1 
201401|Child_Cross12|1: 421 135 52 24 9 4 1 
201407|Child_Cross12|9: 438 135 52 24 9 4 1 
201409|Child_Cross12|37: 434 135 52 24 9 4 1 
201415|Child_Cross12|21: 428 135 52 24 9 4 1 
201417|Child_Cross21|42: 418 135 52 24 9 4 1 
201434|Child_CrossABC2|8: 439 169 52 24 9 4 1 
201482|Child_Avg|15|Mutated: 378 114 47 23 10 4 1 
201516|Child_Avg|35: 436 132 49 24 9 4 1 
201517|Child_CrossABC1|1: 427 134 50 24 9 4 1 
201531|Child_CrossABC1|1: 386 131 47 24 9 4 1 
201563|Child_Avg|31: 393 122 41 23 8 3 1 
201627|Survivor|1: 416 132 54 23 10 4 1 
201645|Child_Levy|24: 396 131 48 21 10 4 1 
201658|Child_Levy|36: 382 119 51 23 10 4 1 
201667|Child_Cross21|34: 376 126 47 23 10 4 1 
201759|Child_CrossABC2|2: 418 101 48 20 9 4 1 
201811|Child_Avg|7: 416 133 44 24 9 4 1 
201814|Survivor|1: 424 132 43 19 10 4 1 
201823|Child_Cross12|53: 416 127 43 19 10 4 1 
201873|Child_Cross21|10: 406 127 41 19 10 4 1 
201898|Random|20: 567 148 70 23 10 4 1 
201902|Survivor|1: 450 142 63 27 10 4 1 
201913|Survivor|1: 377 151 45 21 10 4 1 
201919|Survivor|1: 384 137 44 24 9 4 1 
201930|Child_Avg|19: 383 135 43 24 9 4 1 
201985|Survivor|1: 369 141 43 20 9 4 1 
201990|Survivor|1: 369 142 46 20 9 4 1 
201993|Survivor|1: 382 144 43 20 9 4 1 
202032|Survivor|1: 373 118 43 20 9 4 1 
202103|Survivor|1: 411 125 41 19 10 4 1 
202121|Survivor|1|Mutated: 449 152 51 23 10 4 1 
202133|Survivor|1: 377 138 58 23 10 4 1 
202138|Survivor|1: 345 128 47 24 9 4 1 
202141|Survivor|1|Mutated: 319 129 50 24 9 4 1 
202143|Child_CrossABC1|1: 333 147 59 24 9 4 1 
202149|Child_CrossABC1|1: 354 147 59 24 9 4 1 
202209|Survivor|1: 394 115 55 24 9 4 1 
202211|Child_CrossABC2|8: 399 124 59 24 9 4 1 
202248|Child_Cross21|18: 391 113 44 24 9 4 1 
202253|Survivor|1: 388 102 43 24 9 4 1 
202262|Child_Avg|43: 377 111 47 23 10 4 1 
202290|Survivor|1: 594 142 48 21 10 4 1 
202298|Survivor|1: 420 139 47 21 10 4 1 
202304|Child_CrossABC1|1: 371 121 49 21 10 4 1 
202305|Child_CrossABC2|2: 449 125 48 21 10 4 1 
202324|Survivor|1: 403 122 43 19 10 4 1 
202326|Child_Cross21|30|Mutated: 410 133 46 20 9 4 1 
202341|Child_Cross21|22: 405 122 43 19 10 4 1 
202379|Survivor|1: 411 146 55 21 10 4 1 
202381|Survivor|1: 407 158 51 19 10 4 1 
202481|Child_Levy|20: 405 158 64 24 9 4 1 
202490|Child_Levy|12: 343 129 53 24 9 4 1 
202493|Survivor|1: 356 127 53 24 9 4 1 
202494|Child_Avg|35: 377 143 53 24 9 4 1 
202499|Survivor|1: 377 157 53 24 9 4 1 
202504|Child_Cross12|53: 351 140 49 24 9 4 1 
202509|Child_Avg|3: 358 126 47 23 10 4 1 
202512|Child_CrossABC1|1: 301 121 47 23 10 4 1 
202514|Child_CrossABC2|8: 416 122 47 23 10 4 1 
202523|Child_Cross21|42: 413 123 47 23 10 4 1 
202601|Child_Cross12|13|Mutated: 415 115 44 19 10 4 1 
202672|Survivor|1: 346 128 50 21 10 4 1 
202692|Survivor|1: 301 114 46 20 9 4 1 
202699|Child_CrossABC2|8: 297 114 46 20 9 4 1 
202729|Survivor|1: 400 116 43 20 9 4 1 
202761|Survivor|1: 391 132 47 23 10 4 1 
202765|Child_Levy|12: 396 128 46 21 10 4 1 
202792|Child_Avg|43: 409 110 46 20 9 4 1 
202796|Survivor|1: 404 117 47 21 10 4 1 
202835|Child_Cross12|49: 398 137 54 23 10 4 1 
202836|Child_Avg|11: 406 131 57 23 10 4 1 
202837|Child_CrossABC2|8: 414 125 58 23 10 4 1 
202841|Child_Avg|55: 425 124 51 23 10 4 1 
202853|Survivor|1: 393 122 44 23 10 4 1 
202888|Child_Levy|24: 441 128 46 24 9 4 1 
202923|Child_Cross12|21|Mutated: 471 146 54 28 11 4 1 
202932|Survivor|1: 397 152 54 28 11 4 1 
202959|Child_Avg|51: 405 120 46 20 9 4 1 
202971|Child_Cross21|54: 448 125 55 21 10 4 1 
202972|Child_Cross12|1: 429 125 55 21 10 4 1 
202974|Child_CrossABC2|8: 433 125 55 21 10 4 1 
202982|Survivor|1: 431 122 46 21 10 4 1 
203047|Child_CrossABC2|8: 377 154 52 24 9 4 1 
203052|Survivor|1: 381 149 50 24 9 4 1 
203090|Child_Cross12|41: 391 126 47 24 9 4 1 
203138|Survivor|1: 398 121 56 24 9 4 1 
203150|Survivor|1: 384 139 52 24 9 4 1 
203156|Child_Cross12|49: 389 135 49 24 9 4 1 
203262|Child_Cross12|33: 312 118 43 24 9 4 1 
203283|Child_Cross21|58: 307 118 43 24 9 4 1 
203326|Child_Levy|4: 482 144 55 24 9 4 1 
203330|Child_CrossABC1|7: 462 142 55 24 9 4 1 
203341|Child_CrossABC1|1|Mutated: 464 133 53 24 9 4 1 
203343|Child_CrossABC2|8: 479 140 50 24 9 4 1 
203350|Survivor|1: 476 127 49 24 9 4 1 
203361|Child_Avg|47: 418 128 45 23 10 4 1 
203370|Child_Avg|31: 432 126 47 23 10 4 1 
203396|Survivor|1: 362 111 47 25 9 4 1 
203462|Survivor|1: 353 163 55 24 9 4 1 
203502|Survivor|1: 425 118 50 24 9 4 1 
203503|Survivor|1|Mutated: 425 123 51 19 10 4 1 
203515|Child_CrossABC1|1: 412 116 46 21 10 4 1 
203524|Survivor|1: 418 113 43 19 10 4 1 
203548|Survivor|1: 370 128 49 24 9 4 1 
203601|Survivor|1: 383 131 50 24 9 4 1 
203609|Child_CrossABC2|8: 346 124 53 24 9 4 1 
203621|Survivor|1: 396 149 47 24 9 4 1 
203624|Child_CrossABC1|7: 441 132 50 24 9 4 1 
203644|Child_CrossABC2|8: 435 134 61 23 10 4 1 
203664|Child_Avg|47: 431 118 57 21 10 4 1 
203666|Child_Levy|56: 431 129 55 24 9 4 1 
203669|Child_CrossABC2|8: 434 129 55 24 9 4 1 
203672|Child_CrossABC1|7: 440 130 55 24 9 4 1 
203717|Child_Cross21|14: 396 120 44 23 10 4 1 
203758|Survivor|1: 381 153 47 24 9 4 1 
203787|Survivor|1: 304 105 52 24 9 4 1 
203789|Survivor|1: 445 129 55 24 9 4 1 
203792|Survivor|1: 447 139 52 24 9 4 1 
203795|Survivor|1: 417 135 56 24 9 4 1 
203798|Survivor|1: 426 130 54 23 10 4 1 
203808|Child_Cross21|58: 421 123 46 24 9 4 1 
203815|Child_CrossABC2|2: 449 133 52 20 9 4 1 
203852|Child_LevyP1|3: 468 187 59 30 11 5 1 
203865|Survivor|1: 364 133 46 24 9 4 1 
203870|Survivor|1: 364 128 43 24 9 4 1 
203912|Child_Avg|43: 479 163 57 23 10 4 1 
203913|Child_LevyABC1|5: 459 158 57 21 10 4 1 
203929|Survivor|1: 393 137 60 23 10 4 1 
203934|Survivor|1: 395 142 49 21 10 4 1 
203943|Child_Cross12|17: 390 141 46 21 10 4 1 
204026|Survivor|1: 411 142 52 24 9 4 1 
204027|Child_CrossABC1|1: 439 162 55 24 9 4 1 
204055|Child_Cross21|2: 354 136 45 21 10 4 1 
204085|Child_Cross12|17: 352 141 43 20 9 4 1 
204086|Child_Cross12|53: 350 136 43 20 9 4 1 
204154|Survivor|1: 313 118 43 24 9 4 1 
204167|Survivor|1: 318 119 49 24 9 4 1 
204241|Child_Cross12|25: 346 128 41 20 9 4 1 
204263|Child_Cross12|57: 412 109 41 20 9 4 1 
204324|Child_CrossABC1|7: 430 129 45 20 9 4 1 
204383|Child_Avg|15|Mutated: 391 106 46 24 9 4 1 
204397|Child_LevyP1|9: 369 119 49 24 9 4 1 
204482|Survivor|1: 575 177 80 24 9 4 1 
204483|Child_Avg|31|Mutated: 363 127 49 24 9 4 1 
204484|Child_Avg|3: 429 150 68 24 9 4 1 
204542|Child_Avg|3|Mutated: 403 139 52 24 9 4 1 
204751|Child_CrossABC1|7|Mutated: 430 131 48 20 9 4 1 
204778|Child_Avg|39: 388 144 43 20 9 4 1 
204792|Child_Cross21|26: 381 144 43 20 9 4 1 
204798|Child_CrossABC1|7: 390 141 48 20 9 4 1 
204899|Child_Cross21|22: 403 128 53 24 9 4 1 
204912|Child_Avg|47: 384 121 46 24 9 4 1 
204976|Survivor|1: 398 129 44 23 10 4 1 
204985|Child_Avg|11: 449 148 54 23 10 4 1 
205023|Child_Cross12|49: 429 139 49 24 9 4 1 
205026|Child_CrossABC2|8: 429 122 46 24 9 4 1 
205027|Child_Avg|47: 433 128 46 24 9 4 1 
205030|Child_CrossABC1|7: 433 131 50 24 9 4 1 
205035|Child_Avg|31: 462 132 49 24 9 4 1 
205088|Child_Avg|31: 464 154 55 24 9 4 1 
205122|Survivor|1: 369 152 49 24 9 4 1 
205127|Child_CrossABC2|8: 369 152 59 24 9 4 1 
205131|Child_Cross12|13: 420 161 55 24 9 4 1 
205133|Child_Avg|15: 390 156 53 24 9 4 1 
205139|Child_Cross12|33|Mutated: 364 161 49 24 9 4 1 
205142|Survivor|1: 405 164 50 24 9 4 1 
205162|Child_CrossABC2|8: 417 129 50 24 9 4 1 
205185|Survivor|1: 359 136 50 24 9 4 1 
205192|Child_Avg|11: 381 130 53 25 10 4 1 
205195|Child_Levy|52: 372 129 50 24 9 4 1 
205299|Survivor|1: 363 134 53 24 9 4 1 
205338|Child_Avg|59|Mutated: 394 127 50 24 9 4 1 
205349|Child_Cross12|57: 386 117 47 21 10 4 1 
205351|Child_Cross21|42: 342 126 49 24 9 4 1 
205352|Child_Cross21|58: 398 125 52 24 9 4 1 
205377|Child_Cross21|30: 408 113 43 24 9 4 1 
205406|Child_Cross12|33: 392 119 41 23 8 3 1 
205459|Survivor|1: 405 119 41 19 10 4 1 
205475|Child_Avg|59: 404 133 50 24 9 4 1 
205488|Child_CrossABC1|7: 393 109 47 23 10 4 1 
205499|Child_CrossABC2|2: 381 125 47 23 10 4 1 
205500|Child_CrossABC2|2: 410 143 45 23 10 4 1 
205575|Survivor|1: 534 181 67 21 10 4 1 
205581|Survivor|1: 427 125 56 21 10 4 1 
205592|Survivor|1: 425 124 55 21 10 4 1 
205610|Survivor|1: 357 135 51 19 10 4 1 
205614|Child_CrossABC2|2: 382 143 53 19 10 4 1 
205634|Child_Avg|11: 469 159 59 21 10 4 1 
205640|Child_CrossABC1|1: 416 160 58 23 10 4 1 
205643|Child_Avg|7: 401 142 49 21 10 4 1 
205705|Child_LevyP1|9: 448 132 57 23 10 4 1 
205716|Child_Avg|15: 397 116 51 23 10 4 1 
205717|Child_Levy|20: 434 131 52 24 9 4 1 
205771|Child_Cross21|54: 371 118 50 21 10 4 1 
205773|Child_Cross21|58: 410 116 46 21 10 4 1 
205839|Child_Avg|15: 466 126 49 24 9 4 1 
205855|Survivor|1: 467 134 53 24 9 4 1 
205864|Child_CrossABC1|1: 455 132 62 24 9 4 1 
205867|Survivor|1: 449 132 62 24 9 4 1 
205868|Child_CrossABC1|1: 447 134 59 24 9 4 1 
205872|Child_CrossABC2|8: 447 132 59 24 9 4 1 
205901|Child_Levy|4: 371 116 43 24 9 4 1 
205910|Child_Levy|48: 614 159 61 29 9 4 1 
205924|Child_Cross21|26: 442 145 54 23 10 4 1 
205978|Child_Cross21|50: 412 118 43 20 9 4 1 
206058|Child_Levy|24: 415 134 47 21 10 4 1 
206079|Child_CrossABC1|1: 399 110 52 24 9 4 1 
206087|Child_Levy|36: 402 115 52 24 9 4 1 
206095|Child_Avg|39: 390 113 46 24 9 4 1 
206157|Child_CrossABC1|1: 291 108 46 24 9 4 1 
206163|Survivor|1: 461 148 56 25 9 4 1 
206167|Child_Avg|15: 453 153 56 24 9 4 1 
206171|Survivor|1: 408 131 47 24 9 4 1 
206219|Child_Avg|55: 655 176 58 24 9 4 1 
206226|Survivor|1: 611 162 58 24 9 4 1 
206229|Child_Avg|19: 470 139 49 24 9 4 1 
206233|Child_CrossABC2|2: 452 129 50 24 9 4 1 
206235|Child_Avg|39: 454 131 50 24 9 4 1 
206246|Child_CrossABC2|2: 451 129 50 24 9 4 1 
206263|Child_Avg|27|Mutated: 445 129 49 24 9 4 1 
206295|Survivor|1: 448 149 56 24 9 4 1 
206297|Child_Cross21|2: 385 126 52 24 9 4 1 
206301|Survivor|1: 429 128 48 23 10 4 1 
206308|Child_Avg|59: 352 108 49 24 9 4 1 
206348|Child_Avg|7: 393 125 44 24 9 4 1 
206452|Child_Levy|28: 471 127 58 24 9 4 1 
206456|Child_Cross21|34: 369 117 49 24 9 4 1 
206457|Child_LevyP2|4: 452 133 52 20 9 4 1 
206458|Child_Cross12|17: 450 126 51 23 10 4 1 
206470|Survivor|1: 461 123 58 23 10 4 1 
206504|Child_CrossABC1|1: 410 130 48 23 10 4 1 
206571|Child_Levy|4: 438 131 49 21 10 4 1 
206590|Child_Avg|3|Mutated: 379 118 47 21 10 4 1 
206608|Child_Levy|36: 339 142 46 20 9 4 1 
206612|Survivor|1: 391 140 46 20 9 4 1 
206623|Child_Avg|39: 391 112 45 21 10 4 1 
206637|Child_Cross12|29: 422 127 53 19 10 4 1 
206646|Child_LevyP1|3: 366 132 59 21 10 4 1 
206656|Child_CrossABC1|7: 431 130 59 21 10 4 1 
206659|Child_CrossABC2|8: 421 127 56 21 10 4 1 
206662|Survivor|1: 420 136 49 21 10 4 1 
206665|Child_CrossABC1|7: 413 135 49 21 10 4 1 
206672|Survivor|1: 395 114 46 20 9 4 1 
206675|Child_Levy|24: 370 123 47 21 10 4 1 
206761|Survivor|1: 455 140 55 24 9 4 1 
206764|Child_Cross21|30: 443 125 52 24 9 4 1 
206770|Child_Cross12|45: 393 148 46 24 9 4 1 
206771|Child_CrossABC1|1: 408 117 44 24 9 4 1 
206811|Child_Cross12|41: 344 128 47 24 9 4 1 
206812|Child_CrossABC2|2: 350 135 47 24 9 4 1 
206850|Child_LevyP2|4|Mutated: 433 128 48 23 10 4 1 
206862|Child_Cross21|22: 396 126 43 19 10 4 1 
206905|Child_CrossABC1|1: 452 139 46 24 9 4 1 
206930|Child_Avg|31: 405 116 50 24 9 4 1 
206933|Child_Avg|15: 426 130 55 24 9 4 1 
206942|Child_Cross21|38: 432 129 53 24 9 4 1 
206946|Child_CrossABC2|8: 436 128 55 24 9 4 1 
207003|Child_LevyP1|3: 338 138 53 24 9 4 1 
207009|Child_CrossABC1|7: 341 138 53 24 9 4 1 
207011|Child_Cross21|30: 351 138 53 24 9 4 1 
207012|Child_CrossABC2|8: 374 133 56 24 9 4 1 
207019|Child_Cross21|50: 380 137 47 24 9 4 1 
207025|Child_Cross21|30: 401 135 47 24 9 4 1 
207038|Survivor|1: 425 132 46 24 9 4 1 
207049|Child_Cross21|18: 441 132 46 24 9 4 1 
207105|Survivor|1: 420 131 44 24 9 4 1 
207117|Survivor|1: 364 137 44 24 9 4 1 
207135|Child_CrossABC2|8: 374 121 46 24 9 4 1 
207153|Child_CrossABC2|2: 365 119 44 24 9 4 1 
207185|Child_CrossABC1|7: 379 112 50 24 9 4 1 
207188|Survivor|1: 379 120 50 24 9 4 1 
207256|Child_CrossABC1|7: 449 138 64 24 9 4 1 
207275|Child_Levy|36: 583 163 52 24 9 4 1 
207315|Survivor|1: 373 126 47 24 9 4 1 
207321|Survivor|1: 364 132 49 24 9 4 1 
207361|Child_Cross12|45: 507 140 49 24 9 4 1 
207372|Survivor|1: 367 138 44 23 10 4 1 
207400|Child_CrossABC1|1: 610 172 67 30 9 4 1 
207434|Survivor|1: 523 127 52 24 9 4 1 
207437|Child_Levy|40: 624 170 62 24 9 4 1 
207441|Child_Cross12|33: 428 117 49 24 9 4 1 
207475|Child_Avg|11: 392 116 41 23 8 3 1 
207489|Child_Cross12|53: 397 116 41 23 8 3 1 
207553|Child_Levy|20: 624 153 50 24 9 4 1 
207557|Child_LevyP1|3: 406 119 50 24 9 4 1 
207566|Child_CrossABC1|7|Mutated: 353 106 46 24 9 4 1 
207601|Survivor|1: 382 101 42 19 10 4 1 
207617|Child_Cross12|37: 430 129 50 23 8 3 1 
207626|Child_Avg|31: 396 123 55 24 9 4 1 
207627|Child_CrossABC1|7: 396 123 53 24 9 4 1 
207632|Child_CrossABC2|8: 394 123 59 24 9 4 1 
207645|Child_CrossABC1|1: 426 128 53 24 9 4 1 
207650|Survivor|1: 405 131 61 24 9 4 1 
207653|Child_CrossABC1|1: 416 131 56 24 9 4 1 
207656|Child_Avg|55: 415 122 53 24 9 4 1 
207662|Child_Cross12|13: 404 123 52 24 9 4 1 
207700|Survivor|1|Mutated: 411 154 56 24 9 4 1 
207705|Child_Cross21|46: 443 154 56 24 9 4 1 
207708|Child_Avg|3: 432 138 59 24 9 4 1 
207713|Child_Cross12|37: 422 152 55 24 9 4 1 
207714|Child_CrossABC2|2: 409 150 55 24 9 4 1 
207715|Child_Avg|43: 383 151 53 24 9 4 1 
207718|Child_CrossABC2|8: 409 143 53 24 9 4 1 
207720|Child_Avg|23: 408 151 52 24 9 4 1 
207727|Child_Avg|3|Mutated: 490 135 52 24 9 4 1 
207729|Child_Avg|19: 412 151 52 24 9 4 1 
207731|Child_Cross21|18: 419 150 52 24 9 4 1 
207732|Child_Cross12|5: 414 149 52 24 9 4 1 
207733|Child_Cross21|10: 406 157 52 24 9 4 1 
207739|Child_Cross21|46: 404 157 52 24 9 4 1 
207746|Child_Cross21|42: 405 150 52 24 9 4 1 
207747|Child_Cross12|25: 409 150 52 24 9 4 1 
207752|Child_Cross12|37: 408 157 52 24 9 4 1 
207758|Child_Cross21|58: 411 150 52 24 9 4 1 
207768|Child_Cross12|37: 408 155 52 24 9 4 1 
207774|Child_Avg|31: 395 151 52 24 9 4 1 
207776|Child_CrossABC1|7: 404 149 52 24 9 4 1 
207793|Child_Avg|43: 410 147 52 24 9 4 1 
207794|Child_Cross12|5: 376 149 52 24 9 4 1 
207833|Child_Cross12|37: 401 162 49 24 9 4 1 
207844|Child_CrossABC1|7: 364 116 61 24 9 4 1 
207850|Child_CrossABC1|7: 364 129 61 24 9 4 1 
207886|Survivor|1: 388 111 44 24 9 4 1 
207937|Child_Avg|55: 427 133 47 23 10 4 1 
207970|Child_CrossABC1|1|Mutated: 419 136 50 21 10 4 1 
207971|Child_Cross12|9: 417 134 45 21 10 4 1 
207985|Survivor|1: 391 127 43 19 10 4 1 
208010|Child_Levy|8: 591 146 46 24 9 4 1 
208018|Survivor|1: 466 136 48 21 10 4 1 
208043|Survivor|1: 497 145 59 21 10 4 1 
208102|Child_Avg|43: 485 192 56 27 10 4 1 
208107|Survivor|1: 415 118 44 23 10 4 1 
208121|Survivor|1: 382 118 43 20 9 4 1 
208128|Child_CrossABC1|1: 407 158 56 24 9 4 1 
208152|Child_CrossABC2|8: 396 137 50 19 10 4 1 
208174|Survivor|1: 397 123 46 20 9 4 1 
208186|Child_Levy|20|Mutated: 408 117 53 24 9 4 1 
208249|Child_LevyP1|9: 379 117 49 24 9 4 1 
208302|Survivor|1: 412 132 55 23 10 4 1 
208305|Survivor|1: 302 125 47 23 10 4 1 
208330|Survivor|1: 397 131 55 20 9 4 1 
208334|Child_Avg|35: 384 129 52 20 9 4 1 
208341|Child_Cross12|21: 429 111 46 20 9 4 1 
208342|Child_CrossABC1|1: 410 129 45 20 9 4 1 
208346|Child_CrossABC1|7: 411 127 46 20 9 4 1 
208351|Survivor|1: 415 127 46 21 10 4 1 
208403|Child_Cross12|41: 411 122 46 20 9 4 1 
208422|Survivor|1: 396 117 43 20 9 4 1 
208480|Survivor|1: 374 114 42 19 10 4 1 
208525|Survivor|1: 446 144 53 25 9 4 1 
208553|Child_CrossABC2|8: 399 127 53 24 9 4 1 
208558|Child_Cross12|53: 397 128 43 24 9 4 1 
208582|Child_Levy|52: 425 145 55 23 10 4 1 
208587|Child_Cross12|41: 402 130 51 24 11 4 1 
208621|Survivor|1: 416 147 68 28 9 4 1 
208628|Survivor|1: 416 153 64 29 9 4 1 
208630|Survivor|1: 395 161 52 29 9 4 1 
208644|Survivor|1: 391 149 48 27 10 4 1 
208648|Survivor|1: 436 175 61 29 9 4 1 
208650|Survivor|1: 397 157 52 29 9 4 1 
208688|Survivor|1: 429 131 45 23 10 4 1 
208708|Child_Avg|43: 390 135 44 23 10 4 1 
208749|Survivor|1: 423 117 52 24 9 4 1 
208802|Child_Cross21|22: 377 139 53 25 9 4 1 
208809|Child_Cross12|29: 393 150 62 24 9 4 1 
208860|Child_CrossABC1|1: 383 154 47 24 9 4 1 
208895|Survivor|1: 329 131 46 24 9 4 1 
208912|Survivor|1: 367 143 52 24 9 4 1 
208914|Child_Levy|56: 373 139 52 24 9 4 1 
208915|Child_CrossABC1|7: 372 141 53 24 9 4 1 
208916|Child_CrossABC2|2: 361 145 59 24 9 4 1 
208956|Child_CrossABC2|8: 397 111 48 20 9 4 1 
209015|Survivor|1: 674 187 83 27 10 4 1 
209065|Child_Avg|51: 438 166 61 23 10 4 1 
209071|Survivor|1: 500 172 71 24 11 4 1 
209081|Survivor|1: 439 143 49 21 10 4 1 
209089|Survivor|1: 397 128 45 21 10 4 1 
209090|Child_CrossABC1|1: 427 133 46 21 10 4 1 
209101|Child_CrossABC2|8: 365 107 46 20 9 4 1 
209102|Child_Avg|31: 406 115 45 21 10 4 1 
209112|Child_Cross21|22: 378 109 45 21 10 4 1 
209117|Child_Avg|51|Mutated: 363 103 45 21 10 4 1 
209122|Child_Cross21|26: 357 109 45 21 10 4 1 
209126|Child_Cross21|50: 367 106 45 21 10 4 1 
209127|Child_Avg|27: 380 109 45 20 9 4 1 
209143|Survivor|1: 372 108 43 24 9 4 1 
209155|Survivor|1: 336 123 50 24 9 4 1 
209169|Survivor|1: 471 158 58 24 11 5 1 
209178|Child_Avg|3: 439 131 49 24 9 4 1 
209186|Child_Avg|27: 405 124 47 24 9 4 1 
209224|Survivor|1: 456 164 51 23 10 4 1 
209230|Child_CrossABC2|8: 404 157 55 24 9 4 1 
209249|Child_CrossABC1|1|Mutated: 399 114 47 24 9 4 1 
209488|Survivor|1: 416 187 58 24 9 4 1 
209490|Child_Cross21|10: 400 109 53 24 9 4 1 
209554|Survivor|1: 432 116 49 24 9 4 1 
209563|Child_CrossABC1|7: 425 114 47 24 9 4 1 
209574|Child_Cross21|22: 397 130 43 24 9 4 1 
209640|Child_CrossABC1|1: 343 128 46 24 9 4 1 
209648|Survivor|1: 353 129 49 24 9 4 1 
209651|Child_CrossABC2|2: 344 119 49 24 9 4 1 
209653|Child_Avg|7: 350 134 47 24 9 4 1 
209673|Child_Avg|11: 370 146 47 24 9 4 1 
209677|Survivor|1: 395 154 55 27 10 4 1 
209692|Survivor|1|Mutated: 411 147 53 24 9 4 1 
209693|Child_CrossABC2|8: 370 145 55 24 9 4 1 
209695|Survivor|1: 366 140 49 24 9 4 1 
209701|Child_CrossABC2|2: 385 150 49 24 9 4 1 
209708|Child_CrossABC1|1: 382 123 50 24 9 4 1 
209773|Child_Avg|31: 565 154 58 23 10 4 1 
209791|Child_Cross12|33: 631 169 53 25 9 4 1 
209801|Survivor|1: 485 170 55 24 9 4 1 
209802|Child_CrossABC2|2: 389 142 55 24 9 4 1 
209807|Survivor|1|Mutated: 389 142 53 24 9 4 1 
209812|Child_Cross12|17: 337 145 52 24 9 4 1 
209829|Survivor|1|Mutated: 359 154 46 24 9 4 1 
209839|Child_Avg|35: 379 160 47 24 9 4 1 
209847|Child_LevyABC2|6: 369 140 61 24 9 4 1 
209861|Survivor|1: 348 131 46 24 9 4 1 
209873|Survivor|1: 431 146 53 24 9 4 1 
209880|Child_CrossABC2|2: 463 141 52 24 9 4 1 
209884|Child_CrossABC1|7: 409 133 52 24 9 4 1 
209885|Child_Cross12|49: 383 134 52 24 9 4 1 
209892|Child_CrossABC1|7: 402 136 55 24 9 4 1 
209918|Child_Cross21|10: 404 114 47 24 9 4 1 
209933|Child_Avg|7|Mutated: 394 112 43 24 9 4 1 
210014|Survivor|1: 622 173 55 23 10 4 1 
210015|Child_Cross12|21: 439 133 48 23 10 4 1 
210047|Survivor|1: 353 150 52 24 9 4 1 
210073|Child_Avg|47: 403 154 55 23 10 4 1 
210078|Survivor|1: 391 131 51 23 10 4 1 
210097|Child_CrossABC2|8: 375 108 46 20 9 4 1 
210098|Child_Cross21|38: 381 124 44 19 10 4 1 
210126|Child_CrossABC1|1: 398 110 43 20 9 4 1 
210133|Survivor|1: 379 114 43 20 9 4 1 
210164|Child_LevyABC1|5: 377 109 52 20 9 4 1 
210215|Survivor|1: 396 110 48 21 10 4 1 
210233|Child_CrossABC2|2: 449 186 55 24 9 4 1 
210236|Child_Levy|60: 393 152 59 24 9 4 1 
210244|Survivor|1: 396 149 52 24 9 4 1 
210255|Child_Cross12|37: 402 147 47 24 9 4 1 
210256|Child_Avg|19: 387 143 46 24 9 4 1 
210258|Child_Cross12|25: 395 149 47 24 9 4 1 
210265|Child_Avg|35: 451 173 61 29 9 4 1 
210306|Child_Avg|19|Mutated: 393 145 50 24 9 4 1 
210321|Child_Cross21|14: 407 145 43 24 9 4 1 
210360|Survivor|1: 398 133 50 24 9 4 1 
210379|Child_CrossABC2|2: 385 134 56 24 9 4 1 
210392|Child_CrossABC1|7: 419 129 50 24 9 4 1 
210398|Child_CrossABC2|2: 421 123 59 24 9 4 1 
210400|Child_CrossABC1|7: 365 117 50 24 9 4 1 
210469|Child_Cross21|14: 407 136 49 21 10 4 1 
210508|Child_Levy|60: 392 143 64 29 9 4 1 
210523|Child_Avg|7|Mutated: 455 129 51 23 10 4 1 
210574|Child_Avg|11: 676 184 72 25 9 4 1 
210577|Survivor|1: 385 115 52 19 10 4 1 
210586|Child_Levy|4: 352 124 49 21 10 4 1 
210652|Child_Avg|31: 360 106 41 19 10 4 1 
210666|Child_Avg|7: 428 132 49 21 10 4 1 
210673|Child_Levy|16: 399 122 49 21 10 4 1 
210693|Child_Avg|39: 463 145 59 20 9 4 1 
210702|Child_Levy|4: 449 147 61 20 9 4 1 
210704|Survivor|1: 464 146 57 20 9 4 1 
210706|Survivor|1: 404 139 52 20 9 4 1 
210710|Child_CrossABC2|2: 408 137 52 20 9 4 1 
210712|Child_Cross21|18: 409 138 52 20 9 4 1 
210718|Child_Avg|51: 358 127 46 20 9 4 1 
210722|Child_Cross12|9: 357 131 46 20 9 4 1 
210725|Child_CrossABC1|7: 355 133 46 20 9 4 1 
210761|Child_CrossABC2|2: 378 115 43 20 9 4 1 
210763|Child_CrossABC2|8: 379 118 43 20 9 4 1 
210792|Child_CrossABC1|1: 394 117 41 20 9 4 1 
210798|Survivor|1: 401 116 55 20 9 4 1 
210801|Survivor|1: 382 113 48 20 9 4 1 
210814|Child_Cross21|2: 371 108 41 19 10 4 1 
210842|Survivor|1: 385 108 43 19 10 4 1 
210874|Child_Levy|20|Mutated: 527 173 67 23 10 4 1 
210886|Survivor|1|Mutated: 545 173 67 23 10 4 1 
210888|Survivor|1: 476 136 48 21 10 4 1 
210891|Survivor|1: 393 119 46 20 9 4 1 
210920|Survivor|1: 352 111 43 20 9 4 1 
210959|Child_Cross12|5|Mutated: 396 138 44 23 10 4 1 
210964|Child_Avg|59: 405 141 49 21 10 4 1 
210967|Child_Avg|23: 403 134 46 20 9 4 1 
210970|Child_CrossABC2|8: 388 137 52 20 9 4 1 
210993|Survivor|1: 359 122 48 20 9 4 1 
210994|Child_Levy|20: 356 127 46 20 9 4 1 
211010|Survivor|1: 356 128 43 20 9 4 1 
211035|Child_Avg|15: 415 151 53 24 9 4 1 
211037|Child_Cross12|5: 407 143 53 24 9 4 1 
211047|Child_Avg|35: 410 133 46 24 9 4 1 
211050|Child_CrossABC1|7: 381 138 50 24 9 4 1 
211106|Child_Levy|36: 654 189 57 23 10 4 1 
211152|Survivor|1: 995 428 177 55 23 10 4 1 
211166|Child_CrossABC2|2: 415 160 62 27 10 4 1 
211168|Random|1: 390 142 56 17 10 4 1 
211169|Child_Levy|48: 367 134 56 24 9 4 1 
211178|Survivor|1: 365 144 55 24 9 4 1 
211207|Survivor|1: 361 126 59 24 9 4 1 
211219|Survivor|1: 357 125 54 23 10 4 1 
211339|Child_CrossABC2|2: 298 122 43 19 10 4 1 
211372|Survivor|1: 400 118 49 21 10 4 1 
211407|Child_Avg|47: 471 151 59 27 10 4 1 
211425|Child_Avg|51: 449 150 52 24 9 4 1 
211430|Child_CrossABC2|2: 452 136 55 24 9 4 1 
211436|Child_Avg|35: 443 133 53 24 9 4 1 
211533|Child_CrossABC2|2: 395 108 46 24 9 4 1 
211559|Survivor|1: 455 156 55 27 10 4 1 
211577|Survivor|1: 454 168 60 23 10 4 1 
211578|Child_Avg|43: 440 131 55 23 10 4 1 
211582|Child_Cross21|10: 457 158 54 23 10 4 1 
211585|Child_CrossABC2|2: 420 133 61 23 10 4 1 
211589|Survivor|1: 430 132 58 23 10 4 1 
211601|Survivor|1: 427 129 51 23 10 3 1 
211611|Survivor|1: 447 127 44 23 10 4 1 
211641|Child_CrossABC1|1: 431 136 56 21 10 4 1 
211648|Survivor|1: 449 131 45 21 10 4 1 
211652|Survivor|1: 412 125 45 21 10 4 1 
211713|Child_Cross21|54: 377 156 53 24 9 4 1 
211724|Child_CrossABC1|1: 390 136 55 24 9 4 1 
211751|Child_Cross21|6: 390 117 43 20 9 4 1 
211812|Survivor|1: 366 110 48 21 10 4 1 
211817|Child_CrossABC2|8: 376 120 46 21 10 4 1 
211832|Child_Avg|59: 384 151 62 29 10 4 1 
211846|Survivor|1: 550 147 55 24 9 4 1 
211848|Child_Cross21|22: 465 140 49 24 9 4 1 
211855|Child_Cross12|57: 461 142 49 24 9 4 1 
211857|Child_Cross12|5: 462 141 46 24 9 4 1 
211858|Child_CrossABC2|8: 462 141 56 24 9 4 1 
211863|Child_Avg|35: 454 138 53 24 9 4 1 
211879|Child_Cross21|10: 446 131 43 24 9 4 1 
211882|Child_CrossABC2|2: 433 126 49 24 9 4 1 
211888|Child_CrossABC1|7: 429 126 55 24 9 4 1 
211948|Child_CrossABC1|1: 454 128 55 24 9 4 1 
211956|Child_CrossABC2|2: 427 114 55 24 9 4 1 
211960|Child_Avg|39: 411 133 64 24 9 4 1 
211969|Child_Cross21|58: 414 115 49 24 9 4 1 
211982|Survivor|1: 417 115 44 19 10 4 1 
211994|Survivor|1: 414 109 44 19 10 4 1 
212052|Child_Cross12|41: 379 108 43 19 10 4 1 
212064|Child_CrossABC1|7: 382 106 41 19 10 4 1 
212070|Survivor|1: 388 105 41 19 10 4 1 
212081|Child_CrossABC1|7: 385 106 41 19 10 4 1 
212107|Survivor|1: 383 108 43 19 10 4 1 
212131|Child_Avg|51: 379 104 42 19 10 4 1 
212147|Child_CrossABC2|8: 375 112 43 19 10 4 1 
212168|Survivor|1: 384 108 43 19 10 4 1 
212224|Child_LevyP1|3: 389 130 54 23 10 4 1 
212226|Child_Cross12|5: 375 119 45 23 10 4 1 
212336|Survivor|1: 387 128 67 24 9 4 1 
212341|Child_LevyABC1|5: 383 124 64 23 10 4 1 
212346|Child_Avg|35|Mutated: 344 129 58 24 9 4 1 
212364|Child_Avg|47: 347 133 49 24 9 4 1 
212368|Child_CrossABC2|8: 352 126 55 24 9 4 1 
212376|Survivor|1: 417 142 56 25 9 4 1 
212381|Child_LevyP1|3: 391 148 56 27 10 4 1 
212420|Child_Cross12|21: 368 117 44 24 9 4 1 
212421|Child_Cross12|53|Mutated: 373 117 52 24 9 4 1 
212507|Child_CrossABC1|7: 433 165 70 24 9 4 1 
212516|Child_CrossABC2|8: 408 123 59 24 9 4 1 
212526|Child_Cross21|30|Mutated: 410 129 55 24 9 4 1 
212535|Child_CrossABC1|7: 388 138 55 24 9 4 1 
212536|Child_CrossABC2|8: 389 139 59 24 9 4 1 
212538|Child_CrossABC1|7: 390 139 59 24 9 4 1 
212539|Child_Avg|15: 392 139 59 24 9 4 1 
212541|Child_CrossABC2|2: 395 132 58 24 9 4 1 
212546|Survivor|1: 392 133 53 24 9 4 1 
212551|Child_CrossABC1|7: 400 132 53 24 9 4 1 
212553|Random|26: 660 175 68 21 10 4 1 
212557|Child_Cross21|30: 408 131 48 21 10 4 1 
212568|Survivor|1: 387 131 48 23 10 4 1 
212572|Survivor|1: 360 126 44 23 10 4 1 
212641|Survivor|1: 384 145 56 24 9 4 1 
212644|Survivor|1: 387 139 57 20 9 4 1 
212655|Survivor|1: 599 174 72 27 10 4 1 
212658|Child_Avg|27: 568 158 62 27 10 4 1 
212660|Child_Avg|55: 531 139 61 23 10 4 1 
212662|Survivor|1: 493 135 59 24 9 4 1 
212663|Child_Cross12|21: 583 134 58 24 9 4 1 
212664|Child_CrossABC1|7: 425 134 58 24 9 4 1 
212665|Child_Cross12|21: 411 127 50 21 10 4 1 
212736|Survivor|1: 354 113 46 24 9 4 1 
212742|Child_Avg|7: 437 152 55 24 9 4 1 
212746|Survivor|1: 434 155 56 24 9 4 1 
212748|Child_Avg|43: 420 153 52 24 9 4 1 
212754|Child_CrossABC1|1: 399 143 50 24 9 4 1 
212833|Survivor|1: 389 116 49 21 10 4 1 
212841|Survivor|1: 384 117 47 21 10 4 1 
212850|Child_Cross21|38: 374 115 44 19 10 4 1 
212903|Child_CrossABC1|1: 392 127 47 21 10 4 1 
212924|Survivor|1: 323 133 49 24 9 4 1 
212934|Child_Cross12|45: 322 133 49 24 9 4 1 
212947|Child_Avg|7: 318 133 49 24 9 4 1 
212948|Child_CrossABC1|1: 325 131 49 24 9 4 1 
212961|Child_Avg|11: 563 155 52 24 9 4 1 
212963|Child_Cross21|6: 553 159 55 23 10 4 1 
212967|Child_Avg|27: 471 136 50 24 9 4 1 
212971|Survivor|1: 583 135 52 24 9 4 1 
212972|Child_Avg|7: 469 132 53 24 9 4 1 
212986|Child_Cross12|21: 404 130 50 24 9 4 1 
213008|Child_CrossABC1|7: 411 126 55 24 9 4 1 
213009|Child_CrossABC2|2: 413 122 52 24 9 4 1 
213035|Child_CrossABC2|8: 419 137 58 23 10 4 1 
213081|Child_CrossABC2|2: 405 142 43 24 9 4 1 
213091|Child_CrossABC2|8: 393 134 59 24 9 4 1 
213095|Child_Avg|3: 408 133 52 24 9 4 1 
213109|Survivor|1: 406 129 44 24 9 4 1 
213162|Survivor|1: 413 123 53 24 9 4 1 
213170|Child_Cross12|45: 365 122 43 24 9 4 1 
213198|Child_Cross12|37: 399 129 49 24 9 4 1 
213279|Child_CrossABC1|7: 402 127 52 24 9 4 1 
213302|Survivor|1: 589 163 60 19 10 4 1 
213369|Child_Avg|7: 372 149 45 21 10 4 1 
213378|Survivor|1: 371 140 45 21 10 4 1 
213381|Child_CrossABC1|7: 366 140 45 21 10 4 1 
213387|Survivor|1: 374 140 45 21 10 4 1 
213399|Survivor|1: 375 135 46 21 10 4 1 
213405|Survivor|1: 372 132 46 21 10 4 1 
213520|Survivor|1: 297 108 47 21 10 4 1 
213528|Survivor|1: 362 143 55 24 9 4 1 
213534|Child_CrossABC2|8: 362 123 62 24 9 4 1 
213579|Survivor|1: 453 131 49 24 9 4 1 
213583|Survivor|1: 381 110 52 24 9 4 1 
213622|Child_Avg|11: 387 152 46 24 9 4 1 
213625|Survivor|1: 452 123 55 24 9 4 1 
213629|Survivor|1: 388 128 49 24 9 4 1 
213664|Survivor|1: 464 175 49 24 9 4 1 
213794|Survivor|1: 429 126 50 21 10 4 1 
213799|Survivor|1: 371 106 49 21 10 4 1 
213800|Child_Cross21|46: 371 115 48 21 10 4 1 
213806|Child_Cross21|30: 404 149 44 19 10 4 1 
213809|Survivor|1: 368 112 45 21 10 4 1 
213898|Child_Avg|11: 459 181 70 23 10 4 1 
213967|Child_Avg|35: 416 124 53 24 9 4 1 
213970|Child_Cross12|13: 453 132 46 24 9 4 1 
214012|Child_CrossABC2|2: 410 123 46 20 9 4 1 
214038|Survivor|1: 421 114 44 21 10 4 1 
214059|Survivor|1: 436 136 56 25 9 4 1 
214070|Survivor|1: 412 119 46 20 9 4 1 
214113|Survivor|1: 386 140 45 23 10 4 1 
214127|Child_CrossABC2|2: 398 139 48 20 9 4 1 
214189|Survivor|1: 383 122 54 24 11 4 1 
214214|Survivor|1: 364 122 47 23 10 4 1 
214236|Child_Levy|4: 449 151 61 23 10 4 1 
214267|Survivor|1: 369 138 49 24 9 4 1 
214285|Survivor|1: 343 127 49 24 9 4 1 
214289|Child_CrossABC2|8: 343 128 47 24 9 4 1 
214303|Child_CrossABC2|2: 411 116 49 24 9 4 1 
214307|Child_CrossABC1|1: 403 110 50 24 9 4 1 
214328|Child_Cross12|49: 467 152 59 29 9 4 1 
214335|Survivor|1: 367 128 49 24 9 4 1 
214364|Survivor|1: 406 137 49 21 10 4 1 
214366|Child_Cross12|13: 359 124 49 21 10 4 1 
214369|Child_CrossABC1|1: 361 122 49 21 10 4 1 
214371|Survivor|1: 412 129 47 21 10 4 1 
214374|Child_CrossABC1|7: 408 132 49 21 10 4 1 
214384|Child_CrossABC2|2: 394 132 49 21 10 4 1 
214387|Child_CrossABC2|2: 462 134 47 21 10 4 1 
214411|Child_CrossABC1|1: 398 125 49 21 10 4 1 
214456|Child_Avg|55: 401 120 45 21 10 4 1 
214535|Child_Levy|24: 485 134 61 29 9 4 1 
214541|Child_Avg|43: 395 121 50 23 10 4 1 
214558|Child_CrossABC1|7: 352 111 47 23 10 4 1 
214565|Child_CrossABC1|1|Mutated: 381 126 47 23 10 4 1 
214645|Survivor|1: 385 121 45 21 10 4 1 
214660|Survivor|1: 387 124 50 23 10 4 1 
214661|Child_CrossABC1|1: 412 113 47 23 10 4 1 
214672|Survivor|1: 387 113 51 23 10 4 1 
214674|Child_CrossABC1|1: 404 113 51 23 10 4 1 
214676|Child_CrossABC1|7: 409 113 51 23 10 4 1 
214681|Child_Avg|27: 364 113 51 23 10 4 1 
214684|Survivor|1|Mutated: 365 113 51 23 10 4 1 
214688|Child_CrossABC1|1: 351 112 47 23 10 4 1 
214781|Child_Cross12|9: 401 168 59 21 10 4 1 
214791|Child_CrossABC2|8: 383 135 49 21 10 4 1 
214793|Survivor|1: 383 155 49 21 10 4 1 
214795|Child_Avg|27|Mutated: 348 139 48 20 9 4 1 
214800|Survivor|1: 344 132 49 21 10 4 1 
214802|Child_Cross21|26: 384 136 46 21 10 4 1 
214817|Child_Cross21|54: 332 127 45 21 10 4 1 
214833|Child_Cross21|58: 340 127 45 21 10 4 1 
214835|Child_Avg|39: 308 127 45 21 10 4 1 
214851|Child_Cross12|17: 388 127 45 21 10 4 1 
214945|Child_CrossABC1|1: 373 119 52 20 9 4 1 
214951|Survivor|1: 356 119 52 20 9 4 1 
214958|Child_Cross21|22: 355 129 48 20 9 4 1 
214980|Child_Cross21|58|Mutated: 415 132 54 23 10 4 1 
214984|Child_CrossABC1|7: 399 127 53 19 10 4 1 
214986|Child_Avg|51: 333 118 53 19 10 4 1 
215061|Child_Avg|55: 392 140 46 21 10 4 1 
215069|Survivor|1: 423 124 56 21 10 4 1 
215074|Child_CrossABC1|1: 443 124 56 21 10 4 1 
215078|Child_Cross21|18: 428 118 47 21 10 4 1 
215079|Child_Levy|60: 401 114 46 20 9 4 1 
215125|Survivor|1: 416 122 56 21 10 4 1 
215128|Child_Cross21|30: 431 122 52 20 9 4 1 
215154|Child_Cross21|14: 423 113 43 20 9 4 1 
215163|Child_CrossABC2|2: 385 109 44 19 10 4 1 
215220|Survivor|1: 427 173 55 24 9 4 1 
215231|Child_Cross21|30: 384 139 44 24 9 4 1 
215233|Child_CrossABC1|7: 367 141 46 24 9 4 1 
215244|Survivor|1: 358 134 54 19 10 4 1 
215259|Survivor|1: 320 124 43 20 9 4 1 
215307|Child_CrossABC1|7: 452 134 59 24 9 4 1 
215310|Child_Avg|47: 384 136 47 25 9 4 1 
215312|Child_Avg|7: 408 128 57 21 10 4 1 
215326|Child_Cross12|25: 401 159 56 21 10 4 1 
215329|Child_Cross21|38: 402 137 55 21 10 4 1 
215330|Child_CrossABC2|2: 404 143 57 21 10 4 1 
215414|Child_CrossABC2|8: 392 134 49 24 9 4 1 
215418|Child_CrossABC2|8: 387 134 51 23 10 4 1 
215431|Child_CrossABC2|2: 405 139 52 24 9 4 1 
215437|Child_CrossABC2|2: 393 146 52 24 9 4 1 
215459|Survivor|1: 393 134 47 25 9 4 1 
215463|Child_Avg|7|Mutated: 350 116 51 19 10 4 1 
215473|Child_CrossABC2|2: 299 120 46 21 10 4 1 
215478|Survivor|1: 347 121 48 20 9 4 1 
215515|Child_LevyP1|3: 437 128 59 24 9 4 1 
215524|Child_Levy|36: 418 123 56 24 9 4 1 
215525|Child_CrossABC2|2: 420 126 61 24 9 4 1 
215610|Child_Avg|11: 389 141 55 20 9 4 1 
215621|Survivor|1: 464 129 48 20 9 4 1 
215624|Child_Cross12|21|Mutated: 413 133 43 20 9 4 1 
215629|Child_CrossABC2|8: 413 154 43 20 9 4 1 
215638|Child_Avg|23: 404 118 47 21 10 4 1 
215639|Child_CrossABC1|7: 408 120 46 21 10 4 1 
215678|Child_Cross12|13|Mutated: 351 128 55 24 9 4 1 
215696|Child_Cross21|14: 427 123 53 25 9 4 1 
215697|Child_Levy|28: 391 122 53 24 9 4 1 
215699|Survivor|1: 391 122 53 24 11 4 1 
215704|Survivor|1: 391 122 53 24 11 5 1 
215709|Survivor|1: 391 128 50 23 10 4 1 
215715|Child_CrossABC2|8: 392 116 49 21 10 4 1 
215728|Child_CrossABC1|1: 424 115 45 21 10 4 1 
215752|Child_Cross12|1: 393 125 41 24 9 4 1 
215757|Child_Avg|7: 512 137 58 24 9 4 1 
215789|Survivor|1: 399 127 47 25 9 4 1 
215814|Child_Cross12|41: 395 122 59 27 10 4 1 
215815|Child_CrossABC1|1: 393 122 58 23 10 4 1 
215816|Child_Cross21|10: 397 127 53 19 10 4 1 
215824|Child_Cross12|29: 413 136 49 21 10 4 1 
215826|Child_CrossABC2|2: 408 132 51 19 10 4 1 
215856|Survivor|1|Mutated: 418 113 51 19 10 4 1 
215858|Child_Avg|15: 388 144 51 19 10 4 1 
215918|Child_Levy|60: 391 131 53 24 9 4 1 
215929|Survivor|1: 394 123 52 24 9 4 1 
215935|Survivor|1: 453 185 55 23 10 4 1 
215936|Child_CrossABC2|2: 453 150 57 23 10 4 1 
215939|Child_CrossABC1|7: 427 140 54 23 10 4 1 
215960|Survivor|1: 405 131 45 23 10 4 1 
215971|Survivor|1: 387 110 47 24 9 4 1 
216050|Child_Cross12|29: 340 142 49 24 9 4 1 
216054|Child_Avg|59: 341 136 49 24 9 4 1 
216056|Child_Cross12|17: 352 130 49 24 9 4 1 
216065|Child_Cross12|45: 344 133 49 24 9 4 1 
216066|Child_Cross21|38: 349 134 49 24 9 4 1 
216075|Child_CrossABC2|2: 345 135 52 24 9 4 1 
216081|Survivor|1: 347 139 49 24 9 4 1 
216087|Child_CrossABC1|7: 354 136 49 24 9 4 1 
216127|Survivor|1: 396 145 49 23 8 3 1 
216149|Survivor|1: 436 135 48 25 10 4 1 
216167|Survivor|1|Mutated: 420 129 51 19 10 4 1 
216180|Survivor|1: 345 126 47 23 10 4 1 
216189|Child_Avg|51: 413 119 45 23 10 4 1 
216197|Child_CrossABC1|1: 382 114 44 23 10 4 1 
216219|Survivor|1: 384 122 43 24 9 4 1 
216227|Survivor|1: 387 158 52 24 9 4 1 
216229|Child_CrossABC2|2: 401 135 46 24 9 4 1 
216252|Survivor|1: 345 143 49 24 9 4 1 
216261|Child_CrossABC1|7: 389 139 58 24 9 4 1 
216292|Child_CrossABC1|1: 381 137 52 24 9 4 1 
216294|Child_CrossABC1|7: 378 138 59 24 9 4 1 
216350|Child_Avg|35: 386 140 43 24 9 4 1 
216419|Child_Cross21|58: 335 131 50 24 9 4 1 
216420|Child_CrossABC1|7: 332 133 49 24 9 4 1 
216459|Survivor|1: 471 145 46 24 9 4 1 
216494|Child_Cross12|13: 421 122 46 24 9 4 1 
216507|Survivor|1: 421 123 53 24 9 4 1 
216510|Child_CrossABC1|7: 417 122 52 24 9 4 1 
216521|Child_CrossABC1|7: 410 121 52 24 9 4 1 
216588|Child_Avg|51: 413 142 52 24 9 4 1 
216593|Child_CrossABC1|1: 419 125 47 24 9 4 1 
216649|Child_Cross21|10: 398 137 44 24 9 4 1 
216671|Survivor|1: 335 130 61 24 9 4 1 
216696|Survivor|1: 401 131 44 24 9 4 1 
216718|Survivor|1|Mutated: 389 135 47 23 10 4 1 
216746|Child_Avg|39|Mutated: 405 110 45 21 10 4 1 
216779|Survivor|1: 428 112 47 21 10 4 1 
216788|Survivor|1: 376 113 44 24 9 4 1 
216803|Survivor|1: 388 108 41 20 9 4 1 
216804|Child_Avg|7: 388 108 41 19 10 4 1 
216833|Child_CrossABC2|2: 367 146 54 20 9 4 1 
216852|Child_CrossABC2|8: 360 133 46 20 9 4 1 
216861|Survivor|1: 361 129 48 20 9 4 1 
216869|Survivor|1: 350 133 46 20 9 4 1 
216881|Child_Cross12|5: 349 121 43 20 9 4 1 
216946|Survivor|1: 375 165 61 29 10 4 1 
216955|Child_CrossABC2|2: 409 116 51 19 10 4 1 
216973|Child_Avg|39|Mutated: 398 113 45 20 9 4 1 
216979|Survivor|1: 397 113 45 19 10 4 1 
217022|Child_Avg|43: 388 157 57 21 10 4 1 
217024|Child_Avg|43: 361 138 49 21 10 4 1 
217037|Survivor|1: 357 129 49 21 10 4 1 
217081|Child_CrossABC1|7: 392 133 46 20 9 4 1 
217155|Survivor|1: 403 125 52 19 10 4 1 
217161|Child_Levy|24: 376 129 52 20 9 4 1 
217162|Child_CrossABC1|7: 389 130 51 19 10 4 1 
217171|Child_Levy|44: 447 142 54 23 10 4 1 
217212|Child_Cross12|53|Mutated: 364 144 58 21 10 4 1 
217221|Child_LevyP2|4|Mutated: 344 129 50 24 9 4 1 
217276|Child_CrossABC1|7: 376 130 43 20 9 4 1 
217291|Survivor|1: 702 154 55 23 10 4 1 
217295|Child_CrossABC2|8: 408 131 56 21 10 4 1 
217301|Child_CrossABC2|8: 420 131 56 21 10 4 1 
217311|Child_Cross12|17: 370 118 45 20 9 4 1 
217313|Child_Cross21|10: 374 119 45 21 10 4 1 
217320|Child_Avg|27: 378 113 43 19 10 4 1 
217324|Child_Cross12|25: 377 116 44 21 10 4 1 
217331|Child_CrossABC2|2: 409 115 44 19 10 4 1 
217354|Child_Cross21|14: 382 118 41 19 10 4 1 
217398|Survivor|1: 344 125 43 20 9 4 1 
217476|Child_Avg|7: 396 131 52 24 9 4 1 
217517|Survivor|1: 304 121 50 24 9 4 1 
217535|Child_CrossABC2|2: 389 123 46 24 9 4 1 
217536|Child_CrossABC2|8: 390 123 52 24 9 4 1 
217541|Survivor|1: 389 123 53 24 9 4 1 
217551|Survivor|1: 504 141 53 24 9 4 1 
217621|Survivor|1: 381 160 54 19 10 4 1 
217623|Child_CrossABC2|8: 378 167 51 19 10 4 1 
217625|Child_Avg|35: 353 136 46 20 9 4 1 
217649|Survivor|1: 347 122 46 24 9 4 1 
217650|Child_CrossABC2|2: 399 168 50 24 9 4 1 
217662|Survivor|1: 319 108 46 24 9 4 1 
217705|Child_Cross12|29: 342 131 45 23 10 4 1 
217708|Survivor|1: 374 137 45 21 10 4 1 
217720|Survivor|1: 420 130 43 20 9 4 1 
217723|Child_CrossABC2|8: 418 130 43 20 9 4 1 
217819|Survivor|1: 422 128 43 20 9 4 1 
217890|Child_Levy|12: 399 121 49 21 10 4 1 
218026|Survivor|1: 359 117 44 23 10 4 1 
218041|Survivor|1: 407 121 52 24 9 4 1 
218131|Survivor|1: 427 164 53 25 9 4 1 
218152|Child_Avg|55: 418 135 47 23 10 4 1 
218162|Survivor|1: 403 125 48 23 10 4 1 
218199|Survivor|1: 399 113 45 21 10 4 1 
218242|Child_CrossABC2|8: 366 108 49 24 9 4 1 
218246|Child_Cross12|33: 456 132 43 24 9 4 1 
218336|Child_Cross21|34: 437 132 49 24 9 4 1 
218343|Child_Cross12|45: 406 132 49 21 10 4 1 
218392|Child_Avg|3|Mutated: 405 132 59 24 9 4 1 
218469|Child_Cross12|53: 405 133 57 23 10 4 1 
218483|Survivor|1: 405 125 52 19 10 4 1 
218492|Survivor|1: 403 123 48 20 9 4 1 
218494|Child_CrossABC1|1: 352 143 52 20 9 4 1 
218511|Survivor|1: 434 126 52 29 9 4 1 
218556|Survivor|1: 370 111 47 25 9 4 1 
218587|Survivor|1: 373 114 47 24 9 4 1 
218624|Child_CrossABC1|7: 383 122 45 23 10 4 1 
218648|Child_Avg|55: 395 109 47 23 10 4 1 
218681|Child_CrossABC2|8: 416 113 46 24 9 4 1 
218698|Child_CrossABC2|2: 382 117 46 24 9 4 1 
218709|Child_Avg|39: 478 151 61 24 9 4 1 
218770|Survivor|1: 369 138 44 24 9 4 1 
218778|Survivor|1: 329 127 49 21 10 4 1 
218786|Survivor|1: 409 116 46 21 10 4 1 
218793|Child_Cross12|33: 418 110 43 20 9 4 1 
218821|Child_Avg|39|Mutated: 407 144 47 21 10 4 1 
218832|Child_CrossABC2|2: 399 125 44 21 10 4 1 
218914|Survivor|1: 359 133 42 19 10 4 1 
218923|Child_Avg|59: 450 160 62 19 10 4 1 
218934|Child_Levy|28: 390 132 47 23 10 4 1 
218954|Survivor|1|Mutated: 351 108 46 24 9 4 1 
218991|Survivor|1: 459 130 53 25 10 4 1 
219038|Survivor|1: 413 123 47 24 9 4 1 
219039|Child_CrossABC2|8: 321 129 50 24 9 4 1 
219043|Survivor|1: 324 123 52 24 9 4 1 
219046|Child_CrossABC1|7: 357 126 62 24 9 4 1 
219084|Child_Levy|28|Mutated: 408 122 51 25 9 4 1 
219151|Random|17: 961 364 113 53 19 10 4 1 
219206|Survivor|1: 352 121 50 24 9 4 1 
219213|Child_Cross21|38: 348 131 49 24 9 4 1 
219220|Survivor|1: 374 132 49 24 9 4 1 
219225|Child_Avg|15: 337 130 46 24 9 4 1 
219230|Child_CrossABC1|7: 337 130 49 24 9 4 1 
219232|Child_CrossABC2|8: 335 130 46 24 9 4 1 
219245|Child_Cross12|25: 352 129 44 24 9 4 1 
219246|Child_Avg|47: 338 129 44 24 9 4 1 
219300|Survivor|1: 466 146 51 24 11 4 1 
219306|Child_Avg|23: 466 142 49 24 9 4 1 
219308|Child_Avg|55: 420 139 49 24 9 4 1 
219322|Survivor|1: 423 138 52 24 9 4 1 
219326|Child_Cross12|1: 435 117 49 24 9 4 1 
219334|Child_Cross21|34: 435 138 49 24 9 4 1 
219337|Survivor|1|Mutated: 411 152 58 24 9 4 1 
219463|Child_Avg|31: 341 130 46 24 9 4 1 
219483|Survivor|1: 373 128 50 23 10 4 1 
219498|Child_Cross12|45: 398 137 46 24 9 4 1 
219504|Survivor|1: 324 135 50 21 10 4 1 
219537|Child_Levy|56: 385 117 46 20 9 4 1 
219569|Survivor|1: 347 113 43 20 9 4 1 
219574|Child_Avg|19: 387 125 48 23 10 4 1 
219580|Survivor|1|Mutated: 387 125 54 23 10 4 1 
219593|Survivor|1: 369 116 43 20 9 4 1 
219624|Child_CrossABC1|1: 405 148 52 29 9 4 1 
219625|Child_Cross21|18: 407 138 52 24 9 4 1 
219639|Child_CrossABC1|1: 367 146 55 24 9 4 1 
219642|Child_CrossABC2|8: 366 137 55 24 9 4 1 
219682|Survivor|1: 544 163 52 24 9 4 1 
219692|Child_CrossABC1|1: 395 137 59 24 9 4 1 
219696|Child_Cross21|46: 387 138 52 24 9 4 1 
219706|Child_Levy|20: 390 143 50 24 9 4 1 
219737|Survivor|1: 344 135 58 24 11 4 1 
219744|Survivor|1: 424 124 48 21 10 4 1 
219811|Child_CrossABC2|2: 411 107 46 20 9 4 1 
219818|Child_CrossABC1|7|Mutated: 418 151 67 24 9 4 1 
219864|Survivor|1: 401 158 47 25 9 4 1 
219866|Child_Avg|51: 401 145 44 24 9 4 1 
219905|Survivor|1: 429 127 50 21 10 4 1 
219907|Child_CrossABC2|2: 373 157 52 24 9 4 1 
219924|Survivor|1: 430 137 56 24 9 4 1 
219927|Child_Levy|12: 406 173 70 29 9 4 1 
219937|Child_Avg|3|Mutated: 386 129 46 24 9 4 1 
219942|Child_CrossABC2|8: 388 126 51 23 10 4 1 
220014|Survivor|1: 403 129 46 20 9 4 1 
220056|Child_CrossABC2|2: 535 145 57 23 10 4 1 
220057|Survivor|1|Mutated: 535 145 67 23 10 4 1 
220067|Survivor|1: 503 143 58 24 9 4 1 
220068|Child_CrossABC1|7: 551 157 59 24 9 4 1 
220072|Survivor|1: 574 151 52 24 9 4 1 
220073|Child_Levy|12: 464 139 49 21 10 4 1 
220075|Child_Avg|19: 434 124 53 24 9 4 1 
220076|Child_Cross12|21: 448 133 46 20 9 4 1 
220081|Survivor|1: 449 133 46 20 9 4 1 
220117|Child_Cross21|6: 397 136 47 25 9 4 1 
220127|Child_Avg|47: 442 136 55 24 9 4 1 
220132|Child_CrossABC2|8: 399 140 55 24 9 4 1 
220196|Child_Avg|27: 428 187 55 24 9 4 1 
220202|Survivor|1: 396 142 53 24 9 4 1 
220269|Child_CrossABC1|7: 419 128 53 24 9 4 1 
220271|Child_CrossABC2|8: 447 132 55 24 9 4 1 
220275|Survivor|1: 435 133 50 24 9 4 1 
220281|Child_Avg|19: 388 133 50 23 8 3 1 
220285|Child_CrossABC2|8: 418 129 47 24 9 4 1 
220294|Child_CrossABC2|2: 408 135 50 24 9 4 1 
220299|Child_CrossABC2|2: 391 111 47 24 9 4 1 
220325|Survivor|1: 460 151 54 23 10 4 1 
220334|Survivor|1: 365 137 49 24 9 4 1 
220347|Child_Cross21|54: 377 148 47 23 10 4 1 
220361|Survivor|1: 388 141 50 23 10 4 1 
220376|Child_Avg|7: 356 125 52 24 9 4 1 
220377|Child_Avg|47: 380 131 53 24 9 4 1 
220378|Child_CrossABC1|7: 367 125 52 24 9 4 1 
220393|Child_CrossABC1|1: 418 122 53 24 9 4 1 
220436|Child_CrossABC1|1: 387 131 47 24 9 4 1 
220510|Child_Levy|8|Mutated: 391 138 53 24 9 4 1 
220561|Survivor|1: 443 122 46 24 9 4 1 
220583|Survivor|1: 396 114 44 23 10 4 1 
220630|Survivor|1: 403 146 64 24 11 5 1 
220636|Child_CrossABC1|7: 369 141 51 23 10 4 1 
220639|Child_CrossABC1|1: 372 149 71 23 10 4 1 
220642|Survivor|1: 369 132 47 23 10 4 1 
220652|Child_CrossABC2|8: 378 136 47 23 10 4 1 
220732|Survivor|1: 405 140 54 23 10 4 1 
220780|Child_Cross21|54: 392 131 48 20 9 4 1 
220784|Survivor|1: 392 131 48 21 10 4 1 
220797|Child_Avg|43|Mutated: 394 135 53 17 10 4 1 
220799|Child_Avg|55: 398 139 45 21 10 4 1 
220883|Child_Avg|23: 463 172 59 21 10 4 1 
220887|Child_Cross21|30: 458 163 56 21 10 4 1 
220889|Survivor|1: 455 125 54 23 10 4 1 
220940|Child_Avg|7: 393 136 55 24 9 4 1 
220945|Child_CrossABC2|8: 365 139 56 24 9 4 1 
220946|Child_CrossABC1|7: 355 137 55 24 9 4 1 
220954|Child_Avg|43: 591 173 73 29 10 4 1 
221020|Child_CrossABC1|1: 443 157 49 24 9 4 1 
221089|Child_Avg|11: 497 142 58 24 9 4 1 
221099|Child_Avg|51: 420 131 50 24 9 4 1 
221120|Child_Levy|36: 385 120 49 21 10 4 1 
221123|Survivor|1: 387 127 54 23 10 4 1 
221135|Child_Cross21|30: 384 126 51 23 10 4 1 
221142|Child_Avg|3: 432 123 47 23 10 4 1 
221193|Survivor|1: 284 130 57 23 10 4 1 
221206|Child_Avg|43: 299 130 46 24 9 4 1 
221212|Child_Avg|55: 314 138 59 24 9 4 1 
221221|Child_Levy|44: 281 115 49 21 10 4 1 
221227|Survivor|1: 315 146 49 21 10 4 1 
221229|Child_LevyP1|3: 413 124 56 21 10 3 1 
221232|Child_Cross21|30: 403 121 45 21 10 4 1 
221242|Child_CrossABC1|7: 422 124 45 21 10 4 1 
221269|Child_Cross21|34|Mutated: 402 130 44 19 10 4 1 
221299|Child_Avg|47: 426 124 44 19 10 4 1 
221413|Child_CrossABC1|1: 437 127 43 20 9 4 1 
221416|Child_Cross12|21: 423 119 42 19 10 4 1 
221438|Survivor|1: 578 155 56 27 10 4 1 
221448|Child_Levy|60: 464 135 64 24 9 4 1 
221450|Child_Avg|23: 423 127 56 25 9 4 1 
221453|Child_Cross21|2: 447 129 49 24 9 4 1 
221454|Child_CrossABC1|7: 378 151 58 24 9 4 1 
221457|Child_Cross12|49: 364 141 52 24 9 4 1 
221464|Child_Cross21|22: 419 132 49 24 9 4 1 
221508|Child_LevyP2|10: 411 131 52 24 9 4 1 
221526|Child_Avg|35: 440 133 52 24 9 4 1 
221531|Child_CrossABC2|8: 422 129 52 24 9 4 1 
221537|Child_CrossABC2|8: 408 145 50 24 9 4 1 
221538|Child_Avg|23: 393 126 46 24 9 4 1 
221542|Child_CrossABC1|1: 415 133 46 24 9 4 1 
221595|Child_Avg|23: 407 152 53 27 10 4 1 
221600|Child_CrossABC2|8: 420 148 55 27 10 4 1 
221639|Survivor|1: 360 119 52 20 9 4 1 
221682|Survivor|1: 361 120 46 20 9 4 1 
221689|Survivor|1: 346 124 43 20 9 4 1 
221697|Survivor|1: 407 130 43 20 9 4 1 
221790|Survivor|1: 469 130 54 23 10 4 1 
221799|Child_Cross21|38: 481 142 58 24 9 4 1 
221800|Child_Avg|19: 412 133 57 23 10 4 1 
221804|Child_Levy|44|Mutated: 418 135 58 21 10 4 1 
221811|Child_Avg|59: 382 122 49 21 10 4 1 
221813|Survivor|1: 383 125 48 21 10 4 1 
221830|Child_Cross12|21: 390 119 42 19 10 4 1 
221838|Survivor|1: 495 145 59 24 9 4 1 
221852|Child_Levy|32: 430 176 65 25 9 4 1 
221860|Child_Avg|15: 395 143 52 29 9 4 1 
221883|Survivor|1: 387 159 62 19 10 4 1 
221890|Survivor|1: 362 141 58 24 9 4 1 
221901|Child_CrossABC1|7: 383 144 58 24 9 4 1 
221906|Child_CrossABC1|1: 363 144 53 24 9 4 1 
221910|Child_CrossABC2|8: 356 131 52 24 9 4 1 
221913|Child_Cross21|6: 358 134 49 24 9 4 1 
221917|Child_CrossABC2|8: 353 134 50 24 9 4 1 
221968|Child_Levy|16: 417 154 55 24 9 4 1 
221973|Child_Cross21|2: 481 157 52 24 9 4 1 
221976|Child_CrossABC1|7: 531 152 55 24 9 4 1 
222016|Survivor|1: 347 125 42 19 10 4 1 
222019|Survivor|1: 348 128 45 21 10 4 1 
222048|Survivor|1: 483 177 56 25 9 4 1 
222052|Survivor|1: 415 150 55 24 9 4 1 
222067|Child_CrossABC2|2: 412 142 55 24 9 4 1 
222071|Child_CrossABC1|1: 401 143 58 24 9 4 1 
222150|Child_CrossABC1|1: 379 147 45 21 10 4 1 
222158|Child_Avg|47: 442 161 52 24 9 4 1 
222182|Child_CrossABC1|1: 514 158 58 23 10 4 1 
222206|Child_Cross21|22: 387 105 43 20 9 4 1 
222276|Child_Avg|31: 388 126 46 21 10 4 1 
222307|Child_Avg|47: 367 115 56 24 9 4 1 
222315|Child_Levy|16: 366 124 49 21 10 4 1 
222327|Child_CrossABC2|2: 408 121 43 19 10 4 1 
222355|Survivor|1: 415 169 61 29 10 4 1 
222363|Survivor|1: 390 144 53 25 9 4 1 
222366|Survivor|1: 405 136 59 24 9 4 1 
222370|Survivor|1: 406 136 59 24 9 4 1 
222386|Child_Levy|8: 369 130 49 24 9 4 1 
222389|Child_Cross12|53: 380 132 49 24 9 4 1 
222407|Child_Cross21|30: 356 132 49 24 9 4 1 
222459|Child_CrossABC2|8: 446 141 62 24 9 4 1 
222467|Child_CrossABC2|8: 442 138 61 24 9 4 1 
222469|Child_LevyABC1|11: 443 145 52 24 9 4 1 
222473|Child_CrossABC1|7: 450 167 55 24 9 4 1 
222474|Child_CrossABC1|7: 443 128 49 24 9 4 1 
222611|Survivor|1: 408 142 49 24 9 4 1 
222615|Child_Cross21|26: 406 146 55 24 9 4 1 
222623|Child_CrossABC1|7: 404 139 55 24 9 4 1 
222628|Child_Cross12|13: 379 135 52 24 9 4 1 
222636|Child_Cross12|25: 386 149 52 24 9 4 1 
222651|Child_Cross21|26: 395 153 52 24 9 4 1 
222661|Child_Cross12|17: 369 150 52 24 9 4 1 
222680|Survivor|1|Mutated: 388 145 52 20 9 4 1 
222694|Survivor|1: 369 137 46 20 9 4 1 
222698|Survivor|1: 407 127 45 20 9 4 1 
222716|Survivor|1: 419 111 50 23 10 4 1 
222722|Child_Avg|11: 419 111 51 23 10 4 1 
222782|Survivor|1: 310 134 53 24 9 4 1 
222792|Child_CrossABC1|1: 460 133 47 23 10 4 1 
222794|Child_Avg|7: 402 159 47 23 10 4 1 
222799|Child_Cross21|38: 402 162 45 23 10 4 1 
222815|Survivor|1: 389 137 43 24 9 4 1 
222820|Survivor|1: 410 134 56 25 9 4 1 
222838|Child_CrossABC1|7: 521 146 52 24 9 4 1 
222844|Survivor|1|Mutated: 460 151 58 24 9 4 1 
222849|Child_CrossABC1|1: 454 151 58 24 9 4 1 
222854|Child_Avg|43: 418 156 55 24 9 4 1 
222891|Child_Avg|27: 427 150 52 24 9 4 1 
222895|Child_CrossABC1|1: 388 151 53 24 9 4 1 
222897|Survivor|1: 408 157 49 24 9 4 1 
222898|Child_Cross12|45: 383 133 43 24 9 4 1 
222915|Child_Levy|40: 436 135 48 23 10 4 1 
222969|Survivor|1: 399 144 43 20 9 4 1 
223000|Survivor|1: 396 141 48 20 9 4 1 
223044|Child_Cross21|50: 406 152 49 21 10 4 1 
223058|Survivor|1: 399 139 46 20 9 4 1 
223153|Child_CrossABC1|1: 392 124 53 24 9 4 1 
223178|Child_CrossABC2|2: 436 126 47 23 10 4 1 
223187|Survivor|1: 409 118 45 23 10 4 1 
223209|Child_CrossABC2|8: 452 126 47 23 10 4 1 
223230|Survivor|1: 438 126 47 23 10 4 1 
223314|Child_Cross21|54: 373 112 43 19 10 4 1 
223317|Survivor|1: 366 112 43 19 10 4 1 
223321|Survivor|1: 372 105 44 19 10 4 1 
223349|Survivor|1: 439 152 49 24 9 4 1 
223355|Survivor|1: 374 156 49 24 9 4 1 
223367|Survivor|1: 396 155 50 24 9 4 1 
223372|Child_CrossABC2|2: 399 138 44 24 9 4 1 
223415|Survivor|1: 549 155 50 24 9 4 1 
223420|Child_Avg|47: 396 157 56 24 9 4 1 
223430|Child_Avg|23: 374 130 47 24 9 4 1 
223496|Survivor|1: 286 121 43 20 9 4 1 
223551|Child_Levy|40: 450 171 58 24 9 4 1 
223608|Child_Avg|39: 536 159 61 23 10 4 1 
223699|Child_Avg|51: 357 122 46 24 9 4 1 
223724|Child_Cross12|13: 368 127 43 20 9 4 1 
223788|Child_Cross12|21: 388 144 58 23 10 4 1 
223789|Child_CrossABC2|8: 433 166 58 23 10 4 1 
223790|Child_CrossABC1|7: 408 124 58 23 10 4 1 
223794|Child_Cross21|22: 357 129 55 23 10 4 1 
223795|Child_Avg|11: 393 121 52 24 9 4 1 
223798|Child_Avg|15: 358 115 49 21 10 4 1 
223808|Child_CrossABC1|7|Mutated: 408 107 56 21 10 4 1 
223811|Child_Cross21|6: 398 126 43 19 10 4 1 
223862|Child_CrossABC1|7: 430 126 46 21 10 4 1 
223864|Child_Cross21|50: 439 137 45 21 10 4 1 
223870|Survivor|1: 556 177 63 29 10 4 1 
223883|Survivor|1: 557 156 61 29 10 4 1 
223897|Child_CrossABC2|2: 452 138 52 29 10 4 1 
223911|Child_Avg|55: 447 134 54 25 9 4 1 
223923|Child_CrossABC1|7: 433 134 51 23 10 4 1 
223926|Child_Cross12|17: 443 134 47 23 10 4 1 
223927|Child_Avg|27: 448 133 47 23 10 4 1 
223979|Survivor|1: 395 139 45 21 10 4 1 
223982|Child_CrossABC1|7: 394 144 45 21 10 4 1 
223992|Survivor|1: 426 112 47 21 10 4 1 
224004|Survivor|1: 364 106 57 21 10 4 1 
224016|Survivor|1: 358 104 56 21 10 4 1 
224027|Survivor|1: 362 101 48 20 9 4 1 
224035|Child_CrossABC2|8: 349 107 43 20 9 4 1 
224050|Child_CrossABC2|2: 365 103 39 20 9 4 1 
224103|Survivor|1: 363 109 47 23 10 4 1 
224112|Child_Avg|59: 376 112 43 19 10 4 1 
224126|Child_CrossABC2|8: 363 110 42 19 10 4 1 
224199|Child_CrossABC2|8: 408 148 61 19 10 4 1 
224205|Child_Cross12|37: 417 115 48 21 10 4 1 
224233|Survivor|1: 407 148 46 20 9 4 1 
224257|Child_Cross12|25: 395 130 49 21 10 4 1 
224263|Child_Cross21|30: 398 131 46 21 10 4 1 
224280|Child_CrossABC2|2: 390 127 46 20 9 4 1 
224361|Child_Cross12|5|Mutated: 366 131 45 21 10 4 1 
224363|Child_Cross12|45: 366 131 45 23 10 4 1 
224385|Survivor|1: 408 158 47 24 9 4 1 
224390|Survivor|1: 393 157 46 24 9 4 1 
224391|Child_CrossABC2|8: 377 154 46 24 9 4 1 
224428|Survivor|1: 408 125 41 24 9 4 1 
224449|Survivor|1: 491 142 51 23 10 4 1 
224455|Child_CrossABC1|7: 369 125 54 23 10 4 1 
224457|Child_Levy|48: 443 173 59 24 9 4 1 
224460|Child_Cross21|14: 425 122 52 24 9 4 1 
224506|Survivor|1: 620 143 55 24 9 4 1 
224512|Survivor|1: 385 107 47 24 9 4 1 
224551|Survivor|1: 399 126 56 29 10 4 1 
224556|Child_LevyP2|10: 403 139 68 29 9 4 1 
224560|Random|7: 650 201 59 25 14 4 1 
224577|Child_Cross12|53: 397 119 45 23 10 4 1 
224618|Survivor|1|Mutated: 412 117 49 21 10 4 1 
224620|Survivor|1: 401 115 50 21 10 4 1 
224640|Survivor|1: 389 117 57 23 10 4 1 
224642|Child_Avg|47: 399 117 54 23 10 4 1 
224647|Child_CrossABC2|2: 404 118 60 23 10 4 1 
224652|Survivor|1|Mutated: 411 119 74 23 10 4 1 
224665|Child_Levy|24: 395 137 55 24 9 4 1 
224681|Child_CrossABC2|8: 402 129 50 24 9 4 1 
224765|Child_CrossABC1|1: 453 132 49 24 9 4 1 
224784|Survivor|1: 419 128 49 24 9 4 1 
224794|Survivor|1: 445 130 56 24 9 4 1 
224797|Child_Cross21|42: 412 131 48 20 9 4 1 
224816|Survivor|1: 441 134 51 23 10 4 1 
224829|Child_CrossABC1|7: 393 127 49 21 10 4 1 
224832|Child_Cross21|2: 474 148 45 21 10 4 1 
224857|Child_Levy|56: 478 153 68 24 9 4 1 
224869|Child_CrossABC2|8: 358 136 53 24 9 4 1 
224878|Child_CrossABC2|8: 349 130 46 24 9 4 1 
224993|Survivor|1: 316 115 41 19 10 4 1 
225019|Survivor|1|Mutated: 449 175 56 24 9 4 1 
225026|Child_Cross12|29: 417 150 54 23 10 4 1 
225029|Child_Cross12|25: 416 163 54 23 10 4 1 
225030|Child_Cross12|57: 408 160 54 23 10 4 1 
225109|Child_Avg|3|Mutated: 438 127 53 24 9 4 1 
225110|Survivor|1|Mutated: 424 127 53 24 9 4 1 
225157|Child_Levy|60: 558 167 61 24 9 4 1 
225170|Child_CrossABC2|8: 475 141 61 24 9 4 1 
225178|Child_CrossABC1|7: 331 136 61 24 9 4 1 
225191|Child_CrossABC1|7: 348 117 49 24 9 4 1 
225216|Child_CrossABC2|8: 395 142 58 24 9 4 1 
225257|Survivor|1: 404 143 44 24 9 4 1 
225271|Child_Cross12|9: 411 157 49 24 9 4 1 
225281|Survivor|1: 403 158 47 25 9 4 1 
225284|Child_Cross21|58: 353 128 48 23 10 4 1 
225287|Survivor|1: 419 151 50 23 10 4 1 
225294|Child_Avg|47: 340 121 43 24 9 4 1 
225295|Child_CrossABC2|8: 400 131 53 24 11 5 1 
225322|Child_Cross21|18|Mutated: 346 117 44 23 10 4 1 
225415|Child_CrossABC2|2: 399 144 49 21 10 4 1 
225419|Survivor|1: 366 119 46 20 9 4 1 
225422|Child_Cross12|25|Mutated: 427 121 48 21 10 4 1 
225429|Survivor|1: 423 115 48 21 10 4 1 
225434|Child_Levy|32: 426 124 45 21 10 4 1 
225451|Child_Cross12|5: 426 154 65 23 10 4 1 
225475|Survivor|1: 388 111 46 21 10 4 1 
225482|Survivor|1: 368 110 46 21 10 4 1 
225496|Child_Cross21|42: 351 113 43 20 9 4 1 
225510|Survivor|1|Mutated: 415 163 56 27 10 4 1 
225517|Child_CrossABC2|2: 390 156 56 21 10 4 1 
225534|Child_CrossABC2|2: 408 146 56 21 10 4 1 
225545|Child_CrossABC1|1: 402 140 46 21 10 4 1 
225548|Child_Cross21|10: 402 137 45 21 10 4 1 
225549|Child_Cross21|38: 390 142 45 21 10 4 1 
225553|Child_Cross12|49: 412 133 45 21 10 4 1 
225557|Child_Cross12|33: 396 136 45 21 10 4 1 
225614|Child_Avg|51: 377 119 48 21 10 4 1 
225619|Child_CrossABC2|2: 394 136 48 21 10 4 1 
225659|Survivor|1: 308 107 46 20 9 4 1 
225664|Child_LevyP2|10: 407 131 48 20 9 4 1 
225715|Child_Cross12|17: 396 126 51 23 10 4 1 
225772|Child_Cross12|33: 357 105 47 24 9 4 1 
225776|Child_Levy|28|Mutated: 363 142 45 23 10 4 1 
225795|Child_CrossABC1|7: 361 144 45 23 10 4 1 
225809|Child_CrossABC2|2: 352 141 45 23 10 4 1 
225819|Survivor|1: 354 139 45 23 10 4 1 
225842|Survivor|1: 371 137 53 27 10 4 1 
225858|Child_Avg|59: 408 123 46 24 9 4 1 
225918|Survivor|1: 354 128 43 20 9 4 1 
225947|Survivor|1: 443 128 54 24 11 4 1 
225973|Survivor|1: 380 121 49 21 10 4 1 
225977|Survivor|1: 357 107 49 21 10 4 1 
225978|Child_CrossABC1|7: 358 109 52 20 9 4 1 
225979|Child_Avg|55: 355 116 46 20 9 4 1 
226064|Child_Avg|27: 409 157 70 24 9 4 1 
226068|Child_Avg|43: 392 141 59 24 9 4 1 
226080|Child_Cross21|38: 405 126 53 24 9 4 1 
226085|Child_Cross12|9: 407 145 50 24 9 4 1 
226154|Child_Cross12|1: 386 140 54 25 10 4 1 
226157|Survivor|1: 392 144 53 27 10 4 1 
226161|Child_CrossABC2|8: 389 144 56 27 10 4 1 
226183|Child_Avg|19: 402 157 56 25 9 4 1 
226186|Child_CrossABC1|7: 458 157 56 25 9 4 1 
226193|Child_CrossABC2|8: 446 133 56 25 9 4 1 
226281|Child_Cross12|33: 596 173 56 25 9 4 1 
226283|Child_Avg|27: 574 164 55 24 9 4 1 
226286|Survivor|1: 512 164 67 24 9 4 1 
226287|Child_Avg|19: 571 164 62 24 9 4 1 
226291|Child_CrossABC2|2: 584 136 55 24 9 4 1 
226302|Child_CrossABC2|8: 432 135 47 24 9 4 1 
226309|Child_CrossABC1|7: 471 130 46 24 9 4 1 
226318|Child_CrossABC1|1: 457 130 46 24 9 4 1 
226321|Child_CrossABC2|2: 453 130 46 24 9 4 1 
226343|Child_Cross12|33: 454 131 43 24 9 4 1 
226363|Child_Levy|20: 405 117 47 21 10 4 1 
226370|Survivor|1: 393 120 47 25 9 4 1 
226479|Child_CrossABC1|7: 438 139 53 24 9 4 1 
226500|Survivor|1: 340 121 52 24 9 4 1 
226505|Child_CrossABC2|2: 382 145 55 24 9 4 1 
226509|Survivor|1: 385 162 56 24 9 4 1 
226511|Survivor|1: 390 138 49 21 10 4 1 
226514|Child_Cross12|5: 381 153 53 24 9 4 1 
226517|Child_CrossABC2|8|Mutated: 376 151 52 24 9 4 1 
226537|Child_CrossABC2|8: 387 133 44 24 9 4 1 
226579|Survivor|1: 445 126 47 24 9 4 1 
226583|Child_CrossABC1|1: 440 132 59 24 9 4 1 
226598|Survivor|1: 448 123 47 24 9 4 1 
226648|Child_CrossABC2|2: 602 159 68 24 9 4 1 
226652|Child_Cross12|1: 527 187 55 24 9 4 1 
226659|Child_CrossABC1|7: 432 153 49 24 9 4 1 
226662|Child_CrossABC1|7: 433 132 53 24 9 4 1 
226664|Child_CrossABC1|1: 437 126 49 24 9 4 1 
226670|Child_CrossABC1|7: 457 135 55 24 9 4 1 
226678|Child_Cross21|26|Mutated: 459 136 55 24 9 4 1 
226791|Survivor|1: 663 192 58 24 9 4 1 
226795|Child_Levy|36: 615 169 52 24 9 4 1 
226800|Survivor|1: 364 103 49 21 10 4 1 
226827|Child_CrossABC1|1|Mutated: 381 150 52 24 9 4 1 
226829|Child_CrossABC1|7: 432 135 52 24 9 4 1 
226844|Child_Cross12|1|Mutated: 457 132 59 24 9 4 1 
226846|Survivor|1: 406 132 53 24 9 4 1 
226856|Child_Cross12|29: 447 128 46 24 9 4 1 
226857|Child_CrossABC1|7: 407 139 55 24 9 4 1 
226918|Survivor|1|Mutated: 447 134 53 24 9 4 1 
226927|Survivor|1: 385 114 50 24 9 4 1 
226931|Survivor|1: 411 114 49 24 9 4 1 
227013|Survivor|1: 370 116 43 24 9 4 1 
227014|Child_CrossABC2|8: 376 116 43 24 9 4 1 
227076|Survivor|1: 387 116 50 24 9 4 1 
227085|Child_Cross12|33: 422 119 49 24 9 4 1 
227107|Child_CrossABC2|8: 364 141 46 24 9 4 1 
227111|Child_CrossABC1|1: 403 155 46 24 9 4 1 
227113|Survivor|1: 376 145 50 24 9 4 1 
227115|Child_Cross12|53: 401 154 46 20 9 4 1 
227117|Child_Cross21|42: 401 154 46 24 9 4 1 
227119|Child_CrossABC2|2: 395 166 49 24 9 4 1 
227125|Child_CrossABC1|7: 392 145 44 24 9 4 1 
227149|Child_LevyP2|10|Mutated: 395 143 45 23 10 4 1 
227190|Child_Avg|15: 386 142 43 24 9 4 1 
227253|Child_Cross12|1: 386 125 47 24 9 4 1 
227256|Child_Cross12|29: 364 131 45 21 10 4 1 
227276|Survivor|1: 390 129 45 23 10 4 1 
227338|Survivor|1: 447 154 46 24 9 4 1 
227341|Child_CrossABC2|8: 391 154 46 24 9 4 1 
227367|Child_Levy|32: 610 175 51 23 10 4 1 
227410|Child_CrossABC1|7: 376 110 53 24 9 4 1 
227418|Child_Cross21|10: 365 108 50 24 9 4 1 
227421|Child_Cross21|42: 368 108 49 24 9 4 1 
227431|Child_Cross21|38: 365 108 49 24 9 4 1 
227437|Child_Cross12|21: 359 109 49 24 9 4 1 
227450|Child_Cross12|25: 368 117 49 24 9 4 1 
227453|Child_Cross21|6: 355 108 49 24 9 4 1 
227478|Child_CrossABC2|2: 327 131 52 24 9 4 1 
227497|Survivor|1: 316 130 55 24 9 4 1 
227499|Child_Avg|19: 437 155 64 24 9 4 1 
227506|Survivor|1: 370 145 61 24 9 4 1 
227548|Child_Avg|23: 473 136 61 23 10 4 1 
227553|Child_CrossABC2|8: 409 132 58 23 10 4 1 
227564|Child_Avg|55: 404 119 51 23 10 4 1 
227567|Survivor|1: 387 137 54 23 10 4 1 
227625|Survivor|1: 391 108 44 19 10 4 1 
227651|Survivor|1: 537 147 56 27 10 4 1 
227681|Child_Levy|4: 555 169 62 29 10 4 1 
227701|Child_Cross12|25: 448 143 52 24 9 4 1 
227705|Child_CrossABC1|1: 478 149 61 24 9 4 1 
227734|Child_CrossABC2|8: 423 121 47 24 9 4 1 
227841|Child_LevyP1|9: 455 137 43 24 9 4 1 
227857|Child_CrossABC2|8: 424 133 46 24 9 4 1 
227861|Child_CrossABC1|1: 434 159 50 24 9 4 1 
227888|Survivor|1: 419 121 46 20 9 4 1 
227897|Survivor|1: 416 114 43 20 9 4 1 
227915|Child_Levy|56: 322 109 44 19 10 4 1 
227921|Survivor|1: 289 111 52 20 9 4 1 
228007|Child_CrossABC1|1|Mutated: 358 105 44 19 10 4 1 
228049|Child_Cross12|33: 536 195 55 24 9 4 1 
228052|Child_Cross12|57: 402 140 54 23 10 4 1 
228056|Child_Levy|20: 413 119 54 23 10 4 1 
228099|Child_Avg|19: 414 124 47 23 10 4 1 
228118|Child_Cross21|18: 408 119 44 23 10 4 1 
228133|Child_Cross12|53: 400 119 44 23 10 4 1 
228154|Child_LevyABC1|5: 437 156 59 24 9 4 1 
228181|Child_CrossABC2|8: 400 123 56 24 9 4 1 
228205|Child_CrossABC2|8: 416 126 61 24 9 4 1 
228220|Child_Avg|23: 411 126 44 24 9 4 1 
228261|Survivor|1: 318 117 49 24 9 4 1 
228319|Survivor|1: 495 145 52 27 10 4 1 
228332|Survivor|1: 396 133 52 24 9 4 1 
228435|Child_Avg|27: 353 142 62 24 9 4 1 
228436|Child_CrossABC2|8: 530 157 66 27 10 4 1 
228440|Child_Cross21|22: 376 134 55 23 10 4 1 
228441|Child_Avg|15: 373 129 53 24 9 4 1 
228452|Survivor|1: 373 111 47 25 9 4 1 
228522|Survivor|1: 439 121 52 20 9 4 1 
228599|Child_Avg|35: 385 163 57 23 10 4 1 
228603|Survivor|1: 413 143 52 20 9 4 1 
228668|Child_CrossABC1|7: 459 186 61 24 9 4 1 
228735|Child_Avg|7: 443 136 59 27 10 4 1 
228753|Child_Cross21|26: 413 134 55 27 10 4 1 
228786|Child_CrossABC2|8: 403 125 44 24 9 4 1 
228806|Survivor|1: 388 135 43 24 9 4 1 
228849|Survivor|1: 360 172 59 21 10 4 1 
228851|Survivor|1: 458 129 51 23 10 4 1 
228853|Child_CrossABC2|2: 393 148 55 23 10 4 1 
228857|Child_Avg|23: 449 134 50 24 9 4 1 
228860|Child_CrossABC1|1: 451 134 50 24 9 4 1 
228942|Survivor|1: 426 157 60 28 11 4 1 
228950|Survivor|1: 402 155 54 24 11 5 1 
228954|Child_Avg|39|Mutated: 427 152 57 23 10 4 1 
228977|Survivor|1: 426 128 48 23 10 4 1 
228989|Survivor|1: 394 128 45 23 10 4 1 
229044|Survivor|1: 393 142 67 24 9 4 1 
229067|Child_CrossABC2|8: 404 132 61 24 9 4 1 
229069|Child_Cross21|34: 394 134 53 24 9 4 1 
229127|Survivor|1: 390 117 46 20 9 4 1 
229130|Child_CrossABC2|2: 406 117 46 20 9 4 1 
229194|Child_Cross12|29: 377 130 46 24 9 4 1 
229221|Child_CrossABC2|8: 401 149 44 24 9 4 1 
229234|Child_CrossABC1|7: 401 145 43 24 9 4 1 
229281|Survivor|1: 387 133 68 24 9 4 1 
229286|Child_CrossABC1|7: 389 126 64 24 9 4 1 
229291|Survivor|1: 410 126 53 25 9 4 1 
229308|Survivor|1: 410 132 53 25 10 4 1 
229390|Survivor|1: 357 118 45 23 10 4 1 
229400|Survivor|1: 372 128 45 23 10 4 1 
229411|Child_Avg|3|Mutated: 373 144 46 24 9 4 1 
229418|Child_Avg|15: 409 136 50 24 9 4 1 
229436|Survivor|1: 388 116 46 21 10 4 1 
229488|Child_Cross21|38: 372 139 49 24 9 4 1 
229491|Child_Avg|51: 446 126 55 24 9 4 1 
229493|Child_CrossABC2|8: 455 134 50 24 9 4 1 
229502|Survivor|1: 409 124 47 25 9 4 1 
229503|Child_CrossABC1|7: 399 131 44 24 9 4 1 
229513|Survivor|1: 381 118 44 23 10 4 1 
229543|Child_Cross12|29: 400 150 59 21 10 4 1 
229550|Survivor|1: 397 138 50 24 9 4 1 
229551|Child_CrossABC1|7: 360 145 52 24 9 4 1 
229553|Child_CrossABC2|8: 349 129 52 24 9 4 1 
229561|Child_Avg|23: 461 152 46 24 9 4 1 
229587|Survivor|1: 566 207 73 29 10 4 1 
229601|Child_Cross12|21: 462 177 52 24 9 4 1 
229607|Child_Avg|11: 327 135 55 24 9 4 1 
229609|Survivor|1: 420 137 51 23 10 4 1 
229614|Child_Cross21|10: 365 149 47 24 9 4 1 
229626|Child_CrossABC2|8: 375 115 49 21 10 4 1 
229663|Survivor|1: 431 164 70 21 10 4 1 
229671|Survivor|1: 389 112 47 21 10 4 1 
229678|Survivor|1: 395 148 66 27 10 4 1 
229692|Child_Cross12|17: 369 131 56 27 10 4 1 
229693|Child_Avg|15: 379 146 55 24 9 4 1 
229703|Child_Avg|19: 385 149 56 24 9 4 1 
229709|Child_CrossABC1|1: 360 142 53 24 9 4 1 
229725|Survivor|1: 363 138 49 24 9 4 1 
229733|Survivor|1: 347 132 53 24 9 4 1 
229738|Child_CrossABC1|1: 326 135 58 24 9 4 1 
229744|Child_CrossABC1|7: 347 121 46 24 9 4 1 
229781|Child_CrossABC2|2: 403 117 53 24 9 4 1 
229787|Child_CrossABC2|2: 426 125 52 24 9 4 1 
229793|Child_Avg|39: 422 124 53 24 9 4 1 
229799|Child_CrossABC2|2: 449 132 43 24 9 4 1 
229811|Child_Cross21|2: 450 134 51 23 10 4 1 
229818|Survivor|1: 430 153 48 23 10 4 1 
229833|Child_Cross12|53: 382 140 45 23 10 4 1 
229851|Child_Avg|7: 393 128 57 21 10 4 1 
229880|Survivor|1: 548 184 67 30 9 4 1 
229881|Child_Avg|39: 469 147 55 29 10 4 1 
229978|Survivor|1: 439 140 52 27 10 4 1 
229983|Child_CrossABC1|7: 439 137 54 23 10 4 1 
230073|Survivor|1: 415 118 47 25 9 4 1 
230159|Survivor|1: 443 145 53 27 10 4 1 
230188|Child_Cross21|54: 398 134 47 24 9 4 1 
230202|Child_CrossABC1|1: 437 126 51 23 10 4 1 
230290|Child_Avg|59: 515 140 50 24 9 4 1 
230293|Child_Levy|60: 463 131 54 24 11 4 1 
230294|Child_Levy|28: 605 141 64 24 9 4 1 
230302|Child_CrossABC1|1: 554 143 65 27 10 4 1 
230318|Survivor|1: 678 149 69 27 10 4 1 
230322|Child_Avg|35: 425 133 62 25 10 4 1 
230326|Child_Avg|27: 462 132 57 23 10 4 1 
230333|Child_CrossABC2|8: 458 129 57 23 10 4 1 
230345|Child_Avg|31: 439 121 55 24 9 4 1 
230348|Child_Avg|11: 367 115 53 24 9 4 1 
230349|Child_Avg|23: 367 114 53 24 9 4 1 
230400|Survivor|1: 373 150 55 24 9 4 1 
230434|Child_CrossABC1|7: 404 123 61 23 10 4 1 
230483|Child_Cross12|57: 321 118 43 24 9 4 1 
230508|Child_Cross21|30: 353 123 43 24 9 4 1 
230586|Child_Levy|40: 468 178 57 21 10 4 1 
230588|Child_Cross12|25: 363 116 44 21 10 4 1 
230592|Child_Cross21|10: 382 111 46 21 10 4 1 
230650|Survivor|1: 392 133 54 20 9 4 1 
230654|Survivor|1: 392 135 57 20 9 4 1 
230656|Child_CrossABC2|2: 391 150 52 20 9 4 1 
230658|Survivor|1: 391 133 46 20 9 4 1 
230707|Child_CrossABC1|1: 386 168 54 23 10 4 1 
230709|Child_CrossABC2|2: 385 152 59 24 9 4 1 
230711|Child_Avg|51: 381 146 56 24 9 4 1 
230714|Child_Cross12|5: 454 139 55 24 9 4 1 
230719|Child_CrossABC1|7: 386 137 53 24 9 4 1 
230721|Child_Levy|60: 415 141 52 24 9 4 1 
230725|Child_CrossABC1|1: 381 152 49 24 9 4 1 
230733|Child_Cross21|46: 392 144 47 24 9 4 1 
230735|Survivor|1: 395 157 46 24 9 4 1 
230740|Child_Avg|19|Mutated: 395 148 46 24 9 4 1 
230751|Survivor|1: 359 142 50 24 9 4 1 
230768|Child_Avg|11: 442 135 46 24 9 4 1 
230818|Child_Cross21|22: 406 130 49 21 10 4 1 
230846|Child_Levy|32: 396 128 50 21 10 4 1 
230848|Child_Cross21|38: 394 125 49 21 10 4 1 
230860|Child_CrossABC2|2: 387 125 49 21 10 4 1 
230908|Child_Avg|55: 453 129 51 23 10 4 1 
230932|Child_Avg|35: 430 133 48 23 10 4 1 
230956|Survivor|1: 438 126 51 23 10 4 1 
230966|Child_Cross12|1: 453 174 62 30 11 5 1 
230981|Survivor|1: 393 144 49 24 9 4 1 
230983|Child_Avg|51: 385 133 47 21 10 4 1 
230987|Survivor|1: 391 134 45 21 10 4 1 
230994|Child_Cross21|46: 370 141 43 20 9 4 1 
230999|Child_CrossABC2|8: 359 134 46 20 9 4 1 
231004|Child_Cross21|54: 379 129 51 23 10 4 1 
231009|Child_CrossABC2|2: 303 122 54 23 10 4 1 
231025|Child_Cross12|21: 349 112 43 24 9 4 1 
231058|Child_Levy|24: 389 117 41 24 9 4 1 
231075|Child_Levy|32: 415 121 55 24 9 4 1 
231158|Child_Levy|28: 377 108 46 20 9 4 1 
231171|Survivor|1: 379 109 44 24 9 4 1 
231260|Child_CrossABC1|7: 366 151 52 24 9 4 1 
231264|Child_Avg|59|Mutated: 381 131 55 24 9 4 1 
231269|Child_CrossABC2|2: 363 135 52 24 9 4 1 
231271|Child_CrossABC1|7: 330 121 50 24 9 4 1 
231284|Child_Levy|52|Mutated: 385 140 54 23 10 4 1 
231312|Child_CrossABC2|8: 382 143 54 23 10 4 1 
231374|Survivor|1: 393 144 58 24 9 4 1 
231382|Survivor|1|Mutated: 369 144 55 24 9 4 1 
231474|Survivor|1: 408 123 46 20 9 4 1 
231484|Survivor|1: 399 120 43 20 9 4 1 
231520|Survivor|1: 366 108 41 19 10 4 1 
231608|Survivor|1: 387 114 43 24 9 4 1 
231612|Child_Avg|19: 614 146 59 24 9 4 1 
231642|Child_Avg|7: 451 141 61 24 9 4 1 
231644|Child_Cross12|13: 472 135 59 24 9 4 1 
231646|Survivor|1: 493 147 59 24 9 4 1 
231649|Child_CrossABC2|8: 480 149 52 24 9 4 1 
231662|Child_Cross12|33: 447 139 49 24 9 4 1 
231663|Child_Cross12|1: 447 128 49 24 9 4 1 
231669|Child_Cross21|30: 443 130 49 24 9 4 1 
231672|Child_Cross21|54: 412 116 49 24 9 4 1 
231698|Child_Levy|52: 376 121 47 23 10 4 1 
231718|Survivor|1: 388 137 52 24 9 4 1 
231762|Child_CrossABC2|2: 384 131 46 21 10 4 1 
231769|Survivor|1: 384 137 46 21 10 4 1 
231774|Child_CrossABC1|1: 400 111 51 23 10 4 1 
231848|Child_Levy|8: 394 146 49 21 10 4 1 
231860|Survivor|1: 393 119 45 23 10 4 1 
231861|Child_CrossABC1|7: 390 121 46 24 9 4 1 
231881|Survivor|1: 440 121 52 24 9 4 1 
231882|Child_CrossABC1|1: 400 119 55 24 9 4 1 
231886|Survivor|1: 400 113 53 24 9 4 1 
231897|Child_Cross12|29: 403 117 44 24 9 4 1 
231943|Survivor|1: 352 128 45 23 10 4 1 
231946|Child_CrossABC1|1: 353 123 47 23 10 4 1 
231952|Child_CrossABC1|7: 386 120 45 23 10 4 1 
231960|Survivor|1|Mutated: 387 119 45 21 10 4 1 
231968|Child_CrossABC2|2: 366 119 45 21 10 4 1 
231974|Child_Avg|11: 422 136 55 24 9 4 1 
232001|Survivor|1: 367 111 43 20 9 4 1 
232009|Survivor|1: 395 109 45 20 9 4 1 
232058|Survivor|1: 408 130 48 21 10 4 1 
232067|Survivor|1: 363 129 48 20 9 4 1 
232180|Child_CrossABC1|7: 362 114 49 24 9 4 1 
232181|Child_CrossABC1|7: 415 114 55 24 9 4 1 
232183|Child_CrossABC2|8: 369 111 55 24 9 4 1 
232204|Survivor|1: 401 117 57 23 10 4 1 
232220|Survivor|1: 385 128 53 24 9 4 1 
232224|Child_CrossABC1|1: 389 130 55 24 9 4 1 
232241|Survivor|1|Mutated: 456 125 47 23 10 4 1 
232300|Survivor|1: 399 120 44 23 10 4 1 
232329|Survivor|1: 326 119 49 24 9 4 1 
232347|Survivor|1: 330 125 54 19 10 4 1 
232354|Survivor|1: 341 122 53 19 10 4 1 
232355|Child_Cross21|30: 334 123 51 19 10 4 1 
232359|Child_Avg|23: 374 142 57 20 9 4 1 
232390|Child_Cross21|42: 314 118 41 19 10 4 1 
232507|Survivor|1: 390 117 43 24 9 4 1 
232526|Survivor|1: 444 131 55 27 10 4 1 
232596|Survivor|1: 420 179 50 24 9 4 1 
232647|Child_LevyABC2|12: 401 155 52 24 9 4 1 
232669|Survivor|1: 332 131 49 24 9 4 1 
232673|Survivor|1: 355 132 49 24 9 4 1 
232724|Child_Levy|44: 398 154 57 23 10 4 1 
232729|Child_Cross21|46: 388 128 45 23 10 4 1 
232743|Child_CrossABC1|7|Mutated: 386 125 49 21 10 4 1 
232745|Child_CrossABC1|1: 386 123 47 21 10 4 1 
232794|Child_CrossABC1|1: 414 131 48 29 9 4 1 
232799|Child_CrossABC1|7: 417 132 52 29 9 4 1 
232806|Survivor|1: 387 116 49 25 10 4 1 
232848|Child_CrossABC1|7: 413 160 53 24 9 4 1 
232854|Child_CrossABC2|2: 457 159 59 24 9 4 1 
232862|Survivor|1: 409 141 48 21 10 4 1 
232876|Child_CrossABC1|1: 423 121 52 24 9 4 1 
232940|Child_Avg|39: 449 152 49 24 9 4 1 
232968|Survivor|1: 410 129 49 21 10 4 1 
232976|Survivor|1: 448 136 56 25 9 4 1 
232979|Child_Cross12|21: 448 136 56 21 10 4 1 
232990|Child_CrossABC2|8: 357 136 56 21 10 4 1 
233002|Child_CrossABC1|7: 364 136 56 21 10 4 1 
233023|Child_CrossABC2|8: 360 131 43 20 9 4 1 
233037|Child_Cross21|26|Mutated: 391 127 52 20 9 4 1 
233096|Survivor|1: 360 127 47 25 9 4 1 
233144|Child_CrossABC1|1: 452 123 52 24 9 4 1 
233175|Survivor|1: 379 146 48 21 10 4 1 
233239|Child_CrossABC2|8: 370 107 43 20 9 4 1 
233283|Child_Avg|51: 448 162 53 24 9 4 1 
233285|Child_Avg|39: 394 124 47 23 10 4 1 
233286|Child_CrossABC1|7: 464 125 47 23 10 4 1 
233289|Child_CrossABC1|7|Mutated: 445 126 51 23 10 4 1 
233324|Survivor|1: 375 127 47 24 9 4 1 
233358|Child_Cross21|34: 456 171 47 23 10 4 1 
233377|Child_Cross12|53: 405 118 55 23 10 4 1 
233384|Survivor|1: 458 155 52 24 9 4 1 
233390|Child_Cross12|45: 418 143 49 24 9 4 1 
233394|Child_CrossABC2|2: 421 147 47 24 9 4 1 
233437|Survivor|1|Mutated: 350 121 45 23 10 4 1 
233450|Survivor|1: 422 129 44 24 9 4 1 
233538|Survivor|1: 389 112 43 24 9 4 1 
233560|Child_CrossABC2|8|Mutated: 363 111 52 24 9 4 1 
233562|Survivor|1: 376 105 50 24 9 4 1 
233578|Survivor|1: 363 104 43 24 9 4 1 
233618|Child_CrossABC1|1: 360 126 55 24 9 4 1 
233627|Survivor|1: 364 136 53 24 9 4 1 
233644|Child_Cross12|37: 407 126 59 24 9 4 1 
233645|Child_Avg|59: 466 135 58 24 9 4 1 
233646|Child_Cross21|6: 454 126 59 24 9 4 1 
233648|Child_CrossABC2|2: 413 127 58 24 9 4 1 
233650|Child_Cross12|49: 443 129 53 24 9 4 1 
233717|Survivor|1: 538 176 49 24 9 4 1 
233719|Survivor|1: 458 165 46 24 9 4 1 
233729|Child_Cross21|58: 445 131 43 24 9 4 1 
233734|Child_CrossABC1|1: 443 136 43 24 9 4 1 
233737|Child_CrossABC1|1: 449 129 50 24 9 4 1 
233789|Survivor|1: 445 124 43 20 9 4 1 
233800|Survivor|1: 347 153 62 24 9 4 1 
233810|Survivor|1: 369 138 55 24 9 4 1 
233844|Survivor|1: 346 123 46 24 9 4 1 
233852|Child_Avg|23: 436 125 55 27 10 4 1 
233882|Child_Cross21|2: 405 112 39 21 10 4 1 
233914|Survivor|1: 353 126 51 19 10 4 1 
233930|Survivor|1: 351 123 50 19 10 4 1 
233932|Child_CrossABC2|2: 355 123 51 19 10 4 1 
233935|Child_CrossABC2|2: 357 123 51 19 10 4 1 
234018|Survivor|1: 464 141 54 19 10 4 1 
234021|Child_Avg|55|Mutated: 430 121 52 19 10 4 1 
234026|Child_CrossABC2|2: 405 164 51 19 10 4 1 
234028|Child_Avg|11: 401 113 45 19 10 4 1 
234063|Child_Levy|24: 334 129 49 24 9 4 1 
234066|Child_Avg|27: 377 135 46 24 9 4 1 
234067|Child_CrossABC2|2: 326 121 50 24 9 4 1 
234088|Survivor|1: 363 127 41 19 10 4 1 
234119|Survivor|1: 363 160 58 23 10 4 1 
234126|Child_Avg|39: 369 144 51 23 10 4 1 
234130|Child_Cross21|54: 376 147 51 23 10 4 1 
234134|Child_CrossABC2|8: 377 160 54 23 10 4 1 
234164|Child_Avg|3|Mutated: 349 140 49 24 9 4 1 
234168|Child_CrossABC1|7: 329 135 46 24 9 4 1 
234172|Child_CrossABC2|2|Mutated: 350 123 46 24 9 4 1 
234181|Child_CrossABC2|2: 450 129 44 24 9 4 1 
234191|Child_Avg|11: 450 130 61 24 9 4 1 
234198|Survivor|1: 413 133 53 24 9 4 1 
234205|Child_Avg|39: 461 182 58 24 9 4 1 
234244|Child_CrossABC1|1: 365 111 47 23 10 4 1 
234275|Child_Avg|39: 341 143 49 21 10 4 1 
234277|Child_Cross12|9|Mutated: 450 142 49 21 10 4 1 
234283|Child_Avg|55: 379 124 44 19 10 4 1 
234285|Child_Levy|44: 440 139 52 24 9 4 1 
234295|Child_CrossABC2|2: 437 138 59 24 9 4 1 
234352|Child_Cross21|38: 505 141 67 23 10 4 1 
234361|Child_Avg|7: 526 135 57 23 10 4 1 
234363|Child_Cross12|37: 395 117 54 23 10 4 1 
234393|Child_Cross12|17: 419 123 47 23 10 4 1 
234434|Child_Avg|47: 354 121 45 21 10 4 1 
234456|Survivor|1: 388 113 43 24 9 4 1 
234557|Child_CrossABC1|1: 405 122 52 20 9 4 1 
234571|Survivor|1: 400 127 57 20 9 4 1 
234575|Survivor|1: 419 126 57 20 9 4 1 
234615|Child_Cross12|13: 312 109 41 19 10 4 1 
234644|Child_Avg|55: 409 117 52 24 9 4 1 
234645|Child_Avg|59: 420 149 52 24 9 4 1 
234649|Survivor|1: 401 138 50 24 9 4 1 
234650|Child_CrossABC1|7: 443 140 50 24 9 4 1 
234669|Child_Avg|23: 381 129 56 24 9 4 1 
234683|Child_CrossABC2|8|Mutated: 424 126 65 24 9 4 1 
234685|Child_Avg|39: 419 124 45 21 10 4 1 
234794|Survivor|1: 434 117 46 24 9 4 1 
234815|Child_CrossABC1|7: 442 140 49 25 10 4 1 
234848|Child_LevyABC1|5: 379 138 47 23 10 4 1 
234852|Child_Cross12|33: 392 136 47 23 10 4 1 
234858|Child_CrossABC1|7: 383 150 47 23 10 4 1 
234867|Child_CrossABC1|1: 396 157 47 23 10 4 1 
234871|Child_Avg|15: 393 142 45 23 10 4 1 
234877|Child_Cross21|10: 389 143 44 23 10 4 1 
234899|Child_Cross21|26: 373 140 44 23 10 4 1 
234908|Survivor|1: 402 140 44 23 10 4 1 
234915|Survivor|1: 389 135 52 29 10 4 1 
234916|Child_Avg|35: 398 137 47 24 9 4 1 
234923|Child_CrossABC1|7: 363 146 56 24 9 4 1 
234925|Child_CrossABC2|2: 349 129 50 24 9 4 1 
234938|Child_CrossABC1|1: 381 142 55 24 9 4 1 
234940|Child_CrossABC2|8: 386 143 58 24 9 4 1 
234968|Survivor|1|Mutated: 391 140 52 24 9 4 1 
234986|Child_CrossABC1|1: 392 133 52 24 9 4 1 
235000|Child_CrossABC1|1: 376 121 46 24 9 4 1 
235043|Survivor|1: 401 122 45 19 10 4 1 
235089|Child_Levy|12: 438 141 58 24 9 4 1 
235091|Survivor|1: 433 160 46 20 9 4 1 
235099|Survivor|1: 421 130 45 21 10 4 1 
235106|Child_Cross12|9: 428 127 45 21 10 4 1 
235107|Child_Cross12|37|Mutated: 446 137 45 21 10 4 1 
235110|Child_Avg|7: 433 127 45 21 10 4 1 
235207|Child_LevyABC2|6: 457 150 52 24 9 4 1 
235224|Survivor|1: 385 111 47 24 9 4 1 
235345|Random|13: 622 170 55 24 9 4 1 
235347|Survivor|1|Mutated: 622 153 55 20 9 4 1 
235348|Child_Levy|16: 376 113 47 21 10 4 1 
235352|Child_LevyP1|9: 403 119 44 24 9 4 1 
235399|Child_Cross12|45: 361 130 43 20 9 4 1 
235485|Child_Avg|55: 570 169 67 23 10 4 1 
235489|Child_Avg|19: 309 111 48 20 9 4 1 
235517|Survivor|1: 358 147 52 24 9 4 1 
235532|Child_CrossABC2|2: 400 121 46 24 9 4 1 
235566|Child_CrossABC1|7: 394 114 49 24 9 4 1 
235640|Survivor|1: 537 187 63 27 10 4 1 
235657|Survivor|1: 438 101 43 20 9 4 1 
235738|Child_Levy|44: 400 122 56 25 9 4 1 
235810|Survivor|1: 351 133 47 23 10 4 1 
235818|Survivor|1: 360 124 47 23 10 4 1 
235857|Survivor|1: 435 138 52 24 9 4 1 
235860|Child_Cross21|50: 451 145 47 23 10 4 1 
235861|Child_CrossABC1|7: 412 149 47 23 10 4 1 
235881|Survivor|1: 391 162 50 24 9 4 1 
235945|Child_CrossABC2|2: 403 123 47 25 10 4 1 
235950|Survivor|1: 398 123 46 24 9 4 1 
236056|Survivor|1: 378 109 47 23 10 4 1 
236063|Survivor|1: 363 112 47 23 10 4 1 
236115|Child_CrossABC2|2: 387 131 55 23 10 4 1 
236119|Child_CrossABC2|8: 398 106 51 23 10 4 1 
236151|Survivor|1: 382 115 44 23 10 4 1 
236258|Child_Avg|39: 394 113 47 23 10 4 1 
236318|Child_CrossABC1|7: 373 121 52 24 9 4 1 
236321|Survivor|1: 385 126 49 24 9 4 1 
236327|Survivor|1: 365 117 52 24 9 4 1 
236369|Survivor|1: 452 157 52 24 9 4 1 
236397|Survivor|1: 369 121 46 24 9 4 1 
236499|Child_Avg|43: 367 111 44 24 9 4 1 
236547|Child_CrossABC1|7|Mutated: 389 138 55 24 9 4 1 
236558|Survivor|1: 411 140 45 23 10 4 1 
236559|Child_Levy|28: 376 149 59 24 9 4 1 
236606|Child_Avg|47: 386 146 49 21 10 4 1 
236610|Survivor|1: 385 109 48 21 10 4 1 
236617|Child_Cross12|29: 378 111 46 21 10 4 1 
236682|Child_Avg|11: 576 163 62 27 10 4 1 
236684|Survivor|1: 370 149 48 23 10 4 1 
236688|Child_Levy|32: 392 145 48 20 9 4 1 
236694|Child_Avg|7: 391 136 46 20 9 4 1 
236838|Child_Avg|23: 383 143 50 24 9 4 1 
236943|Child_CrossABC1|1: 458 161 58 24 9 4 1 
236954|Child_LevyP1|3|Mutated: 378 107 54 23 10 4 1 
237028|Survivor|1: 390 108 48 23 10 4 1 
237038|Survivor|1: 400 122 48 23 10 4 1 
237043|Survivor|1: 378 115 47 23 10 4 1 
237054|Child_Avg|55: 386 118 45 23 10 4 1 
237085|Child_Cross12|37: 385 109 45 22 8 3 1 
237131|Survivor|1: 379 146 51 24 11 5 1 
237134|Survivor|1: 389 149 55 27 10 4 1 
237164|Survivor|1: 451 124 48 21 10 4 1 
237184|Child_CrossABC2|8|Mutated: 395 118 52 20 9 4 1 
237266|Survivor|1: 387 124 44 19 10 4 1 
237271|Child_CrossABC2|2: 386 143 47 21 10 4 1 
237287|Child_CrossABC1|7: 350 112 45 21 10 4 1 
237293|Survivor|1: 447 162 49 21 10 4 1 
237345|Survivor|1: 374 137 56 24 9 4 1 
237350|Child_Avg|15: 377 127 47 24 9 4 1 
237351|Child_Cross21|34: 386 128 49 24 9 4 1 
237366|Child_Levy|32: 483 143 57 23 10 4 1 
237410|Survivor|1: 316 113 43 24 9 4 1 
237425|Child_CrossABC2|8: 444 143 57 23 10 4 1 
237428|Child_CrossABC2|2: 398 127 57 21 10 4 1 
237441|Child_Avg|55: 368 131 48 21 10 4 1 
237463|Survivor|1: 302 125 43 20 9 4 1 
237488|Survivor|1: 322 125 43 20 9 4 1 
237494|Child_Cross12|57: 321 121 43 20 9 4 1 
237501|Child_Cross12|29: 315 122 43 20 9 4 1 
237524|Child_Cross21|42: 315 121 43 20 9 4 1 
237528|Child_Cross12|5: 318 118 43 20 9 4 1 
237535|Child_Cross21|10: 315 130 43 20 9 4 1 
237592|Child_CrossABC1|1: 360 131 58 23 10 4 1 
237599|Survivor|1: 358 161 54 23 10 4 1 
237618|Child_Cross21|34: 407 131 45 23 10 4 1 
237633|Child_Levy|56|Mutated: 405 119 51 19 10 4 1 
237653|Child_Avg|47: 391 127 41 19 10 4 1 
237685|Survivor|1|Mutated: 401 127 44 19 10 4 1 
237699|Survivor|1: 385 139 47 21 10 4 1 
237749|Child_CrossABC2|8: 361 112 43 19 10 4 1 
237769|Child_Cross21|6|Mutated: 364 105 44 19 10 4 1 
237775|Child_Cross12|57|Mutated: 363 106 41 19 10 4 1 
237822|Child_Cross21|50: 370 131 46 21 10 4 1 
237911|Survivor|1: 323 117 44 23 10 4 1 
237966|Survivor|1: 388 123 48 20 9 4 1 
237976|Survivor|1: 409 131 48 23 10 4 1 
237991|Survivor|1: 339 125 44 23 10 4 1 
238007|Survivor|1: 345 126 51 23 10 4 1 
238011|Child_CrossABC2|2: 349 126 47 23 10 4 1 
238074|Child_CrossABC1|1: 402 123 47 24 9 4 1 
238108|Child_CrossABC1|1: 647 153 58 24 9 4 1 
238114|Child_CrossABC1|1: 590 167 59 24 9 4 1 
238117|Child_Avg|11: 580 147 55 24 9 4 1 
238119|Child_Cross21|30: 454 131 52 24 9 4 1 
238124|Child_Cross12|25: 439 134 50 24 9 4 1 
238130|Survivor|1: 538 157 51 23 10 4 1 
238133|Child_Avg|7|Mutated: 435 122 47 23 10 4 1 
238188|Child_Avg|19: 419 118 50 24 9 4 1 
238189|Child_CrossABC2|2: 485 158 58 24 9 4 1 
238252|Survivor|1: 355 122 57 23 10 4 1 
238343|Survivor|1|Mutated: 406 133 43 24 9 4 1 
238380|Child_CrossABC1|1: 400 125 47 24 9 4 1 
238389|Child_Cross21|10: 418 118 44 23 10 4 1 
238397|Random|6: 367 135 55 24 9 4 1 
238422|Child_CrossABC1|1: 353 135 55 24 9 4 1 
238429|Child_Cross21|2|Mutated: 440 141 58 24 9 4 1 
238431|Child_CrossABC1|7: 408 135 55 24 9 4 1 
238441|Survivor|1: 430 137 55 24 9 4 1 
238483|Survivor|1: 395 109 44 19 10 4 1 
238488|Child_CrossABC1|1: 397 111 44 19 10 4 1 
238491|Child_CrossABC1|1: 389 109 45 20 9 4 1 
238505|Child_CrossABC2|2: 429 132 46 24 9 4 1 
238561|Child_CrossABC1|1: 399 123 52 24 9 4 1 
238627|Child_Avg|11: 480 165 54 28 11 4 1 
238651|Child_CrossABC1|1: 409 131 52 24 9 4 1 
238665|Child_CrossABC1|1: 413 132 61 24 9 4 1 
238675|Survivor|1: 392 129 49 24 9 4 1 
238705|Child_Levy|32|Mutated: 481 201 72 27 10 4 1 
238709|Child_CrossABC2|2: 533 154 69 27 10 4 1 
238718|Child_Cross21|26: 451 173 55 27 10 4 1 
238744|Child_CrossABC1|7: 437 142 55 27 10 4 1 
238772|Survivor|1: 410 142 45 21 10 4 1 
238783|Child_Levy|56: 436 131 54 19 10 4 1 
238809|Child_Cross12|13: 417 152 57 21 10 4 1 
238811|Survivor|1: 435 133 51 19 10 4 1 
238814|Child_CrossABC2|8: 417 131 51 19 10 4 1 
238818|Child_CrossABC1|1: 414 125 52 19 10 4 1 
238827|Survivor|1: 395 127 50 21 10 4 1 
238885|Child_Cross21|46: 423 118 41 19 10 4 1 
238908|Survivor|1: 420 147 62 27 10 4 1 
238911|Child_CrossABC2|2: 353 122 52 24 9 4 1 
238914|Child_Cross21|54: 379 122 52 24 9 4 1 
238923|Child_Cross21|30: 392 125 52 24 9 4 1 
238938|Child_Cross21|2: 398 145 46 24 9 4 1 
238951|Survivor|1: 413 148 46 24 9 4 1 
238992|Child_CrossABC1|1: 484 160 55 24 9 4 1 
238993|Child_CrossABC1|7: 612 160 55 24 9 4 1 
238996|Child_Cross12|41: 457 161 55 24 9 4 1 
239001|Child_CrossABC2|8: 557 161 55 24 9 4 1 
239003|Child_Avg|23: 514 152 55 24 9 4 1 
239004|Child_Cross12|25: 474 145 55 24 9 4 1 
239006|Child_Cross12|45: 515 153 53 24 9 4 1 
239020|Child_CrossABC1|7: 431 147 55 24 9 4 1 
239027|Child_Cross12|13: 371 119 49 24 9 4 1 
239096|Child_Levy|40: 417 146 47 24 9 4 1 
239097|Child_Cross12|13: 462 158 53 29 9 4 1 
239102|Survivor|1: 462 158 61 29 9 4 1 
239118|Child_Cross21|22: 395 135 47 24 9 4 1 
239135|Survivor|1: 440 123 43 24 9 4 1 
239170|Child_Avg|19: 438 178 55 24 9 4 1 
239179|Child_Cross12|53: 381 154 46 24 9 4 1 
239182|Child_Cross21|38: 361 154 46 24 9 4 1 
239191|Child_Avg|11: 397 152 46 24 9 4 1 
239196|Child_Cross21|38: 387 154 46 24 9 4 1 
239201|Child_Cross12|29: 379 154 46 24 9 4 1 
239208|Child_CrossABC1|7: 373 149 52 24 9 4 1 
239215|Child_Cross21|26: 399 146 44 24 9 4 1 
239216|Child_Cross12|13: 378 139 44 24 9 4 1 
239223|Child_Cross12|13: 396 147 43 24 9 4 1 
239237|Child_Avg|43|Mutated: 441 140 50 24 9 4 1 
239241|Child_Cross12|9: 391 145 43 19 10 4 1 
239253|Child_LevyABC1|5: 434 167 58 24 9 4 1 
239256|Child_Levy|20: 416 152 59 24 9 4 1 
239263|Child_Avg|23: 380 143 58 24 9 4 1 
239264|Child_CrossABC1|1: 393 156 59 24 9 4 1 
239265|Survivor|1|Mutated: 418 156 67 24 9 4 1 
239277|Child_Cross21|22: 393 125 56 24 9 4 1 
239285|Child_Cross12|33: 400 167 49 24 9 4 1 
239286|Child_Cross12|13: 368 142 51 19 10 4 1 
239337|Child_CrossABC2|2: 398 126 49 24 9 4 1 
239340|Child_Avg|23: 436 127 53 24 9 4 1 
239341|Child_Avg|3: 447 122 53 24 9 4 1 
239389|Survivor|1: 421 124 44 19 10 4 1 
239420|Survivor|1: 442 141 48 20 9 4 1 
239430|Survivor|1: 345 142 46 20 9 4 1 
239452|Survivor|1: 384 104 43 20 9 4 1 
239497|Child_Cross21|50: 371 145 45 21 10 4 1 
239510|Child_Cross21|22: 372 148 43 20 9 4 1 
239512|Child_Avg|19: 412 147 43 20 9 4 1 
239515|Child_Avg|15: 381 145 43 20 9 4 1 
239533|Child_Cross21|42: 378 145 43 20 9 4 1 
239550|Child_Cross21|18: 392 148 43 20 9 4 1 
239579|Child_Cross21|26: 360 111 43 20 9 4 1 
239639|Survivor|1: 320 121 46 24 9 4 1 
239654|Child_Avg|51|Mutated: 402 139 46 24 9 4 1 
239688|Survivor|1: 416 176 55 27 10 4 1 
239692|Survivor|1: 441 137 48 20 9 4 1 
239693|Child_CrossABC2|8: 421 141 49 24 9 4 1 
239740|Child_CrossABC1|7: 422 129 61 24 9 4 1 
239754|Child_Cross12|49: 398 127 52 24 9 4 1 
239755|Child_CrossABC2|8: 398 129 56 24 9 4 1 
239782|Child_CrossABC2|8: 395 126 52 24 9 4 1 
239784|Child_Cross12|57: 384 109 49 24 9 4 1 
239811|Child_CrossABC2|2: 452 141 52 24 9 4 1 
239817|Survivor|1|Mutated: 444 141 52 24 9 4 1 
239839|Child_CrossABC2|2: 375 137 49 24 9 4 1 
239913|Child_Avg|39: 360 127 41 19 10 4 1 
239919|Child_Cross21|46: 354 127 41 19 10 4 1 
239928|Child_Avg|59: 350 127 41 19 10 4 1 
239932|Child_Cross12|9: 353 127 41 19 10 4 1 
239947|Child_Avg|59: 349 122 51 19 10 4 1 
240009|Child_CrossABC2|8: 413 127 41 19 10 4 1 
240031|Child_Avg|11: 411 143 52 24 9 4 1 
240050|Child_CrossABC1|1: 391 166 50 24 9 4 1 
240139|Survivor|1|Mutated: 440 129 48 20 9 4 1 
240140|Child_CrossABC2|2: 448 131 46 20 9 4 1 
240160|Survivor|1: 385 109 45 20 9 4 1 
240163|Child_Avg|19: 359 107 43 20 9 4 1 
240193|Child_CrossABC1|1: 392 109 54 23 10 4 1 
240196|Survivor|1: 414 113 51 23 10 4 1 
240214|Survivor|1: 366 118 50 23 10 4 1 
240240|Child_CrossABC1|7: 420 114 49 24 9 4 1 
240289|Survivor|1: 392 125 46 20 9 4 1 
240290|Child_CrossABC1|7: 372 119 46 20 9 4 1 
240323|Survivor|1: 399 115 55 24 9 4 1 
240332|Survivor|1: 427 122 52 24 9 4 1 
240335|Child_CrossABC2|2: 433 122 52 24 9 4 1 
240339|Child_Avg|47: 430 126 47 24 9 4 1 
240446|Survivor|1: 393 165 49 24 9 4 1 
240447|Child_Avg|23: 512 181 60 23 10 4 1 
240448|Child_CrossABC1|7: 473 160 58 23 10 4 1 
240473|Child_CrossABC2|8: 401 145 47 23 10 4 1 
240521|Child_Avg|23: 517 151 67 24 9 4 1 
240525|Child_CrossABC1|7|Mutated: 567 174 64 24 9 4 1 
240568|Child_Cross21|2|Mutated: 382 120 52 19 10 4 1 
240570|Child_Cross12|45: 395 128 53 19 10 4 1 
240576|Survivor|1: 370 120 51 19 10 4 1 
240580|Survivor|1|Mutated: 368 125 51 19 10 4 1 
240582|Child_Cross21|18: 367 124 51 19 10 4 1 
240585|Survivor|1: 436 122 50 19 10 4 1 
240587|Child_Avg|47: 412 120 46 21 10 4 1 
240659|Child_CrossABC2|2: 412 110 43 20 9 4 1 
240667|Survivor|1: 411 114 50 21 10 4 1 
240677|Child_CrossABC1|1: 380 117 49 21 10 4 1 
240679|Child_CrossABC1|7: 436 117 49 21 10 4 1 
240683|Child_Cross21|46: 418 117 47 21 10 4 1 
240686|Survivor|1: 402 117 49 21 10 4 1 
240689|Child_CrossABC1|1: 401 119 59 21 10 4 1 
240696|Child_CrossABC2|2: 416 121 52 20 9 4 1 
240699|Child_CrossABC2|8: 396 122 59 20 9 4 1 
240764|Child_CrossABC2|8: 629 181 82 28 12 5 1 
240765|Child_Cross21|34: 512 164 69 27 10 4 1 
240769|Child_Cross12|21: 487 163 66 27 10 4 1 
240772|Child_Cross12|45: 455 157 62 27 10 4 1 
240782|Child_Cross21|42: 458 147 61 24 9 4 1 
240784|Child_Avg|47: 457 150 59 24 9 4 1 
240787|Child_Cross21|38: 422 139 58 24 9 4 1 
240788|Child_Cross12|57: 450 149 58 24 9 4 1 
240789|Child_Avg|27: 437 142 58 24 9 4 1 
240790|Child_CrossABC2|8: 461 156 59 24 9 4 1 
240791|Child_CrossABC2|2|Mutated: 437 159 58 24 9 4 1 
240794|Survivor|1: 477 149 52 24 9 4 1 
240796|Child_CrossABC2|8: 463 151 49 24 9 4 1 
240798|Child_CrossABC1|1: 468 130 49 24 9 4 1 
240800|Child_CrossABC2|2: 468 143 49 24 9 4 1 
240818|Child_Cross12|17: 423 131 47 24 9 4 1 
240889|Child_CrossABC2|2: 408 117 54 23 10 4 1 
240894|Child_Avg|11: 410 119 51 23 10 4 1 
240905|Child_Avg|47: 332 135 56 21 10 4 1 
240917|Child_Avg|7: 359 116 43 20 9 4 1 
240926|Child_LevyABC2|6|Mutated: 402 128 49 21 10 4 1 
240948|Child_Cross21|30|Mutated: 431 121 43 20 9 4 1 
241042|Survivor|1: 391 110 46 20 9 4 1 
241046|Survivor|1: 438 108 48 23 10 4 1 
241059|Survivor|1: 413 119 49 24 9 4 1 
241064|Child_CrossABC2|2: 423 123 43 24 9 4 1 
241137|Survivor|1: 393 143 45 19 10 4 1 
241151|Survivor|1: 578 176 59 27 10 4 1 
241152|Child_Avg|43|Mutated: 374 131 62 24 9 4 1 
241182|Child_CrossABC1|7: 387 103 43 19 10 4 1 
241220|Child_CrossABC1|1: 340 115 49 21 10 4 1 
241223|Child_CrossABC2|2: 338 117 49 21 10 4 1 
241230|Child_CrossABC2|2: 339 123 47 21 10 4 1 
241235|Child_Avg|47: 422 122 46 21 10 4 1 
241240|Child_Cross12|13: 406 122 46 21 10 4 1 
241242|Child_Cross21|46: 394 122 46 21 10 4 1 
241247|Survivor|1: 418 124 45 21 10 4 1 
241263|Child_Cross12|21: 383 116 45 21 10 4 1 
241300|Child_Avg|31: 467 135 60 23 10 4 1 
241304|Child_CrossABC2|8|Mutated: 472 139 59 24 9 4 1 
241313|Child_Avg|27: 443 136 55 24 9 4 1 
241317|Child_Avg|7: 411 135 52 24 9 4 1 
241451|Survivor|1: 423 129 44 24 9 4 1 
241459|Child_Levy|8: 409 111 43 20 9 4 1 
241493|Child_Avg|19: 334 130 43 20 9 4 1 
241560|Child_Avg|39: 493 158 60 23 10 4 1 
241610|Child_Avg|23: 348 126 54 19 10 4 1 
241614|Child_CrossABC1|7: 395 126 52 19 10 4 1 
241620|Survivor|1: 391 116 46 20 9 4 1 
241624|Child_Cross12|41: 412 118 47 21 10 4 1 
241669|Child_Avg|27: 388 111 43 20 9 4 1 
241731|Child_CrossABC2|2: 322 130 49 24 9 4 1 
241735|Survivor|1: 322 131 49 24 9 4 1 
241740|Survivor|1: 378 140 43 24 9 4 1 
241764|Survivor|1: 399 129 52 20 9 4 1 
241769|Child_CrossABC2|8: 401 129 57 20 9 4 1 
241771|Survivor|1|Mutated: 399 129 57 20 9 4 1 
241772|Child_Avg|7: 357 131 52 20 9 4 1 
241779|Survivor|1: 404 123 54 20 9 4 1 
241783|Child_Avg|11: 555 153 54 23 10 4 1 
241791|Survivor|1: 444 139 52 19 10 4 1 
241828|Child_Avg|15: 457 146 59 27 10 4 1 
241834|Survivor|1: 443 128 53 24 10 3 1 
241865|Child_Levy|24: 658 234 71 29 10 4 1 
241873|Survivor|1: 625 226 78 30 11 5 1 
241874|Child_Avg|3: 437 141 55 27 10 4 1 
241877|Child_Avg|55: 471 150 56 27 10 4 1 
241879|Survivor|1: 445 142 59 28 10 3 1 
241881|Child_Avg|39: 469 165 67 23 10 4 1 
241894|Survivor|1: 394 147 46 24 9 4 1 
242112|Child_LevyP1|9: 355 133 55 24 9 4 1 
242172|Survivor|1: 429 131 45 21 10 4 1 
242196|Survivor|1: 528 148 54 23 10 4 1 
242199|Survivor|1: 538 153 53 24 11 5 1 
242211|Child_CrossABC1|7: 402 125 51 19 10 4 1 
242245|Child_Cross12|21: 395 116 46 20 9 4 1 
242259|Child_Avg|7: 408 113 43 20 9 4 1 
242276|Child_Cross21|30|Mutated: 407 113 46 20 9 4 1 
242328|Child_Cross21|30: 383 128 41 19 10 4 1 
242335|Child_Cross12|1: 365 106 41 19 10 4 1 
242385|Survivor|1: 367 128 46 24 9 4 1 
242392|Child_Cross12|17: 404 115 47 23 10 4 1 
242394|Child_Cross12|25: 403 146 57 23 10 4 1 
242400|Child_CrossABC2|8: 442 146 57 23 10 4 1 
242407|Child_Cross21|2: 415 134 50 24 9 4 1 
242417|Survivor|1: 391 135 50 24 9 4 1 
242481|Survivor|1|Mutated: 458 126 49 24 9 4 1 
242488|Child_CrossABC2|2: 440 129 51 23 10 4 1 
242497|Survivor|1: 495 179 52 24 9 4 1 
242503|Child_CrossABC2|8: 448 187 54 23 10 4 1 
242506|Child_Cross12|17: 390 113 48 23 10 4 1 
242519|Child_CrossABC1|1: 422 123 46 24 9 4 1 
242585|Child_Cross12|45|Mutated: 431 132 49 24 9 4 1 
242634|Survivor|1: 420 130 49 24 9 4 1 
242651|Child_Avg|31|Mutated: 401 142 52 24 9 4 1 
242763|Survivor|1: 435 148 53 24 9 4 1 
242786|Survivor|1: 368 115 54 19 10 4 1 
242797|Survivor|1: 405 141 55 19 10 4 1 
242802|Child_Cross21|50: 406 138 47 23 10 4 1 
242804|Child_Cross21|42: 350 131 51 19 10 4 1 
242810|Child_Cross12|21: 350 131 51 23 10 4 1 
242811|Child_Cross12|37: 363 127 43 19 10 4 1 
242860|Survivor|1: 363 101 52 24 9 4 1 
242871|Survivor|1: 383 118 50 24 9 4 1 
242910|Survivor|1: 376 118 57 21 10 4 1 
242919|Child_CrossABC2|8: 381 116 49 21 10 4 1 
242923|Child_Cross12|41: 372 119 45 21 10 4 1 
242951|Child_Cross12|17: 445 144 56 27 10 4 1 
242952|Child_CrossABC2|2: 334 150 59 24 9 4 1 
242965|Child_Cross12|57|Mutated: 403 151 52 24 9 4 1 
242987|Child_Cross21|42: 396 153 55 24 9 4 1 
242996|Child_Avg|27: 438 166 61 24 9 4 1 
243007|Child_CrossABC1|1: 439 161 62 24 9 4 1 
243020|Child_CrossABC1|1: 440 165 68 24 9 4 1 
243022|Child_CrossABC1|1: 407 150 52 24 9 4 1 
243028|Child_CrossABC1|7: 408 163 52 24 9 4 1 
243118|Child_Avg|11: 420 148 56 25 9 4 1 
243121|Child_Avg|43: 410 150 49 24 9 4 1 
243134|Child_Levy|40: 389 153 46 20 9 4 1 
243140|Child_CrossABC2|8: 399 150 46 24 9 4 1 
243202|Child_CrossABC2|2: 392 141 45 23 10 4 1 
243205|Survivor|1: 454 156 49 24 9 4 1 
243210|Child_Cross21|54: 457 148 46 24 9 4 1 
243241|Child_CrossABC2|8: 406 134 43 20 9 4 1 
243268|Survivor|1: 400 145 43 20 9 4 1 
243302|Child_Levy|32|Mutated: 391 138 50 21 10 4 1 
243320|Child_Avg|35: 390 137 43 20 9 4 1 
243349|Child_Cross21|6: 369 160 56 25 9 4 1 
243384|Survivor|1: 399 121 55 24 9 4 1 
243405|Child_CrossABC2|8: 401 127 47 24 9 4 1 
243429|Child_CrossABC1|7: 408 128 49 21 10 4 1 
243436|Child_Avg|15: 386 147 59 24 9 4 1 
243443|Child_Cross21|10: 361 125 43 20 9 4 1 
243527|Child_CrossABC1|7: 410 119 52 20 9 4 1 
243528|Child_Cross21|6: 405 117 52 20 9 4 1 
243529|Child_CrossABC1|1: 405 119 52 20 9 4 1 
243603|Survivor|1: 381 107 52 24 9 4 1 
243669|Child_Cross21|42: 441 133 46 20 9 4 1 
243708|Child_CrossABC2|2: 392 130 49 24 9 4 1 
243713|Child_Levy|24: 351 155 56 24 9 4 1 
243717|Child_Cross12|21: 403 126 55 21 10 4 1 
243726|Child_CrossABC2|8: 407 125 55 21 10 4 1 
243727|Child_CrossABC1|7: 411 124 55 21 10 4 1 
243729|Child_CrossABC2|8: 409 124 55 21 10 4 1 
243755|Child_Cross12|37: 345 122 43 20 9 4 1 
243787|Survivor|1: 396 125 43 20 9 4 1 
243791|Child_Cross21|58: 398 131 43 24 9 4 1 
243838|Child_Cross12|17|Mutated: 427 133 49 24 9 4 1 
243900|Child_Avg|31: 344 128 47 21 10 4 1 
243903|Survivor|1: 387 119 44 23 10 4 1 
243907|Survivor|1: 387 120 44 23 10 4 1 
243924|Child_Avg|43: 391 145 50 24 9 4 1 
243930|Child_CrossABC2|2: 403 149 55 24 9 4 1 
243937|Child_Cross12|45: 385 137 55 24 9 4 1 
243938|Child_CrossABC2|2: 397 132 55 24 9 4 1 
243939|Child_CrossABC1|7: 387 143 50 24 9 4 1 
243946|Survivor|1: 362 135 50 24 9 4 1 
243948|Child_Cross21|14: 360 123 47 23 10 4 1 
243954|Child_Avg|35: 385 139 45 23 10 4 1 
243985|Child_Avg|35: 351 138 52 24 9 4 1 
243989|Child_CrossABC2|2: 373 141 53 24 9 4 1 
243991|Child_Avg|11: 365 143 49 24 9 4 1 
244006|Child_CrossABC1|1: 347 146 46 24 9 4 1 
244070|Child_Avg|55: 406 131 51 23 10 4 1 
244084|Survivor|1: 386 126 48 21 10 4 1 
244087|Child_Cross12|5: 394 127 46 21 10 4 1 
244170|Survivor|1: 471 145 68 21 10 4 1 
244171|Child_CrossABC2|2: 452 127 57 21 10 4 1 
244172|Child_Cross21|26: 403 122 49 21 10 4 1 
244218|Child_CrossABC1|7|Mutated: 407 117 52 20 9 4 1 
244265|Survivor|1: 343 138 52 24 9 4 1 
244321|Child_CrossABC1|7|Mutated: 397 139 64 24 9 4 1 
244324|Child_CrossABC1|1: 402 147 59 24 9 4 1 
244349|Child_Avg|55: 390 137 52 24 9 4 1 
244432|Child_Avg|39: 406 137 58 23 10 4 1 
244437|Survivor|1: 394 144 49 24 9 4 1 
244443|Survivor|1: 392 147 47 24 9 4 1 
244450|Child_CrossABC2|2: 400 131 53 24 9 4 1 
244461|Survivor|1: 365 128 47 24 9 4 1 
244498|Child_CrossABC2|8: 401 117 53 24 9 4 1 
244512|Child_Levy|4: 427 166 57 23 10 4 1 
244524|Survivor|1: 443 135 48 23 10 4 1 
244540|Survivor|1: 447 135 55 23 10 4 1 
244550|Child_Avg|31|Mutated: 435 126 47 23 10 4 1 
244584|Child_Cross12|13|Mutated: 404 125 52 19 10 4 1 
244649|Survivor|1: 315 125 54 23 10 4 1 
244652|Child_Cross21|10: 394 122 57 23 10 4 1 
244669|Child_Avg|31: 402 122 54 23 10 4 1 
244670|Child_CrossABC1|7: 399 122 54 23 10 4 1 
244671|Child_Cross12|9: 395 122 54 23 10 4 1 
244673|Child_Cross21|14: 369 133 54 23 10 4 1 
244674|Child_CrossABC1|1: 410 122 54 23 10 4 1 
244714|Child_CrossABC2|8: 404 122 47 23 10 4 1 
244718|Child_CrossABC2|8: 449 122 47 23 10 4 1 
244801|Survivor|1: 336 133 57 23 10 4 1 
244807|Child_Cross21|22: 377 129 57 23 10 4 1 
244810|Child_Cross21|22: 380 132 57 23 10 4 1 
244812|Child_CrossABC2|2: 378 133 57 23 10 4 1 
244817|Child_Cross21|26: 342 132 57 23 10 4 1 
244820|Child_CrossABC2|2: 354 132 57 23 10 4 1 
244822|Child_CrossABC1|1|Mutated: 387 132 57 23 10 4 1 
244856|Child_Cross12|33|Mutated: 365 130 55 23 10 4 1 
244863|Child_Cross12|57: 370 141 45 23 10 4 1 
244864|Child_CrossABC2|2: 358 129 45 23 10 4 1 
244865|Child_CrossABC2|8: 362 117 45 23 10 4 1 
244872|Child_CrossABC2|8: 364 141 44 23 10 4 1 
244901|Survivor|1: 353 134 41 23 8 3 1 
244902|Child_Levy|40: 419 179 62 19 10 4 1 
244907|Child_Cross12|21: 395 120 61 19 10 4 1 
244912|Survivor|1: 330 130 49 24 9 4 1 
244927|Survivor|1: 320 118 45 20 9 4 1 
244974|Survivor|1: 418 137 52 27 10 4 1 
244989|Child_Cross12|5: 486 134 52 19 10 4 1 
244991|Child_Avg|19: 482 142 49 24 9 4 1 
245006|Survivor|1: 422 181 71 23 10 4 1 
245011|Child_Levy|60: 401 138 47 23 10 4 1 
245038|Child_CrossABC1|1: 368 128 57 23 10 4 1 
245041|Survivor|1: 446 128 50 23 10 4 1 
245051|Survivor|1: 824 327 114 46 20 9 4 1 
245054|Survivor|1: 357 121 48 20 9 4 1 
245071|Child_Cross21|26: 363 124 43 20 9 4 1 
245075|Child_Cross21|30: 364 122 43 20 9 4 1 
245134|Child_Avg|31: 454 157 55 24 9 4 1 
245136|Child_Avg|7: 422 148 53 24 9 4 1 
245139|Survivor|1: 414 157 53 24 9 4 1 
245184|Child_LevyABC1|11: 426 132 55 24 9 4 1 
245188|Child_CrossABC1|7: 414 132 59 24 9 4 1 
245213|Child_Avg|27: 436 137 43 24 9 4 1 
245251|Child_Cross12|45: 345 125 54 23 10 4 1 
245272|Child_CrossABC1|1: 372 143 49 24 9 4 1 
245276|Child_CrossABC1|1: 375 138 53 24 9 4 1 
245288|Survivor|1: 382 145 50 24 9 4 1 
245339|Survivor|1: 549 166 58 23 10 4 1 
245340|Child_Avg|47: 358 125 58 23 10 4 1 
245343|Child_Cross12|45: 548 155 57 23 10 4 1 
245366|Survivor|1|Mutated: 604 142 57 23 10 4 1 
245435|Survivor|1: 422 133 50 24 9 4 1 
245478|Child_CrossABC2|8: 421 127 50 21 10 4 1 
245479|Child_CrossABC2|8: 409 124 51 19 10 4 1 
245500|Child_Avg|43: 371 140 46 20 9 4 1 
245543|Survivor|1: 390 118 43 19 10 4 1 
245546|Survivor|1: 385 119 46 21 10 4 1 
245557|Child_LevyABC1|11: 398 119 52 20 9 4 1 
245561|Child_CrossABC1|1: 410 123 59 20 9 4 1 
245566|Child_CrossABC2|2: 387 123 59 20 9 4 1 
245576|Child_CrossABC1|7: 389 123 51 19 10 4 1 
245593|Child_Avg|19: 383 117 43 19 10 4 1 
245658|Survivor|1: 469 140 50 24 9 4 1 
245771|Survivor|1: 405 118 50 24 9 4 1 
245849|Survivor|1: 507 146 46 24 9 4 1 
245873|Child_Cross12|9: 425 130 49 25 10 4 1 
245879|Survivor|1: 431 129 47 21 10 4 1 
245942|Survivor|1: 401 111 48 20 9 4 1 
245950|Survivor|1: 403 154 49 24 9 4 1 
245991|Child_CrossABC1|1: 439 147 62 24 9 4 1 
245993|Child_CrossABC1|1: 413 153 64 24 9 4 1 
245996|Survivor|1: 334 126 49 24 9 4 1 
245997|Child_Avg|19: 443 129 50 24 9 4 1 
246006|Survivor|1: 409 123 49 23 8 3 1 
246008|Survivor|1: 426 127 50 21 10 4 1 
246018|Survivor|1: 432 131 48 20 9 4 1 
246063|Child_Cross12|21: 381 121 43 24 9 4 1 
246076|Survivor|1: 385 122 52 24 9 4 1 
246084|Survivor|1: 383 129 50 24 9 4 1 
246085|Child_CrossABC2|8: 382 133 52 24 9 4 1 
246092|Survivor|1|Mutated: 391 133 52 24 9 4 1 
246210|Child_Cross12|9: 399 119 45 23 10 4 1 
246241|Survivor|1: 381 118 58 24 9 4 1 
246252|Child_CrossABC2|2|Mutated: 464 166 49 24 9 4 1 
246341|Child_CrossABC2|2: 396 113 44 24 9 4 1 
246369|Child_CrossABC2|8: 388 139 61 24 9 4 1 
246374|Survivor|1: 388 133 55 24 9 4 1 
246375|Child_Cross12|41: 394 122 55 23 10 4 1 
246383|Child_CrossABC1|1: 327 122 52 24 9 4 1 
246407|Child_CrossABC2|8: 432 131 50 24 9 4 1 
246411|Child_CrossABC1|1: 430 129 52 24 9 4 1 
246421|Child_CrossABC2|8: 367 169 64 24 9 4 1 
246422|Child_Cross12|45: 423 135 49 24 9 4 1 
246465|Child_Levy|60|Mutated: 407 117 43 19 10 4 1 
246474|Child_Avg|3: 405 118 45 20 9 4 1 
246522|Child_Cross12|1|Mutated: 644 146 47 23 10 4 1 
246523|Child_CrossABC2|8: 429 134 53 24 9 4 1 
246538|Child_CrossABC2|8: 409 109 49 24 9 4 1 
246540|Survivor|1: 488 126 51 23 10 4 1 
246556|Child_Avg|15: 556 163 62 27 10 4 1 
246561|Survivor|1: 451 143 51 24 11 4 1 
246576|Child_Levy|20: 379 117 54 23 10 4 1 
246586|Child_CrossABC1|1: 358 135 48 23 10 4 1 
246591|Child_CrossABC2|2: 434 122 47 23 10 4 1 
246595|Child_CrossABC1|1: 415 122 47 23 10 4 1 
246615|Child_Cross12|21: 467 157 47 23 10 4 1 
246664|Child_Levy|12: 487 181 52 24 9 4 1 
246705|Child_Cross12|1: 400 143 50 24 9 4 1 
246727|Child_CrossABC2|2: 404 141 59 24 9 4 1 
246736|Child_CrossABC2|8: 406 145 59 24 9 4 1 
246743|Survivor|1: 394 153 49 24 9 4 1 
246753|Child_Levy|32: 389 152 48 23 10 4 1 
246804|Child_Cross21|6: 478 139 52 24 9 4 1 
246814|Child_CrossABC2|8: 459 156 69 28 11 4 1 
246825|Survivor|1: 390 125 46 29 9 4 1 
246830|Child_Cross21|58: 397 128 45 23 10 4 1 
246831|Child_Cross21|2: 422 130 45 23 10 4 1 
246851|Child_CrossABC2|2: 420 125 58 23 10 4 1 
246853|Child_CrossABC2|8: 422 125 54 23 10 4 1 
246934|Child_Cross21|46|Mutated: 413 128 50 23 10 4 1 
247043|Survivor|1: 441 141 52 24 9 4 1 
247044|Child_CrossABC1|7: 406 147 62 24 9 4 1 
247058|Child_CrossABC1|1: 365 141 52 24 9 4 1 
247104|Survivor|1: 470 133 61 23 10 4 1 
247179|Child_Cross21|14: 410 117 45 23 10 4 1 
247195|Child_CrossABC2|8: 395 118 44 23 10 4 1 
247240|Child_CrossABC2|2: 367 112 49 24 9 4 1 
247258|Child_LevyP2|4: 398 116 55 23 10 4 1 
247263|Child_CrossABC1|7: 369 113 48 23 10 4 1 
247280|Survivor|1: 433 145 54 23 10 4 1 
247322|Survivor|1: 422 131 49 21 10 4 1 
247326|Child_CrossABC1|7: 419 130 48 21 10 4 1 
247330|Child_CrossABC2|2: 389 125 48 21 10 4 1 
247332|Child_CrossABC1|1: 401 131 49 21 10 4 1 
247339|Child_CrossABC1|7: 399 117 49 21 10 4 1 
247343|Child_CrossABC1|1: 414 134 49 21 10 4 1 
247346|Child_Avg|55: 393 118 47 21 10 4 1 
247350|Child_CrossABC1|1: 388 114 49 21 10 4 1 
247352|Child_Avg|51: 397 130 45 21 10 4 1 
247426|Survivor|1: 455 160 50 24 9 4 1 
247431|Survivor|1: 400 139 57 23 10 4 1 
247434|Child_Avg|39: 375 133 57 23 10 4 1 
247435|Child_Avg|23: 412 131 48 23 10 4 1 
247436|Child_CrossABC1|7: 385 135 60 23 10 4 1 
247458|Child_CrossABC1|1: 440 136 53 25 9 4 1 
247460|Survivor|1: 433 140 52 24 9 4 1 
247461|Child_CrossABC2|2: 467 131 52 24 9 4 1 
247489|Child_CrossABC1|1: 409 129 50 23 8 3 1 
247569|Child_CrossABC1|1: 436 132 53 24 9 4 1 
247597|Child_Avg|15: 369 119 44 24 9 4 1 
247602|Survivor|1|Mutated: 326 142 43 24 9 4 1 
247608|Survivor|1: 408 140 43 24 9 4 1 
247630|Child_Avg|31: 358 136 47 23 10 4 1 
247633|Child_CrossABC1|7: 356 137 47 23 10 4 1 
247634|Child_Avg|35: 363 148 47 23 10 4 1 
247636|Child_CrossABC2|2: 353 146 47 23 10 4 1 
247638|Survivor|1: 356 146 47 23 10 4 1 
247642|Survivor|1: 372 143 45 23 10 4 1 
247649|Survivor|1: 357 141 44 23 10 4 1 
247672|Child_Cross12|5: 387 132 46 24 9 4 1 
247680|Child_CrossABC1|1: 332 127 43 24 9 4 1 
247769|Survivor|1: 429 122 49 23 8 3 1 
247787|Survivor|1: 352 118 45 23 10 4 1 
247791|Child_Avg|15: 334 120 44 23 10 4 1 
247833|Child_Cross12|9: 392 136 47 24 9 4 1 
247959|Child_CrossABC1|1: 712 153 61 24 9 4 1 
247963|Child_Cross21|14: 703 156 61 24 9 4 1 
247965|Survivor|1: 580 141 52 24 9 4 1 
247969|Child_LevyP1|3|Mutated: 633 142 58 23 10 4 1 
247978|Child_CrossABC2|2: 594 145 52 24 9 4 1 
247983|Child_CrossABC2|8: 582 151 52 24 9 4 1 
247986|Child_Cross12|25: 486 141 49 24 9 4 1 
248061|Child_Avg|47: 383 117 47 21 10 4 1 
248117|Child_Avg|39: 394 116 49 24 9 4 1 
248119|Child_CrossABC1|1: 393 122 49 21 10 4 1 
248159|Child_CrossABC1|1|Mutated: 393 111 44 19 10 4 1 
248178|Child_Cross21|46: 378 109 41 20 9 4 1 
248242|Survivor|1: 399 106 51 19 10 4 1 
248246|Survivor|1: 468 147 46 21 10 4 1 
248253|Survivor|1|Mutated: 394 124 43 20 9 4 1 
248308|Child_Cross21|30: 413 136 58 23 10 4 1 
248343|Survivor|1: 384 119 41 19 10 4 1 
248361|Child_Cross12|49|Mutated: 374 134 45 21 10 4 1 
248366|Survivor|1: 384 141 50 19 10 4 1 
248369|Child_CrossABC1|1: 374 127 50 21 10 4 1 
248376|Child_Cross21|22: 378 116 51 19 10 4 1 
248388|Child_CrossABC2|2: 302 125 49 21 10 4 1 
248397|Child_CrossABC1|1: 306 131 48 21 10 4 1 
248400|Survivor|1: 313 122 46 21 10 4 1 
248436|Child_CrossABC2|8: 418 144 57 23 10 4 1 
248441|Child_CrossABC2|2: 411 132 57 23 10 4 1 
248445|Child_CrossABC1|1: 403 156 57 23 10 4 1 
248452|Survivor|1: 373 132 50 24 9 4 1 
248459|Child_CrossABC2|8: 352 131 56 24 9 4 1 
248462|Child_CrossABC1|7: 382 132 55 24 9 4 1 
248495|Random|27: 679 209 73 27 14 4 1 
248521|Survivor|1: 321 129 47 24 9 4 1 
248530|Survivor|1: 328 121 46 24 9 4 1 
248570|Child_CrossABC2|8: 361 124 49 21 10 4 1 
248583|Survivor|1: 325 121 49 21 10 4 1 
248592|Child_Avg|19: 318 123 47 21 10 4 1 
248603|Child_Cross12|9|Mutated: 358 125 49 21 10 4 1 
248619|Child_Avg|27: 353 124 45 21 10 4 1 
248621|Child_CrossABC1|7: 352 131 46 21 10 4 1 
248624|Child_CrossABC1|1: 351 136 49 21 10 4 1 
248630|Child_CrossABC2|8: 358 152 45 21 10 4 1 
248632|Child_CrossABC2|8: 356 148 45 21 10 4 1 
248718|Survivor|1: 556 176 65 25 9 4 1 
248719|Child_Avg|7: 445 132 50 24 9 4 1 
248725|Survivor|1: 425 118 45 23 10 4 1 
248827|Child_Avg|15: 355 138 47 24 9 4 1 
248852|Child_Cross12|37: 356 131 48 20 9 4 1 
248854|Child_Avg|11: 360 133 59 21 10 4 1 
248859|Child_CrossABC2|8: 347 137 57 21 10 4 1 
248873|Child_Cross21|54: 391 127 45 21 10 4 1 
248895|Child_LevyABC1|5: 415 127 50 21 10 4 1 
248896|Child_CrossABC2|2: 408 127 46 21 10 4 1 
248917|Child_Avg|51: 638 156 57 23 10 4 1 
248954|Child_Avg|7: 349 132 56 25 9 4 1 
248957|Child_Cross12|57: 352 129 56 25 9 4 1 
248965|Survivor|1: 356 124 53 24 9 4 1 
248968|Child_Cross12|45: 319 134 53 24 9 4 1 
248969|Child_Cross21|18: 345 126 52 24 9 4 1 
248975|Child_Cross21|30: 359 131 52 24 9 4 1 
248980|Child_Avg|43: 349 134 52 24 9 4 1 
248981|Child_Avg|15: 348 135 52 24 9 4 1 
248996|Child_Cross21|54: 351 135 52 24 9 4 1 
249000|Child_Cross21|30: 355 135 52 24 9 4 1 
249004|Child_CrossABC2|8: 358 135 52 24 9 4 1 
249005|Child_Cross12|33: 365 135 52 24 9 4 1 
249008|Child_Cross12|49: 358 133 52 24 9 4 1 
249042|Child_CrossABC1|7: 373 135 52 24 9 4 1 
249043|Child_Cross12|13: 463 138 52 24 9 4 1 
249050|Child_Avg|55: 421 134 50 24 9 4 1 
249081|Survivor|1: 396 120 54 23 10 4 1 
249119|Survivor|1: 412 128 54 19 10 4 1 
249123|Child_Avg|55: 411 119 51 19 10 4 1 
249125|Child_CrossABC1|1: 392 123 51 19 10 4 1 
249148|Child_Cross21|18: 396 127 43 19 10 4 1 
249163|Child_CrossABC2|8: 348 141 48 20 9 4 1 
249167|Child_CrossABC2|2: 355 138 48 20 9 4 1 
249173|Survivor|1: 349 134 46 20 9 4 1 
249178|Survivor|1: 357 136 43 20 9 4 1 
249186|Child_CrossABC1|7: 366 136 43 20 9 4 1 
249238|Child_Avg|27: 479 153 56 24 9 4 1 
249319|Child_CrossABC2|8: 357 131 43 24 9 4 1 
249328|Child_Cross21|22: 358 137 43 24 9 4 1 
249396|Child_Cross12|13: 404 152 61 29 9 4 1 
249402|Child_Avg|47: 475 141 59 27 10 4 1 
249408|Survivor|1: 370 132 49 24 9 4 1 
249416|Child_CrossABC1|1: 361 152 49 24 9 4 1 
249423|Survivor|1: 368 145 46 24 9 4 1 
249444|Child_Levy|8: 400 131 57 21 10 4 1 
249510|Child_Avg|43: 448 187 57 23 10 4 1 
249513|Child_CrossABC1|1|Mutated: 454 146 58 23 10 4 1 
249514|Child_CrossABC2|8: 402 157 55 23 10 4 1 
249587|Child_Levy|44: 358 126 47 24 9 4 1 
249663|Child_Avg|15: 435 156 58 28 11 4 1 
249675|Survivor|1: 402 154 51 24 11 4 1 
249689|Child_Cross12|1: 391 136 47 23 10 4 1 
249716|Child_Cross21|58: 401 129 45 23 10 4 1 
249719|Child_Avg|55: 459 140 50 24 9 4 1 
249734|Child_CrossABC2|2: 372 131 54 24 11 4 1 
249741|Survivor|1: 314 130 48 23 10 4 1 
249742|Child_CrossABC2|2: 328 129 49 24 9 4 1 
249763|Child_CrossABC1|1: 394 119 50 24 9 4 1 
249820|Survivor|1: 416 137 64 24 9 4 1 
249826|Survivor|1: 367 111 48 20 9 4 1 
249827|Child_Cross21|26: 356 134 57 23 10 4 1 
249836|Child_Avg|39: 355 113 45 21 10 4 1 
249842|Survivor|1: 416 132 59 21 10 4 1 
249882|Child_Cross12|45: 473 146 56 24 9 4 1 
249947|Child_Avg|7: 395 113 44 24 9 4 1 
249997|Survivor|1: 394 142 49 23 8 3 1 
250007|Survivor|1: 408 122 43 19 10 4 1 
250057|Child_CrossABC2|2: 390 159 56 21 10 4 1 
250061|Child_Avg|51: 390 143 55 24 9 4 1 
250069|Child_Levy|8: 370 146 48 21 10 4 1 
250094|Survivor|1: 419 142 65 27 10 4 1 
250097|Survivor|1: 527 195 59 24 9 4 1 
250107|Child_Avg|23: 380 147 50 24 9 4 1 
250146|Child_Avg|59|Mutated: 468 125 54 23 10 4 1 
250150|Child_Cross12|33: 427 119 45 23 10 4 1 
250153|Child_CrossABC1|7: 407 117 45 23 10 4 1 
250156|Child_CrossABC2|2: 393 117 45 23 10 4 1 
250220|Child_Cross21|54: 390 117 42 19 10 4 1 
250260|Child_Avg|19: 411 142 55 27 10 4 1 
250268|Child_CrossABC2|2: 376 135 62 19 10 4 1 
250271|Child_Cross21|54: 304 121 49 21 10 4 1 
250290|Survivor|1: 312 122 43 20 9 4 1 
250303|Survivor|1: 345 123 46 20 9 4 1 
250310|Survivor|1: 354 121 43 20 9 4 1 
250313|Survivor|1: 295 110 43 20 9 4 1 
250332|Child_CrossABC2|8: 299 110 43 20 9 4 1 
250337|Child_CrossABC2|8: 297 110 43 20 9 4 1 
250356|Child_Levy|56: 399 136 43 20 9 4 1 
250369|Survivor|1: 533 152 57 21 10 4 1 
250371|Child_CrossABC2|8: 322 138 56 21 10 4 1 
250372|Child_Avg|15: 381 138 52 20 9 4 1 
250405|Survivor|1: 555 163 48 21 10 4 1 
250414|Child_CrossABC1|1: 416 126 50 21 10 4 1 
250422|Survivor|1: 398 114 45 19 10 4 1 
250516|Child_Cross21|34: 410 141 55 19 10 4 1 
250575|Child_Cross12|41: 285 107 43 20 9 4 1 
250635|Survivor|1: 395 144 50 21 10 4 1 
250643|Child_Avg|27: 398 154 47 21 10 4 1 
250648|Child_CrossABC1|1: 413 157 48 21 10 4 1 
250650|Child_Avg|19|Mutated: 427 149 47 21 10 4 1 
250662|Child_Avg|7: 375 142 43 20 9 4 1 
250670|Child_Cross12|29: 367 136 43 20 9 4 1 
250723|Child_Avg|15: 391 142 46 20 9 4 1 
250732|Child_Cross12|57|Mutated: 390 141 52 20 9 4 1 
250812|Survivor|1: 391 129 47 24 9 4 1 
250813|Child_Avg|31: 361 108 50 24 9 4 1 
250827|Survivor|1: 412 118 48 23 10 4 1 
250866|Child_Avg|51: 458 136 53 24 9 4 1 
250876|Child_Cross21|42: 425 132 47 23 10 4 1 
250944|Child_CrossABC2|8: 386 118 41 20 9 4 1 
250994|Survivor|1: 342 121 48 20 9 4 1 
250999|Child_Avg|7: 344 121 48 20 9 4 1 
251052|Survivor|1: 458 178 55 24 9 4 1 
251058|Child_Avg|3: 422 136 47 23 10 4 1 
251081|Survivor|1: 367 125 44 23 10 4 1 
251113|Child_CrossABC1|7: 393 133 50 24 9 4 1 
251193|Child_Avg|43: 469 191 56 21 10 4 1 
251202|Child_Cross21|22: 403 152 49 21 10 4 1 
251207|Child_Avg|19: 394 153 49 21 10 4 1 
251209|Child_CrossABC2|8: 328 134 49 21 10 4 1 
251211|Survivor|1: 411 135 49 21 10 4 1 
251215|Child_Cross21|50: 356 134 47 21 10 4 1 
251222|Child_Cross12|1|Mutated: 355 137 45 21 10 4 1 
251231|Child_CrossABC2|2: 372 137 45 21 10 4 1 
251233|Survivor|1: 355 136 45 21 10 4 1 
251247|Survivor|1: 378 138 50 23 10 4 1 
251251|Survivor|1: 392 137 46 21 10 4 1 
251257|Child_Cross12|1: 373 137 44 23 10 4 1 
251307|Survivor|1: 394 119 48 20 9 4 1 
251311|Child_CrossABC2|2: 376 107 46 20 9 4 1 
251359|Child_Levy|48: 596 185 58 24 9 4 1 
251367|Survivor|1: 465 141 45 23 10 4 1 
251393|Survivor|1: 381 136 47 25 9 4 1 
251394|Child_Avg|47: 411 146 46 24 9 4 1 
251501|Survivor|1: 398 125 46 27 10 4 1 
251518|Child_CrossABC1|1: 402 132 43 24 9 4 1 
251570|Child_Avg|23: 419 146 61 23 10 4 1 
251575|Survivor|1: 434 145 60 23 10 4 1 
251618|Child_CrossABC2|2: 388 143 55 27 10 4 1 
251635|Child_LevyP2|10: 403 175 64 24 11 5 1 
251638|Child_Levy|44: 476 154 57 23 10 4 1 
251644|Child_Levy|32: 374 133 58 23 10 4 1 
251651|Child_Avg|59: 384 131 45 23 10 4 1 
251685|Child_Avg|27: 407 114 46 20 9 4 1 
251715|Child_Avg|35: 397 121 44 19 10 4 1 
251726|Child_Cross21|6: 408 119 42 19 10 4 1 
251747|Child_Levy|44: 492 171 55 24 9 4 1 
251757|Survivor|1: 558 158 53 24 9 4 1 
251760|Child_Cross21|50: 392 121 47 24 9 4 1 
251764|Child_CrossABC1|7: 429 129 53 24 9 4 1 
251769|Child_CrossABC1|7|Mutated: 390 123 47 24 9 4 1 
251771|Child_Cross21|2: 465 132 46 24 9 4 1 
251803|Child_CrossABC2|2: 453 123 43 24 9 4 1 
251880|Child_CrossABC2|2: 388 127 55 20 9 4 1 
251930|Survivor|1: 476 148 43 20 9 4 1 
251938|Child_Avg|47: 375 140 50 24 9 4 1 
251954|Child_Avg|27: 474 167 56 25 9 4 1 
251955|Child_CrossABC1|7: 448 155 53 24 11 5 1 
252082|Child_CrossABC2|8: 401 152 48 21 10 4 1 
252084|Child_Cross12|29: 403 133 47 21 10 4 1 
252087|Child_CrossABC2|8: 411 131 48 21 10 4 1 
252089|Child_Avg|51: 395 134 46 20 9 4 1 
252090|Child_Avg|55: 397 134 46 20 9 4 1 
252095|Child_Cross12|1|Mutated: 389 129 48 20 9 4 1 
252116|Child_CrossABC2|8: 418 126 52 19 10 4 1 
252120|Child_Cross21|22: 378 139 52 19 10 4 1 
252123|Survivor|1: 351 120 51 19 10 4 1 
252126|Survivor|1|Mutated: 383 120 51 19 10 4 1 
252194|Child_CrossABC1|1: 448 145 50 24 9 4 1 
252219|Child_Cross21|26|Mutated: 380 131 52 24 9 4 1 
252222|Child_Cross21|26: 375 128 46 24 9 4 1 
252244|Survivor|1: 476 142 56 21 10 4 1 
252248|Survivor|1: 420 137 46 21 10 4 1 
252256|Child_Avg|23: 398 121 53 27 10 4 1 
252275|Child_Avg|39: 381 146 56 21 10 4 1 
252276|Child_CrossABC2|8: 397 148 56 21 10 4 1 
252282|Child_Cross12|53: 371 137 52 24 9 4 1 
252317|Child_CrossABC1|7: 456 133 56 27 10 4 1 
252333|Child_Avg|31: 335 133 52 24 9 4 1 
252386|Child_Avg|7: 362 136 43 24 9 4 1 
252414|Survivor|1: 398 159 49 24 9 4 1 
252441|Child_CrossABC2|8: 459 146 58 24 9 4 1 
252444|Child_Avg|27: 443 135 55 24 9 4 1 
252499|Child_Cross12|57|Mutated: 387 122 43 20 9 4 1 
252575|Survivor|1: 304 113 43 20 9 4 1 
252606|Survivor|1: 473 160 59 29 9 4 1 
252641|Child_Cross12|5: 406 147 43 24 9 4 1 
252685|Child_Cross21|22: 406 146 43 24 9 4 1 
252718|Child_Levy|48: 578 189 70 24 9 4 1 
252736|Child_Cross21|46: 416 152 47 24 9 4 1 
252742|Child_CrossABC1|7: 435 154 49 24 9 4 1 
252743|Child_CrossABC1|1: 397 162 53 24 9 4 1 
252746|Child_Cross12|25: 430 155 50 24 9 4 1 
252747|Child_CrossABC2|2: 414 157 49 24 9 4 1 
252751|Child_Cross12|9: 421 146 47 24 9 4 1 
252756|Survivor|1: 350 143 46 24 9 4 1 
252832|Survivor|1: 381 137 43 20 9 4 1 
252843|Child_Avg|11: 405 131 56 24 9 4 1 
252844|Child_Cross12|17: 452 153 52 24 9 4 1 
252847|Child_CrossABC2|8: 458 153 55 24 9 4 1 
252848|Child_Cross12|13: 437 143 50 24 9 4 1 
252870|Child_CrossABC1|1: 401 126 49 24 9 4 1 
252928|Child_Avg|7: 426 113 58 24 9 4 1 
252934|Child_Cross12|1: 427 117 56 24 9 4 1 
252937|Child_Avg|15: 366 127 49 24 9 4 1 
253007|Child_Cross12|13: 379 147 43 20 9 4 1 
253109|Child_Cross21|14: 390 116 43 24 9 4 1 
253145|Survivor|1: 452 130 47 24 9 4 1 
253192|Survivor|1: 615 185 52 24 9 4 1 
253196|Child_Avg|23: 404 121 47 23 10 4 1 
253206|Child_CrossABC1|1: 395 121 46 24 9 4 1 
253258|Child_CrossABC2|2: 471 140 49 25 10 4 1 
253352|Survivor|1: 304 112 47 23 10 4 1 
253484|Survivor|1: 365 115 56 24 9 4 1 
253494|Survivor|1: 367 114 59 24 9 4 1 
253536|Survivor|1: 337 140 47 25 9 4 1 
253549|Survivor|1: 286 118 41 19 10 4 1 
253563|Child_CrossABC2|8: 311 119 52 20 9 4 1 
253576|Survivor|1: 308 115 45 21 10 4 1 
253586|Survivor|1: 307 113 49 21 10 4 1 
253589|Child_Avg|19: 289 107 43 20 9 4 1 
253610|Survivor|1: 389 119 49 24 9 4 1 
253632|Survivor|1: 393 127 53 24 9 4 1 
253729|Survivor|1: 421 129 48 20 9 4 1 
253732|Child_CrossABC1|1: 410 131 48 20 9 4 1 
253767|Child_Levy|48|Mutated: 403 120 51 19 10 4 1 
253930|Child_Cross21|26: 438 153 53 24 9 4 1 
253938|Survivor|1: 407 138 50 24 9 4 1 
253951|Survivor|1: 354 135 46 24 9 4 1 
253966|Child_Avg|19: 401 148 46 24 9 4 1 
253970|Child_CrossABC1|7: 402 132 55 24 9 4 1 
253991|Child_CrossABC2|8: 398 129 55 24 9 4 1 
254002|Child_CrossABC1|1|Mutated: 409 152 55 24 9 4 1 
254052|Child_Cross12|5: 524 163 56 25 9 4 1 
254092|Survivor|1: 456 140 47 25 9 4 1 
254123|Survivor|1: 386 125 49 24 9 4 1 
254138|Survivor|1: 571 170 64 29 10 4 1 
254140|Child_Avg|19: 546 156 61 29 10 4 1 
254159|Survivor|1|Mutated: 638 156 61 29 10 4 1 
254162|Survivor|1: 696 156 61 29 10 4 1 
254164|Child_Avg|11: 467 141 61 29 9 4 1 
254174|Survivor|1: 537 147 57 29 9 4 1 
254182|Child_CrossABC1|1: 540 147 57 29 9 4 1 
254183|Child_CrossABC2|8: 538 147 57 29 9 4 1 
254190|Child_Avg|51: 481 137 52 29 9 4 1 
254201|Survivor|1: 434 127 47 24 9 4 1 
254290|Child_Cross12|41: 369 111 47 24 9 4 1 
254404|Child_Levy|44|Mutated: 370 141 50 24 9 4 1 
254408|Child_CrossABC2|2: 388 140 49 24 9 4 1 
254415|Child_CrossABC1|1: 405 139 59 24 9 4 1 
254429|Survivor|1: 382 124 47 24 9 4 1 
254435|Survivor|1: 436 136 47 23 10 4 1 
254489|Child_CrossABC2|8: 400 129 52 20 9 4 1 
254512|Survivor|1|Mutated: 472 129 52 20 9 4 1 
254517|Survivor|1: 386 113 48 20 9 4 1 
254525|Survivor|1: 392 111 48 20 9 4 1 
254536|Survivor|1: 383 115 45 21 10 4 1 
254553|Child_CrossABC1|7: 445 124 49 21 10 4 1 
254568|Survivor|1: 404 113 46 20 9 4 1 
254574|Child_Avg|11: 390 111 48 20 9 4 1 
254582|Child_CrossABC1|7: 396 111 46 20 9 4 1 
254616|Survivor|1: 406 126 59 21 10 4 1 
254622|Survivor|1: 428 155 53 24 11 4 1 
254627|Child_Avg|55: 405 145 50 24 9 4 1 
254633|Child_Levy|8: 403 149 56 24 9 4 1 
254634|Child_CrossABC1|1: 405 148 54 24 11 4 1 
254650|Child_Cross21|14: 316 114 43 24 9 4 1 
254677|Survivor|1: 373 118 45 23 10 4 1 
254688|Survivor|1: 370 113 52 24 9 4 1 
254729|Survivor|1: 348 105 43 20 9 4 1 
254788|Child_Avg|51: 511 146 57 20 9 4 1 
254795|Child_CrossABC1|7: 350 109 54 20 9 4 1 
254830|Child_CrossABC1|7: 360 109 45 20 9 4 1 
254831|Child_Cross12|17: 358 125 43 20 9 4 1 
254896|Child_Avg|3: 399 127 50 21 10 4 1 
254899|Child_Cross21|30: 406 118 49 21 10 4 1 
254901|Child_Cross12|25: 352 113 47 21 10 4 1 
254903|Survivor|1: 420 113 47 21 10 4 1 
254912|Child_Cross12|37: 413 122 45 21 10 4 1 
254931|Child_CrossABC1|1: 432 124 43 20 9 4 1 
254983|Child_LevyABC1|11: 408 147 43 24 9 4 1 
254991|Child_CrossABC2|8: 382 119 44 24 9 4 1 
255029|Child_Avg|51: 431 116 55 20 9 4 1 
255044|Child_Cross21|6: 381 119 48 21 10 4 1 
255045|Child_Avg|43: 402 142 48 21 10 4 1 
255058|Child_Avg|7|Mutated: 400 119 52 20 9 4 1 
255062|Child_Avg|51: 403 114 46 20 9 4 1 
255100|Child_CrossABC1|7: 420 122 43 20 9 4 1 
255160|Survivor|1: 462 131 55 27 10 4 1 
255244|Child_CrossABC2|2: 405 182 58 24 9 4 1 
255247|Child_CrossABC1|1: 371 153 50 24 9 4 1 
255254|Survivor|1: 297 121 49 21 10 4 1 
255319|Child_CrossABC2|8: 509 124 58 24 11 4 1 
255322|Child_Avg|59: 359 134 55 29 9 4 1 
255334|Survivor|1: 424 113 45 19 10 4 1 
255340|Survivor|1: 416 112 43 19 10 4 1 
255353|Survivor|1: 417 111 41 19 10 4 1 
255443|Survivor|1: 327 115 48 21 10 4 1 
255496|Survivor|1: 401 115 44 19 10 4 1 
255506|Survivor|1: 410 115 44 19 10 4 1 
255509|Child_Cross12|29: 389 109 42 19 10 4 1 
255515|Child_Levy|32: 387 108 43 19 10 4 1 
255536|Child_Levy|24: 531 161 69 27 10 4 1 
255538|Child_Avg|19: 435 133 57 23 10 4 1 
255560|Survivor|1|Mutated: 408 114 55 27 10 4 1 
255582|Survivor|1: 459 168 54 23 10 4 1 
255584|Child_Cross12|49: 410 132 45 23 10 4 1 
255586|Child_Avg|35: 413 145 56 25 9 4 1 
255714|Survivor|1: 465 140 43 24 9 4 1 
255724|Child_CrossABC2|8: 371 139 52 20 9 4 1 
255747|Survivor|1: 488 172 58 23 10 4 1 
255748|Child_Avg|7: 377 141 52 20 9 4 1 
255781|Child_CrossABC1|7: 493 136 55 24 9 4 1 
255789|Child_CrossABC2|2: 431 153 55 24 9 4 1 
255793|Survivor|1: 447 152 55 24 9 4 1 
255803|Survivor|1: 423 129 46 24 9 4 1 
255810|Survivor|1: 364 129 44 24 9 4 1 
255817|Survivor|1: 354 119 50 24 9 4 1 
255832|Survivor|1: 365 125 44 23 10 4 1 
255871|Child_Cross21|58: 342 124 48 21 10 4 1 
255872|Child_Cross21|58: 536 151 52 20 9 4 1 
255876|Child_CrossABC2|8|Mutated: 400 112 47 21 10 4 1 
255935|Child_Levy|20: 399 148 53 24 9 4 1 
255940|Child_Avg|31: 400 157 52 24 9 4 1 
255941|Child_Avg|31: 358 131 52 24 9 4 1 
255944|Child_CrossABC2|8: 400 163 52 24 9 4 1 
255945|Child_Avg|11: 415 176 55 24 9 4 1 
255953|Child_Avg|47: 447 159 55 24 9 4 1 
255990|Child_CrossABC2|8: 390 142 55 24 9 4 1 
256112|Child_Cross12|17: 341 121 49 21 10 4 1 
256161|Survivor|1: 434 138 49 21 10 4 1 
256170|Child_Cross12|45: 427 137 49 21 10 4 1 
256175|Survivor|1: 428 130 48 21 10 4 1 
256190|Random|26: 558 157 69 21 10 4 1 
256194|Survivor|1: 519 163 57 21 10 4 1 
256198|Child_CrossABC2|2: 380 162 51 19 10 4 1 
256227|Child_Avg|39: 445 127 46 20 9 4 1 
256239|Child_CrossABC2|2: 427 127 45 20 9 4 1 
256277|Child_CrossABC2|2: 379 158 48 23 10 4 1 
256305|Child_Cross12|9: 377 146 44 23 10 4 1 
256307|Child_Avg|11: 392 143 44 23 10 4 1 
256419|Survivor|1: 393 133 45 21 10 4 1 
256425|Child_CrossABC1|7: 395 148 45 21 10 4 1 
256430|Child_Cross12|41: 401 139 45 21 10 4 1 
256434|Child_Cross12|5: 392 140 45 21 10 4 1 
256451|Child_Cross21|22: 392 136 45 21 10 4 1 
256454|Child_Cross21|14: 393 134 45 21 10 4 1 
256455|Child_Cross21|30: 391 139 45 21 10 4 1 
256460|Child_Avg|39: 395 140 45 21 10 4 1 
256463|Child_Avg|39: 393 142 45 21 10 4 1 
256464|Child_Cross21|26: 394 137 45 21 10 4 1 
256526|Child_CrossABC2|2: 396 128 45 21 10 4 1 
256583|Survivor|1: 387 112 59 27 10 4 1 
256584|Child_Cross21|26: 376 113 43 20 9 4 1 
256599|Survivor|1: 354 113 43 20 9 4 1 
256622|Survivor|1: 379 139 50 24 9 4 1 
256628|Child_Cross21|22: 397 121 49 27 10 4 1 
256642|Child_Cross12|29: 405 132 49 24 9 4 1 
256653|Child_Cross12|13: 409 130 47 24 9 4 1 
256665|Child_CrossABC1|1|Mutated: 403 125 58 24 9 4 1 
256724|Child_Levy|12|Mutated: 397 118 57 23 10 4 1 
256734|Child_CrossABC2|8: 378 114 53 24 9 4 1 
256760|Child_CrossABC1|7: 361 114 50 24 9 4 1 
256812|Child_Cross12|57: 386 119 41 24 9 4 1 
256946|Child_Levy|12: 413 125 52 20 9 4 1 
256954|Child_Avg|7: 339 114 46 20 9 4 1 
256956|Child_Levy|48: 304 108 47 21 10 4 1 
256965|Survivor|1|Mutated: 377 108 43 19 10 4 1 
256968|Child_CrossABC1|1: 380 108 43 19 10 4 1 
256985|Survivor|1: 355 110 42 19 10 4 1 
257018|Child_CrossABC1|7: 349 112 43 19 10 4 1 
257033|Survivor|1: 364 112 47 21 10 4 1 
257052|Child_CrossABC1|7|Mutated: 364 127 44 19 10 4 1 
257064|Survivor|1: 366 115 41 19 10 4 1 
257070|Survivor|1: 550 176 65 25 9 4 1 
257104|Survivor|1: 317 129 45 23 10 4 1 
257133|Child_Avg|3: 395 154 56 24 9 4 1 
257147|Child_Cross12|45: 394 123 46 20 9 4 1 
257148|Child_Avg|23: 417 133 53 24 9 4 1 
257172|Child_Levy|44: 464 131 52 24 9 4 1 
257183|Survivor|1: 623 209 58 24 9 4 1 
257205|Child_Avg|59: 392 138 47 21 10 4 1 
257211|Survivor|1: 406 142 49 21 10 4 1 
257216|Child_CrossABC1|1: 390 127 50 21 10 4 1 
257219|Child_Avg|31: 378 130 45 21 10 4 1 
257224|Child_Avg|39: 383 137 46 20 9 4 1 
257298|Child_CrossABC1|7: 375 137 44 24 9 4 1 
257324|Child_Avg|39: 406 117 45 19 10 4 1 
257371|Child_Avg|35: 449 136 54 25 10 4 1 
257418|Child_Avg|55: 418 113 43 24 9 4 1 
257456|Child_CrossABC1|7: 409 132 59 24 9 4 1 
257459|Survivor|1: 393 137 59 24 9 4 1 
257460|Child_CrossABC1|7: 412 137 59 24 9 4 1 
257491|Child_Avg|47: 391 127 52 24 9 4 1 
257592|Child_CrossABC1|7: 405 145 68 23 10 4 1 
257593|Child_LevyP1|9: 407 142 66 24 11 5 1 
257599|Child_Avg|59: 393 133 61 23 10 4 1 
257601|Child_CrossABC1|1: 359 123 55 24 9 4 1 
257609|Child_Avg|11: 359 122 52 24 9 4 1 
257614|Child_CrossABC2|2: 362 129 55 24 9 4 1 
257622|Survivor|1: 367 138 52 24 9 4 1 
257623|Child_CrossABC1|7: 366 136 55 24 9 4 1 
257631|Survivor|1: 392 129 48 20 9 4 1 
257654|Child_Cross12|25: 374 118 44 23 10 4 1 
257689|Child_Cross12|9|Mutated: 383 118 50 23 10 4 1 
257770|Survivor|1: 399 153 46 20 9 4 1 
257772|Survivor|1: 361 103 48 21 10 4 1 
257774|Survivor|1: 830 266 107 43 20 9 4 1 
257790|Survivor|1: 315 118 43 20 9 4 1 
257876|Survivor|1: 381 122 52 24 9 4 1 
257886|Child_CrossABC2|8: 387 118 49 24 9 4 1 
257930|Child_Cross21|42: 289 108 43 24 9 4 1 
257935|Survivor|1: 427 131 43 24 9 4 1 
257973|Child_Avg|35: 461 142 55 27 10 4 1 
257985|Child_CrossABC1|1: 472 147 51 23 10 4 1 
257994|Child_Cross12|5: 466 160 47 23 10 4 1 
258002|Child_Avg|23: 392 135 44 23 10 4 1 
258028|Child_Cross12|33: 599 148 58 24 9 4 1 
258038|Survivor|1: 599 140 55 24 9 4 1 
258043|Survivor|1: 863 478 130 55 24 9 4 1 
258049|Child_CrossABC1|7: 369 137 53 24 9 4 1 
258110|Child_Avg|39|Mutated: 407 129 52 24 9 4 1 
258147|Child_Cross21|18: 405 123 44 23 10 4 1 
258215|Survivor|1: 340 135 61 20 9 4 1 
258220|Child_CrossABC1|7|Mutated: 425 130 48 20 9 4 1 
258225|Survivor|1: 397 129 48 20 9 4 1 
258332|Child_Cross12|53: 385 124 45 19 10 4 1 
258379|Survivor|1: 415 111 46 20 9 4 1 
258420|Child_CrossABC1|1: 425 116 46 20 9 4 1 
258449|Child_Cross21|38: 373 150 43 20 9 4 1 
258467|Survivor|1: 353 134 43 20 9 4 1 
258479|Survivor|1|Mutated: 483 183 52 24 9 4 1 
258485|Child_Cross21|34: 478 169 52 24 9 4 1 
258486|Child_CrossABC1|1: 469 179 50 24 9 4 1 
258568|Survivor|1|Mutated: 608 158 62 27 10 4 1 
258573|Child_CrossABC2|2: 619 157 62 27 10 4 1 
258576|Child_Avg|35: 618 157 62 27 10 4 1 
258578|Child_CrossABC2|2|Mutated: 615 157 62 27 10 4 1 
258579|Child_CrossABC2|8: 605 157 62 27 10 4 1 
258581|Child_CrossABC1|1: 604 157 62 27 10 4 1 
258588|Child_CrossABC2|2: 580 180 62 27 10 4 1 
258595|Survivor|1: 550 162 59 24 9 4 1 
258604|Child_Avg|7: 452 154 49 24 9 4 1 
258607|Child_Cross12|37: 445 155 49 24 9 4 1 
258611|Child_Cross12|53: 444 157 49 24 9 4 1 
258622|Child_Cross12|25: 405 155 49 24 9 4 1 
258637|Child_Avg|7: 393 157 49 24 9 4 1 
258639|Child_Avg|47: 399 167 53 24 9 4 1 
258693|Child_Cross21|46: 397 138 56 25 9 4 1 
258705|Survivor|1: 325 128 53 24 9 4 1 
258710|Survivor|1: 311 129 51 23 10 4 1 
258735|Survivor|1: 371 135 48 23 10 4 1 
258741|Child_Avg|15: 354 125 47 23 10 4 1 
258799|Child_Cross21|58: 380 118 41 19 10 4 1 
258869|Child_Cross12|13: 341 134 46 20 9 4 1 
258892|Survivor|1: 416 142 55 27 10 4 1 
258904|Child_Avg|15: 385 125 49 24 9 4 1 
258905|Child_CrossABC2|2: 391 122 52 24 9 4 1 
258916|Survivor|1: 430 130 47 24 9 4 1 
259021|Child_Avg|51: 408 159 52 24 9 4 1 
259032|Child_Avg|11: 398 139 48 27 10 4 1 
259044|Child_Cross12|45: 426 121 43 24 9 4 1 
259078|Survivor|1|Mutated: 434 132 55 29 9 4 1 
259079|Child_Avg|3: 439 134 56 24 9 4 1 
259089|Survivor|1: 438 131 55 27 10 4 1 
259107|Child_CrossABC2|2|Mutated: 417 129 59 27 10 4 1 
259123|Child_Avg|7|Mutated: 441 126 43 24 9 4 1 
259134|Survivor|1: 447 124 53 24 9 4 1 
259136|Survivor|1: 467 126 56 24 9 4 1 
259156|Child_Levy|8: 370 170 65 24 9 4 1 
259160|Survivor|1: 321 134 50 24 9 4 1 
259183|Child_CrossABC2|8: 432 119 50 24 9 4 1 
259208|Child_CrossABC1|7: 445 140 50 24 9 4 1 
259230|Child_Levy|24: 366 132 53 24 9 4 1 
259240|Child_Avg|59: 360 133 52 24 9 4 1 
259289|Survivor|1: 448 125 46 29 9 4 1 
259303|Child_CrossABC2|2: 424 150 59 24 9 4 1 
259309|Child_CrossABC2|2: 393 143 67 24 9 4 1 
259311|Survivor|1: 356 127 59 24 9 4 1 
259347|Survivor|1: 431 134 49 24 9 4 1 
259589|Child_CrossABC1|1: 409 144 56 21 10 4 1 
259601|Child_LevyP1|9|Mutated: 443 122 52 24 9 4 1 
259605|Child_Cross21|2: 402 137 47 24 9 4 1 
259676|Child_Levy|32: 566 173 70 29 9 4 1 
259680|Survivor|1: 490 190 61 29 9 4 1 
259703|Survivor|1: 387 119 50 24 9 4 1 
259710|Survivor|1: 415 131 49 21 10 4 1 
259713|Child_CrossABC1|1: 360 128 49 21 10 4 1 
259717|Survivor|1: 360 149 49 21 10 4 1 
259726|Survivor|1: 351 146 47 23 10 4 1 
259758|Child_CrossABC1|7: 387 127 44 23 10 4 1 
259767|Child_Avg|35: 383 126 47 23 10 4 1 
259781|Survivor|1: 384 127 45 23 10 4 1 
259835|Child_Levy|16: 529 173 59 24 9 4 1 
259837|Child_LevyABC1|11: 629 151 58 24 9 4 1 
259840|Child_CrossABC1|7: 615 149 58 24 9 4 1 
259841|Child_CrossABC2|2: 606 138 53 24 9 4 1 
259849|Child_Avg|51: 447 122 47 24 9 4 1 
259910|Survivor|1: 635 196 70 29 9 4 1 
259925|Child_CrossABC2|2: 410 144 55 27 10 4 1 
260006|Child_Cross12|25: 458 168 55 27 10 4 1 
260058|Survivor|1: 412 142 49 24 9 4 1 
260074|Child_CrossABC2|2: 397 147 47 24 9 4 1 
260076|Child_CrossABC1|1: 404 135 50 24 9 4 1 
260106|Child_CrossABC1|1|Mutated: 397 129 54 20 9 4 1 
260219|Child_Levy|44: 433 167 59 21 10 4 1 
260243|Child_LevyP1|9: 387 158 66 27 10 4 1 
260263|Survivor|1: 408 148 53 27 10 4 1 
260285|Child_Avg|7: 411 148 56 27 10 4 1 
260290|Child_Avg|23: 453 159 71 29 10 4 1 
260294|Survivor|1: 492 133 52 24 9 4 1 
260359|Survivor|1|Mutated: 463 169 58 23 10 4 1 
260364|Child_Avg|55: 368 141 58 24 9 4 1 
260377|Child_CrossABC1|7: 400 139 51 23 10 4 1 
260379|Survivor|1|Mutated: 429 139 51 23 10 4 1 
260389|Survivor|1: 439 125 44 23 10 4 1 
260403|Child_Levy|44: 451 141 58 23 10 4 1 
260420|Survivor|1: 396 115 39 21 10 4 1 
260426|Child_CrossABC1|7: 398 125 46 21 10 4 1 
260435|Child_Avg|11: 403 134 52 24 9 4 1 
260440|Survivor|1: 403 123 46 20 9 4 1 
260523|Survivor|1: 592 175 52 29 9 4 1 
260528|Child_Avg|35: 295 114 50 24 9 4 1 
260532|Child_Cross12|1: 493 146 52 24 9 4 1 
260535|Child_Avg|15: 460 151 52 24 9 4 1 
260541|Survivor|1: 456 147 50 24 9 4 1 
260584|Survivor|1: 400 129 46 20 9 4 1 
260588|Survivor|1: 395 130 48 20 9 4 1 
260609|Child_Cross12|1: 428 124 43 20 9 4 1 
260656|Child_CrossABC2|8: 384 146 53 24 9 4 1 
260686|Child_Cross12|25: 404 147 53 24 9 4 1 
260687|Child_Cross12|9: 371 142 49 21 10 4 1 
260697|Child_Avg|43: 402 121 55 24 9 4 1 
260709|Survivor|1: 412 149 48 20 9 4 1 
260807|Survivor|1: 406 144 58 23 8 3 1 
260851|Survivor|1: 379 106 46 24 9 4 1 
260882|Survivor|1: 385 108 43 24 9 4 1 
260892|Survivor|1: 647 177 55 21 10 4 1 
260897|Survivor|1: 526 146 49 21 10 4 1 
260907|Survivor|1: 433 130 57 20 9 4 1 
260939|Child_CrossABC2|2: 400 122 41 19 10 4 1 
260946|Child_CrossABC1|7: 405 124 44 19 10 4 1 
260950|Survivor|1: 406 122 43 19 10 4 1 
260958|Child_Avg|11: 377 119 42 19 10 4 1 
260995|Child_Cross12|21|Mutated: 408 124 45 19 10 4 1 
261015|Child_CrossABC2|8: 409 124 41 19 10 4 1 
261038|Child_Cross21|38|Mutated: 421 119 48 21 10 4 1 
261113|Child_Avg|51: 367 117 46 24 9 4 1 
261121|Survivor|1: 405 117 46 24 9 4 1 
261132|Child_CrossABC2|2: 426 119 58 24 9 4 1 
261136|Child_Avg|31: 427 123 55 24 9 4 1 
261301|Survivor|1: 426 132 43 24 9 4 1 
261311|Survivor|1|Mutated: 415 118 50 24 9 4 1 
261342|Child_CrossABC1|7: 398 114 47 24 9 4 1 
261427|Survivor|1: 308 115 49 24 9 4 1 
261430|Child_Avg|3|Mutated: 390 153 53 24 9 4 1 
261456|Child_Levy|8: 404 114 49 24 9 4 1 
261460|Survivor|1: 397 110 47 23 10 4 1 
261464|Survivor|1: 356 149 47 23 10 4 1 
261524|Child_Cross21|14: 452 133 46 20 9 4 1 
261532|Child_Avg|31: 436 157 55 23 10 4 1 
261547|Survivor|1: 425 182 54 24 11 4 1 
261548|Child_Cross12|33: 401 160 50 24 9 4 1 
261554|Survivor|1: 397 161 52 24 9 4 1 
261555|Child_CrossABC2|8: 413 171 55 24 9 4 1 
261575|Survivor|1: 397 131 47 23 10 4 1 
261615|Child_Levy|44: 431 130 48 29 9 4 1 
261652|Survivor|1: 384 115 56 24 9 4 1 
261669|Survivor|1: 390 111 47 24 9 4 1 
261681|Survivor|1: 382 112 49 25 9 4 1 
261683|Survivor|1: 386 155 64 23 10 4 1 
261700|Child_Avg|27: 371 113 48 20 9 4 1 
261724|Child_CrossABC1|7|Mutated: 359 109 55 20 9 4 1 
261755|Survivor|1: 314 108 43 20 9 4 1 
261762|Survivor|1: 369 110 58 24 9 4 1 
261768|Child_CrossABC1|7: 409 112 53 24 9 4 1 
261769|Child_Avg|3: 397 111 52 24 9 4 1 
261779|Child_CrossABC2|2: 365 114 53 24 9 4 1 
261835|Child_Avg|31: 364 105 44 24 9 4 1 
261856|Child_Levy|44: 457 136 57 21 10 4 1 
261861|Survivor|1: 481 188 65 27 10 4 1 
261862|Child_Cross21|46: 467 168 55 27 10 4 1 
261865|Survivor|1|Mutated: 458 188 76 27 10 4 1 
261867|Child_Avg|23: 400 143 55 24 9 4 1 
261883|Child_CrossABC1|7: 412 140 55 24 9 4 1 
261885|Child_CrossABC2|2: 404 151 53 24 9 4 1 
261962|Child_CrossABC1|1: 367 145 50 24 9 4 1 
262001|Child_CrossABC1|1: 344 121 52 24 9 4 1 
262003|Child_CrossABC1|1: 445 122 52 24 9 4 1 
262023|Child_Levy|44: 369 128 46 24 9 4 1 
262116|Child_Avg|3: 408 129 55 24 9 4 1 
262124|Child_Avg|51: 385 121 52 24 9 4 1 
262180|Child_Cross21|2: 421 121 44 24 9 4 1 
262199|Survivor|1: 372 113 43 24 9 4 1 
262238|Child_Avg|27|Mutated: 368 111 46 24 9 4 1 
262279|Survivor|1: 351 122 54 24 11 4 1 
262287|Child_Avg|51: 486 172 73 27 10 4 1 
262291|Child_Avg|15: 460 148 58 27 10 4 1 
262298|Child_Avg|39: 402 123 50 24 9 4 1 
262301|Survivor|1: 370 113 47 23 10 4 1 
262341|Survivor|1: 341 108 46 24 9 4 1 
262393|Child_CrossABC1|7: 423 121 46 24 9 4 1 
262403|Survivor|1: 349 126 44 24 9 4 1 
262415|Child_CrossABC2|2: 366 127 53 24 9 4 1 
262444|Child_Avg|59|Mutated: 480 151 60 23 10 4 1 
262448|Child_Cross12|37: 353 124 47 23 10 4 1 
262456|Child_CrossABC1|1: 326 122 47 23 10 4 1 
262483|Child_Avg|43: 407 145 65 27 10 4 1 
262493|Survivor|1|Mutated: 401 145 65 27 10 4 1 
262495|Child_Levy|48: 389 136 54 24 11 4 1 
262512|Survivor|1: 409 116 44 23 10 4 1 
262658|Child_Levy|32: 462 142 56 27 10 4 1 
262675|Survivor|1: 393 147 52 29 10 4 1 
262690|Child_Cross12|57: 293 111 46 24 9 4 1 
262729|Child_CrossABC1|1: 363 114 50 24 9 4 1 
262836|Child_LevyP1|9: 425 103 43 24 9 4 1 
262839|Child_Cross21|14: 459 140 43 24 9 4 1 
262844|Survivor|1: 407 137 43 24 9 4 1 
262875|Child_LevyABC1|11: 411 132 58 24 9 4 1 
262880|Child_Levy|52: 418 124 56 21 10 4 1 
262885|Child_CrossABC2|8: 426 109 45 21 10 4 1 
262902|Child_CrossABC1|7: 423 111 48 20 9 4 1 
262980|Child_CrossABC1|1: 404 121 52 20 9 4 1 
262993|Child_Avg|51: 396 131 46 20 9 4 1 
263064|Survivor|1|Mutated: 377 150 56 24 11 5 1 
263075|Child_Cross21|26: 398 149 47 23 10 4 1 
263106|Survivor|1: 415 129 54 23 10 4 1 
263125|Survivor|1: 404 125 47 24 9 4 1 
263151|Child_CrossABC2|2: 388 137 44 24 9 4 1 
263195|Child_Levy|52: 427 134 49 21 10 4 1 
263204|Survivor|1|Mutated: 421 134 49 21 10 4 1 
263224|Survivor|1: 360 117 52 20 9 4 1 
263253|Survivor|1: 620 160 71 27 14 4 1 
263268|Child_Avg|39: 388 158 60 23 10 4 1 
263272|Child_Avg|47: 420 126 49 24 9 4 1 
263277|Survivor|1: 450 140 54 23 10 4 1 
263283|Child_CrossABC1|1: 424 134 51 23 10 4 1 
263284|Child_CrossABC1|1: 411 135 48 23 10 4 1 
263288|Child_Cross21|58: 395 145 47 24 9 4 1 
263300|Child_LevyABC2|6: 435 134 46 20 9 4 1 
263312|Child_Cross12|33: 382 136 43 20 9 4 1 
263313|Child_CrossABC1|7: 383 130 43 20 9 4 1 
263314|Child_CrossABC1|7: 398 145 43 20 9 4 1 
263394|Child_Levy|20: 362 121 43 24 9 4 1 
263412|Survivor|1|Mutated: 327 127 43 20 9 4 1 
263429|Child_Cross12|9: 339 127 43 24 9 4 1 
263446|Child_CrossABC2|2: 415 128 43 24 9 4 1 
263478|Child_CrossABC1|7: 413 119 50 24 9 4 1 
263487|Survivor|1: 432 131 64 24 9 4 1 
263493|Child_Cross12|37: 387 109 50 24 9 4 1 
263495|Child_Avg|55: 419 137 52 24 9 4 1 
263496|Child_CrossABC1|1: 431 121 52 24 9 4 1 
263532|Child_Avg|59: 403 112 53 24 9 4 1 
263544|Child_CrossABC2|2: 433 108 46 24 9 4 1 
263580|Child_CrossABC1|1: 631 160 65 24 9 4 1 
263647|Survivor|1: 385 157 51 29 10 4 1 
263651|Child_Cross21|2: 379 139 45 23 10 4 1 
263657|Child_Avg|15: 364 139 44 24 9 4 1 
263672|Survivor|1: 396 146 60 21 10 4 1 
263681|Child_CrossABC2|8: 410 110 48 21 10 4 1 
263720|Child_CrossABC1|1: 364 149 55 24 9 4 1 
263794|Child_CrossABC1|7: 366 113 51 23 10 4 1 
263809|Child_Cross12|37: 387 125 44 24 9 4 1 
263854|Survivor|1: 434 154 45 21 10 4 1 
263870|Child_Cross21|14: 460 145 43 20 9 4 1 
263879|Child_Cross21|26: 421 124 43 20 9 4 1 
263990|Survivor|1: 453 199 52 24 9 4 1 
263996|Survivor|1: 423 131 48 20 9 4 1 
264013|Survivor|1: 691 196 62 27 10 4 1 
264017|Survivor|1: 620 152 49 24 9 4 1 
264019|Child_CrossABC1|7: 450 157 49 24 9 4 1 
264025|Survivor|1: 449 152 46 24 9 4 1 
264053|Child_Avg|19: 414 142 51 19 10 4 1 
264054|Child_Avg|51: 449 163 67 23 10 4 1 
264065|Child_Cross21|26: 396 111 47 23 10 4 1 
264068|Child_Avg|47: 377 110 48 23 10 4 1 
264115|Child_CrossABC1|1: 431 116 49 24 9 4 1 
264117|Child_CrossABC1|7: 426 117 49 24 9 4 1 
264134|Survivor|1: 380 111 65 24 9 4 1 
264152|Child_CrossABC2|8: 363 132 59 24 9 4 1 
264153|Child_CrossABC2|8: 342 126 47 24 9 4 1 
264221|Child_Cross12|57: 369 132 50 24 9 4 1 
264227|Child_CrossABC2|8: 369 129 56 25 9 4 1 
264230|Child_Avg|39: 375 129 50 24 9 4 1 
264238|Survivor|1: 372 114 53 24 9 4 1 
264269|Child_CrossABC2|2: 386 146 53 24 9 4 1 
264358|Survivor|1: 402 121 47 24 9 4 1 
264455|Survivor|1: 424 138 57 29 9 4 1 
264467|Child_Cross21|2: 404 129 47 25 9 4 1 
264492|Child_Cross12|13|Mutated: 389 126 52 24 9 4 1 
264568|Survivor|1: 413 127 44 29 9 4 1 
264615|Survivor|1: 372 115 43 20 9 4 1 
264632|Child_Avg|35: 404 138 61 20 9 4 1 
264636|Child_Avg|31: 391 124 55 20 9 4 1 
264637|Child_Avg|3: 372 121 48 20 9 4 1 
264663|Child_Cross21|6: 356 124 43 20 9 4 1 
264683|Child_CrossABC2|8: 417 108 47 21 10 4 1 
264684|Child_Cross21|54: 403 123 49 21 10 4 1 
264822|Child_Avg|47: 374 140 52 27 10 4 1 
264823|Child_CrossABC2|8: 372 145 60 23 10 4 1 
264829|Child_Avg|55: 353 131 52 24 9 4 1 
264831|Child_Avg|51: 376 129 53 24 9 4 1 
264898|Child_CrossABC2|8: 404 145 50 24 9 4 1 
264899|Child_CrossABC1|1: 402 147 56 24 9 4 1 
264901|Child_CrossABC2|8: 409 147 62 24 9 4 1 
264904|Child_CrossABC2|8: 597 165 53 24 9 4 1 
264905|Child_CrossABC2|8: 593 183 59 24 9 4 1 
264914|Child_CrossABC1|1: 632 167 59 24 9 4 1 
264917|Child_Cross12|33: 423 131 52 24 9 4 1 
264921|Child_Levy|4: 427 126 52 24 9 4 1 
264922|Child_Cross21|10: 424 131 47 24 9 4 1 
264927|Child_Avg|47: 511 139 49 24 9 4 1 
264935|Child_Avg|3: 396 135 44 24 9 4 1 
264992|Child_CrossABC2|8: 407 108 46 24 9 4 1 
264995|Child_CrossABC2|8: 403 114 49 24 9 4 1 
265037|Child_CrossABC1|1: 527 145 60 23 10 4 1 
265114|Child_CrossABC1|7: 355 126 56 24 9 4 1 
265118|Child_CrossABC1|1: 383 126 55 24 9 4 1 
265141|Child_Levy|8|Mutated: 399 119 55 24 9 4 1 
265150|Child_CrossABC1|1: 410 128 49 24 9 4 1 
265168|Child_CrossABC2|2: 439 161 53 24 9 4 1 
265170|Child_Cross12|57: 471 150 56 24 9 4 1 
265171|Child_CrossABC2|2: 437 142 55 24 9 4 1 
265172|Child_CrossABC2|8: 467 152 55 24 9 4 1 
265174|Survivor|1: 440 152 55 24 9 4 1 
265178|Child_Avg|39: 445 150 55 24 9 4 1 
265189|Child_CrossABC1|1: 442 133 47 24 9 4 1 
265191|Survivor|1: 401 137 46 24 9 4 1 
265199|Child_Avg|15: 405 131 44 24 9 4 1 
265253|Child_Avg|39: 396 124 47 21 10 4 1 
265264|Child_Cross21|42: 395 118 47 21 10 4 1 
265267|Survivor|1: 385 122 46 21 10 4 1 
265281|Child_CrossABC2|2: 425 121 49 21 10 4 1 
265327|Survivor|1: 391 130 48 20 9 4 1 
265365|Survivor|1: 381 125 56 21 10 4 1 
265367|Child_Cross21|14: 386 122 47 21 10 4 1 
265417|Child_CrossABC2|8: 406 129 47 24 9 4 1 
265449|Survivor|1: 339 134 50 24 9 4 1 
265453|Survivor|1: 287 113 46 24 9 4 1 
265469|Child_Avg|15: 425 127 46 21 10 4 1 
265470|Child_Cross12|33: 425 128 47 23 10 4 1 
265515|Child_CrossABC1|7: 417 159 62 24 9 4 1 
265519|Survivor|1: 427 159 55 24 9 4 1 
265520|Child_Avg|31: 418 133 55 24 9 4 1 
265525|Survivor|1: 377 122 52 24 9 4 1 
265544|Survivor|1: 378 109 43 24 9 4 1 
265556|Child_Avg|55: 389 114 61 24 9 4 1 
265564|Child_Avg|59: 416 150 67 24 9 4 1 
265565|Child_CrossABC2|2: 406 161 71 24 9 4 1 
265567|Child_Cross21|14: 419 126 64 24 9 4 1 
265570|Child_Avg|3: 368 152 55 24 9 4 1 
265571|Child_Cross12|13: 362 128 55 24 9 4 1 
265574|Child_CrossABC1|7: 354 131 56 24 9 4 1 
265608|Child_Cross21|50|Mutated: 432 121 46 24 9 4 1 
265699|Survivor|1: 696 195 59 27 10 4 1 
265712|Child_Avg|59: 549 174 65 24 9 4 1 
265721|Child_Avg|43: 382 144 53 24 9 4 1 
265728|Child_CrossABC2|8: 363 141 49 24 9 4 1 
265730|Child_CrossABC1|1: 365 142 49 24 9 4 1 
265735|Child_CrossABC1|7: 371 143 49 24 9 4 1 
265746|Child_Cross12|21: 367 143 49 24 9 4 1 
265830|Child_LevyP1|3|Mutated: 347 138 55 24 9 4 1 
265848|Survivor|1: 378 119 48 20 9 4 1 
265855|Child_Avg|11: 391 123 48 20 9 4 1 
265859|Survivor|1: 401 125 52 20 9 4 1 
265861|Child_CrossABC1|1: 391 121 52 20 9 4 1 
265945|Child_CrossABC1|1: 436 167 67 24 9 4 1 
265949|Survivor|1: 362 163 65 24 9 4 1 
265951|Child_Cross12|33: 381 152 58 24 9 4 1 
265952|Child_CrossABC2|2: 395 154 59 24 9 4 1 
265953|Child_Avg|31: 373 146 53 24 9 4 1 
265956|Child_CrossABC1|7: 372 157 55 24 9 4 1 
265959|Child_CrossABC2|8: 388 159 55 24 9 4 1 
265962|Child_CrossABC1|7: 437 129 58 24 9 4 1 
265970|Child_CrossABC1|1: 346 135 55 24 9 4 1 
265982|Child_Avg|31: 401 125 52 24 9 4 1 
266059|Child_LevyP2|10: 362 142 53 24 9 4 1 
266066|Child_CrossABC1|1: 350 129 52 24 9 4 1 
266068|Child_Levy|24: 349 129 51 23 10 4 1 
266073|Survivor|1|Mutated: 349 133 43 24 9 4 1 
266078|Survivor|1: 355 128 47 24 9 4 1 
266089|Survivor|1: 344 131 50 24 9 4 1 
266103|Survivor|1: 362 129 46 24 9 4 1 
266111|Child_CrossABC2|8: 393 138 64 24 9 4 1 
266120|Child_LevyP1|9: 442 137 59 24 9 4 1 
266127|Child_Cross12|53: 416 130 45 23 10 4 1 
266130|Survivor|1: 399 126 43 24 9 4 1 
266181|Survivor|1: 441 136 62 24 9 4 1 
266186|Child_Cross21|54: 429 132 50 24 9 4 1 
266188|Child_CrossABC1|1: 408 141 61 24 9 4 1 
266192|Survivor|1: 411 132 53 24 9 4 1 
266198|Child_CrossABC2|8: 420 134 59 24 9 4 1 
266199|Child_CrossABC2|2: 414 123 59 24 9 4 1 
266217|Survivor|1: 323 126 44 24 9 4 1 
266245|Survivor|1: 346 145 46 24 9 4 1 
266278|Survivor|1: 493 158 64 29 9 4 1 
266287|Child_CrossABC1|1: 466 167 71 28 11 4 1 
266289|Child_CrossABC2|2: 415 144 55 29 9 4 1 
266296|Child_Cross21|14: 376 132 52 29 9 4 1 
266304|Survivor|1: 392 140 52 29 9 4 1 
266306|Survivor|1: 388 143 52 29 9 4 1 
266312|Child_CrossABC1|7: 385 143 52 29 9 4 1 
266315|Survivor|1: 389 143 52 29 9 4 1 
266342|Survivor|1: 459 143 61 24 9 4 1 
266345|Child_Cross21|46: 481 141 46 24 9 4 1 
266347|Child_Levy|48: 422 129 55 24 9 4 1 
266357|Child_CrossABC2|8: 437 140 54 23 10 4 1 
266363|Child_Avg|27: 461 143 49 24 9 4 1 
266372|Survivor|1|Mutated: 405 130 47 24 9 4 1 
266404|Survivor|1: 375 121 47 24 9 4 1 
266406|Child_CrossABC2|8: 443 127 50 24 9 4 1 
266452|Child_Levy|4: 432 133 48 23 10 4 1 
266468|Child_CrossABC1|7: 438 123 55 24 9 4 1 
266483|Child_CrossABC2|2: 430 126 55 24 9 4 1 
266504|Child_Avg|35: 390 115 49 24 9 4 1 
266525|Child_CrossABC2|8: 405 116 49 24 9 4 1 
266535|Survivor|1: 634 189 62 24 9 4 1 
266541|Child_CrossABC1|1: 398 117 43 20 9 4 1 
266550|Survivor|1: 397 117 44 24 9 4 1 
266565|Child_Avg|31: 375 126 44 24 9 4 1 
266589|Survivor|1: 454 141 48 23 10 4 1 
266628|Survivor|1: 458 194 55 24 9 4 1 
266790|Survivor|1: 467 128 46 24 9 4 1 
266815|Survivor|1: 383 117 41 20 9 4 1 
266822|Survivor|1: 350 119 46 21 10 4 1 
266870|Child_CrossABC2|2|Mutated: 395 114 55 20 9 4 1 
266928|Child_Avg|3: 376 123 62 24 9 4 1 
266930|Random|9: 380 153 53 24 9 4 1 
266938|Child_CrossABC1|1: 348 145 52 24 9 4 1 
266949|Child_CrossABC2|2: 445 142 55 24 9 4 1 
266962|Child_Levy|40: 393 136 46 20 9 4 1 
266994|Child_Avg|3: 414 137 54 23 10 4 1 
267002|Child_Cross12|37: 406 134 47 23 10 4 1 
267047|Child_CrossABC1|1: 388 147 51 23 10 4 1 
267056|Survivor|1: 374 145 50 23 10 4 1 
267061|Child_CrossABC2|2: 365 143 45 23 10 4 1 
267063|Child_Levy|36: 621 175 62 29 10 4 1 
267082|Survivor|1: 626 176 61 29 10 4 1 
267086|Child_Avg|31: 401 123 52 29 9 4 1 
267128|Survivor|1: 382 139 57 29 9 4 1 
267137|Survivor|1: 370 144 47 23 10 4 1 
267250|Survivor|1: 395 121 47 23 10 4 1 
267271|Child_Cross12|17: 411 121 44 23 10 4 1 
267355|Child_CrossABC1|7: 398 149 56 24 9 4 1 
267367|Child_Cross12|29: 367 131 55 24 9 4 1 
267383|Child_CrossABC2|8: 420 136 53 24 9 4 1 
267395|Child_CrossABC1|7: 458 129 49 24 9 4 1 
267397|Child_CrossABC2|8: 425 164 62 24 9 4 1 
267407|Child_CrossABC1|1: 429 164 62 24 9 4 1 
267440|Survivor|1: 556 176 56 27 10 4 1 
267442|Survivor|1: 438 160 55 27 10 4 1 
267451|Survivor|1: 383 118 47 25 9 4 1 
267470|Survivor|1: 442 140 61 29 9 4 1 
267484|Child_CrossABC1|7|Mutated: 450 133 49 24 9 4 1 
267498|Child_CrossABC1|1: 456 131 50 24 9 4 1 
267510|Child_CrossABC1|7: 466 129 53 24 9 4 1 
267516|Child_CrossABC2|2: 429 132 59 24 9 4 1 
267521|Survivor|1: 448 121 52 24 9 4 1 
267532|Survivor|1: 453 126 47 24 9 4 1 
267577|Survivor|1: 434 128 59 24 9 4 1 
267578|Child_Cross21|2|Mutated: 419 123 52 24 9 4 1 
267657|Child_CrossABC1|7: 350 143 45 23 10 4 1 
267688|Child_CrossABC1|1: 351 114 50 24 9 4 1 
267696|Child_CrossABC1|1: 364 113 43 24 9 4 1 
267706|Child_CrossABC1|1: 362 148 47 24 9 4 1 
267708|Child_CrossABC2|8: 369 149 52 24 9 4 1 
267738|Child_Avg|7: 392 138 61 24 9 4 1 
267789|Survivor|1: 590 154 56 25 9 4 1 
267801|Child_Avg|19: 391 114 50 24 9 4 1 
267886|Survivor|1: 418 141 49 21 10 4 1 
267890|Survivor|1: 397 115 49 24 9 4 1 
267898|Child_CrossABC1|7: 414 112 55 24 9 4 1 
267918|Child_CrossABC2|2: 378 117 52 24 9 4 1 
268115|Child_Avg|27: 490 150 57 23 10 4 1 
268131|Survivor|1: 435 166 50 24 9 4 1 
268134|Child_CrossABC2|8: 397 157 55 24 9 4 1 
268137|Child_CrossABC2|8: 426 152 53 24 9 4 1 
268146|Child_CrossABC1|7: 368 134 49 24 9 4 1 
268165|Survivor|1|Mutated: 430 166 65 24 9 4 1 
268167|Child_Levy|16: 562 153 58 24 9 4 1 
268170|Child_CrossABC2|2: 594 162 67 24 9 4 1 
268172|Child_Avg|23: 412 140 61 24 9 4 1 
268178|Child_LevyP2|4|Mutated: 423 119 57 23 10 4 1 
268188|Child_CrossABC2|8: 371 132 55 24 9 4 1 
268189|Child_CrossABC1|7: 370 143 61 24 9 4 1 
268299|Survivor|1: 339 130 47 24 9 4 1 
268339|Survivor|1: 401 141 64 29 9 4 1 
268345|Child_Avg|27: 472 170 59 24 9 4 1 
268351|Survivor|1: 396 156 53 24 9 4 1 
268358|Survivor|1: 365 152 49 24 9 4 1 
268361|Child_CrossABC1|1: 417 166 50 24 9 4 1 
268365|Child_CrossABC1|7: 399 159 49 24 9 4 1 
268388|Survivor|1: 449 146 44 24 9 4 1 
268411|Child_Cross21|38: 434 125 41 24 9 4 1 
268451|Survivor|1: 681 129 51 19 10 4 1 
268454|Child_Cross12|25: 365 131 45 19 10 4 1 
268462|Child_Cross12|33: 384 125 41 19 10 4 1 
268500|Child_CrossABC2|2: 396 112 44 19 10 4 1 
268520|Survivor|1: 466 159 58 24 9 4 1 
268531|Survivor|1: 390 139 52 24 9 4 1 
268534|Child_Avg|59: 380 133 55 24 9 4 1 
268535|Child_Avg|15: 381 133 52 24 9 4 1 
268545|Child_Avg|31: 396 130 49 24 9 4 1 
268551|Survivor|1: 446 140 54 23 10 4 1 
268660|Survivor|1: 385 124 44 19 10 4 1 
268662|Survivor|1: 387 155 51 19 10 4 1 
268678|Child_Cross21|34: 385 137 41 19 10 4 1 
268701|Child_Cross21|34: 374 137 41 19 10 4 1 
268734|Child_Avg|35: 388 137 41 19 10 4 1 
268779|Child_CrossABC1|1: 338 130 49 24 9 4 1 
268810|Survivor|1: 662 159 68 21 10 4 1 
268831|Survivor|1: 395 114 50 24 9 4 1 
268834|Child_Avg|27|Mutated: 576 162 59 21 10 4 1 
268846|Child_Cross12|13|Mutated: 624 159 59 21 10 4 1 
268851|Survivor|1|Mutated: 607 161 59 21 10 4 1 
268852|Child_Cross12|1: 445 128 50 21 10 4 1 
268856|Child_CrossABC2|8: 413 131 53 19 10 4 1 
268858|Survivor|1: 401 122 48 20 9 4 1 
268871|Child_Cross21|22|Mutated: 398 129 48 20 9 4 1 
268904|Child_Cross21|42: 415 172 58 24 9 4 1 
268925|Child_CrossABC2|8: 317 141 49 24 9 4 1 
268943|Child_CrossABC2|8: 385 143 53 24 9 4 1 
268947|Child_CrossABC2|8|Mutated: 384 170 55 24 9 4 1 
268952|Child_Cross12|17: 399 155 50 24 9 4 1 
268988|Survivor|1: 377 131 61 24 9 4 1 
268995|Survivor|1: 482 141 49 24 9 4 1 
269000|Child_Cross21|38: 469 145 47 24 9 4 1 
269001|Child_CrossABC2|8: 488 142 49 24 9 4 1 
269002|Child_CrossABC1|1: 487 142 49 24 9 4 1 
269004|Child_Avg|3|Mutated: 460 145 55 24 9 4 1 
269014|Child_CrossABC2|2|Mutated: 329 134 52 24 9 4 1 
269021|Survivor|1: 411 142 49 24 9 4 1 
269033|Child_Cross21|14: 410 146 43 24 9 4 1 
269215|Child_Levy|32: 374 129 47 21 10 4 1 
269267|Child_Avg|35: 416 120 45 23 10 4 1 
269347|Child_CrossABC1|1: 491 140 61 24 9 4 1 
269350|Child_Cross12|13: 410 116 51 19 10 4 1 
269362|Survivor|1: 420 134 55 20 9 4 1 
269371|Child_CrossABC1|7: 388 118 55 20 9 4 1 
269375|Child_CrossABC2|2: 398 127 45 20 9 4 1 
269445|Survivor|1: 380 113 46 20 9 4 1 
269562|Survivor|1: 444 131 47 25 9 4 1 
269675|Survivor|1: 379 137 44 24 9 4 1 
269681|Survivor|1: 375 140 43 24 9 4 1 
269696|Child_CrossABC1|7: 364 127 44 23 10 4 1 
269714|Survivor|1: 413 156 47 23 10 4 1 
269722|Survivor|1: 446 119 49 24 9 4 1 
269734|Child_Cross21|54: 419 122 56 24 9 4 1 
269747|Child_Avg|3: 394 121 50 24 9 4 1 
269824|Survivor|1: 415 113 48 23 10 4 1 
269831|Survivor|1: 412 111 50 23 10 4 1 
269870|Child_Cross12|45: 430 118 43 24 9 4 1 
269941|Child_CrossABC1|1: 389 131 56 24 9 4 1 
269943|Survivor|1|Mutated: 377 122 56 24 9 4 1 
270027|Survivor|1: 346 121 50 24 9 4 1 
270034|Child_Cross12|33: 379 130 49 24 9 4 1 
270057|Child_Levy|8: 494 146 57 23 10 4 1 
270088|Survivor|1: 471 186 55 27 10 4 1 
270093|Survivor|1: 445 160 55 27 10 4 1 
270098|Child_LevyABC1|5: 447 170 55 27 10 4 1 
270111|Child_CrossABC1|7: 417 137 52 24 9 4 1 
270112|Child_CrossABC2|8: 429 137 58 24 9 4 1 
270172|Child_Cross21|42|Mutated: 666 179 59 27 14 4 1 
270181|Child_Avg|35: 508 141 57 23 10 4 1 
270186|Child_Cross12|41: 400 122 45 20 9 4 1 
270188|Survivor|1: 429 132 52 21 9 4 1 
270243|Survivor|1: 436 140 49 24 9 4 1 
270275|Survivor|1: 463 145 46 24 9 4 1 
270318|Child_Avg|43: 433 150 56 24 9 4 1 
270328|Child_Avg|27: 388 119 45 23 10 4 1 
270391|Child_Levy|16|Mutated: 417 135 53 25 9 4 1 
270393|Child_Avg|59: 408 134 51 23 10 4 1 
270437|Survivor|1: 392 116 43 19 10 4 1 
270440|Child_Avg|23: 383 121 43 19 10 4 1 
270444|Child_CrossABC2|2: 367 113 45 19 10 4 1 
270482|Survivor|1: 402 118 44 19 10 4 1 
270553|Child_CrossABC1|7: 409 131 46 24 9 4 1 
270583|Child_Cross21|18: 371 157 46 24 9 4 1 
270597|Survivor|1: 410 127 55 25 9 4 1 
270653|Survivor|1: 389 111 49 24 9 4 1 
270716|Survivor|1: 388 122 55 20 9 4 1 
270720|Child_Avg|39: 456 129 52 24 9 4 1 
270722|Survivor|1: 392 118 55 20 9 4 1 
270723|Child_CrossABC2|8: 392 141 52 20 9 4 1 
270724|Child_Cross21|38: 425 122 53 19 10 4 1 
270744|Child_Cross12|25: 420 120 54 23 10 4 1 
270750|Child_CrossABC2|2: 404 120 54 23 10 4 1 
270799|Child_CrossABC1|1: 415 140 49 24 9 4 1 
270821|Child_CrossABC1|1: 371 140 55 24 9 4 1 
270825|Child_Cross12|33: 365 138 53 24 9 4 1 
270867|Child_Cross21|46: 348 125 47 24 9 4 1 
270868|Child_Avg|27: 361 123 46 24 9 4 1 
270944|Survivor|1: 312 123 56 24 9 4 1 
270951|Survivor|1: 319 117 49 24 9 4 1 
270960|Survivor|1: 369 128 48 23 10 4 1 
270971|Survivor|1: 329 126 52 24 9 4 1 
271001|Survivor|1: 421 133 53 24 9 4 1 
271086|Survivor|1: 385 118 58 24 9 4 1 
271101|Survivor|1: 367 111 52 24 9 4 1 
271102|Child_Cross21|14: 356 128 53 24 9 4 1 
271105|Child_Cross21|2: 355 137 53 24 9 4 1 
271111|Child_Avg|59: 349 138 53 24 9 4 1 
271117|Child_CrossABC1|7: 350 142 55 24 9 4 1 
271154|Child_Cross12|53: 450 128 47 24 9 4 1 
271222|Child_CrossABC2|8: 445 136 50 24 9 4 1 
271298|Child_Avg|51|Mutated: 400 135 55 24 9 4 1 
271385|Child_CrossABC1|7: 419 108 46 24 9 4 1 
271462|Child_Cross21|42: 632 164 64 29 9 4 1 
271474|Child_CrossABC2|8: 612 161 68 29 9 4 1 
271481|Child_CrossABC1|7: 603 143 61 29 9 4 1 
271516|Survivor|1: 455 121 52 24 9 4 1 
271705|Survivor|1: 410 137 43 24 9 4 1 
271726|Child_Avg|11: 394 123 54 19 10 4 1 
271731|Child_Levy|4: 503 180 57 23 10 4 1 
271734|Child_Avg|7: 390 126 47 23 10 4 1 
271746|Survivor|1: 383 127 49 24 9 4 1 
271750|Child_Avg|11: 388 122 47 24 9 4 1 
271810|Survivor|1: 373 141 52 21 9 4 1 
271842|Survivor|1: 442 143 58 24 9 4 1 
271843|Child_CrossABC1|1: 411 133 44 24 9 4 1 
271844|Child_Cross12|1: 443 146 56 24 9 4 1 
271908|Survivor|1: 487 168 55 27 10 4 1 
271914|Child_Avg|55: 466 156 61 24 9 4 1 
271915|Child_Avg|31: 421 145 57 23 10 4 1 
271931|Child_CrossABC1|7: 460 145 57 23 10 4 1 
271949|Survivor|1: 522 145 57 23 10 4 1 
272004|Child_Cross12|1: 309 116 41 19 10 4 1 
272021|Child_Cross21|54: 318 122 41 19 10 4 1 
272029|Child_Avg|19: 322 124 41 19 10 4 1 
272048|Child_Avg|51: 321 124 41 19 10 4 1 
272059|Child_Avg|51|Mutated: 321 124 45 19 10 4 1 
272074|Child_Cross12|5: 322 125 41 19 10 4 1 
272097|Child_Avg|51: 320 124 41 19 10 4 1 
272177|Child_Avg|35: 351 143 55 24 9 4 1 
272179|Child_Cross12|13: 364 136 49 24 9 4 1 
272181|Child_Avg|39: 354 143 53 24 9 4 1 
272188|Child_Avg|35|Mutated: 353 141 44 23 10 4 1 
272202|Survivor|1: 356 139 44 23 10 4 1 
272205|Survivor|1: 356 140 44 23 10 4 1 
272264|Child_Cross12|17: 433 123 46 21 10 4 1 
272268|Child_Avg|43: 404 122 55 20 9 4 1 
272307|Child_Avg|11: 385 114 44 24 9 4 1 
272311|Survivor|1: 395 115 44 24 9 4 1 
272313|Child_CrossABC2|2: 387 115 44 24 9 4 1 
272315|Child_LevyABC1|5: 377 114 53 24 9 4 1 
272323|Survivor|1: 381 114 64 24 9 4 1 
272359|Survivor|1: 399 129 46 24 9 4 1 
272404|Survivor|1: 414 127 44 23 10 4 1 
272419|Child_CrossABC1|7: 392 126 46 21 10 4 1 
272423|Child_CrossABC2|2: 382 124 41 19 10 4 1 
272456|Survivor|1: 421 145 51 19 10 4 1 
272509|Child_CrossABC2|2: 391 146 53 19 10 4 1 
272572|Survivor|1: 455 152 46 24 9 4 1 
272586|Survivor|1: 369 149 51 23 10 4 1 
272590|Survivor|1: 369 147 51 23 10 4 1 
272599|Child_Avg|23: 315 117 52 24 9 4 1 
272601|Child_Cross21|58: 364 143 53 24 9 4 1 
272617|Survivor|1: 339 128 46 24 9 4 1 
272639|Child_Avg|47: 362 118 47 21 10 4 1 
272659|Child_CrossABC1|1: 374 121 49 21 10 4 1 
272661|Child_CrossABC1|1: 419 122 47 21 10 4 1 
272664|Child_Avg|35: 607 153 57 21 10 4 1 
272684|Survivor|1: 722 175 61 24 9 4 1 
272738|Child_Cross12|41: 397 155 49 24 9 4 1 
272744|Child_CrossABC2|2: 357 157 55 27 10 4 1 
272747|Survivor|1: 364 154 55 24 9 4 1 
272755|Child_CrossABC1|1: 368 135 55 24 9 4 1 
272779|Survivor|1: 400 137 44 23 10 4 1 
272853|Child_Cross12|37: 451 179 57 23 10 4 1 
272860|Child_CrossABC1|1: 449 152 59 24 9 4 1 
272865|Survivor|1: 449 150 65 24 9 4 1 
272867|Child_CrossABC1|7: 429 129 58 24 9 4 1 
272902|Child_Avg|7: 382 141 49 24 9 4 1 
272935|Child_Levy|24: 466 169 55 27 10 4 1 
272943|Child_Levy|8: 412 142 57 23 10 4 1 
272952|Child_CrossABC1|7: 397 122 53 24 9 4 1 
272963|Child_LevyP1|3: 418 118 53 24 9 4 1 
272966|Survivor|1: 426 125 55 24 9 4 1 
272973|Child_CrossABC1|7: 321 122 47 23 10 4 1 
273046|Survivor|1: 361 108 46 24 9 4 1 
273067|Survivor|1: 363 125 47 24 9 4 1 
273081|Child_CrossABC2|2: 397 119 59 24 9 4 1 
273089|Child_Avg|15|Mutated: 431 122 53 24 9 4 1 
273133|Child_CrossABC2|8: 668 178 57 23 10 4 1 
273139|Survivor|1: 552 157 54 23 10 4 1 
273142|Child_Cross12|9: 563 153 58 24 9 4 1 
273145|Child_CrossABC2|8: 371 137 55 24 9 4 1 
273169|Child_Avg|35: 477 181 58 23 10 4 1 
273175|Child_CrossABC2|8: 467 182 59 24 9 4 1 
273202|Survivor|1: 399 154 46 24 9 4 1 
273227|Survivor|1: 321 131 46 21 10 4 1 
273268|Child_CrossABC2|8: 420 135 46 21 10 4 1 
273276|Survivor|1: 356 118 45 21 10 4 1 
273393|Child_CrossABC2|2: 369 136 55 24 9 4 1 
273394|Child_CrossABC2|8: 374 129 50 24 9 4 1 
273400|Survivor|1: 379 132 49 21 10 4 1 
273402|Child_CrossABC2|2: 366 131 49 21 10 4 1 
273403|Child_CrossABC1|7: 337 132 49 21 10 4 1 
273404|Child_CrossABC2|2: 441 136 49 21 10 4 1 
273406|Child_CrossABC1|1: 388 136 49 21 10 4 1 
273442|Child_Cross21|34: 389 133 53 24 11 5 1 
273469|Child_Avg|59: 407 127 43 20 9 4 1 
273472|Child_Avg|11: 405 131 43 20 9 4 1 
273534|Survivor|1: 371 118 41 20 9 4 1 
273550|Child_Avg|35|Mutated: 385 116 45 20 9 4 1 
273577|Survivor|1: 415 122 51 24 11 4 1 
273588|Child_CrossABC1|7: 418 118 49 24 9 4 1 
273599|Survivor|1: 391 108 59 24 9 4 1 
273649|Child_CrossABC1|1: 379 105 50 24 9 4 1 
273667|Child_Cross21|42: 373 107 49 24 9 4 1 
273690|Child_Avg|3|Mutated: 400 108 49 24 9 4 1 
273719|Survivor|1: 528 207 71 23 10 4 1 
273723|Child_Cross12|17: 616 178 60 23 10 4 1 
273725|Child_Cross12|21: 598 144 55 23 10 4 1 
273726|Child_Avg|51: 550 159 55 21 10 4 1 
273741|Survivor|1: 390 140 54 25 10 4 1 
273742|Child_LevyP1|9: 379 134 47 25 9 4 1 
273750|Child_Cross12|25: 396 157 44 24 9 4 1 
273756|Survivor|1: 401 144 43 20 9 4 1 
273771|Survivor|1: 413 144 43 20 9 4 1 
273792|Child_Cross12|45: 407 144 43 20 9 4 1 
273870|Child_Avg|3: 407 143 57 20 9 4 1 
273884|Survivor|1: 391 122 46 20 9 4 1 
273890|Child_CrossABC2|8: 411 127 52 20 9 4 1 
273898|Survivor|1: 383 113 46 20 9 4 1 
273948|Survivor|1: 454 156 53 24 9 4 1 
273968|Child_Avg|59: 425 153 52 24 9 4 1 
273970|Child_CrossABC2|2: 432 141 53 24 9 4 1 
273972|Child_Cross12|41: 433 161 52 24 9 4 1 
273973|Child_Cross21|34: 449 166 52 24 9 4 1 
273974|Child_CrossABC1|7: 449 163 52 24 9 4 1 
273980|Child_CrossABC1|7: 431 166 55 24 9 4 1 
273989|Child_CrossABC2|2: 443 133 55 24 9 4 1 
273992|Child_Cross21|22: 419 129 53 24 9 4 1 
273993|Child_Cross12|57: 395 125 52 24 9 4 1 
274029|Child_CrossABC1|1: 411 131 47 24 9 4 1 
274076|Child_Avg|47: 595 153 58 23 10 4 1 
274090|Child_CrossABC1|7: 615 153 57 23 10 4 1 
274092|Child_Avg|47: 613 153 58 23 10 4 1 
274095|Child_CrossABC1|7: 609 155 58 23 10 4 1 
274097|Child_Cross12|49: 579 151 54 23 10 4 1 
274101|Child_CrossABC2|8: 536 168 57 23 10 4 1 
274131|Child_CrossABC2|8: 446 126 51 23 10 4 1 
274148|Survivor|1: 427 128 47 23 10 4 1 
274149|Child_Cross21|10: 424 129 45 23 10 4 1 
274235|Child_LevyP2|10: 700 197 64 30 11 5 1 
274239|Child_CrossABC2|8: 623 181 62 29 10 4 1 
274256|Survivor|1: 437 155 65 24 9 4 1 
274258|Child_Cross21|14: 371 154 59 24 9 4 1 
274261|Child_Avg|31: 385 152 55 24 9 4 1 
274263|Child_Avg|35: 383 139 52 24 9 4 1 
274273|Child_Cross12|29: 435 132 46 24 9 4 1 
274279|Child_Levy|16: 445 136 55 24 9 4 1 
274289|Child_Cross12|25: 397 144 51 23 10 4 1 
274299|Child_CrossABC1|1: 396 143 57 23 10 4 1 
274305|Child_CrossABC2|2: 396 142 57 23 10 4 1 
274306|Child_CrossABC1|1: 388 143 54 23 10 4 1 
274307|Child_Cross21|58: 389 142 51 23 10 4 1 
274308|Child_Avg|27: 394 142 51 23 10 4 1 
274309|Child_CrossABC1|1: 395 142 51 23 10 4 1 
274311|Child_Levy|52: 393 133 48 23 10 4 1 
274325|Survivor|1|Mutated: 400 138 47 23 10 4 1 
274349|Child_CrossABC2|2: 371 161 52 24 9 4 1 
274369|Child_Cross21|18: 389 121 46 24 9 4 1 
274395|Child_Avg|43: 409 123 52 24 9 4 1 
274419|Survivor|1: 473 159 67 24 9 4 1 
274425|Child_Avg|27: 409 152 53 24 9 4 1 
274429|Child_LevyABC1|5: 407 124 58 24 9 4 1 
274446|Child_CrossABC2|8: 384 135 49 24 9 4 1 
274451|Child_CrossABC2|2: 397 129 49 24 11 4 1 
274462|Survivor|1: 389 129 44 24 9 4 1 
274489|Child_Avg|19|Mutated: 638 186 65 27 10 4 1 
274504|Survivor|1: 464 143 47 21 10 4 1 
274510|Survivor|1: 471 137 45 21 10 4 1 
274515|Survivor|1: 619 166 61 19 10 4 1 
274534|Child_Avg|11: 597 157 64 28 11 4 1 
274539|Survivor|1: 481 144 58 23 10 4 1 
274549|Child_Cross12|57: 429 134 58 24 9 4 1 
274633|Survivor|1: 408 111 44 24 9 4 1 
274699|Survivor|1: 395 120 47 24 9 4 1 
274717|Child_Avg|3: 426 127 52 24 9 4 1 
274720|Child_CrossABC2|8: 423 127 52 24 9 4 1 
274805|Survivor|1: 396 153 53 24 11 4 1 
274811|Child_Cross12|29: 381 149 47 23 10 4 1 
274818|Child_Avg|39: 400 148 47 23 10 4 1 
274827|Child_Cross12|49: 411 149 47 23 10 4 1 
274830|Child_Avg|31: 403 148 47 23 10 4 1 
274834|Child_Cross21|30: 402 146 47 23 10 4 1 
274850|Child_Avg|19: 379 149 47 23 10 4 1 
274875|Survivor|1: 364 148 47 23 10 4 1 
274876|Child_Avg|27: 488 186 55 23 10 4 1 
274883|Child_Cross12|33: 379 146 47 23 10 4 1 
274920|Child_Avg|39: 446 154 55 24 9 4 1 
275034|Survivor|1: 419 139 53 24 9 4 1 
275037|Child_CrossABC1|7: 426 143 55 24 9 4 1 
275045|Survivor|1: 423 131 49 24 9 4 1 
275047|Child_CrossABC1|1: 369 122 46 24 9 4 1 
275054|Child_Avg|15: 407 119 53 24 9 4 1 
275064|Survivor|1: 397 121 55 24 9 4 1 
275065|Child_Avg|19: 379 123 46 24 9 4 1 
275085|Child_Avg|7: 407 131 50 24 9 4 1 
275086|Child_Avg|43: 401 136 47 24 9 4 1 
275099|Survivor|1: 411 134 49 24 9 4 1 
275130|Child_LevyABC1|5: 418 149 58 24 9 4 1 
275138|Survivor|1: 402 135 47 24 9 4 1 
275161|Survivor|1: 395 124 53 24 9 4 1 
275167|Child_Cross21|22: 397 115 44 24 9 4 1 
275173|Child_Cross12|9: 388 121 43 24 9 4 1 
275278|Child_CrossABC1|1|Mutated: 353 125 48 21 10 4 1 
275300|Child_Avg|39: 403 113 46 20 9 4 1 
275326|Child_Avg|51: 440 186 67 23 10 4 1 
275340|Child_Cross12|9: 373 170 64 23 10 4 1 
275341|Child_Cross21|50: 446 159 51 23 10 4 1 
275346|Child_Avg|59: 388 153 54 23 10 4 1 
275349|Child_Avg|15: 435 166 52 24 9 4 1 
275351|Child_CrossABC1|1: 443 177 58 24 9 4 1 
275359|Survivor|1: 439 163 53 24 9 4 1 
275390|Survivor|1: 395 123 47 24 9 4 1 
275489|Survivor|1: 364 137 64 23 10 4 1 
275498|Survivor|1: 363 122 46 24 9 4 1 
275556|Survivor|1: 416 118 47 21 10 4 1 
275659|Survivor|1: 355 129 44 24 9 4 1 
275666|Child_Cross21|38: 456 184 59 21 10 4 1 
275672|Child_CrossABC1|7: 381 133 55 21 10 4 1 
275699|Child_Avg|7: 429 128 46 24 9 4 1 
275744|Survivor|1: 373 121 47 24 9 4 1 
275758|Child_Cross21|42: 409 152 46 24 9 4 1 
275960|Survivor|1: 357 134 56 24 9 4 1 
275967|Survivor|1: 386 132 59 24 9 4 1 
275968|Child_CrossABC2|2: 371 134 53 24 9 4 1 
275986|Survivor|1: 347 135 50 24 9 4 1 
275996|Survivor|1: 350 133 55 24 9 4 1 
276055|Child_Cross12|45: 411 124 47 23 10 4 1 
276081|Child_CrossABC2|8: 430 159 60 23 10 4 1 
276113|Survivor|1: 403 112 58 23 10 4 1 
276139|Child_CrossABC1|7: 371 111 47 23 10 4 1 
276153|Survivor|1: 380 114 47 23 10 4 1 
276158|Survivor|1: 383 115 47 23 10 4 1 
276165|Child_CrossABC1|1: 376 114 54 23 10 4 1 
276186|Child_Cross21|2: 403 117 43 19 10 4 1 
276230|Survivor|1: 370 103 43 19 10 4 1 
276241|Survivor|1: 387 116 41 19 10 4 1 
276253|Child_Cross12|29: 399 116 55 19 10 4 1 
276254|Child_Avg|19: 578 132 58 23 10 4 1 
276306|Survivor|1: 469 140 59 21 10 4 1 
276314|Survivor|1: 365 139 49 21 10 4 1 
276317|Child_CrossABC2|2: 381 130 45 21 10 4 1 
276323|Child_Cross12|9: 427 126 45 19 10 4 1 
276406|Survivor|1: 403 124 45 21 10 4 1 
276481|Child_LevyABC1|5: 365 116 61 23 10 4 1 
276482|Child_Cross21|42: 575 166 61 23 10 4 1 
276484|Child_Avg|51: 423 124 65 24 9 4 1 
276486|Survivor|1: 431 154 61 23 10 4 1 
276527|Survivor|1: 472 192 65 28 11 4 1 
276548|Survivor|1: 339 131 47 24 9 4 1 
276655|Child_Levy|36: 385 129 48 20 9 4 1 
276662|Survivor|1: 391 129 47 21 10 4 1 
276665|Survivor|1: 368 113 45 21 10 4 1 
276668|Child_Cross12|33: 376 108 43 19 10 4 1 
276672|Child_Levy|60: 591 149 58 24 9 4 1 
276822|Child_Levy|20: 466 143 56 24 9 4 1 
276825|Child_Cross12|53: 447 147 53 24 9 4 1 
276927|Survivor|1: 448 149 59 24 9 4 1 
276931|Child_CrossABC1|1: 592 177 64 24 9 4 1 
276941|Child_Avg|31: 566 169 61 24 9 4 1 
276943|Survivor|1: 564 173 62 24 9 4 1 
276946|Child_Cross21|50: 541 158 58 24 9 4 1 
276949|Child_Avg|11: 423 123 53 24 9 4 1 
276952|Child_Cross12|33: 429 148 53 24 9 4 1 
276954|Child_Avg|31|Mutated: 395 129 52 24 9 4 1 
276955|Child_CrossABC2|8: 396 130 55 24 9 4 1 
276957|Child_Cross21|30: 380 129 52 24 9 4 1 
276968|Survivor|1: 375 137 52 24 9 4 1 
276970|Child_CrossABC1|1: 363 117 52 24 9 4 1 
276999|Child_Cross21|38|Mutated: 407 122 52 24 9 4 1 
277030|Survivor|1: 514 194 65 27 10 4 1 
277035|Child_CrossABC2|8: 450 187 61 29 10 4 1 
277040|Child_CrossABC2|2: 436 179 58 23 10 4 1 
277046|Child_Avg|47: 446 143 49 24 9 4 1 
277049|Survivor|1: 469 139 49 24 9 4 1 
277052|Survivor|1: 463 136 49 24 9 4 1 
277054|Child_Cross12|1: 464 136 49 24 9 4 1 
277055|Child_Cross21|26|Mutated: 407 146 47 24 9 4 1 
277065|Survivor|1: 462 136 49 24 9 4 1 
277070|Survivor|1|Mutated: 462 160 49 24 9 4 1 
277075|Survivor|1: 396 154 49 24 9 4 1 
277079|Child_CrossABC2|2: 432 154 47 24 9 4 1 
277080|Child_CrossABC2|8: 374 154 47 24 9 4 1 
277081|Child_Cross12|41: 385 152 46 24 9 4 1 
277164|Child_CrossABC2|2: 402 151 43 24 9 4 1 
277177|Child_CrossABC2|2: 398 141 61 24 9 4 1 
277186|Child_Levy|60: 395 152 49 24 9 4 1 
277200|Child_CrossABC2|2: 391 127 46 24 9 4 1 
277247|Survivor|1: 462 132 43 24 9 4 1 
277297|Child_Cross21|58|Mutated: 378 155 52 24 9 4 1 
277311|Child_LevyABC2|6: 399 128 55 24 9 4 1 
277395|Child_Cross12|9: 394 127 49 25 9 4 1 
277396|Child_Cross21|2: 412 129 48 20 9 4 1 
277411|Survivor|1|Mutated: 301 119 49 24 9 4 1 
277444|Survivor|1: 540 151 52 24 9 4 1 
277478|Survivor|1: 455 132 46 24 9 4 1 
277491|Survivor|1: 401 119 50 24 9 4 1 
277526|Child_Levy|8: 374 129 52 24 9 4 1 
277532|Child_Avg|31: 388 129 55 24 9 4 1 
277543|Child_CrossABC2|8: 382 149 61 24 9 4 1 
277560|Survivor|1: 349 168 49 24 9 4 1 
277584|Survivor|1: 404 131 53 24 9 4 1 
277590|Child_Levy|60: 398 115 44 23 10 4 1 
277596|Child_CrossABC2|2: 378 107 45 23 10 4 1 
277607|Survivor|1: 406 131 52 21 9 4 1 
277688|Survivor|1: 382 117 63 25 10 4 1 
277703|Child_CrossABC2|2: 399 114 53 24 9 4 1 
277725|Child_Levy|20: 536 167 70 29 9 4 1 
277728|Survivor|1: 438 147 61 24 9 4 1 
277729|Child_Cross21|50: 586 159 59 24 9 4 1 
277731|Child_CrossABC2|8: 547 158 59 24 9 4 1 
277745|Child_CrossABC2|8: 395 126 67 24 9 4 1 
277754|Survivor|1: 419 125 52 24 9 4 1 
277839|Survivor|1: 448 156 62 24 9 4 1 
277844|Child_Avg|27: 395 153 50 24 9 4 1 
277876|Child_Avg|23: 438 141 49 24 9 4 1 
277881|Child_Avg|55: 420 150 43 24 9 4 1 
277886|Child_Cross21|14: 386 146 43 24 9 4 1 
277899|Survivor|1|Mutated: 384 151 52 24 9 4 1 
277923|Survivor|1: 391 142 49 23 8 3 1 
277966|Survivor|1: 371 144 47 24 9 4 1 
278003|Child_Levy|40: 421 134 47 23 10 4 1 
278028|Child_Avg|15: 423 121 47 23 10 4 1 
278076|Child_CrossABC2|8: 415 124 47 23 10 4 1 
278084|Survivor|1: 407 118 45 23 10 4 1 
278104|Survivor|1: 411 119 41 19 10 4 1 
278114|Child_CrossABC1|1: 392 119 41 19 10 4 1 
278115|Child_Cross12|57: 393 119 41 19 10 4 1 
278155|Survivor|1: 419 115 60 21 10 4 1 
278165|Child_Cross21|54: 386 115 48 21 10 4 1 
278179|Survivor|1: 434 145 59 21 10 4 1 
278187|Child_CrossABC1|1: 420 127 57 21 10 4 1 
278193|Survivor|1: 398 127 46 20 9 4 1 
278220|Survivor|1: 402 109 44 24 9 4 1 
278234|Survivor|1: 361 116 50 24 9 4 1 
278238|Survivor|1: 419 159 49 21 10 4 1 
278253|Child_LevyABC1|11|Mutated: 384 115 55 24 9 4 1 
278266|Survivor|1|Mutated: 416 127 59 27 10 4 1 
278334|Child_CrossABC1|1: 600 167 73 29 10 4 1 
278346|Child_Cross12|5: 589 164 69 30 11 5 1 
278359|Child_Levy|40: 436 131 55 23 10 4 1 
278372|Child_Cross21|10: 425 121 47 23 10 4 1 
278428|Child_CrossABC2|8: 394 135 44 23 10 4 1 
278441|Survivor|1: 375 155 47 23 10 4 1 
278443|Child_CrossABC2|8: 376 159 47 23 10 4 1 
278459|Survivor|1: 399 150 43 20 9 4 1 
278481|Child_CrossABC1|1: 383 121 64 24 9 4 1 
278491|Survivor|1: 385 139 47 25 9 4 1 
278498|Child_CrossABC1|7: 419 131 53 24 11 4 1 
278511|Child_CrossABC1|7: 438 136 43 24 9 4 1 
278520|Child_Avg|39: 434 133 52 24 9 4 1 
278583|Survivor|1: 409 127 61 24 9 4 1 
278584|Child_CrossABC1|1: 414 126 59 24 9 4 1 
278659|Survivor|1: 400 140 54 23 12 5 1 
278662|Child_Levy|56: 376 118 45 21 10 4 1 
278686|Child_CrossABC2|8: 385 114 49 24 9 4 1 
278691|Child_Avg|35: 490 138 53 24 9 4 1 
278717|Child_Levy|52: 463 142 49 23 12 5 1 
278753|Survivor|1: 393 126 41 24 9 4 1 
278760|Survivor|1: 415 128 54 28 11 4 1 
278774|Child_Cross12|33: 395 122 52 24 9 4 1 
278791|Child_CrossABC2|8: 330 128 43 24 9 4 1 
278864|Child_CrossABC2|8: 442 119 46 24 9 4 1 
278896|Child_CrossABC1|1: 463 148 47 23 10 4 1 
278916|Child_Cross21|6: 455 143 45 23 10 4 1 
278921|Child_Cross12|1: 395 129 45 23 10 4 1 
278927|Child_Cross21|46: 449 137 44 23 10 4 1 
278934|Child_Cross12|9: 455 140 44 23 10 4 1 
278942|Child_Cross21|38|Mutated: 403 152 45 23 10 4 1 
278949|Child_Cross21|34: 463 140 44 23 10 4 1 
278951|Child_Cross12|33: 448 139 44 23 10 4 1 
278953|Child_Cross12|29: 455 139 44 23 10 4 1 
278954|Child_Cross21|6: 451 139 44 23 10 4 1 
278970|Child_Cross21|2: 446 139 44 23 10 4 1 
278978|Child_Cross12|25: 415 138 44 23 10 4 1 
279022|Child_Avg|59: 399 139 44 23 10 4 1 
279056|Child_Cross21|58: 398 138 44 23 10 4 1 
279087|Child_Cross21|46: 428 129 57 23 10 4 1 
279091|Survivor|1: 420 137 54 23 10 4 1 
279119|Survivor|1: 570 185 58 24 9 4 1 
279126|Child_CrossABC2|2: 563 182 58 24 9 4 1 
279131|Child_Cross21|58: 579 167 58 23 10 4 1 
279138|Child_Cross21|46: 593 164 57 23 10 4 1 
279139|Child_CrossABC1|1: 569 166 57 23 10 4 1 
279140|Child_CrossABC1|1: 576 166 57 23 10 4 1 
279142|Child_CrossABC1|1: 574 166 57 23 10 4 1 
279178|Child_Avg|11: 407 172 61 23 10 4 1 
279184|Child_Cross21|6: 399 134 51 23 10 4 1 
279190|Child_Avg|27: 348 133 49 24 9 4 1 
279199|Child_Cross12|9|Mutated: 351 136 49 24 9 4 1 
279219|Child_CrossABC2|2: 372 155 52 24 9 4 1 
279367|Survivor|1: 423 113 46 24 9 4 1 
279566|Survivor|1: 379 108 43 24 9 4 1 
279588|Child_Levy|44: 540 166 57 29 9 4 1 
279592|Child_Cross21|58: 478 156 55 24 9 4 1 
279594|Child_Cross21|6: 396 150 45 23 10 4 1 
279610|Child_Cross21|14: 434 122 43 24 9 4 1 
279615|Child_Levy|28: 475 146 55 21 10 4 1 
279684|Survivor|1: 421 136 43 24 9 4 1 
279685|Child_LevyABC1|5|Mutated: 424 131 45 23 10 4 1 
279695|Child_CrossABC1|1: 421 127 44 23 10 4 1 
279762|Survivor|1: 365 116 45 21 10 4 1 
279836|Survivor|1: 357 124 56 21 10 4 1 
279845|Child_CrossABC1|1: 356 129 53 24 11 4 1 
279871|Survivor|1: 351 114 46 20 9 4 1 
279877|Child_Cross21|6: 361 113 46 20 9 4 1 
279921|Survivor|1|Mutated: 467 147 47 23 10 4 1 
279942|Child_CrossABC1|1: 421 156 58 24 9 4 1 
279945|Child_CrossABC2|2: 438 165 65 24 9 4 1 
279986|Survivor|1: 455 174 46 24 9 4 1 
279990|Child_Avg|35: 350 113 45 21 10 4 1 
280006|Survivor|1: 453 130 64 24 9 4 1 
280009|Survivor|1: 384 119 55 24 9 4 1 
280101|Child_Cross21|50: 382 117 47 21 10 4 1 
280113|Survivor|1: 321 113 43 20 9 4 1 
280128|Child_CrossABC2|2: 317 113 43 20 9 4 1 
280186|Child_CrossABC2|2: 295 114 43 20 9 4 1 
280193|Child_Cross12|49: 316 110 43 20 9 4 1 
280230|Child_CrossABC2|2: 375 114 59 20 9 4 1 
280233|Survivor|1: 374 111 52 20 9 4 1 
280237|Survivor|1: 379 117 61 20 9 4 1 
280244|Survivor|1: 365 129 57 20 9 4 1 
280251|Child_Avg|59: 364 129 54 20 9 4 1 
280254|Survivor|1: 356 129 54 20 9 4 1 
280257|Child_CrossABC2|8: 362 129 54 20 9 4 1 
280288|Child_CrossABC2|8: 642 169 52 24 9 4 1 
280342|Child_LevyP2|4: 539 187 68 24 9 4 1 
280343|Child_CrossABC1|1|Mutated: 627 160 59 24 9 4 1 
280358|Survivor|1: 548 160 61 25 10 4 1 
280359|Child_LevyABC2|6|Mutated: 468 172 73 27 10 4 1 
280364|Survivor|1: 440 140 55 24 9 4 1 
280377|Child_CrossABC1|7: 428 128 59 24 9 4 1 
280381|Child_Avg|19: 423 124 53 24 9 4 1 
280382|Child_Avg|55: 425 126 56 24 9 4 1 
280461|Child_Avg|11|Mutated: 409 140 58 21 10 4 1 
280482|Child_Levy|8: 388 145 61 25 10 4 1 
280509|Child_Cross21|18: 330 131 46 20 9 4 1 
280528|Child_Cross21|42: 316 130 43 20 9 4 1 
280538|Child_Avg|59: 328 127 43 20 9 4 1 
280539|Child_Cross21|50: 318 122 43 20 9 4 1 
280551|Child_Cross12|17: 323 124 43 20 9 4 1 
280556|Child_Cross21|34: 325 127 43 20 9 4 1 
280569|Child_Avg|43: 322 122 43 20 9 4 1 
280575|Child_Cross12|33: 329 127 43 20 9 4 1 
280577|Child_Avg|11: 309 127 43 20 9 4 1 
280682|Child_Levy|36: 467 198 59 24 9 4 1 
280696|Survivor|1: 426 126 46 21 10 4 1 
280701|Survivor|1: 411 133 45 21 10 4 1 
280717|Child_Cross21|2: 367 138 59 21 10 4 1 
280722|Child_Cross21|38: 369 149 56 21 10 4 1 
280779|Child_CrossABC2|2|Mutated: 371 126 46 21 10 4 1 
280785|Child_CrossABC2|2: 401 147 46 21 10 4 1 
280792|Child_Avg|15: 409 139 58 21 10 4 1 
280822|Child_LevyP1|9: 392 136 49 24 9 4 1 
280831|Child_CrossABC1|7: 394 125 54 23 10 4 1 
280850|Survivor|1|Mutated: 426 131 45 21 10 4 1 
280854|Child_Cross12|45: 390 128 45 21 10 4 1 
280859|Survivor|1: 349 113 45 21 10 4 1 
280874|Child_CrossABC1|1: 389 119 41 20 9 4 1 
280892|Survivor|1: 541 154 56 24 9 4 1 
280899|Child_CrossABC1|7: 545 154 56 24 9 4 1 
280900|Child_Avg|51: 424 174 59 24 9 4 1 
280904|Child_CrossABC1|7|Mutated: 438 135 62 24 9 4 1 
280905|Child_Avg|51: 433 137 58 24 9 4 1 
280908|Child_CrossABC2|2: 403 132 58 24 9 4 1 
280919|Child_Avg|39: 453 124 49 21 10 4 1 
280920|Child_CrossABC1|1: 410 134 53 24 9 4 1 
280932|Child_CrossABC2|8: 419 126 44 24 9 4 1 
280971|Child_Avg|15: 536 139 56 24 9 4 1 
280974|Child_Cross21|2: 399 136 53 24 9 4 1 
280980|Child_Cross12|29: 415 127 53 25 9 4 1 
280994|Child_Cross21|26: 369 141 49 24 9 4 1 
281060|Child_Avg|31: 529 184 55 27 10 4 1 
281084|Survivor|1: 388 141 59 20 9 4 1 
281086|Child_Levy|60: 389 138 57 21 10 4 1 
281122|Child_Cross21|10: 387 125 52 24 9 4 1 
281134|Child_Cross12|9: 388 146 47 23 10 4 1 
281189|Survivor|1: 388 149 47 25 9 4 1 
281206|Child_CrossABC1|7: 411 141 46 24 9 4 1 
281330|Survivor|1: 374 144 45 23 10 4 1 
281355|Child_CrossABC2|2: 380 152 47 24 9 4 1 
281390|Child_Avg|31: 366 111 44 24 9 4 1 
281436|Child_CrossABC1|1: 401 108 49 24 9 4 1 
281444|Child_CrossABC2|8: 404 123 47 24 9 4 1 
281458|Child_Levy|44: 362 128 56 21 10 4 1 
281466|Child_Cross12|21|Mutated: 354 122 56 21 10 4 1 
281469|Child_CrossABC1|1: 386 132 56 21 10 4 1 
281470|Child_CrossABC1|7: 405 141 56 21 10 4 1 
281476|Child_Cross21|14: 428 122 47 21 10 4 1 
281488|Survivor|1: 358 116 45 21 10 4 1 
281506|Survivor|1: 372 118 43 20 9 4 1 
281544|Survivor|1: 402 112 39 20 9 4 1 
281547|Survivor|1: 401 109 44 20 9 4 1 
281583|Survivor|1: 407 112 39 20 9 4 1 
281622|Child_Cross12|13: 471 178 55 24 9 4 1 
281626|Child_Avg|55: 573 159 52 24 9 4 1 
281633|Survivor|1|Mutated: 487 153 56 24 9 4 1 
281637|Child_Cross21|54: 447 171 58 24 9 4 1 
281685|Survivor|1: 375 132 43 24 9 4 1 
281695|Child_Cross21|34: 906 353 118 43 24 9 4 1 
281713|Child_Cross12|1: 446 124 47 24 9 4 1 
281717|Survivor|1: 402 133 50 24 9 4 1 
281770|Child_Cross21|2: 487 178 55 24 9 4 1 
281777|Survivor|1: 381 139 52 24 9 4 1 
281778|Child_CrossABC1|7: 383 137 53 24 9 4 1 
281833|Child_CrossABC1|1: 408 127 44 24 9 4 1 
281836|Child_LevyP1|9: 407 116 43 24 9 4 1 
281907|Survivor|1: 546 146 61 29 9 4 1 
281938|Survivor|1: 411 134 47 24 9 4 1 
282031|Child_CrossABC1|1: 388 127 53 24 9 4 1 
282093|Child_Cross12|37: 414 134 47 23 10 4 1 
282108|Child_CrossABC1|1: 400 115 48 21 10 4 1 
282119|Survivor|1: 400 117 47 21 10 4 1 
282156|Child_Cross21|34: 392 107 43 24 9 4 1 
282185|Survivor|1|Mutated: 313 117 47 21 10 4 1 
282192|Survivor|1: 396 129 45 20 9 4 1 
282259|Survivor|1: 376 147 47 23 10 4 1 
282262|Child_Levy|24: 376 150 47 23 10 4 1 
282273|Survivor|1: 362 131 45 23 10 4 1 
282277|Child_CrossABC2|8: 349 123 47 23 10 4 1 
282281|Child_CrossABC1|1: 393 152 47 23 10 4 1 
282300|Survivor|1: 378 138 47 23 10 4 1 
282380|Child_CrossABC2|8: 341 126 49 24 9 4 1 
282403|Child_CrossABC1|1: 417 134 52 24 9 4 1 
282442|Random|19: 736 171 67 24 9 4 1 
282456|Child_CrossABC2|2: 587 156 67 24 9 4 1 
282463|Child_CrossABC1|1: 370 143 53 24 9 4 1 
282481|Survivor|1: 419 146 58 24 9 4 1 
282483|Survivor|1: 397 142 55 24 9 4 1 
282484|Child_CrossABC1|1: 416 150 59 24 9 4 1 
282488|Survivor|1: 413 147 56 24 9 4 1 
282497|Child_CrossABC2|2: 420 139 53 24 9 4 1 
282500|Survivor|1: 425 129 53 24 9 4 1 
282536|Survivor|1: 430 127 47 23 10 4 1 
282650|Child_Avg|59: 512 143 57 23 10 4 1 
282652|Child_Avg|3: 365 125 47 23 10 4 1 
282674|Child_CrossABC1|7: 371 145 43 20 9 4 1 
282687|Survivor|1: 373 139 43 20 9 4 1 
282690|Survivor|1: 368 125 43 20 9 4 1 
282706|Child_Cross21|34: 350 128 41 19 10 4 1 
282765|Child_CrossABC2|8: 390 118 43 24 7 3 1 
282803|Child_Avg|51: 398 140 48 29 9 4 1 
282807|Survivor|1: 402 140 48 29 9 4 1 
282839|Survivor|1: 401 134 43 20 9 4 1 
282869|Survivor|1: 439 135 46 24 9 4 1 
282904|Child_Avg|35: 523 136 59 21 10 4 1 
282914|Survivor|1: 368 117 47 21 10 4 1 
282915|Child_Cross21|58|Mutated: 389 146 48 21 10 4 1 
282977|Child_CrossABC2|8: 377 121 48 20 9 4 1 
283004|Survivor|1: 398 122 50 19 10 4 1 
283087|Child_CrossABC1|1: 403 140 45 21 10 4 1 
283142|Child_Levy|12: 423 146 58 23 10 4 1 
283147|Child_Avg|23: 416 136 53 24 9 4 1 
283165|Child_Cross12|33: 432 129 52 24 9 4 1 
283182|Child_Avg|47: 420 135 52 24 9 4 1 
283247|Survivor|1: 431 125 44 24 9 4 1 
283272|Child_Levy|4: 410 129 49 24 9 4 1 
283314|Survivor|1: 423 130 49 28 9 4 1 
283316|Child_Avg|39: 399 125 48 27 10 4 1 
283319|Child_Cross21|34: 391 122 54 24 11 4 1 
283326|Child_Cross21|14: 354 105 50 24 9 4 1 
283461|Child_CrossABC2|8: 605 170 59 24 9 4 1 
283524|Survivor|1: 380 114 47 24 9 4 1 
283571|Child_Avg|11: 411 132 47 23 10 4 1 
283620|Survivor|1: 359 114 43 24 9 4 1 
283668|Child_Avg|19|Mutated: 339 131 48 20 9 4 1 
283676|Survivor|1: 440 181 66 21 10 4 1 
283700|Survivor|1: 353 137 52 20 9 4 1 
283705|Child_Cross21|26: 409 145 43 20 9 4 1 
283765|Child_Avg|43: 407 125 52 19 10 4 1 
283776|Child_CrossABC1|7: 397 132 50 24 9 4 1 
283786|Child_CrossABC2|8: 440 135 67 24 9 4 1 
283787|Child_CrossABC2|2: 385 129 58 24 9 4 1 
283792|Survivor|1: 389 132 58 24 9 4 1 
283794|Survivor|1: 404 136 49 24 9 4 1 
283867|Survivor|1: 383 119 46 21 10 4 1 
283875|Survivor|1|Mutated: 355 129 53 24 9 4 1 
283887|Child_Levy|36: 331 122 48 20 9 4 1 
283889|Child_Levy|32: 402 139 59 24 9 4 1 
283899|Child_Cross21|38: 344 121 45 23 10 4 1 
284001|Child_CrossABC2|8: 376 170 56 21 10 4 1 
284011|Child_Cross21|30: 370 141 49 21 10 4 1 
284056|Child_Levy|48: 443 147 58 23 10 4 1 
284092|Child_CrossABC1|7: 391 125 48 21 10 4 1 
284138|Child_CrossABC1|7: 349 136 46 20 9 4 1 
284152|Survivor|1: 300 108 41 19 10 4 1 
284180|Child_Cross12|45: 311 115 41 19 10 4 1 
284185|Child_CrossABC2|2: 316 121 41 19 10 4 1 
284197|Child_Cross21|58: 298 118 41 19 10 4 1 
284228|Child_Cross12|21: 303 118 41 19 10 4 1 
284251|Child_CrossABC2|2: 306 118 53 19 10 4 1 
284283|Child_Cross12|49: 312 118 41 19 10 4 1 
284320|Child_Cross21|58: 284 118 41 19 10 4 1 
284395|Child_CrossABC1|1: 409 130 62 24 9 4 1 
284396|Child_CrossABC2|8: 407 130 55 24 9 4 1 
284405|Child_Levy|4: 382 119 50 24 9 4 1 
284411|Survivor|1: 407 127 47 24 9 4 1 
284475|Child_Avg|7: 399 136 49 24 9 4 1 
284496|Child_CrossABC2|8: 393 150 59 24 9 4 1 
284503|Survivor|1: 391 147 59 24 9 4 1 
284504|Child_Cross21|2: 374 147 59 24 9 4 1 
284505|Child_Avg|59: 376 146 59 24 9 4 1 
284515|Child_Cross12|25: 365 138 52 24 9 4 1 
284519|Child_Cross12|37: 391 141 52 24 9 4 1 
284591|Child_CrossABC1|1: 323 134 50 24 9 4 1 
284603|Survivor|1: 435 173 50 24 9 4 1 
284607|Survivor|1: 289 117 46 24 9 4 1 
284639|Survivor|1: 595 161 55 24 9 4 1 
284646|Survivor|1: 575 166 58 24 9 4 1 
284647|Child_Levy|16: 591 166 58 24 9 4 1 
284658|Child_CrossABC2|2: 484 143 50 24 9 4 1 
284661|Child_Avg|27: 493 141 49 24 9 4 1 
284674|Child_CrossABC2|2: 405 124 58 24 9 4 1 
284680|Child_CrossABC1|1: 382 125 61 24 9 4 1 
284695|Survivor|1: 541 156 57 20 9 4 1 
284718|Survivor|1: 362 116 43 20 9 4 1 
284728|Survivor|1: 416 144 55 27 10 4 1 
284729|Survivor|1|Mutated: 416 130 62 27 10 4 1 
284737|Survivor|1: 417 167 57 23 10 4 1 
284794|Child_LevyP1|3: 427 135 44 24 9 4 1 
284831|Child_Levy|8: 360 129 55 20 9 4 1 
284838|Child_LevyP2|10: 361 124 54 20 9 4 1 
284845|Child_CrossABC1|7: 369 118 49 24 9 4 1 
284886|Child_Cross12|45: 512 149 55 24 9 4 1 
284889|Survivor|1: 456 128 49 24 9 4 1 
285045|Survivor|1: 553 174 57 21 10 4 1 
285079|Child_Cross12|57: 399 124 47 24 11 4 1 
285155|Survivor|1: 460 147 55 24 9 4 1 
285158|Child_CrossABC1|7: 426 121 45 23 10 4 1 
285252|Child_Cross21|6: 318 119 45 23 10 4 1 
285263|Child_Avg|47: 391 127 55 23 10 4 1 
285353|Child_CrossABC2|8: 435 134 49 24 9 4 1 
285355|Child_Avg|47: 433 134 49 24 9 4 1 
285409|Survivor|1: 425 141 49 24 9 4 1 
285443|Child_Avg|7: 547 146 59 27 10 4 1 
285448|Child_Avg|51: 562 135 52 24 9 4 1 
285457|Child_Avg|3: 473 134 50 24 9 4 1 
285471|Child_CrossABC2|2: 412 127 43 24 9 4 1 
285512|Child_Cross21|58: 426 125 55 23 10 4 1 
285525|Survivor|1: 409 124 51 23 10 4 1 
285553|Child_Levy|40: 431 147 64 24 9 4 1 
285560|Survivor|1: 438 132 54 25 9 4 1 
285566|Child_Avg|59: 356 113 47 23 10 4 1 
285570|Child_CrossABC1|7: 348 135 47 23 10 4 1 
285574|Child_Cross12|45|Mutated: 397 137 46 21 10 4 1 
285575|Child_CrossABC1|7: 390 131 48 21 10 4 1 
285576|Child_CrossABC2|2: 397 127 50 21 10 4 1 
285578|Child_CrossABC2|2: 396 128 55 21 10 4 1 
285621|Child_LevyP1|3: 382 134 59 24 9 4 1 
285625|Child_Cross12|17: 384 132 53 24 9 4 1 
285630|Survivor|1: 384 137 53 24 9 4 1 
285670|Survivor|1: 430 114 51 23 10 4 1 
285673|Child_Cross12|37: 382 122 51 19 10 4 1 
285718|Survivor|1: 399 142 45 23 10 4 1 
285722|Child_Avg|3: 450 153 61 24 9 4 1 
285734|Child_CrossABC1|7: 375 136 50 24 9 4 1 
285765|Survivor|1: 388 145 44 24 9 4 1 
285796|Child_CrossABC2|8: 354 121 48 20 9 4 1 
285802|Child_Avg|55: 446 163 52 24 9 4 1 
285811|Child_Cross12|5: 402 161 49 24 9 4 1 
285813|Child_CrossABC2|8: 401 159 55 24 9 4 1 
285818|Child_Avg|3: 400 155 52 24 9 4 1 
285821|Child_CrossABC2|8: 403 145 50 24 9 4 1 
285829|Child_CrossABC2|2: 398 153 52 24 9 4 1 
285832|Survivor|1: 431 152 53 24 9 4 1 
285864|Child_Avg|31: 418 117 49 24 9 4 1 
285881|Child_Avg|11: 459 134 49 24 9 4 1 
285884|Survivor|1|Mutated: 373 154 59 24 9 4 1 
285890|Survivor|1: 386 114 54 23 10 4 1 
285906|Child_Cross21|46: 411 127 47 23 10 4 1 
285914|Survivor|1: 335 128 48 23 10 4 1 
285918|Survivor|1: 314 128 48 23 10 4 1 
285935|Child_CrossABC2|8: 389 144 51 23 10 4 1 
285941|Survivor|1|Mutated: 389 144 51 19 10 4 1 
285949|Child_Avg|39: 399 142 54 19 10 4 1 
285954|Child_CrossABC1|7: 403 139 61 19 10 4 1 
285955|Child_CrossABC2|8: 396 141 53 19 10 4 1 
285963|Child_Cross21|6: 368 132 43 19 10 4 1 
285971|Survivor|1: 386 121 43 19 10 4 1 
286008|Survivor|1: 423 121 44 19 10 4 1 
286071|Child_Avg|47: 437 142 54 23 10 4 1 
286072|Child_CrossABC2|8: 408 143 58 23 10 4 1 
286078|Child_CrossABC2|8: 408 148 58 23 10 4 1 
286083|Child_Avg|43: 368 134 47 21 10 4 1 
286086|Survivor|1: 366 130 48 21 10 4 1 
286089|Survivor|1: 340 124 49 21 10 4 1 
286114|Survivor|1: 377 116 43 19 10 4 1 
286159|Survivor|1: 414 105 50 24 9 4 1 
286171|Child_Cross12|49: 404 115 44 24 9 4 1 
286224|Child_Cross21|14: 419 136 51 29 10 4 1 
286299|Child_Avg|35: 519 182 58 24 9 4 1 
286360|Survivor|1: 469 179 62 27 10 4 1 
286386|Child_CrossABC2|2: 387 138 56 24 9 4 1 
286392|Child_CrossABC2|2: 381 150 65 24 9 4 1 
286393|Child_CrossABC2|2: 389 147 61 24 9 4 1 
286397|Survivor|1: 386 143 61 24 9 4 1 
286408|Survivor|1: 370 118 45 21 10 4 1 
286416|Survivor|1: 377 119 46 21 10 4 1 
286419|Survivor|1: 364 110 46 21 10 4 1 
286427|Child_Levy|52: 347 113 46 20 9 4 1 
286437|Child_Cross21|22: 357 111 43 20 9 4 1 
286452|Child_LevyABC1|11: 406 116 43 24 9 4 1 
286455|Child_CrossABC2|2: 391 117 46 24 9 4 1 
286474|Child_Cross21|54: 598 138 53 24 9 4 1 
286483|Child_Cross12|17: 424 129 49 24 9 4 1 
286484|Child_Avg|59: 609 138 53 24 9 4 1 
286489|Child_Levy|44: 407 115 54 19 10 4 1 
286499|Child_LevyP2|4: 441 126 56 24 9 4 1 
286515|Survivor|1: 439 138 55 24 9 4 1 
286517|Child_CrossABC1|1: 447 137 59 24 9 4 1 
286524|Child_CrossABC1|7: 413 126 62 24 9 4 1 
286561|Survivor|1: 397 114 44 23 10 4 1 
286562|Child_Cross12|37: 618 179 67 23 10 4 1 
286572|Child_CrossABC2|8: 577 168 54 23 10 4 1 
286579|Child_CrossABC1|1: 424 156 58 23 10 4 1 
286585|Child_Avg|55: 442 154 51 23 10 4 1 
286596|Child_Cross12|5: 403 128 47 23 10 4 1 
286643|Survivor|1: 366 127 59 21 10 4 1 
286648|Child_Levy|56: 395 126 51 19 10 4 1 
286657|Child_Levy|16: 472 173 68 24 9 4 1 
286659|Child_Cross21|10: 403 125 48 21 10 4 1 
286663|Child_CrossABC2|8|Mutated: 413 124 49 21 10 4 1 
286679|Survivor|1: 385 122 46 17 10 4 1 
286687|Child_Cross21|18: 400 116 43 19 10 4 1 
286735|Child_Avg|15: 403 124 60 23 10 4 1 
286770|Child_CrossABC2|8: 382 161 58 24 9 4 1 
286844|Survivor|1: 365 113 43 24 9 4 1 
286849|Survivor|1: 391 119 50 24 9 4 1 
286850|Child_Avg|35: 373 118 49 24 9 4 1 
286854|Child_Cross12|29: 375 106 46 24 9 4 1 
286857|Survivor|1: 363 115 44 24 9 4 1 
286928|Survivor|1: 413 137 52 24 9 4 1 
286960|Child_Avg|7: 354 133 53 24 9 4 1 
286976|Child_CrossABC1|1: 356 129 44 24 9 4 1 
287007|Child_Levy|52: 487 134 58 24 9 4 1 
287011|Child_CrossABC2|8: 409 134 56 24 9 4 1 
287041|Survivor|1: 430 138 56 25 9 4 1 
287047|Survivor|1: 442 155 61 24 9 4 1 
287050|Child_LevyABC2|6: 392 124 53 21 9 4 1 
287069|Child_LevyP2|10: 398 124 43 20 9 4 1 
287080|Child_Levy|40: 401 160 46 20 9 4 1 
287087|Survivor|1: 405 126 52 20 9 4 1 
287089|Child_CrossABC1|1: 351 139 52 20 9 4 1 
287095|Survivor|1: 435 137 52 20 9 4 1 
287106|Child_Avg|19: 360 116 43 20 9 4 1 
287128|Survivor|1: 473 133 55 21 10 4 1 
287137|Survivor|1: 446 145 57 23 10 4 1 
287144|Child_Cross21|10: 448 127 52 24 9 4 1 
287146|Child_CrossABC1|7: 463 161 53 24 9 4 1 
287148|Child_Cross12|9: 461 159 52 24 9 4 1 
287152|Child_Cross12|45: 459 141 52 24 9 4 1 
287154|Child_Avg|51: 462 145 52 24 9 4 1 
287211|Child_Cross21|30: 468 144 49 24 9 4 1 
287215|Child_Avg|31: 455 139 49 24 9 4 1 
287232|Child_Avg|35: 428 132 43 24 9 4 1 
287236|Child_Cross21|34: 425 131 43 24 9 4 1 
287260|Child_Avg|23|Mutated: 371 150 52 24 9 4 1 
287328|Survivor|1: 554 156 47 25 9 4 1 
287330|Child_CrossABC1|1: 389 175 49 24 9 4 1 
287343|Child_Levy|44: 360 141 57 23 10 4 1 
287351|Child_CrossABC2|2: 363 139 57 23 10 4 1 
287356|Child_Levy|24: 376 131 48 20 9 4 1 
287366|Survivor|1: 358 121 45 23 10 4 1 
287388|Child_Avg|51: 382 117 44 23 10 4 1 
287421|Child_CrossABC1|7: 411 115 44 23 10 4 1 
287455|Survivor|1: 389 141 59 21 10 4 1 
287464|Survivor|1: 383 172 59 21 10 4 1 
287472|Survivor|1: 353 133 45 19 10 4 1 
287490|Survivor|1: 378 116 49 21 10 4 1 
287527|Child_Avg|43: 338 130 45 21 10 4 1 
287539|Survivor|1: 390 151 45 21 10 4 1 
287582|Child_Avg|39: 405 132 58 24 9 4 1 
287654|Survivor|1: 413 128 45 24 11 4 1 
287660|Child_Cross12|29|Mutated: 434 128 43 24 9 4 1 
287685|Child_LevyABC2|12: 560 165 62 24 9 4 1 
287691|Child_CrossABC2|8: 343 145 61 24 9 4 1 
287697|Survivor|1: 368 127 49 24 9 4 1 
287716|Child_CrossABC1|1: 418 123 53 24 9 4 1 
287734|Child_Cross21|30: 378 136 45 21 10 4 1 
287738|Child_Levy|20: 457 156 56 21 10 4 1 
287744|Child_Cross12|17: 454 146 55 21 10 4 1 
287749|Survivor|1: 400 130 48 21 10 4 1 
287752|Child_Avg|7: 390 121 48 20 9 4 1 
287777|Child_Avg|19: 389 117 46 20 9 4 1 
287794|Child_Cross12|13: 387 114 43 20 9 4 1 
287819|Child_CrossABC1|7: 394 113 48 20 9 4 1 
287920|Survivor|1|Mutated: 399 142 43 24 9 4 1 
287925|Survivor|1: 393 151 47 24 9 4 1 
288035|Survivor|1: 336 127 54 20 9 4 1 
288069|Child_Avg|51|Mutated: 481 175 61 24 9 4 1 
288073|Child_Cross21|2|Mutated: 463 150 57 20 9 4 1 
288075|Survivor|1: 475 138 52 24 9 4 1 
288084|Child_Cross12|37: 427 157 52 24 9 4 1 
288093|Child_CrossABC1|7: 414 133 52 24 9 4 1 
288096|Child_CrossABC1|1|Mutated: 413 138 64 24 9 4 1 
288126|Child_Avg|31: 395 122 53 19 10 4 1 
288173|Child_CrossABC2|2: 610 134 61 23 10 4 1 
288189|Child_Cross12|1|Mutated: 376 129 51 23 10 3 1 
288192|Child_Cross21|30: 342 132 49 24 9 4 1 
288204|Child_Avg|7: 407 151 53 24 9 4 1 
288215|Survivor|1: 346 131 50 24 9 4 1 
288216|Child_Avg|55: 345 133 49 24 9 4 1 
288225|Survivor|1: 355 134 49 21 10 4 1 
288229|Child_Avg|55: 481 170 65 24 9 4 1 
288287|Child_Levy|60|Mutated: 401 131 46 21 10 4 1 
288289|Survivor|1: 311 114 43 24 9 4 1 
288394|Survivor|1: 560 162 61 24 9 4 1 
288396|Child_CrossABC1|1: 594 166 67 24 9 4 1 
288399|Child_Avg|11: 523 152 59 24 9 4 1 
288404|Child_Avg|39: 455 150 52 24 9 4 1 
288453|Child_CrossABC1|1: 381 161 64 24 9 4 1 
288454|Child_CrossABC1|1: 428 151 61 24 9 4 1 
288463|Child_Avg|43: 406 143 53 24 9 4 1 
288467|Survivor|1: 399 143 52 24 9 4 1 
288469|Child_Cross21|14: 375 138 50 24 9 4 1 
288509|Child_Avg|31: 444 143 58 24 9 4 1 
288560|Child_Levy|40: 375 161 61 29 9 4 1 
288568|Child_Avg|35: 391 145 65 27 10 4 1 
288576|Child_Levy|56: 374 139 57 23 10 4 1 
288600|Survivor|1: 365 144 51 23 10 4 1 
288614|Survivor|1: 362 138 49 24 9 4 1 
288628|Survivor|1: 350 136 43 24 9 4 1 
288657|Survivor|1: 385 121 50 24 9 4 1 
288665|Child_Avg|55: 374 122 43 24 9 4 1 
288677|Survivor|1: 366 117 46 24 9 4 1 
288715|Child_Cross21|6|Mutated: 840 355 121 46 24 9 4 1 
288730|Survivor|1: 432 119 46 24 9 4 1 
288788|Survivor|1: 387 108 46 24 9 4 1 
288815|Survivor|1: 416 111 46 24 9 4 1 
288822|Survivor|1|Mutated: 295 117 46 24 9 4 1 
288858|Child_CrossABC1|1: 372 117 49 24 9 4 1 
288865|Child_CrossABC2|2: 427 117 49 24 9 4 1 
288904|Child_Levy|32: 351 135 47 24 9 4 1 
288920|Survivor|1: 353 129 55 24 9 4 1 
288925|Child_Avg|55|Mutated: 311 125 49 21 10 4 1 
288928|Survivor|1: 279 113 47 21 10 4 1 
288974|Survivor|1: 396 128 41 19 10 4 1 
288983|Child_CrossABC2|8: 441 136 55 24 9 4 1 
289008|Child_Levy|60: 447 137 52 24 9 4 1 
289062|Survivor|1: 626 175 66 29 9 4 1 
289068|Survivor|1: 536 149 55 27 10 4 1 
289069|Child_CrossABC1|7: 495 156 53 24 9 4 1 
289073|Survivor|1: 464 133 52 24 9 4 1 
289138|Child_CrossABC1|1: 401 153 46 21 10 4 1 
289145|Child_Avg|27: 394 125 43 20 9 4 1 
289178|Survivor|1: 393 121 43 19 10 4 1 
289187|Child_Avg|27: 391 121 43 19 10 4 1 
289207|Child_Cross21|38: 386 120 42 19 10 4 1 
289210|Child_Cross21|10|Mutated: 422 120 42 19 10 4 1 
289212|Child_Cross21|58: 424 119 42 19 10 4 1 
289267|Survivor|1: 710 219 62 27 10 4 1 
289273|Survivor|1: 416 134 59 24 9 4 1 
289296|Survivor|1: 396 135 43 24 9 4 1 
289300|Survivor|1: 395 133 53 24 9 4 1 
289327|Survivor|1: 616 157 66 20 9 4 1 
289353|Child_Cross12|1: 319 108 50 24 9 4 1 
289379|Survivor|1: 409 154 56 24 9 4 1 
289396|Child_CrossABC2|8: 395 136 55 24 9 4 1 
289469|Survivor|1: 358 144 46 21 10 4 1 
289479|Child_Cross21|38: 315 124 58 24 11 4 1 
289483|Child_Cross21|38: 330 131 50 24 9 4 1 
289488|Child_Cross12|1: 415 129 50 24 9 4 1 
289495|Survivor|1: 453 134 47 24 9 4 1 
289499|Child_Cross21|30: 431 134 47 23 10 4 1 
289516|Child_LevyABC1|5|Mutated: 434 121 44 24 9 4 1 
289556|Survivor|1: 432 139 55 24 9 4 1 
289591|Child_LevyP2|4: 403 121 47 24 9 4 1 
289594|Survivor|1: 374 175 62 29 10 4 1 
289604|Child_CrossABC1|7: 375 154 53 27 10 4 1 
289606|Survivor|1: 350 153 55 24 9 4 1 
289622|Survivor|1: 388 143 55 24 9 4 1 
289624|Child_CrossABC2|8: 395 135 55 24 9 4 1 
289627|Child_CrossABC2|2: 391 142 58 24 9 4 1 
289640|Child_CrossABC2|8: 385 141 53 24 9 4 1 
289641|Child_Cross12|25: 381 138 52 24 9 4 1 
289643|Child_Avg|47: 379 138 50 24 9 4 1 
289644|Child_Avg|51: 374 143 49 24 9 4 1 
289671|Survivor|1: 445 181 68 24 9 4 1 
289672|Survivor|1|Mutated: 445 175 68 24 9 4 1 
289674|Child_Cross12|45: 457 185 59 24 9 4 1 
289693|Child_Cross21|58|Mutated: 376 155 52 24 9 4 1 
289699|Child_CrossABC2|8: 379 140 50 24 9 4 1 
289701|Child_CrossABC1|1: 464 187 55 24 9 4 1 
289718|Child_CrossABC2|8: 385 142 49 24 9 4 1 
289719|Child_Cross21|22: 389 140 49 24 9 4 1 
289756|Survivor|1: 372 112 58 23 10 4 1 
289823|Child_CrossABC2|8: 391 132 57 23 10 4 1 
289824|Child_CrossABC2|8: 394 125 58 23 10 4 1 
289846|Child_Cross21|26: 400 123 44 23 10 4 1 
289917|Child_Levy|20: 356 129 51 19 10 4 1 
289957|Random|5: 517 162 61 24 9 4 1 
290017|Child_CrossABC2|8: 416 133 53 24 9 4 1 
290021|Child_LevyABC1|11|Mutated: 420 151 57 23 10 4 1 
290028|Child_CrossABC2|8: 410 127 47 23 10 4 1 
290104|Random|23: 590 237 72 27 10 4 1 
290175|Survivor|1: 383 148 55 27 10 4 1 
290194|Child_Avg|7: 386 130 49 25 10 4 1 
290197|Child_CrossABC1|7: 415 140 67 23 10 4 1 
290212|Survivor|1|Mutated: 352 131 52 24 9 4 1 
290213|Child_Cross12|1: 395 139 57 21 10 4 1 
290214|Child_CrossABC2|8: 379 143 57 23 10 4 1 
290227|Child_Cross12|57: 361 114 51 23 10 4 1 
290344|Child_Avg|31: 357 105 45 23 10 4 1 
290375|Survivor|1: 396 121 56 25 9 4 1 
290388|Child_CrossABC2|8|Mutated: 355 113 46 20 9 4 1 
290389|Child_CrossABC1|7: 421 122 53 24 9 4 1 
290391|Survivor|1: 382 139 53 24 9 4 1 
290405|Child_Cross21|2|Mutated: 388 133 43 20 9 4 1 
290437|Survivor|1: 413 110 43 20 9 4 1 
290495|Survivor|1: 482 123 57 23 10 4 1 
290499|Child_Levy|4: 580 149 58 24 9 4 1 
290504|Survivor|1: 464 131 53 24 9 4 1 
290508|Survivor|1: 404 121 47 24 9 4 1 
290511|Child_Cross21|10: 443 121 47 24 9 4 1 
290520|Child_Cross21|46: 405 118 45 24 11 4 1 
290534|Child_CrossABC2|8: 411 121 45 23 10 4 1 
290579|Survivor|1: 389 137 44 24 9 4 1 
290597|Survivor|1: 385 148 54 24 11 4 1 
290603|Child_CrossABC2|2: 387 149 47 24 9 4 1 
290643|Child_LevyP2|4: 396 141 58 24 9 4 1 
290655|Child_Cross12|29: 454 129 51 23 10 4 1 
290657|Child_CrossABC1|7: 376 148 55 23 10 4 1 
290659|Child_CrossABC1|7: 395 165 58 23 10 4 1 
290681|Survivor|1: 380 113 46 24 9 4 1 
290687|Child_Cross21|58: 396 114 43 24 9 4 1 
290812|Survivor|1: 376 102 39 20 9 4 1 
290821|Survivor|1: 377 141 63 25 9 4 1 
290830|Survivor|1: 423 156 47 25 9 4 1 
290923|Child_LevyABC2|12: 417 132 53 24 9 4 1 
290941|Survivor|1: 321 130 46 24 9 4 1 
290967|Child_CrossABC1|1: 417 127 41 24 9 4 1 
290983|Survivor|1: 370 110 48 23 10 4 1 
290988|Survivor|1: 407 129 47 21 10 4 1 
290996|Survivor|1: 369 106 46 21 10 4 1 
291034|Child_LevyP1|9: 497 163 58 24 9 4 1 
291037|Child_CrossABC1|1: 473 154 62 24 9 4 1 
291045|Child_Levy|12: 450 131 49 21 10 4 1 
291051|Survivor|1: 378 136 46 21 10 4 1 
291053|Survivor|1|Mutated: 539 144 61 19 10 4 1 
291056|Child_CrossABC2|8: 393 128 49 21 10 4 1 
291059|Child_CrossABC2|8: 443 138 49 21 10 4 1 
291061|Child_Cross12|49: 364 123 52 20 9 4 1 
291067|Child_CrossABC1|7: 426 124 45 19 10 4 1 
291072|Survivor|1: 418 122 43 20 9 4 1 
291082|Child_Cross21|26: 422 122 43 19 10 4 1 
291092|Survivor|1: 430 133 53 24 9 4 1 
291099|Child_CrossABC2|8: 430 140 49 24 9 4 1 
291111|Child_Avg|39|Mutated: 456 113 43 24 9 4 1 
291194|Child_Cross12|45: 365 132 61 24 9 4 1 
291201|Child_Avg|3: 368 142 61 24 9 4 1 
291227|Survivor|1: 356 132 47 23 10 4 1 
291231|Child_Avg|47: 364 113 47 21 10 4 1 
291238|Survivor|1: 463 136 45 21 10 4 1 
291279|Child_CrossABC1|7: 456 141 60 23 10 4 1 
291281|Child_LevyABC2|12: 483 146 58 23 10 4 1 
291288|Survivor|1: 405 127 49 21 10 4 1 
291299|Child_CrossABC2|2|Mutated: 394 129 56 21 10 4 1 
291304|Child_Cross12|1: 362 131 45 21 10 4 1 
291309|Child_Avg|35: 412 127 46 20 9 4 1 
291310|Child_Cross21|30: 382 116 45 21 10 4 1 
291340|Child_Avg|15: 409 122 52 20 9 4 1 
291398|Child_CrossABC1|7: 379 121 52 20 9 4 1 
291425|Child_Cross12|33: 403 130 44 19 10 4 1 
291448|Survivor|1: 414 119 65 24 9 4 1 
291450|Child_CrossABC2|2: 414 119 61 24 9 4 1 
291455|Child_CrossABC1|7: 429 158 58 24 9 4 1 
291464|Child_Cross12|49: 415 150 56 24 9 4 1 
291465|Child_CrossABC2|2|Mutated: 432 163 52 24 9 4 1 
291471|Survivor|1: 412 144 50 21 10 4 1 
291478|Child_CrossABC2|8: 396 129 49 21 10 4 1 
291482|Child_Cross12|13: 365 141 46 21 10 4 1 
291484|Child_Avg|47: 387 142 46 20 9 4 1 
291489|Child_Cross21|46: 384 139 45 21 10 4 1 
291500|Child_CrossABC2|2: 378 137 45 21 10 4 1 
291508|Child_Avg|59: 379 137 45 21 10 4 1 
291514|Child_CrossABC1|7: 376 137 45 21 10 4 1 
291520|Survivor|1: 380 137 45 21 10 4 1 
291543|Child_CrossABC2|2: 377 137 46 21 10 4 1 
291624|Child_LevyABC2|6: 439 133 43 24 9 4 1 
291632|Child_Cross12|25: 401 138 44 24 9 4 1 
291653|Child_Avg|43: 338 138 49 24 9 4 1 
291656|Survivor|1: 369 144 44 23 10 4 1 
291670|Survivor|1: 421 134 58 23 10 4 1 
291671|Child_CrossABC1|7: 424 135 60 23 10 4 1 
291674|Child_CrossABC2|2: 401 135 57 23 10 4 1 
291698|Child_CrossABC2|2: 403 138 47 23 10 4 1 
291735|Survivor|1: 416 153 68 24 9 4 1 
291741|Child_CrossABC2|2: 366 137 56 24 9 4 1 
291744|Child_CrossABC1|7|Mutated: 395 141 59 24 9 4 1 
291750|Child_Avg|43: 403 144 50 24 9 4 1 
291808|Child_Avg|35: 376 123 50 24 9 4 1 
291858|Child_Avg|7: 371 110 58 24 9 4 1 
291985|Survivor|1: 393 135 60 28 11 4 1 
291995|Child_CrossABC2|2: 387 108 50 24 9 4 1 
292017|Survivor|1: 406 159 55 27 10 4 1 
292034|Survivor|1: 417 170 62 29 10 4 1 
292057|Child_Cross21|14: 440 135 46 24 9 4 1 
292117|Child_Avg|27: 448 139 56 24 9 4 1 
292122|Child_CrossABC1|7: 423 122 64 24 9 4 1 
292145|Child_CrossABC1|1: 419 113 44 24 9 4 1 
292158|Survivor|1: 366 149 47 24 9 4 1 
292159|Child_CrossABC1|7: 334 141 49 21 10 4 1 
292199|Survivor|1: 399 129 49 21 9 4 1 
292229|Survivor|1: 366 141 53 27 10 4 1 
292254|Child_Cross12|49|Mutated: 398 130 57 20 9 4 1 
292258|Survivor|1: 606 178 83 27 10 4 1 
292261|Survivor|1: 437 132 46 24 9 4 1 
292262|Child_Levy|4: 437 131 48 21 10 4 1 
292273|Survivor|1: 394 127 44 23 10 4 1 
292291|Child_Avg|15: 437 146 59 24 9 4 1 
292295|Survivor|1: 387 150 68 24 9 4 1 
292298|Child_CrossABC1|1|Mutated: 345 140 62 24 9 4 1 
292300|Survivor|1: 407 174 68 24 9 4 1 
292302|Survivor|1: 377 165 61 24 9 4 1 
292303|Child_Avg|23: 388 138 53 24 9 4 1 
292361|Child_Avg|23: 393 140 55 24 9 4 1 
292431|Child_Avg|35: 398 156 53 24 9 4 1 
292434|Child_Cross12|25: 405 157 51 23 10 3 1 
292439|Child_CrossABC2|8: 402 131 54 24 11 4 1 
292449|Child_Levy|20: 299 107 46 20 9 4 1 
292469|Child_CrossABC2|8: 532 146 55 20 9 4 1 
292473|Child_CrossABC2|2: 460 143 54 20 9 4 1 
292476|Child_Cross21|34: 476 138 57 20 9 4 1 
292569|Survivor|1: 423 126 49 24 9 4 1 
292578|Survivor|1: 406 127 47 24 9 4 1 
292593|Survivor|1: 375 156 43 24 9 4 1 
292638|Child_Cross12|41: 458 131 48 21 10 4 1 
292653|Child_Cross12|41: 424 135 47 24 9 4 1 
292670|Child_Cross12|1: 413 133 53 24 11 4 1 
292672|Child_Avg|59: 418 135 53 25 10 4 1 
292688|Survivor|1: 358 123 53 24 9 4 1 
292728|Survivor|1: 380 150 43 24 9 4 1 
292748|Child_Avg|7: 387 139 48 20 9 4 1 
292752|Survivor|1: 311 134 46 20 9 4 1 
292778|Survivor|1: 403 138 54 20 9 4 1 
292780|Survivor|1: 312 128 43 20 9 4 1 
292805|Survivor|1: 602 152 57 20 9 4 1 
292812|Child_Avg|31: 352 125 52 24 9 4 1 
292845|Survivor|1: 326 113 46 24 9 4 1 
292942|Survivor|1: 409 137 52 24 9 4 1 
292950|Survivor|1: 419 127 49 25 9 4 1 
293018|Child_CrossABC1|1: 402 129 55 23 10 4 1 
293020|Child_CrossABC2|8: 399 132 58 23 10 4 1 
293026|Child_Avg|35: 365 126 51 23 10 4 1 
293027|Child_Cross12|45: 409 135 57 23 10 4 1 
293129|Child_CrossABC2|8: 406 157 50 24 9 4 1 
293135|Survivor|1|Mutated: 435 164 50 24 9 4 1 
293143|Child_CrossABC2|8: 454 161 55 24 9 4 1 
293157|Child_CrossABC2|8: 401 143 59 24 9 4 1 
293175|Child_Cross12|57: 377 146 46 24 9 4 1 
293190|Child_Avg|55: 402 145 46 24 9 4 1 
293198|Child_Cross12|13: 393 145 46 24 9 4 1 
293255|Child_Cross12|17: 303 109 41 20 9 4 1 
293294|Child_CrossABC1|1: 421 167 56 21 10 4 1 
293295|Child_Levy|52: 407 135 51 19 10 4 1 
293305|Child_CrossABC2|2: 342 131 48 21 10 4 1 
293308|Child_CrossABC1|7: 340 133 45 21 10 4 1 
293310|Child_Avg|39: 342 125 45 21 10 4 1 
293384|Survivor|1: 481 152 51 23 10 4 1 
293424|Child_CrossABC2|8: 461 144 61 19 10 4 1 
293450|Survivor|1|Mutated: 347 129 50 24 9 4 1 
293469|Child_Cross21|22: 382 132 43 24 9 4 1 
293524|Child_Avg|11: 419 152 49 24 9 4 1 
293550|Child_Cross21|10: 384 127 43 24 9 4 1 
293667|Child_Avg|31: 357 136 46 21 10 4 1 
293710|Random|26: 560 156 73 24 9 4 1 
293808|Child_Cross21|38: 407 142 45 23 10 4 1 
293849|Child_Levy|24: 420 153 49 24 9 4 1 
293856|Child_Cross21|2: 377 134 49 21 10 4 1 
293979|Survivor|1: 443 136 51 29 10 4 1 
293988|Survivor|1: 414 135 47 24 9 4 1 
293992|Child_Avg|7: 424 135 49 24 9 4 1 
294010|Child_LevyP2|10: 383 123 47 24 9 4 1 
294021|Survivor|1: 447 177 68 24 9 4 1 
294027|Child_CrossABC1|1: 428 146 53 24 9 4 1 
294057|Child_Cross21|30|Mutated: 350 142 43 24 9 4 1 
294087|Child_CrossABC2|2: 340 137 43 24 9 4 1 
294101|Child_Cross12|25: 348 137 43 24 9 4 1 
294127|Child_Cross12|9: 354 136 43 24 9 4 1 
294139|Child_Cross12|17: 364 136 43 24 9 4 1 
294183|Child_Cross21|34: 516 142 51 19 10 4 1 
294209|Child_CrossABC1|7: 416 116 49 21 10 4 1 
294211|Child_CrossABC2|2: 416 116 45 21 10 4 1 
294216|Child_CrossABC1|7: 406 116 45 21 10 4 1 
294229|Child_CrossABC1|7: 407 116 46 21 10 4 1 
294233|Survivor|1: 396 112 45 21 10 4 1 
294234|Child_CrossABC2|2: 395 110 46 21 10 4 1 
294259|Survivor|1: 430 119 45 21 10 4 1 
294268|Child_CrossABC2|2|Mutated: 392 124 50 21 10 4 1 
294274|Child_Cross12|13: 446 140 46 21 10 4 1 
294277|Child_CrossABC1|7: 393 143 45 21 10 4 1 
294281|Survivor|1: 393 143 47 21 10 4 1 
294282|Child_CrossABC1|1: 410 154 45 21 10 4 1 
294285|Child_CrossABC1|7: 406 149 46 20 9 4 1 
294288|Child_Cross12|5: 410 152 45 21 10 4 1 
294292|Survivor|1: 396 145 45 21 10 4 1 
294299|Child_Cross21|38: 395 139 43 20 9 4 1 
294300|Child_CrossABC1|7: 389 139 43 20 9 4 1 
294314|Child_Cross12|21: 400 136 43 20 9 4 1 
294341|Child_Cross21|26: 396 150 43 20 9 4 1 
294454|Survivor|1: 610 179 54 23 10 4 1 
294501|Survivor|1: 431 129 53 24 9 4 1 
294527|Child_Cross12|41: 440 137 43 24 9 4 1 
294553|Child_Levy|16: 389 135 43 24 9 4 1 
294614|Child_Avg|31: 471 125 55 23 10 4 1 
294618|Child_CrossABC1|7: 400 134 51 23 10 4 1 
294625|Child_CrossABC2|8: 406 131 58 23 10 4 1 
294633|Child_Cross21|50: 377 119 45 23 10 4 1 
294699|Survivor|1: 369 142 52 27 10 4 1 
294728|Survivor|1: 381 137 49 21 10 4 1 
294820|Child_CrossABC2|2: 474 152 56 21 10 4 1 
294877|Child_Cross21|14|Mutated: 379 143 49 21 10 4 1 
294933|Child_CrossABC1|7: 361 107 52 24 9 4 1 
294941|Survivor|1: 344 135 47 24 9 4 1 
295000|Child_Levy|24: 370 172 51 23 10 4 1 
295018|Child_CrossABC2|2: 370 147 45 21 10 4 1 
295024|Child_Avg|55: 375 151 45 21 10 4 1 
295026|Child_CrossABC1|1: 356 151 45 21 10 4 1 
295222|Survivor|1: 379 118 43 24 9 4 1 
295233|Child_Avg|39: 471 126 52 24 9 4 1 
295235|Child_LevyP1|3: 380 153 56 24 9 4 1 
295287|Child_Cross12|53: 389 148 43 20 9 4 1 
295307|Survivor|1: 364 119 53 24 9 4 1 
295319|Child_Avg|15: 358 126 55 24 9 4 1 
295324|Child_CrossABC2|8: 391 126 55 24 9 4 1 
295332|Survivor|1: 396 122 53 24 9 4 1 
295333|Child_CrossABC2|8: 393 133 46 24 9 4 1 
295367|Survivor|1: 408 125 41 19 10 4 1 
295390|Child_Avg|55: 553 171 68 23 10 4 1 
295393|Survivor|1: 458 124 51 23 10 4 1 
295403|Child_CrossABC2|2: 400 121 57 23 10 4 1 
295404|Survivor|1|Mutated: 453 121 57 23 10 4 1 
295406|Child_CrossABC2|8: 382 123 57 23 10 4 1 
295409|Child_Avg|19: 383 119 57 23 10 4 1 
295410|Child_CrossABC1|7: 391 151 57 23 10 4 1 
295471|Survivor|1: 440 137 64 23 10 4 1 
295477|Child_Cross12|9: 366 133 53 24 9 4 1 
295481|Child_CrossABC1|1: 392 139 55 24 9 4 1 
295522|Survivor|1: 385 165 46 24 9 4 1 
295526|Child_CrossABC2|2: 382 144 55 24 9 4 1 
295528|Child_CrossABC2|2: 376 141 61 24 9 4 1 
295538|Child_Levy|56: 419 108 43 24 9 4 1 
295574|Child_LevyP2|10: 395 146 55 20 9 4 1 
295582|Child_CrossABC2|2: 379 114 49 24 9 4 1 
295584|Child_CrossABC2|2: 359 138 58 24 9 4 1 
295598|Survivor|1: 379 150 64 24 9 4 1 
295601|Child_Cross21|26: 450 162 55 24 9 4 1 
295605|Child_CrossABC2|2: 461 161 62 24 9 4 1 
295607|Child_CrossABC2|2: 452 161 62 24 9 4 1 
295608|Child_Cross21|26: 453 161 62 24 9 4 1 
295610|Child_CrossABC2|8: 451 161 62 24 9 4 1 
295612|Child_Avg|39: 415 164 62 24 9 4 1 
295614|Child_Cross21|26: 456 159 58 24 9 4 1 
295615|Child_Avg|19: 446 143 59 24 9 4 1 
295616|Child_Avg|35: 371 132 58 24 9 4 1 
295619|Child_CrossABC2|2: 348 133 55 24 9 4 1 
295622|Child_CrossABC2|2: 365 147 55 24 9 4 1 
295641|Child_Avg|15: 409 138 56 24 9 4 1 
295642|Survivor|1|Mutated: 409 138 64 24 9 4 1 
295652|Child_CrossABC1|7: 398 145 55 24 9 4 1 
295653|Child_CrossABC2|8: 415 129 55 24 9 4 1 
295654|Child_CrossABC1|7: 525 147 56 24 9 4 1 
295739|Child_CrossABC1|1: 416 125 52 24 9 4 1 
295748|Child_CrossABC2|2: 412 125 52 24 9 4 1 
295754|Child_CrossABC2|2: 408 125 52 24 9 4 1 
295784|Child_Avg|19: 676 158 67 21 10 4 1 
295787|Child_Cross21|38: 432 131 48 21 10 4 1 
295789|Survivor|1: 417 129 49 21 10 4 1 
295791|Survivor|1: 427 131 46 21 10 4 1 
295793|Child_Cross12|29: 418 116 45 21 10 4 1 
295815|Survivor|1: 686 156 58 23 10 4 1 
295822|Child_Cross21|46: 402 109 45 21 10 4 1 
295832|Survivor|1: 394 119 45 23 10 4 1 
295870|Child_Cross21|46: 377 122 43 24 9 4 1 
295915|Child_CrossABC1|7: 452 142 45 23 10 4 1 
295947|Child_CrossABC1|1: 398 137 46 21 10 4 1 
295953|Child_CrossABC2|2: 431 153 49 24 9 4 1 
295957|Child_Avg|19: 408 161 60 21 10 4 1 
295959|Survivor|1: 469 127 50 21 10 4 1 
295976|Child_CrossABC1|7|Mutated: 307 124 51 23 10 4 1 
296000|Child_Levy|24: 315 124 49 21 10 4 1 
296001|Child_Avg|23: 305 125 54 23 10 4 1 
296007|Child_CrossABC1|7: 378 138 49 21 10 4 1 
296010|Survivor|1: 394 131 51 19 10 4 1 
296017|Child_Avg|7: 402 127 46 20 9 4 1 
296061|Child_Avg|35: 367 113 49 24 9 4 1 
296063|Survivor|1: 355 114 47 24 9 4 1 
296064|Child_CrossABC2|2: 365 114 50 24 9 4 1 
296081|Survivor|1: 419 116 44 23 10 4 1 
296150|Survivor|1: 363 155 49 24 9 4 1 
296159|Child_Levy|24: 362 144 47 21 10 4 1 
296160|Child_Avg|55|Mutated: 366 145 46 24 9 4 1 
296210|Child_LevyP2|4: 402 140 55 23 10 4 1 
296211|Child_Avg|27: 398 124 51 23 10 4 1 
296214|Survivor|1: 390 121 51 23 10 4 1 
296299|Child_Levy|60: 407 164 57 23 10 4 1 
296301|Survivor|1: 380 117 54 23 10 4 1 
296321|Child_CrossABC1|1: 427 121 52 24 9 4 1 
296341|Survivor|1: 427 117 58 24 9 4 1 
296375|Child_CrossABC2|2: 420 133 47 23 10 4 1 
296451|Child_CrossABC2|2: 393 134 49 24 9 4 1 
296458|Child_CrossABC2|2: 376 118 49 24 9 4 1 
296470|Survivor|1: 464 135 44 24 9 4 1 
296504|Child_Avg|43: 387 120 45 23 10 4 1 
296512|Survivor|1: 391 121 55 23 10 4 1 
296552|Survivor|1: 390 114 42 19 10 4 1 
296575|Child_Levy|40: 369 125 52 20 9 4 1 
296576|Child_CrossABC2|2|Mutated: 356 129 48 20 9 4 1 
296580|Child_Avg|15: 357 130 48 20 9 4 1 
296586|Child_CrossABC1|7: 357 127 49 21 10 4 1 
296654|Survivor|1: 398 168 59 27 10 4 1 
296679|Survivor|1: 450 137 43 24 9 4 1 
296693|Survivor|1|Mutated: 461 157 50 24 9 4 1 
296764|Survivor|1: 549 231 73 27 10 4 1 
296773|Child_Avg|39: 373 138 55 20 9 4 1 
296776|Child_Levy|12: 344 118 47 21 10 4 1 
296781|Child_CrossABC2|8: 410 122 47 21 10 4 1 
296850|Child_Avg|47: 389 134 46 20 9 4 1 
296896|Survivor|1: 393 127 46 20 9 4 1 
297024|Child_Cross12|53: 378 118 57 20 9 4 1 
297057|Child_Cross21|30: 375 114 43 20 9 4 1 
297084|Child_Cross12|29: 376 157 52 24 9 4 1 
297085|Child_CrossABC2|2: 397 150 61 24 9 4 1 
297094|Survivor|1: 357 135 58 23 10 4 1 
297118|Child_Cross21|30: 341 140 46 20 9 4 1 
297166|Survivor|1: 454 155 70 23 10 4 1 
297180|Child_Cross12|5: 389 150 55 24 9 4 1 
297186|Child_CrossABC2|2: 409 141 61 24 9 4 1 
297192|Child_CrossABC2|8: 389 144 50 24 9 4 1 
297251|Child_Levy|48|Mutated: 403 130 54 23 10 4 1 
297301|Survivor|1: 415 127 47 25 9 4 1 
297324|Survivor|1: 385 111 44 24 9 4 1 
297379|Child_Cross21|22: 910 587 128 55 24 9 4 1 
297413|Survivor|1: 465 138 55 24 9 4 1 
297423|Child_Cross21|22: 413 118 41 19 10 4 1 
297444|Child_Avg|3: 375 118 41 19 10 4 1 
297492|Child_Avg|35: 375 108 41 19 10 4 1 
297502|Survivor|1: 458 170 53 24 11 4 1 
297504|Child_Avg|27: 488 148 47 23 10 4 1 
297517|Survivor|1: 462 147 47 23 10 4 1 
297521|Survivor|1: 462 173 47 23 10 4 1 
297532|Child_Avg|23: 556 152 67 23 10 4 1 
297540|Survivor|1: 449 135 48 23 10 4 1 
297543|Child_Cross12|21: 440 134 47 23 10 4 1 
297561|Child_CrossABC2|2: 413 129 48 20 9 4 1 
297617|Survivor|1: 429 123 49 23 8 3 1 
297630|Survivor|1: 439 151 67 23 10 4 1 
297635|Survivor|1: 453 138 55 23 10 4 1 
297636|Child_Cross21|10: 356 121 51 23 10 4 1 
297648|Child_CrossABC1|7: 379 121 52 24 9 4 1 
297725|Survivor|1: 442 137 62 29 10 4 1 
297729|Survivor|1: 453 139 61 29 10 4 1 
297736|Survivor|1: 452 138 57 29 9 4 1 
297741|Survivor|1: 439 132 52 29 9 4 1 
297799|Child_Avg|19: 455 164 54 23 10 4 1 
297804|Child_Avg|35: 366 131 50 24 9 4 1 
297814|Survivor|1: 366 132 49 24 9 4 1 
297820|Child_Cross21|42|Mutated: 383 131 51 23 10 4 1 
297922|Survivor|1: 422 118 43 20 9 4 1 
297977|Child_Avg|51: 421 171 62 29 10 4 1 
297991|Child_CrossABC1|1: 379 103 39 20 9 4 1 
298030|Survivor|1: 377 102 39 20 9 4 1 
298038|Child_CrossABC1|7: 527 135 52 24 9 4 1 
298078|Survivor|1: 396 120 47 24 9 4 1 
298116|Child_Levy|24: 470 152 57 23 10 4 1 
298126|Child_CrossABC2|8: 472 153 54 23 10 4 1 
298188|Survivor|1: 590 188 61 24 9 4 1 
298259|Child_CrossABC1|7: 419 119 50 24 9 4 1 
298324|Child_Cross12|17: 365 129 50 24 9 4 1 
298342|Child_CrossABC1|1: 365 125 49 21 10 4 1 
298343|Child_CrossABC2|8: 363 125 48 21 10 4 1 
298359|Child_CrossABC2|8: 340 116 43 20 9 4 1 
298363|Survivor|1: 322 105 43 20 9 4 1 
298381|Survivor|1: 357 110 51 19 10 4 1 
298396|Survivor|1: 359 116 46 21 10 4 1 
298415|Survivor|1: 363 116 45 21 10 4 1 
298437|Survivor|1: 358 115 45 21 10 4 1 
298445|Survivor|1: 400 109 57 20 9 4 1 
298519|Survivor|1: 414 117 46 20 9 4 1 
298525|Child_Avg|39: 409 113 48 23 10 4 1 
298530|Child_CrossABC2|2: 408 157 61 23 10 4 1 
298540|Survivor|1: 408 171 50 24 9 4 1 
298581|Survivor|1: 390 126 61 23 10 4 1 
298604|Child_CrossABC2|2: 395 129 51 23 10 4 1 
298621|Child_CrossABC2|8: 402 128 57 23 10 4 1 
298693|Survivor|1|Mutated: 395 125 52 23 10 4 1 
298694|Child_Cross12|49: 449 127 53 25 10 4 1 
298763|Child_Levy|48: 379 122 49 21 10 4 1 
298785|Child_Levy|48|Mutated: 376 132 49 24 9 4 1 
298786|Child_Avg|43: 441 135 47 23 10 4 1 
298813|Child_LevyABC1|5: 446 127 49 24 9 4 1 
298825|Survivor|1: 409 132 45 23 10 4 1 
298833|Child_CrossABC1|7: 408 132 54 23 10 4 1 
298841|Child_CrossABC2|2: 394 138 54 23 10 4 1 
298845|Survivor|1: 395 148 54 23 10 4 1 
298846|Child_CrossABC1|1: 394 150 54 23 10 4 1 
298855|Child_Avg|15: 398 110 47 23 10 4 1 
298883|Child_CrossABC1|1: 373 154 61 24 9 4 1 
298927|Child_Cross21|26: 472 147 52 27 10 4 1 
298929|Child_Cross12|37: 452 146 55 27 10 4 1 
298960|Child_CrossABC2|2: 401 133 57 23 10 4 1 
298967|Survivor|1: 341 128 61 23 10 4 1 
298970|Survivor|1: 371 125 54 23 10 4 1 
298991|Child_CrossABC1|7: 363 140 61 24 9 4 1 
299004|Child_Cross21|14: 366 125 52 24 9 4 1 
299025|Child_Avg|39|Mutated: 386 138 51 19 10 4 1 
299036|Child_CrossABC2|2: 384 141 53 19 10 4 1 
299038|Child_Cross21|10: 383 138 51 19 10 4 1 
299041|Child_Levy|20|Mutated: 433 155 57 23 10 4 1 
299046|Child_Levy|60|Mutated: 407 145 54 23 10 4 1 
299116|Child_CrossABC2|8: 394 117 54 23 10 4 1 
299152|Child_CrossABC1|1: 379 123 50 19 10 4 1 
299165|Child_Avg|19: 624 191 59 24 9 4 1 
299173|Survivor|1: 624 163 62 24 9 4 1 
299196|Child_Cross12|53: 415 108 49 24 9 4 1 
299304|Survivor|1: 404 143 55 27 10 4 1 
299306|Child_Cross21|50: 373 119 48 21 10 4 1 
299309|Child_Cross21|10|Mutated: 405 138 47 21 10 4 1 
299326|Survivor|1: 470 137 44 23 10 4 1 
299336|Child_Cross12|33: 451 126 43 24 9 4 1 
299341|Child_Cross21|6: 461 137 43 24 9 4 1 
299347|Child_Cross21|46: 454 127 43 24 9 4 1 
299348|Child_Cross12|33: 459 132 43 24 9 4 1 
299387|Survivor|1: 438 126 43 24 9 4 1 
299409|Survivor|1: 377 103 43 24 9 4 1 
299415|Child_Avg|55: 405 118 44 24 9 4 1 
299454|Survivor|1|Mutated: 571 178 57 21 10 4 1 
299455|Child_Cross12|25: 407 141 50 24 9 4 1 
299459|Child_Cross21|34: 413 133 46 20 9 4 1 
299493|Child_Avg|39: 494 185 72 27 10 4 1 
299515|Child_Avg|51|Mutated: 398 134 47 23 10 4 1 
299533|Survivor|1: 383 134 47 23 10 4 1 
299535|Child_CrossABC2|8: 365 134 47 23 10 4 1 
299600|Child_Cross12|41: 470 145 50 24 9 4 1 
299605|Child_CrossABC2|2: 415 142 53 24 9 4 1 
299609|Child_CrossABC1|7: 364 119 46 24 9 4 1 
299649|Survivor|1: 322 112 45 21 10 4 1 
299655|Survivor|1: 321 145 47 23 10 4 1 
299662|Child_CrossABC1|7: 315 136 61 23 10 4 1 
299675|Child_Avg|7: 349 131 48 21 10 4 1 
299721|Survivor|1: 319 107 55 24 9 4 1 
299724|Survivor|1: 301 121 46 24 9 4 1 
299755|Child_Avg|3: 558 149 57 21 10 4 1 
299768|Child_CrossABC1|1: 402 109 53 24 9 4 1 
299811|Child_Cross12|49: 389 127 50 24 9 4 1 
299882|Child_CrossABC1|7: 400 152 53 24 9 4 1 
299892|Survivor|1: 445 128 48 23 10 4 1 
299961|Child_Avg|3: 303 122 47 24 9 4 1 
299975|Child_CrossABC1|7: 305 126 52 24 9 4 1 
299980|Child_CrossABC1|7: 447 141 50 23 10 4 1 
299982|Child_Cross12|53: 301 125 47 23 10 4 1 
300011|Survivor|1: 358 129 44 23 10 4 1 
300054|Child_Avg|31: 291 118 43 24 9 4 1 
300112|Survivor|1: 463 119 50 24 9 4 1 
300123|Child_Levy|60: 395 126 45 23 10 4 1 
300137|Survivor|1: 728 209 68 24 9 4 1 
300144|Survivor|1: 425 117 52 24 9 4 1 
300195|Survivor|1|Mutated: 396 145 68 23 10 4 1 
300205|Child_CrossABC2|8: 341 128 56 21 10 4 1 
300207|Survivor|1: 369 121 56 21 10 4 1 
300210|Child_Cross21|14: 413 112 47 21 10 4 1 
300211|Child_Avg|27: 398 127 56 21 10 4 1 
300212|Child_CrossABC1|7: 387 124 56 21 10 4 1 
300213|Child_CrossABC1|1: 394 152 56 21 10 4 1 
300215|Child_Cross21|50: 385 139 56 21 10 4 1 
300221|Child_CrossABC1|1: 386 139 56 21 10 4 1 
300230|Child_Cross21|42: 424 121 45 21 10 4 1 
300235|Child_Avg|31: 410 122 46 21 10 4 1 
300236|Child_Cross21|2: 407 122 45 21 10 4 1 
300241|Child_CrossABC1|1: 401 120 45 23 10 4 1 
300287|Survivor|1: 657 147 52 20 9 4 1 
300290|Survivor|1: 544 153 58 24 9 4 1 
300302|Survivor|1: 417 113 53 24 9 4 1 
300336|Survivor|1: 386 103 41 24 9 4 1 
300404|Child_CrossABC2|2: 379 117 56 24 9 4 1 
300414|Survivor|1: 380 114 49 24 9 4 1 
300423|Survivor|1: 383 116 50 24 9 4 1 
300431|Survivor|1: 381 114 45 19 10 4 1 
300514|Survivor|1: 453 126 47 23 10 4 1 
300527|Child_Levy|8: 490 135 49 21 10 4 1 
300533|Survivor|1: 490 139 49 21 10 4 1 
300535|Child_Avg|3: 414 146 59 20 9 4 1 
300536|Child_Avg|43: 491 145 61 24 9 4 1 
300542|Child_Avg|59: 392 141 50 24 9 4 1 
300548|Child_CrossABC1|1: 399 128 47 24 9 4 1 
300549|Child_Levy|32: 427 132 46 24 9 4 1 
300660|Child_Avg|39: 414 113 45 21 10 4 1 
300672|Child_CrossABC1|7: 390 113 45 21 10 4 1 
300680|Child_LevyABC1|5: 386 118 45 21 10 4 1 
300714|Child_CrossABC1|7: 398 165 59 24 9 4 1 
300718|Child_Cross21|30: 387 133 53 24 11 4 1 
300724|Child_Levy|44: 329 125 49 21 10 4 1 
300733|Survivor|1: 364 130 48 23 10 4 1 
300744|Child_CrossABC2|8: 397 136 45 21 10 4 1 
300755|Child_Cross12|45: 389 134 45 21 10 4 1 
300809|Survivor|1: 667 201 57 23 10 4 1 
300813|Child_LevyABC2|6: 617 171 54 23 10 4 1 
300868|Survivor|1: 422 121 50 24 9 4 1 
300875|Child_CrossABC1|7: 372 113 53 24 9 4 1 
300885|Child_Cross12|13|Mutated: 395 111 44 24 9 4 1 
300909|Survivor|1: 597 155 63 27 10 4 1 
300914|Survivor|1: 616 158 61 24 9 4 1 
300980|Child_Avg|39: 326 125 55 23 10 4 1 
301006|Child_CrossABC1|7: 370 119 46 24 9 4 1 
301056|Survivor|1: 317 134 50 24 9 4 1 
301069|Child_Cross12|17: 317 132 49 24 9 4 1 
301113|Child_CrossABC1|1: 305 124 43 20 9 4 1 
301123|Survivor|1: 308 121 48 20 9 4 1 
301139|Child_LevyP1|3: 417 114 46 20 9 4 1 
301147|Child_Avg|35: 383 175 61 24 9 4 1 
301153|Child_CrossABC2|8: 443 158 52 24 9 4 1 
301155|Child_Avg|39: 430 137 49 24 9 4 1 
301171|Survivor|1: 407 116 45 23 10 4 1 
301175|Survivor|1: 469 125 44 23 10 4 1 
301187|Survivor|1: 432 130 47 24 9 4 1 
301240|Child_Avg|19|Mutated: 620 183 65 29 10 4 1 
301249|Child_Cross21|26: 606 162 64 29 9 4 1 
301252|Child_Cross12|53: 448 143 55 27 10 4 1 
301256|Child_Cross12|5: 547 153 55 29 10 4 1 
301259|Child_Cross21|54: 458 132 52 29 9 4 1 
301263|Child_Avg|59: 480 141 52 29 9 4 1 
301264|Child_Cross21|2: 434 132 52 29 9 4 1 
301265|Child_Avg|35: 470 143 52 29 9 4 1 
301268|Child_CrossABC2|2: 482 143 52 29 9 4 1 
301271|Child_Avg|35: 415 134 52 29 9 4 1 
301272|Child_Cross21|6: 457 141 52 29 9 4 1 
301273|Child_Cross12|37: 468 134 52 29 9 4 1 
301275|Child_Cross12|29: 466 143 52 29 9 4 1 
301277|Child_Cross12|45|Mutated: 434 134 52 29 9 4 1 
301283|Child_Avg|35: 435 134 52 29 9 4 1 
301284|Child_Avg|23: 445 134 52 29 9 4 1 
301288|Child_Cross21|10|Mutated: 473 134 52 29 9 4 1 
301289|Child_Cross12|57: 444 134 52 29 9 4 1 
301298|Child_Cross21|26: 439 134 52 29 9 4 1 
301299|Child_Cross12|53: 443 134 52 29 9 4 1 
301304|Child_CrossABC1|1: 451 134 52 29 9 4 1 
301314|Child_Avg|43: 427 134 52 29 9 4 1 
301316|Child_Cross12|37: 443 134 52 24 9 4 1 
301325|Child_Avg|51: 412 134 52 29 9 4 1 
301328|Child_Avg|7: 422 134 52 29 9 4 1 
301340|Child_Cross21|34: 428 134 52 29 9 4 1 
301353|Child_Cross12|9: 382 134 52 29 9 4 1 
301357|Child_Cross21|38: 405 134 52 29 9 4 1 
301371|Survivor|1: 453 143 52 29 9 4 1 
301397|Child_Cross12|41: 392 134 52 29 9 4 1 
301398|Child_CrossABC2|2: 399 134 52 29 9 4 1 
301400|Child_Avg|43: 406 134 52 29 9 4 1 
301403|Child_Cross21|10: 411 134 52 29 9 4 1 
301408|Child_Cross21|58: 404 134 52 29 9 4 1 
301411|Child_Avg|47: 393 134 52 29 9 4 1 
301414|Child_Cross21|26: 398 134 52 29 9 4 1 
301427|Child_Cross12|17: 405 143 52 29 9 4 1 
301439|Child_Cross12|25: 401 143 52 29 9 4 1 
301456|Child_Cross21|42: 398 143 52 29 9 4 1 
301460|Child_CrossABC1|1: 379 143 52 29 9 4 1 
301473|Child_Avg|11: 391 143 52 29 9 4 1 
301478|Child_Cross21|58: 404 143 52 29 9 4 1 
301484|Child_Cross21|58: 399 143 52 29 9 4 1 
301487|Child_Cross21|54: 398 157 52 29 9 4 1 
301489|Child_Avg|11: 385 143 53 29 9 4 1 
301494|Child_Cross21|14: 392 143 52 29 9 4 1 
301504|Child_Cross21|54: 382 143 52 29 9 4 1 
301506|Child_Cross12|13: 372 143 52 29 9 4 1 
301554|Child_Avg|43: 459 143 53 29 9 4 1 
301642|Survivor|1: 367 110 50 24 9 4 1 
301645|Child_LevyABC1|11: 379 108 50 24 9 4 1 
301698|Child_Avg|55|Mutated: 352 124 53 24 9 4 1 
301700|Child_CrossABC1|7: 348 133 52 24 9 4 1 
301750|Child_Levy|8: 599 140 61 24 9 4 1 
301753|Child_Cross21|6: 369 113 51 19 10 4 1 
301762|Survivor|1: 389 121 48 20 9 4 1 
301769|Child_Cross21|6: 362 111 46 20 9 4 1 
301787|Child_Levy|40: 378 124 49 21 10 4 1 
301790|Survivor|1: 450 124 49 21 10 4 1 
301798|Survivor|1: 346 114 49 21 10 4 1 
301812|Survivor|1: 407 120 44 23 10 4 1 
301829|Survivor|1: 480 165 58 27 10 4 1 
301882|Child_CrossABC1|7: 453 131 44 24 9 4 1 
301915|Survivor|1: 401 149 52 24 9 4 1 
301916|Child_Cross12|41: 423 146 47 23 10 4 1 
301940|Child_Levy|16: 417 125 44 24 9 4 1 
301950|Child_CrossABC2|2: 373 150 43 24 9 4 1 
301985|Child_Cross12|41: 548 180 79 24 9 4 1 
302023|Survivor|1: 373 137 43 20 9 4 1 
302026|Child_CrossABC1|1: 393 139 43 20 9 4 1 
302158|Child_Avg|35: 564 157 72 27 10 4 1 
302166|Survivor|1: 399 148 66 27 10 4 1 
302189|Child_Levy|56: 424 134 47 23 10 4 1 
302190|Child_Cross21|26: 362 132 47 23 10 4 1 
302223|Child_CrossABC2|2: 389 121 48 27 10 4 1 
302283|Survivor|1|Mutated: 362 155 49 24 9 4 1 
302311|Survivor|1: 377 138 44 24 9 4 1 
302326|Child_Avg|35: 468 163 57 23 10 4 1 
302335|Child_Cross21|26: 345 147 54 20 9 4 1 
302344|Child_Cross12|45|Mutated: 376 119 52 20 9 4 1 
302379|Child_Levy|4|Mutated: 514 141 55 23 10 4 1 
302424|Child_CrossABC1|7: 393 127 41 19 10 4 1 
302445|Survivor|1: 403 118 41 19 10 4 1 
302450|Child_Cross12|45: 398 128 53 19 10 4 1 
302472|Child_Levy|12: 518 146 59 24 9 4 1 
302488|Child_Cross12|21: 453 162 50 24 9 4 1 
302493|Survivor|1: 429 136 50 24 9 4 1 
302496|Child_CrossABC1|1: 446 153 55 24 9 4 1 
302497|Child_CrossABC1|1|Mutated: 460 138 55 24 9 4 1 
302499|Child_CrossABC1|7: 451 137 55 24 9 4 1 
302512|Child_CrossABC1|7: 443 142 50 24 9 4 1 
302513|Child_Cross21|18: 462 139 49 24 9 4 1 
302516|Child_Cross12|5: 450 141 49 24 9 4 1 
302531|Child_Cross21|54: 461 141 49 24 9 4 1 
302533|Child_Cross21|10: 464 143 49 24 9 4 1 
302540|Child_CrossABC1|7: 465 141 49 24 9 4 1 
302559|Child_Cross21|58|Mutated: 407 141 59 24 9 4 1 
302566|Child_Cross12|49: 440 141 49 24 9 4 1 
302575|Child_Avg|47: 459 141 49 24 9 4 1 
302594|Child_Cross12|1: 457 132 49 24 9 4 1 
302614|Survivor|1: 416 139 59 24 9 4 1 
302719|Survivor|1: 449 127 47 25 9 4 1 
302783|Child_Levy|56: 392 137 53 27 10 4 1 
302795|Child_Cross12|45: 387 118 47 25 9 4 1 
302825|Child_Avg|59: 345 119 45 21 10 4 1 
302860|Child_Levy|4: 429 136 47 23 10 4 1 
302889|Child_Levy|28: 407 140 54 23 10 4 1 
302914|Survivor|1: 386 137 53 24 11 5 1 
302941|Child_Avg|35: 380 126 53 24 9 4 1 
302984|Child_CrossABC1|7: 400 154 55 24 9 4 1 
303029|Survivor|1: 395 141 55 23 10 4 1 
303036|Child_CrossABC2|8: 407 143 58 23 10 4 1 
303038|Survivor|1: 404 144 67 23 10 4 1 
303039|Child_Levy|36: 412 129 57 23 10 4 1 
303087|Child_Cross12|1: 416 136 47 23 10 4 1 
303224|Survivor|1: 459 138 57 29 9 4 1 
303231|Child_LevyABC1|11|Mutated: 414 137 52 24 9 4 1 
303235|Child_Avg|35: 393 142 52 27 10 4 1 
303238|Child_Avg|27: 407 142 52 27 10 4 1 
303270|Child_Levy|56: 442 170 53 24 9 4 1 
303279|Child_Cross12|29: 406 127 43 19 10 4 1 
303311|Survivor|1|Mutated: 397 114 58 24 9 4 1 
303316|Survivor|1: 398 141 67 24 9 4 1 
303377|Survivor|1: 391 149 61 24 9 4 1 
303390|Child_CrossABC1|7: 399 143 55 24 9 4 1 
303396|Survivor|1: 404 143 52 24 9 4 1 
303404|Survivor|1: 401 142 50 24 9 4 1 
303407|Survivor|1: 385 141 50 24 9 4 1 
303429|Child_Levy|44|Mutated: 406 151 49 21 10 4 1 
303434|Survivor|1: 405 127 48 21 10 4 1 
303439|Child_CrossABC1|1: 404 121 49 21 10 4 1 
303443|Child_CrossABC1|1: 401 130 48 21 10 4 1 
303474|Child_Levy|56: 304 117 44 23 10 4 1 
303489|Survivor|1: 310 117 44 23 10 4 1 
303514|Child_CrossABC1|7: 320 126 47 23 10 4 1 
303535|Survivor|1: 365 117 45 23 10 4 1 
303537|Child_Avg|35: 452 157 54 23 10 4 1 
303549|Survivor|1: 399 136 51 23 10 4 1 
303559|Child_Cross21|26: 374 115 44 24 9 4 1 
303560|Child_Avg|47: 455 166 50 24 9 4 1 
303610|Child_Cross21|34|Mutated: 353 128 46 24 9 4 1 
303615|Survivor|1: 404 131 45 21 10 4 1 
303637|Survivor|1: 389 124 45 21 10 4 1 
303650|Survivor|1: 361 118 41 19 10 4 1 
303657|Child_CrossABC2|2: 358 118 41 19 10 4 1 
303663|Survivor|1: 355 118 41 19 10 4 1 
303665|Child_Avg|27: 438 124 47 21 10 4 1 
303671|Child_CrossABC2|2: 438 122 47 21 10 4 1 
303696|Survivor|1|Mutated: 355 146 43 24 9 4 1 
303709|Survivor|1: 340 145 43 24 9 4 1 
303731|Child_LevyP2|4: 317 129 50 24 9 4 1 
303732|Child_CrossABC1|1: 335 126 55 24 9 4 1 
303743|Child_Avg|23: 412 149 44 24 9 4 1 
303764|Survivor|1: 545 185 55 23 10 4 1 
303766|Survivor|1: 341 131 48 20 9 4 1 
303768|Survivor|1: 438 134 47 23 10 4 1 
303771|Child_Cross21|42: 329 119 48 21 10 4 1 
303773|Survivor|1: 364 119 45 21 10 4 1 
303787|Survivor|1: 400 116 44 21 10 4 1 
303853|Survivor|1: 690 236 67 23 10 4 1 
303892|Child_Cross12|25: 368 129 45 23 10 4 1 
303945|Survivor|1: 447 137 57 29 9 4 1 
303947|Survivor|1: 431 137 57 29 9 4 1 
303961|Survivor|1: 380 143 44 23 10 4 1 
304031|Child_Avg|19: 422 116 61 23 10 4 1 
304035|Child_Avg|15: 378 135 60 23 10 4 1 
304052|Child_CrossABC1|7: 419 127 58 24 9 4 1 
304054|Survivor|1: 420 127 62 24 9 4 1 
304102|Survivor|1: 400 122 43 24 9 4 1 
304106|Child_Cross12|37: 365 167 52 24 9 4 1 
304157|Random|7: 478 191 73 27 10 4 1 
304170|Survivor|1: 385 150 54 19 10 4 1 
304172|Child_CrossABC1|1: 420 131 55 23 10 4 1 
304177|Child_Cross12|37: 413 132 55 23 10 4 1 
304193|Child_CrossABC1|7: 418 122 47 23 10 4 1 
304255|Child_Avg|19: 451 132 47 23 10 4 1 
304289|Survivor|1: 427 128 48 19 11 5 1 
304305|Survivor|1: 377 118 45 21 10 4 1 
304376|Child_LevyP1|3: 368 161 64 24 11 5 1 
304379|Survivor|1: 389 158 62 25 10 4 1 
304383|Child_Cross12|25: 383 150 56 24 11 4 1 
304385|Child_Avg|3: 294 133 55 24 9 4 1 
304388|Child_Cross21|38: 353 137 52 24 9 4 1 
304398|Survivor|1|Mutated: 376 123 52 24 9 4 1 
304401|Survivor|1: 355 130 49 24 9 4 1 
304443|Survivor|1: 640 185 57 23 10 4 1 
304448|Survivor|1: 578 156 53 24 9 4 1 
304511|Child_Levy|48: 411 149 56 24 9 4 1 
304517|Child_CrossABC1|1: 434 154 55 24 9 4 1 
304525|Child_CrossABC1|1: 329 127 43 24 9 4 1 
304545|Child_Cross21|22: 345 118 43 24 9 4 1 
304602|Child_CrossABC2|2|Mutated: 369 117 47 21 10 4 1 
304611|Survivor|1: 364 116 46 21 10 4 1 
304667|Survivor|1: 376 142 61 24 9 4 1 
304682|Child_CrossABC2|2: 357 142 50 24 9 4 1 
304741|Survivor|1: 631 145 56 25 10 4 1 
304744|Survivor|1: 491 144 55 27 10 4 1 
304750|Child_Cross12|1: 456 158 55 27 10 4 1 
304752|Child_Levy|60: 438 173 59 27 10 4 1 
304758|Child_CrossABC1|7: 435 168 55 27 10 4 1 
304759|Child_Avg|35: 431 150 56 27 10 4 1 
304773|Child_CrossABC2|8: 404 153 58 23 10 4 1 
304779|Child_Avg|47: 404 138 51 19 10 4 1 
304802|Survivor|1: 411 141 46 21 10 4 1 
304812|Child_CrossABC1|1: 400 140 45 21 10 4 1 
304833|Survivor|1: 381 146 44 23 10 4 1 
304839|Child_Cross12|5: 406 155 46 20 9 4 1 
304900|Child_Levy|28: 593 176 71 29 10 4 1 
304912|Child_Cross12|29|Mutated: 463 141 59 29 9 4 1 
304914|Child_Avg|15: 456 136 59 27 10 4 1 
304915|Child_Cross21|2: 457 143 61 29 9 4 1 
304916|Child_CrossABC1|1: 457 143 61 29 10 4 1 
304929|Survivor|1: 433 183 53 28 9 4 1 
304932|Child_Cross21|6: 391 125 51 19 10 4 1 
304950|Child_Cross21|54: 388 133 46 24 9 4 1 
304965|Child_Avg|43: 382 123 47 24 9 4 1 
304978|Survivor|1: 393 108 46 24 9 4 1 
305054|Child_Cross12|49: 429 134 47 25 9 4 1 
305072|Child_Levy|40: 680 187 76 27 10 4 1 
305075|Child_CrossABC2|8: 418 135 47 24 9 4 1 
305079|Child_Cross21|34: 471 143 50 24 9 4 1 
305082|Child_CrossABC1|1: 422 149 52 24 9 4 1 
305086|Survivor|1|Mutated: 422 179 52 24 9 4 1 
305089|Child_CrossABC2|8: 424 180 57 23 10 4 1 
305106|Child_Avg|55: 371 129 47 24 9 4 1 
305120|Survivor|1: 347 138 44 24 9 4 1 
305130|Child_CrossABC1|1: 400 150 43 24 9 4 1 
305182|Child_CrossABC1|1|Mutated: 398 139 68 21 10 4 1 
305185|Child_Cross12|13: 386 129 47 21 10 4 1 
305186|Child_Cross21|22: 441 152 56 21 10 4 1 
305225|Survivor|1: 445 123 58 23 10 4 1 
305226|Child_Cross21|22: 379 121 50 24 9 4 1 
305260|Survivor|1|Mutated: 329 118 43 24 9 4 1 
305264|Child_Avg|47: 531 166 63 27 10 4 1 
305285|Child_Levy|36: 392 120 47 25 9 4 1 
305295|Survivor|1: 395 120 47 25 9 4 1 
305339|Child_CrossABC2|2: 416 130 43 24 9 4 1 
305349|Child_CrossABC2|2: 405 130 64 24 9 4 1 
305351|Child_CrossABC2|2: 391 138 50 24 9 4 1 
305406|Child_Cross12|1: 407 128 49 24 9 4 1 
305422|Child_Cross12|25: 419 136 43 24 9 4 1 
305491|Child_CrossABC2|2: 393 108 43 24 9 4 1 
305507|Child_Cross12|29: 350 139 51 23 10 4 1 
305544|Survivor|1: 330 122 47 23 10 4 1 
305573|Child_Avg|27: 444 169 57 20 9 4 1 
305581|Child_Avg|47: 398 132 47 23 10 4 1 
305586|Child_CrossABC1|1|Mutated: 361 145 55 24 9 4 1 
305609|Child_CrossABC2|8: 414 153 47 25 9 4 1 
305754|Survivor|1: 423 140 50 24 9 4 1 
305832|Child_Levy|44: 390 144 57 23 10 4 1 
305838|Child_Cross21|18: 348 127 54 23 10 4 1 
305871|Survivor|1: 395 123 46 24 9 4 1 
305922|Child_CrossABC1|1|Mutated: 407 118 44 24 9 4 1 
305957|Survivor|1: 413 127 50 24 9 4 1 
305990|Child_Cross21|2: 411 155 49 24 9 4 1 
306036|Survivor|1: 397 125 46 29 9 4 1 
306087|Child_Avg|35: 393 127 47 24 9 4 1 
306134|Child_CrossABC1|7: 560 157 52 24 9 4 1 
306163|Survivor|1: 440 131 55 24 9 4 1 
306169|Survivor|1: 440 131 56 24 9 4 1 
306173|Survivor|1: 459 130 55 24 9 4 1 
306203|Child_LevyABC1|5: 368 123 47 21 10 4 1 
306205|Survivor|1|Mutated: 368 114 49 21 10 4 1 
306227|Child_CrossABC2|2: 390 135 59 24 9 4 1 
306281|Survivor|1: 457 156 59 24 9 4 1 
306285|Child_CrossABC2|8: 445 137 56 24 9 4 1 
306297|Child_CrossABC1|1: 427 137 55 24 9 4 1 
306363|Child_LevyP2|4: 475 142 62 24 9 4 1 
306366|Child_Cross12|17: 399 121 56 24 9 4 1 
306370|Child_CrossABC1|7: 399 136 47 24 9 4 1 
306391|Random|15: 442 149 59 24 9 4 1 
306397|Child_CrossABC1|1: 468 143 53 24 9 4 1 
306401|Child_CrossABC2|2: 463 137 53 24 9 4 1 
306403|Child_Cross21|14|Mutated: 468 151 53 24 9 4 1 
306404|Child_Avg|35: 463 138 53 24 9 4 1 
306444|Child_Cross12|37|Mutated: 417 127 59 24 9 4 1 
306488|Child_Cross21|46: 393 122 47 21 10 4 1 
306498|Survivor|1: 436 125 47 23 10 4 1 
306505|Child_Cross21|38: 620 194 64 29 10 4 1 
306511|Child_CrossABC2|8: 631 165 58 27 10 4 1 
306514|Child_CrossABC2|8: 375 148 55 27 10 4 1 
306518|Survivor|1: 409 141 55 27 10 4 1 
306520|Child_Cross21|50: 396 145 55 27 10 4 1 
306525|Child_Avg|39: 571 183 62 24 9 4 1 
306526|Child_Cross21|42: 412 133 55 27 10 4 1 
306529|Child_CrossABC2|8: 403 144 53 27 10 4 1 
306536|Child_Cross12|41: 398 144 53 27 10 4 1 
306544|Child_Cross12|21: 401 145 52 27 10 4 1 
306564|Child_Avg|27: 384 130 47 23 10 4 1 
306586|Child_Cross12|53: 417 136 45 21 10 4 1 
306664|Child_CrossABC2|2: 353 129 53 24 9 4 1 
306753|Survivor|1: 404 115 47 25 9 4 1 
306795|Survivor|1: 478 121 48 20 9 4 1 
306803|Child_Avg|7: 359 121 51 23 10 4 1 
306805|Child_LevyP1|3: 425 117 52 20 9 4 1 
306809|Child_CrossABC1|1: 421 122 53 19 10 4 1 
306845|Child_Avg|31: 316 113 43 19 10 4 1 
306877|Child_Cross21|18: 383 108 41 19 10 4 1 
306948|Child_CrossABC1|7: 381 123 55 24 9 4 1 
306962|Child_Avg|43: 468 165 61 29 9 4 1 
307018|Child_Cross21|34: 412 106 45 21 10 4 1 
307038|Survivor|1: 395 118 44 24 9 4 1 
307082|Survivor|1: 347 135 62 24 9 4 1 
307085|Child_CrossABC1|1: 437 135 52 24 9 4 1 
307086|Child_CrossABC1|7: 490 141 53 24 9 4 1 
307087|Child_CrossABC1|1: 406 133 53 24 9 4 1 
307100|Survivor|1: 379 148 46 24 9 4 1 
307109|Child_Avg|35: 444 144 51 23 10 4 1 
307111|Child_Cross21|10: 371 131 43 24 9 4 1 
307190|Child_LevyABC1|5: 394 118 43 24 9 4 1 
307351|Child_Cross21|10: 438 131 47 25 9 4 1 
307359|Child_Avg|3: 439 139 55 24 9 4 1 
307361|Survivor|1: 421 137 59 24 9 4 1 
307364|Survivor|1: 447 139 51 23 10 4 1 
307400|Child_CrossABC1|1: 404 117 45 23 10 4 1 
307402|Survivor|1: 353 118 44 23 10 4 1 
307428|Child_Avg|55: 413 148 55 27 10 4 1 
307432|Child_Avg|55: 414 135 53 25 9 4 1 
307437|Child_Avg|3: 426 133 48 23 10 4 1 
307460|Child_Avg|11: 395 137 45 21 10 4 1 
307464|Child_Cross12|45: 404 149 45 21 10 4 1 
307467|Survivor|1: 389 128 45 21 10 4 1 
307469|Child_Avg|23: 389 124 45 19 10 4 1 
307479|Survivor|1: 398 118 49 21 10 4 1 
307489|Child_Cross12|57: 404 139 44 23 10 4 1 
307528|Child_Levy|40: 470 158 62 27 10 4 1 
307562|Child_CrossABC2|2: 415 138 52 24 9 4 1 
307634|Child_Cross12|37: 379 109 40 24 9 4 1 
307674|Child_Avg|43: 421 133 57 23 10 4 1 
307704|Survivor|1: 379 112 39 21 10 4 1 
307708|Child_Avg|55|Mutated: 389 144 59 24 9 4 1 
307714|Child_CrossABC2|2: 408 142 57 23 10 4 1 
307717|Child_CrossABC2|8: 409 125 55 23 10 4 1 
307721|Survivor|1: 379 121 51 23 10 4 1 
307722|Child_CrossABC1|1: 393 122 55 23 10 4 1 
307739|Child_CrossABC1|7: 383 114 56 21 10 4 1 
307753|Child_CrossABC1|1: 382 131 45 21 10 4 1 
307788|Child_Avg|51: 399 127 54 25 8 3 1 
307796|Child_Cross21|46: 377 113 53 24 9 4 1 
307854|Survivor|1: 417 168 54 23 10 4 1 
307883|Survivor|1: 439 163 57 23 10 4 1 
307888|Survivor|1: 443 162 57 23 10 4 1 
307975|Child_Levy|44: 478 167 55 24 9 4 1 
307980|Child_CrossABC1|7: 399 128 49 21 10 4 1 
307982|Child_Cross12|13: 400 125 49 21 10 4 1 
307984|Child_CrossABC1|1: 401 125 49 21 10 4 1 
307992|Survivor|1: 390 120 46 21 10 4 1 
308004|Child_Avg|7: 395 123 45 21 10 4 1 
308078|Child_Cross12|1: 519 149 51 23 10 4 1 
308279|Child_Avg|43: 425 123 58 24 9 4 1 
308283|Survivor|1: 437 121 52 24 9 4 1 
308320|Child_Cross21|54: 430 129 44 24 9 4 1 
308365|Survivor|1: 414 151 54 24 11 4 1 
308371|Child_CrossABC2|2: 339 152 53 24 9 4 1 
308447|Survivor|1: 495 152 64 23 10 4 1 
308451|Child_Avg|23: 378 133 62 24 9 4 1 
308452|Child_CrossABC1|1: 480 141 62 24 9 4 1 
308456|Child_CrossABC1|1: 456 145 55 24 9 4 1 
308461|Child_CrossABC2|8: 367 129 55 24 9 4 1 
308479|Survivor|1: 349 132 49 23 8 3 1 
308488|Survivor|1: 480 171 70 21 10 4 1 
308490|Child_Levy|40: 413 132 54 19 10 4 1 
308558|Survivor|1: 555 213 65 27 10 4 1 
308561|Child_Levy|48: 368 147 53 24 9 4 1 
308576|Child_Cross12|21: 409 129 48 20 9 4 1 
308596|Child_Avg|15: 433 140 47 25 9 4 1 
308699|Child_Avg|51: 381 108 43 20 9 4 1 
308731|Survivor|1: 440 175 51 23 10 4 1 
308739|Survivor|1: 352 126 51 23 10 4 1 
308763|Child_Cross12|1: 371 129 46 24 9 4 1 
308775|Child_CrossABC1|1: 385 115 50 21 10 4 1 
308777|Child_CrossABC1|7: 385 115 49 21 10 4 1 
308797|Child_CrossABC2|8: 384 117 46 24 9 4 1 
308839|Child_Levy|24: 389 152 53 24 9 4 1 
308851|Survivor|1: 464 148 47 24 9 4 1 
308863|Child_CrossABC1|1: 461 137 52 24 9 4 1 
308874|Child_CrossABC2|8: 390 133 53 24 9 4 1 
308906|Child_CrossABC2|8: 395 123 52 24 9 4 1 
308919|Child_CrossABC2|8: 384 131 52 24 9 4 1 
309016|Survivor|1: 595 149 52 24 9 4 1 
309055|Child_Cross21|10: 375 109 41 19 10 4 1 
309094|Survivor|1: 394 114 41 19 10 4 1 
309096|Child_Avg|31: 514 189 72 29 10 4 1 
309097|Child_Levy|60: 449 142 56 25 9 4 1 
309136|Survivor|1: 364 143 45 23 10 4 1 
309137|Child_CrossABC1|1: 372 143 45 21 10 4 1 
309186|Child_Cross12|45: 399 147 43 20 9 4 1 
309223|Survivor|1|Mutated: 374 135 47 24 9 4 1 
309263|Child_Cross12|25: 419 125 51 19 10 4 1 
309269|Survivor|1: 461 151 57 23 10 4 1 
309286|Survivor|1: 620 163 56 25 9 4 1 
309298|Survivor|1: 434 149 47 23 10 4 1 
309358|Survivor|1: 410 128 43 24 9 4 1 
309469|Child_Cross12|9: 437 149 47 23 10 4 1 
309486|Child_Cross12|45: 549 141 55 23 10 4 1 
309488|Survivor|1: 485 133 49 24 9 4 1 
309492|Child_Cross21|10: 461 128 47 24 9 4 1 
309497|Child_CrossABC2|8: 460 126 47 24 9 4 1 
309509|Child_CrossABC1|1: 467 130 46 24 9 4 1 
309540|Child_CrossABC1|1: 422 131 45 23 10 4 1 
309552|Child_Avg|27: 411 162 52 24 9 4 1 
309565|Survivor|1: 411 181 53 24 9 4 1 
309575|Survivor|1: 401 165 56 24 9 4 1 
309576|Child_Cross21|6: 374 162 55 24 9 4 1 
309591|Survivor|1: 373 143 58 24 9 4 1 
309610|Child_Cross21|46: 331 135 47 24 9 4 1 
309627|Survivor|1: 355 122 47 23 10 4 1 
309631|Child_CrossABC2|8: 355 147 47 23 10 4 1 
309664|Child_CrossABC1|1: 524 165 57 23 10 4 1 
309667|Child_Avg|23: 416 132 51 23 10 4 1 
309675|Child_Cross12|37: 432 135 50 24 9 4 1 
309679|Survivor|1: 393 124 47 25 9 4 1 
309756|Survivor|1: 412 144 47 21 10 4 1 
309771|Survivor|1: 430 148 45 21 10 4 1 
309789|Survivor|1: 357 113 47 21 10 4 1 
309806|Survivor|1: 475 128 53 27 10 4 1 
309809|Survivor|1|Mutated: 500 164 63 27 10 4 1 
309846|Child_CrossABC1|7: 399 137 46 24 9 4 1 
309865|Child_Levy|24: 422 130 48 21 10 4 1 
309868|Child_CrossABC1|7: 423 131 48 21 10 4 1 
309919|Survivor|1: 458 134 49 24 9 4 1 
309985|Child_Levy|12: 451 145 60 21 10 4 1 
309987|Child_Cross12|21: 374 118 47 21 10 4 1 
309995|Child_CrossABC2|2: 377 119 45 21 10 4 1 
310036|Child_CrossABC1|7: 384 130 47 24 9 4 1 
310110|Child_Cross21|46: 504 170 58 23 10 4 1 
310191|Survivor|1: 402 152 57 21 10 4 1 
310195|Child_CrossABC2|8: 414 148 57 21 10 4 1 
310205|Survivor|1: 432 133 45 21 10 4 1 
310247|Child_LevyABC1|5: 406 130 48 21 10 4 1 
310320|Child_Avg|27: 655 171 68 28 13 4 1 
310327|Child_Avg|31|Mutated: 584 168 59 27 10 4 1 
310328|Child_CrossABC2|2: 550 143 53 24 9 4 1 
310336|Survivor|1: 473 143 53 24 9 4 1 
310338|Child_Cross21|30: 487 149 52 24 9 4 1 
310343|Survivor|1: 361 143 53 24 9 4 1 
310347|Survivor|1|Mutated: 407 143 58 24 9 4 1 
310349|Child_Avg|3: 425 131 52 24 9 4 1 
310352|Child_Levy|60: 466 139 52 24 9 4 1 
310355|Child_Avg|15|Mutated: 443 137 55 24 9 4 1 
310372|Survivor|1: 415 150 49 24 9 4 1 
310376|Survivor|1: 448 127 49 24 9 4 1 
310439|Child_Avg|3: 385 108 50 24 9 4 1 
310440|Child_CrossABC2|8: 386 107 47 24 9 4 1 
310450|Child_CrossABC1|1: 477 136 53 24 9 4 1 
310471|Survivor|1|Mutated: 401 122 46 20 9 4 1 
310496|Survivor|1: 394 111 46 24 9 4 1 
310519|Survivor|1: 429 130 48 21 10 4 1 
310523|Survivor|1: 375 112 53 19 10 4 1 
310574|Child_Cross12|37|Mutated: 408 116 46 21 10 4 1 
310583|Child_CrossABC1|7: 410 118 50 21 10 4 1 
310591|Survivor|1: 406 117 49 21 10 4 1 
310595|Survivor|1|Mutated: 405 128 57 23 10 4 1 
310605|Child_CrossABC2|2: 391 107 45 19 10 4 1 
310696|Survivor|1: 467 132 49 24 9 4 1 
310718|Survivor|1: 414 117 50 24 9 4 1 
310785|Survivor|1: 403 161 51 25 14 4 1 
310790|Child_Cross12|29: 399 148 47 23 10 4 1 
310805|Child_Avg|27: 435 162 50 24 9 4 1 
310809|Child_CrossABC2|8: 426 171 56 24 9 4 1 
310812|Child_CrossABC1|7: 416 132 65 24 9 4 1 
310819|Child_Cross21|46: 421 139 59 24 9 4 1 
310825|Child_Avg|43: 404 121 50 24 9 4 1 
310845|Child_Levy|36: 408 132 51 25 9 4 1 
310847|Survivor|1: 417 137 55 24 9 4 1 
310876|Child_Cross12|13: 417 116 50 24 9 4 1 
310886|Random|7: 637 136 61 23 10 4 1 
310957|Survivor|1: 406 143 46 24 9 4 1 
310986|Survivor|1: 366 132 55 27 10 4 1 
310988|Child_CrossABC1|7: 364 134 56 21 10 4 1 
311006|Child_Avg|51|Mutated: 385 141 56 21 10 4 1 
311010|Survivor|1: 385 115 56 21 10 4 1 
311011|Child_Avg|19: 385 131 56 21 10 4 1 
311013|Child_Avg|11: 348 121 49 21 10 4 1 
311014|Child_Cross12|17: 387 117 47 21 10 4 1 
311015|Child_Cross12|33: 291 116 46 21 10 4 1 
311020|Child_Cross21|58: 354 113 47 21 10 4 1 
311022|Child_Avg|31: 381 116 46 21 10 4 1 
311027|Survivor|1: 391 118 47 21 10 4 1 
311032|Survivor|1: 382 117 50 21 10 4 1 
311084|Child_Levy|40: 538 177 55 27 10 4 1 
311095|Child_Cross12|49: 366 138 49 21 10 4 1 
311097|Child_Cross12|37|Mutated: 363 131 48 21 10 4 1 
311125|Child_CrossABC2|8: 529 177 65 24 9 4 1 
311133|Child_Avg|35: 445 153 53 24 9 4 1 
311135|Child_Cross12|29: 472 137 53 24 9 4 1 
311142|Child_CrossABC1|7: 400 167 55 24 9 4 1 
311145|Survivor|1: 396 170 59 24 9 4 1 
311249|Child_Avg|51: 554 151 61 23 10 4 1 
311256|Survivor|1: 392 119 55 24 9 4 1 
311257|Child_Avg|43: 546 154 55 24 9 4 1 
311289|Child_CrossABC2|2: 418 123 44 23 10 4 1 
311317|Child_CrossABC2|2: 466 170 64 29 10 4 1 
311325|Survivor|1: 436 169 56 25 9 4 1 
311334|Child_CrossABC1|1: 371 136 46 20 9 4 1 
311379|Survivor|1: 432 124 53 24 9 4 1 
311385|Child_Cross21|26: 404 138 53 24 9 4 1 
311400|Child_Cross21|18|Mutated: 378 135 43 24 9 4 1 
311431|Child_Cross12|57: 357 131 61 23 10 4 1 
311490|Child_Avg|3: 470 174 69 27 10 4 1 
311501|Survivor|1: 443 152 53 24 9 4 1 
311515|Survivor|1: 402 141 44 24 9 4 1 
311580|Child_CrossABC2|2: 380 151 61 24 9 4 1 
311585|Child_CrossABC2|2: 373 153 65 24 9 4 1 
311589|Child_CrossABC1|7: 371 154 62 24 9 4 1 
311634|Survivor|1: 300 111 44 24 9 4 1 
311650|Survivor|1: 290 109 41 19 10 4 1 
311661|Survivor|1: 519 148 57 29 9 4 1 
311668|Child_Avg|55: 507 182 58 24 9 4 1 
311671|Child_Cross12|21: 441 168 60 23 10 4 1 
311679|Survivor|1|Mutated: 369 168 60 23 10 4 1 
311680|Child_CrossABC1|7: 411 158 58 23 10 4 1 
311684|Child_CrossABC1|7: 394 144 57 23 10 4 1 
311689|Child_CrossABC1|1: 395 144 57 23 10 4 1 
311690|Child_Avg|7: 400 140 54 23 10 4 1 
311691|Child_Cross21|46: 396 144 57 23 10 4 1 
311694|Child_CrossABC1|7: 397 143 54 23 10 4 1 
311700|Child_CrossABC1|1: 392 145 54 23 10 4 1 
311705|Survivor|1: 394 141 48 20 9 4 1 
311715|Child_CrossABC2|2: 408 145 49 21 10 4 1 
311748|Survivor|1: 336 123 43 24 9 4 1 
311754|Child_CrossABC2|2: 448 129 53 24 9 4 1 
311808|Child_Levy|12: 553 163 67 23 10 4 1 
311813|Child_CrossABC1|1: 609 154 60 23 10 4 1 
311820|Child_CrossABC1|1: 463 141 57 23 10 4 1 
311835|Child_CrossABC1|7: 470 140 54 23 10 4 1 
311843|Child_CrossABC2|8: 475 144 61 23 10 4 1 
311845|Child_CrossABC2|8: 456 140 54 23 10 4 1 
311849|Survivor|1: 456 139 61 19 10 4 1 
311851|Child_CrossABC1|7: 455 136 59 27 10 4 1 
311853|Child_CrossABC1|7: 455 146 59 27 10 4 1 
311868|Child_Levy|56: 405 134 47 23 10 4 1 
311884|Child_Avg|43|Mutated: 407 127 49 24 9 4 1 
312006|Survivor|1: 407 142 55 27 10 4 1 
312022|Survivor|1: 358 138 47 24 9 4 1 
312031|Child_Levy|20: 353 139 44 23 10 4 1 
312038|Survivor|1: 303 127 43 24 9 4 1 
312097|Child_CrossABC1|1: 365 134 52 19 10 4 1 
312106|Child_Cross12|17: 364 126 51 19 10 4 1 
312115|Survivor|1: 362 124 45 19 10 4 1 
312261|Child_Levy|12: 400 149 61 29 9 4 1 
312268|Child_CrossABC2|8: 408 144 64 29 9 4 1 
312272|Child_Avg|3: 421 156 62 24 9 4 1 
312277|Child_Cross21|26: 396 154 59 24 9 4 1 
312281|Child_Avg|47: 375 139 55 24 9 4 1 
312282|Child_Cross21|22: 396 127 58 24 9 4 1 
312321|Child_Levy|28: 400 118 43 24 9 4 1 
312407|Survivor|1: 484 174 63 27 10 4 1 
312439|Survivor|1: 456 131 54 30 11 5 1 
312464|Child_Cross21|30: 488 201 69 27 10 4 1 
312478|Child_Cross21|14: 356 139 45 21 10 4 1 
312482|Survivor|1: 445 142 60 23 10 4 1 
312483|Child_Avg|3: 399 142 53 24 9 4 1 
312494|Survivor|1: 351 162 52 24 9 4 1 
312499|Child_CrossABC1|7: 367 153 56 24 9 4 1 
312507|Child_CrossABC1|1|Mutated: 369 142 53 24 9 4 1 
312508|Child_CrossABC2|2: 430 154 55 24 9 4 1 
312520|Child_CrossABC2|8: 347 146 52 24 9 4 1 
312540|Child_Cross12|5: 389 148 46 24 9 4 1 
312563|Survivor|1: 423 137 43 24 9 4 1 
312581|Survivor|1: 461 179 60 23 10 4 1 
312583|Survivor|1|Mutated: 461 158 60 23 10 4 1 
312589|Child_CrossABC2|8: 400 113 47 23 10 4 1 
312632|Survivor|1: 410 127 46 20 9 4 1 
312633|Child_CrossABC1|1: 402 113 48 20 9 4 1 
312635|Child_Cross21|18: 319 127 46 20 9 4 1 
312687|Child_Levy|28|Mutated: 405 117 42 19 10 4 1 
312750|Survivor|1: 518 139 52 24 9 4 1 
312754|Survivor|1: 422 135 52 24 9 4 1 
312758|Child_CrossABC2|8: 435 135 62 24 9 4 1 
312819|Child_LevyP1|3: 478 154 55 24 9 4 1 
312941|Child_Avg|43: 469 179 47 23 10 4 1 
312957|Child_Cross12|49: 391 122 47 23 10 4 1 
312962|Child_Cross21|6: 413 134 51 23 10 4 1 
312989|Survivor|1: 435 134 50 24 9 4 1 
313041|Survivor|1: 627 157 51 19 10 4 1 
313043|Child_Cross21|14: 415 152 55 24 9 4 1 
313045|Child_CrossABC2|8: 450 145 55 24 9 4 1 
313047|Survivor|1: 452 141 52 20 9 4 1 
313052|Child_CrossABC2|2: 419 141 52 20 9 4 1 
313055|Survivor|1: 392 131 52 20 9 4 1 
313073|Survivor|1: 466 135 48 23 10 4 1 
313082|Survivor|1|Mutated: 390 142 48 21 10 4 1 
313123|Child_CrossABC1|7: 567 162 56 24 9 4 1 
313124|Child_CrossABC2|2: 671 145 55 24 9 4 1 
313130|Survivor|1: 548 169 61 24 9 4 1 
313216|Child_Levy|28: 576 153 56 21 10 4 1 
313231|Child_Avg|15: 447 131 48 21 10 4 1 
313238|Child_Cross21|54: 436 123 47 23 10 4 1 
313242|Survivor|1: 390 118 45 20 9 4 1 
313246|Survivor|1: 409 114 46 20 9 4 1 
313265|Child_Cross21|10: 409 119 41 20 9 4 1 
313286|Survivor|1: 380 119 46 20 9 4 1 
313299|Child_CrossABC2|8: 358 124 44 19 10 4 1 
313312|Child_Avg|15: 378 112 43 19 10 4 1 
313379|Survivor|1: 400 145 44 24 9 4 1 
313396|Child_CrossABC1|1: 388 136 51 19 10 4 1 
313399|Survivor|1|Mutated: 388 129 51 19 10 4 1 
313421|Child_Avg|35: 366 137 41 19 10 4 1 
313499|Child_Cross21|6: 390 127 41 19 10 4 1 
313551|Child_Avg|11: 421 124 41 19 10 4 1 
313563|Child_Avg|39: 367 127 41 19 10 4 1 
313613|Child_CrossABC1|1: 389 150 52 17 10 4 1 
313724|Child_CrossABC1|7: 427 132 58 24 9 4 1 
313726|Child_CrossABC2|2: 362 134 53 24 9 4 1 
313727|Child_CrossABC1|7: 439 130 61 24 9 4 1 
313736|Child_Cross21|50: 448 129 58 24 9 4 1 
313738|Survivor|1: 444 129 58 24 9 4 1 
313756|Child_CrossABC1|7: 404 136 59 24 9 4 1 
313786|Survivor|1: 354 147 55 27 10 4 1 
313807|Child_CrossABC2|2: 448 139 59 24 9 4 1 
313871|Child_Avg|43: 454 142 52 27 10 4 1 
313896|Survivor|1: 364 112 43 24 9 4 1 
313926|Child_Avg|3: 453 162 53 24 9 4 1 
313936|Child_CrossABC1|7: 437 141 52 24 9 4 1 
313955|Child_Cross21|14: 424 130 45 23 10 4 1 
314016|Survivor|1: 359 122 46 24 9 4 1 
314052|Child_CrossABC2|2: 397 144 62 24 9 4 1 
314070|Child_Levy|8: 383 121 46 24 9 4 1 
314103|Survivor|1: 606 164 79 24 9 4 1 
314104|Child_Avg|27: 388 110 47 24 9 4 1 
314149|Child_CrossABC2|8: 531 141 61 24 9 4 1 
314153|Survivor|1|Mutated: 391 108 49 24 9 4 1 
314168|Child_CrossABC1|7: 380 108 49 24 9 4 1 
314256|Survivor|1: 444 142 53 24 11 4 1 
314258|Child_CrossABC2|8: 460 142 55 27 10 4 1 
314261|Survivor|1: 381 151 55 27 10 4 1 
314264|Survivor|1: 379 152 62 27 10 4 1 
314277|Survivor|1: 404 156 47 23 10 4 1 
314279|Child_Cross21|2: 400 150 44 23 10 4 1 
314308|Survivor|1: 392 165 44 23 10 4 1 
314316|Survivor|1: 355 130 51 24 11 4 1 
314348|Child_LevyP2|10|Mutated: 388 145 43 20 9 4 1 
314368|Survivor|1: 387 135 58 24 11 4 1 
314371|Random|19: 697 155 59 21 10 4 1 
314373|Child_CrossABC2|2: 467 139 58 21 10 4 1 
314382|Survivor|1: 395 117 57 21 10 4 1 
314389|Survivor|1: 426 130 45 21 10 4 1 
314422|Child_Avg|19: 397 125 48 21 10 4 1 
314480|Child_Cross12|33: 426 121 47 23 10 4 1 
314519|Child_CrossABC1|7: 408 121 57 23 10 4 1 
314569|Child_CrossABC1|1: 434 116 45 21 10 4 1 
314610|Child_CrossABC2|8: 452 146 67 25 9 4 1 
314619|Child_Cross21|22: 409 121 53 27 10 4 1 
314623|Survivor|1: 368 128 47 23 10 4 1 
314630|Survivor|1: 360 129 45 23 10 4 1 
314675|Child_Avg|7: 310 112 47 23 10 4 1 
314676|Child_Avg|43: 384 139 60 21 10 4 1 
314677|Child_Avg|31: 303 108 46 24 9 4 1 
314981|Child_Avg|51: 446 126 51 19 10 4 1 
315023|Survivor|1: 452 145 49 21 10 4 1 
315093|Child_CrossABC1|1: 473 136 59 21 10 4 1 
315103|Child_Avg|23: 418 120 46 21 10 4 1 
315108|Survivor|1: 415 120 46 21 10 4 1 
315123|Survivor|1: 357 117 45 23 10 4 1 
315329|Survivor|1: 404 145 52 25 10 4 1 
315336|Child_Cross12|57: 387 153 49 21 10 4 1 
315343|Child_CrossABC1|7: 411 124 49 21 10 4 1 
315348|Child_CrossABC1|1: 410 124 49 21 10 4 1 
315383|Survivor|1: 344 128 48 23 10 4 1 
315399|Survivor|1: 422 118 45 20 9 4 1 
315431|Survivor|1: 386 123 48 20 9 4 1 
315465|Survivor|1: 421 131 49 25 10 4 1 
315547|Child_Cross12|1: 447 128 49 24 11 4 1 
315617|Child_CrossABC1|1: 339 132 62 24 9 4 1 
315622|Survivor|1: 385 141 58 24 9 4 1 
315625|Survivor|1: 354 131 52 24 9 4 1 
315630|Child_Levy|4: 372 121 48 21 10 4 1 
315632|Child_CrossABC2|2: 375 145 49 21 10 4 1 
315641|Child_Avg|35: 367 130 48 21 10 4 1 
315646|Survivor|1: 357 111 49 21 10 4 1 
315661|Child_Avg|35: 395 112 47 21 10 4 1 
315712|Survivor|1: 480 163 52 24 9 4 1 
315722|Child_Cross21|58: 364 126 47 24 9 4 1 
315725|Child_Avg|59: 448 161 52 24 9 4 1 
315733|Child_CrossABC1|7: 441 175 53 24 9 4 1 
315735|Survivor|1: 425 181 52 24 9 4 1 
315784|Survivor|1: 398 130 48 21 10 4 1 
315828|Child_Cross21|38: 469 166 56 21 10 4 1 
315841|Child_Cross21|42: 369 139 52 20 9 4 1 
315842|Child_Cross21|42: 331 124 49 21 10 4 1 
315857|Child_Cross21|54: 367 122 43 19 10 4 1 
315868|Child_Avg|19: 343 122 43 19 10 4 1 
315872|Child_Avg|11: 340 121 43 19 10 4 1 
315888|Child_Cross21|54|Mutated: 411 144 51 19 10 4 1 
315896|Survivor|1: 370 121 43 19 10 4 1 
315900|Child_Cross12|1|Mutated: 402 121 43 19 10 4 1 
315910|Child_Cross12|49: 413 121 43 19 10 4 1 
315925|Child_Cross12|49: 421 121 43 19 10 4 1 
315981|Child_LevyP1|3: 515 151 49 24 9 4 1 
316012|Survivor|1: 420 130 59 28 9 4 1 
316054|Child_LevyABC1|5|Mutated: 400 118 57 20 9 4 1 
316098|Child_Avg|39: 403 131 46 20 9 4 1 
316101|Child_Cross21|54: 407 130 46 20 9 4 1 
316143|Survivor|1: 391 136 56 25 9 4 1 
316150|Child_CrossABC1|7: 357 125 61 24 9 4 1 
316216|Survivor|1: 429 121 46 24 9 4 1 
316278|Child_Avg|35: 413 131 63 27 10 4 1 
316292|Child_CrossABC2|2: 387 122 64 24 9 4 1 
316304|Child_Cross21|26: 400 127 46 21 10 4 1 
316404|Survivor|1: 473 168 62 27 10 4 1 
316447|Child_CrossABC1|1: 400 117 46 20 9 4 1 
316471|Child_Cross12|49|Mutated: 402 121 52 20 9 4 1 
316547|Survivor|1: 389 128 55 24 9 4 1 
316697|Child_Avg|31: 377 132 54 23 10 4 1 
316740|Child_Avg|55: 442 141 59 27 10 4 1 
316791|Child_CrossABC1|1: 490 156 66 29 9 4 1 
316792|Child_LevyP2|4: 498 138 61 24 9 4 1 
316794|Child_Avg|3: 391 119 52 24 9 4 1 
316922|Child_CrossABC1|7: 418 131 46 24 9 4 1 
316925|Survivor|1: 431 128 46 24 9 4 1 
316927|Child_Avg|7: 411 129 44 24 9 4 1 
316973|Child_Levy|8: 522 184 59 24 9 4 1 
316983|Survivor|1: 650 145 52 24 9 4 1 
316987|Child_CrossABC2|8: 590 145 52 24 9 4 1 
316991|Survivor|1: 585 145 52 24 9 4 1 
317088|Child_Avg|23: 443 160 56 21 10 4 1 
317094|Survivor|1: 356 123 49 21 10 4 1 
317196|Survivor|1: 478 138 67 24 9 4 1 
317213|Child_CrossABC1|1: 456 127 49 24 9 4 1 
317253|Survivor|1: 442 153 62 24 11 4 1 
317272|Child_CrossABC1|1: 417 117 55 21 10 4 1 
317341|Child_Avg|39|Mutated: 393 150 43 20 9 4 1 
317370|Child_Cross12|25|Mutated: 395 139 48 20 9 4 1 
317458|Survivor|1: 359 129 44 23 10 4 1 
317491|Survivor|1: 461 176 54 24 11 4 1 
317495|Child_Levy|4: 402 155 50 24 9 4 1 
317501|Child_CrossABC1|7: 413 155 56 24 9 4 1 
317503|Child_CrossABC1|1: 409 157 59 24 9 4 1 
317509|Child_CrossABC2|2: 400 157 64 24 9 4 1 
317529|Child_CrossABC1|1: 399 156 62 24 9 4 1 
317531|Survivor|1|Mutated: 343 156 62 24 9 4 1 
317534|Child_Avg|11: 394 147 53 24 9 4 1 
317543|Survivor|1: 449 146 52 24 9 4 1 
317550|Child_Cross12|9: 433 157 49 24 9 4 1 
317552|Child_CrossABC1|1: 408 140 50 24 9 4 1 
317556|Child_Cross12|25: 415 143 46 24 9 4 1 
317568|Survivor|1: 392 131 46 24 9 4 1 
317605|Child_Avg|31: 433 123 50 24 9 4 1 
317608|Child_CrossABC1|1: 446 127 61 24 9 4 1 
317689|Survivor|1: 395 144 43 20 9 4 1 
317788|Survivor|1: 349 154 46 24 9 4 1 
317793|Child_CrossABC1|1: 350 155 52 24 9 4 1 
317797|Child_CrossABC2|2: 347 140 50 24 9 4 1 
317807|Child_Cross21|6: 342 142 49 24 9 4 1 
317808|Child_CrossABC2|2: 333 134 49 24 9 4 1 
317820|Survivor|1: 348 136 55 24 9 4 1 
317827|Child_Cross12|41: 338 135 49 24 9 4 1 
317830|Child_Cross21|2: 410 160 49 24 9 4 1 
317837|Child_Cross21|18: 357 149 47 24 9 4 1 
317840|Child_Cross21|10: 360 127 43 24 9 4 1 
317913|Child_CrossABC1|7: 410 112 47 23 10 4 1 
317932|Child_CrossABC2|2: 607 183 71 24 9 4 1 
317933|Child_CrossABC1|7: 611 178 55 24 9 4 1 
317938|Survivor|1: 378 131 49 21 10 4 1 
317939|Child_CrossABC2|2: 351 132 49 21 10 4 1 
317940|Child_CrossABC1|1: 392 145 49 21 10 4 1 
317942|Child_CrossABC1|1: 395 156 49 21 10 4 1 
317944|Child_Cross12|9: 385 135 49 21 10 4 1 
317948|Child_Avg|3: 401 128 47 21 10 4 1 
317950|Child_Cross12|5|Mutated: 386 135 55 21 10 4 1 
317959|Child_Cross12|13: 421 124 45 21 10 4 1 
318039|Child_Avg|35: 415 114 50 24 9 4 1 
318115|Survivor|1: 399 132 55 21 10 4 1 
318123|Child_Cross12|25: 366 149 44 19 10 4 1 
318144|Survivor|1|Mutated: 418 137 51 23 10 4 1 
318149|Survivor|1: 471 147 51 23 10 4 1 
318169|Child_CrossABC2|2: 443 131 43 24 9 4 1 
318236|Child_CrossABC2|2: 407 146 46 24 9 4 1 
318271|Survivor|1: 451 127 44 24 9 4 1 
318282|Child_Cross21|38: 400 132 47 24 9 4 1 
318314|Child_CrossABC1|1: 409 123 61 24 9 4 1 
318353|Survivor|1: 397 134 52 29 9 4 1 
318478|Survivor|1: 350 117 44 23 10 4 1 
318508|Survivor|1: 422 123 58 24 9 4 1 
318530|Child_Cross21|18: 364 133 47 23 10 4 1 
318541|Child_CrossABC2|2: 397 132 59 24 9 4 1 
318546|Child_Avg|31|Mutated: 399 138 56 24 9 4 1 
318560|Child_Cross21|10: 362 122 53 24 9 4 1 
318562|Child_Avg|35|Mutated: 405 154 56 24 9 4 1 
318564|Child_Cross12|1: 407 157 53 24 9 4 1 
318565|Child_Avg|35: 407 164 50 24 9 4 1 
318566|Child_CrossABC2|8: 407 166 58 24 9 4 1 
318570|Survivor|1: 377 142 58 24 9 4 1 
318580|Child_CrossABC1|1: 390 139 49 24 9 4 1 
318675|Child_Cross21|58: 334 135 57 23 10 4 1 
318740|Survivor|1|Mutated: 465 142 44 23 10 4 1 
318759|Survivor|1: 372 122 43 19 10 4 1 
318775|Child_Cross12|37: 366 119 41 19 10 4 1 
318811|Survivor|1: 469 151 50 24 9 4 1 
318822|Survivor|1: 424 127 47 25 9 4 1 
318830|Child_Cross12|17: 631 152 53 24 9 4 1 
318833|Child_CrossABC2|8: 647 151 52 24 9 4 1 
318875|Survivor|1: 369 165 57 23 10 4 1 
318881|Child_Avg|43: 388 147 52 24 9 4 1 
318948|Survivor|1: 373 110 49 24 9 4 1 
318993|Child_CrossABC1|1: 465 167 65 24 9 4 1 
319007|Child_Avg|35: 437 143 55 24 9 4 1 
319008|Child_CrossABC2|8: 415 142 55 24 9 4 1 
319013|Child_Cross12|29: 471 145 52 24 9 4 1 
319031|Child_Cross12|9: 350 142 49 24 9 4 1 
319127|Survivor|1: 465 132 47 23 10 4 1 
319163|Child_LevyP1|9: 432 129 61 24 9 4 1 
319252|Child_CrossABC2|8: 397 108 50 24 9 4 1 
319282|Child_Levy|20: 525 165 58 23 10 4 1 
319300|Child_Avg|3: 402 114 47 24 9 4 1 
319359|Child_CrossABC1|7: 406 139 46 24 9 4 1 
319361|Survivor|1: 433 127 43 24 9 4 1 
319422|Child_Avg|11: 411 151 46 27 10 4 1 
319493|Child_Levy|52: 402 129 49 27 10 4 1 
319525|Survivor|1|Mutated: 395 117 49 24 9 4 1 
319547|Child_Avg|7: 495 146 53 24 9 4 1 
319571|Child_Avg|59: 450 176 57 20 9 4 1 
319572|Child_Cross21|14: 414 127 52 20 9 4 1 
319587|Child_CrossABC1|7|Mutated: 390 146 50 21 10 4 1 
319595|Survivor|1: 409 133 45 19 10 4 1 
319596|Child_Cross12|37: 408 133 44 19 10 4 1 
319597|Child_Cross12|13: 352 117 43 19 10 4 1 
319601|Child_CrossABC2|8: 401 143 44 19 10 4 1 
319675|Survivor|1: 370 136 56 25 9 4 1 
319687|Child_Cross12|45: 387 138 47 24 9 4 1 
319800|Child_Levy|60: 448 138 51 24 11 5 1 
319803|Survivor|1: 415 123 47 23 10 4 1 
319846|Child_Cross21|14|Mutated: 462 126 59 24 9 4 1 
319847|Child_Cross12|1: 462 176 59 27 10 4 1 
319850|Child_CrossABC1|1: 536 147 56 24 9 4 1 
319851|Child_CrossABC1|1: 446 181 57 23 10 4 1 
319855|Child_Cross12|57: 475 145 55 24 9 4 1 
319858|Child_Avg|15: 444 153 53 24 9 4 1 
319860|Child_CrossABC2|2: 458 170 53 24 9 4 1 
319865|Child_CrossABC2|2: 395 138 50 24 9 4 1 
319883|Child_Levy|12: 379 119 44 23 10 4 1 
319903|Survivor|1: 371 130 48 23 10 4 1 
319931|Survivor|1: 388 124 48 21 10 4 1 
319953|Survivor|1: 419 136 47 23 10 4 1 
319988|Child_CrossABC2|8|Mutated: 440 157 52 29 9 4 1 
319990|Child_Avg|51|Mutated: 435 164 61 29 9 4 1 
319999|Survivor|1: 446 160 52 29 9 4 1 
320031|Child_Levy|28: 460 132 59 24 9 4 1 
320037|Child_Cross21|38: 425 166 56 24 9 4 1 
320041|Child_Avg|7: 367 157 49 24 9 4 1 
320042|Child_CrossABC1|1: 433 164 62 24 9 4 1 
320043|Child_Cross12|1|Mutated: 339 133 52 24 9 4 1 
320141|Survivor|1: 368 107 43 19 10 4 1 
320178|Child_Cross21|34: 307 101 43 20 9 4 1 
320185|Child_Cross21|10: 286 107 43 20 9 4 1 
320214|Child_Cross12|37: 287 107 43 20 9 4 1 
320219|Child_Avg|47: 310 107 43 20 9 4 1 
320281|Child_CrossABC1|7: 288 107 46 20 9 4 1 
320307|Survivor|1: 453 145 43 20 9 4 1 
320351|Survivor|1: 364 148 52 19 10 4 1 
320358|Survivor|1: 398 123 58 24 9 4 1 
320362|Child_Cross12|33: 488 175 57 23 10 4 1 
320371|Child_Cross12|21: 405 148 55 23 10 4 1 
320373|Child_Cross21|30: 440 149 51 23 10 4 1 
320378|Child_CrossABC2|8: 415 134 47 23 10 4 1 
320381|Child_Cross12|13: 377 133 48 23 10 4 1 
320382|Child_CrossABC1|7: 382 133 48 23 10 4 1 
320391|Child_CrossABC2|8: 433 133 47 23 10 4 1 
320414|Child_CrossABC1|7: 450 123 57 23 10 4 1 
320431|Child_Avg|59: 454 133 56 27 10 4 1 
320440|Child_Cross21|54: 372 119 51 23 10 4 1 
320459|Child_Cross21|54: 408 124 51 23 10 4 1 
320462|Child_Cross21|26: 410 124 51 23 10 4 1 
320471|Child_Cross12|57: 404 124 51 23 10 4 1 
320475|Child_Cross21|10: 431 124 51 23 10 4 1 
320537|Child_Cross12|41: 379 140 45 21 10 4 1 
320552|Child_Cross21|54: 407 120 42 19 10 4 1 
320629|Child_Cross12|37: 414 130 41 19 10 4 1 
320685|Survivor|1: 427 130 57 23 10 4 1 
320694|Child_Cross12|45|Mutated: 395 116 49 21 10 4 1 
320695|Child_Avg|31: 409 123 49 21 10 4 1 
320727|Survivor|1: 447 124 43 20 9 4 1 
320731|Child_Avg|47: 481 147 52 24 9 4 1 
320741|Survivor|1: 461 141 48 23 10 4 1 
320744|Child_Avg|15: 455 146 47 23 10 4 1 
320746|Survivor|1: 471 145 47 23 10 4 1 
320747|Child_CrossABC1|7: 477 146 47 23 10 4 1 
320758|Child_Cross21|42: 460 139 44 23 10 4 1 
320779|Child_Cross21|18: 454 132 43 24 9 4 1 
320814|Child_Avg|43: 453 126 53 24 9 4 1 
320856|Survivor|1: 318 112 59 27 10 4 1 
320872|Survivor|1: 422 128 47 24 9 4 1 
320941|Child_Cross12|41: 397 128 41 19 10 4 1 
320996|Survivor|1: 467 134 52 24 9 4 1 
321004|Child_CrossABC2|2|Mutated: 529 138 53 24 9 4 1 
321058|Child_Cross21|26: 483 145 65 27 10 4 1 
321068|Survivor|1: 434 130 61 24 9 4 1 
321070|Child_Cross21|38: 426 130 61 24 9 4 1 
321155|Survivor|1: 363 127 47 23 10 4 1 
321169|Survivor|1: 372 137 60 23 10 4 1 
321190|Child_LevyP2|10: 447 155 56 24 9 4 1 
321197|Child_CrossABC2|8: 407 159 52 24 9 4 1 
321199|Child_CrossABC2|8: 404 159 52 24 9 4 1 
321203|Child_Avg|35: 401 158 50 24 9 4 1 
321211|Child_Cross12|41: 411 154 49 24 9 4 1 
321238|Child_CrossABC2|8: 405 157 55 24 9 4 1 
321241|Child_Cross21|30: 379 155 49 24 9 4 1 
321271|Child_Cross21|14|Mutated: 404 155 49 21 10 4 1 
321299|Child_Avg|11: 402 155 49 24 9 4 1 
321366|Survivor|1|Mutated: 395 141 58 24 9 4 1 
321395|Child_LevyABC1|5: 485 148 54 23 10 4 1 
321399|Child_Avg|31: 456 139 49 21 10 4 1 
321418|Child_CrossABC2|2: 423 127 46 20 9 4 1 
321419|Child_CrossABC2|8: 422 127 46 20 9 4 1 
321422|Survivor|1: 412 124 44 19 10 4 1 
321455|Child_Levy|8: 442 187 61 23 10 4 1 
321471|Child_CrossABC2|2: 460 153 57 21 10 4 1 
321476|Survivor|1: 449 137 55 21 10 4 1 
321483|Child_Cross12|17|Mutated: 370 151 49 21 10 4 1 
321492|Survivor|1: 350 126 46 21 10 4 1 
321500|Survivor|1: 418 134 49 21 10 4 1 
321502|Child_CrossABC1|7: 418 135 49 21 10 4 1 
321507|Child_Avg|43: 453 137 52 20 9 4 1 
321571|Child_CrossABC2|8: 444 161 59 24 9 4 1 
321577|Child_Avg|51: 379 136 50 24 9 4 1 
321578|Survivor|1|Mutated: 421 155 50 24 9 4 1 
321635|Child_Cross21|14: 472 135 47 23 10 4 1 
321704|Survivor|1: 384 131 51 23 10 4 1 
321718|Survivor|1: 403 111 46 21 10 4 1 
321727|Survivor|1: 374 111 46 21 10 4 1 
321735|Survivor|1: 491 146 62 19 10 4 1 
321737|Child_Avg|7: 431 115 49 21 10 4 1 
321772|Child_CrossABC2|8: 383 127 46 20 9 4 1 
321781|Child_Cross21|14: 408 109 47 25 9 4 1 
321836|Child_Avg|39: 430 118 55 20 9 4 1 
321892|Child_CrossABC2|2: 363 110 50 24 9 4 1 
321897|Survivor|1: 388 116 49 21 10 4 1 
321900|Child_Cross12|37: 455 123 53 24 9 4 1 
321909|Survivor|1: 426 117 58 24 9 4 1 
321917|Survivor|1: 389 116 57 23 10 4 1 
321944|Child_CrossABC2|8: 397 131 55 23 10 4 1 
321987|Child_CrossABC1|7: 385 111 48 20 9 4 1 
322105|Survivor|1: 581 155 52 24 9 4 1 
322106|Child_CrossABC2|2: 610 180 61 24 9 4 1 
322114|Child_CrossABC2|2: 548 178 61 24 9 4 1 
322116|Child_Levy|60: 523 172 58 24 9 4 1 
322119|Child_CrossABC1|7: 505 160 55 24 9 4 1 
322139|Child_Cross12|9: 326 126 43 24 9 4 1 
322177|Child_CrossABC2|8: 506 143 59 24 9 4 1 
322189|Child_Cross21|26: 395 121 57 23 10 4 1 
322210|Child_Avg|15: 427 117 44 23 10 4 1 
322243|Survivor|1: 409 118 44 23 10 4 1 
322313|Survivor|1: 387 123 48 20 9 4 1 
322325|Child_Avg|47: 391 147 48 21 10 4 1 
322375|Survivor|1: 385 104 43 20 9 4 1 
322388|Child_Avg|59: 362 103 46 20 9 4 1 
322444|Survivor|1: 431 173 55 24 9 4 1 
322454|Child_Cross12|49: 410 130 47 24 9 4 1 
322475|Child_Levy|20: 400 129 51 23 10 4 1 
322483|Survivor|1: 406 127 54 23 10 4 1 
322499|Child_LevyP1|3|Mutated: 390 137 46 20 9 4 1 
322522|Child_CrossABC2|8: 350 121 46 20 9 4 1 
322529|Survivor|1: 353 116 46 20 9 4 1 
322534|Survivor|1: 370 113 45 19 10 4 1 
322685|Child_LevyABC1|11: 484 142 67 24 9 4 1 
322687|Child_CrossABC2|2: 451 173 55 24 9 4 1 
322695|Child_CrossABC1|7: 395 139 52 24 9 4 1 
322714|Child_Levy|28: 354 125 54 23 10 4 1 
322762|Child_Cross21|10: 465 141 49 24 11 4 1 
322765|Child_CrossABC1|7: 411 142 56 24 11 4 1 
322766|Child_CrossABC2|8: 404 141 62 24 11 4 1 
322786|Child_Avg|19: 394 145 50 24 9 4 1 
322822|Child_Cross12|13: 361 145 43 24 9 4 1 
322825|Child_Cross12|57: 360 146 43 24 9 4 1 
322827|Child_Cross12|25: 358 146 43 24 9 4 1 
322839|Child_Cross12|45: 378 147 43 24 9 4 1 
322843|Child_Cross12|49: 375 145 43 24 9 4 1 
322872|Child_Avg|15: 438 129 50 24 9 4 1 
322878|Child_CrossABC1|1|Mutated: 436 128 53 24 9 4 1 
322879|Child_CrossABC1|1: 451 136 61 24 9 4 1 
322906|Survivor|1: 422 128 59 24 9 4 1 
322907|Child_CrossABC1|1: 429 124 58 24 9 4 1 
322936|Child_CrossABC2|8: 398 142 61 24 9 4 1 
322938|Child_Levy|24: 388 142 51 23 10 4 1 
322959|Child_CrossABC2|8: 397 146 53 24 9 4 1 
323004|Survivor|1: 343 140 43 24 9 4 1 
323068|Child_Cross12|37|Mutated: 371 138 59 24 9 4 1 
323114|Child_Levy|16: 386 135 48 23 10 4 1 
323125|Child_Cross12|37: 406 122 48 23 10 4 1 
323180|Survivor|1: 387 131 47 23 10 4 1 
323186|Child_CrossABC1|1: 405 117 49 24 9 4 1 
323242|Survivor|1: 388 140 48 29 9 4 1 
323246|Child_Cross21|38: 527 175 66 29 9 4 1 
323261|Child_Levy|8: 400 120 47 25 9 4 1 
323277|Survivor|1: 433 174 52 24 9 4 1 
323280|Child_Cross21|34: 412 114 53 24 9 4 1 
323320|Survivor|1: 397 122 47 23 7 3 1 
323355|Child_Avg|51|Mutated: 402 125 52 19 10 4 1 
323461|Survivor|1: 370 135 46 24 9 4 1 
323470|Survivor|1|Mutated: 399 135 55 24 9 4 1 
323478|Child_Cross21|38|Mutated: 477 132 49 24 9 4 1 
323504|Child_Cross12|37: 376 142 43 24 9 4 1 
323634|Child_Avg|43: 446 161 58 24 9 4 1 
323645|Child_CrossABC1|7: 390 139 53 24 9 4 1 
323665|Child_Cross21|54: 346 140 48 21 10 4 1 
323669|Child_Levy|48: 455 189 57 23 10 4 1 
323697|Child_Avg|31: 374 138 50 21 10 4 1 
323703|Child_CrossABC2|8|Mutated: 353 134 58 21 10 4 1 
323710|Child_CrossABC2|2: 347 124 49 21 10 4 1 
323714|Survivor|1: 356 127 49 21 10 4 1 
323715|Child_CrossABC1|1: 354 129 49 21 10 4 1 
323733|Child_Avg|59: 388 122 46 21 10 4 1 
323738|Child_Avg|51: 402 122 45 21 10 4 1 
323837|Child_Cross21|6: 439 121 43 20 9 4 1 
323915|Child_Levy|24: 361 119 46 24 9 4 1 
323932|Child_Levy|52: 422 125 52 23 10 4 1 
323939|Survivor|1: 419 145 47 23 10 4 1 
323949|Survivor|1: 458 146 49 21 10 4 1 
323979|Survivor|1: 369 115 44 19 10 4 1 
323982|Survivor|1: 378 115 44 19 10 4 1 
323995|Child_CrossABC1|1: 377 106 41 19 10 4 1 
324018|Child_CrossABC1|1: 386 107 45 19 10 4 1 
324064|Survivor|1: 370 154 45 21 10 4 1 
324074|Child_Avg|35: 408 142 65 23 10 4 1 
324077|Survivor|1: 396 150 47 23 10 4 1 
324083|Survivor|1: 444 153 48 23 10 4 1 
324101|Survivor|1: 485 177 62 24 9 4 1 
324102|Child_Cross21|30: 419 179 50 24 9 4 1 
324105|Child_CrossABC2|8: 436 177 52 24 9 4 1 
324108|Survivor|1: 450 198 55 24 9 4 1 
324111|Survivor|1: 565 166 50 24 9 4 1 
324113|Child_CrossABC1|1: 448 151 62 24 9 4 1 
324115|Child_Avg|43: 424 140 49 24 9 4 1 
324121|Survivor|1: 399 156 43 24 9 4 1 
324159|Child_Levy|4: 388 121 52 24 9 4 1 
324188|Survivor|1: 704 184 65 24 9 4 1 
324192|Child_Cross21|2: 435 157 65 24 9 4 1 
324194|Child_Levy|8: 450 152 59 24 9 4 1 
324198|Child_CrossABC1|1: 431 148 58 24 9 4 1 
324208|Survivor|1|Mutated: 392 140 55 24 9 4 1 
324212|Child_CrossABC2|8: 389 130 61 24 9 4 1 
324300|Child_Cross12|33: 380 121 43 24 9 4 1 
324321|Child_CrossABC2|8: 565 179 67 24 9 4 1 
324334|Child_LevyP2|10: 401 139 51 19 10 4 1 
324346|Survivor|1: 426 127 44 23 10 4 1 
324400|Survivor|1: 408 166 57 29 9 4 1 
324434|Child_Cross21|2|Mutated: 410 131 56 24 9 4 1 
324523|Child_Cross21|10: 367 172 58 24 9 4 1 
324547|Child_CrossABC2|2: 437 123 49 21 10 4 1 
324552|Child_Cross21|46: 417 135 44 24 9 4 1 
324571|Child_Avg|59|Mutated: 491 156 53 24 9 4 1 
324572|Child_CrossABC1|7: 616 159 55 24 9 4 1 
324586|Random|6: 405 150 67 23 10 4 1 
324588|Child_Avg|43: 413 132 54 23 10 4 1 
324590|Survivor|1: 407 129 54 23 10 4 1 
324607|Survivor|1: 405 127 44 23 10 4 1 
324614|Child_Cross12|5: 363 114 55 24 9 4 1 
324618|Survivor|1: 313 114 49 24 9 4 1 
324661|Child_Cross12|33: 402 116 45 23 10 4 1 
324738|Child_CrossABC1|7: 399 134 52 24 9 4 1 
324757|Child_CrossABC2|2: 393 116 55 24 9 4 1 
324767|Child_CrossABC2|8: 387 116 61 24 9 4 1 
324777|Survivor|1: 526 163 55 24 9 4 1 
324783|Child_Levy|20: 449 166 53 24 9 4 1 
324788|Child_Avg|39: 453 163 53 24 9 4 1 
324828|Survivor|1: 377 136 50 21 10 4 1 
324855|Child_Avg|31|Mutated: 400 109 44 20 9 4 1 
324917|Survivor|1: 377 103 51 19 10 4 1 
324921|Child_Avg|7: 417 112 45 21 10 4 1 
324930|Survivor|1: 424 120 45 21 10 4 1 
324940|Child_Avg|3: 678 197 70 24 9 4 1 
325035|Survivor|1: 413 163 61 24 9 4 1 
325047|Child_Avg|23: 391 146 52 24 9 4 1 
325057|Child_CrossABC2|8: 363 140 50 24 9 4 1 
325058|Child_Cross12|53: 363 106 46 24 9 4 1 
325201|Survivor|1: 475 167 65 24 9 4 1 
325220|Child_CrossABC2|8|Mutated: 395 119 57 23 10 4 1 
325222|Child_Avg|11: 413 113 61 23 10 4 1 
325223|Child_CrossABC2|8: 395 122 57 23 10 4 1 
325225|Child_Cross21|54: 398 119 54 23 10 4 1 
325228|Child_Avg|59: 379 131 51 23 10 4 1 
325229|Child_Cross12|9: 391 137 54 23 10 4 1 
325232|Child_CrossABC2|8: 403 132 60 23 10 4 1 
325293|Survivor|1: 386 122 43 19 10 4 1 
325377|Child_Avg|23: 408 135 56 25 9 4 1 
325388|Survivor|1: 470 126 49 24 9 4 1 
325440|Survivor|1: 548 151 66 27 10 4 1 
325477|Child_Levy|4: 434 146 59 27 10 4 1 
325482|Child_Levy|36: 414 134 53 24 11 4 1 
325485|Child_Avg|59: 368 134 51 23 10 4 1 
325490|Child_CrossABC1|1: 382 134 51 23 10 4 1 
325541|Child_Avg|35: 364 121 46 24 9 4 1 
325547|Child_Levy|52: 403 116 46 21 10 4 1 
325668|Survivor|1: 560 163 55 24 9 4 1 
325754|Child_CrossABC1|1: 424 114 47 23 10 4 1 
325764|Survivor|1: 296 109 48 21 10 4 1 
325780|Child_CrossABC1|7: 397 133 55 24 9 4 1 
325800|Survivor|1: 359 123 53 25 9 4 1 
325801|Child_LevyP1|3: 623 199 65 27 10 4 1 
325805|Child_Avg|55: 441 132 55 24 9 4 1 
325806|Child_CrossABC1|7: 462 151 61 24 9 4 1 
325807|Child_Avg|43: 381 133 53 24 9 4 1 
325811|Child_CrossABC1|1: 426 149 51 23 10 4 1 
325828|Child_CrossABC1|7|Mutated: 431 128 48 23 10 4 1 
325849|Child_CrossABC2|2|Mutated: 418 149 47 23 10 4 1 
325933|Child_CrossABC1|1: 403 149 51 23 10 4 1 
325940|Child_CrossABC2|8: 388 148 47 23 10 4 1 
326051|Survivor|1: 407 154 46 24 9 4 1 
326063|Survivor|1: 403 133 46 20 9 4 1 
326071|Child_CrossABC2|8: 404 147 43 20 9 4 1 
326110|Child_Levy|4: 535 197 61 24 9 4 1 
326118|Child_CrossABC1|7: 399 162 55 24 9 4 1 
326178|Survivor|1: 405 114 50 24 9 4 1 
326194|Child_CrossABC1|7: 390 128 49 21 10 4 1 
326217|Survivor|1: 379 114 47 23 10 4 1 
326257|Survivor|1: 424 129 52 29 9 4 1 
326269|Survivor|1: 417 124 55 29 10 4 1 
326274|Child_LevyP2|10: 393 117 52 20 9 4 1 
326287|Child_CrossABC2|8: 337 123 55 24 9 4 1 
326292|Child_CrossABC1|7: 425 131 53 24 9 4 1 
326300|Child_CrossABC1|1: 417 132 55 24 9 4 1 
326400|Child_Cross21|30: 387 117 49 21 10 4 1 
326402|Child_Avg|51|Mutated: 415 138 61 24 9 4 1 
326437|Survivor|1: 372 112 49 23 8 3 1 
326441|Survivor|1: 394 107 43 24 9 4 1 
326498|Survivor|1: 399 128 43 24 9 4 1 
326531|Survivor|1: 722 159 56 21 10 4 1 
326544|Survivor|1: 411 127 46 21 10 4 1 
326567|Survivor|1: 420 170 59 24 9 4 1 
326587|Child_Levy|28: 400 130 48 23 10 4 1 
326606|Child_Avg|59: 375 167 49 24 9 4 1 
326620|Child_Avg|43: 450 138 49 24 9 4 1 
326627|Child_Avg|19: 385 131 50 24 9 4 1 
326631|Child_Avg|11: 390 125 52 24 9 4 1 
326632|Child_CrossABC2|2: 409 139 58 24 9 4 1 
326648|Child_Cross12|17: 424 121 52 24 9 4 1 
326664|Random|10: 441 180 55 21 10 4 1 
326667|Child_Cross12|37: 364 124 49 21 10 4 1 
326715|Survivor|1: 417 113 45 21 10 4 1 
326732|Child_Cross21|50: 551 154 60 19 10 4 1 
326734|Child_Avg|31: 500 141 59 24 9 4 1 
326736|Survivor|1: 451 137 51 19 10 4 1 
326738|Child_Cross21|6: 466 138 53 24 9 4 1 
326756|Child_CrossABC2|2: 444 127 49 24 9 4 1 
326794|Child_Avg|7: 412 118 47 25 9 4 1 
326836|Survivor|1: 388 117 41 24 9 4 1 
326880|Child_Levy|28: 323 116 43 20 9 4 1 
326890|Survivor|1: 307 114 46 20 9 4 1 
326899|Survivor|1: 294 107 43 19 10 4 1 
326909|Survivor|1: 399 146 50 21 10 4 1 
326913|Child_Levy|36: 456 131 52 19 10 4 1 
326922|Survivor|1: 483 139 51 19 10 4 1 
326932|Survivor|1: 387 118 48 23 10 4 1 
326934|Survivor|1: 387 122 56 24 9 4 1 
326951|Child_Cross21|18|Mutated: 398 107 43 19 10 4 1 
326960|Survivor|1: 393 117 43 19 10 4 1 
327015|Survivor|1: 393 142 53 27 10 4 1 
327046|Child_Levy|36: 391 141 48 23 10 4 1 
327093|Survivor|1: 450 183 56 25 9 4 1 
327111|Child_CrossABC1|7: 391 145 55 24 9 4 1 
327112|Child_CrossABC2|2: 400 123 52 24 9 4 1 
327158|Child_Levy|40: 380 124 51 23 10 4 1 
327171|Survivor|1: 393 127 50 21 10 4 1 
327210|Child_CrossABC1|1: 302 127 46 21 10 4 1 
327215|Survivor|1: 409 136 47 25 9 4 1 
327230|Child_Cross21|38: 951 462 148 59 24 9 4 1 
327232|Child_Cross21|10: 417 135 48 23 10 4 1 
327233|Child_Cross21|18: 479 145 57 23 10 4 1 
327251|Child_Cross21|18: 412 163 49 24 9 4 1 
327296|Child_Cross21|42|Mutated: 389 141 53 24 9 4 1 
327446|Child_Cross21|46: 538 180 73 27 10 4 1 
327456|Survivor|1: 449 154 52 24 9 4 1 
327461|Survivor|1: 484 155 52 24 9 4 1 
327463|Child_Avg|27: 454 155 53 24 9 4 1 
327464|Child_Levy|28: 467 156 54 23 10 4 1 
327465|Child_Avg|51: 481 145 52 24 9 4 1 
327468|Child_CrossABC1|1: 455 134 51 23 10 4 1 
327529|Child_Avg|19: 417 143 49 24 9 4 1 
327567|Child_CrossABC1|1: 394 138 49 24 9 4 1 
327702|Child_Cross12|45: 384 134 55 23 10 4 1 
327707|Child_CrossABC1|1|Mutated: 364 140 54 23 10 4 1 
327831|Survivor|1: 396 130 51 24 11 4 1 
327844|Child_LevyP2|4: 303 131 58 23 10 4 1 
327876|Child_CrossABC2|2: 386 114 60 23 10 4 1 
327878|Survivor|1: 319 123 59 24 9 4 1 
327961|Survivor|1: 401 114 43 24 9 4 1 
327971|Survivor|1: 641 147 58 24 11 5 1 
327972|Child_Levy|56: 411 152 54 25 9 4 1 
327975|Child_CrossABC2|8: 423 153 70 24 9 4 1 
327977|Survivor|1: 383 112 55 23 10 4 1 
327979|Child_CrossABC1|7: 517 141 61 24 9 4 1 
327985|Child_CrossABC2|2: 467 133 55 24 9 4 1 
327992|Survivor|1: 390 125 49 24 9 4 1 
328017|Survivor|1: 363 119 54 23 10 4 1 
328018|Child_Levy|60: 352 132 54 23 10 4 1 
328028|Child_CrossABC2|8: 371 136 55 24 9 4 1 
328086|Survivor|1: 368 105 41 19 10 4 1 
328117|Survivor|1: 358 106 41 19 10 4 1 
328161|Child_Cross12|9: 463 131 52 24 9 4 1 
328174|Child_Cross21|10: 393 125 47 24 9 4 1 
328259|Survivor|1: 403 128 48 27 10 4 1 
328262|Child_CrossABC1|1: 404 150 62 27 10 4 1 
328266|Child_CrossABC2|8: 371 134 50 24 9 4 1 
328334|Survivor|1: 478 179 67 24 9 4 1 
328338|Child_Levy|28: 477 174 69 28 11 4 1 
328339|Child_CrossABC2|8: 478 198 67 24 9 4 1 
328381|Survivor|1: 400 153 44 24 9 4 1 
328383|Child_Cross12|1: 401 137 43 24 9 4 1 
328437|Survivor|1: 378 145 53 27 10 4 1 
328459|Survivor|1: 412 126 49 25 10 4 1 
328464|Survivor|1: 439 131 47 25 9 4 1 
328491|Survivor|1: 390 121 46 20 9 4 1 
328532|Survivor|1: 410 138 54 23 10 4 1 
328536|Child_Cross21|38: 366 123 47 23 10 4 1 
328539|Child_Avg|39: 385 125 55 21 10 4 1 
328551|Child_Avg|15: 403 127 44 20 9 4 1 
328699|Survivor|1: 475 141 58 24 9 4 1 
328724|Survivor|1: 346 115 48 21 10 4 1 
328728|Child_LevyP1|9: 400 107 46 20 9 4 1 
328762|Survivor|1: 415 114 46 20 9 4 1 
328814|Child_Cross21|38: 420 153 55 24 9 4 1 
328816|Survivor|1: 587 174 70 24 9 4 1 
328828|Survivor|1: 428 152 55 24 9 4 1 
328836|Survivor|1: 427 138 52 24 9 4 1 
328864|Child_CrossABC2|8: 369 116 43 24 9 4 1 
328882|Child_Avg|11: 375 145 47 24 9 4 1 
329055|Survivor|1: 539 136 60 21 10 4 1 
329068|Child_Avg|27|Mutated: 405 130 58 21 10 4 1 
329069|Child_CrossABC2|2: 405 127 57 21 10 4 1 
329079|Child_Avg|39: 405 127 56 21 10 4 1 
329086|Survivor|1: 377 119 49 24 9 4 1 
329095|Survivor|1: 394 121 52 20 9 4 1 
329103|Survivor|1: 391 130 51 19 10 4 1 
329112|Child_CrossABC2|8: 412 125 52 19 10 4 1 
329126|Child_CrossABC2|2: 369 106 41 19 10 4 1 
329183|Child_Avg|43: 382 161 55 24 9 4 1 
329192|Child_LevyP1|3: 363 132 50 24 9 4 1 
329196|Child_Cross12|25: 352 145 47 23 10 4 1 
329205|Survivor|1: 399 108 50 24 9 4 1 
329213|Child_CrossABC1|7: 405 118 49 24 9 4 1 
329320|Survivor|1: 323 116 46 20 9 4 1 
329365|Survivor|1: 456 162 63 25 10 4 1 
329370|Child_Avg|55: 389 144 58 23 10 4 1 
329389|Child_CrossABC1|1: 393 143 58 24 9 4 1 
329443|Child_LevyP1|9: 442 130 48 23 10 4 1 
329445|Survivor|1|Mutated: 469 153 58 23 10 4 1 
329472|Child_LevyP2|4: 605 161 77 30 11 5 1 
329531|Survivor|1: 570 151 68 24 9 4 1 
329535|Child_Avg|31: 427 129 56 25 9 4 1 
329541|Child_Avg|35: 453 128 53 24 9 4 1 
329551|Child_Avg|19: 441 127 53 24 9 4 1 
329559|Child_CrossABC2|2: 436 133 55 24 9 4 1 
329561|Child_CrossABC1|7: 435 132 59 24 9 4 1 
329573|Child_CrossABC1|7: 365 129 55 24 9 4 1 
329588|Survivor|1: 394 129 52 24 9 4 1 
329603|Child_Levy|48: 411 125 56 24 9 4 1 
329666|Child_Cross21|18: 307 114 43 24 9 4 1 
329671|Survivor|1: 353 111 47 24 9 4 1 
329702|Child_Cross21|26: 395 154 55 24 9 4 1 
329758|Child_CrossABC1|7: 388 143 48 23 10 4 1 
329770|Survivor|1: 394 134 47 21 10 4 1 
329783|Child_CrossABC2|8: 407 132 57 20 9 4 1 
329799|Child_Avg|31: 578 178 56 21 10 4 1 
329809|Child_Avg|43|Mutated: 408 129 51 19 10 4 1 
329847|Survivor|1: 448 132 59 20 9 4 1 
329851|Survivor|1: 448 130 57 20 9 4 1 
329855|Child_Cross12|57: 414 125 55 23 10 4 1 
329864|Child_CrossABC2|8: 401 128 60 21 10 4 1 
329866|Child_CrossABC1|7: 397 117 49 21 10 4 1 
329923|Child_Levy|52: 425 189 57 23 10 4 1 
330019|Survivor|1: 465 119 59 21 10 4 1 
330022|Child_Cross12|53: 448 154 57 21 10 4 1 
330029|Child_LevyABC1|5: 326 149 47 23 10 4 1 
330059|Survivor|1: 364 118 43 24 9 4 1 
330117|Child_Levy|12: 388 163 56 21 10 4 1 
330119|Child_Cross12|9: 378 114 56 21 10 4 1 
330124|Child_Avg|55: 422 129 51 23 10 4 1 
330213|Survivor|1: 402 126 64 29 10 4 1 
330216|Child_Cross21|2: 366 126 55 24 9 4 1 
330254|Child_Avg|55: 365 130 48 20 9 4 1 
330294|Child_CrossABC2|8: 469 149 61 24 9 4 1 
330297|Child_CrossABC2|2: 535 161 58 24 9 4 1 
330299|Child_CrossABC1|1: 562 163 58 24 9 4 1 
330321|Child_Avg|43: 527 143 65 24 9 4 1 
330324|Survivor|1: 513 141 52 24 9 4 1 
330329|Child_CrossABC2|8: 413 134 47 24 9 4 1 
330361|Survivor|1|Mutated: 413 127 49 25 9 4 1 
330365|Child_Cross21|54: 593 167 57 23 10 4 1 
330369|Child_Avg|15: 391 140 54 23 10 4 1 
330415|Child_CrossABC1|7: 400 142 45 23 10 4 1 
330420|Child_CrossABC1|1: 392 142 45 23 10 4 1 
330452|Child_Cross21|30: 380 141 44 23 10 4 1 
330505|Child_CrossABC2|2: 368 140 54 23 10 4 1 
330543|Child_Avg|27: 395 137 54 23 10 4 1 
330589|Survivor|1: 608 149 79 27 10 4 1 
330599|Survivor|1: 535 183 59 27 10 4 1 
330607|Child_Cross21|14: 452 137 53 27 10 4 1 
330613|Survivor|1: 574 145 52 27 10 4 1 
330628|Child_Cross12|29: 487 147 52 27 10 4 1 
330631|Child_Cross21|2: 485 147 52 27 10 4 1 
330632|Child_Cross21|34: 467 147 52 27 10 4 1 
330642|Child_CrossABC2|2: 462 147 52 27 10 4 1 
330666|Survivor|1: 470 134 55 27 10 4 1 
330670|Survivor|1|Mutated: 420 160 68 29 9 4 1 
330675|Child_Cross21|30: 418 175 61 29 9 4 1 
330686|Survivor|1: 414 132 61 29 9 4 1 
330697|Child_Cross12|49: 414 141 61 24 9 4 1 
330710|Child_CrossABC1|7: 417 129 52 24 9 4 1 
330721|Survivor|1: 374 117 50 24 9 4 1 
330736|Survivor|1: 435 154 56 25 9 4 1 
330781|Child_Cross21|50: 468 141 53 24 9 4 1 
330782|Child_Avg|15: 384 132 55 24 9 4 1 
330793|Child_Cross21|30|Mutated: 409 134 53 24 9 4 1 
330805|Child_Avg|39: 403 131 53 24 9 4 1 
330870|Child_Avg|23: 399 126 56 25 9 4 1 
330924|Child_Avg|31: 382 112 43 24 9 4 1 
330951|Survivor|1: 505 135 55 24 9 4 1 
330955|Survivor|1: 526 157 49 24 9 4 1 
330968|Survivor|1: 374 119 50 24 9 4 1 
331005|Survivor|1: 424 128 47 23 10 4 1 
331013|Survivor|1: 388 149 50 24 9 4 1 
331015|Child_CrossABC2|2: 404 150 53 24 9 4 1 
331032|Child_CrossABC2|8: 426 161 62 24 9 4 1 
331052|Child_CrossABC1|1: 404 140 55 24 9 4 1 
331067|Child_Cross21|42: 372 137 53 24 9 4 1 
331068|Child_CrossABC2|8: 389 151 53 24 9 4 1 
331071|Survivor|1: 403 144 55 24 9 4 1 
331078|Survivor|1: 431 138 53 24 9 4 1 
331085|Child_CrossABC1|1: 423 138 53 24 9 4 1 
331087|Child_CrossABC2|8: 423 134 53 24 9 4 1 
331096|Child_CrossABC1|7: 403 138 50 24 9 4 1 
331104|Child_CrossABC2|2: 395 126 48 23 10 4 1 
331143|Child_CrossABC2|8: 420 122 56 21 10 4 1 
331150|Child_Cross12|33: 429 133 54 23 10 4 1 
331155|Child_Avg|39: 411 119 51 23 10 4 1 
331162|Survivor|1: 412 119 51 23 10 4 1 
331164|Child_Cross21|58: 420 125 48 23 10 4 1 
331166|Child_Avg|55: 422 114 47 23 10 4 1 
331167|Child_CrossABC2|2: 430 124 47 23 10 4 1 
331169|Child_Avg|47|Mutated: 406 108 47 23 10 4 1 
331215|Child_Avg|15: 440 142 57 23 10 4 1 
331219|Child_Cross12|21: 414 125 51 19 10 4 1 
331234|Child_CrossABC1|1: 406 123 51 19 10 4 1 
331246|Child_Cross12|1: 398 121 44 19 10 4 1 
331269|Child_Cross21|14: 395 115 41 19 10 4 1 
331273|Child_Avg|7: 394 121 41 19 10 4 1 
331311|Child_CrossABC2|8: 418 117 53 24 9 4 1 
331319|Survivor|1: 560 158 64 23 10 4 1 
331323|Child_Avg|31: 364 146 47 23 10 4 1 
331337|Survivor|1: 400 128 43 20 9 4 1 
331382|Random|24: 534 151 61 23 10 4 1 
331427|Survivor|1: 403 163 54 20 9 4 1 
331438|Child_Levy|60: 347 134 45 21 10 4 1 
331446|Survivor|1: 389 149 45 21 10 4 1 
331451|Survivor|1: 287 111 49 21 10 4 1 
331456|Child_Levy|4: 319 126 47 24 9 4 1 
331481|Survivor|1: 375 151 67 24 11 4 1 
331482|Child_Levy|28: 440 157 62 24 9 4 1 
331509|Child_Avg|23: 393 142 51 23 10 4 1 
331511|Child_Avg|51: 392 141 51 23 10 4 1 
331513|Child_Cross12|37: 390 128 48 23 10 4 1 
331516|Child_Levy|48: 395 119 44 23 10 4 1 
331518|Child_Avg|27: 396 119 45 21 10 4 1 
331523|Child_CrossABC1|1: 344 123 47 21 10 4 1 
331557|Survivor|1: 433 148 51 19 10 4 1 
331560|Child_Avg|59: 409 136 51 19 10 4 1 
331562|Child_CrossABC1|1: 408 135 51 19 10 4 1 
331576|Child_Avg|35: 367 136 46 20 9 4 1 
331577|Child_Levy|32: 408 139 56 21 10 4 1 
331579|Survivor|1|Mutated: 408 125 56 21 10 4 1 
331676|Survivor|1: 351 128 46 20 9 4 1 
331743|Survivor|1: 521 142 57 21 10 4 1 
331751|Survivor|1: 317 132 56 21 10 4 1 
331756|Child_CrossABC1|7: 405 122 57 21 10 4 1 
331767|Child_CrossABC2|2: 398 128 47 21 10 4 1 
331777|Child_Avg|59: 431 125 43 20 9 4 1 
331799|Child_LevyABC2|12: 463 122 48 20 9 4 1 
331825|Survivor|1: 356 132 59 21 10 4 1 
331839|Child_Avg|43: 393 136 48 21 10 4 1 
331843|Child_Cross21|54: 367 114 43 20 9 4 1 
331847|Child_Cross21|42: 365 125 43 20 9 4 1 
331860|Child_Cross12|5: 360 130 43 20 9 4 1 
331949|Child_Avg|55: 461 126 55 21 10 4 1 
331961|Child_CrossABC2|8: 400 142 44 23 10 4 1 
331991|Child_CrossABC2|2: 395 122 48 20 9 4 1 
332034|Child_Avg|55: 395 115 49 21 10 4 1 
332051|Child_Cross12|41: 377 103 45 21 10 4 1 
332110|Survivor|1: 553 208 65 27 10 4 1 
332157|Child_CrossABC2|8: 440 143 50 24 9 4 1 
332206|Survivor|1: 399 142 56 24 9 4 1 
332221|Survivor|1: 368 118 47 25 9 4 1 
332250|Child_Levy|8: 402 121 57 21 10 4 1 
332275|Survivor|1: 350 111 46 20 9 4 1 
332337|Child_Levy|36|Mutated: 523 194 70 24 9 4 1 
332341|Survivor|1: 485 156 61 24 9 4 1 
332345|Child_CrossABC1|7: 450 160 67 24 9 4 1 
332347|Child_CrossABC2|8: 422 163 58 24 9 4 1 
332349|Child_CrossABC1|7: 362 135 62 24 9 4 1 
332353|Survivor|1: 430 134 61 23 10 4 1 
332374|Child_Cross12|33: 413 145 45 21 10 4 1 
332380|Child_CrossABC1|7: 421 138 53 24 9 4 1 
332385|Child_Avg|31: 424 137 45 21 10 4 1 
332630|Child_Cross12|5: 380 119 45 21 10 4 1 
332658|Survivor|1: 381 138 53 24 11 5 1 
332694|Child_Cross21|54: 438 132 43 24 9 4 1 
332700|Child_Avg|11: 432 132 43 24 9 4 1 
332773|Child_Avg|19: 437 155 72 27 10 4 1 
332817|Child_CrossABC1|1: 433 135 58 23 10 4 1 
332826|Child_Avg|11: 436 141 52 20 9 4 1 
332880|Child_CrossABC2|8: 405 128 54 23 10 4 1 
332897|Child_CrossABC2|8: 373 129 50 24 9 4 1 
332996|Survivor|1: 471 158 62 27 10 4 1 
332997|Child_Cross12|41: 468 154 60 23 10 4 1 
332999|Child_Avg|39: 483 155 58 23 10 4 1 
333000|Child_CrossABC2|8: 471 155 58 23 10 4 1 
333010|Child_CrossABC2|8: 419 150 59 24 9 4 1 
333052|Child_CrossABC1|7: 417 152 59 24 9 4 1 
333056|Child_Avg|31: 373 116 50 24 9 4 1 
333088|Child_CrossABC1|1: 429 152 58 24 9 4 1 
333095|Survivor|1: 553 194 65 27 10 4 1 
333107|Child_Cross12|37: 417 131 48 21 10 4 1 
333115|Child_CrossABC2|8: 399 129 49 21 10 4 1 
333118|Child_Cross12|37: 418 127 46 21 10 4 1 
333251|Child_Cross21|50|Mutated: 391 129 52 20 9 4 1 
333276|Child_Levy|8|Mutated: 414 151 61 23 10 4 1 
333285|Child_CrossABC2|8: 411 151 61 23 10 4 1 
333288|Child_Avg|39: 396 151 59 27 10 4 1 
333297|Child_Cross21|26: 392 138 55 24 9 4 1 
333298|Child_Cross21|22: 426 138 53 24 9 4 1 
333301|Child_CrossABC2|2: 445 138 52 24 9 4 1 
333304|Child_Levy|32: 423 137 52 24 9 4 1 
333306|Child_CrossABC1|7: 456 138 55 24 9 4 1 
333309|Survivor|1: 408 138 55 24 9 4 1 
333316|Survivor|1: 444 142 49 24 9 4 1 
333322|Child_CrossABC2|8: 470 127 50 24 9 4 1 
333325|Child_CrossABC1|7: 440 134 53 24 9 4 1 
333380|Child_CrossABC1|1: 387 138 53 24 9 4 1 
333423|Child_Levy|52|Mutated: 638 176 72 29 10 4 1 
333427|Survivor|1|Mutated: 462 145 56 24 9 4 1 
333431|Survivor|1: 420 129 55 20 9 4 1 
333437|Child_Levy|36: 458 142 49 24 9 4 1 
333476|Survivor|1: 441 137 60 23 13 4 1 
333501|Survivor|1: 388 141 45 23 10 4 1 
333503|Child_Cross12|41: 388 141 45 19 10 4 1 
333510|Child_Cross12|45: 353 126 43 19 10 4 1 
333513|Child_Cross12|53: 372 139 43 20 9 4 1 
333514|Child_Avg|15: 374 148 43 20 9 4 1 
333518|Child_CrossABC2|2: 373 148 43 20 9 4 1 
333526|Survivor|1: 363 133 43 20 9 4 1 
333572|Survivor|1: 453 139 66 24 11 5 1 
333577|Survivor|1: 367 154 45 21 10 4 1 
333584|Survivor|1: 412 154 45 21 10 4 1 
333585|Child_CrossABC1|7: 362 154 45 21 10 4 1 
333624|Child_Levy|16: 578 177 52 24 9 4 1 
333631|Survivor|1: 692 177 52 24 9 4 1 
333639|Survivor|1: 418 118 45 23 10 4 1 
333667|Child_Avg|55: 388 124 59 24 9 4 1 
333678|Child_CrossABC1|1: 420 154 47 24 9 4 1 
333683|Child_CrossABC2|8: 401 150 59 24 9 4 1 
333690|Child_CrossABC1|7: 399 144 58 24 9 4 1 
333709|Child_CrossABC1|7: 403 114 50 24 9 4 1 
333711|Child_CrossABC2|8: 403 123 55 24 9 4 1 
333722|Child_Avg|19: 413 126 46 24 9 4 1 
333724|Child_Avg|35: 405 134 47 24 9 4 1 
333801|Survivor|1: 475 140 64 23 10 4 1 
333806|Child_Avg|51: 464 148 59 24 9 4 1 
333807|Child_Cross12|37: 491 181 58 23 10 4 1 
333808|Child_CrossABC2|8: 471 156 58 24 9 4 1 
333813|Child_Cross12|13|Mutated: 421 151 56 25 9 4 1 
333825|Survivor|1|Mutated: 466 135 52 24 9 4 1 
333830|Child_CrossABC1|7: 401 135 56 24 9 4 1 
333845|Child_CrossABC1|1: 475 127 52 24 9 4 1 
333850|Survivor|1: 443 131 55 24 9 4 1 
333886|Child_Levy|28: 372 147 51 23 10 4 1 
333889|Survivor|1: 391 152 51 23 10 4 1 
333890|Child_Avg|3: 391 162 51 23 10 4 1 
333893|Child_Avg|39|Mutated: 390 152 48 21 10 4 1 
333897|Survivor|1: 392 157 49 24 9 4 1 
333904|Survivor|1: 379 151 47 23 10 4 1 
333922|Child_CrossABC2|2: 378 145 50 24 9 4 1 
333925|Child_CrossABC1|7: 368 146 53 24 9 4 1 
333927|Child_CrossABC1|7: 372 151 53 24 9 4 1 
333928|Child_Cross12|29: 363 151 49 24 9 4 1 
333934|Child_CrossABC1|7: 362 149 59 24 9 4 1 
333936|Child_CrossABC2|8: 375 145 55 24 9 4 1 
333941|Child_CrossABC1|7: 406 145 55 24 9 4 1 
333944|Child_Cross12|33: 410 144 55 24 9 4 1 
334034|Child_Avg|11: 455 158 48 23 10 4 1 
334107|Child_CrossABC1|1: 376 114 55 24 9 4 1 
334111|Survivor|1: 398 136 55 24 9 4 1 
334116|Child_CrossABC1|1: 402 138 55 24 9 4 1 
334161|Survivor|1: 436 123 47 21 10 4 1 
334297|Survivor|1: 454 155 53 25 9 4 1 
334326|Survivor|1|Mutated: 679 187 66 27 10 4 1 
334335|Survivor|1: 599 175 66 27 10 4 1 
334336|Child_Cross12|13: 663 183 65 27 10 4 1 
334340|Survivor|1: 633 174 62 27 10 4 1 
334341|Child_CrossABC2|8: 706 179 69 27 10 4 1 
334348|Child_CrossABC2|2|Mutated: 548 157 55 27 10 4 1 
334350|Child_CrossABC1|1: 605 159 55 27 10 4 1 
334351|Child_Avg|35|Mutated: 606 159 55 27 10 4 1 
334357|Child_Avg|47: 607 149 55 27 10 4 1 
334370|Child_Cross12|25: 563 150 52 24 9 4 1 
334373|Survivor|1: 543 153 58 24 9 4 1 
334378|Child_CrossABC1|1: 578 165 49 24 9 4 1 
334397|Child_CrossABC2|8: 398 127 50 24 9 4 1 
334441|Child_CrossABC2|2|Mutated: 448 127 41 24 9 4 1 
334508|Survivor|1: 428 150 59 24 9 4 1 
334510|Child_Avg|43: 409 130 54 23 10 4 1 
334540|Survivor|1: 359 145 44 24 9 4 1 
334543|Survivor|1: 397 135 50 24 9 4 1 
334571|Child_Cross12|21: 386 117 45 23 10 4 1 
334573|Child_CrossABC2|8: 425 115 47 24 9 4 1 
334603|Child_CrossABC1|1: 363 142 50 24 9 4 1 
334612|Survivor|1: 402 111 55 24 9 4 1 
334642|Survivor|1: 393 126 44 24 9 4 1 
334657|Survivor|1: 382 126 43 24 9 4 1 
334698|Survivor|1: 418 130 47 24 9 4 1 
334746|Survivor|1: 400 119 50 24 9 4 1 
334767|Child_CrossABC1|7: 392 111 46 24 9 4 1 
334781|Child_Levy|28: 434 161 52 24 9 4 1 
334785|Child_Avg|47: 390 137 52 27 10 4 1 
334839|Child_CrossABC2|8: 433 141 56 21 10 4 1 
334842|Child_CrossABC2|2: 413 122 56 21 10 4 1 
334847|Child_CrossABC2|2: 403 125 54 23 10 4 1 
334861|Child_Avg|47: 442 130 47 24 9 4 1 
334892|Child_CrossABC1|7: 437 123 56 24 9 4 1 
334895|Child_CrossABC2|2: 424 129 56 24 9 4 1 
334901|Child_Avg|59: 424 131 53 24 9 4 1 
334906|Child_CrossABC1|7: 422 128 55 24 9 4 1 
334916|Survivor|1: 393 146 56 24 9 4 1 
334924|Child_CrossABC1|7: 387 136 59 24 9 4 1 
334927|Child_Avg|35: 388 136 55 24 9 4 1 
334929|Child_CrossABC1|1: 388 141 61 24 9 4 1 
334936|Child_CrossABC1|1: 384 139 59 24 9 4 1 
334939|Child_CrossABC1|1: 379 145 55 24 9 4 1 
334942|Child_CrossABC1|1: 382 173 59 24 9 4 1 
334946|Child_Avg|27: 380 157 50 24 9 4 1 
334958|Child_CrossABC1|7: 382 132 49 24 9 4 1 
335020|Survivor|1: 381 103 51 19 10 4 1 
335075|Survivor|1: 357 107 46 20 9 4 1 
335086|Survivor|1: 352 109 48 21 10 4 1 
335155|Child_Avg|35: 429 131 56 24 9 4 1 
335162|Child_Avg|3: 407 127 58 24 9 4 1 
335164|Child_CrossABC1|1: 399 134 49 24 9 4 1 
335168|Survivor|1: 399 129 58 24 9 4 1 
335179|Survivor|1: 345 127 49 24 9 4 1 
335186|Child_CrossABC2|2: 365 132 62 24 9 4 1 
335188|Child_Avg|23: 369 134 52 24 9 4 1 
335271|Survivor|1: 459 122 46 24 9 4 1 
335276|Child_CrossABC1|7: 447 141 52 24 9 4 1 
335279|Child_Cross21|6: 447 141 52 20 9 4 1 
335284|Child_Avg|59: 406 123 52 20 9 4 1 
335324|Child_CrossABC1|7: 390 125 64 24 9 4 1 
335334|Child_CrossABC2|2: 427 123 59 24 9 4 1 
335339|Child_CrossABC1|1: 419 123 59 24 9 4 1 
335356|Child_CrossABC2|8: 401 122 58 24 9 4 1 
335362|Child_Cross21|34: 414 118 49 24 9 4 1 
335457|Survivor|1: 439 168 61 29 10 4 1 
335462|Survivor|1: 438 169 61 29 10 4 1 
335465|Child_Cross12|1: 431 158 55 29 9 4 1 
335474|Child_Avg|23: 401 146 52 29 9 4 1 
335481|Child_Cross21|54: 411 132 52 29 9 4 1 
335484|Child_Cross12|29: 418 166 52 29 9 4 1 
335498|Child_Cross12|5: 410 157 52 29 9 4 1 
335499|Child_Cross21|30: 410 148 52 29 9 4 1 
335502|Survivor|1: 414 143 52 29 9 4 1 
335510|Child_Cross21|10: 413 154 52 29 9 4 1 
335515|Child_Cross21|46: 413 152 52 29 9 4 1 
335516|Child_Cross12|45: 440 143 52 29 9 4 1 
335518|Child_Cross12|29: 410 146 52 29 9 4 1 
335528|Child_Avg|47: 411 146 52 29 9 4 1 
335608|Child_Cross12|25: 395 128 49 24 9 4 1 
335610|Child_Avg|19: 519 177 68 24 9 4 1 
335667|Child_Cross21|54: 365 151 53 24 9 4 1 
335674|Child_Cross21|18: 352 141 43 24 9 4 1 
335678|Child_CrossABC2|8: 355 126 44 24 9 4 1 
335801|Child_CrossABC1|7: 638 143 59 24 9 4 1 
335808|Survivor|1: 479 129 52 24 9 4 1 
335812|Child_Levy|12: 444 126 51 23 10 4 1 
335829|Survivor|1: 427 131 45 21 10 4 1 
335860|Child_CrossABC2|2: 416 130 43 20 9 4 1 
335877|Child_CrossABC2|8: 424 129 48 20 9 4 1 
335951|Survivor|1: 447 141 44 23 10 4 1 
335991|Child_LevyP1|3: 574 169 69 24 11 4 1 
336001|Child_Avg|35: 459 133 47 23 10 4 1 
336094|Child_Avg|3: 404 119 48 20 9 4 1 
336107|Child_Avg|55: 399 119 46 20 9 4 1 
336172|Survivor|1: 356 124 59 24 9 4 1 
336174|Child_Avg|3: 401 121 52 24 9 4 1 
336183|Child_LevyP1|9: 418 126 51 23 10 3 1 
336186|Survivor|1: 413 111 44 24 9 4 1 
336201|Survivor|1: 395 107 43 24 9 4 1 
336222|Survivor|1: 461 204 74 24 9 4 1 
336225|Child_Avg|7: 437 180 65 24 9 4 1 
336230|Survivor|1|Mutated: 345 146 46 24 9 4 1 
336280|Child_CrossABC2|2: 382 137 52 24 9 4 1 
336283|Child_CrossABC1|1: 382 153 49 24 9 4 1 
336298|Survivor|1: 366 149 52 24 9 4 1 
336325|Child_CrossABC1|1: 380 142 43 24 9 4 1 
336365|Child_Avg|15: 414 137 53 24 9 4 1 
336375|Child_CrossABC2|2: 414 127 53 24 9 4 1 
336411|Child_Levy|56: 484 148 67 23 10 4 1 
336416|Survivor|1: 444 137 58 24 9 4 1 
336472|Child_Cross21|18: 549 189 59 21 10 4 1 
336478|Survivor|1: 407 126 51 19 10 4 1 
336479|Child_CrossABC2|8: 404 123 51 19 10 4 1 
336493|Child_Cross21|6: 403 126 43 19 10 4 1 
336495|Child_Avg|59: 399 127 43 19 10 4 1 
336502|Child_CrossABC2|8: 397 127 43 19 10 4 1 
336518|Child_Cross12|37: 404 126 43 19 10 4 1 
336533|Child_Avg|19: 405 126 43 19 10 4 1 
336576|Child_CrossABC2|2: 399 125 54 23 10 4 1 
336638|Child_Cross21|2: 362 152 61 24 9 4 1 
336648|Child_Cross21|34: 351 142 45 21 10 4 1 
336651|Child_CrossABC2|8: 309 113 45 21 10 4 1 
336673|Child_Levy|52: 568 161 55 23 10 4 1 
336680|Child_CrossABC1|1: 347 136 46 20 9 4 1 
336728|Child_Avg|11|Mutated: 382 105 41 19 10 4 1 
336739|Child_Cross12|45: 381 105 41 19 10 4 1 
336766|Survivor|1: 358 107 46 20 9 4 1 
336776|Child_Levy|24: 361 135 59 24 9 4 1 
336783|Child_CrossABC2|8: 421 119 54 23 10 4 1 
336790|Survivor|1: 365 122 46 24 9 4 1 
336816|Child_Cross12|33: 526 137 58 24 9 4 1 
336824|Child_Cross12|21: 396 131 51 23 10 4 1 
336860|Child_Avg|43: 391 128 67 23 10 4 1 
336864|Survivor|1: 406 144 57 23 10 4 1 
336866|Child_Avg|35: 389 138 56 24 9 4 1 
336878|Child_CrossABC1|1: 381 152 59 24 9 4 1 
336892|Survivor|1: 402 123 53 24 9 4 1 
336915|Survivor|1: 373 142 50 24 9 4 1 
336967|Survivor|1: 572 209 59 24 9 4 1 
336987|Child_Cross21|30: 449 155 50 24 9 4 1 
336989|Child_CrossABC2|2: 412 169 52 24 9 4 1 
337001|Child_Cross21|58: 389 156 49 24 9 4 1 
337036|Child_Cross12|33: 387 155 49 24 9 4 1 
337052|Child_Cross21|42: 363 132 47 23 10 4 1 
337083|Child_CrossABC1|7: 387 149 44 19 10 4 1 
337139|Child_Avg|15: 498 145 50 24 9 4 1 
337142|Child_Avg|47|Mutated: 456 139 59 24 9 4 1 
337147|Survivor|1: 443 138 58 23 10 4 1 
337151|Survivor|1: 475 141 49 24 9 4 1 
337202|Child_CrossABC2|2: 514 188 67 24 9 4 1 
337205|Child_Avg|27: 470 153 55 24 9 4 1 
337220|Child_Avg|7: 423 128 49 24 9 4 1 
337243|Child_Avg|3: 416 127 52 24 9 4 1 
337258|Survivor|1: 417 127 52 24 9 4 1 
337315|Survivor|1: 413 175 58 24 9 4 1 
337320|Survivor|1: 416 151 54 23 10 4 1 
337324|Child_Avg|11: 404 140 57 23 10 4 1 
337360|Child_Levy|4|Mutated: 448 139 52 24 9 4 1 
337423|Survivor|1: 359 144 55 24 9 4 1 
337453|Child_Cross21|38: 376 153 49 24 9 4 1 
337491|Survivor|1: 416 139 55 24 9 4 1 
337505|Child_CrossABC1|7: 463 135 52 24 9 4 1 
337535|Survivor|1|Mutated: 355 122 47 24 9 4 1 
337549|Child_CrossABC1|1: 395 156 50 24 9 4 1 
337574|Child_Avg|19: 397 129 53 24 9 4 1 
337632|Child_Levy|20: 373 145 64 23 10 4 1 
337640|Child_CrossABC1|7: 403 142 53 24 9 4 1 
337693|Child_CrossABC1|1: 408 135 52 24 9 4 1 
337700|Survivor|1: 467 141 59 24 9 4 1 
337706|Survivor|1|Mutated: 512 141 59 24 9 4 1 
337762|Child_Levy|44: 463 149 51 23 10 4 1 
337772|Child_Avg|59: 379 132 43 24 9 4 1 
337820|Child_CrossABC2|8: 407 111 44 24 9 4 1 
337871|Child_Avg|11: 430 152 55 23 10 4 1 
337875|Survivor|1: 432 150 57 23 10 4 1 
337886|Child_Avg|19: 463 147 61 23 10 4 1 
337898|Child_CrossABC2|8|Mutated: 394 168 57 23 10 4 1 
337917|Child_Cross21|38: 398 113 47 23 10 4 1 
338005|Survivor|1: 560 178 71 29 10 4 1 
338020|Child_Avg|43: 451 134 63 25 9 4 1 
338080|Child_Cross12|1|Mutated: 474 138 59 24 9 4 1 
338095|Child_Cross12|13: 390 127 47 23 10 4 1 
338118|Survivor|1: 389 121 45 23 10 4 1 
338124|Survivor|1: 363 134 57 21 10 4 1 
338126|Child_Cross21|46: 355 135 56 21 10 4 1 
338135|Child_Avg|11|Mutated: 360 115 48 21 10 4 1 
338146|Child_CrossABC2|8: 316 115 49 21 10 4 1 
338188|Child_Levy|20: 358 121 46 20 9 4 1 
338208|Child_CrossABC1|1: 397 113 47 21 10 4 1 
338276|Survivor|1: 388 111 46 24 9 4 1 
338307|Child_Avg|31: 455 134 50 19 10 4 1 
338348|Child_Cross21|10: 419 121 46 24 9 4 1 
338392|Child_Avg|15: 365 140 46 21 10 4 1 
338409|Child_CrossABC1|1: 377 146 47 23 10 4 1 
338417|Survivor|1: 383 138 47 23 10 4 1 
338495|Child_Avg|59: 455 144 46 24 9 4 1 
338507|Child_CrossABC1|1: 433 140 50 24 9 4 1 
338514|Child_CrossABC2|2: 384 137 49 24 9 4 1 
338531|Child_Cross12|9|Mutated: 385 137 58 24 9 4 1 
338556|Survivor|1: 410 111 52 24 9 4 1 
338561|Child_Levy|44: 390 111 52 24 9 4 1 
338568|Child_Avg|59|Mutated: 407 190 61 24 9 4 1 
338571|Child_CrossABC2|2: 423 128 46 24 9 4 1 
338645|Child_Levy|16: 414 135 44 23 10 4 1 
338683|Child_CrossABC2|8: 390 112 43 19 10 4 1 
338701|Child_CrossABC1|1: 403 118 50 24 9 4 1 
338707|Survivor|1: 438 137 49 24 9 4 1 
338712|Survivor|1: 371 108 49 24 9 4 1 
338728|Survivor|1: 409 117 46 24 9 4 1 
338779|Child_Levy|28: 467 138 56 21 10 4 1 
338784|Child_CrossABC2|8: 373 137 58 23 10 4 1 
338791|Child_CrossABC2|2: 353 135 57 23 10 4 1 
338927|Child_Cross21|34: 527 151 61 23 10 4 1 
338942|Survivor|1: 413 121 46 20 9 4 1 
338990|Child_CrossABC1|7: 412 133 46 20 9 4 1 
339075|Child_Levy|24: 348 129 46 20 9 4 1 
339088|Survivor|1: 349 114 46 20 9 4 1 
339119|Survivor|1: 273 116 46 20 9 4 1 
339169|Survivor|1: 397 153 63 19 10 4 1 
339174|Child_Cross12|33: 400 139 54 19 10 4 1 
339178|Survivor|1: 352 121 49 21 10 4 1 
339182|Child_CrossABC1|1: 340 137 54 23 10 4 1 
339238|Child_CrossABC2|8: 426 160 58 25 10 4 1 
339240|Child_LevyABC1|5: 427 156 62 24 11 5 1 
339245|Child_Avg|51: 394 140 54 23 10 4 1 
339247|Child_CrossABC1|1: 407 146 55 21 10 4 1 
339250|Survivor|1: 437 131 60 23 10 4 1 
339273|Child_Cross12|53: 378 139 47 21 10 4 1 
339290|Child_CrossABC1|1: 407 133 44 24 9 4 1 
339318|Child_CrossABC2|2: 401 132 59 24 9 4 1 
339401|Child_Avg|23: 453 139 47 21 10 4 1 
339483|Survivor|1: 410 126 61 24 9 4 1 
339521|Child_CrossABC1|1: 402 114 53 24 9 4 1 
339565|Child_Avg|35: 529 222 68 24 9 4 1 
339632|Survivor|1: 404 122 39 21 10 4 1 
339656|Survivor|1: 667 142 55 24 9 4 1 
339673|Child_CrossABC1|1: 423 132 55 24 9 4 1 
339674|Child_CrossABC2|8: 423 132 58 24 9 4 1 
339675|Child_CrossABC2|8: 391 138 55 24 9 4 1 
339690|Child_Avg|35|Mutated: 403 141 56 24 9 4 1 
339757|Child_LevyP1|3: 376 133 46 24 9 4 1 
339766|Survivor|1: 423 138 47 21 10 4 1 
339800|Child_Cross21|2: 594 155 63 19 10 4 1 
339808|Survivor|1: 471 142 54 19 10 4 1 
339809|Child_Avg|3: 449 129 51 19 10 4 1 
339813|Child_Cross21|42: 393 134 44 19 10 4 1 
339827|Child_CrossABC1|1: 358 103 43 19 10 4 1 
339852|Child_Avg|7: 450 147 56 24 9 4 1 
339869|Child_CrossABC1|7: 388 127 50 24 9 4 1 
339871|Child_Avg|59: 459 139 55 24 9 4 1 
339880|Child_Avg|11: 433 134 52 24 9 4 1 
339907|Survivor|1: 392 133 43 24 9 4 1 
339910|Survivor|1: 618 147 62 24 9 4 1 
339933|Child_Avg|7: 406 127 46 24 9 4 1 
339944|Child_Levy|44: 534 156 58 23 10 4 1 
339954|Child_CrossABC2|2: 418 126 46 21 10 4 1 
339976|Child_Levy|8: 397 142 62 27 10 4 1 
340066|Child_Avg|31: 590 163 61 24 9 4 1 
340103|Survivor|1: 316 123 43 24 9 4 1 
340133|Child_Cross12|37: 310 127 43 24 9 4 1 
340142|Child_Avg|23: 315 127 43 24 9 4 1 
340150|Child_Cross21|50: 325 131 43 24 9 4 1 
340160|Child_Cross12|45: 320 127 43 24 9 4 1 
340232|Child_Cross21|14: 439 132 59 21 10 4 1 
340233|Child_CrossABC1|7: 455 136 59 21 10 4 1 
340241|Survivor|1: 357 114 58 21 10 4 1 
340248|Survivor|1: 336 132 49 21 10 4 1 
340254|Child_Cross21|58: 330 121 45 21 10 4 1 
340295|Child_CrossABC1|7: 565 156 72 29 10 4 1 
340297|Child_CrossABC1|7: 611 154 71 29 10 4 1 
340299|Child_CrossABC1|1: 474 154 73 29 10 4 1 
340310|Child_CrossABC2|2: 387 145 65 27 10 4 1 
340313|Survivor|1: 435 144 55 27 10 4 1 
340314|Child_Cross21|34: 414 133 55 27 10 4 1 
340317|Child_Cross12|25: 420 137 52 27 10 4 1 
340323|Survivor|1: 439 137 52 27 10 4 1 
340371|Child_Levy|12: 401 129 47 25 9 4 1 
340406|Child_Levy|4: 412 122 43 24 9 4 1 
340455|Child_Levy|48: 392 137 62 24 9 4 1 
340460|Child_Levy|24: 371 118 58 23 10 4 1 
340464|Child_CrossABC1|1: 350 144 57 23 10 4 1 
340466|Child_CrossABC1|1: 389 146 57 23 10 4 1 
340479|Child_CrossABC1|7: 393 147 58 23 10 4 1 
340480|Child_CrossABC1|7: 399 159 61 23 10 4 1 
340492|Child_CrossABC1|1: 399 130 45 23 10 4 1 
340499|Survivor|1: 390 146 44 23 10 4 1 
340524|Child_CrossABC2|2: 445 137 45 21 10 4 1 
340570|Child_CrossABC2|8: 432 119 46 20 9 4 1 
340588|Child_Cross12|1: 407 116 41 20 9 4 1 
340648|Survivor|1: 320 113 43 20 9 4 1 
340696|Child_Cross12|41: 326 136 43 24 9 4 1 
340744|Child_CrossABC2|8: 385 129 62 24 9 4 1 
340778|Survivor|1: 423 125 52 20 9 4 1 
340781|Survivor|1: 416 131 52 20 9 4 1 
340785|Child_CrossABC1|7: 406 129 52 20 9 4 1 
340791|Child_CrossABC2|8: 381 129 52 20 9 4 1 
340796|Survivor|1: 378 136 50 21 10 4 1 
340837|Survivor|1: 382 122 43 24 9 4 1 
340864|Survivor|1: 634 169 55 24 9 4 1 
340878|Child_Cross12|13: 443 133 50 24 9 4 1 
340879|Child_Avg|51: 445 158 49 24 9 4 1 
340881|Child_Avg|35|Mutated: 454 158 49 24 9 4 1 
340901|Child_Cross21|26: 400 150 55 24 9 4 1 
340907|Child_CrossABC2|2: 400 139 58 24 9 4 1 
340937|Survivor|1: 369 121 47 24 9 4 1 
340944|Child_Cross12|37: 385 138 44 24 9 4 1 
340946|Child_Cross12|5: 390 145 44 24 9 4 1 
340955|Survivor|1: 387 128 43 24 9 4 1 
340996|Child_Avg|39: 397 122 41 19 10 4 1 
341000|Survivor|1: 399 123 44 19 10 4 1 
341008|Child_Levy|48: 404 161 49 24 9 4 1 
341018|Survivor|1: 313 107 45 21 10 4 1 
341047|Survivor|1: 408 141 53 28 11 4 1 
341127|Survivor|1: 454 169 55 24 9 4 1 
341131|Survivor|1: 488 169 55 24 9 4 1 
341132|Child_CrossABC2|2: 432 169 55 24 9 4 1 
341138|Child_Cross12|45: 439 170 55 24 9 4 1 
341140|Child_CrossABC2|8: 456 171 58 24 9 4 1 
341142|Child_Avg|47: 472 159 55 24 9 4 1 
341143|Child_Avg|51: 428 167 53 24 9 4 1 
341146|Child_Avg|55: 452 149 52 24 9 4 1 
341147|Child_Cross21|42: 460 159 52 24 9 4 1 
341150|Child_CrossABC2|2: 424 159 52 24 9 4 1 
341153|Child_Levy|60: 465 151 52 24 9 4 1 
341158|Survivor|1: 418 158 49 24 9 4 1 
341165|Child_CrossABC2|8: 375 147 47 24 9 4 1 
341189|Survivor|1: 321 113 43 24 9 4 1 
341232|Child_Levy|12: 350 136 47 23 10 4 1 
341236|Child_Cross12|33: 367 146 43 24 9 4 1 
341294|Survivor|1: 440 133 62 24 9 4 1 
341317|Survivor|1: 411 118 50 24 9 4 1 
341320|Child_Cross21|6: 428 155 52 24 9 4 1 
341323|Child_CrossABC1|1: 431 171 56 24 9 4 1 
341365|Survivor|1: 398 128 53 24 9 4 1 
341381|Child_Cross12|45: 451 146 58 24 9 4 1 
341382|Child_Cross12|9: 435 134 58 24 9 4 1 
341390|Child_CrossABC1|1: 422 152 67 24 9 4 1 
341391|Child_Avg|11: 429 137 53 24 9 4 1 
341393|Survivor|1: 413 154 46 24 9 4 1 
341396|Child_CrossABC2|2: 405 156 58 24 9 4 1 
341422|Survivor|1: 377 137 47 23 10 4 1 
341426|Child_CrossABC1|7: 377 131 47 24 9 4 1 
341458|Child_CrossABC2|2: 349 118 50 24 9 4 1 
341480|Survivor|1: 510 193 60 21 10 4 1 
341483|Child_Cross21|42: 400 146 48 21 10 4 1 
341488|Child_CrossABC2|2: 357 124 49 21 10 4 1 
341500|Child_Cross12|9: 360 130 45 21 10 4 1 
341512|Child_Cross21|10: 355 127 46 21 10 4 1 
341608|Child_Cross21|10: 547 148 55 23 10 4 1 
341620|Child_LevyP1|3|Mutated: 435 124 53 24 9 4 1 
341625|Survivor|1: 425 127 50 21 10 4 1 
341674|Survivor|1: 468 197 56 24 9 4 1 
341736|Child_CrossABC2|8: 401 134 59 24 9 4 1 
341848|Survivor|1: 328 145 47 23 10 4 1 
341856|Child_Cross12|45: 313 116 43 20 9 4 1 
341867|Child_Cross21|38: 331 127 43 20 9 4 1 
341973|Survivor|1: 395 133 46 24 9 4 1 
341985|Survivor|1: 444 145 50 24 9 4 1 
341990|Child_Avg|7: 427 132 60 23 10 4 1 
342025|Child_CrossABC2|8: 371 116 49 24 9 4 1 
342027|Survivor|1: 380 123 52 24 9 4 1 
342051|Child_CrossABC1|7: 422 153 55 24 9 4 1 
342055|Child_CrossABC2|2: 424 165 65 24 9 4 1 
342056|Child_CrossABC2|2: 421 162 61 24 9 4 1 
342074|Child_Levy|48: 384 147 59 24 9 4 1 
342075|Child_Cross12|9: 386 146 55 24 9 4 1 
342077|Child_Cross12|45: 397 153 56 24 9 4 1 
342078|Child_CrossABC1|1: 397 145 56 24 9 4 1 
342079|Child_Avg|19: 399 150 55 24 9 4 1 
342083|Child_Cross21|14: 395 157 55 24 9 4 1 
342085|Child_Cross21|18: 393 160 55 24 9 4 1 
342086|Child_CrossABC1|1: 397 172 58 24 9 4 1 
342090|Child_CrossABC1|7: 432 158 49 24 9 4 1 
342093|Child_CrossABC2|2: 388 153 50 24 9 4 1 
342095|Child_Cross12|29: 416 156 49 24 9 4 1 
342105|Child_Cross12|53|Mutated: 377 154 49 24 9 4 1 
342106|Child_Cross12|41: 416 151 49 24 9 4 1 
342109|Child_Cross12|29: 388 153 49 24 9 4 1 
342118|Child_Cross12|9: 394 154 49 24 9 4 1 
342163|Survivor|1: 438 123 47 21 10 4 1 
342170|Survivor|1: 433 119 46 21 10 4 1 
342262|Child_LevyABC2|12: 397 135 58 24 9 4 1 
342268|Child_CrossABC1|1: 395 116 50 24 9 4 1 
342350|Survivor|1: 416 121 43 24 9 4 1 
342375|Child_CrossABC1|7: 425 126 52 24 9 4 1 
342376|Child_Avg|27: 383 139 52 20 9 4 1 
342386|Survivor|1: 371 132 53 24 9 4 1 
342446|Survivor|1: 410 150 57 23 8 3 1 
342447|Child_LevyP1|9: 395 150 56 24 11 4 1 
342458|Survivor|1: 369 154 56 24 9 4 1 
342477|Survivor|1: 412 145 46 24 9 4 1 
342497|Child_CrossABC2|2: 429 131 46 24 9 4 1 
342500|Child_Levy|36: 415 118 45 23 10 4 1 
342511|Survivor|1: 426 171 47 23 10 4 1 
342568|Child_Cross12|49|Mutated: 369 109 49 24 9 4 1 
342622|Survivor|1: 501 136 59 27 10 4 1 
342628|Child_Cross12|37: 392 117 47 21 10 4 1 
342631|Survivor|1: 404 122 45 21 10 4 1 
342643|Child_CrossABC1|1: 388 143 52 20 9 4 1 
342655|Survivor|1: 358 119 42 19 10 4 1 
342657|Child_Cross21|38: 305 110 43 20 9 4 1 
342708|Survivor|1: 314 117 46 24 9 4 1 
342720|Child_CrossABC2|2: 360 123 56 25 9 4 1 
342731|Survivor|1: 359 125 49 24 9 4 1 
342758|Survivor|1: 430 163 61 24 9 4 1 
342783|Child_Cross21|34: 391 135 55 24 9 4 1 
342874|Survivor|1: 381 115 49 24 11 4 1 
342878|Survivor|1: 382 116 51 23 10 4 1 
342898|Survivor|1: 626 170 55 27 10 4 1 
342943|Survivor|1: 469 138 53 24 9 4 1 
342951|Child_Cross21|58: 442 129 58 24 9 4 1 
343028|Child_Avg|7|Mutated: 413 138 59 24 9 4 1 
343042|Child_LevyP2|4: 429 131 51 23 10 4 1 
343056|Survivor|1: 426 151 61 23 10 4 1 
343059|Child_LevyABC2|6: 416 154 56 25 9 4 1 
343137|Survivor|1: 378 121 48 20 9 4 1 
343143|Child_CrossABC1|1: 378 121 49 21 10 4 1 
343147|Child_CrossABC1|1: 364 129 49 21 10 4 1 
343174|Survivor|1: 384 138 47 21 10 4 1 
343250|Survivor|1: 407 126 52 20 9 4 1 
343255|Child_Avg|19: 359 128 49 21 10 4 1 
343259|Survivor|1: 397 128 49 21 10 4 1 
343260|Child_CrossABC2|2: 385 125 49 21 10 4 1 
343263|Child_Levy|56: 377 118 48 20 9 4 1 
343271|Child_Cross12|5|Mutated: 397 120 46 21 10 4 1 
343296|Child_Avg|23: 398 126 44 21 10 4 1 
343297|Child_Cross12|17: 393 116 44 21 10 4 1 
343324|Survivor|1: 352 135 52 19 10 4 1 
343387|Child_Cross12|45: 358 120 51 19 10 4 1 
343432|Child_Avg|3: 400 130 53 25 10 4 1 
343440|Child_CrossABC2|2: 393 146 69 21 10 4 1 
343442|Survivor|1: 400 130 55 23 10 4 1 
343464|Survivor|1: 543 159 71 24 9 4 1 
343469|Child_Avg|55: 401 149 61 24 9 4 1 
343471|Child_Levy|44: 447 156 58 24 9 4 1 
343472|Child_CrossABC1|7: 397 149 61 24 9 4 1 
343473|Child_Avg|35: 406 158 59 24 9 4 1 
343475|Child_Cross21|46: 396 153 58 24 9 4 1 
343480|Child_Avg|31: 380 132 53 24 9 4 1 
343483|Child_CrossABC1|1: 429 137 49 24 9 4 1 
343486|Child_Cross21|26: 403 138 52 24 9 4 1 
343539|Survivor|1: 506 191 57 23 10 4 1 
343541|Child_Cross21|10: 473 198 59 27 10 4 1 
343545|Child_Avg|7: 406 172 65 24 9 4 1 
343554|Survivor|1: 365 155 53 24 9 4 1 
343557|Child_CrossABC2|8|Mutated: 398 169 57 23 10 4 1 
343591|Child_Cross21|22: 392 144 44 23 10 4 1 
343613|Child_Cross21|10: 374 146 44 23 10 4 1 
343678|Survivor|1: 398 137 41 19 10 4 1 
343679|Child_Avg|11: 425 143 56 24 9 4 1 
343685|Child_CrossABC1|7: 426 164 55 24 9 4 1 
343686|Child_CrossABC1|1: 407 162 64 24 9 4 1 
343693|Child_CrossABC2|2: 388 154 56 25 9 4 1 
343703|Child_Levy|28: 376 153 56 24 9 4 1 
343710|Child_Avg|11|Mutated: 367 142 53 24 9 4 1 
343765|Survivor|1: 395 140 54 20 9 4 1 
343780|Child_CrossABC2|2: 408 149 52 20 9 4 1 
343791|Survivor|1: 364 127 54 20 9 4 1 
343795|Survivor|1: 429 139 48 20 9 4 1 
343873|Child_Cross12|13: 423 131 45 23 10 4 1 
343911|Survivor|1: 393 122 41 19 10 4 1 
343962|Survivor|1: 446 128 58 21 10 4 1 
343965|Child_Cross21|54: 374 110 43 20 9 4 1 
344023|Child_Cross12|25|Mutated: 436 134 47 21 10 4 1 
344068|Survivor|1: 384 118 49 24 9 4 1 
344072|Child_Cross21|2: 410 159 50 24 9 4 1 
344074|Child_Avg|23: 486 150 67 24 9 4 1 
344077|Child_Avg|47: 383 135 59 24 9 4 1 
344079|Child_Cross21|10: 526 143 58 24 9 4 1 
344085|Child_CrossABC2|2: 361 141 52 24 9 4 1 
344094|Child_CrossABC1|1: 387 133 50 24 9 4 1 
344103|Child_CrossABC2|2: 382 131 52 24 9 4 1 
344137|Child_Levy|32: 461 171 59 24 9 4 1 
344156|Child_Levy|44: 690 202 70 29 9 4 1 
344159|Survivor|1: 418 125 45 21 10 4 1 
344167|Child_Avg|11: 382 116 43 20 9 4 1 
344205|Child_Avg|55: 399 129 51 19 10 4 1 
344299|Survivor|1: 391 129 55 24 9 4 1 
344306|Child_Avg|11: 380 161 54 23 10 4 1 
344313|Child_CrossABC1|7: 387 149 58 23 10 4 1 
344318|Child_CrossABC2|8: 386 143 58 23 10 4 1 
344327|Child_CrossABC2|2: 388 143 58 23 10 4 1 
344330|Child_CrossABC1|1: 384 143 58 23 10 4 1 
344333|Survivor|1: 391 135 58 23 10 4 1 
344336|Survivor|1: 385 137 51 23 10 4 1 
344341|Child_Avg|55: 385 138 50 23 10 4 1 
344346|Survivor|1|Mutated: 387 138 47 21 10 4 1 
344434|Survivor|1|Mutated: 398 119 45 19 10 4 1 
344450|Survivor|1: 395 123 50 19 10 4 1 
344485|Child_Cross21|30: 397 124 49 21 10 4 1 
344493|Survivor|1: 401 130 45 21 10 4 1 
344524|Child_Cross12|41: 361 131 43 20 9 4 1 
344558|Child_CrossABC1|1: 415 152 56 25 9 4 1 
344584|Child_CrossABC1|7: 413 135 55 24 9 4 1 
344588|Child_CrossABC1|7: 425 138 58 24 9 4 1 
344590|Child_Avg|3: 407 140 50 24 9 4 1 
344602|Child_CrossABC2|2: 401 133 43 24 9 4 1 
344623|Survivor|1: 540 175 57 23 10 4 1 
344625|Survivor|1: 399 167 63 19 10 4 1 
344629|Child_Cross12|33: 394 142 48 21 10 4 1 
344635|Child_Cross12|17: 409 141 46 21 10 4 1 
344638|Survivor|1: 445 139 45 19 10 4 1 
344643|Child_Cross21|18: 413 141 45 23 10 4 1 
344648|Child_Cross12|49|Mutated: 415 142 52 20 9 4 1 
344668|Child_Avg|47: 434 127 43 20 9 4 1 
344749|Child_CrossABC2|2: 421 138 64 24 9 4 1 
344757|Child_CrossABC2|2: 401 138 64 24 9 4 1 
344759|Child_CrossABC2|8: 403 138 64 24 9 4 1 
344761|Child_CrossABC1|1: 405 138 64 24 9 4 1 
344764|Child_Cross21|58: 425 142 58 24 9 4 1 
344766|Child_CrossABC2|2: 419 142 58 24 9 4 1 
344768|Child_Cross21|46: 413 135 58 24 9 4 1 
344770|Child_Avg|39: 418 139 55 24 9 4 1 
344776|Child_CrossABC1|1: 445 138 53 24 9 4 1 
344777|Child_CrossABC1|7: 362 138 53 24 9 4 1 
344780|Child_CrossABC2|2: 425 135 55 24 9 4 1 
344787|Child_Cross12|33: 411 141 52 24 9 4 1 
344792|Child_Cross21|26: 422 139 52 24 9 4 1 
344824|Child_CrossABC1|1: 375 142 52 24 9 4 1 
344845|Survivor|1: 378 142 43 20 9 4 1 
344860|Child_Cross12|49: 421 174 51 19 10 4 1 
344865|Survivor|1: 411 170 51 19 10 4 1 
344873|Survivor|1: 384 117 51 19 10 4 1 
344888|Survivor|1: 387 134 47 21 10 4 1 
344924|Child_Cross21|18: 392 127 41 19 10 4 1 
344941|Child_Cross21|14: 423 127 41 19 10 4 1 
344999|Survivor|1: 502 174 59 24 9 4 1 
345000|Child_Avg|39: 440 152 53 24 9 4 1 
345003|Child_Cross12|53: 407 142 50 24 9 4 1 
345026|Child_CrossABC2|2: 400 137 46 24 9 4 1 
345058|Survivor|1: 566 155 59 25 10 4 1 
345084|Child_LevyABC2|12: 398 157 55 24 9 4 1 
345099|Survivor|1: 391 124 49 21 10 4 1 
345106|Child_CrossABC2|2: 379 117 47 21 10 4 1 
345110|Child_CrossABC2|8: 383 106 46 21 10 4 1 
345239|Survivor|1: 396 124 44 23 10 4 1 
345262|Child_Avg|3|Mutated: 353 123 52 24 9 4 1 
345269|Survivor|1: 355 122 52 24 9 4 1 
345271|Survivor|1: 351 122 52 24 9 4 1 
345307|Child_CrossABC2|8: 404 117 50 24 9 4 1 
345353|Survivor|1: 414 151 50 23 10 4 1 
345385|Survivor|1: 439 135 47 24 9 4 1 
345404|Child_Cross12|21: 393 143 51 19 10 4 1 
345409|Child_CrossABC1|1: 345 123 51 19 10 4 1 
345418|Child_Avg|15: 349 132 50 19 10 4 1 
345425|Child_CrossABC2|2: 401 127 53 19 10 4 1 
345460|Survivor|1: 357 121 52 19 10 4 1 
345468|Survivor|1: 344 127 46 20 9 4 1 
345472|Child_Cross21|34: 451 126 46 21 10 4 1 
345502|Child_Cross21|54: 444 126 47 23 10 4 1 
345504|Child_Cross12|5|Mutated: 465 125 47 23 10 4 1 
345531|Survivor|1: 385 129 49 24 9 4 1 
345579|Child_Cross21|58: 427 129 51 23 10 4 1 
345649|Survivor|1: 453 144 51 19 10 4 1 
345652|Survivor|1: 384 118 49 21 10 4 1 
345656|Survivor|1: 378 118 49 21 10 4 1 
345657|Child_Avg|15: 382 111 48 20 9 4 1 
345665|Child_CrossABC2|2: 351 134 45 21 10 4 1 
345729|Child_Cross12|37: 411 128 43 20 9 4 1 
345810|Child_CrossABC1|1: 440 135 51 19 10 4 1 
345843|Survivor|1: 443 189 59 21 10 4 1 
345853|Survivor|1: 395 134 45 21 10 4 1 
345866|Child_Cross21|46: 380 129 48 20 9 4 1 
345952|Child_LevyP2|10: 382 146 55 24 9 4 1 
346007|Child_CrossABC2|2: 392 115 49 24 9 4 1 
346033|Survivor|1|Mutated: 356 112 47 24 9 4 1 
346094|Child_CrossABC2|2: 345 119 44 24 9 4 1 
346137|Child_Avg|19: 435 125 55 23 10 4 1 
346182|Survivor|1: 399 151 61 24 9 4 1 
346204|Child_Levy|4: 591 181 56 27 10 4 1 
346215|Survivor|1: 398 135 46 21 10 4 1 
346218|Survivor|1: 389 132 46 21 10 4 1 
346242|Survivor|1: 376 109 54 23 10 4 1 
346250|Survivor|1: 387 125 55 23 10 4 1 
346304|Child_Avg|35: 389 122 52 24 9 4 1 
346330|Child_CrossABC1|1: 421 111 46 24 9 4 1 
346336|Child_Cross21|42: 363 112 43 24 9 4 1 
346378|Child_CrossABC1|1: 389 111 51 19 10 4 1 
346387|Survivor|1: 367 110 42 19 10 4 1 
346404|Child_Avg|19: 366 109 44 19 10 4 1 
346456|Child_Levy|32: 552 165 59 21 10 4 1 
346470|Child_Cross21|50: 373 119 49 24 9 4 1 
346474|Survivor|1: 370 119 49 24 9 4 1 
346505|Survivor|1: 415 112 48 23 10 4 1 
346514|Child_Cross21|18: 484 149 59 24 9 4 1 
346597|Child_Avg|43: 412 141 52 24 9 4 1 
346629|Child_CrossABC2|8: 420 179 52 24 9 4 1 
346631|Child_CrossABC1|1: 419 117 52 24 9 4 1 
346636|Child_Cross12|29: 399 155 52 24 9 4 1 
346679|Survivor|1: 428 149 55 24 9 4 1 
346696|Child_Cross21|34|Mutated: 364 127 53 24 9 4 1 
346712|Child_CrossABC2|2: 352 137 53 24 9 4 1 
346715|Child_Levy|56: 343 133 49 24 9 4 1 
346726|Survivor|1: 342 134 53 24 9 4 1 
346746|Child_Levy|44: 324 123 48 20 9 4 1 
346758|Survivor|1: 369 143 46 20 9 4 1 
346763|Survivor|1|Mutated: 355 133 43 24 9 4 1 
346892|Survivor|1: 372 118 44 23 10 4 1 
346915|Child_Cross21|34: 469 166 67 30 11 5 1 
346935|Child_Cross12|49: 398 127 53 27 10 4 1 
346938|Child_CrossABC2|8: 403 121 57 23 10 4 1 
347027|Survivor|1: 487 153 54 23 10 4 1 
347031|Child_Levy|20: 477 143 56 21 10 4 1 
347033|Survivor|1: 426 113 49 21 10 4 1 
347043|Survivor|1: 393 109 48 20 9 4 1 
347132|Survivor|1: 419 111 47 23 10 4 1 
347134|Child_CrossABC2|8: 407 114 59 24 9 4 1 
347159|Child_Cross12|29: 359 123 43 24 9 4 1 
347167|Child_Cross12|5: 424 121 43 24 9 4 1 
347216|Survivor|1: 357 131 45 21 10 4 1 
347222|Survivor|1: 675 199 65 24 9 4 1 
347231|Survivor|1: 539 178 55 24 9 4 1 
347234|Child_CrossABC2|2: 537 145 55 24 9 4 1 
347246|Survivor|1: 409 123 50 24 9 4 1 
347254|Child_Cross12|53: 429 126 44 24 9 4 1 
347272|Child_Cross12|13: 444 154 62 19 10 4 1 
347275|Survivor|1|Mutated: 409 154 62 19 10 4 1 
347284|Survivor|1: 399 141 49 21 10 4 1 
347290|Child_CrossABC1|7: 377 121 48 21 10 4 1 
347334|Child_Levy|36: 360 119 46 20 9 4 1 
347352|Child_Avg|39: 412 119 42 19 10 4 1 
347417|Child_Avg|7: 364 111 44 24 9 4 1 
347481|Survivor|1|Mutated: 414 132 65 24 9 4 1 
347485|Child_Avg|47: 446 127 50 24 9 4 1 
347496|Child_Cross12|17: 465 126 49 24 9 4 1 
347500|Child_Levy|44|Mutated: 405 130 57 23 10 4 1 
347585|Child_Levy|20: 615 170 73 29 9 4 1 
347596|Child_Avg|47: 370 129 64 23 10 4 1 
347602|Child_CrossABC2|8: 418 114 53 24 9 4 1 
347611|Child_CrossABC1|1: 422 134 51 23 10 4 1 
347626|Child_CrossABC1|7: 375 121 47 23 10 4 1 
347661|Child_Cross12|33: 462 142 47 25 9 4 1 
347673|Child_CrossABC1|7: 429 122 54 23 10 4 1 
347723|Child_Cross12|21|Mutated: 434 118 49 24 9 4 1 
347858|Survivor|1: 417 131 52 24 9 4 1 
347865|Child_LevyABC2|12: 419 134 56 24 9 4 1 
347869|Child_CrossABC1|1: 417 143 57 21 10 4 1 
347877|Child_Levy|8: 478 134 55 23 10 4 1 
347880|Child_Avg|51: 421 126 61 24 9 4 1 
347883|Child_Cross12|41: 369 118 44 23 10 4 1 
347886|Child_Avg|55|Mutated: 398 133 48 23 10 4 1 
347904|Survivor|1: 356 120 44 23 10 4 1 
347947|Child_CrossABC1|1: 454 159 55 24 9 4 1 
347959|Child_CrossABC1|1: 405 172 58 24 9 4 1 
347960|Child_CrossABC2|8: 443 157 55 24 9 4 1 
347963|Child_Cross21|22: 441 148 53 24 9 4 1 
347979|Child_Avg|31: 305 118 43 24 9 4 1 
348041|Survivor|1: 410 108 49 24 9 4 1 
348042|Child_LevyP1|3|Mutated: 615 144 51 19 10 4 1 
348048|Child_Cross21|10: 419 121 47 23 10 4 1 
348055|Child_Avg|35: 649 189 61 24 9 4 1 
348181|Survivor|1: 373 131 49 21 10 4 1 
348189|Survivor|1: 374 151 48 21 10 4 1 
348192|Child_Cross12|49: 400 138 47 21 10 4 1 
348194|Child_Cross21|58: 368 133 45 21 10 4 1 
348198|Child_Cross21|34: 420 128 45 21 10 4 1 
348262|Survivor|1: 398 127 50 21 10 4 1 
348292|Child_CrossABC2|8: 396 124 49 21 10 4 1 
348297|Child_CrossABC1|1: 429 122 47 21 10 4 1 
348299|Child_Cross21|34: 400 123 45 21 10 4 1 
348448|Survivor|1: 352 162 59 21 10 4 1 
348456|Child_Cross21|2: 368 128 43 24 9 4 1 
348481|Child_CrossABC2|8: 529 169 67 23 10 4 1 
348484|Child_CrossABC2|2: 563 143 57 23 10 4 1 
348488|Child_Cross12|41: 451 126 47 23 10 4 1 
348504|Survivor|1: 576 156 61 29 9 4 1 
348572|Survivor|1: 400 151 71 24 9 4 1 
348586|Survivor|1: 352 113 46 24 9 4 1 
348630|Child_Levy|32: 643 195 67 23 10 4 1 
348643|Survivor|1: 343 123 57 23 10 4 1 
348649|Child_Avg|31: 352 114 51 23 10 4 1 
348657|Child_CrossABC1|7: 346 113 51 19 10 4 1 
348702|Child_CrossABC2|2: 369 135 59 24 9 4 1 
348798|Random|6: 531 210 82 28 11 4 1 
348801|Child_Avg|23: 400 123 52 29 9 4 1 
348811|Survivor|1: 462 140 55 29 9 4 1 
348812|Child_CrossABC2|8: 419 131 56 21 10 4 1 
348817|Child_Cross21|26: 410 148 54 23 10 4 1 
348819|Child_Avg|19: 404 141 52 20 9 4 1 
348901|Survivor|1: 398 133 48 20 9 4 1 
348955|Child_Cross21|34: 370 113 45 21 10 4 1 
348989|Child_LevyABC1|11: 391 117 45 19 10 4 1 
348996|Survivor|1: 378 108 43 20 9 4 1 
349025|Child_Cross21|42: 420 151 52 29 9 4 1 
349037|Survivor|1: 403 152 59 29 9 4 1 
349042|Survivor|1: 399 150 56 24 9 4 1 
349048|Child_CrossABC1|7: 431 150 52 24 9 4 1 
349049|Child_Cross12|21: 427 151 52 24 9 4 1 
349052|Child_CrossABC1|1: 458 151 55 27 10 4 1 
349053|Child_Cross12|9: 433 167 50 24 9 4 1 
349060|Child_Avg|7: 396 145 47 24 9 4 1 
349063|Child_Cross21|22: 406 158 47 24 9 4 1 
349080|Child_CrossABC2|8: 390 137 53 24 9 4 1 
349082|Survivor|1: 383 141 62 24 9 4 1 
349087|Survivor|1: 414 145 55 24 9 4 1 
349097|Survivor|1: 405 129 45 20 9 4 1 
349101|Child_Cross12|21: 392 128 43 20 9 4 1 
349121|Survivor|1: 594 156 55 24 9 4 1 
349127|Survivor|1: 525 163 64 24 9 4 1 
349207|Survivor|1: 400 140 45 23 10 4 1 
349213|Child_Avg|59: 406 129 52 24 9 4 1 
349297|Survivor|1: 581 161 53 24 9 4 1 
349303|Child_Avg|35: 581 160 56 25 9 4 1 
349309|Survivor|1: 482 139 56 25 9 4 1 
349314|Child_Avg|39|Mutated: 417 136 48 23 10 4 1 
349326|Child_Avg|47: 443 126 52 24 9 4 1 
349332|Survivor|1: 455 126 52 24 9 4 1 
349414|Survivor|1|Mutated: 381 133 46 20 9 4 1 
349441|Child_Levy|60: 392 156 54 23 10 4 1 
349450|Child_Levy|16: 544 150 65 24 9 4 1 
349452|Child_Cross21|14: 538 163 64 24 9 4 1 
349454|Child_Avg|7: 565 174 55 24 9 4 1 
349458|Survivor|1: 523 158 64 23 10 4 1 
349462|Child_Avg|19: 437 173 55 24 9 4 1 
349470|Child_CrossABC1|1: 451 156 61 23 10 4 1 
349479|Survivor|1|Mutated: 470 133 58 23 10 4 1 
349481|Child_CrossABC1|1: 513 144 57 23 10 4 1 
349484|Child_Levy|28: 451 130 56 21 10 4 1 
349485|Child_Levy|56: 405 125 60 21 10 4 1 
349569|Child_CrossABC1|1|Mutated: 337 135 47 23 10 4 1 
349579|Child_Avg|31: 295 111 49 21 10 4 1 
349609|Survivor|1: 378 114 41 19 10 4 1 
349631|Child_LevyP2|10: 419 158 61 24 9 4 1 
349660|Survivor|1: 487 148 71 24 11 5 1 
349667|Child_Avg|47|Mutated: 417 132 54 23 10 4 1 
349670|Child_CrossABC1|7: 401 130 54 23 10 4 1 
349689|Child_Cross21|58: 399 127 45 23 10 4 1 
349739|Child_Cross21|22: 361 113 43 24 9 4 1 
349795|Survivor|1: 384 108 43 20 9 4 1 
349799|Child_Levy|36: 415 159 56 27 10 4 1 
349818|Child_Cross12|13: 324 134 49 24 9 4 1 
349820|Survivor|1: 491 153 49 24 9 4 1 
349871|Survivor|1: 611 170 52 24 9 4 1 
349879|Survivor|1: 360 134 53 24 9 4 1 
349895|Child_CrossABC2|2: 383 105 50 24 9 4 1 
349898|Survivor|1: 315 132 46 24 9 4 1 
349923|Child_CrossABC1|1: 444 154 55 24 9 4 1 
349958|Child_Avg|31: 463 174 65 28 11 4 1 
349964|Survivor|1: 402 147 57 29 9 4 1 
349979|Survivor|1: 391 139 44 24 9 4 1 
349981|Child_Levy|16: 378 133 43 24 9 4 1 
350018|Survivor|1: 395 117 43 19 10 4 1 
350075|Survivor|1: 396 122 45 21 10 4 1 
350093|Survivor|1: 403 114 43 20 9 4 1 
350144|Survivor|1: 403 112 39 20 9 4 1 
350159|Child_CrossABC2|8: 430 152 59 24 9 4 1 
350167|Survivor|1: 426 137 55 24 9 4 1 
350188|Survivor|1|Mutated: 382 125 49 24 9 4 1 
350194|Survivor|1: 433 128 47 24 9 4 1 
350279|Child_Avg|59: 408 119 45 21 10 4 1 
350295|Child_CrossABC2|8: 423 140 55 24 9 4 1 
350300|Child_CrossABC2|8: 375 170 62 24 9 4 1 
350305|Child_CrossABC1|1: 375 164 62 24 9 4 1 
350308|Child_Avg|35|Mutated: 376 145 53 27 10 4 1 
350310|Survivor|1: 425 167 58 24 9 4 1 
350317|Child_Cross12|37: 397 117 53 24 9 4 1 
350319|Child_Cross21|22: 391 153 53 24 9 4 1 
350340|Child_CrossABC2|2: 413 129 52 24 9 4 1 
350376|Child_Levy|24: 396 121 50 24 9 4 1 
350396|Child_Avg|47: 383 114 43 24 9 4 1 
350456|Child_Levy|60: 417 113 52 24 9 4 1 
350474|Survivor|1: 409 144 46 24 9 4 1 
350494|Survivor|1|Mutated: 348 126 49 24 9 4 1 
350527|Survivor|1: 432 121 48 29 9 4 1 
350542|Child_Cross12|37: 382 139 47 21 10 4 1 
350545|Child_Cross12|21: 367 156 49 21 10 4 1 
350551|Child_CrossABC1|1: 368 124 45 21 10 4 1 
350560|Child_Cross12|29: 359 130 45 21 10 4 1 
350600|Child_Cross21|58|Mutated: 471 180 58 24 9 4 1 
350684|Child_CrossABC2|8: 338 134 55 27 10 4 1 
350704|Child_CrossABC2|2: 417 122 45 23 10 4 1 
350720|Survivor|1: 417 130 43 20 9 4 1 
350726|Child_Avg|31: 420 137 43 24 9 4 1 
350747|Survivor|1: 615 163 49 24 9 4 1 
350751|Child_Avg|7: 438 151 49 24 9 4 1 
350774|Survivor|1: 461 179 67 23 14 4 1 
350777|Child_CrossABC1|7: 569 167 67 23 10 4 1 
350778|Child_Levy|28: 536 173 67 23 10 4 1 
350779|Child_Cross12|29: 424 164 60 23 10 4 1 
350784|Child_Cross12|53: 393 140 54 23 10 4 1 
350785|Child_Cross12|37|Mutated: 523 166 58 24 9 4 1 
350786|Child_Cross21|22: 475 173 61 24 9 4 1 
350791|Child_Levy|56: 449 163 57 23 10 4 1 
350796|Survivor|1|Mutated: 411 163 57 23 10 4 1 
350810|Child_Cross21|58: 378 159 47 23 10 4 1 
350812|Child_Avg|7: 389 137 55 24 9 4 1 
350820|Child_CrossABC1|1: 405 140 61 24 9 4 1 
350822|Child_Cross21|26: 388 138 59 24 9 4 1 
350833|Child_CrossABC2|8: 377 147 62 24 9 4 1 
350838|Child_CrossABC2|2: 385 145 55 24 9 4 1 
350839|Child_CrossABC2|8: 389 149 61 24 9 4 1 
350842|Child_CrossABC1|1: 389 148 58 24 9 4 1 
350854|Child_Levy|28: 567 170 64 23 10 4 1 
350865|Child_CrossABC1|1: 397 129 51 23 10 4 1 
350876|Survivor|1|Mutated: 397 142 53 25 9 4 1 
350898|Child_CrossABC1|1: 356 130 56 25 9 4 1 
350968|Child_Cross21|50: 436 170 56 25 9 4 1 
350975|Child_Cross21|46: 551 162 53 24 9 4 1 
350987|Child_Avg|51: 387 151 58 24 9 4 1 
351077|Survivor|1: 600 141 56 21 10 4 1 
351102|Child_Avg|23: 385 142 45 23 10 4 1 
351110|Survivor|1: 406 151 48 23 10 4 1 
351153|Survivor|1: 369 111 46 20 9 4 1 
351160|Survivor|1: 369 109 45 20 9 4 1 
351181|Child_CrossABC1|1: 284 113 43 20 9 4 1 
351194|Child_Avg|43|Mutated: 456 155 53 25 10 4 1 
351200|Survivor|1: 456 155 53 27 10 4 1 
351207|Child_Cross12|41: 394 118 48 23 10 4 1 
351209|Child_Cross12|33: 412 131 47 24 9 4 1 
351214|Child_CrossABC1|7: 403 138 47 24 9 4 1 
351234|Random|8: 688 160 62 19 10 4 1 
351317|Child_Levy|36|Mutated: 608 174 61 23 10 4 1 
351321|Survivor|1: 608 174 54 23 10 4 1 
351322|Child_Cross12|57: 431 157 51 23 10 4 1 
351323|Child_Avg|3: 551 161 55 24 9 4 1 
351326|Child_CrossABC2|2: 552 172 53 24 9 4 1 
351336|Child_CrossABC1|1|Mutated: 401 147 62 24 9 4 1 
351343|Child_CrossABC2|8: 401 141 56 24 9 4 1 
351348|Child_Cross21|6: 408 149 56 24 9 4 1 
351364|Child_Avg|19: 373 136 47 24 9 4 1 
351417|Child_Cross21|26: 409 147 57 21 10 4 1 
351420|Child_LevyABC2|12: 563 180 57 23 10 4 1 
351423|Survivor|1: 445 164 53 27 10 4 1 
351429|Child_Cross21|42|Mutated: 368 133 48 23 10 4 1 
351440|Child_Avg|59: 375 147 51 23 10 4 1 
351447|Child_Cross12|41: 416 135 47 23 10 4 1 
351510|Child_Levy|24: 437 157 59 24 9 4 1 
351532|Child_CrossABC1|1: 459 141 46 24 9 4 1 
351536|Child_CrossABC1|1: 466 138 61 24 9 4 1 
351544|Survivor|1: 458 143 52 24 9 4 1 
351585|Child_CrossABC2|8: 396 142 55 24 9 4 1 
351598|Survivor|1: 461 166 72 27 10 4 1 
351601|Child_CrossABC1|1|Mutated: 435 172 59 24 9 4 1 
351801|Survivor|1: 466 123 56 24 9 4 1 
351858|Survivor|1: 428 150 53 19 11 5 1 
351868|Survivor|1: 427 175 53 19 10 4 1 
351875|Survivor|1: 376 142 49 24 9 4 1 
351877|Survivor|1: 463 166 49 24 9 4 1 
351924|Child_Cross12|9: 421 128 61 23 10 4 1 
351929|Child_Cross21|26: 446 124 56 21 10 4 1 
351932|Survivor|1: 361 138 55 24 9 4 1 
351989|Child_Cross21|38: 434 129 49 24 9 4 1 
352043|Child_CrossABC1|7|Mutated: 417 118 50 24 9 4 1 
352114|Survivor|1: 401 145 47 24 9 4 1 
352118|Child_Cross21|14: 403 145 47 23 10 4 1 
352154|Child_CrossABC1|1|Mutated: 341 153 54 23 10 4 1 
352156|Survivor|1: 397 159 49 24 9 4 1 
352158|Survivor|1: 401 133 47 23 10 4 1 
352171|Child_CrossABC1|1: 350 131 49 21 10 4 1 
352175|Survivor|1: 414 133 45 21 10 4 1 
352274|Child_CrossABC1|7: 359 114 46 20 9 4 1 
352282|Survivor|1: 317 116 46 20 9 4 1 
352316|Child_Cross21|38: 312 116 41 19 10 4 1 
352357|Child_LevyP2|10: 392 155 50 24 9 4 1 
352373|Child_CrossABC1|7: 391 158 50 24 9 4 1 
352376|Child_CrossABC1|1: 393 157 50 24 9 4 1 
352440|Child_Avg|47: 443 143 52 24 9 4 1 
352451|Child_CrossABC1|1|Mutated: 449 130 46 24 9 4 1 
352458|Child_Levy|48: 434 120 49 21 10 4 1 
352475|Survivor|1: 675 185 68 24 9 4 1 
352476|Child_Avg|23: 581 149 52 24 9 4 1 
352584|Child_Levy|40: 569 169 78 30 11 5 1 
352591|Survivor|1: 426 167 50 24 9 4 1 
352608|Child_Cross12|45: 421 114 47 23 10 4 1 
352614|Child_Cross21|6: 428 112 47 23 10 4 1 
352637|Survivor|1: 410 126 49 23 8 3 1 
352639|Child_Levy|28: 405 127 50 21 10 4 1 
352701|Survivor|1: 390 117 44 19 10 4 1 
352729|Child_Avg|3: 439 126 59 24 9 4 1 
352747|Survivor|1: 636 147 53 19 10 4 1 
352750|Child_CrossABC2|2: 590 153 57 23 10 4 1 
352777|Survivor|1: 455 124 46 24 9 4 1 
352805|Child_Avg|55: 393 126 50 21 10 4 1 
352841|Child_CrossABC2|2: 381 117 54 23 10 4 1 
352865|Survivor|1: 429 113 49 21 10 4 1 
352869|Child_CrossABC1|7: 403 117 50 21 10 4 1 
352878|Child_Avg|11: 422 113 45 21 10 4 1 
352882|Child_Cross12|29: 423 113 45 21 10 4 1 
352940|Child_CrossABC1|1: 385 105 43 20 9 4 1 
352961|Child_Avg|35|Mutated: 405 111 48 20 9 4 1 
353000|Child_CrossABC2|8: 383 111 46 20 9 4 1 
353003|Child_Avg|23: 608 171 67 24 9 4 1 
353035|Child_CrossABC2|8: 415 118 45 21 10 4 1 
353060|Child_Avg|11: 382 133 46 20 9 4 1 
353101|Survivor|1: 370 127 43 20 9 4 1 
353141|Child_LevyP2|4: 451 152 55 24 9 4 1 
353143|Child_CrossABC2|8: 371 152 58 24 9 4 1 
353146|Child_Avg|55: 392 154 61 24 9 4 1 
353158|Child_Avg|19: 457 136 47 23 10 4 1 
353170|Survivor|1: 419 129 44 23 10 4 1 
353173|Child_Avg|11: 403 131 48 21 10 4 1 
353178|Child_Avg|11: 384 137 44 23 10 4 1 
353205|Child_CrossABC2|2: 367 141 48 21 10 4 1 
353207|Survivor|1: 368 129 49 21 10 4 1 
353210|Child_CrossABC1|7: 377 131 46 21 10 4 1 
353216|Survivor|1: 375 130 45 21 10 4 1 
353221|Child_CrossABC2|8: 376 150 43 20 9 4 1 
353276|Child_Cross21|50: 369 127 43 20 9 4 1 
353322|Survivor|1: 369 153 49 24 11 4 1 
353323|Child_Cross21|18: 370 153 50 24 9 4 1 
353351|Child_Cross21|6: 913 468 131 60 23 10 4 1 
353359|Child_CrossABC2|2: 483 132 57 23 10 4 1 
353392|Survivor|1: 376 110 41 24 9 4 1 
353422|Child_LevyP2|4: 356 155 58 21 10 4 1 
353424|Survivor|1: 391 153 57 21 10 4 1 
353480|Child_CrossABC1|1|Mutated: 442 131 50 24 9 4 1 
353482|Child_CrossABC2|2|Mutated: 427 131 50 24 9 4 1 
353486|Survivor|1: 433 131 53 24 9 4 1 
353493|Child_Cross12|45: 422 128 47 21 10 4 1 
353496|Child_Avg|3: 421 127 46 20 9 4 1 
353589|Child_CrossABC2|2: 386 134 43 20 9 4 1 
353620|Child_Cross12|17: 502 139 49 24 9 4 1 
353692|Survivor|1: 405 146 58 24 9 4 1 
353699|Survivor|1: 439 143 49 24 9 4 1 
353754|Child_Levy|60: 529 164 61 23 10 4 1 
353766|Child_Avg|27: 475 142 57 23 10 4 1 
353773|Child_CrossABC2|8: 519 160 58 23 10 4 1 
353779|Child_CrossABC2|2: 431 126 51 23 10 4 1 
353781|Child_CrossABC1|1: 430 129 51 23 10 4 1 
353885|Survivor|1: 421 156 62 29 10 4 1 
353891|Survivor|1: 402 131 47 25 9 4 1 
353920|Child_LevyABC2|12: 345 156 53 24 9 4 1 
353957|Child_Levy|4: 401 124 48 21 10 4 1 
353991|Survivor|1: 411 125 48 21 10 4 1 
353995|Child_Avg|23: 409 150 59 24 9 4 1 
354049|Child_Avg|51: 391 118 49 25 9 4 1 
354091|Child_Cross12|41: 923 363 131 43 24 9 4 1 
354108|Child_Levy|4: 378 164 43 20 9 4 1 
354111|Survivor|1: 401 125 43 24 9 4 1 
354128|Child_Avg|47: 371 122 46 24 9 4 1 
354147|Survivor|1: 383 123 43 24 9 4 1 
354151|Child_CrossABC1|1|Mutated: 467 122 58 24 9 4 1 
354164|Survivor|1|Mutated: 362 117 54 23 10 4 1 
354191|Child_Cross12|57: 437 148 58 23 10 4 1 
354201|Child_Cross12|17: 455 133 48 23 10 4 1 
354258|Child_Avg|59: 403 118 58 21 10 4 1 
354263|Child_CrossABC2|2: 404 118 57 21 10 4 1 
354266|Child_Avg|3: 382 117 49 21 10 4 1 
354334|Child_Cross12|9: 381 113 43 19 10 4 1 
354384|Child_Avg|11: 434 168 59 27 10 4 1 
354388|Survivor|1: 389 160 56 27 10 4 1 
354391|Child_Avg|7: 428 167 55 24 9 4 1 
354394|Child_Cross12|41: 407 158 52 24 9 4 1 
354396|Child_Avg|39: 395 163 52 24 9 4 1 
354398|Child_CrossABC2|2: 394 156 55 24 9 4 1 
354399|Child_Cross21|14: 439 167 52 24 9 4 1 
354401|Child_Avg|3: 407 158 54 23 10 4 1 
354431|Child_CrossABC1|7: 403 151 43 24 9 4 1 
354471|Survivor|1: 382 132 45 23 10 4 1 
354511|Child_Cross12|13: 479 128 53 27 10 4 1 
354517|Survivor|1: 389 139 45 19 10 4 1 
354523|Survivor|1: 497 141 57 23 10 4 1 
354532|Child_Avg|39: 437 127 45 23 10 4 1 
354557|Survivor|1: 441 121 45 23 10 4 1 
354563|Survivor|1: 346 143 64 24 11 5 1 
354583|Survivor|1|Mutated: 309 122 52 24 9 4 1 
354586|Child_Cross12|1: 400 114 47 23 10 4 1 
354674|Child_Cross21|10: 441 157 60 28 11 4 1 
354690|Survivor|1: 387 153 49 24 9 4 1 
354693|Child_CrossABC1|7: 379 142 58 24 9 4 1 
354706|Child_CrossABC2|8: 393 135 55 24 9 4 1 
354711|Child_Avg|15: 382 135 52 24 9 4 1 
354768|Survivor|1|Mutated: 390 134 54 25 9 4 1 
354832|Survivor|1|Mutated: 327 140 50 24 9 4 1 
354838|Child_CrossABC2|8: 375 144 49 24 9 4 1 
354865|Child_Cross12|53|Mutated: 463 142 58 24 9 4 1 
354888|Child_Cross12|13: 393 166 49 24 9 4 1 
354938|Child_Avg|31|Mutated: 391 141 59 24 9 4 1 
355071|Survivor|1: 319 126 49 24 9 4 1 
355126|Child_Cross21|10: 407 127 41 24 9 4 1 
355139|Survivor|1: 769 180 59 24 9 4 1 
355150|Survivor|1: 304 122 53 24 9 4 1 
355163|Child_Avg|3: 400 133 48 23 10 4 1 
355165|Child_Levy|32: 371 114 44 21 10 4 1 
355170|Child_Avg|19: 375 128 45 21 10 4 1 
355236|Child_Avg|39|Mutated: 424 121 56 21 10 4 1 
355244|Survivor|1: 474 155 54 25 10 4 1 
355250|Survivor|1: 457 127 56 24 11 5 1 
355255|Child_CrossABC1|7: 450 123 61 23 10 4 1 
355263|Child_LevyABC1|11|Mutated: 449 125 61 24 9 4 1 
355270|Survivor|1: 344 108 43 19 10 4 1 
355273|Survivor|1: 359 110 51 19 10 4 1 
355282|Child_CrossABC2|8: 382 131 51 19 10 4 1 
355292|Survivor|1: 359 134 44 19 10 4 1 
355387|Survivor|1: 461 131 43 24 9 4 1 
355389|Child_CrossABC2|8: 407 126 46 24 9 4 1 
355442|Child_CrossABC1|1: 404 130 60 19 10 4 1 
355446|Child_CrossABC2|2: 387 118 54 19 10 4 1 
355447|Child_Levy|12: 392 118 45 20 9 4 1 
355449|Child_Avg|27: 399 116 52 19 10 4 1 
355458|Survivor|1: 378 121 43 19 10 4 1 
355503|Child_Cross21|22: 393 114 50 24 9 4 1 
355516|Survivor|1: 394 126 43 19 10 4 1 
355564|Survivor|1: 465 121 43 20 9 4 1 
355604|Survivor|1: 461 130 53 25 10 4 1 
355615|Child_CrossABC1|7|Mutated: 431 134 58 24 9 4 1 
355624|Child_Cross21|6: 391 138 58 24 9 4 1 
355636|Child_Avg|35: 422 121 47 23 10 4 1 
355711|Child_CrossABC2|2: 414 150 47 23 10 4 1 
355761|Survivor|1: 394 116 61 24 9 4 1 
355765|Child_CrossABC2|8: 388 116 61 24 9 4 1 
355772|Child_Cross21|26: 416 161 49 24 9 4 1 
355774|Child_CrossABC2|2: 453 178 52 24 9 4 1 
355776|Child_Cross21|18: 404 137 49 24 9 4 1 
355782|Survivor|1: 398 149 44 24 9 4 1 
355785|Child_CrossABC2|8: 397 138 58 24 9 4 1 
355796|Child_CrossABC1|7: 407 121 46 24 9 4 1 
355798|Child_Cross21|2: 397 143 46 24 9 4 1 
355834|Child_CrossABC1|1: 451 151 61 24 9 4 1 
355843|Survivor|1|Mutated: 468 151 61 24 9 4 1 
355849|Child_CrossABC2|8: 416 145 60 23 10 4 1 
355853|Survivor|1: 391 128 57 23 10 4 1 
355921|Survivor|1: 417 145 46 24 9 4 1 
355939|Survivor|1: 318 133 42 19 10 4 1 
355956|Child_Cross21|42: 355 121 41 19 10 4 1 
356032|Child_Cross21|30|Mutated: 371 122 46 20 9 4 1 
356081|Survivor|1: 449 137 53 19 10 4 1 
356084|Survivor|1: 420 144 47 21 10 4 1 
356115|Survivor|1: 372 118 44 19 10 4 1 
356217|Child_CrossABC1|1: 293 118 45 21 10 4 1 
356221|Survivor|1: 291 115 45 21 10 4 1 
356240|Survivor|1: 444 129 52 24 9 4 1 
356245|Child_CrossABC2|2: 439 129 58 24 9 4 1 
356262|Child_Avg|51: 430 123 55 24 9 4 1 
356264|Child_Avg|59: 439 122 53 24 9 4 1 
356266|Child_CrossABC1|1: 426 122 53 24 9 4 1 
356308|Child_Cross12|29: 346 126 49 24 9 4 1 
356315|Survivor|1: 344 127 49 24 9 4 1 
356323|Child_Levy|52: 355 131 52 24 9 4 1 
356350|Child_Cross21|54: 467 132 46 24 9 4 1 
356353|Child_CrossABC2|2: 433 135 55 24 9 4 1 
356369|Child_CrossABC1|1: 338 122 53 24 9 4 1 
356382|Survivor|1: 406 163 58 24 9 4 1 
356393|Survivor|1: 374 141 50 24 9 4 1 
356413|Child_CrossABC1|1: 406 141 52 24 9 4 1 
356414|Child_CrossABC1|1: 418 135 58 24 9 4 1 
356417|Child_CrossABC1|1: 449 139 55 24 9 4 1 
356509|Survivor|1: 453 128 49 24 9 4 1 
356513|Child_CrossABC2|2: 374 144 47 24 9 4 1 
356542|Survivor|1: 372 121 46 24 9 4 1 
356591|Survivor|1: 315 124 46 24 9 4 1 
356596|Survivor|1: 376 158 45 21 10 4 1 
356607|Child_Cross21|26: 373 141 43 20 9 4 1 
356612|Child_Cross12|25: 383 144 43 20 9 4 1 
356637|Child_Cross21|54: 370 144 43 20 9 4 1 
356643|Child_Cross12|57: 372 141 43 20 9 4 1 
356646|Child_Avg|39|Mutated: 392 123 48 20 9 4 1 
356725|Child_Cross12|1|Mutated: 333 130 43 20 9 4 1 
356764|Child_Avg|27: 418 134 51 23 10 4 1 
356768|Child_CrossABC1|1: 406 134 57 23 10 4 1 
356780|Child_CrossABC2|2: 407 133 58 23 10 4 1 
356797|Child_CrossABC2|2: 392 121 44 23 10 4 1 
356799|Child_Cross12|41: 389 123 44 23 10 4 1 
356810|Child_CrossABC2|2: 381 116 45 23 10 4 1 
356815|Child_CrossABC1|7: 404 118 45 23 10 4 1 
356816|Child_Cross12|57|Mutated: 401 117 49 21 10 4 1 
356910|Survivor|1: 444 158 56 21 10 4 1 
356913|Child_Cross21|42: 374 163 56 21 10 4 1 
356916|Child_Avg|11: 392 134 57 23 10 4 1 
356922|Child_CrossABC2|8: 445 134 51 23 10 4 1 
356924|Survivor|1: 491 145 57 23 10 4 1 
356928|Child_Cross21|46: 431 135 57 23 10 4 1 
356932|Child_Avg|23: 424 132 54 23 10 4 1 
356934|Child_CrossABC2|8: 402 131 57 23 10 4 1 
356937|Survivor|1: 418 131 57 23 10 4 1 
356938|Child_CrossABC2|8: 417 134 58 23 10 4 1 
356939|Child_Avg|55: 417 132 57 23 10 4 1 
356966|Child_CrossABC1|7: 407 127 47 23 10 4 1 
357009|Child_CrossABC1|1: 642 182 70 23 10 4 1 
357030|Child_LevyABC2|6: 390 129 53 24 9 4 1 
357034|Survivor|1|Mutated: 390 148 53 24 9 4 1 
357036|Child_CrossABC1|7: 396 153 52 24 9 4 1 
357043|Child_CrossABC2|8: 396 147 55 24 9 4 1 
357067|Child_CrossABC1|1: 365 137 62 24 9 4 1 
357159|Child_Avg|23: 398 158 58 23 10 4 1 
357165|Child_CrossABC1|1: 402 165 57 23 10 4 1 
357188|Child_CrossABC2|8: 381 134 58 24 9 4 1 
357194|Child_Cross21|34: 385 151 45 21 10 4 1 
357211|Survivor|1: 374 117 50 21 10 4 1 
357222|Survivor|1: 301 115 49 21 10 4 1 
357260|Child_Avg|59: 394 118 47 25 9 4 1 
357270|Survivor|1: 389 118 47 25 9 4 1 
357343|Child_Avg|55: 417 137 62 24 9 4 1 
357345|Child_CrossABC1|1: 412 149 58 24 9 4 1 
357349|Child_Avg|15: 380 141 52 24 9 4 1 
357372|Child_CrossABC2|2: 422 157 50 24 9 4 1 
357375|Survivor|1: 420 158 49 24 9 4 1 
357431|Child_Cross21|14: 388 113 43 20 9 4 1 
357460|Child_Levy|12: 661 173 70 29 9 4 1 
357497|Survivor|1: 308 125 43 20 9 4 1 
357520|Child_Cross12|57: 311 128 43 20 9 4 1 
357536|Child_Cross21|18: 325 122 43 20 9 4 1 
357695|Child_LevyP1|9: 400 133 46 24 9 4 1 
357696|Child_CrossABC2|2: 561 136 55 24 9 4 1 
357699|Survivor|1: 476 136 49 24 9 4 1 
357710|Survivor|1: 360 113 48 20 9 4 1 
357713|Child_CrossABC2|2: 410 125 48 21 10 4 1 
357743|Child_Avg|11: 431 164 49 24 9 4 1 
357761|Child_Cross12|1: 440 133 43 20 9 4 1 
357767|Survivor|1: 427 127 53 24 11 5 1 
357769|Child_CrossABC2|8: 399 126 53 24 11 5 1 
357773|Child_Avg|31: 399 125 47 23 10 4 1 
357829|Survivor|1|Mutated: 463 135 61 20 9 4 1 
357836|Child_Cross12|41: 393 122 50 19 10 4 1 
357890|Child_Avg|23|Mutated: 416 143 50 24 9 4 1 
357947|Child_Avg|51: 378 137 62 24 9 4 1 
357962|Survivor|1: 383 161 47 23 10 4 1 
357983|Child_Avg|7: 428 163 59 21 10 4 1 
358006|Survivor|1: 397 140 45 21 10 4 1 
358048|Child_Cross21|54: 417 131 48 20 9 4 1 
358072|Survivor|1: 394 113 39 21 10 4 1 
358153|Child_LevyP1|9|Mutated: 404 124 50 23 10 4 1 
358155|Survivor|1: 446 154 53 27 10 4 1 
358219|Survivor|1: 662 171 69 27 10 4 1 
358222|Survivor|1: 417 134 49 24 9 4 1 
358304|Survivor|1: 600 149 62 24 9 4 1 
358318|Child_Avg|23: 417 173 52 24 9 4 1 
358324|Child_Avg|11: 413 149 47 24 9 4 1 
358328|Survivor|1: 447 142 49 24 9 4 1 
358335|Child_CrossABC1|7|Mutated: 415 163 53 24 9 4 1 
358338|Child_Avg|7: 418 129 53 24 9 4 1 
358435|Survivor|1: 972 387 107 43 24 9 4 1 
358442|Survivor|1: 399 112 59 20 9 4 1 
358465|Survivor|1: 492 177 73 29 10 4 1 
358493|Child_Cross21|58: 450 133 47 23 10 4 1 
358496|Child_Avg|35: 424 128 45 23 10 4 1 
358576|Child_Cross21|18: 416 119 42 19 10 4 1 
358619|Child_Avg|19: 365 152 51 23 10 4 1 
358625|Child_Cross21|58: 357 126 47 23 10 4 1 
358635|Survivor|1: 400 120 44 23 10 4 1 
358682|Child_Levy|44: 448 145 56 25 9 4 1 
358686|Child_CrossABC2|8: 441 144 56 25 9 4 1 
358689|Child_Avg|19: 421 138 52 24 9 4 1 
358691|Child_CrossABC1|1: 439 149 59 24 9 4 1 
358693|Child_CrossABC2|8: 443 142 58 24 9 4 1 
358698|Survivor|1|Mutated: 464 142 58 24 9 4 1 
358700|Child_Cross21|50: 405 138 58 24 9 4 1 
358709|Child_LevyABC1|5: 419 136 55 24 9 4 1 
358800|Child_CrossABC2|2: 405 129 61 24 9 4 1 
358820|Child_CrossABC1|1: 410 136 53 24 9 4 1 
358823|Child_CrossABC1|1: 443 138 50 24 9 4 1 
358825|Child_Cross21|58: 383 125 52 24 9 4 1 
358867|Child_Avg|15: 409 145 46 24 9 4 1 
358911|Child_Levy|60: 382 134 49 21 10 4 1 
358957|Child_Cross12|33: 407 130 41 19 10 4 1 
358986|Child_Avg|7|Mutated: 474 138 55 24 9 4 1 
358987|Child_CrossABC2|2: 462 143 58 24 9 4 1 
358995|Child_Avg|35: 439 133 52 24 9 4 1 
359088|Child_Cross21|22: 397 125 56 24 9 4 1 
359106|Child_CrossABC1|7: 419 124 58 24 9 4 1 
359118|Child_Cross12|53: 400 126 53 24 9 4 1 
359124|Child_Cross12|45: 416 113 53 19 10 4 1 
359134|Survivor|1: 388 111 49 24 9 4 1 
359157|Survivor|1|Mutated: 582 210 67 23 10 4 1 
359165|Child_Avg|55|Mutated: 597 161 58 24 9 4 1 
359173|Survivor|1: 351 113 46 24 9 4 1 
359236|Child_Avg|19: 357 107 43 20 9 4 1 
359302|Child_CrossABC2|2: 360 129 44 23 10 4 1 
359354|Survivor|1: 297 124 46 24 9 4 1 
359495|Survivor|1: 369 148 66 24 11 5 1 
359553|Survivor|1: 453 132 56 25 9 4 1 
359557|Child_CrossABC1|1: 370 116 49 24 9 4 1 
359558|Child_Avg|27: 429 121 51 23 10 4 1 
359682|Child_Levy|20: 412 108 47 21 10 4 1 
359765|Survivor|1: 389 126 43 24 9 4 1 
359772|Child_Avg|11: 414 144 59 20 9 4 1 
359773|Child_LevyP1|9|Mutated: 397 157 58 23 10 4 1 
359777|Child_Levy|8: 429 129 51 19 10 4 1 
359807|Survivor|1: 608 180 57 23 10 4 1 
359824|Child_Avg|47: 421 133 46 20 9 4 1 
359879|Child_Cross21|58: 423 146 53 24 9 4 1 
359896|Child_Cross21|46: 317 118 49 24 9 4 1 
359927|Child_CrossABC1|1|Mutated: 424 121 47 24 9 4 1 
360040|Survivor|1: 439 124 49 21 10 4 1 
360081|Child_Cross12|49: 392 120 42 19 10 4 1 
360149|Survivor|1: 374 121 61 23 10 4 1 
360151|Child_CrossABC2|2: 420 128 53 19 10 4 1 
360174|Child_Levy|20: 404 140 64 23 10 4 1 
360186|Child_CrossABC2|8: 403 141 57 23 10 4 1 
360187|Child_CrossABC1|1: 400 132 57 23 10 4 1 
360188|Child_CrossABC1|7: 406 145 57 23 10 4 1 
360189|Child_CrossABC2|8: 401 142 57 23 10 4 1 
360244|Survivor|1: 395 132 64 23 10 4 1 
360292|Child_Avg|51: 359 129 47 24 9 4 1 
360380|Child_Avg|23: 351 121 44 19 10 4 1 
360402|Survivor|1: 370 125 48 21 10 4 1 
360411|Survivor|1: 372 125 48 21 10 4 1 
360427|Survivor|1: 350 115 48 21 10 4 1 
360432|Child_Cross12|41: 414 122 46 21 10 4 1 
360441|Child_CrossABC1|7: 419 119 45 21 10 4 1 
360531|Child_CrossABC1|7: 443 119 49 24 9 4 1 
360578|Survivor|1: 391 106 41 19 10 4 1 
360602|Child_Avg|51|Mutated: 361 140 54 23 10 4 1 
360607|Child_CrossABC2|2: 326 117 52 24 9 4 1 
360611|Child_CrossABC1|1: 327 135 52 24 9 4 1 
360659|Survivor|1: 319 126 44 24 9 4 1 
360662|Survivor|1: 329 126 44 24 9 4 1 
360669|Child_Cross21|18: 411 164 50 24 9 4 1 
360670|Child_CrossABC1|1: 439 169 55 24 9 4 1 
360702|Child_Cross12|17: 615 167 58 24 9 4 1 
360705|Child_CrossABC2|2: 615 161 58 24 9 4 1 
360706|Child_CrossABC2|8: 615 187 58 24 9 4 1 
360707|Child_CrossABC1|1: 589 165 58 24 9 4 1 
360709|Child_Cross21|6: 536 160 55 24 9 4 1 
360710|Child_CrossABC1|7: 453 139 52 24 9 4 1 
360712|Child_Avg|51: 507 151 53 24 9 4 1 
360728|Child_Cross12|29: 420 131 49 24 9 4 1 
360803|Child_Cross12|5: 415 113 46 24 9 4 1 
360805|Child_Cross12|9: 404 121 44 24 9 4 1 
360894|Child_Cross12|53: 395 127 45 20 9 4 1 
360904|Survivor|1|Mutated: 416 124 43 20 9 4 1 
360946|Survivor|1: 384 162 63 23 14 4 1 
360957|Child_Levy|32: 587 170 64 28 13 4 1 
361121|Survivor|1: 401 112 43 24 9 4 1 
361203|Survivor|1: 395 124 45 21 10 4 1 
361229|Child_CrossABC2|8: 391 120 49 21 10 4 1 
361231|Child_CrossABC2|8: 402 120 56 21 10 4 1 
361233|Child_CrossABC1|1: 413 120 49 21 10 4 1 
361235|Child_CrossABC2|8: 428 120 49 21 10 4 1 
361290|Child_Levy|12: 382 136 50 21 10 4 1 
361295|Survivor|1|Mutated: 382 136 49 21 10 4 1 
361302|Child_CrossABC2|2|Mutated: 399 138 56 21 10 4 1 
361308|Child_CrossABC1|7: 385 136 49 21 10 4 1 
361313|Child_CrossABC1|1|Mutated: 349 145 56 21 10 4 1 
361320|Child_Avg|39: 386 136 48 21 10 4 1 
361322|Child_Avg|47: 385 136 46 20 9 4 1 
361434|Child_Cross12|29: 441 129 64 23 10 4 1 
361438|Survivor|1: 475 133 55 24 9 4 1 
361667|Child_CrossABC1|1|Mutated: 388 118 52 27 10 4 1 
361730|Child_Avg|31: 403 128 54 28 11 4 1 
361768|Child_Avg|51: 561 146 66 21 10 4 1 
361772|Child_Cross12|53: 543 148 59 21 10 4 1 
361777|Child_CrossABC1|1: 491 134 59 21 10 4 1 
361821|Child_Cross21|34: 475 158 59 24 9 4 1 
361828|Child_Cross21|34: 485 139 55 24 9 4 1 
361829|Child_Cross21|14: 407 143 52 24 9 4 1 
361831|Child_Avg|47: 433 143 53 24 9 4 1 
361848|Child_Cross21|34|Mutated: 400 140 55 24 9 4 1 
361855|Child_Cross12|21: 519 153 56 27 10 4 1 
361859|Child_Levy|56: 508 159 58 24 9 4 1 
361860|Child_CrossABC1|7: 499 153 59 21 10 4 1 
361866|Child_CrossABC1|7: 474 170 66 21 10 4 1 
361921|Child_Cross12|33: 378 109 41 19 10 4 1 
361966|Survivor|1: 312 138 50 23 10 4 1 
361968|Survivor|1: 364 122 57 23 10 4 1 
361981|Survivor|1: 355 108 57 23 10 4 1 
362017|Survivor|1: 355 112 47 23 10 4 1 
362033|Child_Avg|43: 575 169 59 24 9 4 1 
362041|Child_CrossABC2|8: 605 167 59 24 9 4 1 
362042|Child_CrossABC1|7: 595 159 58 24 9 4 1 
362043|Child_CrossABC1|7: 588 167 59 24 9 4 1 
362050|Child_Avg|15: 507 157 55 24 9 4 1 
362052|Child_Avg|55: 467 152 53 24 9 4 1 
362056|Child_Cross12|13: 462 149 52 24 9 4 1 
362059|Child_CrossABC1|1: 459 150 52 24 9 4 1 
362070|Child_CrossABC1|1: 453 141 49 24 9 4 1 
362071|Child_Cross12|25: 481 133 49 24 9 4 1 
362073|Child_Avg|55: 458 141 46 24 9 4 1 
362076|Child_CrossABC2|2: 468 147 55 24 9 4 1 
362091|Child_Avg|55: 460 129 58 24 9 4 1 
362096|Child_Avg|31: 446 129 50 24 9 4 1 
362105|Child_CrossABC2|8: 444 130 55 24 9 4 1 
362106|Child_CrossABC1|7: 438 132 61 24 9 4 1 
362111|Child_Avg|35: 460 137 55 24 9 4 1 
362126|Child_Cross12|53: 389 122 48 20 9 4 1 
362213|Survivor|1: 476 143 55 24 9 4 1 
362219|Survivor|1: 405 115 44 24 9 4 1 
362226|Child_Avg|55: 410 121 44 24 9 4 1 
362240|Survivor|1: 417 124 59 24 9 4 1 
362250|Survivor|1: 395 119 52 24 9 4 1 
362265|Child_Avg|55: 432 155 53 24 11 4 1 
362277|Survivor|1|Mutated: 397 124 58 24 9 4 1 
362287|Child_Levy|8: 373 139 59 24 9 4 1 
362288|Child_CrossABC2|8: 373 147 56 24 9 4 1 
362290|Child_Levy|40: 385 137 52 24 9 4 1 
362313|Child_CrossABC2|8|Mutated: 364 156 49 24 9 4 1 
362332|Child_Avg|11: 431 126 55 24 9 4 1 
362339|Survivor|1: 381 116 43 24 9 4 1 
362476|Survivor|1: 405 113 48 20 9 4 1 
362484|Survivor|1: 417 110 52 24 9 4 1 
362495|Child_Cross21|10: 402 113 47 21 10 4 1 
362502|Child_Cross12|41: 398 112 47 21 10 4 1 
362507|Child_CrossABC2|8: 353 107 50 21 10 4 1 
362555|Child_Cross21|50: 550 161 59 21 10 4 1 
362610|Survivor|1: 345 119 49 24 9 4 1 
362652|Child_CrossABC2|2: 381 116 50 24 9 4 1 
362654|Survivor|1: 366 134 47 24 9 4 1 
362660|Survivor|1|Mutated: 393 129 49 24 9 4 1 
362669|Child_CrossABC1|7: 408 143 55 24 9 4 1 
362713|Survivor|1: 289 121 52 24 9 4 1 
362721|Child_CrossABC1|7: 327 121 52 24 9 4 1 
362729|Survivor|1: 427 126 44 24 9 4 1 
362766|Survivor|1: 650 209 71 29 10 4 1 
362774|Survivor|1: 367 130 49 21 10 4 1 
362777|Survivor|1: 357 128 49 21 10 4 1 
362784|Child_Cross12|41: 370 112 45 21 10 4 1 
362801|Survivor|1: 393 118 54 24 11 4 1 
362833|Survivor|1: 397 157 51 19 10 4 1 
362835|Survivor|1: 397 157 51 24 11 5 1 
362849|Child_CrossABC2|2: 391 128 47 21 10 4 1 
362913|Child_Levy|16: 425 124 55 19 10 4 1 
362920|Survivor|1: 374 113 50 19 10 4 1 
362934|Child_CrossABC2|8: 414 121 41 19 10 4 1 
362935|Random|5: 469 163 64 24 9 4 1 
362939|Child_Cross21|10: 413 121 41 19 10 4 1 
362957|Survivor|1: 411 124 45 19 10 4 1 
362977|Child_Cross21|50: 417 127 43 20 9 4 1 
363047|Child_Levy|12: 491 192 65 27 10 4 1 
363068|Child_CrossABC1|1: 453 141 55 23 10 4 1 
363070|Child_Cross21|6: 455 150 55 24 9 4 1 
363071|Child_Avg|27: 450 138 53 24 9 4 1 
363073|Child_CrossABC1|7: 449 138 53 24 9 4 1 
363084|Survivor|1: 439 132 50 24 9 4 1 
363150|Child_Cross21|54: 398 127 47 23 10 4 1 
363284|Child_Avg|43: 603 175 61 29 9 4 1 
363294|Survivor|1: 631 178 61 29 9 4 1 
363308|Survivor|1: 479 166 61 29 9 4 1 
363326|Child_CrossABC1|7: 404 109 44 24 9 4 1 
363332|Survivor|1: 425 161 53 24 9 4 1 
363384|Survivor|1: 406 122 47 24 9 4 1 
363419|Survivor|1: 463 138 48 23 10 4 1 
363492|Child_Avg|51|Mutated: 450 154 62 29 10 4 1 
363590|Survivor|1: 423 126 48 23 10 4 1 
363652|Child_CrossABC1|1: 348 120 47 25 9 4 1 
363657|Child_CrossABC1|1: 418 120 47 25 9 4 1 
363807|Child_CrossABC1|7: 391 125 42 19 10 4 1 
363841|Survivor|1: 424 148 49 21 10 4 1 
363845|Child_Cross21|2: 404 135 47 23 10 4 1 
363851|Child_Levy|32|Mutated: 415 113 51 23 10 4 1 
363889|Child_Avg|39: 393 129 51 23 10 4 1 
363950|Child_Levy|12: 392 144 56 25 9 4 1 
363952|Survivor|1: 352 111 49 24 9 4 1 
363994|Survivor|1: 410 144 55 24 11 5 1 
363997|Child_Cross21|14: 376 111 51 23 10 4 1 
364049|Child_LevyP1|9: 395 131 46 20 9 4 1 
364115|Survivor|1: 408 123 51 25 9 4 1 
364164|Child_Levy|20: 518 184 64 29 10 4 1 
364169|Survivor|1: 343 124 43 20 9 4 1 
364224|Survivor|1: 461 170 51 23 10 4 1 
364227|Child_Cross21|2: 455 157 51 23 10 4 1 
364231|Child_CrossABC1|7|Mutated: 423 159 61 23 10 4 1 
364236|Child_CrossABC1|7: 421 157 57 23 10 4 1 
364243|Child_Cross12|33: 443 167 51 23 10 4 1 
364244|Child_Avg|35: 314 132 47 23 10 4 1 
364245|Child_Avg|43|Mutated: 348 145 54 23 10 4 1 
364248|Child_Avg|23: 316 142 57 23 10 4 1 
364254|Survivor|1: 412 148 47 23 10 4 1 
364255|Child_Avg|15: 363 145 60 23 10 4 1 
364272|Survivor|1: 434 161 44 23 10 4 1 
364309|Survivor|1: 448 142 49 24 9 4 1 
364335|Child_Cross21|2: 402 130 43 24 9 4 1 
364403|Survivor|1: 340 121 46 24 9 4 1 
364467|Survivor|1: 453 147 46 24 9 4 1 
364469|Child_CrossABC1|7|Mutated: 420 147 46 24 9 4 1 
364480|Survivor|1|Mutated: 401 137 54 23 10 4 1 
364485|Survivor|1: 326 137 58 23 10 4 1 
364490|Survivor|1: 393 120 45 23 10 4 1 
364495|Survivor|1: 599 151 56 21 10 4 1 
364506|Child_CrossABC2|2: 470 131 48 20 9 4 1 
364513|Survivor|1: 470 131 48 21 10 4 1 
364565|Survivor|1: 351 136 50 24 9 4 1 
364595|Survivor|1: 407 139 49 21 10 4 1 
364597|Child_Cross12|33: 402 135 49 21 10 4 1 
364606|Child_CrossABC2|8: 395 135 49 21 10 4 1 
364635|Child_Cross21|54: 378 149 47 23 10 4 1 
364645|Child_Avg|43: 409 142 58 24 9 4 1 
364656|Survivor|1: 367 142 58 23 10 4 1 
364660|Child_Avg|23: 410 145 54 23 10 4 1 
364661|Child_Avg|3: 415 147 51 23 10 4 1 
364662|Child_Cross12|13: 453 149 51 23 10 4 1 
364665|Child_CrossABC1|7: 385 153 54 23 10 4 1 
364685|Child_Cross12|17: 405 137 44 23 10 4 1 
364698|Child_CrossABC1|7: 416 129 55 23 10 4 1 
364726|Survivor|1: 578 153 52 24 9 4 1 
364730|Child_CrossABC2|2: 576 151 53 24 9 4 1 
364732|Child_Cross21|2: 521 150 52 24 9 4 1 
364796|Child_Avg|51: 421 136 47 23 10 4 1 
364813|Child_CrossABC2|2: 422 145 55 24 9 4 1 
364823|Child_Cross21|30: 446 131 47 24 9 4 1 
364829|Survivor|1|Mutated: 445 129 45 23 10 4 1 
364834|Survivor|1: 466 131 45 23 10 4 1 
364889|Survivor|1: 583 168 57 23 10 4 1 
364898|Child_Cross21|6: 412 137 43 24 9 4 1 
364900|Child_LevyABC1|5: 383 129 48 20 9 4 1 
364909|Child_CrossABC2|8: 375 142 46 20 9 4 1 
364934|Survivor|1: 362 133 46 20 9 4 1 
364991|Child_CrossABC2|8: 397 120 47 25 10 4 1 
365051|Child_CrossABC1|1: 401 107 43 20 9 4 1 
365058|Child_CrossABC1|7: 363 108 46 20 9 4 1 
365060|Child_CrossABC2|2: 361 109 45 20 9 4 1 
365068|Child_Avg|43: 392 121 59 21 10 4 1 
365094|Child_Cross21|10: 385 152 45 21 10 4 1 
365097|Child_CrossABC1|1: 411 149 45 21 10 4 1 
365098|Child_CrossABC1|7: 369 148 45 21 10 4 1 
365109|Survivor|1: 349 136 45 21 10 4 1 
365112|Child_Avg|39: 386 149 45 21 10 4 1 
365115|Child_Cross12|25|Mutated: 387 152 49 21 10 4 1 
365145|Survivor|1|Mutated: 970 463 166 50 24 9 4 1 
365186|Child_Cross12|29: 371 113 44 24 9 4 1 
365194|Survivor|1: 345 141 49 24 9 4 1 
365202|Survivor|1: 373 137 47 24 9 4 1 
365204|Child_CrossABC2|8: 372 135 49 24 9 4 1 
365216|Child_Cross21|50: 346 132 43 24 9 4 1 
365247|Child_CrossABC2|8: 337 131 46 20 9 4 1 
365248|Child_Levy|12: 353 139 51 19 10 4 1 
365265|Child_CrossABC1|1: 393 124 45 19 10 4 1 
365272|Child_Cross12|25: 366 131 43 19 10 4 1 
365277|Child_Cross21|22: 397 121 43 19 10 4 1 
365296|Child_CrossABC1|1: 388 121 43 19 10 4 1 
365328|Child_Cross21|42: 406 131 43 19 10 4 1 
365339|Child_CrossABC1|1: 401 126 51 19 10 4 1 
365394|Survivor|1: 350 131 53 19 10 4 1 
365398|Child_CrossABC2|8: 372 123 51 19 10 4 1 
365399|Child_CrossABC1|7: 374 137 53 19 10 4 1 
365459|Child_Cross12|29: 408 132 45 23 10 4 1 
365465|Survivor|1: 391 121 44 23 10 4 1 
365527|Child_Cross21|46: 377 144 53 27 10 4 1 
365540|Survivor|1: 341 157 55 24 9 4 1 
365542|Survivor|1: 355 140 50 24 9 4 1 
365577|Survivor|1: 306 127 43 24 9 4 1 
365612|Survivor|1: 461 123 52 24 9 4 1 
365626|Child_Avg|43: 400 125 52 24 9 4 1 
365628|Child_Cross21|34: 368 125 52 24 9 4 1 
365630|Child_CrossABC1|1: 416 123 59 24 9 4 1 
365682|Child_Cross21|38: 419 122 46 21 10 4 1 
365735|Child_CrossABC2|2: 392 124 45 19 10 4 1 
365738|Child_Avg|31: 373 115 44 19 10 4 1 
365742|Survivor|1: 394 107 43 19 10 4 1 
365879|Child_Cross21|30: 391 111 43 20 9 4 1 
365933|Child_Cross12|49: 390 117 43 19 10 4 1 
365936|Survivor|1: 400 154 69 27 10 4 1 
365944|Child_CrossABC2|8: 389 160 55 27 10 4 1 
366048|Child_Avg|59: 417 148 56 25 9 4 1 
366118|Child_Avg|27: 422 163 56 25 9 4 1 
366216|Survivor|1: 468 125 44 24 9 4 1 
366318|Child_LevyP2|10: 494 197 62 29 10 4 1 
366321|Survivor|1: 484 187 61 29 10 4 1 
366344|Child_Cross12|5: 460 125 52 24 9 4 1 
366352|Child_Cross12|17: 441 132 51 23 10 4 1 
366373|Child_CrossABC1|1: 415 125 49 24 9 4 1 
366375|Child_CrossABC2|8: 408 131 49 21 10 4 1 
366433|Child_LevyP2|10|Mutated: 417 123 51 19 10 4 1 
366470|Child_Avg|47: 430 132 47 23 10 4 1 
366480|Child_Avg|47: 429 126 46 24 9 4 1 
366484|Child_Avg|55: 574 190 72 29 10 4 1 
366493|Survivor|1|Mutated: 461 167 57 23 10 4 1 
366520|Child_Cross12|57: 396 150 47 24 9 4 1 
366533|Child_Levy|8|Mutated: 443 122 46 21 10 4 1 
366587|Child_CrossABC1|1: 360 151 49 24 9 4 1 
366709|Child_Cross21|54: 420 110 51 19 10 4 1 
366716|Child_CrossABC1|1: 364 115 50 21 10 4 1 
366724|Survivor|1: 368 115 49 21 10 4 1 
366731|Child_CrossABC1|7: 403 142 46 20 9 4 1 
366782|Child_CrossABC2|8: 415 132 55 24 9 4 1 
366800|Child_Cross21|38: 402 119 46 24 9 4 1 
366868|Survivor|1: 483 142 53 24 9 4 1 
366870|Survivor|1: 436 158 47 24 9 4 1 
366871|Child_CrossABC2|8: 600 155 50 24 9 4 1 
366873|Child_Cross12|25: 360 165 46 24 9 4 1 
366875|Survivor|1: 393 154 52 24 9 4 1 
366944|Survivor|1: 373 108 43 19 10 4 1 
366956|Child_Avg|7: 418 127 54 23 10 4 1 
366963|Survivor|1: 402 126 48 23 10 4 1 
367050|Child_Avg|31: 474 129 52 24 9 4 1 
367058|Child_Cross12|57: 468 133 46 24 9 4 1 
367062|Child_LevyP1|3|Mutated: 408 137 54 23 10 4 1 
367124|Child_CrossABC1|1: 424 164 67 23 10 4 1 
367145|Survivor|1|Mutated: 386 163 64 23 10 4 1 
367147|Child_Levy|52: 377 151 61 24 9 4 1 
367150|Child_Cross21|10: 393 148 58 24 9 4 1 
367166|Survivor|1: 370 134 49 24 9 4 1 
367171|Child_CrossABC1|1: 374 139 49 24 9 4 1 
367182|Child_Cross12|1: 388 135 46 24 9 4 1 
367196|Child_CrossABC2|8: 375 126 47 23 10 4 1 
367200|Survivor|1: 369 111 47 23 10 4 1 
367234|Child_CrossABC1|1: 395 119 53 24 9 4 1 
367237|Child_CrossABC2|8: 389 117 53 24 9 4 1 
367247|Child_Avg|11: 389 114 50 24 9 4 1 
367291|Survivor|1: 391 113 39 20 9 4 1 
367356|Survivor|1: 399 129 56 24 9 4 1 
367402|Child_CrossABC2|2: 399 142 52 24 9 4 1 
367412|Child_Cross12|41: 465 143 49 24 9 4 1 
367454|Survivor|1: 552 149 55 24 9 4 1 
367478|Survivor|1: 394 155 46 24 9 4 1 
367481|Child_Cross12|25: 408 143 44 24 9 4 1 
367495|Child_CrossABC2|2|Mutated: 397 151 43 24 9 4 1 
367625|Survivor|1: 367 113 43 19 10 4 1 
367662|Child_Avg|59: 460 161 59 30 11 5 1 
367676|Child_Cross21|22: 392 135 48 23 10 4 1 
367740|Survivor|1: 452 145 45 23 10 4 1 
367752|Child_CrossABC2|2: 398 137 47 23 10 4 1 
367804|Survivor|1: 447 139 56 25 9 4 1 
367807|Child_CrossABC1|1: 444 137 55 24 9 4 1 
367829|Survivor|1: 428 130 45 23 10 4 1 
367852|Child_CrossABC1|1: 425 138 56 24 9 4 1 
367854|Child_CrossABC2|8: 424 139 58 24 9 4 1 
367856|Child_Cross21|18|Mutated: 424 117 52 24 9 4 1 
367857|Child_CrossABC1|1: 424 159 62 24 9 4 1 
367866|Survivor|1: 393 128 47 24 9 4 1 
367910|Child_Avg|39|Mutated: 390 105 50 24 9 4 1 
368022|Child_CrossABC2|8: 342 131 50 24 9 4 1 
368043|Child_CrossABC1|7: 416 128 47 23 10 4 1 
368135|Survivor|1: 450 185 49 24 9 4 1 
368142|Survivor|1: 444 172 47 23 10 4 1 
368151|Survivor|1: 381 154 52 24 9 4 1 
368306|Survivor|1: 378 104 44 23 10 4 1 
368311|Child_Avg|3: 404 158 60 21 10 4 1 
368315|Child_CrossABC1|1: 387 140 58 21 10 4 1 
368323|Survivor|1: 387 140 57 21 10 4 1 
368349|Child_Cross21|34: 406 150 43 24 9 4 1 
368350|Child_CrossABC1|7: 371 133 47 24 9 4 1 
368362|Survivor|1: 409 138 49 24 9 4 1 
368366|Child_CrossABC2|8: 431 132 53 24 9 4 1 
368369|Child_CrossABC1|7: 431 114 53 24 9 4 1 
368380|Child_CrossABC2|2: 415 122 64 24 9 4 1 
368430|Survivor|1: 387 126 43 24 9 4 1 
368434|Child_CrossABC1|1: 394 115 59 24 9 4 1 
368482|Survivor|1: 353 113 46 24 9 4 1 
368524|Child_Cross12|9: 405 122 55 20 9 4 1 
368547|Child_Avg|59: 408 129 47 25 8 3 1 
368561|Survivor|1: 398 133 46 24 9 4 1 
368620|Survivor|1: 405 141 56 24 9 4 1 
368622|Child_CrossABC2|8: 382 175 67 24 9 4 1 
368624|Child_Levy|4: 383 143 53 24 9 4 1 
368632|Child_Levy|24: 367 138 55 24 9 4 1 
368643|Survivor|1: 403 133 53 24 9 4 1 
368693|Survivor|1: 396 141 58 21 10 4 1 
368696|Child_CrossABC1|1: 408 142 57 21 10 4 1 
368697|Child_CrossABC1|1: 402 142 57 21 10 4 1 
368698|Child_CrossABC1|1: 407 142 57 21 10 4 1 
368702|Child_Cross12|5: 414 136 56 21 10 4 1 
368709|Child_Avg|31: 393 137 45 21 10 4 1 
368712|Child_Avg|31: 410 141 43 20 9 4 1 
368760|Child_CrossABC1|1: 412 140 49 24 9 4 1 
368773|Child_CrossABC2|2: 397 150 47 23 10 4 1 
368821|Survivor|1: 300 129 55 24 9 4 1 
368833|Child_Avg|43: 448 137 55 24 9 4 1 
368836|Child_Cross21|6: 457 129 50 24 9 4 1 
368840|Child_CrossABC2|2: 433 146 52 24 9 4 1 
368948|Child_Cross12|41: 469 134 47 21 10 4 1 
368950|Survivor|1: 472 131 48 21 10 4 1 
368969|Survivor|1: 489 165 65 24 9 4 1 
368986|Child_LevyABC2|6: 373 136 55 24 9 4 1 
368989|Child_Avg|19: 383 136 55 24 9 4 1 
368996|Child_Cross21|22: 388 133 52 24 9 4 1 
368998|Child_CrossABC1|7: 408 129 56 24 9 4 1 
369003|Survivor|1: 401 138 49 24 9 4 1 
369022|Child_Levy|44|Mutated: 386 139 55 23 10 4 1 
369030|Child_CrossABC1|1: 376 141 56 24 9 4 1 
369031|Child_CrossABC1|7: 377 139 55 24 9 4 1 
369033|Survivor|1: 375 143 55 24 9 4 1 
369086|Survivor|1: 351 127 46 21 10 4 1 
369089|Survivor|1: 354 127 46 21 10 4 1 
369126|Survivor|1: 489 188 70 21 10 4 1 
369128|Child_Avg|31: 480 154 55 21 10 4 1 
369148|Child_CrossABC1|1: 381 162 52 24 9 4 1 
369151|Child_Cross12|25: 417 148 46 24 9 4 1 
369167|Child_Avg|35: 414 145 57 23 10 4 1 
369181|Child_Avg|47: 387 142 54 24 11 4 1 
369183|Child_Avg|3: 388 127 52 24 9 4 1 
369202|Child_CrossABC2|8: 356 112 43 24 9 4 1 
369216|Survivor|1: 416 134 56 25 9 4 1 
369231|Child_CrossABC2|2: 412 148 56 25 9 4 1 
369273|Survivor|1: 456 192 56 27 10 4 1 
369277|Survivor|1: 396 178 55 24 9 4 1 
369282|Child_CrossABC1|7: 430 157 52 24 9 4 1 
369351|Child_Avg|3: 447 160 47 23 10 4 1 
369454|Child_CrossABC1|1: 435 157 55 24 9 4 1 
369464|Child_CrossABC2|8: 375 140 55 24 9 4 1 
369512|Survivor|1: 614 172 59 30 11 5 1 
369528|Survivor|1: 381 146 54 28 11 4 1 
369544|Child_CrossABC2|2: 447 145 45 21 10 4 1 
369552|Survivor|1: 364 109 44 19 10 4 1 
369564|Survivor|1|Mutated: 392 121 57 20 9 4 1 
369586|Survivor|1: 385 111 41 19 10 4 1 
369590|Survivor|1: 385 115 41 19 10 4 1 
369597|Child_CrossABC1|1: 386 105 41 19 10 4 1 
369619|Child_Avg|3: 379 128 47 23 10 4 1 
369624|Survivor|1: 400 126 48 23 10 4 1 
369642|Survivor|1: 410 119 41 23 10 4 1 
369712|Child_Levy|52: 457 148 67 23 10 4 1 
369726|Child_CrossABC1|7: 418 112 47 23 10 4 1 
369741|Child_CrossABC2|8: 395 112 47 23 10 4 1 
369839|Survivor|1: 412 171 53 27 10 4 1 
369842|Child_Levy|52: 393 153 47 24 9 4 1 
369846|Child_Cross21|2|Mutated: 331 134 52 24 9 4 1 
369859|Child_CrossABC1|7: 411 125 61 24 9 4 1 
369894|Survivor|1: 311 129 49 24 9 4 1 
369899|Child_CrossABC2|8: 301 119 50 24 9 4 1 
369903|Survivor|1: 372 119 50 24 9 4 1 
369917|Survivor|1: 342 136 49 24 9 4 1 
369926|Child_CrossABC1|1: 367 123 58 24 9 4 1 
369929|Child_Cross21|46: 407 149 50 24 9 4 1 
369930|Child_Avg|43: 359 121 46 24 9 4 1 
369938|Survivor|1: 363 124 46 24 9 4 1 
370007|Child_Avg|31: 408 128 49 28 11 4 1 
370100|Child_LevyP1|3: 523 192 62 24 11 4 1 
370149|Child_Cross12|17: 433 156 53 24 9 4 1 
370151|Survivor|1: 353 148 58 24 9 4 1 
370162|Survivor|1: 402 154 55 24 9 4 1 
370225|Child_LevyABC1|5: 416 135 46 21 10 4 1 
370240|Child_CrossABC2|8: 397 125 44 24 9 4 1 
370397|Child_Cross21|30: 389 154 61 19 10 4 1 
370413|Survivor|1: 376 141 67 21 10 4 1 
370419|Survivor|1: 390 132 57 20 9 4 1 
370421|Survivor|1: 370 131 52 20 9 4 1 
370424|Child_Avg|59: 438 136 48 21 10 4 1 
370451|Survivor|1: 969 397 111 43 24 9 4 1 
370487|Child_Avg|43: 463 139 53 24 9 4 1 
370488|Child_Avg|7|Mutated: 630 149 52 24 9 4 1 
370507|Survivor|1: 425 117 45 23 10 4 1 
370535|Child_Avg|39: 558 182 83 27 10 4 1 
370537|Child_CrossABC1|7: 672 143 67 23 10 4 1 
370541|Child_Avg|15: 601 138 56 24 9 4 1 
370544|Survivor|1: 580 138 56 25 9 4 1 
370546|Child_Avg|7: 600 147 62 24 9 4 1 
370552|Survivor|1: 415 109 52 20 9 4 1 
370557|Child_Cross21|2: 416 111 48 20 9 4 1 
370559|Child_LevyP1|9: 444 125 52 24 9 4 1 
370584|Child_Avg|59: 374 105 44 24 9 4 1 
370598|Child_Avg|35: 471 122 52 24 9 4 1 
370609|Survivor|1|Mutated: 423 116 49 24 9 4 1 
370693|Child_Avg|51: 455 164 64 24 9 4 1 
370695|Child_Avg|59: 375 140 62 24 9 4 1 
370792|Child_CrossABC2|8: 398 124 47 24 9 4 1 
370793|Child_Cross21|26|Mutated: 389 116 49 24 9 4 1 
370953|Survivor|1: 428 117 45 23 10 4 1 
370957|Survivor|1: 455 125 48 23 10 4 1 
370966|Child_CrossABC1|7: 415 118 50 23 10 4 1 
371071|Child_Avg|3: 365 138 54 23 10 4 1 
371092|Child_CrossABC1|1: 387 124 51 23 10 4 1 
371167|Survivor|1: 564 146 57 23 10 4 1 
371170|Child_CrossABC1|1: 480 142 51 23 10 4 1 
371171|Child_Cross12|37: 441 133 47 23 10 4 1 
371176|Child_Cross21|50: 440 125 47 23 10 4 1 
371293|Survivor|1: 394 126 47 23 10 4 1 
371385|Child_Avg|47: 641 182 70 27 10 4 1 
371391|Survivor|1|Mutated: 710 182 70 27 10 4 1 
371396|Survivor|1: 531 150 52 24 9 4 1 
371399|Child_CrossABC2|2: 379 150 52 24 9 4 1 
371409|Child_Cross21|58: 379 157 52 24 9 4 1 
371471|Survivor|1: 404 105 50 24 9 4 1 
371517|Survivor|1: 304 122 47 23 10 4 1 
371587|Survivor|1|Mutated: 447 163 62 27 10 4 1 
371592|Child_Avg|19: 406 161 59 24 9 4 1 
371597|Child_CrossABC2|8: 370 127 50 24 9 4 1 
371605|Child_CrossABC2|8: 363 122 47 23 10 4 1 
371670|Child_Cross21|26: 397 121 41 19 10 4 1 
371711|Survivor|1: 423 153 53 27 10 4 1 
371714|Survivor|1: 413 135 46 24 9 4 1 
371734|Child_Cross21|38: 406 155 53 27 10 4 1 
371754|Child_CrossABC2|8: 354 132 53 24 9 4 1 
371757|Survivor|1: 384 117 52 24 9 4 1 
371811|Child_Levy|36: 352 121 49 17 10 4 1 
371827|Survivor|1: 369 141 48 23 10 4 1 
371831|Child_Cross21|2: 341 133 47 23 10 4 1 
371856|Child_CrossABC1|7: 419 138 53 25 9 4 1 
371858|Child_Avg|59: 445 139 53 24 9 4 1 
371872|Child_Avg|15: 331 137 55 24 9 4 1 
371876|Child_CrossABC2|8: 347 136 55 24 9 4 1 
371990|Survivor|1: 421 105 48 23 10 4 1 
372072|Child_Cross12|53: 382 130 45 23 10 4 1 
372090|Child_Levy|60: 409 133 47 25 9 4 1 
372115|Survivor|1: 348 133 47 23 10 4 1 
372152|Child_Cross21|30: 432 116 45 21 10 4 1 
372327|Random|20: 630 137 62 24 9 4 1 
372365|Survivor|1: 374 117 62 19 10 4 1 
372369|Survivor|1: 304 109 41 19 10 4 1 
372385|Child_Cross21|30: 307 108 41 19 10 4 1 
372400|Child_Cross12|33: 282 109 41 19 10 4 1 
372417|Child_Levy|32: 374 141 53 24 9 4 1 
372424|Child_CrossABC1|1: 383 113 52 24 9 4 1 
372485|Child_Cross21|10: 407 118 50 24 9 4 1 
372493|Child_Cross12|49: 432 120 44 23 10 4 1 
372569|Child_LevyP2|10: 430 151 60 28 11 4 1 
372575|Child_Avg|43: 513 152 59 24 9 4 1 
372577|Child_Cross12|1|Mutated: 467 142 56 21 10 4 1 
372584|Child_CrossABC1|7: 492 142 56 21 10 4 1 
372585|Child_Avg|39: 432 142 56 21 10 4 1 
372588|Child_CrossABC1|1: 481 142 56 21 10 4 1 
372589|Child_Cross12|5: 446 138 56 21 10 4 1 
372590|Child_CrossABC1|1: 484 146 56 21 10 4 1 
372592|Child_CrossABC1|1: 485 146 56 21 10 4 1 
372593|Child_Cross12|29: 460 146 55 21 10 4 1 
372594|Child_Cross21|54: 461 143 57 21 10 4 1 
372597|Child_Cross21|42: 470 143 54 20 9 4 1 
372598|Child_Avg|15: 458 143 54 20 9 4 1 
372600|Child_Cross21|2: 452 143 54 20 9 4 1 
372604|Child_Cross12|37: 466 143 54 20 9 4 1 
372610|Survivor|1: 459 143 54 20 9 4 1 
372615|Child_Avg|15: 472 143 54 20 9 4 1 
372616|Child_Cross21|14: 460 133 54 20 9 4 1 
372619|Child_CrossABC1|1: 461 143 59 20 9 4 1 
372631|Survivor|1: 473 143 54 20 9 4 1 
372699|Child_CrossABC2|2|Mutated: 547 156 57 23 10 4 1 
372703|Child_CrossABC1|7: 549 156 57 23 10 4 1 
372707|Child_CrossABC2|8: 412 157 57 23 10 4 1 
372708|Child_Avg|11: 414 150 54 23 10 4 1 
372710|Child_Avg|19: 414 156 57 23 10 4 1 
372718|Child_Cross12|53|Mutated: 409 161 54 24 11 5 1 
372719|Child_CrossABC1|1: 420 150 55 24 9 4 1 
372731|Child_CrossABC2|2: 409 143 57 23 10 4 1 
372749|Survivor|1: 415 161 56 24 11 4 1 
372775|Child_Cross21|50: 360 131 56 24 9 4 1 
372801|Child_Avg|27: 354 114 49 24 9 4 1 
372958|Child_CrossABC2|2: 434 127 49 24 9 4 1 
372988|Child_Levy|8: 472 156 65 24 9 4 1 
373001|Child_LevyABC1|5: 385 127 49 24 9 4 1 
373068|Survivor|1: 426 136 56 27 10 4 1 
373072|Survivor|1: 426 132 55 27 10 4 1 
373076|Child_Cross21|54: 345 128 46 24 9 4 1 
373081|Child_Cross21|46: 403 129 49 24 9 4 1 
373162|Child_CrossABC2|2: 447 126 52 24 9 4 1 
373269|Survivor|1: 419 168 74 23 12 5 1 
373273|Child_Cross21|22: 399 136 56 21 10 4 1 
373275|Child_CrossABC1|1: 399 132 56 21 10 4 1 
373288|Child_CrossABC2|8: 407 146 56 21 10 4 1 
373301|Child_CrossABC2|8: 380 151 59 21 10 4 1 
373304|Child_CrossABC1|7: 392 142 59 21 10 4 1 
373312|Child_Cross21|10: 375 117 49 21 10 4 1 
373323|Survivor|1: 316 116 45 21 10 4 1 
373326|Child_Avg|39: 385 150 49 21 10 4 1 
373348|Child_LevyP2|10: 382 121 52 24 9 4 1 
373349|Child_CrossABC2|8: 376 111 52 24 9 4 1 
373382|Child_Cross12|13: 393 133 53 24 9 4 1 
373384|Child_Cross21|42: 385 159 52 24 9 4 1 
373387|Child_Avg|59: 355 139 52 24 9 4 1 
373388|Child_Cross12|37: 366 135 52 24 9 4 1 
373392|Child_Avg|59: 368 153 50 24 9 4 1 
373397|Child_Cross12|21: 367 154 49 24 9 4 1 
373467|Child_Avg|3: 370 137 44 24 9 4 1 
373533|Survivor|1: 330 124 51 23 10 4 1 
373539|Child_Avg|39|Mutated: 406 153 61 24 9 4 1 
373549|Child_CrossABC1|7: 439 165 62 24 9 4 1 
373586|Survivor|1: 413 129 54 23 10 4 1 
373606|Survivor|1: 370 118 41 19 10 4 1 
373657|Child_Avg|23: 369 118 45 24 11 4 1 
373676|Survivor|1: 345 135 50 24 9 4 1 
373686|Child_Cross12|45|Mutated: 355 131 49 24 9 4 1 
373690|Child_Cross21|42: 358 121 45 21 10 4 1 
373710|Survivor|1: 354 125 46 24 9 4 1 
373778|Survivor|1: 460 177 56 27 10 4 1 
373783|Child_CrossABC2|8: 452 131 48 20 9 4 1 
373785|Child_Cross12|17: 400 131 48 20 9 4 1 
373819|Survivor|1: 413 176 49 24 9 4 1 
373825|Child_CrossABC1|7: 401 174 52 24 9 4 1 
373834|Child_Avg|31: 393 151 53 24 9 4 1 
373842|Child_CrossABC2|2: 398 125 61 24 9 4 1 
373888|Survivor|1: 358 117 49 24 9 4 1 
373897|Child_CrossABC1|7: 360 117 52 24 9 4 1 
373911|Child_CrossABC2|8: 420 106 45 21 10 4 1 
373915|Child_Cross12|1: 398 119 44 24 9 4 1 
373918|Child_Levy|48: 511 197 58 24 9 4 1 
373928|Child_CrossABC1|7: 380 155 49 24 9 4 1 
373940|Survivor|1: 394 153 55 24 9 4 1 
373942|Child_CrossABC2|8: 395 152 46 24 9 4 1 
373971|Survivor|1: 358 121 52 24 9 4 1 
374066|Survivor|1: 397 122 45 20 9 4 1 
374072|Survivor|1: 406 122 53 19 10 4 1 
374092|Survivor|1: 509 183 73 27 10 4 1 
374096|Child_Avg|11: 472 159 60 25 9 4 1 
374157|Survivor|1: 391 117 46 20 9 4 1 
374267|Survivor|1|Mutated: 554 173 62 24 9 4 1 
374274|Survivor|1: 443 138 49 24 9 4 1 
374291|Child_LevyABC1|5: 445 129 52 20 9 4 1 
374299|Survivor|1: 392 127 55 20 9 4 1 
374312|Child_CrossABC1|7: 401 119 46 20 9 4 1 
374324|Child_CrossABC1|7: 383 109 45 20 9 4 1 
374337|Survivor|1: 380 107 43 20 9 4 1 
374381|Child_Cross21|38: 385 109 41 20 9 4 1 
374394|Survivor|1: 381 109 48 20 9 4 1 
374467|Child_Levy|4: 578 169 76 24 9 4 1 
374474|Child_Cross21|2: 447 159 49 24 9 4 1 
374508|Child_CrossABC1|1: 392 137 55 24 9 4 1 
374509|Child_Levy|20: 378 135 57 23 10 4 1 
374516|Child_Avg|27: 379 135 57 23 10 4 1 
374518|Child_CrossABC1|7: 377 135 57 23 10 4 1 
374526|Survivor|1: 352 129 57 23 10 4 1 
374528|Child_Levy|8: 425 158 57 20 9 4 1 
374543|Survivor|1: 396 127 46 20 9 4 1 
374607|Child_Levy|28: 412 173 55 23 10 4 1 
374618|Child_Avg|19: 456 160 58 23 10 4 1 
374623|Child_Cross21|54: 417 145 54 23 10 4 1 
374630|Child_Cross21|46: 380 149 47 23 10 4 1 
374631|Child_Avg|35: 361 147 47 23 10 4 1 
374634|Child_Cross21|22: 386 155 47 23 10 4 1 
374670|Survivor|1: 457 140 49 24 9 4 1 
374671|Child_Avg|23: 390 146 47 23 10 4 1 
374675|Survivor|1: 398 152 45 23 10 4 1 
374683|Survivor|1: 398 152 45 21 10 4 1 
374703|Child_CrossABC2|2: 375 138 43 20 9 4 1 
374712|Child_Cross21|30: 382 142 43 20 9 4 1 
374750|Survivor|1: 672 184 61 28 13 4 1 
374753|Survivor|1: 536 157 55 24 9 4 1 
374754|Survivor|1|Mutated: 588 157 55 24 9 4 1 
374758|Survivor|1: 450 167 59 24 9 4 1 
374764|Child_CrossABC1|1: 451 171 59 24 9 4 1 
374765|Child_CrossABC2|2: 454 173 59 24 9 4 1 
374771|Child_CrossABC1|1: 485 143 59 24 9 4 1 
374774|Child_Avg|59: 396 159 59 24 9 4 1 
374789|Survivor|1: 383 155 50 24 9 4 1 
374844|Child_CrossABC1|7: 384 149 44 24 9 4 1 
374860|Child_LevyABC1|5: 557 155 70 29 9 4 1 
374865|Child_CrossABC1|1: 480 148 57 29 9 4 1 
374872|Child_CrossABC2|2: 396 148 57 29 9 4 1 
374875|Child_Cross12|1: 417 148 57 29 9 4 1 
374882|Child_CrossABC1|7: 395 148 57 29 9 4 1 
374891|Child_CrossABC1|7: 395 147 57 29 9 4 1 
374893|Child_CrossABC2|8: 395 146 57 29 9 4 1 
374894|Child_Avg|55: 393 151 55 29 9 4 1 
374929|Child_Avg|27: 469 170 64 24 9 4 1 
374935|Child_Avg|51: 435 152 55 24 9 4 1 
374946|Child_Avg|3: 421 149 58 24 9 4 1 
374967|Child_CrossABC2|8: 463 146 62 24 9 4 1 
375033|Survivor|1: 473 142 50 24 9 4 1 
375036|Child_CrossABC2|8: 405 157 50 24 9 4 1 
375052|Survivor|1: 548 132 49 24 9 4 1 
375059|Survivor|1: 479 145 56 24 9 4 1 
375061|Child_CrossABC2|2: 450 121 55 24 9 4 1 
375120|Child_CrossABC1|1|Mutated: 319 122 43 24 9 4 1 
375135|Child_Avg|3: 368 150 43 24 9 4 1 
375141|Survivor|1: 367 146 52 24 9 4 1 
375142|Survivor|1|Mutated: 367 146 56 24 9 4 1 
375257|Child_LevyABC1|5: 385 142 59 21 10 4 1 
375258|Child_Cross12|37: 399 145 56 24 11 4 1 
375264|Child_Cross21|46: 396 125 55 23 10 4 1 
375269|Survivor|1|Mutated: 436 139 55 23 10 4 1 
375273|Child_CrossABC1|1: 404 148 53 24 9 4 1 
375277|Child_Avg|43: 395 144 45 23 10 4 1 
375282|Child_Avg|3: 399 135 48 23 10 4 1 
375337|Child_Cross21|26|Mutated: 395 137 49 21 10 4 1 
375343|Survivor|1: 386 132 47 23 10 4 1 
375375|Child_CrossABC2|2|Mutated: 468 128 48 23 10 4 1 
375377|Child_Avg|3: 389 127 46 21 10 4 1 
375396|Survivor|1|Mutated: 412 125 49 21 10 4 1 
375399|Child_CrossABC2|2: 414 125 49 21 10 4 1 
375401|Child_CrossABC2|2: 415 125 49 21 10 4 1 
375412|Child_Cross21|26: 399 121 45 21 10 4 1 
375413|Child_Cross12|1: 391 124 45 21 10 4 1 
375512|Child_Levy|8: 610 179 56 24 9 4 1 
375557|Survivor|1: 415 120 47 25 9 4 1 
375644|Survivor|1: 401 119 61 24 9 4 1 
375650|Child_Cross12|1: 419 126 56 24 9 4 1 
375682|Child_Cross21|14: 418 126 48 21 10 4 1 
375683|Child_Cross21|18: 417 125 47 24 9 4 1 
375730|Survivor|1: 394 137 54 19 10 4 1 
375862|Survivor|1: 387 119 53 24 9 4 1 
375968|Child_Avg|39: 394 115 40 24 9 4 1 
376008|Survivor|1: 388 136 59 27 10 4 1 
376072|Survivor|1: 358 123 43 24 9 4 1 
376077|Child_CrossABC1|7: 636 170 66 24 11 5 1 
376101|Child_CrossABC2|2|Mutated: 352 124 51 23 10 4 1 
376128|Child_Avg|51: 407 138 54 20 9 4 1 
376137|Survivor|1: 389 114 50 21 10 4 1 
376146|Child_Cross21|38: 385 143 57 25 10 4 1 
376180|Child_CrossABC1|7: 449 132 47 23 10 4 1 
376188|Survivor|1: 400 136 45 21 10 4 1 
376221|Child_Cross21|34: 431 179 56 27 10 4 1 
376222|Child_Avg|11: 417 148 54 23 10 4 1 
376243|Child_Levy|56: 409 142 50 24 9 4 1 
376338|Child_Avg|31: 377 142 50 24 9 4 1 
376341|Survivor|1: 340 125 47 24 9 4 1 
376384|Child_Avg|23: 470 146 61 23 10 4 1 
376385|Child_CrossABC1|1: 432 173 70 24 9 4 1 
376392|Child_Avg|51: 455 131 60 25 9 4 1 
376421|Child_Cross21|30: 467 138 55 23 10 4 1 
376427|Survivor|1: 463 143 54 23 10 4 1 
376430|Child_Cross21|34: 404 135 48 23 10 4 1 
376434|Survivor|1: 461 141 51 23 10 4 1 
376444|Child_Cross12|9: 380 136 46 21 10 4 1 
376509|Child_Cross21|26: 339 130 46 24 9 4 1 
376556|Child_CrossABC1|1: 385 138 55 24 9 4 1 
376608|Survivor|1: 396 150 43 24 9 4 1 
376741|Child_CrossABC1|7: 404 135 55 21 10 4 1 
376787|Child_Cross12|45: 362 108 41 20 9 4 1 
376903|Survivor|1: 371 134 49 24 9 4 1 
376920|Child_Avg|11: 380 144 55 23 10 4 1 
376924|Child_Avg|27: 449 157 50 24 9 4 1 
376926|Survivor|1: 385 142 56 24 9 4 1 
376992|Child_CrossABC2|8: 391 120 47 24 9 4 1 
377001|Child_CrossABC2|2: 387 133 55 24 9 4 1 
377076|Survivor|1: 383 144 53 27 10 4 1 
377123|Child_CrossABC2|8: 453 137 54 23 10 4 1 
377169|Survivor|1: 427 122 55 20 9 4 1 
377189|Child_CrossABC1|1: 444 133 43 20 9 4 1 
377222|Survivor|1: 353 160 55 24 9 4 1 
377269|Survivor|1: 388 128 41 20 9 4 1 
377279|Survivor|1|Mutated: 426 135 59 24 9 4 1 
377288|Survivor|1: 357 126 56 27 10 4 1 
377297|Child_Avg|43|Mutated: 407 131 53 24 11 4 1 
377304|Child_Cross21|2: 438 132 47 23 10 4 1 
377328|Child_Cross21|50: 366 134 47 23 10 4 1 
377332|Survivor|1: 411 148 47 23 10 4 1 
377333|Child_CrossABC1|7: 464 132 47 23 10 4 1 
377334|Child_Cross12|5: 375 136 46 20 9 4 1 
377342|Child_CrossABC2|2: 423 132 57 23 10 4 1 
377346|Survivor|1: 416 133 56 24 9 4 1 
377370|Child_Cross12|29|Mutated: 429 128 47 24 9 4 1 
377479|Survivor|1: 402 158 55 23 10 4 1 
377495|Survivor|1: 436 135 47 23 10 4 1 
377505|Survivor|1: 451 162 63 29 10 4 1 
377510|Child_Levy|32: 357 138 58 24 9 4 1 
377515|Child_Avg|3: 452 150 59 24 9 4 1 
377516|Child_Cross21|14|Mutated: 425 151 53 24 9 4 1 
377523|Child_Cross21|26: 393 152 49 24 9 4 1 
377526|Child_Avg|51: 377 138 47 24 9 4 1 
377530|Child_Cross21|2|Mutated: 397 132 47 23 10 4 1 
377616|Child_LevyP2|10: 393 138 56 24 9 4 1 
377623|Child_CrossABC1|1: 389 134 53 24 9 4 1 
377640|Child_Avg|39: 619 182 58 23 10 4 1 
377650|Child_CrossABC1|7: 574 154 61 23 10 4 1 
377683|Child_CrossABC1|1: 450 135 58 23 10 4 1 
377689|Child_Avg|31: 416 136 51 23 10 4 1 
377690|Child_CrossABC1|1: 418 132 51 23 10 4 1 
377702|Child_CrossABC1|7: 409 131 45 23 10 4 1 
377731|Child_LevyP2|4|Mutated: 441 124 53 24 9 4 1 
377795|Survivor|1: 385 118 50 24 9 4 1 
377818|Survivor|1: 388 118 47 21 10 4 1 
377825|Child_CrossABC2|8: 439 118 47 21 10 4 1 
377826|Child_CrossABC2|2: 368 118 47 21 10 4 1 
377829|Survivor|1: 399 118 47 21 10 4 1 
377830|Child_Cross21|2: 345 118 47 21 10 4 1 
377833|Child_Cross21|50: 402 112 47 21 10 4 1 
377843|Child_Cross21|42|Mutated: 411 117 45 23 10 4 1 
377889|Survivor|1: 401 150 58 21 10 4 1 
377898|Survivor|1: 415 145 51 19 10 4 1 
377917|Child_Cross12|1: 407 124 42 19 10 4 1 
378048|Survivor|1: 563 135 52 24 9 4 1 
378062|Random|7: 527 192 57 23 10 4 1 
378080|Child_Avg|27: 418 122 46 21 10 4 1 
378082|Child_CrossABC1|7: 378 132 49 21 10 4 1 
378110|Child_Avg|39: 522 149 52 24 9 4 1 
378144|Survivor|1: 448 121 47 24 9 4 1 
378164|Child_Cross21|6: 391 125 41 24 9 4 1 
378218|Child_Avg|39|Mutated: 379 132 56 21 10 4 1 
378234|Child_Cross12|53: 368 126 46 21 10 4 1 
378244|Child_CrossABC2|2: 390 116 45 21 10 4 1 
378255|Child_Levy|8: 467 159 71 24 11 5 1 
378266|Child_Cross21|14: 401 156 57 23 10 4 1 
378286|Child_Cross21|46: 352 141 57 23 10 4 1 
378302|Survivor|1: 401 160 47 23 10 4 1 
378317|Child_CrossABC2|2: 388 149 61 23 10 4 1 
378319|Child_Cross12|9: 399 158 47 23 10 4 1 
378351|Child_Cross12|21: 378 148 47 23 10 4 1 
378429|Survivor|1: 387 139 51 23 10 4 1 
378431|Child_Cross12|49: 413 147 47 23 10 4 1 
378510|Child_CrossABC2|2: 665 147 59 24 9 4 1 
378513|Survivor|1: 447 146 47 24 9 4 1 
378602|Child_Avg|23: 490 148 58 24 9 4 1 
378606|Child_CrossABC1|1: 442 148 65 24 9 4 1 
378607|Child_CrossABC2|2: 412 143 61 24 9 4 1 
378620|Child_CrossABC2|2: 406 133 50 24 9 4 1 
378627|Child_CrossABC2|2: 400 132 55 24 9 4 1 
378685|Survivor|1: 352 122 47 23 10 4 1 
378694|Child_LevyABC1|11: 367 134 58 24 11 4 1 
378742|Survivor|1: 411 135 49 24 9 4 1 
378743|Child_Avg|19: 469 135 49 21 10 4 1 
378751|Child_CrossABC1|1: 460 135 49 21 10 4 1 
378763|Child_Cross21|26: 447 130 45 21 10 4 1 
378766|Child_Cross12|33: 431 128 45 21 10 4 1 
378767|Child_Cross21|54: 446 127 45 21 10 4 1 
378774|Child_Cross21|6: 441 127 45 21 10 4 1 
378807|Survivor|1: 406 127 47 21 10 4 1 
378814|Survivor|1: 480 137 53 24 9 4 1 
378819|Child_LevyABC1|5|Mutated: 441 140 54 23 10 4 1 
378900|Child_Cross12|57: 461 126 51 23 10 4 1 
379013|Child_Cross21|50|Mutated: 437 171 59 21 10 4 1 
379014|Child_CrossABC1|7: 444 171 59 21 10 4 1 
379015|Child_Cross21|38: 384 122 57 21 10 4 1 
379040|Child_Cross12|5: 408 130 43 20 9 4 1 
379104|Child_Avg|15|Mutated: 399 150 45 19 10 4 1 
379113|Child_Cross12|17: 377 109 41 19 10 4 1 
379117|Child_Avg|35: 382 107 43 19 10 4 1 
379152|Survivor|1: 353 103 45 21 10 4 1 
379157|Child_Avg|3: 366 109 45 23 10 4 1 
379268|Survivor|1: 368 108 49 21 10 4 1 
379293|Survivor|1: 378 132 46 21 10 4 1 
379295|Survivor|1: 380 126 46 21 10 4 1 
379301|Survivor|1: 369 124 51 23 10 4 1 
379340|Child_Cross21|30|Mutated: 362 112 47 23 10 4 1 
379368|Survivor|1: 926 424 139 52 24 9 4 1 
379420|Child_Avg|47: 497 138 56 24 9 4 1 
379423|Child_CrossABC2|8: 529 142 58 23 10 4 1 
379436|Child_Cross21|22|Mutated: 465 133 47 23 10 4 1 
379437|Child_Cross21|30: 472 137 47 23 10 4 1 
379447|Child_Cross12|41: 449 128 47 23 10 4 1 
379450|Child_Cross21|58: 455 132 47 23 10 4 1 
379451|Child_Avg|27: 446 126 47 23 10 4 1 
379465|Child_Cross12|5: 413 128 47 23 10 4 1 
379586|Child_Cross21|14: 612 170 59 27 14 4 1 
379595|Child_Avg|27: 563 172 59 21 10 4 1 
379598|Child_Cross21|30: 398 134 49 21 10 4 1 
379605|Child_CrossABC2|8: 382 136 48 21 10 4 1 
379609|Child_Cross21|30: 400 131 45 21 10 4 1 
379636|Child_Avg|39: 460 138 57 29 9 4 1 
379653|Child_Avg|3: 431 154 59 24 9 4 1 
379682|Child_LevyP2|10: 396 143 53 24 9 4 1 
379694|Child_CrossABC2|8: 386 129 58 24 9 4 1 
379695|Child_CrossABC1|1: 409 151 53 24 9 4 1 
379708|Child_CrossABC1|7: 328 129 52 24 9 4 1 
379720|Child_CrossABC1|7: 357 134 46 20 9 4 1 
379731|Survivor|1: 340 130 43 20 9 4 1 
379805|Child_Levy|40: 472 186 61 24 9 4 1 
379809|Child_CrossABC1|7: 483 184 61 24 9 4 1 
379810|Child_CrossABC2|8: 584 156 67 24 9 4 1 
379819|Child_CrossABC2|2: 413 123 49 21 10 4 1 
379925|Child_Cross21|26: 420 130 48 23 10 4 1 
380051|Child_CrossABC1|7: 418 129 58 24 9 4 1 
380095|Child_Avg|55: 590 177 61 23 10 4 1 
380097|Child_Avg|19: 405 121 61 23 10 4 1 
380099|Child_Avg|7: 582 167 57 23 10 4 1 
380102|Child_Avg|11: 397 152 55 24 9 4 1 
380121|Child_CrossABC2|8: 398 139 58 24 9 4 1 
380134|Child_Cross12|45: 395 145 55 24 9 4 1 
380148|Child_Cross12|49: 395 144 50 24 9 4 1 
380150|Child_Avg|59: 402 143 50 24 9 4 1 
380169|Child_CrossABC2|2: 392 145 64 24 9 4 1 
380171|Child_Cross21|46: 383 142 56 24 9 4 1 
380172|Child_CrossABC1|1: 393 141 64 24 9 4 1 
380174|Child_CrossABC2|2: 386 140 61 24 9 4 1 
380175|Child_CrossABC2|8: 385 143 56 24 9 4 1 
380263|Child_CrossABC2|8: 403 124 51 19 10 4 1 
380339|Child_CrossABC1|7: 518 163 58 24 9 4 1 
380342|Child_Cross12|25: 461 183 58 24 9 4 1 
380343|Child_CrossABC2|8: 415 182 58 24 9 4 1 
380347|Child_Cross12|29: 296 123 55 24 9 4 1 
380348|Child_Avg|19: 384 157 52 24 9 4 1 
380349|Child_CrossABC1|7: 386 159 55 24 9 4 1 
380364|Survivor|1: 397 137 59 24 9 4 1 
380365|Child_CrossABC1|1: 369 138 52 24 9 4 1 
380367|Child_CrossABC2|8: 373 145 52 24 9 4 1 
380383|Survivor|1: 389 143 50 24 9 4 1 
380385|Survivor|1: 421 152 55 24 9 4 1 
380392|Child_CrossABC1|1: 409 147 58 24 9 4 1 
380439|Child_CrossABC2|2: 347 133 47 23 10 4 1 
380451|Child_Levy|24|Mutated: 351 143 49 21 10 4 1 
380499|Child_CrossABC2|2: 483 134 54 19 10 4 1 
380505|Child_Levy|12: 370 111 48 20 9 4 1 
380599|Child_Cross21|58: 369 117 43 19 10 4 1 
380606|Child_Avg|31: 379 125 49 21 10 4 1 
380614|Survivor|1: 428 117 47 21 10 4 1 
380647|Child_CrossABC1|7: 410 121 41 19 10 4 1 
380688|Child_Levy|60: 402 135 58 24 11 4 1 
380694|Child_Avg|59: 392 127 49 24 11 4 1 
380701|Survivor|1: 386 120 49 21 10 4 1 
380723|Survivor|1: 415 136 50 23 8 3 1 
380750|Child_CrossABC2|8: 530 181 70 24 9 4 1 
380751|Child_Cross12|37: 452 186 67 24 9 4 1 
380755|Child_Cross21|26: 402 145 62 24 9 4 1 
380783|Child_Avg|31: 371 143 47 25 9 4 1 
380790|Survivor|1: 375 138 44 24 9 4 1 
380804|Child_CrossABC2|8: 398 151 58 24 9 4 1 
380905|Survivor|1: 360 135 48 25 10 4 1 
380978|Child_CrossABC2|2: 401 140 55 24 9 4 1 
381005|Child_Avg|27: 500 152 62 27 10 4 1 
381060|Survivor|1: 429 130 45 23 10 4 1 
381153|Child_Levy|44: 561 176 64 23 10 4 1 
381161|Child_Avg|51: 406 136 48 21 10 4 1 
381162|Child_Avg|11: 382 137 55 24 9 4 1 
381182|Child_CrossABC1|1: 374 150 59 24 9 4 1 
381189|Survivor|1: 367 137 53 24 9 4 1 
381218|Child_LevyP2|10: 683 154 68 24 9 4 1 
381273|Survivor|1: 373 114 47 25 9 4 1 
381292|Survivor|1: 337 124 47 23 10 4 1 
381299|Survivor|1: 338 131 45 23 10 4 1 
381394|Survivor|1: 431 130 48 23 10 4 1 
381400|Survivor|1: 456 162 61 24 9 4 1 
381401|Child_Avg|15|Mutated: 481 154 57 23 10 4 1 
381434|Survivor|1: 383 116 46 20 9 4 1 
381501|Survivor|1: 407 117 50 24 9 4 1 
381514|Child_CrossABC2|8: 409 130 56 24 9 4 1 
381519|Child_CrossABC2|2: 410 129 68 24 9 4 1 
381524|Child_Cross21|54: 404 122 53 24 9 4 1 
381534|Survivor|1: 400 121 45 23 10 4 1 
381546|Survivor|1: 403 117 44 23 10 4 1 
381564|Child_CrossABC1|1: 412 141 57 23 10 4 1 
381600|Child_CrossABC2|2: 415 143 52 24 9 4 1 
381640|Child_Cross12|29: 388 117 47 21 10 4 1 
381664|Survivor|1: 407 139 47 25 9 4 1 
381737|Survivor|1: 439 135 50 24 9 4 1 
381757|Survivor|1|Mutated: 482 124 51 23 10 4 1 
381759|Child_Cross21|2|Mutated: 417 126 52 24 9 4 1 
381832|Survivor|1: 385 129 45 23 10 4 1 
381863|Child_CrossABC1|7: 650 161 69 27 10 4 1 
381871|Survivor|1: 406 135 51 19 10 4 1 
381877|Child_CrossABC2|8: 387 139 51 19 10 4 1 
381885|Child_Avg|59: 391 137 51 19 10 4 1 
381898|Survivor|1: 379 133 50 19 10 4 1 
381902|Child_CrossABC2|2: 440 130 51 19 10 4 1 
381906|Child_CrossABC1|1: 399 120 42 19 10 4 1 
381908|Child_Cross12|5: 405 119 42 19 10 4 1 
381953|Survivor|1: 396 124 51 23 10 4 1 
381989|Survivor|1: 378 121 54 25 10 4 1 
382033|Child_Levy|8: 389 117 47 21 10 4 1 
382090|Survivor|1: 388 133 54 24 11 4 1 
382092|Child_CrossABC1|7: 453 135 57 23 10 4 1 
382105|Survivor|1: 480 139 55 23 10 4 1 
382110|Child_Cross21|30: 490 151 54 23 10 4 1 
382111|Child_Cross12|53: 474 138 53 24 9 4 1 
382113|Survivor|1: 503 186 57 23 10 4 1 
382115|Child_Cross21|54: 446 161 53 24 9 4 1 
382118|Child_Avg|27: 421 149 52 24 9 4 1 
382124|Child_Avg|11: 444 139 52 24 9 4 1 
382133|Child_Cross12|9: 460 150 49 24 9 4 1 
382134|Child_CrossABC2|8: 467 143 49 24 9 4 1 
382179|Child_Avg|23: 417 128 53 24 9 4 1 
382295|Survivor|1: 275 117 49 21 10 4 1 
382304|Survivor|1: 467 165 61 29 10 4 1 
382317|Survivor|1: 404 131 55 27 10 4 1 
382347|Survivor|1: 395 121 54 25 10 4 1 
382368|Survivor|1: 380 117 52 17 10 4 1 
382371|Child_Avg|15: 348 114 49 21 10 4 1 
382510|Child_Levy|8: 445 143 59 24 9 4 1 
382520|Child_CrossABC2|2: 411 143 59 24 9 4 1 
382529|Child_CrossABC2|8: 405 118 62 24 9 4 1 
382532|Child_CrossABC1|1: 405 117 53 24 9 4 1 
382589|Child_Cross12|33: 736 163 59 20 9 4 1 
382592|Child_LevyP2|4: 611 163 56 24 9 4 1 
382594|Child_CrossABC1|7: 429 145 52 24 9 4 1 
382598|Child_CrossABC2|2: 377 140 55 24 9 4 1 
382599|Child_Cross21|58: 515 143 53 24 9 4 1 
382627|Child_Avg|43: 423 135 46 24 9 4 1 
382722|Survivor|1: 436 133 61 23 10 4 1 
382778|Child_CrossABC1|7: 408 129 57 23 10 4 1 
382843|Child_CrossABC1|7: 415 130 55 24 9 4 1 
382879|Child_CrossABC2|8: 416 141 49 24 9 4 1 
382950|Child_CrossABC1|7: 357 132 53 24 9 4 1 
382957|Child_Cross21|30: 321 118 49 24 9 4 1 
383029|Child_CrossABC2|2: 473 134 56 24 9 4 1 
383049|Child_CrossABC2|8: 376 143 52 24 9 4 1 
383056|Child_Cross12|29: 454 128 49 24 9 4 1 
383063|Child_CrossABC2|8: 439 131 50 24 9 4 1 
383090|Survivor|1: 429 166 56 25 9 4 1 
383093|Child_CrossABC2|2: 400 141 49 24 9 4 1 
383101|Survivor|1: 323 141 49 24 9 4 1 
383220|Child_CrossABC1|1: 438 134 63 29 10 4 1 
383226|Child_Cross12|37: 405 141 61 24 9 4 1 
383227|Child_Avg|43: 469 149 58 24 9 4 1 
383231|Child_Avg|51: 434 132 53 24 9 4 1 
383299|Child_Avg|35: 476 163 66 27 10 4 1 
383302|Child_Cross21|42: 465 160 65 27 10 4 1 
383304|Child_Cross12|37: 380 163 49 24 9 4 1 
383368|Survivor|1: 458 146 43 24 9 4 1 
383390|Survivor|1: 431 132 46 24 9 4 1 
383478|Survivor|1: 737 183 68 28 13 4 1 
383518|Child_CrossABC2|2: 390 128 60 21 10 4 1 
383522|Survivor|1: 404 126 54 19 10 4 1 
383526|Child_Cross21|58|Mutated: 399 125 55 21 10 4 1 
383562|Survivor|1: 397 118 60 21 10 4 1 
383579|Child_Cross12|37: 393 125 48 21 10 4 1 
383684|Child_Avg|3: 407 130 48 23 10 4 1 
383742|Survivor|1: 451 123 52 29 9 4 1 
383761|Child_Cross21|54: 451 127 45 23 10 4 1 
383788|Survivor|1: 406 146 53 28 9 4 1 
383794|Child_Avg|15: 394 165 49 24 9 4 1 
383812|Child_CrossABC1|1: 388 152 49 24 9 4 1 
383823|Survivor|1: 391 149 44 24 9 4 1 
383825|Survivor|1: 409 149 44 24 9 4 1 
383833|Child_Avg|47: 388 149 44 24 9 4 1 
383889|Child_Avg|19: 432 165 60 23 10 4 1 
383896|Survivor|1: 448 165 60 23 10 4 1 
383901|Child_Levy|4: 401 132 49 21 10 4 1 
383919|Child_CrossABC2|8: 427 125 55 21 10 4 1 
383922|Survivor|1: 375 133 46 20 9 4 1 
384009|Child_Cross12|53: 376 143 52 29 9 4 1 
384012|Child_CrossABC2|8: 398 148 52 29 9 4 1 
384014|Child_Levy|16: 390 134 53 29 9 4 1 
384020|Child_CrossABC1|7: 391 134 53 29 9 4 1 
384036|Survivor|1: 483 157 55 27 10 4 1 
384042|Survivor|1|Mutated: 483 157 55 23 10 4 1 
384044|Child_Avg|47: 432 159 52 24 9 4 1 
384048|Child_Levy|4|Mutated: 449 155 60 23 10 4 1 
384053|Child_Avg|19: 391 137 52 24 9 4 1 
384057|Survivor|1: 368 147 47 23 10 4 1 
384070|Child_Cross12|33: 389 151 47 23 10 4 1 
384072|Child_Cross12|57: 391 150 47 23 10 4 1 
384101|Child_Cross21|26: 373 147 47 23 10 4 1 
384127|Child_Avg|31: 487 147 61 24 9 4 1 
384132|Survivor|1: 327 147 61 24 9 4 1 
384136|Child_Avg|55: 365 136 50 24 9 4 1 
384283|Survivor|1: 363 122 52 24 9 4 1 
384290|Survivor|1: 448 137 44 24 9 4 1 
384294|Survivor|1: 407 126 56 24 9 4 1 
384301|Survivor|1: 425 117 44 23 10 4 1 
384313|Child_Avg|35: 455 120 54 23 10 4 1 
384324|Survivor|1: 418 123 55 24 9 4 1 
384347|Child_CrossABC1|1: 398 140 55 24 9 4 1 
384353|Child_CrossABC2|2: 427 156 62 24 9 4 1 
384358|Child_CrossABC2|2: 427 161 62 24 9 4 1 
384386|Child_Cross21|22|Mutated: 408 150 49 24 9 4 1 
384392|Survivor|1: 379 137 49 24 9 4 1 
384403|Child_CrossABC2|2: 408 118 45 21 10 4 1 
384460|Survivor|1: 383 122 56 24 9 4 1 
384473|Child_CrossABC1|1: 395 138 59 24 9 4 1 
384487|Child_Avg|51: 389 137 54 23 10 4 1 
384490|Child_Avg|11: 356 133 53 24 9 4 1 
384501|Child_Cross21|54|Mutated: 394 131 55 24 9 4 1 
384548|Child_CrossABC2|8: 394 142 49 25 9 4 1 
384568|Survivor|1: 298 134 49 24 9 4 1 
384672|Child_CrossABC1|7: 378 109 44 24 9 4 1 
384798|Survivor|1: 395 147 57 20 9 4 1 
384811|Child_Levy|12: 408 134 55 27 10 4 1 
384839|Child_CrossABC2|2: 442 125 47 24 9 4 1 
384851|Survivor|1: 439 133 46 24 9 4 1 
384882|Child_Cross21|14: 421 153 49 21 10 4 1 
384897|Survivor|1: 364 147 46 21 10 4 1 
384913|Survivor|1: 353 147 50 24 9 4 1 
384915|Survivor|1: 332 129 48 20 9 4 1 
384941|Child_Cross21|10: 311 127 43 20 9 4 1 
384945|Child_Avg|47: 318 124 43 20 9 4 1 
384951|Child_Cross12|5: 306 127 43 20 9 4 1 
384954|Child_Cross12|57: 310 128 43 20 9 4 1 
384976|Child_Cross12|1: 318 130 43 20 9 4 1 
384998|Child_CrossABC2|2: 307 124 43 20 9 4 1 
385008|Child_Avg|27: 308 127 43 20 9 4 1 
385087|Child_CrossABC1|7: 358 126 51 23 10 4 1 
385092|Survivor|1|Mutated: 396 130 49 21 10 4 1 
385131|Survivor|1: 405 131 43 24 9 4 1 
385193|Child_Avg|59: 393 148 59 24 9 4 1 
385201|Child_CrossABC2|8: 392 152 59 24 9 4 1 
385265|Survivor|1: 367 118 44 23 10 4 1 
385281|Child_Avg|15: 386 109 52 24 9 4 1 
385328|Child_CrossABC2|2: 388 124 42 19 10 4 1 
385396|Child_Levy|28: 439 119 51 19 10 4 1 
385402|Child_Avg|11: 377 124 46 24 9 4 1 
385413|Child_CrossABC1|1: 397 118 56 24 9 4 1 
385445|Child_Cross21|6|Mutated: 545 158 53 24 9 4 1 
385447|Child_Avg|23: 375 148 57 21 10 4 1 
385506|Survivor|1: 423 136 53 25 9 4 1 
385578|Child_Avg|55|Mutated: 412 115 41 19 10 4 1 
385583|Child_Avg|35: 542 172 65 27 10 4 1 
385663|Child_Avg|55: 436 113 48 23 10 4 1 
385671|Child_LevyABC1|5: 418 131 51 23 10 4 1 
385836|Child_Levy|28: 376 153 57 21 10 4 1 
385912|Survivor|1: 409 129 63 27 10 4 1 
385915|Survivor|1: 399 127 48 25 10 4 1 
385998|Survivor|1: 401 158 52 24 9 4 1 
386023|Child_Avg|39: 448 181 52 24 9 4 1 
386043|Child_Levy|40: 485 209 77 23 10 4 1 
386045|Child_Levy|12: 385 147 59 24 9 4 1 
386053|Child_Cross21|18: 368 146 57 23 10 4 1 
386058|Child_Cross12|41: 356 130 54 23 10 4 1 
386113|Survivor|1: 371 149 46 20 9 4 1 
386133|Survivor|1: 392 123 39 20 9 4 1 
386152|Survivor|1: 380 125 52 20 9 4 1 
386153|Child_Levy|40: 359 124 56 21 10 4 1 
386155|Survivor|1|Mutated: 359 117 56 21 10 4 1 
386167|Survivor|1: 359 120 46 20 9 4 1 
386213|Survivor|1: 427 121 48 27 10 4 1 
386218|Child_Cross12|57: 406 140 45 21 10 4 1 
386307|Child_Avg|39: 400 121 45 21 10 4 1 
386374|Child_Avg|59: 358 129 44 24 9 4 1 
386424|Child_CrossABC1|7: 485 143 65 24 9 4 1 
386433|Child_CrossABC1|7: 618 140 55 24 9 4 1 
386438|Survivor|1|Mutated: 618 153 55 24 9 4 1 
386439|Child_Cross21|14: 325 124 46 24 9 4 1 
386447|Child_Avg|35: 380 132 59 24 9 4 1 
386454|Child_CrossABC2|8: 383 132 53 24 9 4 1 
386460|Child_CrossABC2|8: 359 134 49 24 9 4 1 
386465|Survivor|1: 350 135 46 24 9 4 1 
386564|Survivor|1: 360 116 45 21 10 4 1 
386662|Child_CrossABC2|8: 363 126 43 19 10 4 1 
386671|Survivor|1: 341 121 45 21 10 4 1 
386705|Survivor|1: 479 151 48 23 10 4 1 
386756|Survivor|1: 461 170 52 27 10 4 1 
386765|Child_Avg|47: 464 173 54 23 10 4 1 
386870|Child_Levy|56: 395 121 47 25 9 4 1 
386893|Child_Cross21|46: 428 136 49 24 9 4 1 
386900|Child_Cross21|46: 445 131 47 24 9 4 1 
386909|Child_CrossABC1|1: 447 134 47 24 9 4 1 
386912|Child_CrossABC2|2: 378 137 46 24 9 4 1 
386916|Child_Cross21|54: 311 132 46 24 9 4 1 
386975|Survivor|1: 351 126 43 19 10 4 1 
386979|Survivor|1: 425 132 57 21 10 4 1 
386985|Child_Cross12|33: 410 119 48 21 10 4 1 
386987|Child_CrossABC2|2: 409 122 49 21 10 4 1 
387096|Survivor|1: 474 134 53 29 9 4 1 
387129|Survivor|1: 378 115 52 27 10 4 1 
387195|Survivor|1: 407 144 54 28 11 4 1 
387267|Survivor|1: 387 132 52 23 10 4 1 
387274|Child_Cross21|58: 427 118 44 23 10 4 1 
387301|Survivor|1: 329 123 53 24 9 4 1 
387327|Child_CrossABC1|7: 369 137 55 24 9 4 1 
387328|Child_CrossABC2|8: 365 139 49 24 9 4 1 
387338|Child_CrossABC2|8: 381 150 55 24 9 4 1 
387347|Survivor|1: 380 112 47 24 9 4 1 
387353|Child_Cross12|29|Mutated: 362 140 55 24 9 4 1 
387355|Child_CrossABC1|7: 393 143 56 24 9 4 1 
387362|Child_CrossABC1|7: 378 136 55 24 9 4 1 
387365|Survivor|1: 381 138 58 24 9 4 1 
387373|Child_Avg|39: 383 138 58 24 9 4 1 
387421|Survivor|1: 391 141 44 24 9 4 1 
387475|Survivor|1: 373 114 46 20 9 4 1 
387478|Child_Levy|16: 371 112 43 19 10 4 1 
387537|Survivor|1: 539 157 51 23 10 4 1 
387584|Child_CrossABC2|2: 397 131 48 21 10 4 1 
387600|Child_Avg|3|Mutated: 411 128 49 21 10 4 1 
387601|Child_Cross21|10: 395 146 48 21 10 4 1 
387602|Child_Levy|44: 425 166 57 23 10 4 1 
387608|Child_Avg|3: 397 150 57 23 10 4 1 
387621|Survivor|1: 302 134 47 24 9 4 1 
387644|Survivor|1: 388 159 44 24 9 4 1 
387660|Survivor|1: 382 127 43 24 9 4 1 
387687|Child_Cross12|21: 392 111 47 24 9 4 1 
387739|Child_Cross21|6: 390 107 41 20 9 4 1 
387744|Survivor|1: 394 108 41 19 10 4 1 
387752|Child_Cross21|46|Mutated: 389 107 46 20 9 4 1 
387810|Child_Cross21|6: 401 127 53 29 9 4 1 
387853|Child_Avg|23: 431 133 45 21 10 4 1 
387855|Child_Cross21|14: 361 125 47 23 10 4 1 
387857|Child_Avg|15: 423 129 46 20 9 4 1 
387869|Child_Avg|7: 361 123 44 23 10 4 1 
387871|Child_CrossABC1|1: 431 125 44 23 10 4 1 
387968|Survivor|1: 662 181 55 27 10 4 1 
387976|Survivor|1: 314 125 47 23 10 4 1 
388007|Child_Cross12|53: 354 133 43 20 9 4 1 
388024|Child_Avg|55|Mutated: 561 132 49 24 9 4 1 
388027|Survivor|1: 588 151 49 24 9 4 1 
388028|Child_Cross21|22: 398 132 49 23 8 3 1 
388071|Child_CrossABC1|1: 410 154 61 24 9 4 1 
388097|Child_CrossABC1|7: 404 134 53 24 9 4 1 
388103|Child_Cross21|42: 406 142 53 24 9 4 1 
388141|Child_Cross12|5: 367 148 46 24 9 4 1 
388156|Survivor|1: 378 132 43 19 10 4 1 
388158|Child_Levy|28: 342 144 50 19 10 4 1 
388167|Child_Cross21|58: 433 136 50 24 9 4 1 
388169|Survivor|1: 377 111 48 20 9 4 1 
388209|Child_LevyP1|3: 402 119 48 20 9 4 1 
388266|Survivor|1: 408 123 58 24 11 5 1 
388274|Survivor|1: 424 126 47 23 10 4 1 
388289|Child_Cross21|6: 295 116 50 24 9 4 1 
388304|Survivor|1: 315 130 46 24 9 4 1 
388332|Survivor|1: 312 130 47 24 9 4 1 
388380|Survivor|1: 430 155 44 24 9 4 1 
388397|Child_CrossABC1|1: 370 111 52 24 9 4 1 
388400|Child_CrossABC2|8: 399 114 50 24 9 4 1 
388411|Child_CrossABC1|1: 403 138 56 24 9 4 1 
388427|Child_CrossABC2|2: 406 137 58 24 9 4 1 
388447|Child_CrossABC2|8: 374 133 50 24 9 4 1 
388524|Child_Avg|51: 445 132 56 21 10 4 1 
388557|Survivor|1: 381 131 44 24 9 4 1 
388585|Child_CrossABC2|8: 356 117 44 23 10 4 1 
388652|Child_CrossABC2|8: 419 158 56 24 9 4 1 
388654|Child_Levy|40: 377 145 57 23 10 4 1 
388657|Survivor|1: 383 145 54 23 10 4 1 
388659|Survivor|1: 375 158 52 24 9 4 1 
388668|Child_Cross21|46: 443 124 58 24 9 4 1 
388669|Child_Avg|35: 601 147 64 29 9 4 1 
388681|Survivor|1: 375 144 55 24 9 4 1 
388688|Child_Cross21|6: 368 145 55 24 9 4 1 
388697|Child_Levy|40: 382 142 53 24 9 4 1 
388703|Child_Avg|43: 385 138 50 24 9 4 1 
388713|Child_Cross21|26: 380 164 49 24 9 4 1 
388787|Child_Cross21|22: 391 152 46 24 9 4 1 
388885|Child_Levy|24: 432 139 57 23 10 4 1 
388891|Child_Levy|16: 405 131 46 24 9 4 1 
388904|Child_Cross21|2: 362 111 43 20 9 4 1 
388946|Child_CrossABC2|8: 471 148 47 24 9 4 1 
388979|Survivor|1: 421 138 58 24 9 4 1 
388997|Child_Levy|24: 425 132 50 24 9 4 1 
389021|Child_Cross12|37: 373 121 45 23 10 4 1 
389064|Child_Cross12|21|Mutated: 384 125 46 20 9 4 1 
389096|Child_Cross12|45: 371 138 54 23 10 4 1 
389117|Survivor|1: 401 128 59 24 9 4 1 
389143|Child_Cross12|25: 391 128 49 24 9 4 1 
389215|Child_CrossABC2|2: 457 134 45 21 10 4 1 
389235|Survivor|1: 404 125 52 20 9 4 1 
389252|Child_Levy|40: 403 125 46 21 10 4 1 
389258|Child_Avg|39: 410 120 42 19 10 4 1 
389266|Child_Cross21|18: 418 120 42 19 10 4 1 
389303|Child_CrossABC1|1: 355 107 43 19 10 4 1 
389393|Child_CrossABC1|1: 405 156 59 27 10 4 1 
389415|Survivor|1: 419 154 47 24 9 4 1 
389449|Child_CrossABC1|7: 353 137 47 24 9 4 1 
389464|Survivor|1: 378 142 43 24 9 4 1 
389553|Child_CrossABC1|7: 370 109 47 23 10 4 1 
389560|Child_CrossABC2|8: 393 113 45 21 10 4 1 
389608|Child_Avg|31: 438 156 58 23 10 4 1 
389646|Child_Levy|28: 486 180 59 21 10 4 1 
389662|Child_Cross21|22|Mutated: 406 138 57 21 10 4 1 
389819|Survivor|1: 455 121 43 20 9 4 1 
389843|Survivor|1: 479 145 69 21 10 4 1 
389851|Child_Avg|43: 379 117 57 21 10 4 1 
389852|Child_CrossABC1|1: 388 119 59 21 10 4 1 
389860|Child_CrossABC2|2: 371 115 50 21 10 4 1 
389866|Child_Cross21|50: 382 112 47 21 10 4 1 
389903|Child_CrossABC1|1: 374 137 46 24 9 4 1 
389993|Child_Levy|44: 467 144 59 27 10 4 1 
390008|Survivor|1: 410 155 58 23 10 4 1 
390010|Child_CrossABC2|8: 408 151 61 23 10 4 1 
390022|Child_Cross21|46: 400 148 54 23 10 4 1 
390024|Child_Avg|7: 386 150 54 23 10 4 1 
390043|Child_LevyP1|9: 374 145 50 24 9 4 1 
390086|Child_Avg|19: 345 130 58 23 10 4 1 
390097|Survivor|1: 611 157 55 23 10 4 1 
390101|Survivor|1: 584 157 55 23 10 4 1 
390104|Child_CrossABC1|7: 399 125 48 23 10 4 1 
390123|Child_CrossABC1|1: 380 117 50 24 9 4 1 
390129|Child_CrossABC2|2: 387 117 52 24 9 4 1 
390134|Child_Cross12|25: 397 121 50 24 9 4 1 
390136|Child_Levy|48: 486 151 54 23 10 4 1 
390243|Child_LevyP1|3: 425 121 47 24 9 4 1 
390292|Survivor|1: 469 130 46 24 9 4 1 
390352|Random|26: 669 185 87 32 13 4 1 
390359|Child_CrossABC1|1: 390 132 61 24 9 4 1 
390419|Child_Cross12|13: 459 181 66 28 13 4 1 
390426|Child_Avg|19|Mutated: 475 148 55 27 10 4 1 
390432|Child_CrossABC1|1: 441 150 54 23 10 4 1 
390435|Survivor|1: 416 147 51 23 10 4 1 
390440|Child_Avg|55: 433 137 52 24 9 4 1 
390472|Child_Cross21|38|Mutated: 394 141 59 24 9 4 1 
390502|Survivor|1: 360 137 52 24 9 4 1 
390508|Child_Cross12|53: 362 111 44 24 9 4 1 
390550|Survivor|1: 393 104 54 20 9 4 1 
390555|Child_Avg|47: 386 124 67 23 10 4 1 
390558|Child_Levy|24: 405 112 61 24 9 4 1 
390564|Child_CrossABC2|8: 384 141 52 24 9 4 1 
390652|Child_Avg|15: 440 129 56 25 9 4 1 
390656|Child_Cross21|42: 422 135 49 21 10 4 1 
390660|Survivor|1: 324 125 49 21 10 4 1 
390662|Survivor|1: 415 135 51 19 10 4 1 
390666|Child_LevyP1|3: 338 135 55 24 9 4 1 
390672|Survivor|1: 381 129 50 24 9 4 1 
390737|Survivor|1: 441 121 52 24 9 4 1 
390901|Child_Avg|3|Mutated: 369 118 50 24 9 4 1 
390912|Child_LevyABC1|11: 415 133 52 24 9 4 1 
390920|Child_CrossABC1|7: 408 132 53 24 9 4 1 
390924|Survivor|1|Mutated: 408 133 53 24 9 4 1 
390963|Survivor|1: 373 134 43 20 9 4 1 
390974|Child_CrossABC2|2: 395 154 52 20 9 4 1 
391030|Survivor|1: 421 133 43 20 9 4 1 
391033|Survivor|1: 557 174 52 24 9 4 1 
391060|Child_Cross12|37: 393 134 43 20 9 4 1 
391070|Survivor|1: 526 198 67 24 9 4 1 
391084|Child_Avg|7: 482 185 59 24 9 4 1 
391091|Child_LevyP1|9: 359 134 52 24 9 4 1 
391094|Survivor|1: 371 154 56 24 9 4 1 
391101|Child_Avg|15: 299 112 43 24 9 4 1 
391147|Survivor|1|Mutated: 411 136 67 21 10 4 1 
391178|Survivor|1: 371 113 39 20 9 4 1 
391211|Survivor|1: 429 149 55 27 10 4 1 
391217|Survivor|1: 512 150 55 27 10 4 1 
391232|Survivor|1: 503 150 56 27 10 4 1 
391235|Survivor|1: 493 145 55 27 10 4 1 
391237|Survivor|1: 466 144 53 27 10 4 1 
391252|Survivor|1: 464 164 53 27 10 4 1 
391256|Survivor|1: 455 148 47 23 10 4 1 
391267|Child_CrossABC2|2: 425 126 44 24 9 4 1 
391345|Child_CrossABC1|7: 457 122 46 24 9 4 1 
391348|Child_Levy|40: 451 139 60 21 10 4 1 
391351|Survivor|1: 443 138 56 21 10 4 1 
391359|Child_CrossABC1|7: 434 132 49 21 10 4 1 
391374|Child_Avg|47: 400 135 50 21 10 4 1 
391376|Child_Avg|19: 404 134 49 21 10 4 1 
391419|Child_CrossABC1|7: 302 113 46 20 9 4 1 
391501|Child_Cross21|14: 474 164 58 23 10 4 1 
391512|Child_Cross21|22|Mutated: 464 164 52 29 9 4 1 
391515|Survivor|1: 459 165 52 29 9 4 1 
391522|Survivor|1: 458 190 73 33 9 4 1 
391533|Child_Cross12|17: 377 138 49 24 9 4 1 
391543|Child_CrossABC1|7: 383 141 46 24 9 4 1 
391565|Child_Avg|59|Mutated: 431 122 52 24 9 4 1 
391582|Child_Cross12|49|Mutated: 383 135 52 24 9 4 1 
391613|Child_Avg|39: 579 160 62 19 10 4 1 
391673|Survivor|1: 406 128 44 25 9 4 1 
391722|Survivor|1|Mutated: 406 147 55 21 10 4 1 
391727|Survivor|1: 420 118 49 21 10 4 1 
391732|Child_Cross21|38: 398 118 47 21 10 4 1 
391738|Child_Cross12|13: 411 142 45 21 10 4 1 
391774|Child_CrossABC2|2: 398 146 59 21 10 4 1 
391940|Survivor|1: 299 122 43 20 9 4 1 
391947|Child_Cross21|50: 308 122 43 20 9 4 1 
391949|Child_Cross12|37: 298 121 43 20 9 4 1 
391954|Child_Avg|3: 302 122 43 20 9 4 1 
392052|Survivor|1: 358 144 61 29 9 4 1 
392073|Survivor|1: 354 121 47 24 9 4 1 
392084|Survivor|1: 355 131 47 25 9 4 1 
392096|Survivor|1: 447 187 59 24 9 4 1 
392100|Child_CrossABC1|7: 501 194 62 24 9 4 1 
392115|Survivor|1: 404 136 55 24 9 4 1 
392139|Child_Avg|7: 473 153 53 24 9 4 1 
392161|Child_CrossABC2|2: 349 140 43 24 9 4 1 
392192|Child_CrossABC1|1: 369 134 58 21 10 4 1 
392268|Child_Cross12|49: 532 166 59 27 10 4 1 
392271|Survivor|1|Mutated: 623 166 59 27 10 4 1 
392312|Child_Cross21|14|Mutated: 351 126 47 23 10 4 1 
392315|Child_Levy|16: 470 187 67 23 10 4 1 
392322|Survivor|1: 343 129 50 24 9 4 1 
392335|Child_Cross21|6: 367 114 51 23 10 4 1 
392353|Survivor|1: 359 121 43 24 9 4 1 
392355|Child_Cross12|13: 399 158 63 27 10 4 1 
392375|Survivor|1: 436 159 63 27 10 4 1 
392388|Child_Cross21|42|Mutated: 387 155 45 21 10 4 1 
392407|Child_Cross21|58: 389 142 45 21 10 4 1 
392418|Child_CrossABC1|7: 396 151 45 21 10 4 1 
392432|Child_CrossABC2|8: 396 135 46 21 10 4 1 
392438|Child_Avg|35: 407 133 45 19 10 4 1 
392521|Survivor|1: 368 128 49 25 9 4 1 
392537|Child_Levy|16: 602 169 65 24 9 4 1 
392548|Survivor|1|Mutated: 621 158 64 29 9 4 1 
392552|Survivor|1: 621 158 64 24 9 4 1 
392574|Child_Avg|39: 516 133 52 24 9 4 1 
392575|Child_Avg|39: 518 153 52 24 9 4 1 
392577|Survivor|1: 539 194 62 24 9 4 1 
392578|Child_Cross21|46: 470 152 56 21 10 4 1 
392590|Child_Levy|52: 423 122 47 24 9 4 1 
392604|Child_CrossABC1|7: 385 134 46 20 9 4 1 
392627|Child_Cross21|46: 354 113 47 23 10 4 1 
392643|Child_Avg|19: 416 139 62 27 10 4 1 
392648|Survivor|1: 308 126 45 21 10 4 1 
392653|Child_Avg|27: 410 125 52 20 9 4 1 
392659|Child_CrossABC2|2: 382 140 44 23 10 4 1 
392662|Child_Avg|55: 448 162 57 23 10 4 1 
392666|Child_LevyABC1|5|Mutated: 444 146 59 24 9 4 1 
392677|Child_CrossABC1|1: 471 139 59 24 9 4 1 
392698|Survivor|1: 454 127 52 24 9 4 1 
392700|Survivor|1: 421 174 65 24 9 4 1 
392708|Child_Levy|20: 558 161 54 23 10 4 1 
392724|Child_CrossABC1|1: 439 124 47 23 10 4 1 
392726|Child_Cross21|54: 393 117 44 23 10 4 1 
392739|Child_CrossABC1|1: 419 166 61 24 9 4 1 
392743|Child_CrossABC2|8: 412 136 55 24 9 4 1 
392747|Survivor|1: 396 137 62 24 9 4 1 
392748|Child_CrossABC2|2: 394 135 64 24 9 4 1 
392749|Child_Levy|8: 392 128 55 24 9 4 1 
392755|Child_CrossABC1|7: 419 131 53 24 9 4 1 
392757|Child_CrossABC1|1: 404 128 53 24 9 4 1 
392777|Child_CrossABC1|7: 399 138 52 24 9 4 1 
392855|Survivor|1: 446 124 64 23 10 4 1 
392858|Child_Levy|28: 419 124 56 21 10 4 1 
392859|Child_Cross12|17|Mutated: 424 114 51 23 10 4 1 
392911|Child_Cross12|33: 575 174 60 23 10 4 1 
392991|Survivor|1: 440 161 52 20 9 4 1 
393008|Survivor|1|Mutated: 424 118 53 25 9 4 1 
393033|Survivor|1: 425 108 43 24 9 4 1 
393037|Survivor|1: 462 136 51 19 10 4 1 
393126|Child_CrossABC1|1: 375 143 53 24 9 4 1 
393209|Child_Levy|52: 535 162 67 24 9 4 1 
393358|Child_CrossABC2|8: 475 125 47 23 10 4 1 
393361|Survivor|1: 538 133 49 24 9 4 1 
393412|Survivor|1: 438 186 49 24 9 4 1 
393424|Survivor|1: 598 194 67 24 11 4 1 
393425|Child_Avg|51|Mutated: 566 182 61 23 10 4 1 
393434|Child_CrossABC2|2: 407 142 55 24 9 4 1 
393493|Survivor|1: 408 115 44 24 9 4 1 
393573|Survivor|1: 405 153 56 24 11 4 1 
393574|Child_Levy|40: 408 154 61 24 9 4 1 
393580|Survivor|1: 347 141 49 24 9 4 1 
393582|Survivor|1: 358 140 49 24 9 4 1 
393607|Survivor|1: 361 126 45 21 10 4 1 
393616|Survivor|1: 363 124 41 19 10 4 1 
393656|Survivor|1: 352 123 44 23 10 4 1 
393673|Survivor|1: 363 111 43 20 9 4 1 
393701|Survivor|1: 393 119 51 23 10 4 1 
393728|Child_Cross12|49: 392 173 58 24 9 4 1 
393731|Child_CrossABC1|7: 435 131 56 24 9 4 1 
393734|Child_Cross12|41: 426 154 53 27 10 4 1 
393738|Survivor|1: 460 145 50 24 9 4 1 
393742|Child_CrossABC1|1: 422 139 49 24 9 4 1 
393745|Child_Avg|3: 437 134 47 24 9 4 1 
393746|Child_Avg|11: 446 137 46 24 9 4 1 
393752|Child_CrossABC1|1: 460 142 43 24 9 4 1 
393797|Child_Cross21|42: 386 142 49 24 9 4 1 
393909|Child_Cross21|50|Mutated: 389 116 50 24 9 4 1 
393933|Child_CrossABC1|7: 385 138 52 24 9 4 1 
393972|Child_Levy|16|Mutated: 397 136 47 24 9 4 1 
394012|Survivor|1: 406 130 44 19 10 4 1 
394016|Survivor|1: 469 137 46 21 10 4 1 
394018|Child_Levy|48: 416 132 55 23 10 4 1 
394022|Survivor|1: 432 137 52 24 9 4 1 
394086|Child_Cross12|25: 408 129 44 24 9 4 1 
394142|Child_Avg|11: 407 110 48 23 10 4 1 
394153|Child_Avg|51|Mutated: 394 113 52 24 9 4 1 
394195|Survivor|1: 429 135 51 19 10 4 1 
394217|Child_CrossABC1|7: 408 150 65 24 9 4 1 
394245|Survivor|1: 387 127 61 21 10 4 1 
394247|Child_Levy|28: 411 146 56 24 9 4 1 
394254|Child_Avg|35: 424 135 55 24 9 4 1 
394257|Child_CrossABC2|2: 420 137 55 24 9 4 1 
394258|Child_CrossABC1|1: 425 139 55 24 9 4 1 
394261|Child_Cross12|21: 456 143 52 24 9 4 1 
394322|Survivor|1: 423 158 59 27 10 4 1 
